Term,description,description,Category,Count,%,PValue,Genes,List Total,Count,Pop Total,Fold Enrichment,FDR
GO:0003677~DNA binding,DNA binding,"""Any molecular function by which a gene product interacts selectively and non-covalently with DNA (deoxyribonucleic acid)."" [GOC:dph, GOC:jl, GOC:tb, GOC:vw]",GOTERM_MF_DIRECT,5,100.0,0.002145535473393287,"MAPK1,ZNF382,MYT1,ZNF716,NR4A3",5,5,2542,7.964594807238395,0.002145535473393287
GO:0003700~DNA-binding transcription factor activity,DNA-binding transcription factor activity,"""A transcription regulator activity that modulates transcription of gene sets via selective and non-covalent binding to a specific double-stranded genomic DNA sequence (sometimes referred to as a motif) within a cis-regulatory region. Regulatory regions include promoters (proximal and distal) and enhancers. Genes are transcriptional units, and include bacterial operons."" [GOC:txnOH-2018]",GOTERM_MF_DIRECT,4,80.0,0.004239491973377596,"ZNF382,MYT1,ZNF716,NR4A3",5,4,1448,11.185635359116024,0.004239491973377596
GO:0140110~transcription regulator activity,transcription regulator activity,"""A molecular function that controls the rate, timing and/or magnitude of gene transcription. The function of transcriptional regulators is to modulate gene expression at the transcription step so that they are expressed in the right cell at the right time and in the right amount throughout the life of the cell and the organism. Genes are transcriptional units, and include bacterial operons."" [GOC:pg, GOC:txnOH-2018, Wikipedia:Transcription_factor]",GOTERM_MF_DIRECT,4,80.0,0.009183399035300324,"ZNF382,MYT1,ZNF716,NR4A3",5,4,1954,8.289048106448313,0.009183399035300324
GO:0006357~regulation of transcription by RNA polymerase II,regulation of transcription by RNA polymerase II,"""Any process that modulates the frequency, rate or extent of transcription mediated by RNA polymerase II."" [GOC:go_curators, GOC:txnOH]",GOTERM_BP_DIRECT,5,100.0,0.009945486360578529,"MAPK1,ZNF382,MYT1,ZNF716,NR4A3",5,5,2578,8.155934833204034,0.009945486360578529
GO:0006366~transcription by RNA polymerase II,transcription by RNA polymerase II,"""The synthesis of RNA from a DNA template by RNA polymerase II (RNAP II), originating at an RNA polymerase II promoter. Includes transcription of messenger RNA (mRNA) and certain small nuclear RNAs (snRNAs)."" [GOC:jl, GOC:txnOH, ISBN:0321000382]",GOTERM_BP_DIRECT,5,100.0,0.009945486360578529,"MAPK1,ZNF382,MYT1,ZNF716,NR4A3",5,5,2711,7.755809664330506,0.009945486360578529
GO:0006355~regulation of DNA-templated transcription,regulation of DNA-templated transcription,"""Any process that modulates the frequency, rate or extent of cellular DNA-templated transcription."" [GOC:go_curators, GOC:txnOH]",GOTERM_BP_DIRECT,5,100.0,0.01530900828014385,"MAPK1,ZNF382,MYT1,ZNF716,NR4A3",5,5,3409,6.167791141097095,0.01530900828014385
GO:0006351~DNA-templated transcription,DNA-templated transcription,"""The synthesis of an RNA transcript from a DNA template."" [GOC:jl, GOC:txnOH]",GOTERM_BP_DIRECT,5,100.0,0.01530900828014385,"MAPK1,ZNF382,MYT1,ZNF716,NR4A3",5,5,3549,5.924485770639617,0.01530900828014385
GO:2001141~regulation of RNA biosynthetic process,regulation of RNA biosynthetic process,"""Any process that modulates the frequency, rate or extent of RNA biosynthetic process."" [GOC:dph]",GOTERM_BP_DIRECT,5,100.0,0.01530900828014385,"MAPK1,ZNF382,MYT1,ZNF716,NR4A3",5,5,3428,6.133605600933489,0.01530900828014385
GO:0051252~regulation of RNA metabolic process,regulation of RNA metabolic process,"""Any process that modulates the frequency, rate or extent of the chemical reactions and pathways involving RNA."" [GOC:ai]",GOTERM_BP_DIRECT,5,100.0,0.015440001678089883,"MAPK1,ZNF382,MYT1,ZNF716,NR4A3",5,5,3687,5.702739354488744,0.015440001678089883
GO:0043167~ion binding,ion binding,"""Binding to an ion, a charged atoms or groups of atoms."" [GOC:jl]",GOTERM_MF_DIRECT,5,100.0,0.016069976866954022,"MAPK1,ZNF382,MYT1,ZNF716,NR4A3",5,5,6377,3.174847106790027,0.016069976866954022
GO:0036094~small molecule binding,small molecule binding,"""Binding to a small molecule, any low molecular weight, monomeric, non-encoded molecule."" [GOC:curators, GOC:pde, GOC:pm]",GOTERM_MF_DIRECT,5,100.0,0.016069976866954022,"MAPK1,ZNF382,MYT1,ZNF716,NR4A3",5,5,6577,3.0783031777406116,0.016069976866954022
GO:0035497~cAMP response element binding,cAMP response element binding,"""Binding to a cyclic AMP response element (CRE), a short palindrome-containing sequence found in the promoters of genes whose expression is regulated in response to cyclic AMP."" [PMID:2875459, PMID:2900470]",GOTERM_MF_DIRECT,1,20.0,0.016069976866954022,NR4A3,5,1,12,337.43333333333334,0.016069976866954022
GO:0035259~nuclear glucocorticoid receptor binding,nuclear glucocorticoid receptor binding,"""Binding to a nuclear glucocorticoid receptor."" [GOC:bf]",GOTERM_MF_DIRECT,1,20.0,0.016069976866954022,NR4A3,5,1,15,269.94666666666666,0.016069976866954022
GO:0008353~RNA polymerase II CTD heptapeptide repeat kinase activity,RNA polymerase II CTD heptapeptide repeat kinase activity,"""Catalysis of the reaction: ATP + RNA polymerase II large subunit CTD heptapeptide repeat (consensus YSPTSPS) = ADP + H+ + phosphorylated RNA polymerase II."" [EC:2.7.11.23, GOC:mah, PMID:28248323]",GOTERM_MF_DIRECT,1,20.0,0.016069976866954022,MAPK1,5,1,10,404.92,0.016069976866954022
GO:0001067~transcription regulatory region nucleic acid binding,transcription regulatory region nucleic acid binding,"""Binding to a nucleic acid region that regulates a nucleic acid-based process. Such processes include transcription, DNA replication, and DNA repair."" [GOC:txnOH]",GOTERM_MF_DIRECT,3,60.0,0.016069976866954022,"ZNF382,ZNF716,NR4A3",5,3,1486,8.174697173620457,0.016069976866954022
GO:0000977~RNA polymerase II transcription regulatory region sequence-specific DNA binding,RNA polymerase II transcription regulatory region sequence-specific DNA binding,"""Binding to a specific sequence of DNA that is part of a regulatory region that controls the transcription of a gene or cistron by RNA polymerase II."" [GOC:txnOH]",GOTERM_MF_DIRECT,3,60.0,0.016069976866954022,"ZNF382,ZNF716,NR4A3",5,3,1387,8.758183129055515,0.016069976866954022
GO:0004707~MAP kinase activity,MAP kinase activity,"""Catalysis of the reaction: protein + ATP = protein phosphate + ADP. This reaction is the phosphorylation of proteins. Mitogen-activated protein kinase; a family of protein kinases that perform a crucial step in relaying signals from the plasma membrane to the nucleus. They are activated by a wide range of proliferation- or differentiation-inducing signals; activation is strong with agonists such as polypeptide growth factors and tumor-promoting phorbol esters, but weak (in most cell backgrounds) by stress stimuli."" [GOC:ma, ISBN:0198547684]",GOTERM_MF_DIRECT,1,20.0,0.016069976866954022,MAPK1,5,1,16,253.07500000000002,0.016069976866954022
GO:1990837~sequence-specific double-stranded DNA binding,sequence-specific double-stranded DNA binding,"""Binding to double-stranded DNA of a specific nucleotide composition, e.g. GC-rich DNA binding, or with a specific sequence motif or type of DNA, e.g. promotor binding or rDNA binding."" [GOC:dos, GOC:sl]",GOTERM_MF_DIRECT,3,60.0,0.016069976866954022,"ZNF382,ZNF716,NR4A3",5,3,1547,7.8523594053005805,0.016069976866954022
GO:0000978~RNA polymerase II cis-regulatory region sequence-specific DNA binding,RNA polymerase II cis-regulatory region sequence-specific DNA binding,"""Binding to a specific upstream regulatory DNA sequence (transcription factor recognition sequence or binding site) located in cis relative to the transcription start site (i.e., on the same strand of DNA) of a gene transcribed by RNA polymerase II."" [GOC:txnOH-2018]",GOTERM_MF_DIRECT,3,60.0,0.016069976866954022,"ZNF382,ZNF716,NR4A3",5,3,1183,10.268469991546914,0.016069976866954022
"GO:0000981~DNA-binding transcription factor activity, RNA polymerase II-specific","DNA-binding transcription factor activity, RNA polymerase II-specific","""A DNA-binding transcription factor activity that modulates the transcription of specific gene sets transcribed by RNA polymerase II."" [GOC:txnOH-2018]",GOTERM_MF_DIRECT,3,60.0,0.016069976866954022,"MYT1,ZNF716,NR4A3",5,3,1360,8.932058823529411,0.016069976866954022
GO:0003676~nucleic acid binding,nucleic acid binding,"""Binding to a nucleic acid."" [GOC:jl]",GOTERM_MF_DIRECT,5,100.0,0.016069976866954022,"MAPK1,ZNF382,MYT1,ZNF716,NR4A3",5,5,5433,3.726486287502301,0.016069976866954022
GO:0000987~cis-regulatory region sequence-specific DNA binding,cis-regulatory region sequence-specific DNA binding,"""Binding to a specific upstream regulatory DNA sequence (transcription factor recognition sequence or binding site, located in cis relative to the transcription start site (i.e., on the same strand of DNA) of a gene transcribed by some RNA polymerase. Cis-regulatory sites are often referred to as a sequence motifs, enhancers, or silencers."" [GOC:txnOH-2018]",GOTERM_MF_DIRECT,3,60.0,0.016069976866954022,"ZNF382,ZNF716,NR4A3",5,3,1206,10.072636815920397,0.016069976866954022
GO:0000976~transcription cis-regulatory region binding,transcription cis-regulatory region binding,"""Binding to a specific sequence of DNA that is part of a regulatory region that controls transcription of that section of the DNA. The transcribed region might be described as a gene, cistron, or operon."" [GOC:txnOH]",GOTERM_MF_DIRECT,3,60.0,0.016069976866954022,"ZNF382,ZNF716,NR4A3",5,3,1485,8.18020202020202,0.016069976866954022
GO:0038097~positive regulation of mast cell activation by Fc-epsilon receptor signaling pathway,positive regulation of mast cell activation by Fc-epsilon receptor signaling pathway,"""An Fc-epsilon receptor signaling pathway that results in the change in morphology and behavior of a mast cell resulting from exposure to a cytokine, chemokine, soluble factor, or to (at least in mammals) an antigen which the mast cell has specifically bound via IgE bound to Fc-epsilonRI receptors."" [GOC:phg, PMID:12413516]",GOTERM_BP_DIRECT,1,20.0,0.01719083283359639,NR4A3,5,1,1,4205.2,0.01719083283359639
GO:0019219~regulation of nucleobase-containing compound metabolic process,regulation of nucleobase-containing compound metabolic process,"""Any cellular process that modulates the frequency, rate or extent of the chemical reactions and pathways involving nucleobases, nucleosides, nucleotides and nucleic acids."" [GOC:go_curators]",GOTERM_BP_DIRECT,5,100.0,0.01719083283359639,"MAPK1,ZNF382,MYT1,ZNF716,NR4A3",5,5,3990,5.269674185463659,0.01719083283359639
GO:0003690~double-stranded DNA binding,double-stranded DNA binding,"""Binding to double-stranded DNA."" [GOC:elh, GOC:vw]",GOTERM_MF_DIRECT,3,60.0,0.01751930974702642,"ZNF382,ZNF716,NR4A3",5,3,1644,7.389051094890511,0.01751930974702642
GO:0043565~sequence-specific DNA binding,sequence-specific DNA binding,"""Binding to DNA of a specific nucleotide composition, e.g. GC-rich DNA binding, or with a specific sequence motif or type of DNA e.g. promotor binding or rDNA binding."" [GOC:jl]",GOTERM_MF_DIRECT,3,60.0,0.01751930974702642,"ZNF382,ZNF716,NR4A3",5,3,1657,7.331080265540132,0.01751930974702642
REAC:R-HSA-73857~RNA Polymerase II Transcription,RNA Polymerase II Transcription,RNA Polymerase II Transcription,REACTOME_PATHWAY,4,100.0,0.019924443511107847,"MAPK1,ZNF382,ZNF716,NR4A3",4,4,1355,8.121033210332104,0.019924443511107847
REAC:R-HSA-212436~Generic Transcription Pathway,Generic Transcription Pathway,Generic Transcription Pathway,REACTOME_PATHWAY,4,100.0,0.019924443511107847,"MAPK1,ZNF382,ZNF716,NR4A3",4,4,1234,8.917341977309562,0.019924443511107847
REAC:R-HSA-74160~Gene expression (Transcription),Gene expression (Transcription),Gene expression (Transcription),REACTOME_PATHWAY,4,100.0,0.02093300995943918,"MAPK1,ZNF382,ZNF716,NR4A3",4,4,1518,7.24901185770751,0.02093300995943918
GO:0140994~RNA polymerase II CTD heptapeptide repeat modifying activity,RNA polymerase II CTD heptapeptide repeat modifying activity,"""A catalytic activity that acts on the RNA polymerase II large subunit CTD heptapeptide repeat (consensus YSPTSPS). Reversible modifications cof the RNA polymerase II CTD repeats contribute to regulation of RNA polymerase activity."" [GOC:pg]",GOTERM_MF_DIRECT,1,20.0,0.021045597791986302,MAPK1,5,1,25,161.96800000000002,0.021045597791986302
GO:0003707~nuclear steroid receptor activity,nuclear steroid receptor activity,"""A nuclear receptor activity regulated by steroid binding and modulating the transcription of specific gene sets transcribed by RNA polymerase II."" [GOC:signaling, PMID:14708019]",GOTERM_MF_DIRECT,1,20.0,0.021045597791986302,NR4A3,5,1,26,155.73846153846154,0.021045597791986302
GO:0043401~steroid hormone receptor signaling pathway,steroid hormone receptor signaling pathway,"""The series of molecular signals mediated by a steroid hormone binding to a receptor."" [PMID:12606724]",GOTERM_BP_DIRECT,2,40.0,0.026267847440641562,"MAPK1,NR4A3",5,2,138,60.94492753623189,0.026267847440641562
GO:0019858~cytosine metabolic process,cytosine metabolic process,"""The chemical reactions and pathways involving cytosine, 4-amino-2-hydroxypyrimidine, a pyrimidine derivative that is one of the five main bases found in nucleic acids; it occurs widely in cytidine derivatives."" [GOC:ai]",GOTERM_BP_DIRECT,1,20.0,0.026631158093935348,MAPK1,5,1,2,2102.6,0.026631158093935348
GO:0046872~metal ion binding,metal ion binding,"""Binding to a metal ion."" [GOC:ai]",GOTERM_MF_DIRECT,4,80.0,0.028774447927208437,"ZNF382,MYT1,ZNF716,NR4A3",5,4,4396,3.6844404003639677,0.028774447927208437
GO:0043169~cation binding,cation binding,"""Binding to a cation, a charged atom or group of atoms with a net positive charge."" [GOC:jl]",GOTERM_MF_DIRECT,4,80.0,0.029946213865667322,"ZNF382,MYT1,ZNF716,NR4A3",5,4,4495,3.6032925472747497,0.029946213865667322
WP:WP4767~FGFR3 signaling in chondrocyte proliferation and terminal differentiation,FGFR3 signaling in chondrocyte proliferation and terminal differentiation,FGFR3 signaling in chondrocyte proliferation and terminal differentiation,WIKIPATHWAYS,1,33.33333333333333,0.030264724741825955,MAPK1,3,1,27,108.04938271604938,0.030264724741825955
WP:WP5036~Angiotensin II receptor type 1 pathway,Angiotensin II receptor type 1 pathway,Angiotensin II receptor type 1 pathway,WIKIPATHWAYS,1,33.33333333333333,0.030264724741825955,MAPK1,3,1,28,104.19047619047618,0.030264724741825955
WP:WP3995~Prion disease pathway,Prion disease pathway,Prion disease pathway,WIKIPATHWAYS,1,33.33333333333333,0.030264724741825955,MAPK1,3,1,33,88.4040404040404,0.030264724741825955
WP:WP3981~miRNA regulation of prostate cancer signaling,miRNA regulation of prostate cancer signaling,miRNA regulation of prostate cancer signaling,WIKIPATHWAYS,1,33.33333333333333,0.030264724741825955,MAPK1,3,1,31,94.10752688172043,0.030264724741825955
WP:WP422~MAPK cascade,MAPK cascade,MAPK cascade,WIKIPATHWAYS,1,33.33333333333333,0.030264724741825955,MAPK1,3,1,33,88.4040404040404,0.030264724741825955
WP:WP4301~Inhibition of exosome biogenesis and secretion by manumycin A in CRPC cells,Inhibition of exosome biogenesis and secretion by manumycin A in CRPC cells,Inhibition of exosome biogenesis and secretion by manumycin A in CRPC cells,WIKIPATHWAYS,1,33.33333333333333,0.030264724741825955,MAPK1,3,1,18,162.07407407407408,0.030264724741825955
WP:WP4304~Oligodendrocyte specification and differentiation leading to myelin components for CNS,Oligodendrocyte specification and differentiation leading to myelin components for CNS,Oligodendrocyte specification and differentiation leading to myelin components for CNS,WIKIPATHWAYS,1,33.33333333333333,0.030264724741825955,MYT1,3,1,30,97.24444444444444,0.030264724741825955
WP:WP4331~Neovascularization processes,Neovascularization processes,Neovascularization processes,WIKIPATHWAYS,1,33.33333333333333,0.030264724741825955,MAPK1,3,1,37,78.84684684684683,0.030264724741825955
WP:WP4389~Bile acid synthesis and enterohepatic circulation ,Bile acid synthesis and enterohepatic circulation ,Bile acid synthesis and enterohepatic circulation ,WIKIPATHWAYS,1,33.33333333333333,0.030264724741825955,MAPK1,3,1,12,243.11111111111111,0.030264724741825955
WP:WP4478~LTF danger signal response pathway,LTF danger signal response pathway,LTF danger signal response pathway,WIKIPATHWAYS,1,33.33333333333333,0.030264724741825955,MAPK1,3,1,19,153.5438596491228,0.030264724741825955
WP:WP4481~Resistin as a regulator of inflammation,Resistin as a regulator of inflammation,Resistin as a regulator of inflammation,WIKIPATHWAYS,1,33.33333333333333,0.030264724741825955,MAPK1,3,1,33,88.4040404040404,0.030264724741825955
WP:WP49~IL2 signaling,IL2 signaling,IL2 signaling,WIKIPATHWAYS,1,33.33333333333333,0.030264724741825955,MAPK1,3,1,37,78.84684684684683,0.030264724741825955
WP:WP244~Alpha 6 beta 4 signaling,Alpha 6 beta 4 signaling,Alpha 6 beta 4 signaling,WIKIPATHWAYS,1,33.33333333333333,0.030264724741825955,MAPK1,3,1,33,88.4040404040404,0.030264724741825955
WP:WP4483~Relationship between inflammation COX 2 and EGFR,Relationship between inflammation COX 2 and EGFR,Relationship between inflammation COX 2 and EGFR,WIKIPATHWAYS,1,33.33333333333333,0.030264724741825955,MAPK1,3,1,25,116.69333333333333,0.030264724741825955
WP:WP4553~FBXL10 enhancement of MAP ERK signaling in diffuse large B cell lymphoma,FBXL10 enhancement of MAP ERK signaling in diffuse large B cell lymphoma,FBXL10 enhancement of MAP ERK signaling in diffuse large B cell lymphoma,WIKIPATHWAYS,1,33.33333333333333,0.030264724741825955,MAPK1,3,1,33,88.4040404040404,0.030264724741825955
WP:WP4969~RAS and bradykinin pathways in COVID 19,RAS and bradykinin pathways in COVID 19,RAS and bradykinin pathways in COVID 19,WIKIPATHWAYS,1,33.33333333333333,0.030264724741825955,MAPK1,3,1,29,100.59770114942529,0.030264724741825955
WP:WP4875~Disruption of postsynaptic signaling by CNV,Disruption of postsynaptic signaling by CNV,Disruption of postsynaptic signaling by CNV,WIKIPATHWAYS,1,33.33333333333333,0.030264724741825955,MAPK1,3,1,33,88.4040404040404,0.030264724741825955
WP:WP4872~MAP3K1 role in promoting and blocking gonadal determination,MAP3K1 role in promoting and blocking gonadal determination,MAP3K1 role in promoting and blocking gonadal determination,WIKIPATHWAYS,1,33.33333333333333,0.030264724741825955,MAPK1,3,1,17,171.6078431372549,0.030264724741825955
WP:WP5121~Sphingolipid metabolism in senescence,Sphingolipid metabolism in senescence,Sphingolipid metabolism in senescence,WIKIPATHWAYS,1,33.33333333333333,0.030264724741825955,MAPK1,3,1,28,104.19047619047618,0.030264724741825955
WP:WP5074~Kallmann syndrome,Kallmann syndrome,Kallmann syndrome,WIKIPATHWAYS,1,33.33333333333333,0.030264724741825955,MAPK1,3,1,24,121.55555555555556,0.030264724741825955
WP:WP4838~Regucalcin in proximal tubule epithelial kidney cells,Regucalcin in proximal tubule epithelial kidney cells,Regucalcin in proximal tubule epithelial kidney cells,WIKIPATHWAYS,1,33.33333333333333,0.030264724741825955,MAPK1,3,1,31,94.10752688172043,0.030264724741825955
WP:WP4560~MFAP5 effect on permeability and motility of endothelial cells via cytoskeleton rearrangement,MFAP5 effect on permeability and motility of endothelial cells via cytoskeleton rearrangement,MFAP5 effect on permeability and motility of endothelial cells via cytoskeleton rearrangement,WIKIPATHWAYS,1,33.33333333333333,0.030264724741825955,MAPK1,3,1,18,162.07407407407408,0.030264724741825955
WP:WP2868~TCA cycle nutrient use and invasiveness of ovarian cancer,TCA cycle nutrient use and invasiveness of ovarian cancer,TCA cycle nutrient use and invasiveness of ovarian cancer,WIKIPATHWAYS,1,33.33333333333333,0.030264724741825955,MAPK1,3,1,5,583.4666666666666,0.030264724741825955
WP:WP734~Serotonin receptor 4 6 7 and NR3C signaling,Serotonin receptor 4 6 7 and NR3C signaling,Serotonin receptor 4 6 7 and NR3C signaling,WIKIPATHWAYS,1,33.33333333333333,0.030264724741825955,MAPK1,3,1,19,153.5438596491228,0.030264724741825955
WP:WP26~S1P receptor signal transduction,S1P receptor signal transduction,S1P receptor signal transduction,WIKIPATHWAYS,1,33.33333333333333,0.030264724741825955,MAPK1,3,1,25,116.69333333333333,0.030264724741825955
WP:WP2203~Thymic stromal lymphopoietin TSLP signaling,Thymic stromal lymphopoietin TSLP signaling,Thymic stromal lymphopoietin TSLP signaling,WIKIPATHWAYS,1,33.33333333333333,0.030264724741825955,MAPK1,3,1,36,81.03703703703704,0.030264724741825955
WP:WP22~IL9 signaling,IL9 signaling,IL9 signaling,WIKIPATHWAYS,1,33.33333333333333,0.030264724741825955,MAPK1,3,1,16,182.33333333333331,0.030264724741825955
WP:WP2197~Endothelin pathways,Endothelin pathways,Endothelin pathways,WIKIPATHWAYS,1,33.33333333333333,0.030264724741825955,MAPK1,3,1,32,91.16666666666666,0.030264724741825955
WP:WP2112~IL17 signaling,IL17 signaling,IL17 signaling,WIKIPATHWAYS,1,33.33333333333333,0.030264724741825955,MAPK1,3,1,32,91.16666666666666,0.030264724741825955
WP:WP205~IL7 signaling,IL7 signaling,IL7 signaling,WIKIPATHWAYS,1,33.33333333333333,0.030264724741825955,MAPK1,3,1,20,145.86666666666665,0.030264724741825955
WP:WP2036~TNF related weak inducer of apoptosis TWEAK signaling,TNF related weak inducer of apoptosis TWEAK signaling,TNF related weak inducer of apoptosis TWEAK signaling,WIKIPATHWAYS,1,33.33333333333333,0.030264724741825955,MAPK1,3,1,38,76.7719298245614,0.030264724741825955
WP:WP2035~Follicle stimulating hormone FSH signaling,Follicle stimulating hormone FSH signaling,Follicle stimulating hormone FSH signaling,WIKIPATHWAYS,1,33.33333333333333,0.030264724741825955,MAPK1,3,1,24,121.55555555555556,0.030264724741825955
WP:WP1984~Integrated breast cancer pathway,Integrated breast cancer pathway,Integrated breast cancer pathway,WIKIPATHWAYS,2,66.66666666666666,0.030264724741825955,"MAPK1,MYT1",3,2,152,38.3859649122807,0.030264724741825955
WP:WP1981~Thyroxine thyroid hormone production,Thyroxine thyroid hormone production,Thyroxine thyroid hormone production,WIKIPATHWAYS,1,33.33333333333333,0.030264724741825955,MAPK1,3,1,25,116.69333333333333,0.030264724741825955
WP:WP262~Ebstein Barr virus LMP1 signaling,Ebstein Barr virus LMP1 signaling,Ebstein Barr virus LMP1 signaling,WIKIPATHWAYS,1,33.33333333333333,0.030264724741825955,MAPK1,3,1,23,126.84057971014492,0.030264724741825955
WP:WP1584~Type II diabetes mellitus,Type II diabetes mellitus,Type II diabetes mellitus,WIKIPATHWAYS,1,33.33333333333333,0.030264724741825955,MAPK1,3,1,21,138.9206349206349,0.030264724741825955
WP:WP1539~Angiogenesis,Angiogenesis,Angiogenesis,WIKIPATHWAYS,1,33.33333333333333,0.030264724741825955,MAPK1,3,1,24,121.55555555555556,0.030264724741825955
WP:WP3888~VEGFA VEGFR2 signaling,VEGFA VEGFR2 signaling,VEGFA VEGFR2 signaling,WIKIPATHWAYS,2,66.66666666666666,0.030264724741825955,"MAPK1,NR4A3",3,2,430,13.568992248062015,0.030264724741825955
WP:WP1528~Physiological and pathological hypertrophy of the heart,Physiological and pathological hypertrophy of the heart,Physiological and pathological hypertrophy of the heart,WIKIPATHWAYS,1,33.33333333333333,0.030264724741825955,MAPK1,3,1,24,121.55555555555556,0.030264724741825955
WP:WP127~IL5 signaling,IL5 signaling,IL5 signaling,WIKIPATHWAYS,1,33.33333333333333,0.030264724741825955,MAPK1,3,1,37,78.84684684684683,0.030264724741825955
WP:WP2643~Nanoparticle mediated activation of receptor signaling,Nanoparticle mediated activation of receptor signaling,Nanoparticle mediated activation of receptor signaling,WIKIPATHWAYS,1,33.33333333333333,0.030264724741825955,MAPK1,3,1,28,104.19047619047618,0.030264724741825955
WP:WP516~Exercise and hypertrophy in skeletal muscle,Exercise and hypertrophy in skeletal muscle,Exercise and hypertrophy in skeletal muscle,WIKIPATHWAYS,1,33.33333333333333,0.030264724741825955,NR4A3,3,1,20,145.86666666666665,0.030264724741825955
WP:WP313~Hepatocyte growth factor receptor signaling,Hepatocyte growth factor receptor signaling,Hepatocyte growth factor receptor signaling,WIKIPATHWAYS,1,33.33333333333333,0.030264724741825955,MAPK1,3,1,34,85.80392156862744,0.030264724741825955
WP:WP3301~MFAP5 mediated ovarian cancer cell motility and invasiveness,MFAP5 mediated ovarian cancer cell motility and invasiveness,MFAP5 mediated ovarian cancer cell motility and invasiveness,WIKIPATHWAYS,1,33.33333333333333,0.030264724741825955,MAPK1,3,1,13,224.4102564102564,0.030264724741825955
WP:WP3668~Hypothesized pathways in pathogenesis of cardiovascular disease,Hypothesized pathways in pathogenesis of cardiovascular disease,Hypothesized pathways in pathogenesis of cardiovascular disease,WIKIPATHWAYS,1,33.33333333333333,0.030264724741825955,MAPK1,3,1,25,116.69333333333333,0.030264724741825955
WP:WP3676~BDNF TrkB signaling,BDNF TrkB signaling,BDNF TrkB signaling,WIKIPATHWAYS,1,33.33333333333333,0.030264724741825955,MAPK1,3,1,33,88.4040404040404,0.030264724741825955
WP:WP3849~MAPK and NFkB signaling inhibited by Yersinia YopJ,MAPK and NFkB signaling inhibited by Yersinia YopJ,MAPK and NFkB signaling inhibited by Yersinia YopJ,WIKIPATHWAYS,1,33.33333333333333,0.030264724741825955,MAPK1,3,1,12,243.11111111111111,0.030264724741825955
WP:WP3853~ERK pathway in Huntington 39 s disease,ERK pathway in Huntington 39 s disease,ERK pathway in Huntington 39 s disease,WIKIPATHWAYS,1,33.33333333333333,0.030264724741825955,MAPK1,3,1,17,171.6078431372549,0.030264724741825955
WP:WP3858~Toll like receptor signaling related to MyD88,Toll like receptor signaling related to MyD88,Toll like receptor signaling related to MyD88,WIKIPATHWAYS,1,33.33333333333333,0.030264724741825955,MAPK1,3,1,31,94.10752688172043,0.030264724741825955
WP:WP3859~TGF beta signaling in thyroid cells for epithelial mesenchymal transition,TGF beta signaling in thyroid cells for epithelial mesenchymal transition,TGF beta signaling in thyroid cells for epithelial mesenchymal transition,WIKIPATHWAYS,1,33.33333333333333,0.030264724741825955,MAPK1,3,1,19,153.5438596491228,0.030264724741825955
WP:WP3869~Cannabinoid receptor signaling,Cannabinoid receptor signaling,Cannabinoid receptor signaling,WIKIPATHWAYS,1,33.33333333333333,0.030264724741825955,MAPK1,3,1,29,100.59770114942529,0.030264724741825955
WP:WP3879~4 hydroxytamoxifen dexamethasone and retinoic acids regulation of p27 expression,4 hydroxytamoxifen dexamethasone and retinoic acids regulation of p27 expression,4 hydroxytamoxifen dexamethasone and retinoic acids regulation of p27 expression,WIKIPATHWAYS,1,33.33333333333333,0.030264724741825955,MAPK1,3,1,25,116.69333333333333,0.030264724741825955
WP:WP1434~Osteopontin signaling,Osteopontin signaling,Osteopontin signaling,WIKIPATHWAYS,1,33.33333333333333,0.030264724741825955,MAPK1,3,1,13,224.4102564102564,0.030264724741825955
WP:WP5215~Targeted agents in triple negative breast cancer,Targeted agents in triple negative breast cancer,Targeted agents in triple negative breast cancer,WIKIPATHWAYS,1,33.33333333333333,0.030264724741825955,MAPK1,3,1,38,76.7719298245614,0.030264724741825955
WP:WP4877~Host pathogen interaction of human coronaviruses MAPK signaling,Host pathogen interaction of human coronaviruses MAPK signaling,Host pathogen interaction of human coronaviruses MAPK signaling,WIKIPATHWAYS,1,33.33333333333333,0.030264724741825955,MAPK1,3,1,36,81.03703703703704,0.030264724741825955
WP:WP5221~2q11 2 copy number variation syndrome,2q11 2 copy number variation syndrome,2q11 2 copy number variation syndrome,WIKIPATHWAYS,1,33.33333333333333,0.030264724741825955,MAPK1,3,1,33,88.4040404040404,0.030264724741825955
WP:WP5365~4p16 3 copy number variation,4p16 3 copy number variation,4p16 3 copy number variation,WIKIPATHWAYS,1,33.33333333333333,0.030264724741825955,MAPK1,3,1,32,91.16666666666666,0.030264724741825955
WP:WP5366~NF1 copy number variation syndrome ,NF1 copy number variation syndrome ,NF1 copy number variation syndrome ,WIKIPATHWAYS,2,66.66666666666666,0.030264724741825955,"MAPK1,MYT1",3,2,107,54.52959501557632,0.030264724741825955
WP:WP5385~Growth factors and hormones in beta cell proliferation,Growth factors and hormones in beta cell proliferation,Growth factors and hormones in beta cell proliferation,WIKIPATHWAYS,1,33.33333333333333,0.030264724741825955,MAPK1,3,1,26,112.2051282051282,0.030264724741825955
WP:WP5399~NPHP1 deletion syndrome,NPHP1 deletion syndrome,NPHP1 deletion syndrome,WIKIPATHWAYS,1,33.33333333333333,0.030264724741825955,MAPK1,3,1,11,265.2121212121212,0.030264724741825955
WP:WP5422~IL19 signaling,IL19 signaling,IL19 signaling,WIKIPATHWAYS,1,33.33333333333333,0.030264724741825955,MAPK1,3,1,28,104.19047619047618,0.030264724741825955
WP:WP5437~GNAQ pathways in port wine stain,GNAQ pathways in port wine stain,GNAQ pathways in port wine stain,WIKIPATHWAYS,1,33.33333333333333,0.030264724741825955,MAPK1,3,1,21,138.9206349206349,0.030264724741825955
WP:WP5485~Post COVID neuroinflammation,Post COVID neuroinflammation,Post COVID neuroinflammation,WIKIPATHWAYS,1,33.33333333333333,0.030264724741825955,MAPK1,3,1,23,126.84057971014492,0.030264724741825955
WP:WP5490~Inhibition of GNAQ regulated signaling in uveal melanoma,Inhibition of GNAQ regulated signaling in uveal melanoma,Inhibition of GNAQ regulated signaling in uveal melanoma,WIKIPATHWAYS,1,33.33333333333333,0.030264724741825955,MAPK1,3,1,33,88.4040404040404,0.030264724741825955
WP:WP5496~Targeted therapy in breast cancer,Targeted therapy in breast cancer,Targeted therapy in breast cancer,WIKIPATHWAYS,1,33.33333333333333,0.030264724741825955,MAPK1,3,1,26,112.2051282051282,0.030264724741825955
WP:WP5497~Cyclin dependent kinase 4 6 inhibitors in breast cancer,Cyclin dependent kinase 4 6 inhibitors in breast cancer,Cyclin dependent kinase 4 6 inhibitors in breast cancer,WIKIPATHWAYS,1,33.33333333333333,0.030264724741825955,MAPK1,3,1,38,76.7719298245614,0.030264724741825955
WP:WP5500~Bempedoic acid therapy in atherosclerosis and metabolic syndrome,Bempedoic acid therapy in atherosclerosis and metabolic syndrome,Bempedoic acid therapy in atherosclerosis and metabolic syndrome,WIKIPATHWAYS,1,33.33333333333333,0.030264724741825955,MAPK1,3,1,26,112.2051282051282,0.030264724741825955
WP:WP5269~Genetic causes of porto sinusoidal vascular disease,Genetic causes of porto sinusoidal vascular disease,Genetic causes of porto sinusoidal vascular disease,WIKIPATHWAYS,1,33.33333333333333,0.030264724741825955,MAPK1,3,1,37,78.84684684684683,0.030264724741825955
WP:WP5530~MAPK signaling and ARTD family members,MAPK signaling and ARTD family members,MAPK signaling and ARTD family members,WIKIPATHWAYS,1,33.33333333333333,0.030264724741825955,MAPK1,3,1,32,91.16666666666666,0.030264724741825955
WP:WP5344~Cardiomyocyte signaling converging on titin,Cardiomyocyte signaling converging on titin,Cardiomyocyte signaling converging on titin,WIKIPATHWAYS,1,33.33333333333333,0.030264724741825955,MAPK1,3,1,33,88.4040404040404,0.030264724741825955
WP:WP581~EPO receptor signaling,EPO receptor signaling,EPO receptor signaling,WIKIPATHWAYS,1,33.33333333333333,0.030264724741825955,MAPK1,3,1,26,112.2051282051282,0.030264724741825955
WP:WP732~Serotonin receptor 2 and ELK SRF GATA4 signaling,Serotonin receptor 2 and ELK SRF GATA4 signaling,Serotonin receptor 2 and ELK SRF GATA4 signaling,WIKIPATHWAYS,1,33.33333333333333,0.030264724741825955,MAPK1,3,1,20,145.86666666666665,0.030264724741825955
WP:WP5231~Hippocampal synaptogenesis and neurogenesis,Hippocampal synaptogenesis and neurogenesis,Hippocampal synaptogenesis and neurogenesis,WIKIPATHWAYS,1,33.33333333333333,0.030264724741825955,MAPK1,3,1,24,121.55555555555556,0.030264724741825955
WP:WP712~Estrogen signaling,Estrogen signaling,Estrogen signaling,WIKIPATHWAYS,1,33.33333333333333,0.030264724741825955,MAPK1,3,1,23,126.84057971014492,0.030264724741825955
WP:WP722~Serotonin HTR1 group and FOS pathway,Serotonin HTR1 group and FOS pathway,Serotonin HTR1 group and FOS pathway,WIKIPATHWAYS,1,33.33333333333333,0.030264724741825955,MAPK1,3,1,37,78.84684684684683,0.030264724741825955
WP:WP2828~Bladder cancer,Bladder cancer,Bladder cancer,WIKIPATHWAYS,1,33.33333333333333,0.0306253020226581,MAPK1,3,1,40,72.93333333333332,0.0306253020226581
WP:WP2526~PDGF pathway,PDGF pathway,PDGF pathway,WIKIPATHWAYS,1,33.33333333333333,0.0306253020226581,MAPK1,3,1,40,72.93333333333332,0.0306253020226581
WP:WP4871~Kisspeptin kisspeptin receptor system in the ovary,Kisspeptin kisspeptin receptor system in the ovary,Kisspeptin kisspeptin receptor system in the ovary,WIKIPATHWAYS,1,33.33333333333333,0.0306253020226581,MAPK1,3,1,39,74.80341880341881,0.0306253020226581
WP:WP2636~Common pathways underlying drug addiction,Common pathways underlying drug addiction,Common pathways underlying drug addiction,WIKIPATHWAYS,1,33.33333333333333,0.030990033991520016,MAPK1,3,1,41,71.15447154471545,0.030990033991520016
WP:WP4535~Envelope proteins and their potential roles in EDMD physiopathology,Envelope proteins and their potential roles in EDMD physiopathology,Envelope proteins and their potential roles in EDMD physiopathology,WIKIPATHWAYS,1,33.33333333333333,0.031259029562364815,MAPK1,3,1,46,63.42028985507246,0.031259029562364815
WP:WP5347~IL26 signaling,IL26 signaling,IL26 signaling,WIKIPATHWAYS,1,33.33333333333333,0.031259029562364815,MAPK1,3,1,46,63.42028985507246,0.031259029562364815
WP:WP5373~Osteoarthritic chondrocyte hypertrophy,Osteoarthritic chondrocyte hypertrophy,Osteoarthritic chondrocyte hypertrophy,WIKIPATHWAYS,1,33.33333333333333,0.031259029562364815,MAPK1,3,1,50,58.346666666666664,0.031259029562364815
WP:WP395~IL4 signaling,IL4 signaling,IL4 signaling,WIKIPATHWAYS,1,33.33333333333333,0.031259029562364815,MAPK1,3,1,50,58.346666666666664,0.031259029562364815
WP:WP2586~Aryl hydrocarbon receptor pathway,Aryl hydrocarbon receptor pathway,Aryl hydrocarbon receptor pathway,WIKIPATHWAYS,1,33.33333333333333,0.031259029562364815,MAPK1,3,1,46,63.42028985507246,0.031259029562364815
WP:WP5346~8p23 1 copy number variation syndrome,8p23 1 copy number variation syndrome,8p23 1 copy number variation syndrome,WIKIPATHWAYS,1,33.33333333333333,0.031259029562364815,MAPK1,3,1,54,54.02469135802469,0.031259029562364815
WP:WP4566~Translation inhibitors in chronically activated PDGFRA cells,Translation inhibitors in chronically activated PDGFRA cells,Translation inhibitors in chronically activated PDGFRA cells,WIKIPATHWAYS,1,33.33333333333333,0.031259029562364815,MAPK1,3,1,46,63.42028985507246,0.031259029562364815
WP:WP4539~Synaptic signaling associated with autism spectrum disorder,Synaptic signaling associated with autism spectrum disorder,Synaptic signaling associated with autism spectrum disorder,WIKIPATHWAYS,1,33.33333333333333,0.031259029562364815,MAPK1,3,1,50,58.346666666666664,0.031259029562364815
WP:WP2332~IL11 signaling,IL11 signaling,IL11 signaling,WIKIPATHWAYS,1,33.33333333333333,0.031259029562364815,MAPK1,3,1,44,66.3030303030303,0.031259029562364815
WP:WP2018~RANKL RANK signaling,RANKL RANK signaling,RANKL RANK signaling,WIKIPATHWAYS,1,33.33333333333333,0.031259029562364815,MAPK1,3,1,50,58.346666666666664,0.031259029562364815
WP:WP716~Vitamin A and carotenoid metabolism,Vitamin A and carotenoid metabolism,Vitamin A and carotenoid metabolism,WIKIPATHWAYS,1,33.33333333333333,0.031259029562364815,MAPK1,3,1,42,69.46031746031746,0.031259029562364815
WP:WP5493~Effect of dasatinib on the BCR ABL signaling pathway,Effect of dasatinib on the BCR ABL signaling pathway,Effect of dasatinib on the BCR ABL signaling pathway,WIKIPATHWAYS,1,33.33333333333333,0.031259029562364815,MAPK1,3,1,45,64.82962962962962,0.031259029562364815
WP:WP364~IL6 signaling,IL6 signaling,IL6 signaling,WIKIPATHWAYS,1,33.33333333333333,0.031259029562364815,MAPK1,3,1,43,67.84496124031007,0.031259029562364815
WP:WP363~Wnt signaling NetPath,Wnt signaling NetPath,Wnt signaling NetPath,WIKIPATHWAYS,1,33.33333333333333,0.031259029562364815,MAPK1,3,1,47,62.070921985815595,0.031259029562364815
WP:WP304~Kit receptor signaling,Kit receptor signaling,Kit receptor signaling,WIKIPATHWAYS,1,33.33333333333333,0.031259029562364815,MAPK1,3,1,53,55.0440251572327,0.031259029562364815
WP:WP4747~Netrin UNC5B signaling,Netrin UNC5B signaling,Netrin UNC5B signaling,WIKIPATHWAYS,1,33.33333333333333,0.031259029562364815,MAPK1,3,1,52,56.1025641025641,0.031259029562364815
WP:WP286~IL3 signaling,IL3 signaling,IL3 signaling,WIKIPATHWAYS,1,33.33333333333333,0.031259029562364815,MAPK1,3,1,48,60.77777777777778,0.031259029562364815
WP:WP2795~Cardiac hypertrophic response,Cardiac hypertrophic response,Cardiac hypertrophic response,WIKIPATHWAYS,1,33.33333333333333,0.031259029562364815,MAPK1,3,1,54,54.02469135802469,0.031259029562364815
WP:WP2637~Interleukin 1 IL 1 structural pathway,Interleukin 1 IL 1 structural pathway,Interleukin 1 IL 1 structural pathway,WIKIPATHWAYS,1,33.33333333333333,0.031259029562364815,MAPK1,3,1,49,59.537414965986386,0.031259029562364815
WP:WP195~IL1 signaling,IL1 signaling,IL1 signaling,WIKIPATHWAYS,1,33.33333333333333,0.031259029562364815,MAPK1,3,1,54,54.02469135802469,0.031259029562364815
WP:WP5510~16p12 2 copy number variation syndrome 520kb ,16p12 2 copy number variation syndrome 520kb ,16p12 2 copy number variation syndrome 520kb ,WIKIPATHWAYS,1,33.33333333333333,0.031259029562364815,MAPK1,3,1,54,54.02469135802469,0.031259029562364815
WP:WP1591~Heart development,Heart development,Heart development,WIKIPATHWAYS,1,33.33333333333333,0.031259029562364815,MAPK1,3,1,47,62.070921985815595,0.031259029562364815
WP:WP5144~NRP1 triggered signaling in pancreatic cancer ,NRP1 triggered signaling in pancreatic cancer ,NRP1 triggered signaling in pancreatic cancer ,WIKIPATHWAYS,1,33.33333333333333,0.031259029562364815,MAPK1,3,1,53,55.0440251572327,0.031259029562364815
WP:WP2864~Apoptosis related network due to altered Notch3 in ovarian cancer,Apoptosis related network due to altered Notch3 in ovarian cancer,Apoptosis related network due to altered Notch3 in ovarian cancer,WIKIPATHWAYS,1,33.33333333333333,0.031259029562364815,MAPK1,3,1,53,55.0440251572327,0.031259029562364815
REAC:R-HSA-111995~phospho-PLA2 pathway,phospho-PLA2 pathway,phospho-PLA2 pathway,REACTOME_PATHWAY,1,25.0,0.031620552380325295,MAPK1,4,1,2,1375.5,0.031620552380325295
WP:WP2374~Oncostatin M signaling,Oncostatin M signaling,Oncostatin M signaling,WIKIPATHWAYS,1,33.33333333333333,0.03179202711123948,MAPK1,3,1,56,52.09523809523809,0.03179202711123948
WP:WP4754~IL18 signaling,IL18 signaling,IL18 signaling,WIKIPATHWAYS,1,33.33333333333333,0.03179202711123948,MAPK1,3,1,56,52.09523809523809,0.03179202711123948
WP:WP2032~Thyroid stimulating hormone TSH signaling,Thyroid stimulating hormone TSH signaling,Thyroid stimulating hormone TSH signaling,WIKIPATHWAYS,1,33.33333333333333,0.03230459023173068,MAPK1,3,1,58,50.298850574712645,0.03230459023173068
WP:WP4205~MET in type 1 papillary renal cell carcinoma,MET in type 1 papillary renal cell carcinoma,MET in type 1 papillary renal cell carcinoma,WIKIPATHWAYS,1,33.33333333333333,0.03230459023173068,MAPK1,3,1,58,50.298850574712645,0.03230459023173068
GO:0001784~phosphotyrosine residue binding,phosphotyrosine residue binding,"""Binding to a phosphorylated tyrosine residue within a protein."" [PMID:14636584]",GOTERM_MF_DIRECT,1,20.0,0.033219478077389675,MAPK1,5,1,47,86.1531914893617,0.033219478077389675
GO:0009755~hormone-mediated signaling pathway,hormone-mediated signaling pathway,"""The series of molecular signals mediated by the detection of a hormone."" [GOC:sm]",GOTERM_BP_DIRECT,2,40.0,0.03327628300008619,"MAPK1,NR4A3",5,2,225,37.379555555555555,0.03327628300008619
GO:0032763~regulation of mast cell cytokine production,regulation of mast cell cytokine production,"""Any process that modulates the frequency, rate, or extent of mast cell cytokine production."" [GOC:mah]",GOTERM_BP_DIRECT,1,20.0,0.03327628300008619,NR4A3,5,1,6,700.8666666666668,0.03327628300008619
GO:0032762~mast cell cytokine production,mast cell cytokine production,"""Any process that contributes to cytokine production by a mast cell."" [GOC:mah]",GOTERM_BP_DIRECT,1,20.0,0.03327628300008619,NR4A3,5,1,6,700.8666666666668,0.03327628300008619
GO:0010556~regulation of macromolecule biosynthetic process,regulation of macromolecule biosynthetic process,"""Any process that modulates the rate, frequency or extent of the chemical reactions and pathways resulting in the formation of a macromolecule, any molecule of high relative molecular mass, the structure of which essentially comprises the multiple repetition of units derived, actually or conceptually, from molecules of low relative molecular mass."" [GOC:dph, GOC:tb]",GOTERM_BP_DIRECT,5,100.0,0.03327628300008619,"MAPK1,ZNF382,MYT1,ZNF716,NR4A3",5,5,5644,3.72537207654146,0.03327628300008619
GO:0120040~regulation of macrophage proliferation,regulation of macrophage proliferation,"""Any process that modulates the frequency, rate or extent of macrophage proliferation."" [GOC:BHF, GOC:BHF_miRNA, GOC:rph]",GOTERM_BP_DIRECT,1,20.0,0.03327628300008619,MAPK1,5,1,6,700.8666666666668,0.03327628300008619
GO:0080090~regulation of primary metabolic process,regulation of primary metabolic process,"""Any process that modulates the frequency, rate or extent of the chemical reactions and pathways within a cell or an organism involving those compounds formed as a part of the normal anabolic and catabolic processes. These processes take place in most, if not all, cells of the organism."" [PMID:19211694]",GOTERM_BP_DIRECT,5,100.0,0.03327628300008619,"MAPK1,ZNF382,MYT1,ZNF716,NR4A3",5,5,5390,3.900927643784786,0.03327628300008619
GO:1900623~regulation of monocyte aggregation,regulation of monocyte aggregation,"""Any process that modulates the frequency, rate or extent of monocyte aggregation."" [GOC:BHF, GOC:TermGenie]",GOTERM_BP_DIRECT,1,20.0,0.03327628300008619,NR4A3,5,1,3,1401.7333333333336,0.03327628300008619
GO:0120041~positive regulation of macrophage proliferation,positive regulation of macrophage proliferation,"""Any process that activates or increases the frequency, rate or extent of macrophage proliferation."" [GOC:BHF, GOC:BHF_miRNA, GOC:rph]",GOTERM_BP_DIRECT,1,20.0,0.03327628300008619,MAPK1,5,1,5,841.04,0.03327628300008619
GO:0032765~positive regulation of mast cell cytokine production,positive regulation of mast cell cytokine production,"""Any process that activates or increases the frequency, rate, or extent of mast cell cytokine production."" [GOC:mah]",GOTERM_BP_DIRECT,1,20.0,0.03327628300008619,NR4A3,5,1,4,1051.3,0.03327628300008619
GO:1900625~positive regulation of monocyte aggregation,positive regulation of monocyte aggregation,"""Any process that activates or increases the frequency, rate or extent of monocyte aggregation."" [GOC:BHF, GOC:TermGenie]",GOTERM_BP_DIRECT,1,20.0,0.03327628300008619,NR4A3,5,1,3,1401.7333333333336,0.03327628300008619
GO:0071383~cellular response to steroid hormone stimulus,cellular response to steroid hormone stimulus,"""Any process that results in a change in state or activity of a cell (in terms of movement, secretion, enzyme production, gene expression, etc.) as a result of a steroid hormone stimulus."" [GOC:mah]",GOTERM_BP_DIRECT,2,40.0,0.03327628300008619,"MAPK1,NR4A3",5,2,213,39.48544600938967,0.03327628300008619
GO:0070487~monocyte aggregation,monocyte aggregation,"""The adhesion of one monocyte to one or more other monocytes via adhesion molecules."" [GOC:sl, PMID:12972508]",GOTERM_BP_DIRECT,1,20.0,0.03327628300008619,NR4A3,5,1,5,841.04,0.03327628300008619
GO:0010468~regulation of gene expression,regulation of gene expression,"""Any process that modulates the frequency, rate or extent of gene expression. Gene expression is the process in which a gene's coding sequence is converted into a mature gene product (protein or RNA)."" [GOC:txnOH-2018]",GOTERM_BP_DIRECT,5,100.0,0.03327628300008619,"MAPK1,ZNF382,MYT1,ZNF716,NR4A3",5,5,5536,3.798049132947977,0.03327628300008619
GO:0090170~regulation of Golgi inheritance,regulation of Golgi inheritance,"""Any process that modulates the rate, frequency or extent of Golgi inheritance. Golgi inheritance is the partitioning of Golgi apparatus between daughter cells at cell division."" [GOC:ascb_2009, GOC:dph, GOC:tb]",GOTERM_BP_DIRECT,1,20.0,0.03327628300008619,MAPK1,5,1,4,1051.3,0.03327628300008619
WP:WP5222~2q13 copy number variation syndrome,2q13 copy number variation syndrome,2q13 copy number variation syndrome,WIKIPATHWAYS,1,33.33333333333333,0.03419707722442928,MAPK1,3,1,62,47.053763440860216,0.03419707722442928
WP:WP4155~Endometrial cancer,Endometrial cancer,Endometrial cancer,WIKIPATHWAYS,1,33.33333333333333,0.03442590456567252,MAPK1,3,1,63,46.3068783068783,0.03442590456567252
WP:WP45~G1 to S cell cycle control,G1 to S cell cycle control,G1 to S cell cycle control,WIKIPATHWAYS,1,33.33333333333333,0.03465044766032256,MYT1,3,1,64,45.58333333333333,0.03465044766032256
GO:0060440~trachea formation,trachea formation,"""The process pertaining to the initial formation of a trachea from unspecified parts. The process begins with the specific processes that contribute to the appearance of the discrete structure and ends when the trachea is recognizable. The trachea is the portion of the airway that attaches to the bronchi as it branches."" [GOC:dph]",GOTERM_BP_DIRECT,1,20.0,0.034703264461615875,MAPK1,5,1,7,600.7428571428571,0.034703264461615875
GO:0061517~macrophage proliferation,macrophage proliferation,"""The expansion of a macrophage population by cell division."" [GOC:dph, PMID:12614284, PMID:19466391]",GOTERM_BP_DIRECT,1,20.0,0.034703264461615875,MAPK1,5,1,12,350.4333333333334,0.034703264461615875
GO:0106120~positive regulation of sterol biosynthetic process,positive regulation of sterol biosynthetic process,"""Any process that activates or increases the frequency, rate or extent of a sterol biosynthetic process."" [GOC:BHF, GOC:BHF_miRNA, GOC:rph, PMID:16459310]",GOTERM_BP_DIRECT,1,20.0,0.034703264461615875,MAPK1,5,1,12,350.4333333333334,0.034703264461615875
GO:0038133~ERBB2-ERBB3 signaling pathway,ERBB2-ERBB3 signaling pathway,"""The series of molecular signals initiated by binding of a ligand to a ERBB3 receptor on the surface of a cell, followed by transmission of the signal by a heterodimeric complex of ERBB2 and ERBB3. ERBB2, which does not bind any known ligand, is activated through formation of a heterodimer with another ligand-activated ERBB family member such as ERBB3. ERBB3 also has impaired kinase activity and relies on ERBB2 for activation and signal transmission."" [GOC:signaling, PMID:16460914]",GOTERM_BP_DIRECT,1,20.0,0.034703264461615875,MAPK1,5,1,9,467.24444444444447,0.034703264461615875
GO:0045542~positive regulation of cholesterol biosynthetic process,positive regulation of cholesterol biosynthetic process,"""Any process that activates or increases the frequency, rate or extent of the chemical reactions and pathways resulting in the formation of cholesterol."" [GOC:go_curators]",GOTERM_BP_DIRECT,1,20.0,0.034703264461615875,MAPK1,5,1,12,350.4333333333334,0.034703264461615875
GO:0043435~response to corticotropin-releasing hormone,response to corticotropin-releasing hormone,"""Any process that results in a change in state or activity of a cell or an organism (in terms of movement, secretion, enzyme production, gene expression, etc.) as a result of a corticotropin-releasing hormone stimulus. Corticotropin-releasing hormone is a peptide hormone involved in the stress response."" [PMID:11027914, PMID:15134857, Wikipedia:Corticotropin-releasing_hormone]",GOTERM_BP_DIRECT,1,20.0,0.034703264461615875,NR4A3,5,1,8,525.65,0.034703264461615875
GO:0060439~trachea morphogenesis,trachea morphogenesis,"""The process in which a trachea is generated and organized. The trachea is the portion of the airway that attaches to the bronchi as it branches."" [GOC:dph]",GOTERM_BP_DIRECT,1,20.0,0.034703264461615875,MAPK1,5,1,11,382.2909090909091,0.034703264461615875
GO:0002768~immune response-regulating cell surface receptor signaling pathway,immune response-regulating cell surface receptor signaling pathway,"""The series of molecular signals initiated by an extracellular ligand binding to a receptor on the surface of the target cell capable of activating, perpetuating, or inhibiting an immune response."" [GOC:add, ISBN:0781735149, PMID:15771571]",GOTERM_BP_DIRECT,2,40.0,0.034703264461615875,"MAPK1,NR4A3",5,2,341,24.66392961876833,0.034703264461615875
GO:2000253~positive regulation of feeding behavior,positive regulation of feeding behavior,"""Any process that activates or increases the frequency, rate or extent of feeding behavior."" [GOC:obol]",GOTERM_BP_DIRECT,1,20.0,0.034703264461615875,NR4A3,5,1,10,420.52,0.034703264461615875
GO:0035726~common myeloid progenitor cell proliferation,common myeloid progenitor cell proliferation,"""The multiplication or reproduction of common myeloid progenitor cells, resulting in the expansion of a cell population. A common myeloid progenitor cell is a progenitor cell committed to the myeloid lineage."" [CL:0000049, GOC:BHF]",GOTERM_BP_DIRECT,1,20.0,0.034703264461615875,NR4A3,5,1,9,467.24444444444447,0.034703264461615875
GO:0071375~cellular response to peptide hormone stimulus,cellular response to peptide hormone stimulus,"""Any process that results in a change in state or activity of a cell (in terms of movement, secretion, enzyme production, gene expression, etc.) as a result of a peptide hormone stimulus. A peptide hormone is any of a class of peptides that are secreted into the blood stream and have endocrine functions in living animals."" [GOC:mah]",GOTERM_BP_DIRECT,2,40.0,0.034703264461615875,"MAPK1,NR4A3",5,2,315,26.69968253968254,0.034703264461615875
GO:0071376~cellular response to corticotropin-releasing hormone stimulus,cellular response to corticotropin-releasing hormone stimulus,"""Any process that results in a change in state or activity of a cell (in terms of movement, secretion, enzyme production, gene expression, etc.) as a result of a corticotropin-releasing hormone stimulus. Corticotropin-releasing hormone is a peptide hormone involved in the stress response."" [GOC:mah]",GOTERM_BP_DIRECT,1,20.0,0.034703264461615875,NR4A3,5,1,8,525.65,0.034703264461615875
GO:0048545~response to steroid hormone,response to steroid hormone,"""Any process that results in a change in state or activity of a cell or an organism (in terms of movement, secretion, enzyme production, gene expression, etc.) as a result of a steroid hormone stimulus."" [GOC:go_curators]",GOTERM_BP_DIRECT,2,40.0,0.034703264461615875,"MAPK1,NR4A3",5,2,340,24.736470588235296,0.034703264461615875
GO:0072584~caveolin-mediated endocytosis,caveolin-mediated endocytosis,"""An endocytosis process that begins when material is taken up into plasma membrane caveolae, which then pinch off to form endocytic caveolar carriers."" [GOC:BHF, GOC:mah, PMID:17318224, PMID:18498251, PMID:8970738, PMID:9234965]",GOTERM_BP_DIRECT,1,20.0,0.034703264461615875,MAPK1,5,1,11,382.2909090909091,0.034703264461615875
GO:0009889~regulation of biosynthetic process,regulation of biosynthetic process,"""Any process that modulates the frequency, rate or extent of the chemical reactions and pathways resulting in the formation of substances."" [GOC:go_curators]",GOTERM_BP_DIRECT,5,100.0,0.034703264461615875,"MAPK1,ZNF382,MYT1,ZNF716,NR4A3",5,5,5809,3.619555861594078,0.034703264461615875
GO:0002429~immune response-activating cell surface receptor signaling pathway,immune response-activating cell surface receptor signaling pathway,"""The series of molecular signals initiated by an extracellular ligand binding to a receptor on the surface of a cell, leading to the activation or perpetuation of an immune response."" [GO_REF:0000022, GOC:add, ISBN:0781735149]",GOTERM_BP_DIRECT,2,40.0,0.034703264461615875,"MAPK1,NR4A3",5,2,310,27.130322580645164,0.034703264461615875
GO:0033005~positive regulation of mast cell activation,positive regulation of mast cell activation,"""Any process that activates or increases the frequency, rate, or extent of mast cell activation."" [GOC:mah]",GOTERM_BP_DIRECT,1,20.0,0.034703264461615875,NR4A3,5,1,8,525.65,0.034703264461615875
GO:0050847~progesterone receptor signaling pathway,progesterone receptor signaling pathway,"""A nuclear receptor-mediated signaling pathway initiated by a progesterone binding to an intracellular receptor of the nuclear receptor protein family, and ending with regulation of a downstream cellular process, e.g. transcription."" [PMID:14744870]",GOTERM_BP_DIRECT,1,20.0,0.034703264461615875,MAPK1,5,1,12,350.4333333333334,0.034703264461615875
GO:0038129~ERBB3 signaling pathway,ERBB3 signaling pathway,"""The series of molecular signals initiated by binding of a ligand to the tyrosine kinase receptor ERBB3 on the surface of a cell, and ending with the regulation of a downstream cellular process, e.g. transcription. ERBB3 receptors have impaired kinase activity and rely on the kinase activity of the heterodimer partner for activation and signal transmission."" [GOC:jc, PMID:16460914]",GOTERM_BP_DIRECT,1,20.0,0.034703264461615875,MAPK1,5,1,10,420.52,0.034703264461615875
GO:0042473~outer ear morphogenesis,outer ear morphogenesis,"""The process in which the anatomical structures of the outer ear are generated and organized. The outer ear is the part of the ear external to the tympanum (eardrum). It consists of a tube (the external auditory meatus) that directs sound waves on to the tympanum, and may also include the external pinna, which extends beyond the skull."" [GOC:jl, ISBN:0192801023]",GOTERM_BP_DIRECT,1,20.0,0.034703264461615875,MAPK1,5,1,8,525.65,0.034703264461615875
GO:0060255~regulation of macromolecule metabolic process,regulation of macromolecule metabolic process,"""Any process that modulates the frequency, rate or extent of the chemical reactions and pathways involving macromolecules, any molecule of high relative molecular mass, the structure of which essentially comprises the multiple repetition of units derived, actually or conceptually, from molecules of low relative molecular mass."" [GOC:dph, GOC:tb]",GOTERM_BP_DIRECT,5,100.0,0.034703264461615875,"MAPK1,ZNF382,MYT1,ZNF716,NR4A3",5,5,6492,3.23875539125077,0.034703264461615875
GO:0060020~Bergmann glial cell differentiation,Bergmann glial cell differentiation,"""The process in which neuroepithelial cells of the neural tube give rise to Brgmann glial cells, specialized bipotential progenitors cells of the cerebellum. Differentiation includes the processes involved in commitment of a cell to a specific fate."" [GOC:dph, PMID:10375501]",GOTERM_BP_DIRECT,1,20.0,0.034703264461615875,MAPK1,5,1,11,382.2909090909091,0.034703264461615875
WP:WP2324~AGE RAGE pathway,AGE RAGE pathway,AGE RAGE pathway,WIKIPATHWAYS,1,33.33333333333333,0.03508714019222342,MAPK1,3,1,66,44.2020202020202,0.03508714019222342
WP:WP3680~Physico chemical features and toxicity associated pathways,Physico chemical features and toxicity associated pathways,Physico chemical features and toxicity associated pathways,WIKIPATHWAYS,1,33.33333333333333,0.03508714019222342,MAPK1,3,1,66,44.2020202020202,0.03508714019222342
WP:WP3303~RAC1 PAK1 p38 MMP2 pathway,RAC1 PAK1 p38 MMP2 pathway,RAC1 PAK1 p38 MMP2 pathway,WIKIPATHWAYS,1,33.33333333333333,0.035102336202726965,MAPK1,3,1,68,42.90196078431372,0.035102336202726965
WP:WP4685~Melanoma,Melanoma,Melanoma,WIKIPATHWAYS,1,33.33333333333333,0.035102336202726965,MAPK1,3,1,68,42.90196078431372,0.035102336202726965
WP:WP5130~Th17 cell differentiation pathway,Th17 cell differentiation pathway,Th17 cell differentiation pathway,WIKIPATHWAYS,1,33.33333333333333,0.035102336202726965,MAPK1,3,1,69,42.28019323671497,0.035102336202726965
WP:WP5293~Acute myeloid leukemia,Acute myeloid leukemia,Acute myeloid leukemia,WIKIPATHWAYS,1,33.33333333333333,0.035102336202726965,MAPK1,3,1,68,42.90196078431372,0.035102336202726965
WP:WP5158~Urotensin II mediated signaling,Urotensin II mediated signaling,Urotensin II mediated signaling,WIKIPATHWAYS,1,33.33333333333333,0.035102336202726965,MAPK1,3,1,69,42.28019323671497,0.035102336202726965
WP:WP4341~Non genomic actions of 1 25 dihydroxyvitamin D3,Non genomic actions of 1 25 dihydroxyvitamin D3,Non genomic actions of 1 25 dihydroxyvitamin D3,WIKIPATHWAYS,1,33.33333333333333,0.03540502670057609,MAPK1,3,1,74,39.423423423423415,0.03540502670057609
WP:WP4216~Chromosomal and microsatellite instability in colorectal cancer ,Chromosomal and microsatellite instability in colorectal cancer ,Chromosomal and microsatellite instability in colorectal cancer ,WIKIPATHWAYS,1,33.33333333333333,0.03540502670057609,MAPK1,3,1,73,39.9634703196347,0.03540502670057609
WP:WP5289~Axon guidance,Axon guidance,Axon guidance,WIKIPATHWAYS,1,33.33333333333333,0.03540502670057609,MAPK1,3,1,72,40.51851851851852,0.03540502670057609
WP:WP4255~Non small cell lung cancer,Non small cell lung cancer,Non small cell lung cancer,WIKIPATHWAYS,1,33.33333333333333,0.03540502670057609,MAPK1,3,1,72,40.51851851851852,0.03540502670057609
WP:WP3584~MECP2 and associated Rett syndrome,MECP2 and associated Rett syndrome,MECP2 and associated Rett syndrome,WIKIPATHWAYS,1,33.33333333333333,0.03540502670057609,MYT1,3,1,73,39.9634703196347,0.03540502670057609
WP:WP69~T cell receptor signaling,T cell receptor signaling,T cell receptor signaling,WIKIPATHWAYS,1,33.33333333333333,0.03540502670057609,MAPK1,3,1,75,38.897777777777776,0.03540502670057609
WP:WP2034~Leptin signaling,Leptin signaling,Leptin signaling,WIKIPATHWAYS,1,33.33333333333333,0.03540502670057609,MAPK1,3,1,71,41.08920187793427,0.03540502670057609
WP:WP2037~Prolactin signaling,Prolactin signaling,Prolactin signaling,WIKIPATHWAYS,1,33.33333333333333,0.03540502670057609,MAPK1,3,1,74,39.423423423423415,0.03540502670057609
WP:WP4538~Regulatory circuits of STAT3 signaling,Regulatory circuits of STAT3 signaling,Regulatory circuits of STAT3 signaling,WIKIPATHWAYS,1,33.33333333333333,0.03540502670057609,MAPK1,3,1,75,38.897777777777776,0.03540502670057609
GO:0048308~organelle inheritance,organelle inheritance,"""The partitioning of organelles between daughter cells at cell division."" [GOC:jid]",GOTERM_BP_DIRECT,1,20.0,0.03606198512415325,MAPK1,5,1,16,262.825,0.03606198512415325
GO:0061308~cardiac neural crest cell development involved in heart development,cardiac neural crest cell development involved in heart development,"""The process aimed at the progression of a cardiac neural crest cell over time, from initial commitment of the cell to its specific fate, to the fully functional differentiated cell that contributes to the development of the heart."" [GOC:dph, GOC:mtg_heart]",GOTERM_BP_DIRECT,1,20.0,0.03606198512415325,MAPK1,5,1,15,280.3466666666667,0.03606198512415325
GO:0061469~regulation of type B pancreatic cell proliferation,regulation of type B pancreatic cell proliferation,"""Any process that modulates the frequency, rate or extent of type B pancreatic cell proliferation."" [GOC:dph]",GOTERM_BP_DIRECT,1,20.0,0.03606198512415325,NR4A3,5,1,15,280.3466666666667,0.03606198512415325
GO:0006206~pyrimidine nucleobase metabolic process,pyrimidine nucleobase metabolic process,"""The chemical reactions and pathways involving pyrimidine nucleobases, 1,3-diazine, organic nitrogenous bases."" [GOC:go_curators]",GOTERM_BP_DIRECT,1,20.0,0.03606198512415325,MAPK1,5,1,16,262.825,0.03606198512415325
GO:0061307~cardiac neural crest cell differentiation involved in heart development,cardiac neural crest cell differentiation involved in heart development,"""The process in which a relatively unspecialized cell acquires specialized features of a cardiac neural crest cell that will migrate to the heart and contribute to its development. Cardiac neural crest cells are specialized cells that migrate toward the heart from the third, fourth and sixth pharyngeal arches."" [GOC:dph, GOC:mtg_heart, PMID:19705442]",GOTERM_BP_DIRECT,1,20.0,0.03606198512415325,MAPK1,5,1,15,280.3466666666667,0.03606198512415325
GO:0048313~Golgi inheritance,Golgi inheritance,"""The partitioning of Golgi apparatus between daughter cells at cell division."" [GOC:jid, PMID:12851069]",GOTERM_BP_DIRECT,1,20.0,0.03606198512415325,MAPK1,5,1,16,262.825,0.03606198512415325
GO:0070486~leukocyte aggregation,leukocyte aggregation,"""The adhesion of one leukocyte to one or more other leukocytes via adhesion molecules."" [GOC:sl, PMID:12972508]",GOTERM_BP_DIRECT,1,20.0,0.03606198512415325,NR4A3,5,1,13,323.47692307692313,0.03606198512415325
GO:1904754~positive regulation of vascular associated smooth muscle cell migration,positive regulation of vascular associated smooth muscle cell migration,"""Any process that activates or increases the frequency, rate or extent of vascular associated smooth muscle cell migration."" [GO_REF:0000058, GOC:BHF, GOC:BHF_miRNA, GOC:rph, GOC:TermGenie, PMID:20693317]",GOTERM_BP_DIRECT,1,20.0,0.03606198512415325,NR4A3,5,1,16,262.825,0.03606198512415325
GO:0016070~RNA metabolic process,RNA metabolic process,"""The cellular chemical reactions and pathways involving RNA, ribonucleic acid, one of the two main type of nucleic acid, consisting of a long, unbranched macromolecule formed from ribonucleotides joined in 3',5'-phosphodiester linkage."" [ISBN:0198506732]",GOTERM_BP_DIRECT,5,100.0,0.03606198512415325,"MAPK1,ZNF382,MYT1,ZNF716,NR4A3",5,5,6873,3.0592172268296234,0.03606198512415325
GO:1903358~regulation of Golgi organization,regulation of Golgi organization,"""Any process that modulates the frequency, rate or extent of Golgi organization."" [GO_REF:0000058, GOC:als, GOC:TermGenie, PMID:17562788]",GOTERM_BP_DIRECT,1,20.0,0.03606198512415325,MAPK1,5,1,16,262.825,0.03606198512415325
GO:0141187~nucleic acid biosynthetic process,nucleic acid biosynthetic process,"""The biosynthetic process resulting in the formation of a nucleic acid."" [GOC:dph, GOC:tb]",GOTERM_BP_DIRECT,5,100.0,0.03606198512415325,"MAPK1,ZNF382,MYT1,ZNF716,NR4A3",5,5,6782,3.1002654084340904,0.03606198512415325
GO:0032774~RNA biosynthetic process,RNA biosynthetic process,"""The chemical reactions and pathways resulting in the formation of RNA, ribonucleic acid, one of the two main type of nucleic acid, consisting of a long, unbranched macromolecule formed from ribonucleotides joined in 3',5'-phosphodiester linkage. Includes polymerization of ribonucleotide monomers. Refers not only to transcription but also to e.g. viral RNA replication."" [GOC:mah, GOC:txnOH]",GOTERM_BP_DIRECT,5,100.0,0.03606198512415325,"MAPK1,ZNF382,MYT1,ZNF716,NR4A3",5,5,6671,3.151851296657173,0.03606198512415325
GO:0030522~intracellular receptor signaling pathway,intracellular receptor signaling pathway,"""The series of molecular signals initiated by a ligand binding to a receptor located within a cell."" [GOC:bf, GOC:mah]",GOTERM_BP_DIRECT,2,40.0,0.03606198512415325,"MAPK1,NR4A3",5,2,377,22.30875331564987,0.03606198512415325
GO:0043434~response to peptide hormone,response to peptide hormone,"""Any process that results in a change in state or activity of a cell or an organism (in terms of movement, secretion, enzyme production, gene expression, etc.) as a result of a peptide hormone stimulus. A peptide hormone is any of a class of peptides that are secreted into the blood stream and have endocrine functions in living animals."" [PMID:11027914, PMID:15134857, Wikipedia:Peptide_hormone]",GOTERM_BP_DIRECT,2,40.0,0.03659254292702596,"MAPK1,NR4A3",5,2,440,19.114545454545457,0.03659254292702596
GO:2000641~regulation of early endosome to late endosome transport,regulation of early endosome to late endosome transport,"""Any process that modulates the frequency, rate or extent of early endosome to late endosome transport."" [GOC:BHF]",GOTERM_BP_DIRECT,1,20.0,0.03659254292702596,MAPK1,5,1,18,233.62222222222223,0.03659254292702596
GO:0034654~nucleobase-containing compound biosynthetic process,nucleobase-containing compound biosynthetic process,"""The chemical reactions and pathways resulting in the formation of nucleobases, nucleosides, nucleotides and nucleic acids."" [GOC:mah]",GOTERM_BP_DIRECT,5,100.0,0.03659254292702596,"MAPK1,ZNF382,MYT1,ZNF716,NR4A3",5,5,7076,2.9714527981910686,0.03659254292702596
GO:0090205~positive regulation of cholesterol metabolic process,positive regulation of cholesterol metabolic process,"""Any process that increases the rate, frequency, or extent of cholesterol metabolism, the chemical reactions and pathways involving cholesterol, cholest-5-en-3 beta-ol, the principal sterol of vertebrates and the precursor of many steroids, including bile acids and steroid hormones."" [GOC:dph, GOC:sl, GOC:tb]",GOTERM_BP_DIRECT,1,20.0,0.03659254292702596,MAPK1,5,1,17,247.36470588235295,0.03659254292702596
GO:0050673~epithelial cell proliferation,epithelial cell proliferation,"""The multiplication or reproduction of epithelial cells, resulting in the expansion of a cell population. Epithelial cells make up the epithelium, the covering of internal and external surfaces of the body, including the lining of vessels and other small cavities. It consists of cells joined by small amounts of cementing substances."" [ISBN:0721662544]",GOTERM_BP_DIRECT,2,40.0,0.03659254292702596,"MAPK1,NR4A3",5,2,441,19.07120181405896,0.03659254292702596
GO:0019222~regulation of metabolic process,regulation of metabolic process,"""Any process that modulates the frequency, rate or extent of the chemical reactions and pathways within a cell or an organism."" [GOC:go_curators]",GOTERM_BP_DIRECT,5,100.0,0.03659254292702596,"MAPK1,ZNF382,MYT1,ZNF716,NR4A3",5,5,7035,2.988770433546553,0.03659254292702596
GO:0044320~cellular response to leptin stimulus,cellular response to leptin stimulus,"""Any process that results in a change in state or activity of a cell (in terms of movement, secretion, enzyme production, gene expression, etc.) as a result of a leptin stimulus. Leptin is a hormone manufactured primarily in the adipocytes of white adipose tissue, and the level of circulating leptin is directly proportional to the total amount of fat in the body. It plays a key role in regulating energy intake and energy expenditure, including appetite and metabolism."" [GOC:yaf]",GOTERM_BP_DIRECT,1,20.0,0.03659254292702596,NR4A3,5,1,17,247.36470588235295,0.03659254292702596
REAC:R-HSA-170968~Frs2-mediated activation,Frs2-mediated activation,Frs2-mediated activation,REACTOME_PATHWAY,1,25.0,0.036830333699782336,MAPK1,4,1,11,250.09090909090912,0.036830333699782336
REAC:R-HSA-111458~Formation of apoptosome,Formation of apoptosome,Formation of apoptosome,REACTOME_PATHWAY,1,25.0,0.036830333699782336,MAPK1,4,1,11,250.09090909090912,0.036830333699782336
REAC:R-HSA-9652169~Signaling by MAP2K mutants,Signaling by MAP2K mutants,Signaling by MAP2K mutants,REACTOME_PATHWAY,1,25.0,0.036830333699782336,MAPK1,4,1,4,687.75,0.036830333699782336
REAC:R-HSA-202670~ERKs are inactivated,ERKs are inactivated,ERKs are inactivated,REACTOME_PATHWAY,1,25.0,0.036830333699782336,MAPK1,4,1,13,211.6153846153846,0.036830333699782336
REAC:R-HSA-111461~Cytochrome c-mediated apoptotic response,Cytochrome c-mediated apoptotic response,Cytochrome c-mediated apoptotic response,REACTOME_PATHWAY,1,25.0,0.036830333699782336,MAPK1,4,1,13,211.6153846153846,0.036830333699782336
REAC:R-HSA-879415~Advanced glycosylation endproduct receptor signaling,Advanced glycosylation endproduct receptor signaling,Advanced glycosylation endproduct receptor signaling,REACTOME_PATHWAY,1,25.0,0.036830333699782336,MAPK1,4,1,13,211.6153846153846,0.036830333699782336
REAC:R-HSA-450341~Activation of the AP-1 family of transcription factors,Activation of the AP-1 family of transcription factors,Activation of the AP-1 family of transcription factors,REACTOME_PATHWAY,1,25.0,0.036830333699782336,MAPK1,4,1,10,275.1,0.036830333699782336
REAC:R-HSA-9634635~Estrogen-stimulated signaling through PRKCZ,Estrogen-stimulated signaling through PRKCZ,Estrogen-stimulated signaling through PRKCZ,REACTOME_PATHWAY,1,25.0,0.036830333699782336,MAPK1,4,1,5,550.2,0.036830333699782336
REAC:R-HSA-9652817~Signaling by MAPK mutants,Signaling by MAPK mutants,Signaling by MAPK mutants,REACTOME_PATHWAY,1,25.0,0.036830333699782336,MAPK1,4,1,7,392.99999999999994,0.036830333699782336
REAC:R-HSA-162658~Golgi Cisternae Pericentriolar Stack Reorganization,Golgi Cisternae Pericentriolar Stack Reorganization,Golgi Cisternae Pericentriolar Stack Reorganization,REACTOME_PATHWAY,1,25.0,0.036830333699782336,MAPK1,4,1,13,211.6153846153846,0.036830333699782336
REAC:R-HSA-9627069~Regulation of the apoptosome activity,Regulation of the apoptosome activity,Regulation of the apoptosome activity,REACTOME_PATHWAY,1,25.0,0.036830333699782336,MAPK1,4,1,11,250.09090909090912,0.036830333699782336
REAC:R-HSA-9842640~Signaling by LTK in cancer,Signaling by LTK in cancer,Signaling by LTK in cancer,REACTOME_PATHWAY,1,25.0,0.036830333699782336,MAPK1,4,1,7,392.99999999999994,0.036830333699782336
REAC:R-HSA-74749~Signal attenuation,Signal attenuation,Signal attenuation,REACTOME_PATHWAY,1,25.0,0.036830333699782336,MAPK1,4,1,9,305.6666666666667,0.036830333699782336
REAC:R-HSA-112411~MAPK1 (ERK2) activation,MAPK1 (ERK2) activation,MAPK1 (ERK2) activation,REACTOME_PATHWAY,1,25.0,0.036830333699782336,MAPK1,4,1,8,343.875,0.036830333699782336
REAC:R-HSA-5674499~Negative feedback regulation of MAPK pathway,Negative feedback regulation of MAPK pathway,Negative feedback regulation of MAPK pathway,REACTOME_PATHWAY,1,25.0,0.036830333699782336,MAPK1,4,1,6,458.5,0.036830333699782336
REAC:R-HSA-444257~RSK activation,RSK activation,RSK activation,REACTOME_PATHWAY,1,25.0,0.036830333699782336,MAPK1,4,1,7,392.99999999999994,0.036830333699782336
REAC:R-HSA-169893~Prolonged ERK activation events,Prolonged ERK activation events,Prolonged ERK activation events,REACTOME_PATHWAY,1,25.0,0.036830333699782336,MAPK1,4,1,14,196.49999999999997,0.036830333699782336
REAC:R-HSA-9635465~Suppression of apoptosis,Suppression of apoptosis,Suppression of apoptosis,REACTOME_PATHWAY,1,25.0,0.036830333699782336,MAPK1,4,1,7,392.99999999999994,0.036830333699782336
REAC:R-HSA-1295596~Spry regulation of FGF signaling,Spry regulation of FGF signaling,Spry regulation of FGF signaling,REACTOME_PATHWAY,1,25.0,0.036830333699782336,MAPK1,4,1,14,196.49999999999997,0.036830333699782336
REAC:R-HSA-9732724~IFNG signaling activates MAPKs,IFNG signaling activates MAPKs,IFNG signaling activates MAPKs,REACTOME_PATHWAY,1,25.0,0.036830333699782336,MAPK1,4,1,8,343.875,0.036830333699782336
GO:0010759~positive regulation of macrophage chemotaxis,positive regulation of macrophage chemotaxis,"""Any process that increases the rate, frequency or extent of macrophage chemotaxis. Macrophage chemotaxis is the movement of a macrophage in response to an external stimulus."" [GOC:BHF, GOC:dph, GOC:tb]",GOTERM_BP_DIRECT,1,20.0,0.037145174651348804,MAPK1,5,1,19,221.32631578947368,0.037145174651348804
GO:0060438~trachea development,trachea development,"""The process whose specific outcome is the progression of a trachea over time, from its formation to the mature structure. The trachea is the portion of the airway that attaches to the bronchi as it branches."" [GOC:dph]",GOTERM_BP_DIRECT,1,20.0,0.037145174651348804,MAPK1,5,1,19,221.32631578947368,0.037145174651348804
GO:0004879~nuclear receptor activity,nuclear receptor activity,"""A DNA-binding transcription factor activity regulated by binding to a ligand that modulates the transcription of specific gene sets transcribed by RNA polymerase II. Nuclear receptor ligands are usually lipid-based (such as a steroid hormone) and the binding of the ligand to its receptor often occurs in the cytosol, which leads to its translocation to the nucleus."" [GOC:txnOH-2018, PMID:23457262]",GOTERM_MF_DIRECT,1,20.0,0.03764747892473299,NR4A3,5,1,59,68.63050847457627,0.03764747892473299
GO:0098531~ligand-modulated transcription factor activity,ligand-modulated transcription factor activity,"""A DNA-binding transcription factor activity regulated by binding to a ligand and that modulates the transcription of specific genes and gene sets. Examples include the lac and trp repressors in E.coli and steroid hormone receptors."" [GOC:dos, PMID:25568920, PMID:8735275]",GOTERM_MF_DIRECT,1,20.0,0.03764747892473299,NR4A3,5,1,60,67.48666666666666,0.03764747892473299
GO:0045309~protein phosphorylated amino acid binding,protein phosphorylated amino acid binding,"""Binding to a phosphorylated amino acid residue within a protein."" [GOC:go_curators]",GOTERM_MF_DIRECT,1,20.0,0.03764747892473299,MAPK1,5,1,59,68.63050847457627,0.03764747892473299
REAC:R-HSA-881907~Gastrin-CREB signalling pathway via PKC and MAPK,Gastrin-CREB signalling pathway via PKC and MAPK,Gastrin-CREB signalling pathway via PKC and MAPK,REACTOME_PATHWAY,1,25.0,0.03787746352909646,MAPK1,4,1,15,183.4,0.03787746352909646
GO:0060716~labyrinthine layer blood vessel development,labyrinthine layer blood vessel development,"""The process whose specific outcome is the progression of a blood vessel of the labyrinthine layer of the placenta over time, from its formation to the mature structure. The embryonic vessels grow through the layer to come in close contact with the maternal blood supply."" [GOC:dph]",GOTERM_BP_DIRECT,1,20.0,0.037979422604626834,MAPK1,5,1,20,210.26,0.037979422604626834
GO:0033003~regulation of mast cell activation,regulation of mast cell activation,"""Any process that modulates the frequency, rate, or extent of mast cell activation."" [GOC:mah]",GOTERM_BP_DIRECT,1,20.0,0.037979422604626834,NR4A3,5,1,20,210.26,0.037979422604626834
WP:WP2261~Glioblastoma signaling,Glioblastoma signaling,Glioblastoma signaling,WIKIPATHWAYS,1,33.33333333333333,0.03837389693450747,MAPK1,3,1,82,35.577235772357724,0.03837389693450747
WP:WP4806~EGFR tyrosine kinase inhibitor resistance,EGFR tyrosine kinase inhibitor resistance,EGFR tyrosine kinase inhibitor resistance,WIKIPATHWAYS,1,33.33333333333333,0.038993796422613226,MAPK1,3,1,84,34.73015873015873,0.038993796422613226
WP:WP4298~Acute viral myocarditis,Acute viral myocarditis,Acute viral myocarditis,WIKIPATHWAYS,1,33.33333333333333,0.03914764409075592,MAPK1,3,1,85,34.32156862745098,0.03914764409075592
REAC:R-HSA-112409~RAF-independent MAPK1/3 activation,RAF-independent MAPK1/3 activation,RAF-independent MAPK1/3 activation,REACTOME_PATHWAY,1,25.0,0.03919962804630641,MAPK1,4,1,22,125.04545454545456,0.03919962804630641
REAC:R-HSA-9768919~NPAS4 regulates expression of target genes,NPAS4 regulates expression of target genes,NPAS4 regulates expression of target genes,REACTOME_PATHWAY,1,25.0,0.03919962804630641,MAPK1,4,1,21,131.0,0.03919962804630641
REAC:R-HSA-8940973~RUNX2 regulates osteoblast differentiation,RUNX2 regulates osteoblast differentiation,RUNX2 regulates osteoblast differentiation,REACTOME_PATHWAY,1,25.0,0.03919962804630641,MAPK1,4,1,23,119.60869565217392,0.03919962804630641
REAC:R-HSA-445144~Signal transduction by L1,Signal transduction by L1,Signal transduction by L1,REACTOME_PATHWAY,1,25.0,0.03919962804630641,MAPK1,4,1,20,137.55,0.03919962804630641
REAC:R-HSA-1502540~Signaling by Activin,Signaling by Activin,Signaling by Activin,REACTOME_PATHWAY,1,25.0,0.03919962804630641,MAPK1,4,1,17,161.8235294117647,0.03919962804630641
REAC:R-HSA-9634638~Estrogen-dependent nuclear events downstream of ESR-membrane signaling,Estrogen-dependent nuclear events downstream of ESR-membrane signaling,Estrogen-dependent nuclear events downstream of ESR-membrane signaling,REACTOME_PATHWAY,1,25.0,0.03919962804630641,MAPK1,4,1,23,119.60869565217392,0.03919962804630641
REAC:R-HSA-198753~ERK/MAPK targets,ERK/MAPK targets,ERK/MAPK targets,REACTOME_PATHWAY,1,25.0,0.03919962804630641,MAPK1,4,1,22,125.04545454545456,0.03919962804630641
REAC:R-HSA-1181150~Signaling by NODAL,Signaling by NODAL,Signaling by NODAL,REACTOME_PATHWAY,1,25.0,0.03919962804630641,MAPK1,4,1,23,119.60869565217392,0.03919962804630641
REAC:R-HSA-9637690~Response of Mtb to phagocytosis,Response of Mtb to phagocytosis,Response of Mtb to phagocytosis,REACTOME_PATHWAY,1,25.0,0.03919962804630641,MAPK1,4,1,23,119.60869565217392,0.03919962804630641
REAC:R-HSA-111471~Apoptotic factor-mediated response,Apoptotic factor-mediated response,Apoptotic factor-mediated response,REACTOME_PATHWAY,1,25.0,0.03919962804630641,MAPK1,4,1,19,144.78947368421052,0.03919962804630641
REAC:R-HSA-982772~Growth hormone receptor signaling,Growth hormone receptor signaling,Growth hormone receptor signaling,REACTOME_PATHWAY,1,25.0,0.03919962804630641,MAPK1,4,1,23,119.60869565217392,0.03919962804630641
REAC:R-HSA-5654732~Negative regulation of FGFR3 signaling,Negative regulation of FGFR3 signaling,Negative regulation of FGFR3 signaling,REACTOME_PATHWAY,1,25.0,0.03919962804630641,MAPK1,4,1,23,119.60869565217392,0.03919962804630641
GO:0044321~response to leptin,response to leptin,"""Any process that results in a change in state or activity of a cell or an organism (in terms of movement, secretion, enzyme production, gene expression, etc.) as a result of a leptin stimulus. Leptin is a hormone manufactured primarily in the adipocytes of white adipose tissue, and the level of circulating leptin is directly proportional to the total amount of fat in the body. It plays a key role in regulating energy intake and energy expenditure, including appetite and metabolism]."" [GOC:yaf]",GOTERM_BP_DIRECT,1,20.0,0.03931298622149904,NR4A3,5,1,21,200.24761904761905,0.03931298622149904
WP:WP4263~Pancreatic adenocarcinoma pathway,Pancreatic adenocarcinoma pathway,Pancreatic adenocarcinoma pathway,WIKIPATHWAYS,1,33.33333333333333,0.03944232019476532,MAPK1,3,1,88,33.15151515151515,0.03944232019476532
WP:WP5094~Orexin receptor pathway,Orexin receptor pathway,Orexin receptor pathway,WIKIPATHWAYS,1,33.33333333333333,0.03944232019476532,MAPK1,3,1,88,33.15151515151515,0.03944232019476532
WP:WP5098~T cell activation SARS CoV 2,T cell activation SARS CoV 2,T cell activation SARS CoV 2,WIKIPATHWAYS,1,33.33333333333333,0.03944232019476532,MAPK1,3,1,88,33.15151515151515,0.03944232019476532
WP:WP673~ErbB signaling,ErbB signaling,ErbB signaling,WIKIPATHWAYS,1,33.33333333333333,0.03944232019476532,MAPK1,3,1,89,32.77902621722846,0.03944232019476532
WP:WP231~TNF alpha signaling,TNF alpha signaling,TNF alpha signaling,WIKIPATHWAYS,1,33.33333333333333,0.03944232019476532,MAPK1,3,1,89,32.77902621722846,0.03944232019476532
REAC:R-HSA-2559585~Oncogene Induced Senescence,Oncogene Induced Senescence,Oncogene Induced Senescence,REACTOME_PATHWAY,1,25.0,0.039756983541243046,MAPK1,4,1,33,83.36363636363636,0.039756983541243046
REAC:R-HSA-450282~MAPK targets/ Nuclear events mediated by MAP kinases,MAPK targets/ Nuclear events mediated by MAP kinases,MAPK targets/ Nuclear events mediated by MAP kinases,REACTOME_PATHWAY,1,25.0,0.039756983541243046,MAPK1,4,1,30,91.7,0.039756983541243046
REAC:R-HSA-9635486~Infection with Mycobacterium tuberculosis,Infection with Mycobacterium tuberculosis,Infection with Mycobacterium tuberculosis,REACTOME_PATHWAY,1,25.0,0.039756983541243046,MAPK1,4,1,27,101.88888888888889,0.039756983541243046
REAC:R-HSA-5668599~RHO GTPases Activate NADPH Oxidases,RHO GTPases Activate NADPH Oxidases,RHO GTPases Activate NADPH Oxidases,REACTOME_PATHWAY,1,25.0,0.039756983541243046,MAPK1,4,1,24,114.625,0.039756983541243046
REAC:R-HSA-5654733~Negative regulation of FGFR4 signaling,Negative regulation of FGFR4 signaling,Negative regulation of FGFR4 signaling,REACTOME_PATHWAY,1,25.0,0.039756983541243046,MAPK1,4,1,27,101.88888888888889,0.039756983541243046
REAC:R-HSA-5663213~RHO GTPases Activate WASPs and WAVEs,RHO GTPases Activate WASPs and WAVEs,RHO GTPases Activate WASPs and WAVEs,REACTOME_PATHWAY,1,25.0,0.039756983541243046,MAPK1,4,1,35,78.60000000000001,0.039756983541243046
REAC:R-HSA-8941326~RUNX2 regulates bone development,RUNX2 regulates bone development,RUNX2 regulates bone development,REACTOME_PATHWAY,1,25.0,0.039756983541243046,MAPK1,4,1,30,91.7,0.039756983541243046
REAC:R-HSA-9725371~Nuclear events stimulated by ALK signaling in cancer,Nuclear events stimulated by ALK signaling in cancer,Nuclear events stimulated by ALK signaling in cancer,REACTOME_PATHWAY,1,25.0,0.039756983541243046,MAPK1,4,1,32,85.96875,0.039756983541243046
REAC:R-HSA-5654741~Signaling by FGFR3,Signaling by FGFR3,Signaling by FGFR3,REACTOME_PATHWAY,1,25.0,0.039756983541243046,MAPK1,4,1,32,85.96875,0.039756983541243046
REAC:R-HSA-5654727~Negative regulation of FGFR2 signaling,Negative regulation of FGFR2 signaling,Negative regulation of FGFR2 signaling,REACTOME_PATHWAY,1,25.0,0.039756983541243046,MAPK1,4,1,28,98.24999999999999,0.039756983541243046
REAC:R-HSA-5654726~Negative regulation of FGFR1 signaling,Negative regulation of FGFR1 signaling,Negative regulation of FGFR1 signaling,REACTOME_PATHWAY,1,25.0,0.039756983541243046,MAPK1,4,1,26,105.8076923076923,0.039756983541243046
REAC:R-HSA-5654743~Signaling by FGFR4,Signaling by FGFR4,Signaling by FGFR4,REACTOME_PATHWAY,1,25.0,0.039756983541243046,MAPK1,4,1,35,78.60000000000001,0.039756983541243046
REAC:R-HSA-2173795~Downregulation of SMAD2/3:SMAD4 transcriptional activity,Downregulation of SMAD2/3:SMAD4 transcriptional activity,Downregulation of SMAD2/3:SMAD4 transcriptional activity,REACTOME_PATHWAY,1,25.0,0.039756983541243046,MAPK1,4,1,29,94.86206896551724,0.039756983541243046
REAC:R-HSA-111996~Ca-dependent events,Ca-dependent events,Ca-dependent events,REACTOME_PATHWAY,1,25.0,0.039756983541243046,MAPK1,4,1,36,76.41666666666667,0.039756983541243046
REAC:R-HSA-6802948~Signaling by high-kinase activity BRAF mutants,Signaling by high-kinase activity BRAF mutants,Signaling by high-kinase activity BRAF mutants,REACTOME_PATHWAY,1,25.0,0.039756983541243046,MAPK1,4,1,35,78.60000000000001,0.039756983541243046
REAC:R-HSA-442742~CREB1 phosphorylation through NMDA receptor-mediated activation of RAS signaling,CREB1 phosphorylation through NMDA receptor-mediated activation of RAS signaling,CREB1 phosphorylation through NMDA receptor-mediated activation of RAS signaling,REACTOME_PATHWAY,1,25.0,0.039756983541243046,MAPK1,4,1,25,110.04,0.039756983541243046
REAC:R-HSA-187687~Signalling to ERKs,Signalling to ERKs,Signalling to ERKs,REACTOME_PATHWAY,1,25.0,0.039756983541243046,MAPK1,4,1,31,88.74193548387096,0.039756983541243046
REAC:R-HSA-456926~Thrombin signalling through proteinase activated receptors (PARs),Thrombin signalling through proteinase activated receptors (PARs),Thrombin signalling through proteinase activated receptors (PARs),REACTOME_PATHWAY,1,25.0,0.039756983541243046,MAPK1,4,1,31,88.74193548387096,0.039756983541243046
REAC:R-HSA-9634815~Transcriptional Regulation by NPAS4,Transcriptional Regulation by NPAS4,Transcriptional Regulation by NPAS4,REACTOME_PATHWAY,1,25.0,0.039756983541243046,MAPK1,4,1,33,83.36363636363636,0.039756983541243046
REAC:R-HSA-2173796~SMAD2/SMAD3:SMAD4 heterotrimer regulates transcription,SMAD2/SMAD3:SMAD4 heterotrimer regulates transcription,SMAD2/SMAD3:SMAD4 heterotrimer regulates transcription,REACTOME_PATHWAY,1,25.0,0.039756983541243046,MAPK1,4,1,36,76.41666666666667,0.039756983541243046
WP:WP2355~Corticotropin releasing hormone signaling,Corticotropin releasing hormone signaling,Corticotropin releasing hormone signaling,WIKIPATHWAYS,1,33.33333333333333,0.04002075465772488,MAPK1,3,1,91,32.05860805860806,0.04002075465772488
REAC:R-HSA-9856649~Transcriptional and post-translational regulation of MITF-M expression and activity,Transcriptional and post-translational regulation of MITF-M expression and activity,Transcriptional and post-translational regulation of MITF-M expression and activity,REACTOME_PATHWAY,1,25.0,0.04015136093421123,MAPK1,4,1,37,74.35135135135135,0.04015136093421123
WP:WP23~B cell receptor signaling,B cell receptor signaling,B cell receptor signaling,WIKIPATHWAYS,1,33.33333333333333,0.0401584339080773,MAPK1,3,1,92,31.71014492753623,0.0401584339080773
WP:WP4746~Thyroid hormones production and peripheral downstream signaling effects,Thyroid hormones production and peripheral downstream signaling effects,Thyroid hormones production and peripheral downstream signaling effects,WIKIPATHWAYS,1,33.33333333333333,0.040294004213130806,MAPK1,3,1,93,31.369175627240143,0.040294004213130806
GO:0106118~regulation of sterol biosynthetic process,regulation of sterol biosynthetic process,"""Any process that modulates the frequency, rate or extent of a sterol biosynthetic process."" [GOC:BHF, GOC:BHF_miRNA, GOC:rph, PMID:16459310]",GOTERM_BP_DIRECT,1,20.0,0.04067486927709118,MAPK1,5,1,23,182.83478260869566,0.04067486927709118
GO:0002757~immune response-activating signaling pathway,immune response-activating signaling pathway,"""The series of molecular signals generated by a ligand binding to its receptor that lead to the activation or perpetuation of an immune response."" [GOC:add]",GOTERM_BP_DIRECT,2,40.0,0.04067486927709118,"MAPK1,NR4A3",5,2,494,17.0251012145749,0.04067486927709118
GO:0090304~nucleic acid metabolic process,nucleic acid metabolic process,"""Any cellular metabolic process involving nucleic acids."" [GOC:dph, GOC:tb]",GOTERM_BP_DIRECT,5,100.0,0.04067486927709118,"MAPK1,ZNF382,MYT1,ZNF716,NR4A3",5,5,7434,2.828356201237557,0.04067486927709118
GO:0045540~regulation of cholesterol biosynthetic process,regulation of cholesterol biosynthetic process,"""Any process that modulates the frequency, rate or extent of the chemical reactions and pathways resulting in the formation of cholesterol."" [GOC:go_curators]",GOTERM_BP_DIRECT,1,20.0,0.04067486927709118,MAPK1,5,1,23,182.83478260869566,0.04067486927709118
GO:0038128~ERBB2 signaling pathway,ERBB2 signaling pathway,"""The series of molecular signals initiated by binding of a ligand to the tyrosine kinase receptor ERBB2 on the surface of a cell. The pathway ends with regulation of a downstream cellular process, e.g. transcription. ERBB2 receptors are themselves unable to bind to ligands, but act as a signal-amplifying tyrosine kinase within a heterodimeric pair."" [GOC:jc, PMID:16460914]",GOTERM_BP_DIRECT,1,20.0,0.04067486927709118,MAPK1,5,1,23,182.83478260869566,0.04067486927709118
WP:WP75~Toll like receptor signaling,Toll like receptor signaling,Toll like receptor signaling,WIKIPATHWAYS,1,33.33333333333333,0.040852905897472695,MAPK1,3,1,95,30.708771929824557,0.040852905897472695
GO:0008270~zinc ion binding,zinc ion binding,"""Binding to a zinc ion (Zn)."" [GOC:ai]",GOTERM_MF_DIRECT,2,40.0,0.040858737959059144,"MYT1,NR4A3",5,2,861,9.405807200929154,0.040858737959059144
REAC:R-HSA-5674135~MAP2K and MAPK activation,MAP2K and MAPK activation,MAP2K and MAPK activation,REACTOME_PATHWAY,1,25.0,0.04159303871765745,MAPK1,4,1,39,70.53846153846155,0.04159303871765745
GO:0060259~regulation of feeding behavior,regulation of feeding behavior,"""Any process that modulates the rate, frequency or extent of the behavior associated with the intake of food."" [GOC:BHF, GOC:dph, GOC:tb]",GOTERM_BP_DIRECT,1,20.0,0.0417681335427766,NR4A3,5,1,26,161.73846153846156,0.0417681335427766
GO:0038095~Fc-epsilon receptor signaling pathway,Fc-epsilon receptor signaling pathway,"""The series of molecular signals initiated by the binding of the Fc portion of immunoglobulin E (IgE) to an Fc-epsilon receptor on the surface of a target cell, and ending with the regulation of a downstream cellular process, e.g. transcription. The Fc portion of an immunoglobulin is its C-terminal constant region."" [GOC:phg, PMID:12413516, PMID:15048725]",GOTERM_BP_DIRECT,1,20.0,0.0417681335427766,NR4A3,5,1,25,168.208,0.0417681335427766
GO:0033598~mammary gland epithelial cell proliferation,mammary gland epithelial cell proliferation,"""The multiplication or reproduction of mammary gland epithelial cells, resulting in the expansion of a cell population. Mammary gland epithelial cells make up the covering of surfaces of the mammary gland. The mammary gland is a large compound sebaceous gland that in female mammals is modified to secrete milk."" [GOC:dph, GOC:mah]",GOTERM_BP_DIRECT,1,20.0,0.0417681335427766,MAPK1,5,1,28,150.18571428571428,0.0417681335427766
GO:0014742~positive regulation of muscle hypertrophy,positive regulation of muscle hypertrophy,"""Any process that activates or increases the frequency, rate or extent of muscle hypertrophy."" [GOC:mtg_muscle]",GOTERM_BP_DIRECT,1,20.0,0.0417681335427766,NR4A3,5,1,27,155.74814814814815,0.0417681335427766
GO:1902932~positive regulation of alcohol biosynthetic process,positive regulation of alcohol biosynthetic process,"""Any process that activates or increases the frequency, rate or extent of alcohol biosynthetic process."" [GO_REF:0000058, GOC:mengo_curators, GOC:TermGenie, PMID:23332010]",GOTERM_BP_DIRECT,1,20.0,0.0417681335427766,MAPK1,5,1,28,150.18571428571428,0.0417681335427766
GO:0010893~positive regulation of steroid biosynthetic process,positive regulation of steroid biosynthetic process,"""Any process that increases the frequency, rate or extent of the chemical reactions and pathways resulting in the formation of steroids, compounds with a 1,2,cyclopentanoperhydrophenanthrene nucleus."" [GOC:tb]",GOTERM_BP_DIRECT,1,20.0,0.0417681335427766,MAPK1,5,1,25,168.208,0.0417681335427766
GO:0010800~positive regulation of peptidyl-threonine phosphorylation,positive regulation of peptidyl-threonine phosphorylation,"""Any process that increases the frequency, rate or extent of peptidyl-threonine phosphorylation. Peptidyl-threonine phosphorylation is the phosphorylation of peptidyl-threonine to form peptidyl-O-phospho-L-threonine."" [GOC:dph, GOC:tb]",GOTERM_BP_DIRECT,1,20.0,0.0417681335427766,MAPK1,5,1,25,168.208,0.0417681335427766
GO:0010613~positive regulation of cardiac muscle hypertrophy,positive regulation of cardiac muscle hypertrophy,"""Any process that increases the rate, frequency or extent of the enlargement or overgrowth of all or part of the heart due to an increase in size (not length) of individual cardiac muscle fibers, without cell division."" [GOC:BHF, GOC:dph, GOC:tb]",GOTERM_BP_DIRECT,1,20.0,0.0417681335427766,NR4A3,5,1,26,161.73846153846156,0.0417681335427766
GO:0002764~immune response-regulating signaling pathway,immune response-regulating signaling pathway,"""The cascade of processes by which a signal interacts with a receptor, causing a change in the level or activity of a second messenger or other downstream target, and ultimately leading to the activation, perpetuation, or inhibition of an immune response."" [GOC:add, ISBN:0781735149, PMID:15771571]",GOTERM_BP_DIRECT,2,40.0,0.0417681335427766,"MAPK1,NR4A3",5,2,540,15.574814814814815,0.0417681335427766
GO:0002253~activation of immune response,activation of immune response,"""Any process that initiates an immune response."" [GO_REF:0000022, GOC:add, ISBN:0781735149]",GOTERM_BP_DIRECT,2,40.0,0.0417681335427766,"MAPK1,NR4A3",5,2,560,15.01857142857143,0.0417681335427766
GO:0030335~positive regulation of cell migration,positive regulation of cell migration,"""Any process that activates or increases the frequency, rate or extent of cell migration."" [GOC:go_curators]",GOTERM_BP_DIRECT,2,40.0,0.0417681335427766,"MAPK1,NR4A3",5,2,559,15.045438282647584,0.0417681335427766
GO:1904752~regulation of vascular associated smooth muscle cell migration,regulation of vascular associated smooth muscle cell migration,"""Any process that modulates the frequency, rate or extent of vascular associated smooth muscle cell migration."" [GO_REF:0000058, GOC:BHF, GOC:BHF_miRNA, GOC:rph, GOC:TermGenie, PMID:20693317]",GOTERM_BP_DIRECT,1,20.0,0.0417681335427766,NR4A3,5,1,28,150.18571428571428,0.0417681335427766
GO:0048520~positive regulation of behavior,positive regulation of behavior,"""Any process that activates or increases the frequency, rate or extent of behavior, the internally coordinated responses (actions or inactions) of whole living organisms (individuals or groups) to internal or external stimuli."" [GOC:jid, GOC:pr]",GOTERM_BP_DIRECT,1,20.0,0.0417681335427766,NR4A3,5,1,26,161.73846153846156,0.0417681335427766
GO:1905523~positive regulation of macrophage migration,positive regulation of macrophage migration,"""Any process that activates or increases the frequency, rate or extent of macrophage migration."" [GO_REF:0000058, GOC:TermGenie, PMID:25749876]",GOTERM_BP_DIRECT,1,20.0,0.0417681335427766,MAPK1,5,1,27,155.74814814814815,0.0417681335427766
WP:WP5475~Hallmark of cancer sustaining proliferative signaling,Hallmark of cancer sustaining proliferative signaling,Hallmark of cancer sustaining proliferative signaling,WIKIPATHWAYS,1,33.33333333333333,0.04182541694575998,MAPK1,3,1,98,29.768707482993193,0.04182541694575998
GO:0044342~type B pancreatic cell proliferation,type B pancreatic cell proliferation,"""The multiplication or reproduction of pancreatic B cells, resulting in the expansion of an pancreatic B cell population. Pancreatic B cell are cells of the pancreas that secrete insulin."" [GOC:jl, GOC:yaf]",GOTERM_BP_DIRECT,1,20.0,0.04186535186133598,NR4A3,5,1,29,145.00689655172414,0.04186535186133598
GO:0010758~regulation of macrophage chemotaxis,regulation of macrophage chemotaxis,"""Any process that modulates the rate, frequency or extent of macrophage chemotaxis. Macrophage chemotaxis is the movement of a macrophage in response to an external stimulus."" [GOC:BHF, GOC:dph, GOC:tb]",GOTERM_BP_DIRECT,1,20.0,0.04186535186133598,MAPK1,5,1,29,145.00689655172414,0.04186535186133598
REAC:R-HSA-9656223~Signaling by RAF1 mutants,Signaling by RAF1 mutants,Signaling by RAF1 mutants,REACTOME_PATHWAY,1,25.0,0.041942812806916224,MAPK1,4,1,40,68.775,0.041942812806916224
REAC:R-HSA-5675221~Negative regulation of MAPK pathway,Negative regulation of MAPK pathway,Negative regulation of MAPK pathway,REACTOME_PATHWAY,1,25.0,0.042227006025083544,MAPK1,4,1,42,65.5,0.042227006025083544
REAC:R-HSA-6802949~Signaling by RAS mutants,Signaling by RAS mutants,Signaling by RAS mutants,REACTOME_PATHWAY,1,25.0,0.042227006025083544,MAPK1,4,1,45,61.13333333333333,0.042227006025083544
REAC:R-HSA-6802955~Paradoxical activation of RAF signaling by kinase inactive BRAF,Paradoxical activation of RAF signaling by kinase inactive BRAF,Paradoxical activation of RAF signaling by kinase inactive BRAF,REACTOME_PATHWAY,1,25.0,0.042227006025083544,MAPK1,4,1,45,61.13333333333333,0.042227006025083544
REAC:R-HSA-9649948~Signaling downstream of RAS mutants,Signaling downstream of RAS mutants,Signaling downstream of RAS mutants,REACTOME_PATHWAY,1,25.0,0.042227006025083544,MAPK1,4,1,45,61.13333333333333,0.042227006025083544
REAC:R-HSA-74751~Insulin receptor signalling cascade,Insulin receptor signalling cascade,Insulin receptor signalling cascade,REACTOME_PATHWAY,1,25.0,0.042227006025083544,MAPK1,4,1,45,61.13333333333333,0.042227006025083544
REAC:R-HSA-6802946~Signaling by moderate kinase activity BRAF mutants,Signaling by moderate kinase activity BRAF mutants,Signaling by moderate kinase activity BRAF mutants,REACTOME_PATHWAY,1,25.0,0.042227006025083544,MAPK1,4,1,45,61.13333333333333,0.042227006025083544
REAC:R-HSA-5654736~Signaling by FGFR1,Signaling by FGFR1,Signaling by FGFR1,REACTOME_PATHWAY,1,25.0,0.042227006025083544,MAPK1,4,1,43,63.97674418604651,0.042227006025083544
GO:1904738~vascular associated smooth muscle cell migration,vascular associated smooth muscle cell migration,"""The orderly movement of a vascular associated smooth muscle cell from one site to another."" [GO_REF:0000091, GOC:BHF, GOC:BHF_miRNA, GOC:rph, GOC:TermGenie, PMID:20693317]",GOTERM_BP_DIRECT,1,20.0,0.04238348482261952,NR4A3,5,1,30,140.17333333333335,0.04238348482261952
GO:0045940~positive regulation of steroid metabolic process,positive regulation of steroid metabolic process,"""Any process that activates or increases the frequency, rate or extent of the chemical reactions and pathways involving steroids."" [GOC:go_curators]",GOTERM_BP_DIRECT,1,20.0,0.04238348482261952,MAPK1,5,1,30,140.17333333333335,0.04238348482261952
WP:WP185~Integrin mediated cell adhesion,Integrin mediated cell adhesion,Integrin mediated cell adhesion,WIKIPATHWAYS,1,33.33333333333333,0.04278316341878932,MAPK1,3,1,101,28.88448844884488,0.04278316341878932
GO:0060674~placenta blood vessel development,placenta blood vessel development,"""The process whose specific outcome is the progression of a blood vessel of the placenta over time, from its formation to the mature structure."" [GOC:dph, PMID:16916377]",GOTERM_BP_DIRECT,1,20.0,0.04335553356553414,MAPK1,5,1,32,131.4125,0.04335553356553414
GO:0030878~thyroid gland development,thyroid gland development,"""The process whose specific outcome is the progression of the thyroid gland over time, from its formation to the mature structure. The thyroid gland is an endoderm-derived gland that produces thyroid hormone."" [GOC:dgh]",GOTERM_BP_DIRECT,1,20.0,0.04335553356553414,MAPK1,5,1,32,131.4125,0.04335553356553414
GO:0002431~Fc receptor mediated stimulatory signaling pathway,Fc receptor mediated stimulatory signaling pathway,"""The series of molecular signals generated as a consequence of a the binding of the Fc portion of an immunoglobulin by an Fc receptor capable of activating or perpetuating an immune response. The Fc portion of an immunoglobulin is its C-terminal constant region."" [GO_REF:0000022, GOC:add, ISBN:0781735149]",GOTERM_BP_DIRECT,1,20.0,0.04335553356553414,NR4A3,5,1,32,131.4125,0.04335553356553414
GO:2000147~positive regulation of cell motility,positive regulation of cell motility,"""Any process that activates or increases the frequency, rate or extent of cell motility."" [GOC:mah]",GOTERM_BP_DIRECT,2,40.0,0.04335553356553414,"MAPK1,NR4A3",5,2,587,14.327768313458263,0.04335553356553414
REAC:R-HSA-437239~Recycling pathway of L1,Recycling pathway of L1,Recycling pathway of L1,REACTOME_PATHWAY,1,25.0,0.04371867346653834,MAPK1,4,1,48,57.3125,0.04371867346653834
REAC:R-HSA-112043~PLC beta mediated events,PLC beta mediated events,PLC beta mediated events,REACTOME_PATHWAY,1,25.0,0.04371867346653834,MAPK1,4,1,48,57.3125,0.04371867346653834
WP:WP1544~MicroRNAs in cardiomyocyte hypertrophy,MicroRNAs in cardiomyocyte hypertrophy,MicroRNAs in cardiomyocyte hypertrophy,WIKIPATHWAYS,1,33.33333333333333,0.043726459756488104,MAPK1,3,1,104,28.05128205128205,0.043726459756488104
GO:0006139~nucleobase-containing compound metabolic process,nucleobase-containing compound metabolic process,"""Any cellular metabolic process involving nucleobases, nucleosides, nucleotides and nucleic acids."" [GOC:ai]",GOTERM_BP_DIRECT,5,100.0,0.0438207389526613,"MAPK1,ZNF382,MYT1,ZNF716,NR4A3",5,5,7992,2.630880880880881,0.0438207389526613
GO:0040017~positive regulation of locomotion,positive regulation of locomotion,"""Any process that activates or increases the frequency, rate or extent of locomotion of a cell or organism."" [GOC:go_curators]",GOTERM_BP_DIRECT,2,40.0,0.0438207389526613,"MAPK1,NR4A3",5,2,603,13.94759535655058,0.0438207389526613
GO:0009112~nucleobase metabolic process,nucleobase metabolic process,"""The chemical reactions and pathways involving a nucleobase, a nitrogenous base that is a constituent of a nucleic acid, e.g. the purines: adenine, guanine, hypoxanthine, xanthine and the pyrimidines: cytosine, uracil, thymine."" [GOC:ma]",GOTERM_BP_DIRECT,1,20.0,0.0438207389526613,MAPK1,5,1,34,123.68235294117648,0.0438207389526613
GO:0061081~positive regulation of myeloid leukocyte cytokine production involved in immune response,positive regulation of myeloid leukocyte cytokine production involved in immune response,"""Any process that modulates the rate, frequency, or extent of the production of a cytokine that contributes to the immune response."" [GOC:BHF, GOC:dph]",GOTERM_BP_DIRECT,1,20.0,0.0438207389526613,NR4A3,5,1,34,123.68235294117648,0.0438207389526613
GO:0071396~cellular response to lipid,cellular response to lipid,"""Any process that results in a change in state or activity of a cell (in terms of movement, secretion, enzyme production, gene expression, etc.) as a result of a lipid stimulus."" [GOC:mah]",GOTERM_BP_DIRECT,2,40.0,0.0438207389526613,"MAPK1,NR4A3",5,2,613,13.720065252854813,0.0438207389526613
WP:WP615~Senescence and autophagy in cancer,Senescence and autophagy in cancer,Senescence and autophagy in cancer,WIKIPATHWAYS,1,33.33333333333333,0.043830983869812996,MAPK1,3,1,105,27.78412698412698,0.043830983869812996
GO:0048598~embryonic morphogenesis,embryonic morphogenesis,"""The process in which anatomical structures are generated and organized during the embryonic phase. The embryonic phase begins with zygote formation. The end of the embryonic phase is organism-specific. For example, it would be at birth for mammals, larval hatching for insects and seed dormancy in plants."" [GOC:jid, GOC:mtg_sensu]",GOTERM_BP_DIRECT,2,40.0,0.04405781485726315,"MAPK1,NR4A3",5,2,620,13.565161290322582,0.04405781485726315
WP:WP5353~Macrophage stimulating protein MSP signaling,Macrophage stimulating protein MSP signaling,Macrophage stimulating protein MSP signaling,WIKIPATHWAYS,1,33.33333333333333,0.044752622989554874,MAPK1,3,1,108,27.012345679012345,0.044752622989554874
WP:WP710~DNA damage response only ATM dependent ,DNA damage response only ATM dependent ,DNA damage response only ATM dependent ,WIKIPATHWAYS,1,33.33333333333333,0.04484819301533976,MAPK1,3,1,109,26.76452599388379,0.04484819301533976
GO:0007169~cell surface receptor protein tyrosine kinase signaling pathway,cell surface receptor protein tyrosine kinase signaling pathway,"""The series of molecular signals initiated by an extracellular ligand binding to a receptor on the surface of the target cell where the receptor possesses tyrosine kinase activity, and ending with the regulation of a downstream cellular process, e.g. transcription."" [GOC:ceb, GOC:signaling]",GOTERM_BP_DIRECT,2,40.0,0.044876354264625294,"MAPK1,NR4A3",5,2,629,13.37106518282989,0.044876354264625294
REAC:R-HSA-2173793~Transcriptional activity of SMAD2/SMAD3:SMAD4 heterotrimer,Transcriptional activity of SMAD2/SMAD3:SMAD4 heterotrimer,Transcriptional activity of SMAD2/SMAD3:SMAD4 heterotrimer,REACTOME_PATHWAY,1,25.0,0.04487746214356933,MAPK1,4,1,50,55.02,0.04487746214356933
WP:WP4874~CAMKK2 pathway,CAMKK2 pathway,CAMKK2 pathway,WIKIPATHWAYS,1,33.33333333333333,0.04494235145201433,MAPK1,3,1,110,26.52121212121212,0.04494235145201433
WP:WP5426~HDAC6 interactions in the central nervous system,HDAC6 interactions in the central nervous system,HDAC6 interactions in the central nervous system,WIKIPATHWAYS,1,33.33333333333333,0.04512654883242973,MAPK1,3,1,112,26.047619047619044,0.04512654883242973
WP:WP3391~Senescence associated secretory phenotype SASP ,Senescence associated secretory phenotype SASP ,Senescence associated secretory phenotype SASP ,WIKIPATHWAYS,1,33.33333333333333,0.04512654883242973,MAPK1,3,1,112,26.047619047619044,0.04512654883242973
WP:WP2263~Androgen receptor network in prostate cancer,Androgen receptor network in prostate cancer,Androgen receptor network in prostate cancer,WIKIPATHWAYS,1,33.33333333333333,0.04521664346616703,MAPK1,3,1,113,25.817109144542773,0.04521664346616703
WP:WP4659~Gastrin signaling,Gastrin signaling,Gastrin signaling,WIKIPATHWAYS,1,33.33333333333333,0.04530543794306071,MAPK1,3,1,114,25.5906432748538,0.04530543794306071
WP:WP2431~Spinal cord injury,Spinal cord injury,Spinal cord injury,WIKIPATHWAYS,1,33.33333333333333,0.04539295827669326,MAPK1,3,1,115,25.368115942028982,0.04539295827669326
GO:0032870~cellular response to hormone stimulus,cellular response to hormone stimulus,"""Any process that results in a change in state or activity of a cell (in terms of movement, secretion, enzyme production, gene expression, etc.) as a result of a hormone stimulus."" [GOC:mah]",GOTERM_BP_DIRECT,2,40.0,0.0456954929063117,"MAPK1,NR4A3",5,2,638,13.182445141065832,0.0456954929063117
GO:1901699~cellular response to nitrogen compound,cellular response to nitrogen compound,"""Any process that results in a change in state or activity of a cell (in terms of movement, secretion, enzyme production, gene expression, etc.) as a result of a nitrogen compound stimulus."" [GOC:pr, GOC:TermGenie]",GOTERM_BP_DIRECT,2,40.0,0.04580863106520749,"MAPK1,NR4A3",5,2,645,13.03937984496124,0.04580863106520749
GO:0071276~cellular response to cadmium ion,cellular response to cadmium ion,"""Any process that results in a change in state or activity of a cell (in terms of movement, secretion, enzyme production, gene expression, etc.) as a result of a cadmium (Cd) ion stimulus."" [GOC:mah]",GOTERM_BP_DIRECT,1,20.0,0.04580863106520749,MAPK1,5,1,37,113.65405405405406,0.04580863106520749
GO:1904707~positive regulation of vascular associated smooth muscle cell proliferation,positive regulation of vascular associated smooth muscle cell proliferation,"""Any process that activates or increases the frequency, rate or extent of vascular smooth muscle cell proliferation."" [GO_REF:0000058, GOC:TermGenie, PMID:23246467]",GOTERM_BP_DIRECT,1,20.0,0.0458420108425359,NR4A3,5,1,38,110.66315789473684,0.0458420108425359
GO:0010799~regulation of peptidyl-threonine phosphorylation,regulation of peptidyl-threonine phosphorylation,"""Any process that modulates the frequency, rate or extent of peptidyl-threonine phosphorylation. Peptidyl-threonine phosphorylation is the phosphorylation of peptidyl-threonine to form peptidyl-O-phospho-L-threonine."" [GOC:dph, GOC:tb]",GOTERM_BP_DIRECT,1,20.0,0.0458420108425359,MAPK1,5,1,38,110.66315789473684,0.0458420108425359
WP:WP3931~Embryonic stem cell pluripotency pathways,Embryonic stem cell pluripotency pathways,Embryonic stem cell pluripotency pathways,WIKIPATHWAYS,1,33.33333333333333,0.045866027325434974,MAPK1,3,1,117,24.934472934472932,0.045866027325434974
WP:WP4787~Osteoblast differentiation and related diseases,Osteoblast differentiation and related diseases,Osteoblast differentiation and related diseases,WIKIPATHWAYS,1,33.33333333333333,0.045948440960020896,MAPK1,3,1,118,24.723163841807906,0.045948440960020896
GO:0090181~regulation of cholesterol metabolic process,regulation of cholesterol metabolic process,"""Any process that modulates the rate, frequency, or extent of cholesterol metabolism, the chemical reactions and pathways involving cholesterol, cholest-5-en-3 beta-ol, the principal sterol of vertebrates and the precursor of many steroids, including bile acids and steroid hormones."" [GOC:BHF, GOC:dph, GOC:tb]",GOTERM_BP_DIRECT,1,20.0,0.046203834370482366,MAPK1,5,1,39,107.82564102564103,0.046203834370482366
GO:0032872~regulation of stress-activated MAPK cascade,regulation of stress-activated MAPK cascade,"""Any process that modulates the frequency, rate or extent of signal transduction mediated by the stress-activated MAPK cascade."" [GOC:mah]",GOTERM_BP_DIRECT,1,20.0,0.046203834370482366,MAPK1,5,1,39,107.82564102564103,0.046203834370482366
WP:WP5470~Effect of omega 3 PUFA on Huntington 39 s disease pathways,Effect of omega 3 PUFA on Huntington 39 s disease pathways,Effect of omega 3 PUFA on Huntington 39 s disease pathways,WIKIPATHWAYS,1,33.33333333333333,0.04641116502124412,MAPK1,3,1,120,24.31111111111111,0.04641116502124412
WP:WP4549~Fragile X syndrome,Fragile X syndrome,Fragile X syndrome,WIKIPATHWAYS,1,33.33333333333333,0.04648870502551053,MAPK1,3,1,121,24.110192837465565,0.04648870502551053
REAC:R-HSA-112040~G-protein mediated events,G-protein mediated events,G-protein mediated events,REACTOME_PATHWAY,1,25.0,0.04688091534567596,MAPK1,4,1,53,51.90566037735849,0.04688091534567596
GO:0014911~positive regulation of smooth muscle cell migration,positive regulation of smooth muscle cell migration,"""Any process that activates, maintains or increases the frequency, rate or extent of smooth muscle cell migration."" [CL:0000192, GOC:mtg_muscle]",GOTERM_BP_DIRECT,1,20.0,0.04696471246181635,NR4A3,5,1,40,105.13,0.04696471246181635
REAC:R-HSA-109606~Intrinsic Pathway for Apoptosis,Intrinsic Pathway for Apoptosis,Intrinsic Pathway for Apoptosis,REACTOME_PATHWAY,1,25.0,0.04709562546358954,MAPK1,4,1,54,50.94444444444444,0.04709562546358954
GO:0007610~behavior,behavior,"""The internally coordinated responses (actions or inactions) of animals (individuals or groups) to internal or external stimuli, via a mechanism that involves nervous system activity."" [GOC:ems, GOC:jl, ISBN:0395448956, PMID:20160973]",GOTERM_BP_DIRECT,2,40.0,0.04725835457313351,"MAPK1,NR4A3",5,2,674,12.47833827893175,0.04725835457313351
GO:0070302~regulation of stress-activated protein kinase signaling cascade,regulation of stress-activated protein kinase signaling cascade,"""Any process that modulates the frequency, rate or extent of signaling via a stress-activated protein kinase signaling cascade."" [GOC:mah]",GOTERM_BP_DIRECT,1,20.0,0.047297133672648504,MAPK1,5,1,41,102.5658536585366,0.047297133672648504
GO:0048246~macrophage chemotaxis,macrophage chemotaxis,"""The movement of a macrophage in response to an external stimulus."" [GOC:jid]",GOTERM_BP_DIRECT,1,20.0,0.04761797474875304,MAPK1,5,1,42,100.12380952380953,0.04761797474875304
GO:0045022~early endosome to late endosome transport,early endosome to late endosome transport,"""The directed movement of substances, in membrane-bounded vesicles, from the early sorting endosomes to the late sorting endosomes; transport occurs along microtubules and can be experimentally blocked with microtubule-depolymerizing drugs."" [ISBN:0815316194, PMID:29980602]",GOTERM_BP_DIRECT,1,20.0,0.04761797474875304,MAPK1,5,1,42,100.12380952380953,0.04761797474875304
GO:0014044~Schwann cell development,Schwann cell development,"""The process aimed at the progression of a Schwann cell over time, from initial commitment of the cell to a specific fate, to the fully functional differentiated cell. Schwann cells are found in the peripheral nervous system, where they insulate neurons and axons, and regulate the environment in which neurons function."" [GOC:dgh, GOC:ef]",GOTERM_BP_DIRECT,1,20.0,0.04833398755537965,MAPK1,5,1,43,97.7953488372093,0.04833398755537965
WP:WP4217~Ebola virus infection in host,Ebola virus infection in host,Ebola virus infection in host,WIKIPATHWAYS,1,33.33333333333333,0.0488216021775541,MAPK1,3,1,128,22.791666666666664,0.0488216021775541
GO:0010828~positive regulation of D-glucose transmembrane transport,positive regulation of D-glucose transmembrane transport,"""Any process that increases the frequency, rate or extent of glucose transport across a membrane. Glucose transport is the directed movement of the hexose monosaccharide glucose into, out of or within a cell, or between cells, by means of some agent such as a transporter or pore."" [GOC:BHF, GOC:dph, GOC:tb]",GOTERM_BP_DIRECT,1,20.0,0.0490377549054464,NR4A3,5,1,44,95.57272727272728,0.0490377549054464
GO:1905521~regulation of macrophage migration,regulation of macrophage migration,"""Any process that modulates the frequency, rate or extent of macrophage migration."" [GO_REF:0000058, GOC:TermGenie, PMID:25749876]",GOTERM_BP_DIRECT,1,20.0,0.04972958296537226,MAPK1,5,1,45,93.44888888888889,0.04972958296537226
REAC:R-HSA-375165~NCAM signaling for neurite out-growth,NCAM signaling for neurite out-growth,NCAM signaling for neurite out-growth,REACTOME_PATHWAY,1,25.0,0.04986403349693565,MAPK1,4,1,58,47.43103448275862,0.04986403349693565
