"EdgeBetweenness","Host_organism_taxid","interaction","irefindex_check","mean_prob_aff","method","name","numParticipants","OP_A","OP_B","OP_check","Predicted Classes","Probability Score","Regression Value","score_norm","selected","shared interaction","shared name","stringdb_check","uidA","uidA_irefindex","uidB","uidB_irefindex"
"40.0","","interacts with","0","0.559198996","","CYB5R1 (interacts with) KCNA5",,"0","0","0","1","0.717073171","0.401324821",,"false","interacts with","CYB5R1 (interacts with) KCNA5","0","Q9UHQ9","","P22460",""
"3.0","","interacts with","0","0.476387142","","SRRM2 (interacts with) IMMT",,"0","0","0","1","0.551219512","0.401554771",,"false","interacts with","SRRM2 (interacts with) IMMT","0","Q9UQ35","","Q16891",""
"3.0","","interacts with","0","0.469070177","","RAMAC (interacts with) RPL3",,"0","0","0","1","0.536585366","0.401554988",,"false","interacts with","RAMAC (interacts with) RPL3","0","Q9BTL3","","P39023",""
"2.0","","interacts with","0","0.461816136","","TPR (interacts with) BMP7",,"0","1","1","1","0.52195122","0.401681052",,"false","interacts with","TPR (interacts with) BMP7","0","P12270","","P18075",""
"0.0","","interacts with","0","0.568118692","","PGR (interacts with) PGR",,"1","1","1","1","0.726829268","0.409408115",,"false","interacts with","PGR (interacts with) PGR","0","P06401","","P06401",""
"343.66666666666663","","interacts with","0","0.46177701","","PRSS8 (interacts with) RIN3",,"0","0","0","1","0.52195122","0.401602801",,"false","interacts with","PRSS8 (interacts with) RIN3","0","Q16651","","Q8TB24",""
"4.666666666666666","","interacts with","0","0.464192002","","SF3A1 (interacts with) HOXD13",,"0","0","0","1","0.526829268","0.401554736",,"false","interacts with","SF3A1 (interacts with) HOXD13","0","Q15459","","P35453",""
"22.0","","interacts with","0","0.476387088","","CENPL (interacts with) THNSL2",,"0","0","0","1","0.551219512","0.401554663",,"false","interacts with","CENPL (interacts with) THNSL2","0","Q8N0S6","","Q86YJ6",""
"22.0","","interacts with","0","0.461752951","","PSMA4 (interacts with) TRIB1",,"0","0","0","1","0.52195122","0.401554683",,"false","interacts with","PSMA4 (interacts with) TRIB1","0","P25789","","Q96RU8",""
"3.0","","interacts with","0","0.476387178","","DZIP1 (interacts with) SULT1C3",,"0","0","0","1","0.551219512","0.401554844",,"false","interacts with","DZIP1 (interacts with) SULT1C3","0","Q86YF9","","Q6IMI6",""
"76.0","","interacts with","0","0.461777098","","TPMT (interacts with) CCDC7",,"0","0","0","1","0.52195122","0.401602976",,"false","interacts with","TPMT (interacts with) CCDC7","0","P51580","","Q96M83",""
"66.0","","interacts with","0","0.561662261","","CYB5R1 (interacts with) TTYH1",,"0","0","0","1","0.72195122","0.401373303",,"false","interacts with","CYB5R1 (interacts with) TTYH1","0","Q9UHQ9","","Q9H313",""
"2.0","","interacts with","0","0.464255247","","PECAM1 (interacts with) COL5A3",,"0","1","1","1","0.526829268","0.401681227",,"false","interacts with","PECAM1 (interacts with) COL5A3","0","P16284","","P25940",""
"5.4","","interacts with","0","0.4617772","","SMC1B (interacts with) ZNF221",,"0","0","0","1","0.52195122","0.401603181",,"false","interacts with","SMC1B (interacts with) ZNF221","0","Q8NDV3","","Q9UK13",""
"23.0","","interacts with","0","0.476387064","","PRR14L (interacts with) TRIM36",,"0","0","0","1","0.551219512","0.401554615",,"false","interacts with","PRR14L (interacts with) TRIM36","0","Q5THK1","","Q9NQ86",""
"24.800000000000008","","interacts with","0","0.476426152","","MYC (interacts with) PMS2",,"1","0","1","1","0.551219512","0.401632792",,"false","interacts with","MYC (interacts with) PMS2","0","P01106","","P54278",""
"5.0","","interacts with","0","0.476426321","","BMP7 (interacts with) ASXL2",,"1","0","1","1","0.551219512","0.40163313",,"false","interacts with","BMP7 (interacts with) ASXL2","0","P18075","","Q76L83",""
"3.5666666666666664","","interacts with","0","0.461753115","","RAMAC (interacts with) NEDD1",,"0","0","0","1","0.52195122","0.401555011",,"false","interacts with","RAMAC (interacts with) NEDD1","0","Q9BTL3","","Q8NHV4",""
"4.666666666666666","","interacts with","0","0.476387423","","SF3A1 (interacts with) KYNU",,"0","0","0","1","0.551219512","0.401555334",,"false","interacts with","SF3A1 (interacts with) KYNU","0","Q15459","","Q16719",""
"3.566666666666667","","interacts with","0","0.464216184","","RAMAC (interacts with) OFD1",,"0","0","0","1","0.526829268","0.4016031",,"false","interacts with","RAMAC (interacts with) OFD1","0","Q9BTL3","","O75665",""
"28.0","","interacts with","0","0.593390714","","SYT17 (interacts with) POF1B",,"0","0","0","1","0.785365854","0.401415575",,"false","interacts with","SYT17 (interacts with) POF1B","0","Q9BSW7","","Q8WVV4",""
"5.899999999999999","","interacts with","0","0.469070216","","RAMAC (interacts with) CFAP100",,"0","0","0","1","0.536585366","0.401555067",,"false","interacts with","RAMAC (interacts with) CFAP100","0","Q9BTL3","","Q494V2",""
"3.3333333333333335","","interacts with","0","0.476387408","","FAM20A (interacts with) ADORA3",,"0","0","0","1","0.551219512","0.401555304",,"false","interacts with","FAM20A (interacts with) ADORA3","0","Q96MK3","","P0DMS8",""
"6.4","","interacts with","0","0.461777113","","SMC1B (interacts with) CARD8",,"0","0","0","1","0.52195122","0.401603006",,"false","interacts with","SMC1B (interacts with) CARD8","0","Q8NDV3","","Q9Y2G2",""
"5.333333333333333","","interacts with","0","0.469070249","","HPD (interacts with) FAM20A",,"0","0","0","1","0.536585366","0.401555132",,"false","interacts with","HPD (interacts with) FAM20A","0","P32754","","Q96MK3",""
"6.4","","interacts with","0","0.464216147","","SMC1B (interacts with) AADACL4",,"0","0","0","1","0.526829268","0.401603025",,"false","interacts with","SMC1B (interacts with) AADACL4","0","Q8NDV3","","Q5VUY2",""
"6.333333333333333","","interacts with","0","0.469070423","","HPD (interacts with) PSMD12",,"0","0","0","1","0.536585366","0.40155548",,"false","interacts with","HPD (interacts with) PSMD12","0","P32754","","O00232",""
"3.0","","interacts with","0","0.476426273","","CTSK (interacts with) PWWP3A",,"1","0","1","1","0.551219512","0.401633033",,"false","interacts with","CTSK (interacts with) PWWP3A","0","P43235","","Q2TAK8",""
"2.0","","interacts with","0","0.476387328","","ZNF629 (interacts with) PPWD1",,"0","0","0","1","0.551219512","0.401555143",,"false","interacts with","ZNF629 (interacts with) PPWD1","0","Q9UEG4","","Q96BP3",""
"204.052380952381","","interacts with","0","0.571496331","","MIER2 (interacts with) IL16",,"0","0","0","1","0.741463415","0.401529248",,"false","interacts with","MIER2 (interacts with) IL16","0","Q8N344","","Q14005",""
"22.0","","interacts with","0","0.476388287","","SYT17 (interacts with) CLNK",,"0","0","0","1","0.551219512","0.401557062",,"false","interacts with","SYT17 (interacts with) CLNK","0","Q9BSW7","","Q7Z7G1",""
"40.0","","interacts with","0","0.476426341","","TNFSF11 (interacts with) ZNF185",,"1","0","1","1","0.551219512","0.401633169",,"false","interacts with","TNFSF11 (interacts with) ZNF185","0","O14788","","O15231",""
"52.0","","interacts with","0","0.46419266","","CENPL (interacts with) TTYH1",,"0","0","0","1","0.526829268","0.401556052",,"false","interacts with","CENPL (interacts with) TTYH1","0","Q8N0S6","","Q9H313",""
"4.5","","interacts with","0","0.464231295","","MYCL (interacts with) RPL3",,"1","0","1","1","0.526829268","0.401633322",,"false","interacts with","MYCL (interacts with) RPL3","0","P12524","","P39023",""
"12.0","","interacts with","0","0.476426166","","BCL2 (interacts with) CGN",,"1","0","1","1","0.551219512","0.401632819",,"false","interacts with","BCL2 (interacts with) CGN","0","P10415","","Q9P2M7",""
"39.0","","interacts with","0","0.464231678","","CNR2 (interacts with) SULT1C3",,"1","0","1","1","0.526829268","0.401634087",,"false","interacts with","CNR2 (interacts with) SULT1C3","0","P34972","","Q6IMI6",""
"11.666666666666666","","interacts with","0","0.476426425","","MYC (interacts with) OR51M1",,"1","0","1","1","0.551219512","0.401633338",,"false","interacts with","MYC (interacts with) OR51M1","0","P01106","","Q9H341",""
"22.0","","interacts with","0","0.469109671","","PSMA4 (interacts with) UCP3",,"0","0","0","1","0.536585366","0.401633975",,"false","interacts with","PSMA4 (interacts with) UCP3","0","P25789","","P55916",""
"5.0","","interacts with","0","0.47638701","","HPD (interacts with) UAP1",,"0","0","0","1","0.551219512","0.401554507",,"false","interacts with","HPD (interacts with) UAP1","0","P32754","","Q16222",""
"64.0","","interacts with","0","0.595255701","","PECAM1 (interacts with) JUP",,"0","0","0","1","0.790243902","0.4002675",,"false","interacts with","PECAM1 (interacts with) JUP","0","P16284","","P14923",""
"60.0","","interacts with","0","0.476387131","","TRMT1 (interacts with) CKMT1B",,"0","0","0","1","0.551219512","0.401554749",,"false","interacts with","TRMT1 (interacts with) CKMT1B","0","Q9NXH9","","P12532",""
"3.0","","interacts with","0","0.476426269","","MAPK14 (interacts with) YME1L1",,"1","0","1","1","0.551219512","0.401633026",,"false","interacts with","MAPK14 (interacts with) YME1L1","0","Q16539","","Q96TA2",""
"67.46666666666667","","interacts with","0","0.476426165","","MYC (interacts with) PHC2",,"1","0","1","1","0.551219512","0.401632818",,"false","interacts with","MYC (interacts with) PHC2","0","P01106","","Q8IXK0",""
"4.666666666666666","","interacts with","0","0.476426464","","SF3A1 (interacts with) GPR141",,"0","0","0","1","0.551219512","0.401633415",,"false","interacts with","SF3A1 (interacts with) GPR141","0","Q15459","","Q7Z602",""
"21.000000000000004","","interacts with","0","0.4617532","","NPAS1 (interacts with) UVSSA",,"0","0","0","1","0.52195122","0.401555181",,"false","interacts with","NPAS1 (interacts with) UVSSA","0","Q99742","","Q2YD98",""
"28.0","","interacts with","0","0.476387402","","SYT17 (interacts with) ST6GALNAC6",,"0","0","0","1","0.551219512","0.401555291",,"false","interacts with","SYT17 (interacts with) ST6GALNAC6","0","Q9BSW7","","Q969X2",""
"126.0","","interacts with","0","0.476387286","","SYT17 (interacts with) MPPED2",,"0","0","0","1","0.551219512","0.40155506",,"false","interacts with","SYT17 (interacts with) MPPED2","0","Q9BSW7","","Q15777",""
"12.333333333333336","","interacts with","0","0.464192185","","NPAS1 (interacts with) KIR3DL1",,"0","0","0","1","0.526829268","0.401555102",,"false","interacts with","NPAS1 (interacts with) KIR3DL1","0","Q99742","","P43629",""
"459.0","","interacts with","0","0.476387029","","TRMT1 (interacts with) RCN1",,"0","0","0","1","0.551219512","0.401554545",,"false","interacts with","TRMT1 (interacts with) RCN1","0","Q9NXH9","","Q15293",""
"31.0","","interacts with","0","0.464192226","","NBPF6 (interacts with) CALHM2",,"0","0","0","1","0.526829268","0.401555183",,"false","interacts with","NBPF6 (interacts with) CALHM2","0","Q5VWK0","","Q9HA72",""
"10.0","","interacts with","0","0.476426354","","COL1A2 (interacts with) OIT3",,"1","0","1","1","0.551219512","0.401633196",,"false","interacts with","COL1A2 (interacts with) OIT3","0","P08123","","Q8WWZ8",""
"2.0","","interacts with","0","0.591022336","","DAZAP2 (interacts with) KRTAP8-1",,"0","0","0","1","0.780487805","0.401556868",,"false","interacts with","DAZAP2 (interacts with) KRTAP8-1","0","Q15038","","Q8IUC2",""
"24.0","","interacts with","0","0.476387147","","HPD (interacts with) PDZD4",,"0","0","0","1","0.551219512","0.401554782",,"false","interacts with","HPD (interacts with) PDZD4","0","P32754","","Q76G19",""
"5.0","","interacts with","0","0.464216075","","TPR (interacts with) SULT1A4",,"0","0","0","1","0.526829268","0.401602881",,"false","interacts with","TPR (interacts with) SULT1A4","0","P12270","","P0DMN0",""
"141.6809523809524","","interacts with","0","0.476426252","","TP53 (interacts with) ZNF526",,"1","0","1","1","0.551219512","0.401632991",,"false","interacts with","TP53 (interacts with) ZNF526","0","P04637","","Q8TF50",""
"2.0","","interacts with","0","0.464192566","","C6orf118 (interacts with) ZNF185",,"0","0","0","1","0.526829268","0.401555864",,"false","interacts with","C6orf118 (interacts with) ZNF185","0","Q5T5N4","","O15231",""
"91.0","","interacts with","0","0.476387167","","TRMT1 (interacts with) CALHM2",,"0","0","0","1","0.551219512","0.401554821",,"false","interacts with","TRMT1 (interacts with) CALHM2","0","Q9NXH9","","Q9HA72",""
"12.0","","interacts with","0","0.476387088","","REELD1 (interacts with) CGN",,"0","0","0","1","0.551219512","0.401554664",,"false","interacts with","REELD1 (interacts with) CGN","0","A0A1B0GV85","","Q9P2M7",""
"5.666666666666666","","interacts with","0","0.476387131","","BCL9 (interacts with) PAK4",,"0","0","0","1","0.551219512","0.401554749",,"false","interacts with","BCL9 (interacts with) PAK4","0","O00512","","O96013",""
"71.16666666666666","","interacts with","0","0.476387716","","OR51M1 (interacts with) TRIM55",,"0","0","0","1","0.551219512","0.401555919",,"false","interacts with","OR51M1 (interacts with) TRIM55","0","Q9H341","","Q9BYV6",""
"76.66666666666667","","interacts with","0","0.461777067","","PRSS8 (interacts with) BRDT",,"0","0","0","1","0.52195122","0.401602915",,"false","interacts with","PRSS8 (interacts with) BRDT","0","Q16651","","Q58F21",""
"4.666666666666666","","interacts with","0","0.476387313","","SF3A1 (interacts with) OR9A1P",,"0","0","0","1","0.551219512","0.401555114",,"false","interacts with","SF3A1 (interacts with) OR9A1P","0","Q15459","","Q8NGU1",""
"12.799999999999995","","interacts with","0","0.476387218","","OR51M1 (interacts with) PMS2",,"0","0","0","1","0.551219512","0.401554924",,"false","interacts with","OR51M1 (interacts with) PMS2","0","Q9H341","","P54278",""
"2.0","","interacts with","0","0.476387361","","REELD1 (interacts with) FAM86B2",,"0","0","0","1","0.551219512","0.401555211",,"false","interacts with","REELD1 (interacts with) FAM86B2","0","A0A1B0GV85","","P0C5J1",""
"4.666666666666666","","interacts with","0","0.461777057","","TPR (interacts with) SKI",,"0","0","0","1","0.52195122","0.401602894",,"false","interacts with","TPR (interacts with) SKI","0","P12270","","P12755",""
"70.63333333333334","","interacts with","0","0.47638721","","OR51M1 (interacts with) PHC2",,"0","0","0","1","0.551219512","0.401554907",,"false","interacts with","OR51M1 (interacts with) PHC2","0","Q9H341","","Q8IXK0",""
"18.0","","interacts with","0","0.476426219","","PRKACA (interacts with) FAM184B",,"1","0","1","1","0.551219512","0.401632925",,"false","interacts with","PRKACA (interacts with) FAM184B","0","P17612","","Q9ULE4",""
"3.0","","interacts with","0","0.561492876","","DAZAP2 (interacts with) PROP1",,"0","0","0","1","0.72195122","0.401034532",,"false","interacts with","DAZAP2 (interacts with) PROP1","0","Q15038","","O75360",""
"60.0","","interacts with","0","0.461752978","","TRMT1 (interacts with) ZNF449",,"0","0","0","1","0.52195122","0.401554736",,"false","interacts with","TRMT1 (interacts with) ZNF449","0","Q9NXH9","","Q6P9G9",""
"98.63333333333334","","interacts with","0","0.464192294","","EFCAB9 (interacts with) TRIM55",,"0","0","0","1","0.526829268","0.401555319",,"false","interacts with","EFCAB9 (interacts with) TRIM55","0","A8MZ26","","Q9BYV6",""
"3.0","","interacts with","0","0.47638712","","SRRM2 (interacts with) YME1L1",,"0","0","0","1","0.551219512","0.401554727",,"false","interacts with","SRRM2 (interacts with) YME1L1","0","Q9UQ35","","Q96TA2",""
"14.799999999999994","","interacts with","0","0.476387214","","EFCAB9 (interacts with) PMS2",,"0","0","0","1","0.551219512","0.401554915",,"false","interacts with","EFCAB9 (interacts with) PMS2","0","A8MZ26","","P54278",""
"60.0","","interacts with","0","0.476387022","","TRMT1 (interacts with) PUS1",,"0","0","0","1","0.551219512","0.401554532",,"false","interacts with","TRMT1 (interacts with) PUS1","0","Q9NXH9","","Q9Y606",""
"33.46666666666667","","interacts with","0","0.464192475","","EFCAB9 (interacts with) MAGEB6B",,"0","0","0","1","0.526829268","0.401555681",,"false","interacts with","EFCAB9 (interacts with) MAGEB6B","0","A8MZ26","","A0A0J9YX57",""
"2.0","","interacts with","0","0.476387197","","REELD1 (interacts with) SLC48A1",,"0","0","0","1","0.551219512","0.401554882",,"false","interacts with","REELD1 (interacts with) SLC48A1","0","A0A1B0GV85","","Q6P1K1",""
"68.63333333333334","","interacts with","0","0.464192121","","EFCAB9 (interacts with) PHC2",,"0","0","0","1","0.526829268","0.401554973",,"false","interacts with","EFCAB9 (interacts with) PHC2","0","A8MZ26","","Q8IXK0",""
"5.0","","interacts with","0","0.476426196","","COL5A2 (interacts with) SYPL1",,"1","0","1","1","0.551219512","0.401632879",,"false","interacts with","COL5A2 (interacts with) SYPL1","0","P05997","","Q16563",""
"0.0","","interacts with","0","0.677821383","","MYC (interacts with) MYC",,"1","1","1","1","0.946341463","0.409301303",,"false","interacts with","MYC (interacts with) MYC","0","P01106","","P01106",""
"855.9333333333335","","interacts with","0","0.564162451","","TRIM23 (interacts with) TRIM55",,"0","0","0","1","0.726829268","0.401495633",,"false","interacts with","TRIM23 (interacts with) TRIM55","0","P36406","","Q9BYV6",""
"3.0","","interacts with","0","0.561637924","","KRTAP8-1 (interacts with) PROP1",,"0","0","0","1","0.72195122","0.401324628",,"false","interacts with","KRTAP8-1 (interacts with) PROP1","0","Q8IUC2","","O75360",""
"5.0","","interacts with","0","0.464216193","","TPR (interacts with) ASXL2",,"0","0","0","1","0.526829268","0.401603117",,"false","interacts with","TPR (interacts with) ASXL2","0","P12270","","Q76L83",""
"292.0","","interacts with","0","0.476387228",""," (interacts with) HNRNPM",,"0","0","0","1","0.551219512","0.401554945",,"false","interacts with"," (interacts with) HNRNPM","0","Q6ZVL8","","P52272",""
"3.0","","interacts with","0","0.476387199","","TAF4B (interacts with) SMAGP",,"0","0","0","1","0.551219512","0.401554886",,"false","interacts with","TAF4B (interacts with) SMAGP","0","Q92750","","Q0VAQ4",""
"3.0","","interacts with","0","0.476387246","","TAF4B (interacts with) H2BC18",,"0","0","0","1","0.551219512","0.40155498",,"false","interacts with","TAF4B (interacts with) H2BC18","0","Q92750","","Q5QNW6",""
"39.0","","interacts with","0","0.476426281","","CNR2 (interacts with) TBCE",,"1","0","1","1","0.551219512","0.40163305",,"false","interacts with","CNR2 (interacts with) TBCE","0","P34972","","Q15813",""
"5.999999999999998","","interacts with","0","0.476387312","","SF3A1 (interacts with) OIT3",,"0","0","0","1","0.551219512","0.401555112",,"false","interacts with","SF3A1 (interacts with) OIT3","0","Q15459","","Q8WWZ8",""
"4.666666666666666","","interacts with","0","0.476387241","","BCL9 (interacts with) SGCA",,"0","0","0","1","0.551219512","0.40155497",,"false","interacts with","BCL9 (interacts with) SGCA","0","O00512","","Q16586",""
"179.0","","interacts with","0","0.464192001","","TRMT1 (interacts with) ST8SIA4",,"0","0","0","1","0.526829268","0.401554733",,"false","interacts with","TRMT1 (interacts with) ST8SIA4","0","Q9NXH9","","Q92187",""
"3.619047619047619","","interacts with","0","0.476387105","","TRAPPC14 (interacts with) GOLGA3",,"0","0","0","1","0.551219512","0.401554698",,"false","interacts with","TRAPPC14 (interacts with) GOLGA3","0","Q8WVR3","","Q08378",""
"213.0190476190476","","interacts with","0","0.561629798","","TRIM23 (interacts with) RUFY1",,"0","0","0","1","0.72195122","0.401308377",,"false","interacts with","TRIM23 (interacts with) RUFY1","0","P36406","","Q96T51",""
"217.2714285714286","","interacts with","0","0.564122601","","TCTN1 (interacts with) TCTN3",,"0","0","0","1","0.726829268","0.401415933",,"false","interacts with","TCTN1 (interacts with) TCTN3","0","Q2MV58","","Q6NUS6",""
"4.0","","interacts with","0","0.464216133","","TPR (interacts with) NXPH1",,"0","0","0","1","0.526829268","0.401602998",,"false","interacts with","TPR (interacts with) NXPH1","0","P12270","","P58417",""
"671.7476190476193","","interacts with","0","0.469069992","","TRIM23 (interacts with) AICDA",,"0","0","0","1","0.536585366","0.401554618",,"false","interacts with","TRIM23 (interacts with) AICDA","0","P36406","","Q9GZX7",""
"76.0","","interacts with","0","0.464231162","","BMP2 (interacts with) TPMT",,"1","0","1","1","0.526829268","0.401633055",,"false","interacts with","BMP2 (interacts with) TPMT","0","P12643","","P51580",""
"75.0","","interacts with","0","0.476387212",""," (interacts with) TRAF3IP1",,"0","0","0","1","0.551219512","0.401554912",,"false","interacts with"," (interacts with) TRAF3IP1","0","Q6ZVL8","","Q8TDR0",""
"7.666666666666667","","interacts with","0","0.476387115","","TRAPPC14 (interacts with) TMF1",,"0","0","0","1","0.551219512","0.401554718",,"false","interacts with","TRAPPC14 (interacts with) TMF1","0","Q8WVR3","","P82094",""
"111.0","","interacts with","0","0.564100384","","LACC1 (interacts with) PPP2CA",,"0","0","0","1","0.726829268","0.4013715",,"false","interacts with","LACC1 (interacts with) PPP2CA","0","Q8IV20","","P67775",""
"8.666666666666666","","interacts with","0","0.476426212","","COL1A2 (interacts with) GPR141",,"1","0","1","1","0.551219512","0.401632911",,"false","interacts with","COL1A2 (interacts with) GPR141","0","P08123","","Q7Z602",""
"75.0","","interacts with","0","0.461753008",""," (interacts with) SPZ1",,"0","0","0","1","0.52195122","0.401554797",,"false","interacts with"," (interacts with) SPZ1","0","Q6ZVL8","","Q9BXG8",""
"6.619047619047618","","interacts with","0","0.476387152","","TRAPPC14 (interacts with) EDDM3A",,"0","0","0","1","0.551219512","0.401554792",,"false","interacts with","TRAPPC14 (interacts with) EDDM3A","0","Q8WVR3","","Q14507",""
"69.0","","interacts with","0","0.464192142","","LACC1 (interacts with) TSC22D2",,"0","0","0","1","0.526829268","0.401555015",,"false","interacts with","LACC1 (interacts with) TSC22D2","0","Q8IV20","","O75157",""
"2.0","","interacts with","0","0.4763872","","SCN3B (interacts with) DNAAF1",,"0","0","0","1","0.551219512","0.401554889",,"false","interacts with","SCN3B (interacts with) DNAAF1","0","Q9NY72","","Q8NEP3",""
"2.0","","interacts with","0","0.573823456","","REST (interacts with) EIF2S1",,"0","0","0","1","0.746341463","0.401305449",,"false","interacts with","REST (interacts with) EIF2S1","0","Q13127","","P05198",""
"200.1333333333334","","interacts with","0","0.476387129","","TRIM23 (interacts with) IL34",,"0","0","0","1","0.551219512","0.401554747",,"false","interacts with","TRIM23 (interacts with) IL34","0","P36406","","Q6ZMJ4",""
"61.0","","interacts with","0","0.4764263","","SRC (interacts with) RAD54B",,"1","0","1","1","0.551219512","0.401633087",,"false","interacts with","SRC (interacts with) RAD54B","0","P12931","","Q9Y620",""
"457.55238095238093","","interacts with","0","0.461777042","","TRIM23 (interacts with) BDP1",,"0","0","0","1","0.52195122","0.401602864",,"false","interacts with","TRIM23 (interacts with) BDP1","0","P36406","","A6H8Y1",""
"13.0","","interacts with","0","0.476426183","","COL1A2 (interacts with) GTF2H1",,"1","0","1","1","0.551219512","0.401632855",,"false","interacts with","COL1A2 (interacts with) GTF2H1","0","P08123","","P32780",""
"331.33333333333326","","interacts with","0","0.476426255","","BMP2 (interacts with) ZNF165",,"1","0","1","1","0.551219512","0.401632997",,"false","interacts with","BMP2 (interacts with) ZNF165","0","P12643","","P49910",""
"4.0","","interacts with","0","0.476387022","","KCNA7 (interacts with) TIMP4",,"0","0","0","1","0.551219512","0.401554531",,"false","interacts with","KCNA7 (interacts with) TIMP4","0","Q96RP8","","Q99727",""
"3.1666666666666665","","interacts with","0","0.476387512","","KCNA7 (interacts with) CFAP100",,"0","0","0","1","0.551219512","0.401555512",,"false","interacts with","KCNA7 (interacts with) CFAP100","0","Q96RP8","","Q494V2",""
"99.66666666666667","","interacts with","0","0.476387161","","TRIM23 (interacts with) CADM4",,"0","0","0","1","0.551219512","0.401554809",,"false","interacts with","TRIM23 (interacts with) CADM4","0","P36406","","Q8NFZ8",""
"195.66666666666669","","interacts with","0","0.464231253","","YWHAH (interacts with) TRAF6",,"0","1","1","1","0.526829268","0.401633238",,"false","interacts with","YWHAH (interacts with) TRAF6","0","Q04917","","Q9Y4K3",""
"99.66666666666667","","interacts with","0","0.476387306","","TRIM23 (interacts with) MAPK1IP1L",,"0","0","0","1","0.551219512","0.4015551",,"false","interacts with","TRIM23 (interacts with) MAPK1IP1L","0","P36406","","Q8NDC0",""
"28.0","","interacts with","0","0.476426319","","CNR2 (interacts with) THNSL2",,"1","0","1","1","0.551219512","0.401633127",,"false","interacts with","CNR2 (interacts with) THNSL2","0","P34972","","Q86YJ6",""
"1083.8809523809525","","interacts with","0","0.581101133","","TRIM23 (interacts with) IL16",,"0","0","0","1","0.76097561","0.401226656",,"false","interacts with","TRIM23 (interacts with) IL16","0","P36406","","Q14005",""
"2.0","","interacts with","0","0.476426247","","JUN (interacts with) TAF4B",,"1","0","1","1","0.551219512","0.401632981",,"false","interacts with","JUN (interacts with) TAF4B","0","P05412","","Q92750",""
"4.166666666666666","","interacts with","0","0.464192606","","KCNA7 (interacts with) ZKSCAN4",,"0","0","0","1","0.526829268","0.401555944",,"false","interacts with","KCNA7 (interacts with) ZKSCAN4","0","Q96RP8","","Q969J2",""
"76.0","","interacts with","0","0.461777215","","IGHV4-39 (interacts with) CCDC7",,"0","0","0","1","0.52195122","0.40160321",,"false","interacts with","IGHV4-39 (interacts with) CCDC7","0","P01824","","Q96M83",""
"4.666666666666666","","interacts with","0","0.461753064","","SF3A1 (interacts with) HOXA13",,"0","0","0","1","0.52195122","0.401554908",,"false","interacts with","SF3A1 (interacts with) HOXA13","0","Q15459","","P31271",""
"2.0","","interacts with","0","0.476426311",""," (interacts with) SOST",,"0","1","1","1","0.551219512","0.401633111",,"false","interacts with"," (interacts with) SOST","0","Q6ZVL8","","Q9BQB4",""
"234.0","","interacts with","0","0.61532622","","SH3GLB1 (interacts with) TTYH1",,"0","0","0","1","0.829268293","0.401384147",,"false","interacts with","SH3GLB1 (interacts with) TTYH1","0","Q9Y371","","Q9H313",""
"6.0","","interacts with","0","0.46419217","","PSMD12 (interacts with) GID4",,"0","0","0","1","0.526829268","0.401555072",,"false","interacts with","PSMD12 (interacts with) GID4","0","O00232","","Q8IVV7",""
"6.333333333333333","","interacts with","0","0.476387439","","PSMD12 (interacts with) ADORA3",,"0","0","0","1","0.551219512","0.401555367",,"false","interacts with","PSMD12 (interacts with) ADORA3","0","O00232","","P0DMS8",""
"4.666666666666666","","interacts with","0","0.46177703","","TPR (interacts with) ARHGAP28",,"0","0","0","1","0.52195122","0.401602841",,"false","interacts with","TPR (interacts with) ARHGAP28","0","P12270","","Q9P2N2",""
"112.0","","interacts with","0","0.46423127","","MYC (interacts with) STAP1",,"1","0","1","1","0.526829268","0.401633272",,"false","interacts with","MYC (interacts with) STAP1","0","P01106","","Q9ULZ2",""
"444.0","","interacts with","0","0.617726294","","TRIM55 (interacts with) USP35",,"0","0","0","1","0.834146341","0.401306246",,"false","interacts with","TRIM55 (interacts with) USP35","0","Q9BYV6","","Q9P2H5",""
"14.0","","interacts with","0","0.476426191","","TNFSF11 (interacts with) KCNA5",,"1","0","1","1","0.551219512","0.40163287",,"false","interacts with","TNFSF11 (interacts with) KCNA5","0","O14788","","P22460",""
"12.0","","interacts with","0","0.476387167","","SLC48A1 (interacts with) CGN",,"0","0","0","1","0.551219512","0.401554821",,"false","interacts with","SLC48A1 (interacts with) CGN","0","Q6P1K1","","Q9P2M7",""
"2.0","","interacts with","0","0.469109647","","FAM166C (interacts with) SNRNP48",,"0","0","0","1","0.536585366","0.401633927",,"false","interacts with","FAM166C (interacts with) SNRNP48","0","A6NJV1","","Q6IEG0",""
"2.0","","interacts with","0","0.476387169","","SLC48A1 (interacts with) FAM86B2",,"0","0","0","1","0.551219512","0.401554826",,"false","interacts with","SLC48A1 (interacts with) FAM86B2","0","Q6P1K1","","P0C5J1",""
"2.0","","interacts with","0","0.464193267","","CHCT1 (interacts with) PRELID2",,"0","0","0","1","0.526829268","0.401557267",,"false","interacts with","CHCT1 (interacts with) PRELID2","0","Q86WR6","","Q8N945",""
"0.0","","interacts with","0","0.692131552","","MAPK14 (interacts with) MAPK14",,"1","1","1","1","0.970731707","0.413531396",,"false","interacts with","MAPK14 (interacts with) MAPK14","0","Q16539","","Q16539",""
"2.0","","interacts with","0","0.47642621","","PGR (interacts with) PROS1",,"1","0","1","1","0.551219512","0.401632909",,"false","interacts with","PGR (interacts with) PROS1","0","P06401","","P07225",""
"3.0","","interacts with","0","0.464216042","","QRICH2 (interacts with) PWWP3A",,"0","0","0","1","0.526829268","0.401602815",,"false","interacts with","QRICH2 (interacts with) PWWP3A","0","Q9H0J4","","Q2TAK8",""
"76.33333333333333","","interacts with","0","0.464192269","","TRIM55 (interacts with) CALB2",,"0","0","0","1","0.526829268","0.401555271",,"false","interacts with","TRIM55 (interacts with) CALB2","0","Q9BYV6","","P22676",""
"0.0","","interacts with","0","0.529450212","","AKT1 (interacts with) AKT1",,"1","1","1","1","0.63902439","0.419876033",,"false","interacts with","AKT1 (interacts with) AKT1","0","P31749","","P31749",""
"35.0","","interacts with","0","0.47638719","","ELAVL3 (interacts with) SAMD15",,"0","0","0","1","0.551219512","0.401554868",,"false","interacts with","ELAVL3 (interacts with) SAMD15","0","Q14576","","Q9P1V8",""
"256.76666666666665","","interacts with","0","0.593460499","","TRIM55 (interacts with) PHC2",,"0","0","0","1","0.785365854","0.401555145",,"false","interacts with","TRIM55 (interacts with) PHC2","0","Q9BYV6","","Q8IXK0",""
"276.0","","interacts with","0","0.476387153","","OSGIN2 (interacts with) RIN3",,"0","0","0","1","0.551219512","0.401554794",,"false","interacts with","OSGIN2 (interacts with) RIN3","0","Q9Y236","","Q8TB24",""
"56.0","","interacts with","0","0.461672115","","ELAVL3 (interacts with) SH3GLB1",,"0","0","0","1","0.52195122","0.40139301",,"false","interacts with","ELAVL3 (interacts with) SH3GLB1","0","Q14576","","Q9Y371",""
"151.66666666666666","","interacts with","0","0.476387144","","MYH16 (interacts with) PRSS8",,"0","0","0","1","0.551219512","0.401554775",,"false","interacts with","MYH16 (interacts with) PRSS8","0","Q9H6N6","","Q16651",""
"15.0","","interacts with","0","0.476387151","","ELAVL3 (interacts with) CC2D1A",,"0","0","0","1","0.551219512","0.40155479",,"false","interacts with","ELAVL3 (interacts with) CC2D1A","0","Q14576","","Q6P1N0",""
"150.0","","interacts with","0","0.476387266","","NHS (interacts with) USP35",,"0","0","0","1","0.551219512","0.401555019",,"false","interacts with","NHS (interacts with) USP35","0","Q6T4R5","","Q9P2H5",""
"0.0","","interacts with","0","0.552806146","","TRAF6 (interacts with) TRAF6",,"1","1","1","1","0.707317073","0.398295219",,"false","interacts with","TRAF6 (interacts with) TRAF6","0","Q9Y4K3","","Q9Y4K3",""
"115.96666666666667","","interacts with","0","0.464192117","","TRIM55 (interacts with) PMS2",,"0","0","0","1","0.526829268","0.401554965",,"false","interacts with","TRIM55 (interacts with) PMS2","0","Q9BYV6","","P54278",""
"128.0","","interacts with","0","0.464192095","","FAM184B (interacts with) SULT1A1",,"0","0","0","1","0.526829268","0.401554922",,"false","interacts with","FAM184B (interacts with) SULT1A1","0","Q9ULE4","","P50225",""
"7.666666666666666","","interacts with","0","0.476387155","","RUBCNL (interacts with) SCAF4",,"0","0","0","1","0.551219512","0.401554797",,"false","interacts with","RUBCNL (interacts with) SCAF4","0","Q9H714","","O95104",""
"6.0","","interacts with","0","0.464191983","","PSMD12 (interacts with) MAPK11",,"0","0","0","1","0.526829268","0.401554697",,"false","interacts with","PSMD12 (interacts with) MAPK11","0","O00232","","Q15759",""
"3.0","","interacts with","0","0.464216081","","QRICH2 (interacts with) TSPYL2",,"0","0","0","1","0.526829268","0.401602894",,"false","interacts with","QRICH2 (interacts with) TSPYL2","0","Q9H0J4","","Q9H2G4",""
"25.0","","interacts with","0","0.469070199","","PSMD12 (interacts with) PDZD4",,"0","0","0","1","0.536585366","0.401555033",,"false","interacts with","PSMD12 (interacts with) PDZD4","0","O00232","","Q76G19",""
"7.666666666666666","","interacts with","0","0.46419221","","MCAM (interacts with) SULT1E1",,"0","0","0","1","0.526829268","0.401555151",,"false","interacts with","MCAM (interacts with) SULT1E1","0","P43121","","P49888",""
"4.0","","interacts with","0","0.464231188","","BMP7 (interacts with) NXPH1",,"1","0","1","1","0.526829268","0.401633108",,"false","interacts with","BMP7 (interacts with) NXPH1","0","P18075","","P58417",""
"6.4","","interacts with","0","0.461777028","","ERICH6 (interacts with) SMC1B",,"0","0","0","1","0.52195122","0.401602836",,"false","interacts with","ERICH6 (interacts with) SMC1B","0","Q7L0X2","","Q8NDV3",""
"37.0","","interacts with","0","0.476387156","","NKAIN1 (interacts with) NBPF6",,"0","0","0","1","0.551219512","0.4015548",,"false","interacts with","NKAIN1 (interacts with) NBPF6","0","Q4KMZ8","","Q5VWK0",""
"6.0","","interacts with","0","0.476387218","","NKAIN1 (interacts with) ZNF449",,"0","0","0","1","0.551219512","0.401554924",,"false","interacts with","NKAIN1 (interacts with) ZNF449","0","Q4KMZ8","","Q6P9G9",""
"2.0","","interacts with","0","0.593419831","","POF1B (interacts with) ST6GALNAC6",,"0","0","0","1","0.785365854","0.401473809",,"false","interacts with","POF1B (interacts with) ST6GALNAC6","0","Q8WVV4","","Q969X2",""
"5.0","","interacts with","0","0.476426302","","AKT1 (interacts with) PSG11",,"1","0","1","1","0.551219512","0.401633091",,"false","interacts with","AKT1 (interacts with) PSG11","0","P31749","","Q9UQ72",""
"2.0","","interacts with","0","0.476387161","","SULT1A4 (interacts with) ASXL2",,"0","0","0","1","0.551219512","0.40155481",,"false","interacts with","SULT1A4 (interacts with) ASXL2","0","P0DMN0","","Q76L83",""
"85.0","","interacts with","0","0.469070225","","NKAIN1 (interacts with) TRMT1",,"0","0","0","1","0.536585366","0.401555085",,"false","interacts with","NKAIN1 (interacts with) TRMT1","0","Q4KMZ8","","Q9NXH9",""
"3.0","","interacts with","0","0.476426269","","MAPK14 (interacts with) IMMT",,"1","0","1","1","0.551219512","0.401633026",,"false","interacts with","MAPK14 (interacts with) IMMT","0","Q16539","","Q16891",""
"6.0","","interacts with","0","0.46175325","","NKAIN1 (interacts with) CKMT1B",,"0","0","0","1","0.52195122","0.40155528",,"false","interacts with","NKAIN1 (interacts with) CKMT1B","0","Q4KMZ8","","P12532",""
"426.26190476190476","","interacts with","0","0.566514535","","ZNF526 (interacts with) IL16",,"0","0","0","1","0.731707317","0.401321754",,"false","interacts with","ZNF526 (interacts with) IL16","0","Q8TF50","","Q14005",""
"6.4","","interacts with","0","0.464192133","","ERICH6 (interacts with) ARHGAP44",,"0","0","0","1","0.526829268","0.401554999",,"false","interacts with","ERICH6 (interacts with) ARHGAP44","0","Q7L0X2","","Q17R89",""
"126.33333333333331","","interacts with","0","0.559198399","","YWHAH (interacts with) PRR5",,"0","0","0","1","0.717073171","0.401323627",,"false","interacts with","YWHAH (interacts with) PRR5","0","Q04917","","P85299",""
"3.0","","interacts with","0","0.476426242","","RELA (interacts with) KRTAP8-1",,"1","0","1","1","0.551219512","0.401632973",,"false","interacts with","RELA (interacts with) KRTAP8-1","0","Q04206","","Q8IUC2",""
"223.0","","interacts with","0","0.469070176","","MYH16 (interacts with) SLC17A2",,"0","0","0","1","0.536585366","0.401554987",,"false","interacts with","MYH16 (interacts with) SLC17A2","0","Q9H6N6","","O00624",""
"148.0","","interacts with","0","0.464192081","","MYH16 (interacts with) AIG1",,"0","0","0","1","0.526829268","0.401554893",,"false","interacts with","MYH16 (interacts with) AIG1","0","Q9H6N6","","Q9NVV5",""
"3.6666666666666665","","interacts with","0","0.476387182","","SAMD11 (interacts with) IGHV7-81",,"0","0","0","1","0.551219512","0.401554851",,"false","interacts with","SAMD11 (interacts with) IGHV7-81","0","Q96NU1","","A0A0B4J1V7",""
"7.666666666666666","","interacts with","0","0.464192238","","RUBCNL (interacts with) TMPPE",,"0","0","0","1","0.526829268","0.401555207",,"false","interacts with","RUBCNL (interacts with) TMPPE","0","Q9H714","","Q6ZT21",""
"4.666666666666666","","interacts with","0","0.476426264","","SKI (interacts with) BMP7",,"0","1","1","1","0.551219512","0.401633016",,"false","interacts with","SKI (interacts with) BMP7","0","P12755","","P18075",""
"152.0","","interacts with","0","0.564067959","","YWHAH (interacts with) EPB41L3",,"0","0","0","1","0.726829268","0.401306649",,"false","interacts with","YWHAH (interacts with) EPB41L3","0","Q04917","","Q9Y2J2",""
"6.0","","interacts with","0","0.469070309","","NKAIN1 (interacts with) PUS1",,"0","0","0","1","0.536585366","0.401555251",,"false","interacts with","NKAIN1 (interacts with) PUS1","0","Q4KMZ8","","Q9Y606",""
"3.0","","interacts with","0","0.476387045","","THBD (interacts with) MYLK3",,"0","0","0","1","0.551219512","0.401554578",,"false","interacts with","THBD (interacts with) MYLK3","0","P07204","","Q32MK0",""
"198.55714285714282","","interacts with","0","0.47642631","","TP53 (interacts with) CAPZB",,"1","0","1","1","0.551219512","0.401633108","0.049469965","false","interacts with","TP53 (interacts with) CAPZB","1","P04637","","P47756",""
"223.0","","interacts with","0","0.476387182","","MYH16 (interacts with) DAW1",,"0","0","0","1","0.551219512","0.401554851",,"false","interacts with","MYH16 (interacts with) DAW1","0","Q9H6N6","","Q8N136",""
"2.0","","interacts with","0","0.476387144","","THBD (interacts with) SYPL1",,"0","0","0","1","0.551219512","0.401554776",,"false","interacts with","THBD (interacts with) SYPL1","0","P07204","","Q16563",""
"5.066666666666666","","interacts with","0","0.476387211","","TIMP4 (interacts with) NEDD1",,"0","0","0","1","0.551219512","0.401554909",,"false","interacts with","TIMP4 (interacts with) NEDD1","0","Q99727","","Q8NHV4",""
"5.066666666666666","","interacts with","0","0.464216091","","TIMP4 (interacts with) OFD1",,"0","0","0","1","0.526829268","0.401602913",,"false","interacts with","TIMP4 (interacts with) OFD1","0","Q99727","","O75665",""
"4.233333333333333","","interacts with","0","0.469070124","","TIMP4 (interacts with) CFAP100",,"0","0","0","1","0.536585366","0.401554882",,"false","interacts with","TIMP4 (interacts with) CFAP100","0","Q99727","","Q494V2",""
"2.0","","interacts with","0","0.461792694","","OR4X1 (interacts with) RAB24",,"0","0","0","1","0.52195122","0.401634168",,"false","interacts with","OR4X1 (interacts with) RAB24","0","Q8NH49","","Q969Q5",""
"34.666666666666664","","interacts with","0","0.476387142","","PUM3 (interacts with) HPD",,"0","0","0","1","0.551219512","0.401554772",,"false","interacts with","PUM3 (interacts with) HPD","0","Q15397","","P32754",""
"148.0","","interacts with","0","0.461777056","","MYH16 (interacts with) OSGIN2",,"0","0","0","1","0.52195122","0.401602892",,"false","interacts with","MYH16 (interacts with) OSGIN2","0","Q9H6N6","","Q9Y236",""
"3.0","","interacts with","0","0.476387197","","CNTLN (interacts with) ZNF629",,"0","0","0","1","0.551219512","0.401554882",,"false","interacts with","CNTLN (interacts with) ZNF629","0","Q9NXG0","","Q9UEG4",""
"2.0","","interacts with","0","0.476387398","","XRCC1 (interacts with) MCHR1",,"0","0","0","1","0.551219512","0.401555284",,"false","interacts with","XRCC1 (interacts with) MCHR1","0","P18887","","Q99705",""
"92.0190476190476","","interacts with","0","0.559198821","","CCDC183 (interacts with) RUFY1",,"0","0","0","1","0.717073171","0.40132447",,"false","interacts with","CCDC183 (interacts with) RUFY1","0","Q5T5S1","","Q96T51",""
"118.53333333333335","","interacts with","0","0.476387041","","MAGEB6B (interacts with) PHC2",,"0","0","0","1","0.551219512","0.40155457",,"false","interacts with","MAGEB6B (interacts with) PHC2","0","A0A0J9YX57","","Q8IXK0",""
"61.0","","interacts with","0","0.476387234","","PUM3 (interacts with) UAP1",,"0","0","0","1","0.551219512","0.401554955",,"false","interacts with","PUM3 (interacts with) UAP1","0","Q15397","","Q16222",""
"8.666666666666666","","interacts with","0","0.476426194","","COL1A2 (interacts with) HOXA13",,"1","0","1","1","0.551219512","0.401632875",,"false","interacts with","COL1A2 (interacts with) HOXA13","0","P08123","","P31271",""
"3.6666666666666665","","interacts with","0","0.476387086","","SAMD11 (interacts with) TMEM61",,"0","0","0","1","0.551219512","0.40155466",,"false","interacts with","SAMD11 (interacts with) TMEM61","0","Q96NU1","","Q8N0U2",""
"2.0","","interacts with","0","0.476387059","","OR4X1 (interacts with) FILIP1",,"0","0","0","1","0.551219512","0.401554606",,"false","interacts with","OR4X1 (interacts with) FILIP1","0","Q8NH49","","Q7Z7B0",""
"67.0","","interacts with","0","0.476426192","","SRC (interacts with) ZC3H13",,"1","0","1","1","0.551219512","0.401632873",,"false","interacts with","SRC (interacts with) ZC3H13","0","P12931","","Q5T200",""
"120.0","","interacts with","0","0.58851017","","YWHAH (interacts with) FAM117B",,"0","0","0","1","0.775609756","0.401410584",,"false","interacts with","YWHAH (interacts with) FAM117B","0","Q04917","","Q6P1L5",""
"3.0","","interacts with","0","0.476387182","","DZIP1 (interacts with) TBCE",,"0","0","0","1","0.551219512","0.401554852",,"false","interacts with","DZIP1 (interacts with) TBCE","0","Q86YF9","","Q15813",""
"4.666666666666666","","interacts with","0","0.4763871","","SAMD11 (interacts with) TRGV5",,"0","0","0","1","0.551219512","0.401554687",,"false","interacts with","SAMD11 (interacts with) TRGV5","0","Q96NU1","","A0A0B4J1U4",""
"2.0","","interacts with","0","0.461777148","","CROCC2 (interacts with) UPK1A",,"0","0","0","1","0.52195122","0.401603076",,"false","interacts with","CROCC2 (interacts with) UPK1A","0","H7BZ55","","O00322",""
"59.0","","interacts with","0","0.464231148","","FAM184B (interacts with) TC2N",,"0","0","0","1","0.526829268","0.401633029",,"false","interacts with","FAM184B (interacts with) TC2N","0","Q9ULE4","","Q8N9U0",""
"409.1666666666666","","interacts with","0","0.561704642","","AICDA (interacts with) HNRNPM",,"0","0","0","1","0.72195122","0.401458064",,"false","interacts with","AICDA (interacts with) HNRNPM","0","Q9GZX7","","P52272",""
"348.0","","interacts with","0","0.476387103","","PUM3 (interacts with) SLC25A3",,"0","0","0","1","0.551219512","0.401554694",,"false","interacts with","PUM3 (interacts with) SLC25A3","0","Q15397","","Q00325",""
"3.0","","interacts with","0","0.476387085","","FAM184B (interacts with) SYT9",,"0","0","0","1","0.551219512","0.401554658",,"false","interacts with","FAM184B (interacts with) SYT9","0","Q9ULE4","","Q86SS6",""
"8.666666666666666","","interacts with","0","0.47642622","","COL1A2 (interacts with) HOXD13",,"1","0","1","1","0.551219512","0.401632927",,"false","interacts with","COL1A2 (interacts with) HOXD13","0","P08123","","P35453",""
"2.0","","interacts with","0","0.476387194","","KCNK10 (interacts with) UPK1A",,"0","0","0","1","0.551219512","0.401554875",,"false","interacts with","KCNK10 (interacts with) UPK1A","0","P57789","","O00322",""
"2.0","","interacts with","0","0.476426238","","PGR (interacts with) PPP2R3C",,"1","0","1","1","0.551219512","0.401632965",,"false","interacts with","PGR (interacts with) PPP2R3C","0","P06401","","Q969Q6",""
"157.0","","interacts with","0","0.476387094","","PUM3 (interacts with) PPP2CA",,"0","0","0","1","0.551219512","0.401554676",,"false","interacts with","PUM3 (interacts with) PPP2CA","0","Q15397","","P67775",""
"58.666666666666664","","interacts with","0","0.46175336","","PUM3 (interacts with) FAM20A",,"0","0","0","1","0.52195122","0.401555501",,"false","interacts with","PUM3 (interacts with) FAM20A","0","Q15397","","Q96MK3",""
"4.666666666666666","","interacts with","0","0.464192339","","RUBCNL (interacts with) OTUD5",,"0","0","0","1","0.526829268","0.40155541",,"false","interacts with","RUBCNL (interacts with) OTUD5","0","Q9H714","","Q96G74",""
"33.666666666666664","","interacts with","0","0.476387247","","PUM3 (interacts with) PSMD12",,"0","0","0","1","0.551219512","0.401554982",,"false","interacts with","PUM3 (interacts with) PSMD12","0","Q15397","","O00232",""
"3.0","","interacts with","0","0.476426276","","JUN (interacts with) H2BC18",,"1","0","1","1","0.551219512","0.40163304",,"false","interacts with","JUN (interacts with) H2BC18","0","P05412","","Q5QNW6",""
"420.552380952381","","interacts with","0","0.464255338","","AICDA (interacts with) BDP1",,"0","0","0","1","0.526829268","0.401681408",,"false","interacts with","AICDA (interacts with) BDP1","0","Q9GZX7","","A6H8Y1",""
"151.66666666666666","","interacts with","0","0.461777064","","MYH16 (interacts with) ST8SIA5",,"0","0","0","1","0.52195122","0.401602909",,"false","interacts with","MYH16 (interacts with) ST8SIA5","0","Q9H6N6","","O15466",""
"2.0","","interacts with","0","0.476387191","","FILIP1 (interacts with) RAB24",,"0","0","0","1","0.551219512","0.401554869",,"false","interacts with","FILIP1 (interacts with) RAB24","0","Q7Z7B0","","Q969Q5",""
"77.0","","interacts with","0","0.469109268","","DAW1 (interacts with) ARHGEF15",,"0","0","0","1","0.536585366","0.401633169",,"false","interacts with","DAW1 (interacts with) ARHGEF15","0","Q8N136","","O94989",""
"85.7952380952381","","interacts with","0","0.461792138","","AICDA (interacts with) TCP11X2",,"0","0","0","1","0.52195122","0.401633056",,"false","interacts with","AICDA (interacts with) TCP11X2","0","Q9GZX7","","Q5H9J9",""
"3.0","","interacts with","0","0.476387168","","CNTLN (interacts with) PPWD1",,"0","0","0","1","0.551219512","0.401554824",,"false","interacts with","CNTLN (interacts with) PPWD1","0","Q9NXG0","","Q96BP3",""
"2.0","","interacts with","0","0.464255324","","KCNK10 (interacts with) CROCC2",,"0","0","0","1","0.526829268","0.401681379",,"false","interacts with","KCNK10 (interacts with) CROCC2","0","P57789","","H7BZ55",""
"77.16666666666666","","interacts with","0","0.573936182","","ZNF48 (interacts with) NVL",,"0","0","0","1","0.746341463","0.401530901",,"false","interacts with","ZNF48 (interacts with) NVL","0","Q96MX3","","O15381",""
"57.666666666666664","","interacts with","0","0.476387284","","PUM3 (interacts with) ADORA3",,"0","0","0","1","0.551219512","0.401555056",,"false","interacts with","PUM3 (interacts with) ADORA3","0","Q15397","","P0DMS8",""
"5.0","","interacts with","0","0.476426244","","SULT1A4 (interacts with) BMP7",,"0","1","1","1","0.551219512","0.401632975",,"false","interacts with","SULT1A4 (interacts with) BMP7","0","P0DMN0","","P18075",""
"5.4","","interacts with","0","0.464192213","","ARHGAP44 (interacts with) ZNF221",,"0","0","0","1","0.526829268","0.401555158",,"false","interacts with","ARHGAP44 (interacts with) ZNF221","0","Q17R89","","Q9UK13",""
"4.0","","interacts with","0","0.461792948","","OR12D2 (interacts with) ZNF547",,"0","0","0","1","0.52195122","0.401634676",,"false","interacts with","OR12D2 (interacts with) ZNF547","0","P58182","","Q8IVP9",""
"9.0","","interacts with","0","0.476387389","","OR12D2 (interacts with) SAMD15",,"0","0","0","1","0.551219512","0.401555267",,"false","interacts with","OR12D2 (interacts with) SAMD15","0","P58182","","Q9P1V8",""
"50.166666666666664","","interacts with","0","0.564067917","","ZNF48 (interacts with) BMS1",,"0","0","0","1","0.726829268","0.401306567",,"false","interacts with","ZNF48 (interacts with) BMS1","0","Q96MX3","","Q14692",""
"2.0","","interacts with","0","0.469070667","","IGHV7-81 (interacts with) TMEM61",,"0","0","0","1","0.536585366","0.401555968",,"false","interacts with","IGHV7-81 (interacts with) TMEM61","0","A0A0B4J1V7","","Q8N0U2",""
"60.0","","interacts with","0","0.476387094","","PUM3 (interacts with) GID4",,"0","0","0","1","0.551219512","0.401554676",,"false","interacts with","PUM3 (interacts with) GID4","0","Q15397","","Q8IVV7",""
"60.0","","interacts with","0","0.476387139","","PUM3 (interacts with) MAPK11",,"0","0","0","1","0.551219512","0.401554766",,"false","interacts with","PUM3 (interacts with) MAPK11","0","Q15397","","Q15759",""
"77.66666666666667","","interacts with","0","0.564067916","","RNF2 (interacts with) BMS1",,"0","0","0","1","0.726829268","0.401306563",,"false","interacts with","RNF2 (interacts with) BMS1","0","Q99496","","Q14692",""
"34.0","","interacts with","0","0.476426129","","TSC22D2 (interacts with) SPP1",,"0","1","1","1","0.551219512","0.401632747",,"false","interacts with","TSC22D2 (interacts with) SPP1","0","O75157","","P10451",""
"6.0","","interacts with","0","0.476388296","","TMPPE (interacts with) OTUD5",,"0","0","0","1","0.551219512","0.401557079",,"false","interacts with","TMPPE (interacts with) OTUD5","0","Q6ZT21","","Q96G74",""
"16.0","","interacts with","0","0.461753198","","PUM3 (interacts with) PDZD4",,"0","0","0","1","0.52195122","0.401555177",,"false","interacts with","PUM3 (interacts with) PDZD4","0","Q15397","","Q76G19",""
"13.0","","interacts with","0","0.464231226","","COL1A2 (interacts with) ERF",,"1","0","1","1","0.526829268","0.401633185",,"false","interacts with","COL1A2 (interacts with) ERF","0","P08123","","P50548",""
"75.66666666666666","","interacts with","0","0.46419207","","CALB2 (interacts with) PHC2",,"0","0","0","1","0.526829268","0.401554872",,"false","interacts with","CALB2 (interacts with) PHC2","0","P22676","","Q8IXK0",""
"3.066666666666667","","interacts with","0","0.476426214","","MYCL (interacts with) RAMAC",,"1","0","1","1","0.551219512","0.401632916",,"false","interacts with","MYCL (interacts with) RAMAC","0","P12524","","Q9BTL3",""
"6.666666666666666","","interacts with","0","0.476387136","","STOX2 (interacts with) DDX4",,"0","0","0","1","0.551219512","0.40155476",,"false","interacts with","STOX2 (interacts with) DDX4","0","Q9P2F5","","Q9NQI0",""
"38.0","","interacts with","0","0.476426314","","CNR2 (interacts with) DZIP1",,"1","0","1","1","0.551219512","0.401633115",,"false","interacts with","CNR2 (interacts with) DZIP1","0","P34972","","Q86YF9",""
"2.0","","interacts with","0","0.464231364","","FAM86B2 (interacts with) BCL2",,"0","1","1","1","0.526829268","0.401633459",,"false","interacts with","FAM86B2 (interacts with) BCL2","0","P0C5J1","","P10415",""
"125.66666666666666","","interacts with","0","0.47642628","","MYC (interacts with) TRIM55",,"1","0","1","1","0.551219512","0.401633048",,"false","interacts with","MYC (interacts with) TRIM55","0","P01106","","Q9BYV6",""
"2.0","","interacts with","0","0.461753093","","TRAF3IP1 (interacts with) SPZ1",,"0","0","0","1","0.52195122","0.401554967",,"false","interacts with","TRAF3IP1 (interacts with) SPZ1","0","Q8TDR0","","Q9BXG8",""
"4.785714285714286","","interacts with","0","0.476387151","","ZNF350 (interacts with) CCDC150",,"0","0","0","1","0.551219512","0.401554789",,"false","interacts with","ZNF350 (interacts with) CCDC150","0","Q9GZX5","","Q8NCX0",""
"83.74285714285715","","interacts with","0","0.47642631","","TP53 (interacts with) AKAP14",,"1","0","1","1","0.551219512","0.401633108",,"false","interacts with","TP53 (interacts with) AKAP14","0","P04637","","Q86UN6",""
"21.0","","interacts with","0","0.464231305","","PRKACA (interacts with) BTBD16",,"1","0","1","1","0.526829268","0.401633342",,"false","interacts with","PRKACA (interacts with) BTBD16","0","P17612","","Q32M84",""
"6.4","","interacts with","0","0.476387084","","ARHGAP44 (interacts with) CARD8",,"0","0","0","1","0.551219512","0.401554655",,"false","interacts with","ARHGAP44 (interacts with) CARD8","0","Q17R89","","Q9Y2G2",""
"61.0","","interacts with","0","0.464216217","","EPB41L3 (interacts with) KIAA1217",,"0","0","0","1","0.526829268","0.401603166",,"false","interacts with","EPB41L3 (interacts with) KIAA1217","0","Q9Y2J2","","Q5T5P2",""
"32.0","","interacts with","0","0.464231347","","SPP1 (interacts with) LACC1",,"1","0","1","1","0.526829268","0.401633425",,"false","interacts with","SPP1 (interacts with) LACC1","0","P10451","","Q8IV20",""
"6.4","","interacts with","0","0.476387145","","ARHGAP44 (interacts with) AADACL4",,"0","0","0","1","0.551219512","0.401554778",,"false","interacts with","ARHGAP44 (interacts with) AADACL4","0","Q17R89","","Q5VUY2",""
"51.333333333333336","","interacts with","0","0.464216043","","RPUSD1 (interacts with) CCDC7",,"0","0","0","1","0.526829268","0.401602818",,"false","interacts with","RPUSD1 (interacts with) CCDC7","0","Q9UJJ7","","Q96M83",""
"205.55714285714282","","interacts with","0","0.476387256","","CAPZB (interacts with) TRGV1",,"0","0","0","1","0.551219512","0.401554999",,"false","interacts with","CAPZB (interacts with) TRGV1","0","P47756","","A0A0A0MS02",""
"127.5190476190476","","interacts with","0","0.476387171","","CAPZB (interacts with) RAB11FIP2",,"0","0","0","1","0.551219512","0.401554829",,"false","interacts with","CAPZB (interacts with) RAB11FIP2","0","P47756","","Q7L804",""
"8.666666666666666","","interacts with","0","0.476387191","","STOX2 (interacts with) GPR141",,"0","0","0","1","0.551219512","0.40155487",,"false","interacts with","STOX2 (interacts with) GPR141","0","Q9P2F5","","Q7Z602",""
"53.63333333333335","","interacts with","0","0.476387143","","RASSF2 (interacts with) PMS2",,"0","0","0","1","0.551219512","0.401554774",,"false","interacts with","RASSF2 (interacts with) PMS2","0","P50749","","P54278",""
"151.03333333333327","","interacts with","0","0.476387132","","CAPZB (interacts with) ZNF526",,"0","0","0","1","0.551219512","0.401554752",,"false","interacts with","CAPZB (interacts with) ZNF526","0","P47756","","Q8TF50",""
"77.0","","interacts with","0","0.469070092","","SLC17A2 (interacts with) ARHGEF15",,"0","0","0","1","0.536585366","0.401554819",,"false","interacts with","SLC17A2 (interacts with) ARHGEF15","0","O00624","","O94989",""
"5.0","","interacts with","0","0.469070346","","ATMIN (interacts with) SGCA",,"0","0","0","1","0.536585366","0.401555325",,"false","interacts with","ATMIN (interacts with) SGCA","0","O43313","","Q16586",""
"4.0","","interacts with","0","0.476426171","","COL5A2 (interacts with) ZDHHC11",,"1","0","1","1","0.551219512","0.401632829",,"false","interacts with","COL5A2 (interacts with) ZDHHC11","0","P05997","","Q9H8X9",""
"8.666666666666666","","interacts with","0","0.476387157","","STOX2 (interacts with) KYNU",,"0","0","0","1","0.551219512","0.401554802",,"false","interacts with","STOX2 (interacts with) KYNU","0","Q9P2F5","","Q16719",""
"980.0","","interacts with","0","0.574009379","","ZNF165 (interacts with) IL16",,"0","0","0","1","0.746341463","0.401677294",,"false","interacts with","ZNF165 (interacts with) IL16","0","P49910","","Q14005",""
"8.666666666666666","","interacts with","0","0.464191983","","STOX2 (interacts with) HOXD13",,"0","0","0","1","0.526829268","0.401554699",,"false","interacts with","STOX2 (interacts with) HOXD13","0","Q9P2F5","","P35453",""
"9.666666666666666","","interacts with","0","0.461753505","","TMPPE (interacts with) SULT1E1",,"0","0","0","1","0.52195122","0.401555791",,"false","interacts with","TMPPE (interacts with) SULT1E1","0","Q6ZT21","","P49888",""
"331.3333333333334","","interacts with","0","0.464216225","","ZNF165 (interacts with) CCDC7",,"0","0","0","1","0.526829268","0.401603182",,"false","interacts with","ZNF165 (interacts with) CCDC7","0","P49910","","Q96M83",""
"20.0","","interacts with","0","0.566514663","","RNF2 (interacts with) SART1",,"0","0","0","1","0.731707317","0.401322009",,"false","interacts with","RNF2 (interacts with) SART1","0","Q99496","","O43290",""
"3.0","","interacts with","0","0.476387224","","MYLK3 (interacts with) SYPL1",,"0","0","0","1","0.551219512","0.401554936",,"false","interacts with","MYLK3 (interacts with) SYPL1","0","Q32MK0","","Q16563",""
"2.0","","interacts with","0","0.461753274","","ADARB2-AS1 (interacts with) PRXL2A",,"0","0","0","1","0.52195122","0.401555328",,"false","interacts with","ADARB2-AS1 (interacts with) PRXL2A","0","A8MUL3","","Q9BRX8",""
"11.785714285714285","","interacts with","0","0.476387027","","TMF1 (interacts with) MS4A14",,"0","0","0","1","0.551219512","0.401554541",,"false","interacts with","TMF1 (interacts with) MS4A14","0","P82094","","Q96JA4",""
"5.0","","interacts with","0","0.476426248","","COL5A2 (interacts with) THBD",,"1","0","1","1","0.551219512","0.401632984",,"false","interacts with","COL5A2 (interacts with) THBD","0","P05997","","P07204",""
"3.0","","interacts with","0","0.476387254","","RABL6 (interacts with) ZDHHC11",,"0","0","0","1","0.551219512","0.401554996",,"false","interacts with","RABL6 (interacts with) ZDHHC11","0","Q3YEC7","","Q9H8X9",""
"109.25238095238097","","interacts with","0","0.6177265","","RASSF2 (interacts with) DLST",,"0","0","0","1","0.834146341","0.401306659",,"false","interacts with","RASSF2 (interacts with) DLST","0","P50749","","P36957",""
"4.0","","interacts with","0","0.590951721","","SCO1 (interacts with) YME1L1",,"0","0","0","1","0.780487805","0.401415636",,"false","interacts with","SCO1 (interacts with) YME1L1","0","O75880","","Q96TA2",""
"0.0","","interacts with","0","0.670084774","","PRKACA (interacts with) PRKACA",,"1","1","1","1","0.941463415","0.398706133",,"false","interacts with","PRKACA (interacts with) PRKACA","0","P17612","","P17612",""
"8.666666666666666","","interacts with","0","0.476387203","","STOX2 (interacts with) OR9A1P",,"0","0","0","1","0.551219512","0.401554895",,"false","interacts with","STOX2 (interacts with) OR9A1P","0","Q9P2F5","","Q8NGU1",""
"186.0","","interacts with","0","0.56162973","","JUP (interacts with) TRMT1",,"0","0","0","1","0.72195122","0.40130824",,"false","interacts with","JUP (interacts with) TRMT1","0","P14923","","Q9NXH9",""
"6.666666666666666","","interacts with","0","0.476426293","","COL1A2 (interacts with) DDX4",,"1","0","1","1","0.551219512","0.401633073",,"false","interacts with","COL1A2 (interacts with) DDX4","0","P08123","","Q9NQI0",""
"142.88571428571424","","interacts with","0","0.476387086","","RASSF2 (interacts with) PHC2",,"0","0","0","1","0.551219512","0.401554659",,"false","interacts with","RASSF2 (interacts with) PHC2","0","P50749","","Q8IXK0",""
"5.1190476190476195","","interacts with","0","0.476387033","","TMF1 (interacts with) EDDM3A",,"0","0","0","1","0.551219512","0.401554554",,"false","interacts with","TMF1 (interacts with) EDDM3A","0","P82094","","Q14507",""
"10.0","","interacts with","0","0.476387113","","STOX2 (interacts with) OIT3",,"0","0","0","1","0.551219512","0.401554714",,"false","interacts with","STOX2 (interacts with) OIT3","0","Q9P2F5","","Q8WWZ8",""
"64.0","","interacts with","0","0.464255186","","JUP (interacts with) COL5A3",,"0","1","1","1","0.526829268","0.401681103",,"false","interacts with","JUP (interacts with) COL5A3","0","P14923","","P25940",""
"13.0","","interacts with","0","0.476387178","","STOX2 (interacts with) ERF",,"0","0","0","1","0.551219512","0.401554844",,"false","interacts with","STOX2 (interacts with) ERF","0","Q9P2F5","","P50548",""
"8.666666666666666","","interacts with","0","0.464231147","","STOX2 (interacts with) HOXA13",,"0","0","0","1","0.526829268","0.401633026",,"false","interacts with","STOX2 (interacts with) HOXA13","0","Q9P2F5","","P31271",""
"5.666666666666666","","interacts with","0","0.476387098","","TMF1 (interacts with) ZNF438",,"0","0","0","1","0.551219512","0.401554683",,"false","interacts with","TMF1 (interacts with) ZNF438","0","P82094","","Q7Z4V0",""
"8.785714285714285","","interacts with","0","0.476387083","","TMF1 (interacts with) ZNF350",,"0","0","0","1","0.551219512","0.401554654",,"false","interacts with","TMF1 (interacts with) ZNF350","0","P82094","","Q9GZX5",""
"13.0","","interacts with","0","0.476387125","","STOX2 (interacts with) GTF2H1",,"0","0","0","1","0.551219512","0.401554738",,"false","interacts with","STOX2 (interacts with) GTF2H1","0","Q9P2F5","","P32780",""
"8.80952380952381","","interacts with","0","0.476387102","","TMF1 (interacts with) GOLGA3",,"0","0","0","1","0.551219512","0.401554691",,"false","interacts with","TMF1 (interacts with) GOLGA3","0","P82094","","Q08378",""
"0.0","","interacts with","0","0.673191388","","COL5A2 (interacts with) COL5A2",,"1","1","1","1","0.941463415","0.404919361",,"false","interacts with","COL5A2 (interacts with) COL5A2","0","P05997","","P05997",""
"3.0","","interacts with","0","0.476426301","","CTSK (interacts with) TSPYL2",,"1","0","1","1","0.551219512","0.40163309",,"false","interacts with","CTSK (interacts with) TSPYL2","0","P43235","","Q9H2G4",""
"8.452380952380953","","interacts with","0","0.476387062","","TMF1 (interacts with) KCNJ12",,"0","0","0","1","0.551219512","0.401554611",,"false","interacts with","TMF1 (interacts with) KCNJ12","0","P82094","","Q14500",""
"28.0","","interacts with","0","0.464231224","","EVX1 (interacts with) TRAF6",,"0","1","1","1","0.526829268","0.401633179",,"false","interacts with","EVX1 (interacts with) TRAF6","0","P49640","","Q9Y4K3",""
"5.0","","interacts with","0","0.47638719","","ZDHHC11 (interacts with) MYLK3",,"0","0","0","1","0.551219512","0.401554867",,"false","interacts with","ZDHHC11 (interacts with) MYLK3","0","Q9H8X9","","Q32MK0",""
"4.0","","interacts with","0","0.476426334","","TRGV3 (interacts with) BMP2",,"0","1","1","1","0.551219512","0.401633157",,"false","interacts with","TRGV3 (interacts with) BMP2","0","P03979","","P12643",""
"51.166666666666664","","interacts with","0","0.573941828","","PHC2 (interacts with) SCML1",,"0","0","0","1","0.746341463","0.401542193",,"false","interacts with","PHC2 (interacts with) SCML1","0","Q8IXK0","","Q9UN30",""
"13.0","","interacts with","0","0.476387203","","STOX2 (interacts with) CARF",,"0","0","0","1","0.551219512","0.401554894",,"false","interacts with","STOX2 (interacts with) CARF","0","Q9P2F5","","Q8N187",""
"13.0","","interacts with","0","0.476426286","","STOX2 (interacts with) MKRN4P",,"0","0","0","1","0.551219512","0.40163306",,"false","interacts with","STOX2 (interacts with) MKRN4P","0","Q9P2F5","","Q13434",""
"67.25714285714285","","interacts with","0","0.476387352","","TRGV1 (interacts with) SCN3B",,"0","0","0","1","0.551219512","0.401555192",,"false","interacts with","TRGV1 (interacts with) SCN3B","0","A0A0A0MS02","","Q9NY72",""
"51.333333333333336","","interacts with","0","0.476426358","","BMP2 (interacts with) RPUSD1",,"1","0","1","1","0.551219512","0.401633203",,"false","interacts with","BMP2 (interacts with) RPUSD1","0","P12643","","Q9UJJ7",""
"73.0","","interacts with","0","0.476387106","","SULT1A1 (interacts with) ATP2C2",,"0","0","0","1","0.551219512","0.401554699",,"false","interacts with","SULT1A1 (interacts with) ATP2C2","0","P50225","","O75185",""
"3.0","","interacts with","0","0.476426352","","COL5A2 (interacts with) MYLK3",,"1","0","1","1","0.551219512","0.401633192",,"false","interacts with","COL5A2 (interacts with) MYLK3","0","P05997","","Q32MK0",""
"73.0","","interacts with","0","0.476387361","","SULT1A1 (interacts with) BTBD16",,"0","0","0","1","0.551219512","0.40155521",,"false","interacts with","SULT1A1 (interacts with) BTBD16","0","P50225","","Q32M84",""
"68.25714285714287","","interacts with","0","0.461753841","","TRGV1 (interacts with) AKAP14",,"0","0","0","1","0.52195122","0.401556462",,"false","interacts with","TRGV1 (interacts with) AKAP14","0","A0A0A0MS02","","Q86UN6",""
"2.0","","interacts with","0","0.476426274","","COL1A2 (interacts with) STOX2",,"1","0","1","1","0.551219512","0.401633035",,"false","interacts with","COL1A2 (interacts with) STOX2","0","P08123","","Q9P2F5",""
"75.0","","interacts with","0","0.476426176","","SOST (interacts with) SPZ1",,"1","0","1","1","0.551219512","0.401632839",,"false","interacts with","SOST (interacts with) SPZ1","0","Q9BQB4","","Q9BXG8",""
"67.25714285714285","","interacts with","0","0.47638716","","TRGV1 (interacts with) DNAAF1",,"0","0","0","1","0.551219512","0.401554808",,"false","interacts with","TRGV1 (interacts with) DNAAF1","0","A0A0A0MS02","","Q8NEP3",""
"4.0","","interacts with","0","0.476387526","","DDX4 (interacts with) KYNU",,"0","0","0","1","0.551219512","0.40155554",,"false","interacts with","DDX4 (interacts with) KYNU","0","Q9NQI0","","Q16719",""
"282.66666666666663","","interacts with","0","0.561703654","","BMI1 (interacts with) ZC3H13",,"0","0","0","1","0.72195122","0.401456089",,"false","interacts with","BMI1 (interacts with) ZC3H13","0","P35226","","Q5T200",""
"16.0","","interacts with","0","0.464191977","","PKLR (interacts with) HLA-DRB3",,"0","0","0","1","0.526829268","0.401554686",,"false","interacts with","PKLR (interacts with) HLA-DRB3","0","P30613","","P79483",""
"3.5","","interacts with","0","0.464231248","","MYCL (interacts with) ZKSCAN4",,"1","0","1","1","0.526829268","0.401633227",,"false","interacts with","MYCL (interacts with) ZKSCAN4","0","P12524","","Q969J2",""
"16.0","","interacts with","0","0.476387431","","PKLR (interacts with) OR56A4",,"0","0","0","1","0.551219512","0.40155535",,"false","interacts with","PKLR (interacts with) OR56A4","0","P30613","","Q8NGH8",""
"126.88095238095237","","interacts with","0","0.476387191","","TRGV1 (interacts with) ZNF526",,"0","0","0","1","0.551219512","0.40155487",,"false","interacts with","TRGV1 (interacts with) ZNF526","0","A0A0A0MS02","","Q8TF50",""
"0.0","taxid:9606(Homo sapiens)","interacts with","1","0.666044958","""psi-mi:""""MI:0364""""(inferred by curator)""","RELA (interacts with) RELA","2","1","1","1","1","0.926829268","0.405260648",,"false","interacts with","RELA (interacts with) RELA","0","Q04206","Q04206","Q04206","Q04206"
"2.0","","interacts with","0","0.464231198","","MYCN (interacts with) CHCT1",,"1","0","1","1","0.526829268","0.401633128",,"false","interacts with","MYCN (interacts with) CHCT1","0","P04198","","Q86WR6",""
"4.0","","interacts with","0","0.461753038","","DDX4 (interacts with) HOXA13",,"0","0","0","1","0.52195122","0.401554856",,"false","interacts with","DDX4 (interacts with) HOXA13","0","Q9NQI0","","P31271",""
"943.5666666666671","","interacts with","0","0.561629634","","BMI1 (interacts with) RTCB",,"0","0","0","1","0.72195122","0.401308048",,"false","interacts with","BMI1 (interacts with) RTCB","0","P35226","","Q9Y3I0",""
"2.0","","interacts with","0","0.59348484","","NEDD1 (interacts with) OFD1",,"0","0","0","1","0.785365854","0.401603825",,"false","interacts with","NEDD1 (interacts with) OFD1","0","Q8NHV4","","O75665",""
"2.0","","interacts with","0","0.561636399","","RPS27L (interacts with) REST",,"0","0","0","1","0.72195122","0.401321579",,"false","interacts with","RPS27L (interacts with) REST","0","Q71UM5","","Q13127",""
"276.0","","interacts with","0","0.461816278","","AIG1 (interacts with) RIN3",,"0","0","0","1","0.52195122","0.401681336",,"false","interacts with","AIG1 (interacts with) RIN3","0","Q9NVV5","","Q8TB24",""
"2.0","","interacts with","0","0.564067754","","RPS27L (interacts with) EIF2S1",,"0","0","0","1","0.726829268","0.401306239","0.90459364","false","interacts with","RPS27L (interacts with) EIF2S1","1","Q71UM5","","P05198",""
"3.0","","interacts with","0","0.59346079","","NEDD1 (interacts with) RPL3",,"0","0","0","1","0.785365854","0.401555727",,"false","interacts with","NEDD1 (interacts with) RPL3","0","Q8NHV4","","P39023",""
"99.16666666666666","","interacts with","0","0.464255246","","MRPL28 (interacts with) BDP1",,"0","0","0","1","0.526829268","0.401681223",,"false","interacts with","MRPL28 (interacts with) BDP1","0","Q13084","","A6H8Y1",""
"6.333333333333333","","interacts with","0","0.476426249","","TRGV1 (interacts with) TP53",,"0","1","1","1","0.551219512","0.401632986",,"false","interacts with","TRGV1 (interacts with) TP53","0","A0A0A0MS02","","P04637",""
"10.0","","interacts with","0","0.476426282","","AKT1 (interacts with) DENND2A",,"1","0","1","1","0.551219512","0.401633053",,"false","interacts with","AKT1 (interacts with) DENND2A","0","P31749","","Q9ULE3",""
"4.0","","interacts with","0","0.464192203","","DDX4 (interacts with) HOXD13",,"0","0","0","1","0.526829268","0.401555138",,"false","interacts with","DDX4 (interacts with) HOXD13","0","Q9NQI0","","P35453",""
"72.0","","interacts with","0","0.461753132","","SULT1A1 (interacts with) SYT9",,"0","0","0","1","0.52195122","0.401555045",,"false","interacts with","SULT1A1 (interacts with) SYT9","0","P50225","","Q86SS6",""
"4.0","","interacts with","0","0.476387399","","DDX4 (interacts with) GPR141",,"0","0","0","1","0.551219512","0.401555285",,"false","interacts with","DDX4 (interacts with) GPR141","0","Q9NQI0","","Q7Z602",""
"0.0","","interacts with","0","0.630263945","","BMP2 (interacts with) BMP2",,"1","1","1","1","0.848780488","0.411747402",,"false","interacts with","BMP2 (interacts with) BMP2","0","P12643","","P12643",""
"4.0","","interacts with","0","0.476387418","","DDX4 (interacts with) OR9A1P",,"0","0","0","1","0.551219512","0.401555323",,"false","interacts with","DDX4 (interacts with) OR9A1P","0","Q9NQI0","","Q8NGU1",""
"624.6666666666664","","interacts with","0","0.564068805","","BMI1 (interacts with) CAPZB",,"0","0","0","1","0.726829268","0.401308341","0.167255595","false","interacts with","BMI1 (interacts with) CAPZB","1","P35226","","P47756",""
"90.59047619047618","","interacts with","0","0.4642312","","TP53 (interacts with) RAB11FIP2",,"1","0","1","1","0.526829268","0.401633131",,"false","interacts with","TP53 (interacts with) RAB11FIP2","0","P04637","","Q7L804",""
"378.0","","interacts with","0","0.561629658","","SULT1A1 (interacts with) RCN1",,"0","0","0","1","0.72195122","0.401308096",,"false","interacts with","SULT1A1 (interacts with) RCN1","0","P50225","","Q15293",""
"19.0","","interacts with","0","0.461816201","","ZNF638 (interacts with) PGA4",,"0","0","0","1","0.52195122","0.401681183",,"false","interacts with","ZNF638 (interacts with) PGA4","0","Q14966","","P0DJD7",""
"76.0","","interacts with","0","0.476426304","","IGHV4-39 (interacts with) BMP2",,"0","1","1","1","0.551219512","0.401633096",,"false","interacts with","IGHV4-39 (interacts with) BMP2","0","P01824","","P12643",""
"22.0","","interacts with","0","0.561630128","","BRIX1 (interacts with) APOBEC3C",,"0","0","0","1","0.72195122","0.401309037",,"false","interacts with","BRIX1 (interacts with) APOBEC3C","0","Q8TDN6","","Q9NRW3",""
"6.285714285714285","","interacts with","0","0.476426253","","EDDM3A (interacts with) ZNF438",,"0","0","0","1","0.551219512","0.401632994",,"false","interacts with","EDDM3A (interacts with) ZNF438","0","Q14507","","Q7Z4V0",""
"57.21904761904762","","interacts with","0","0.58851347","","PDK1 (interacts with) MRPL28",,"0","0","0","1","0.775609756","0.401417183",,"false","interacts with","PDK1 (interacts with) MRPL28","0","Q15118","","Q13084",""
"4.0","","interacts with","0","0.476426224","","EDDM3A (interacts with) ZNF350",,"0","0","0","1","0.551219512","0.401632936",,"false","interacts with","EDDM3A (interacts with) ZNF350","0","Q14507","","Q9GZX5",""
"22.0","","interacts with","0","0.593460934","","BRIX1 (interacts with) ZNF48",,"0","0","0","1","0.785365854","0.401556014",,"false","interacts with","BRIX1 (interacts with) ZNF48","0","Q8TDN6","","Q96MX3",""
"45.85238095238094","","interacts with","0","0.464192249","","ZSCAN22 (interacts with) MRPL28",,"0","0","0","1","0.526829268","0.401555229",,"false","interacts with","ZSCAN22 (interacts with) MRPL28","0","P10073","","Q13084",""
"578.4857142857143","","interacts with","0","0.612954044","","BMI1 (interacts with) PHC2",,"0","0","0","1","0.824390244","0.401517844",,"false","interacts with","BMI1 (interacts with) PHC2","0","P35226","","Q8IXK0",""
"464.35238095238094","","interacts with","0","0.464216175","","ZSCAN22 (interacts with) BDP1",,"0","0","0","1","0.526829268","0.401603081",,"false","interacts with","ZSCAN22 (interacts with) BDP1","0","P10073","","A6H8Y1",""
"157.5095238095238","","interacts with","0","0.561662646","","RAB11FIP2 (interacts with) DLST",,"0","0","0","1","0.72195122","0.401374073",,"false","interacts with","RAB11FIP2 (interacts with) DLST","0","Q7L804","","P36957",""
"2.0","","interacts with","0","0.476387186","","LIPK (interacts with) NHS",,"0","0","0","1","0.551219512","0.401554859",,"false","interacts with","LIPK (interacts with) NHS","0","Q5VXJ0","","Q6T4R5",""
"4.0","","interacts with","0","0.590951677","","SCO1 (interacts with) IMMT",,"0","0","0","1","0.780487805","0.40141555",,"false","interacts with","SCO1 (interacts with) IMMT","0","O75880","","Q16891",""
"100.83333333333334","","interacts with","0","0.562056275","","BMI1 (interacts with) SCML1",,"0","0","0","1","0.72195122","0.40216133",,"false","interacts with","BMI1 (interacts with) SCML1","0","P35226","","Q9UN30",""
"108.33333333333331","","interacts with","0","0.476387153","","ZC3H13 (interacts with) RAD54B",,"0","0","0","1","0.551219512","0.401554793",,"false","interacts with","ZC3H13 (interacts with) RAD54B","0","Q5T200","","Q9Y620",""
"150.0","","interacts with","0","0.469070169","","LIPK (interacts with) USP35",,"0","0","0","1","0.536585366","0.401554972",,"false","interacts with","LIPK (interacts with) USP35","0","Q5VXJ0","","Q9P2H5",""
"3.6666666666666665","","interacts with","0","0.46419212","","ARMH4 (interacts with) IGHV7-81",,"0","0","0","1","0.526829268","0.401554973",,"false","interacts with","ARMH4 (interacts with) IGHV7-81","0","Q86TY3","","A0A0B4J1V7",""
"34.0","","interacts with","0","0.476387153","","PLA2G2D (interacts with) GTF2F1",,"0","0","0","1","0.551219512","0.401554793",,"false","interacts with","PLA2G2D (interacts with) GTF2F1","0","Q9UNK4","","P35269",""
"2.0","","interacts with","0","0.476426423","","BCL2 (interacts with) SLC48A1",,"1","0","1","1","0.551219512","0.401633335",,"false","interacts with","BCL2 (interacts with) SLC48A1","0","P10415","","Q6P1K1",""
"119.35238095238094","","interacts with","0","0.461753273","","ZCCHC8 (interacts with) CCDC183",,"0","0","0","1","0.52195122","0.401555326",,"false","interacts with","ZCCHC8 (interacts with) CCDC183","0","Q6NZY4","","Q5T5S1",""
"13.666666666666666","","interacts with","0","0.476426371","","EFCAB9 (interacts with) MYC",,"0","1","1","1","0.551219512","0.401633231",,"false","interacts with","EFCAB9 (interacts with) MYC","0","A8MZ26","","P01106",""
"343.66666666666663","","interacts with","0","0.476387174","","ST8SIA5 (interacts with) RIN3",,"0","0","0","1","0.551219512","0.401554836",,"false","interacts with","ST8SIA5 (interacts with) RIN3","0","O15466","","Q8TB24",""
"2.6666666666666665","","interacts with","0","0.464192044","","NXPH1 (interacts with) ARHGAP28",,"0","0","0","1","0.526829268","0.40155482",,"false","interacts with","NXPH1 (interacts with) ARHGAP28","0","P58417","","Q9P2N2",""
"2.0","","interacts with","0","0.56406811","","APOBEC3C (interacts with) ZNF48",,"0","0","0","1","0.726829268","0.401306951",,"false","interacts with","APOBEC3C (interacts with) ZNF48","0","Q9NRW3","","Q96MX3",""
"120.0","","interacts with","0","0.461628829","","PLA2G2D (interacts with) MPPED2",,"0","0","0","1","0.52195122","0.401306437",,"false","interacts with","PLA2G2D (interacts with) MPPED2","0","Q9UNK4","","Q15777",""
"76.66666666666667","","interacts with","0","0.476387185","","ST8SIA5 (interacts with) BRDT",,"0","0","0","1","0.551219512","0.401554858",,"false","interacts with","ST8SIA5 (interacts with) BRDT","0","O15466","","Q58F21",""
"3.666666666666667","","interacts with","0","0.476387159","","ARMH4 (interacts with) TMEM61",,"0","0","0","1","0.551219512","0.401554805",,"false","interacts with","ARMH4 (interacts with) TMEM61","0","Q86TY3","","Q8N0U2",""
"38.0","","interacts with","0","0.476387071","","CC2D1A (interacts with) ZNF547",,"0","0","0","1","0.551219512","0.401554631",,"false","interacts with","CC2D1A (interacts with) ZNF547","0","Q6P1N0","","Q8IVP9",""
"13.0","","interacts with","0","0.461777118","","PSG11 (interacts with) ZNF638",,"0","0","0","1","0.52195122","0.401603016",,"false","interacts with","PSG11 (interacts with) ZNF638","0","Q9UQ72","","Q14966",""
"13.0","","interacts with","0","0.464231275","","COL1A2 (interacts with) CARF",,"1","0","1","1","0.526829268","0.401633281",,"false","interacts with","COL1A2 (interacts with) CARF","0","P08123","","Q8N187",""
"8.023809523809524","","interacts with","0","0.476426282","","EDDM3A (interacts with) CCDC150",,"0","0","0","1","0.551219512","0.401633053",,"false","interacts with","EDDM3A (interacts with) CCDC150","0","Q14507","","Q8NCX0",""
"41.0","","interacts with","0","0.476387169","","CC2D1A (interacts with) OR12D2",,"0","0","0","1","0.551219512","0.401554825",,"false","interacts with","CC2D1A (interacts with) OR12D2","0","Q6P1N0","","P58182",""
"0.0","","interacts with","0","0.645816934","","TP53 (interacts with) TP53",,"1","1","1","1","0.87804878","0.413585087",,"false","interacts with","TP53 (interacts with) TP53","0","P04637","","P04637",""
"483.3904761904762","","interacts with","0","0.561636283","","ZCCHC8 (interacts with) BMI1",,"0","0","0","1","0.72195122","0.401321347",,"false","interacts with","ZCCHC8 (interacts with) BMI1","0","Q6NZY4","","P35226",""
"2.0","","interacts with","0","0.464255214","","BMP2 (interacts with) CCDC7",,"1","0","1","1","0.526829268","0.40168116",,"false","interacts with","BMP2 (interacts with) CCDC7","0","P12643","","Q96M83",""
"179.65238095238095","","interacts with","0","0.476387089","","ZCCHC8 (interacts with) MIER2",,"0","0","0","1","0.551219512","0.401554665",,"false","interacts with","ZCCHC8 (interacts with) MIER2","0","Q6NZY4","","Q8N344",""
"4.166666666666666","","interacts with","0","0.476426285","","MYCL (interacts with) NEDD1",,"1","0","1","1","0.551219512","0.401633059",,"false","interacts with","MYCL (interacts with) NEDD1","0","P12524","","Q8NHV4",""
"4.0","","interacts with","0","0.464192172","","TTC39B (interacts with) COL4A4",,"0","0","0","1","0.526829268","0.401555075",,"false","interacts with","TTC39B (interacts with) COL4A4","0","Q5VTQ0","","P53420",""
"77.16666666666667","","interacts with","0","0.564075424","","APOBEC3C (interacts with) NVL",,"0","0","0","1","0.726829268","0.40132158",,"false","interacts with","APOBEC3C (interacts with) NVL","0","Q9NRW3","","O15381",""
"104.0","","interacts with","0","0.476426256","","TNFSF11 (interacts with) CUX1",,"1","0","1","1","0.551219512","0.401633",,"false","interacts with","TNFSF11 (interacts with) CUX1","0","O14788","","Q13948",""
"64.99999999999999","","interacts with","0","0.476387064","","CFAP107 (interacts with) SYT17",,"0","0","0","1","0.551219512","0.401554616",,"false","interacts with","CFAP107 (interacts with) SYT17","0","Q8N1D5","","Q9BSW7",""
"50.16666666666666","","interacts with","0","0.566514487","","APOBEC3C (interacts with) BMS1",,"0","0","0","1","0.731707317","0.401321657",,"false","interacts with","APOBEC3C (interacts with) BMS1","0","Q9NRW3","","Q14692",""
"46.0","","interacts with","0","0.464192533","","PLA2G2D (interacts with) OR56A4",,"0","0","0","1","0.526829268","0.401555798",,"false","interacts with","PLA2G2D (interacts with) OR56A4","0","Q9UNK4","","Q8NGH8",""
"4.666666666666667","","interacts with","0","0.476387259","","ARMH4 (interacts with) TRGV5",,"0","0","0","1","0.551219512","0.401555005",,"false","interacts with","ARMH4 (interacts with) TRGV5","0","Q86TY3","","A0A0B4J1U4",""
"42.0","","interacts with","0","0.464192079","","ADARB2-AS1 (interacts with) FAM117B",,"0","0","0","1","0.526829268","0.401554889",,"false","interacts with","ADARB2-AS1 (interacts with) FAM117B","0","A8MUL3","","Q6P1L5",""
"2.0","","interacts with","0","0.461816158","","CTSK (interacts with) QRICH2",,"1","0","1","1","0.52195122","0.401681096",,"false","interacts with","CTSK (interacts with) QRICH2","0","P43235","","Q9H0J4",""
"16.0","","interacts with","0","0.464192108","","EVX1 (interacts with) NVL",,"0","0","0","1","0.526829268","0.401554947",,"false","interacts with","EVX1 (interacts with) NVL","0","P49640","","O15381",""
"42.33333333333334","","interacts with","0","0.469070455","","IL34 (interacts with) ZFP57",,"0","0","0","1","0.536585366","0.401555544",,"false","interacts with","IL34 (interacts with) ZFP57","0","Q6ZMJ4","","Q9NU63",""
"0.0","","interacts with","0","0.582333853","","BCL2 (interacts with) BCL2",,"1","1","1","1","0.765853659","0.398814048",,"false","interacts with","BCL2 (interacts with) BCL2","0","P10415","","P10415",""
"4.9523809523809526","","interacts with","0","0.464192114","","KCNJ12 (interacts with) ZNF438",,"0","0","0","1","0.526829268","0.401554959",,"false","interacts with","KCNJ12 (interacts with) ZNF438","0","Q14500","","Q7Z4V0",""
"58.0","","interacts with","0","0.476387122","","CC2D1A (interacts with) UCP3",,"0","0","0","1","0.551219512","0.401554732",,"false","interacts with","CC2D1A (interacts with) UCP3","0","Q6P1N0","","P55916",""
"159.33333333333331","","interacts with","0","0.561630785","","STAP1 (interacts with) CAPZB",,"0","0","0","1","0.72195122","0.40131035",,"false","interacts with","STAP1 (interacts with) CAPZB","0","Q9ULZ2","","P47756",""
"168.0","","interacts with","0","0.476387091","","CC2D1A (interacts with) SH3GLB1",,"0","0","0","1","0.551219512","0.40155467",,"false","interacts with","CC2D1A (interacts with) SH3GLB1","0","Q6P1N0","","Q9Y371",""
"3.0","","interacts with","0","0.461777238","","OFD1 (interacts with) RPL3",,"0","0","0","1","0.52195122","0.401603257",,"false","interacts with","OFD1 (interacts with) RPL3","0","O75665","","P39023",""
"58.0","","interacts with","0","0.476387045","","CC2D1A (interacts with) TRIB1",,"0","0","0","1","0.551219512","0.401554577",,"false","interacts with","CC2D1A (interacts with) TRIB1","0","Q6P1N0","","Q96RU8",""
"341.795238095238","","interacts with","0","0.464192273","","ZCCHC8 (interacts with) TCTN1",,"0","0","0","1","0.526829268","0.401555277",,"false","interacts with","ZCCHC8 (interacts with) TCTN1","0","Q6NZY4","","Q2MV58",""
"34.0","","interacts with","0","0.461753165","","PLA2G2D (interacts with) HLA-DRB3",,"0","0","0","1","0.52195122","0.40155511",,"false","interacts with","PLA2G2D (interacts with) HLA-DRB3","0","Q9UNK4","","P79483",""
"18.0","","interacts with","0","0.46181614","","AKT1 (interacts with) ZNF638",,"1","0","1","1","0.52195122","0.401681061",,"false","interacts with","AKT1 (interacts with) ZNF638","0","P31749","","Q14966",""
"44.33333333333333","","interacts with","0","0.564068373","","PRPF19 (interacts with) RNF2",,"0","0","0","1","0.726829268","0.401307477",,"false","interacts with","PRPF19 (interacts with) RNF2","0","Q9UMS4","","Q99496",""
"6.666666666666666","","interacts with","0","0.461753321","","ATXN7L2 (interacts with) SH3D21",,"0","0","0","1","0.52195122","0.401555422",,"false","interacts with","ATXN7L2 (interacts with) SH3D21","0","Q5T6C5","","A4FU49",""
"16.0","","interacts with","0","0.469070614","","LYG1 (interacts with) OR56A4",,"0","0","0","1","0.536585366","0.401555861",,"false","interacts with","LYG1 (interacts with) OR56A4","0","Q8N1E2","","Q8NGH8",""
"85.66666666666667","","interacts with","0","0.46419209","","TRBV10-3 (interacts with) PPP1R8",,"0","0","0","1","0.526829268","0.401554911",,"false","interacts with","TRBV10-3 (interacts with) PPP1R8","0","A0A0K0K1G6","","Q12972",""
"42.0","","interacts with","0","0.476426295","","SNRNP48 (interacts with) TRAF6",,"0","1","1","1","0.551219512","0.401633078",,"false","interacts with","SNRNP48 (interacts with) TRAF6","0","Q6IEG0","","Q9Y4K3",""
"3.0","","interacts with","0","0.464231272","","MIDEAS (interacts with) ZNF629",,"0","0","0","1","0.526829268","0.401633276",,"false","interacts with","MIDEAS (interacts with) ZNF629","0","Q6PJG2","","Q9UEG4",""
"6.738095238095237","","interacts with","0","0.476387136","","KCNJ12 (interacts with) CCDC150",,"0","0","0","1","0.551219512","0.401554759",,"false","interacts with","KCNJ12 (interacts with) CCDC150","0","Q14500","","Q8NCX0",""
"3.0","","interacts with","0","0.476426264","","MIDEAS (interacts with) PPWD1",,"0","0","0","1","0.551219512","0.401633015",,"false","interacts with","MIDEAS (interacts with) PPWD1","0","Q6PJG2","","Q96BP3",""
"103.66666666666664","","interacts with","0","0.476387183","","TRBV10-3 (interacts with) PRR5",,"0","0","0","1","0.551219512","0.401554855",,"false","interacts with","TRBV10-3 (interacts with) PRR5","0","A0A0K0K1G6","","P85299",""
"4.0","","interacts with","0","0.464192269","","SPEM3 (interacts with) COL4A4",,"0","0","0","1","0.526829268","0.40155527",,"false","interacts with","SPEM3 (interacts with) COL4A4","0","A0A1B0GUW6","","P53420",""
"212.83333333333331","","interacts with","0","0.622654787","","KCNJ2 (interacts with) IL16",,"0","0","0","1","0.843902439","0.401407135",,"false","interacts with","KCNJ2 (interacts with) IL16","0","P63252","","Q14005",""
"16.0","","interacts with","0","0.476387338","","LYG1 (interacts with) GTF2F1",,"0","0","0","1","0.551219512","0.401555164",,"false","interacts with","LYG1 (interacts with) GTF2F1","0","Q8N1E2","","P35269",""
"122.9333333333333","","interacts with","0","0.464216082","","BDP1 (interacts with) ZFP57",,"0","0","0","1","0.526829268","0.401602897",,"false","interacts with","BDP1 (interacts with) ZFP57","0","A6H8Y1","","Q9NU63",""
"4.5","","interacts with","0","0.476387403","","ZKSCAN4 (interacts with) RPL3",,"0","0","0","1","0.551219512","0.401555294",,"false","interacts with","ZKSCAN4 (interacts with) RPL3","0","Q969J2","","P39023",""
"5.666666666666666","","interacts with","0","0.464192329","","ATXN7L2 (interacts with) SGCA",,"0","0","0","1","0.526829268","0.40155539",,"false","interacts with","ATXN7L2 (interacts with) SGCA","0","Q5T6C5","","Q16586",""
"12.0","","interacts with","0","0.476387119","","CGN (interacts with) FAM86B2",,"0","0","0","1","0.551219512","0.401554727",,"false","interacts with","CGN (interacts with) FAM86B2","0","Q9P2M7","","P0C5J1",""
"6.666666666666666","","interacts with","0","0.476387155","","SH3D21 (interacts with) BCL9",,"0","0","0","1","0.551219512","0.401554798",,"false","interacts with","SH3D21 (interacts with) BCL9","0","A4FU49","","O00512",""
"72.33333333333334","","interacts with","0","0.561629723","","PRPF19 (interacts with) PPP1R8",,"0","0","0","1","0.72195122","0.401308227","0.318021201","false","interacts with","PRPF19 (interacts with) PPP1R8","1","Q9UMS4","","Q12972",""
"52.33333333333333","","interacts with","0","0.464216111","","BDP1 (interacts with) MAPK1IP1L",,"0","0","0","1","0.526829268","0.401602954",,"false","interacts with","BDP1 (interacts with) MAPK1IP1L","0","A6H8Y1","","Q8NDC0",""
"23.0","","interacts with","0","0.461777069","","KIAA1217 (interacts with) TRIM36",,"0","0","0","1","0.52195122","0.401602918",,"false","interacts with","KIAA1217 (interacts with) TRIM36","0","Q5T5P2","","Q9NQ86",""
"50.0","","interacts with","0","0.573823642","","CGN (interacts with) ZNF638",,"0","0","0","1","0.746341463","0.40130582",,"false","interacts with","CGN (interacts with) ZNF638","0","Q9P2M7","","Q14966",""
"0.0","","interacts with","0","0.650830335","","TNFSF11 (interacts with) TNFSF11",,"1","1","1","1","0.907317073","0.394343597",,"false","interacts with","TNFSF11 (interacts with) TNFSF11","0","O14788","","O14788",""
"24.0","","interacts with","0","0.57382431","","PRPF19 (interacts with) SART1",,"0","0","0","1","0.746341463","0.401307156",,"false","interacts with","PRPF19 (interacts with) SART1","0","Q9UMS4","","O43290",""
"21.0","","interacts with","0","0.476426169","","ATP2C2 (interacts with) PRKACA",,"0","1","1","1","0.551219512","0.401632827",,"false","interacts with","ATP2C2 (interacts with) PRKACA","0","O75185","","P17612",""
"3.6666666666666665","","interacts with","0","0.469070288","","ATXN7L2 (interacts with) PAK4",,"0","0","0","1","0.536585366","0.401555209",,"false","interacts with","ATXN7L2 (interacts with) PAK4","0","Q5T6C5","","O96013",""
"4.4","","interacts with","0","0.476387182","","ZKSCAN4 (interacts with) TIMP4",,"0","0","0","1","0.551219512","0.401554852",,"false","interacts with","ZKSCAN4 (interacts with) TIMP4","0","Q969J2","","Q99727",""
"13.0","","interacts with","0","0.476426159","","COL1A2 (interacts with) MKRN4P",,"1","0","1","1","0.551219512","0.401632806",,"false","interacts with","COL1A2 (interacts with) MKRN4P","0","P08123","","Q13434",""
"4.0","","interacts with","0","0.461753573","","ATXN7L2 (interacts with) ATMIN",,"0","0","0","1","0.52195122","0.401555926",,"false","interacts with","ATXN7L2 (interacts with) ATMIN","0","Q5T6C5","","O43313",""
"66.20476190476191","","interacts with","0","0.464216123","","BDP1 (interacts with) TCP11X2",,"0","0","0","1","0.526829268","0.401602977",,"false","interacts with","BDP1 (interacts with) TCP11X2","0","A6H8Y1","","Q5H9J9",""
"129.0047619047619","","interacts with","0","0.464192254","","GPR146 (interacts with) TCTN3",,"0","0","0","1","0.526829268","0.401555239",,"false","interacts with","GPR146 (interacts with) TCTN3","0","Q96CH1","","Q6NUS6",""
"52.33333333333333","","interacts with","0","0.464216186","","BDP1 (interacts with) CADM4",,"0","0","0","1","0.526829268","0.401603103",,"false","interacts with","BDP1 (interacts with) CADM4","0","A6H8Y1","","Q8NFZ8",""
"0.0","","interacts with","0","0.607495679","","BMP7 (interacts with) BMP7",,"1","1","1","1","0.814634146","0.400357211",,"false","interacts with","BMP7 (interacts with) BMP7","0","P18075","","P18075",""
"3.0","","interacts with","0","0.461752998","","PAK4 (interacts with) ATMIN",,"0","0","0","1","0.52195122","0.401554777",,"false","interacts with","PAK4 (interacts with) ATMIN","0","O96013","","O43313",""
"128.5047619047619","","interacts with","0","0.464231552","","GPR146 (interacts with) ZNF397",,"0","0","0","1","0.526829268","0.401633836",,"false","interacts with","GPR146 (interacts with) ZNF397","0","Q96CH1","","Q8NF99",""
"75.0","","interacts with","0","0.476426178","","TRAF3IP1 (interacts with) SOST",,"0","1","1","1","0.551219512","0.401632845",,"false","interacts with","TRAF3IP1 (interacts with) SOST","0","Q8TDR0","","Q9BQB4",""
"19.0","","interacts with","0","0.476426323","","PRKACA (interacts with) SYT9",,"1","0","1","1","0.551219512","0.401633135",,"false","interacts with","PRKACA (interacts with) SYT9","0","P17612","","Q86SS6",""
"25.166666666666664","","interacts with","0","0.464231262","","GPR146 (interacts with) SLC9A8",,"0","0","0","1","0.526829268","0.401633256",,"false","interacts with","GPR146 (interacts with) SLC9A8","0","Q96CH1","","Q9Y2E8",""
"130.0","","interacts with","0","0.617727017","","CUX1 (interacts with) TTYH1",,"0","0","0","1","0.834146341","0.401307693",,"false","interacts with","CUX1 (interacts with) TTYH1","0","Q13948","","Q9H313",""
"196.49999999999997","","interacts with","0","0.564075514","","NONO (interacts with) HNRNPM",,"0","0","0","1","0.726829268","0.40132176",,"false","interacts with","NONO (interacts with) HNRNPM","0","Q15233","","P52272",""
"42.0","","interacts with","0","0.476426291","","FAM166C (interacts with) TRAF6",,"0","1","1","1","0.551219512","0.40163307",,"false","interacts with","FAM166C (interacts with) TRAF6","0","A6NJV1","","Q9Y4K3",""
"2.0","","interacts with","0","0.46423124","","MYCN (interacts with) PRELID2",,"1","0","1","1","0.526829268","0.401633212",,"false","interacts with","MYCN (interacts with) PRELID2","0","P04198","","Q8N945",""
"2.0","","interacts with","0","0.476387315","","PROS1 (interacts with) PPP2R3C",,"0","0","0","1","0.551219512","0.401555118",,"false","interacts with","PROS1 (interacts with) PPP2R3C","0","P07225","","Q969Q6",""
"82.74285714285715","","interacts with","0","0.476426304","","TP53 (interacts with) DNAAF1",,"1","0","1","1","0.551219512","0.401633096",,"false","interacts with","TP53 (interacts with) DNAAF1","0","P04637","","Q8NEP3",""
"42.0","","interacts with","0","0.476387286","","PRXL2A (interacts with) FAM117B",,"0","0","0","1","0.551219512","0.40155506",,"false","interacts with","PRXL2A (interacts with) FAM117B","0","Q9BRX8","","Q6P1L5",""
"2.9","","interacts with","0","0.47642637","","MYCL (interacts with) TIMP4",,"1","0","1","1","0.551219512","0.401633228",,"false","interacts with","MYCL (interacts with) TIMP4","0","P12524","","Q99727",""
"8.666666666666666","","interacts with","0","0.476426357","","COL1A2 (interacts with) KYNU",,"1","0","1","1","0.551219512","0.401633201",,"false","interacts with","COL1A2 (interacts with) KYNU","0","P08123","","Q16719",""
"292.0","","interacts with","0","0.476426227","","HNRNPM (interacts with) SOST",,"0","1","1","1","0.551219512","0.401632942",,"false","interacts with","HNRNPM (interacts with) SOST","0","P52272","","Q9BQB4",""
"148.5","","interacts with","0","0.564237408","","NONO (interacts with) KCNJ2",,"0","0","0","1","0.726829268","0.401645547",,"false","interacts with","NONO (interacts with) KCNJ2","0","Q15233","","P63252",""
"40.0","","interacts with","0","0.476426304","","TNFSF11 (interacts with) C6orf118",,"1","0","1","1","0.551219512","0.401633095",,"false","interacts with","TNFSF11 (interacts with) C6orf118","0","O14788","","Q5T5N4",""
"3.0","","interacts with","0","0.476387513","","PAK4 (interacts with) SGCA",,"0","0","0","1","0.551219512","0.401555514",,"false","interacts with","PAK4 (interacts with) SGCA","0","O96013","","Q16586",""
"2.6666666666666665","","interacts with","0","0.464192046","","SKI (interacts with) NXPH1",,"0","0","0","1","0.526829268","0.401554824",,"false","interacts with","SKI (interacts with) NXPH1","0","P12755","","P58417",""
"25.33333333333333","","interacts with","0","0.476387136","","CFAP107 (interacts with) UVSSA",,"0","0","0","1","0.551219512","0.40155476",,"false","interacts with","CFAP107 (interacts with) UVSSA","0","Q8N1D5","","Q2YD98",""
"189.3333333333336","","interacts with","0","0.476387304","","TRGV3 (interacts with) ZNF165",,"0","0","0","1","0.551219512","0.401555095",,"false","interacts with","TRGV3 (interacts with) ZNF165","0","P03979","","P49910",""
"4.833333333333333","","interacts with","0","0.47642626","","MYCL (interacts with) CFAP100",,"1","0","1","1","0.551219512","0.401633008",,"false","interacts with","MYCL (interacts with) CFAP100","0","P12524","","Q494V2",""
"5.0","","interacts with","0","0.476387243","","MYOCD (interacts with) BCL9",,"0","0","0","1","0.551219512","0.401554973",,"false","interacts with","MYOCD (interacts with) BCL9","0","Q8IZQ8","","O00512",""
"6.0","","interacts with","0","0.476426237","","COL1A2 (interacts with) SF3A1",,"1","0","1","1","0.551219512","0.401632963",,"false","interacts with","COL1A2 (interacts with) SF3A1","0","P08123","","Q15459",""
"80.66666666666667","","interacts with","0","0.476387043","","N4BP2L2 (interacts with) ZC3H13",,"0","0","0","1","0.551219512","0.401554574",,"false","interacts with","N4BP2L2 (interacts with) ZC3H13","0","Q92802","","Q5T200",""
"1340.0","","interacts with","0","0.561636231","","RIN3 (interacts with) RTCB",,"0","0","0","1","0.72195122","0.401321243",,"false","interacts with","RIN3 (interacts with) RTCB","0","Q8TB24","","Q9Y3I0",""
"34.99999999999999","","interacts with","0","0.464192159","","CFAP107 (interacts with) KIR3DL1",,"0","0","0","1","0.526829268","0.401555049",,"false","interacts with","CFAP107 (interacts with) KIR3DL1","0","Q8N1D5","","P43629",""
"148.66666666666669","","interacts with","0","0.561723827","","N4BP2L2 (interacts with) HNRNPM",,"0","0","0","1","0.72195122","0.401496434",,"false","interacts with","N4BP2L2 (interacts with) HNRNPM","0","Q92802","","P52272",""
"4.166666666666666","","interacts with","0","0.461816257","","OFD1 (interacts with) MYCL",,"0","1","1","1","0.52195122","0.401681295",,"false","interacts with","OFD1 (interacts with) MYCL","0","O75665","","P12524",""
"8.0","","interacts with","0","0.476387305","","CFAP107 (interacts with) CLNK",,"0","0","0","1","0.551219512","0.401555098",,"false","interacts with","CFAP107 (interacts with) CLNK","0","Q8N1D5","","Q7Z7G1",""
"176.33333333333334","","interacts with","0","0.591022225","","TCEANC (interacts with) TRIM23",,"0","0","0","1","0.780487805","0.401556645",,"false","interacts with","TCEANC (interacts with) TRIM23","0","Q8N8B7","","P36406",""
"698.9000000000001","","interacts with","0","0.573832073","","RTCB (interacts with) AICDA",,"0","0","0","1","0.746341463","0.401322683",,"false","interacts with","RTCB (interacts with) AICDA","0","Q9Y3I0","","Q9GZX7",""
"82.74285714285715","","interacts with","0","0.476426272","","TP53 (interacts with) SCN3B",,"1","0","1","1","0.551219512","0.401633031",,"false","interacts with","TP53 (interacts with) SCN3B","0","P04637","","Q9NY72",""
"112.33333333333333","","interacts with","0","0.464216113","","TCEANC (interacts with) BDP1",,"0","0","0","1","0.526829268","0.401602958",,"false","interacts with","TCEANC (interacts with) BDP1","0","Q8N8B7","","A6H8Y1",""
"398.6666666666666","","interacts with","0","0.561629726","","RTCB (interacts with) HNRNPM",,"0","0","0","1","0.72195122","0.401308233",,"false","interacts with","RTCB (interacts with) HNRNPM","0","Q9Y3I0","","P52272",""
"133.0","","interacts with","0","0.591022943","","STK39 (interacts with) ST8SIA4",,"0","0","0","1","0.780487805","0.401558081",,"false","interacts with","STK39 (interacts with) ST8SIA4","0","Q9UEW8","","Q92187",""
"5.785714285714286","","interacts with","0","0.476387284","","MS4A14 (interacts with) CCDC150",,"0","0","0","1","0.551219512","0.401555057",,"false","interacts with","MS4A14 (interacts with) CCDC150","0","Q96JA4","","Q8NCX0",""
"2.0","","interacts with","0","0.47642641","","KCNK13 (interacts with) XRCC1",,"0","0","0","1","0.551219512","0.401633307",,"false","interacts with","KCNK13 (interacts with) XRCC1","0","Q9HB14","","P18887",""
"49.333333333333336","","interacts with","0","0.476387397","","TRGV3 (interacts with) RPUSD1",,"0","0","0","1","0.551219512","0.401555281",,"false","interacts with","TRGV3 (interacts with) RPUSD1","0","P03979","","Q9UJJ7",""
"7.0","","interacts with","0","0.476426198","","COL5A2 (interacts with) RABL6",,"1","0","1","1","0.551219512","0.401632885",,"false","interacts with","COL5A2 (interacts with) RABL6","0","P05997","","Q3YEC7",""
"2.0","","interacts with","0","0.461753463","","KCNK13 (interacts with) MCHR1",,"0","0","0","1","0.52195122","0.401555706",,"false","interacts with","KCNK13 (interacts with) MCHR1","0","Q9HB14","","Q99705",""
"7.0","","interacts with","0","0.476387296","","MYOCD (interacts with) SGCA",,"0","0","0","1","0.551219512","0.401555081",,"false","interacts with","MYOCD (interacts with) SGCA","0","Q8IZQ8","","Q16586",""
"2.0","","interacts with","0","0.63959689","","IMMT (interacts with) YME1L1",,"0","0","0","1","0.87804878","0.401145",,"false","interacts with","IMMT (interacts with) YME1L1","0","Q16891","","Q96TA2",""
"3.0","","interacts with","0","0.476426237","","JUN (interacts with) SMAGP",,"1","0","1","1","0.551219512","0.401632962",,"false","interacts with","JUN (interacts with) SMAGP","0","P05412","","Q0VAQ4",""
"117.0","","interacts with","0","0.561629916","","STK39 (interacts with) TSC22D2",,"0","0","0","1","0.72195122","0.401308612",,"false","interacts with","STK39 (interacts with) TSC22D2","0","Q9UEW8","","O75157",""
"4.666666666666666","","interacts with","0","0.476426264","","BMP7 (interacts with) ARHGAP28",,"1","0","1","1","0.551219512","0.401633017",,"false","interacts with","BMP7 (interacts with) ARHGAP28","0","P18075","","Q9P2N2",""
"4.0","","interacts with","0","0.46177718","","TRGV3 (interacts with) CCDC7",,"0","0","0","1","0.52195122","0.401603141",,"false","interacts with","TRGV3 (interacts with) CCDC7","0","P03979","","Q96M83",""
"443.0","","interacts with","0","0.560568452","","SLC25A3 (interacts with) RCN1",,"0","0","0","1","0.72195122","0.399185684",,"false","interacts with","SLC25A3 (interacts with) RCN1","0","Q00325","","Q15293",""
"2.0","","interacts with","0","0.476426266","","REELD1 (interacts with) BCL2",,"0","1","1","1","0.551219512","0.40163302",,"false","interacts with","REELD1 (interacts with) BCL2","0","A0A1B0GV85","","P10415",""
"81.0","","interacts with","0","0.469070153","","SLC25A3 (interacts with) PDZD4",,"0","0","0","1","0.536585366","0.40155494",,"false","interacts with","SLC25A3 (interacts with) PDZD4","0","Q00325","","Q76G19",""
"40.0","","interacts with","0","0.464231348","","SRC (interacts with) N4BP2L2",,"1","0","1","1","0.526829268","0.401633427",,"false","interacts with","SRC (interacts with) N4BP2L2","0","P12931","","Q92802",""
"213.60000000000008","","interacts with","0","0.476387132","","PDK1 (interacts with) BDP1",,"0","0","0","1","0.551219512","0.401554752",,"false","interacts with","PDK1 (interacts with) BDP1","0","Q15118","","A6H8Y1",""
"379.2047619047619","","interacts with","0","0.561375625","","ZNF397 (interacts with) ZSCAN22",,"0","0","0","1","0.72195122","0.40080003","0.35335689","false","interacts with","ZNF397 (interacts with) ZSCAN22","1","Q8NF99","","P10073",""
"3.0","","interacts with","0","0.476426248","","RELA (interacts with) DAZAP2",,"1","0","1","1","0.551219512","0.401632984",,"false","interacts with","RELA (interacts with) DAZAP2","0","Q04206","","Q15038",""
"163.33333333333334","","interacts with","0","0.615287566","","TCEANC (interacts with) RAD54B",,"0","0","0","1","0.829268293","0.401306839",,"false","interacts with","TCEANC (interacts with) RAD54B","0","Q8N8B7","","Q9Y620",""
"7.0","","interacts with","0","0.46423122","","PRKACA (interacts with) TC2N",,"1","0","1","1","0.526829268","0.401633172",,"false","interacts with","PRKACA (interacts with) TC2N","0","P17612","","Q8N9U0",""
"48.53333333333333","","interacts with","0","0.464192129","","CGAS (interacts with) MRPL28",,"0","0","0","1","0.526829268","0.401554989",,"false","interacts with","CGAS (interacts with) MRPL28","0","Q8N884","","Q13084",""
"2.0","","interacts with","0","0.476426158","","MAPK14 (interacts with) SRRM2",,"1","0","1","1","0.551219512","0.401632803",,"false","interacts with","MAPK14 (interacts with) SRRM2","0","Q16539","","Q9UQ35",""
"6.0","","interacts with","0","0.469070069","","SF3A1 (interacts with) STOX2",,"0","0","0","1","0.536585366","0.401554772",,"false","interacts with","SF3A1 (interacts with) STOX2","0","Q15459","","Q9P2F5",""
"145.4666666666667","","interacts with","0","0.47638722","","CGAS (interacts with) AICDA",,"0","0","0","1","0.551219512","0.401554928",,"false","interacts with","CGAS (interacts with) AICDA","0","Q8N884","","Q9GZX7",""
"5.4","","interacts with","0","0.476387122","","HTR1E (interacts with) ARHGAP44",,"0","0","0","1","0.551219512","0.401554733",,"false","interacts with","HTR1E (interacts with) ARHGAP44","0","P28566","","Q17R89",""
"8.666666666666666","","interacts with","0","0.464192429","","POPDC3 (interacts with) OTUD5",,"0","0","0","1","0.526829268","0.40155559",,"false","interacts with","POPDC3 (interacts with) OTUD5","0","Q9HBV1","","Q96G74",""
"5.4","","interacts with","0","0.464216149","","HTR1E (interacts with) SMC1B",,"0","0","0","1","0.526829268","0.401603029",,"false","interacts with","HTR1E (interacts with) SMC1B","0","P28566","","Q8NDV3",""
"8.0","","interacts with","0","0.469070145","","PGA4 (interacts with) DENND2A",,"0","0","0","1","0.536585366","0.401554925",,"false","interacts with","PGA4 (interacts with) DENND2A","0","P0DJD7","","Q9ULE3",""
"2.0","","interacts with","0","0.464192457","","HTR1E (interacts with) ZNF221",,"0","0","0","1","0.526829268","0.401555645",,"false","interacts with","HTR1E (interacts with) ZNF221","0","P28566","","Q9UK13",""
"8.666666666666666","","interacts with","0","0.476426243","","COL1A2 (interacts with) OR9A1P",,"1","0","1","1","0.551219512","0.401632973",,"false","interacts with","COL1A2 (interacts with) OR9A1P","0","P08123","","Q8NGU1",""
"4.0","","interacts with","0","0.476387346","","DLGAP1 (interacts with) TTC39B",,"0","0","0","1","0.551219512","0.40155518",,"false","interacts with","DLGAP1 (interacts with) TTC39B","0","O14490","","Q5VTQ0",""
"126.83333333333334","","interacts with","0","0.600546164","","ZNF397 (interacts with) SLC9A8",,"0","0","0","1","0.8","0.401092327",,"false","interacts with","ZNF397 (interacts with) SLC9A8","0","Q8NF99","","Q9Y2E8",""
"192.8952380952381","","interacts with","0","0.564357738","","PDK1 (interacts with) DLST",,"0","0","0","1","0.726829268","0.401886208",,"false","interacts with","PDK1 (interacts with) DLST","0","Q15118","","P36957",""
"4.0","","interacts with","0","0.476387104","","DLGAP1 (interacts with) SPEM3",,"0","0","0","1","0.551219512","0.401554695",,"false","interacts with","DLGAP1 (interacts with) SPEM3","0","O14490","","A0A1B0GUW6",""
"7.666666666666666","","interacts with","0","0.476387152","","POPDC3 (interacts with) SCAF4",,"0","0","0","1","0.551219512","0.401554791",,"false","interacts with","POPDC3 (interacts with) SCAF4","0","Q9HBV1","","O95104",""
"5.666666666666666","","interacts with","0","0.476426481","","MYCL (interacts with) KCNA7",,"1","0","1","1","0.551219512","0.401633449",,"false","interacts with","MYCL (interacts with) KCNA7","0","P12524","","Q96RP8",""
"10.333333333333332","","interacts with","0","0.476387166","","POPDC3 (interacts with) MCAM",,"0","0","0","1","0.551219512","0.401554819",,"false","interacts with","POPDC3 (interacts with) MCAM","0","Q9HBV1","","P43121",""
"23.0","","interacts with","0","0.469070286","","NPBWR2 (interacts with) UVSSA",,"0","0","0","1","0.536585366","0.401555206",,"false","interacts with","NPBWR2 (interacts with) UVSSA","0","P48146","","Q2YD98",""
"42.33333333333334","","interacts with","0","0.464192181","","DGLUCY (interacts with) IL34",,"0","0","0","1","0.526829268","0.401555093",,"false","interacts with","DGLUCY (interacts with) IL34","0","Q7Z3D6","","Q6ZMJ4",""
"61.0","","interacts with","0","0.476387084","","PRR14L (interacts with) EPB41L3",,"0","0","0","1","0.551219512","0.401554656",,"false","interacts with","PRR14L (interacts with) EPB41L3","0","Q5THK1","","Q9Y2J2",""
"0.0","taxid:9606(Homo sapiens)","interacts with","1","0.628019284","""psi-mi:""""MI:0364""""(inferred by curator)""","JUN (interacts with) JUN","2","1","1","1","1","0.843902439","0.412136129",,"false","interacts with","JUN (interacts with) JUN","0","P05412","P05412","P05412","P05412"
"40.33333333333333","","interacts with","0","0.464192314","","SYT17 (interacts with) NPBWR2",,"0","0","0","1","0.526829268","0.401555361",,"false","interacts with","SYT17 (interacts with) NPBWR2","0","Q9BSW7","","P48146",""
"122.93333333333334","","interacts with","0","0.461777148","","DGLUCY (interacts with) BDP1",,"0","0","0","1","0.52195122","0.401603077",,"false","interacts with","DGLUCY (interacts with) BDP1","0","Q7Z3D6","","A6H8Y1",""
"148.0","","interacts with","0","0.476426372","","CNR2 (interacts with) TTYH1",,"1","0","1","1","0.551219512","0.401633233",,"false","interacts with","CNR2 (interacts with) TTYH1","0","P34972","","Q9H313",""
"0.0","","interacts with","0","0.650217941","","SRC (interacts with) SRC",,"1","1","1","1","0.892682927","0.407752955",,"false","interacts with","SRC (interacts with) SRC","0","P12931","","P12931",""
"3.0","","interacts with","0","0.469109274","","PGA4 (interacts with) AKT1",,"0","1","1","1","0.536585366","0.401633182",,"false","interacts with","PGA4 (interacts with) AKT1","0","P0DJD7","","P31749",""
"2.6666666666666665","","interacts with","0","0.461753014","","SF3A1 (interacts with) DDX4",,"0","0","0","1","0.52195122","0.401554808",,"false","interacts with","SF3A1 (interacts with) DDX4","0","Q15459","","Q9NQI0",""
"4.566666666666666","","interacts with","0","0.476387265","","RAMAC (interacts with) ZKSCAN4",,"0","0","0","1","0.551219512","0.401555019",,"false","interacts with","RAMAC (interacts with) ZKSCAN4","0","Q9BTL3","","Q969J2",""
"151.66666666666666","","interacts with","0","0.476426184","","NVL (interacts with) TRAF6",,"0","1","1","1","0.551219512","0.401632856",,"false","interacts with","NVL (interacts with) TRAF6","0","O15381","","Q9Y4K3",""
"4.904761904761905","","interacts with","0","0.476426287","","GOLGA3 (interacts with) ZNF438",,"0","0","0","1","0.551219512","0.401633062",,"false","interacts with","GOLGA3 (interacts with) ZNF438","0","Q08378","","Q7Z4V0",""
"6.0","","interacts with","0","0.464192447","","GTF2F1 (interacts with) HLA-DRB3",,"0","0","0","1","0.526829268","0.401555625",,"false","interacts with","GTF2F1 (interacts with) HLA-DRB3","0","P35269","","P79483",""
