"EdgeBetweenness","Host_organism_taxid","interaction","irefindex_check","mean_prob_aff","method","name","numParticipants","OP_A","OP_B","OP_check","Predicted Classes","Probability Score","Regression Value","score_norm","selected","shared interaction","shared name","stringdb_check","uidA","uidA_irefindex","uidB","uidB_irefindex"
"18.0","","interacts with","0","0.464192036","","SYT17 (interacts with) AKR7A3",,"0","0","0","1","0.526829268","0.401554803",,"false","interacts with","SYT17 (interacts with) AKR7A3","0","Q9BSW7","","O95154",""
"0.0","","interacts with","0","0.568118692","","PGR (interacts with) PGR",,"1","1","1","1","0.726829268","0.409408115",,"false","interacts with","PGR (interacts with) PGR","0","P06401","","P06401",""
"8.0","","interacts with","0","0.464231316","","JUN (interacts with) TPPP2",,"1","0","1","1","0.526829268","0.401633364",,"false","interacts with","JUN (interacts with) TPPP2","0","P05412","","P59282",""
"12.208057465410409","","interacts with","0","0.461777163","","SMC1B (interacts with) ZNF772",,"0","0","0","1","0.52195122","0.401603107",,"false","interacts with","SMC1B (interacts with) ZNF772","0","Q8NDV3","","Q68DY9",""
"12.97068372803667","","interacts with","0","0.4617772","","SMC1B (interacts with) ZNF221",,"0","0","0","1","0.52195122","0.401603181",,"false","interacts with","SMC1B (interacts with) ZNF221","0","Q8NDV3","","Q9UK13",""
"41.0","","interacts with","0","0.476426317","","TP53 (interacts with) TBC1D28",,"1","0","1","1","0.551219512","0.401633121",,"false","interacts with","TP53 (interacts with) TBC1D28","0","P04637","","Q2M2D7",""
"9.238095238095239","","interacts with","0","0.476387199","","RGR (interacts with) TELO2",,"0","0","0","1","0.551219512","0.401554885",,"false","interacts with","RGR (interacts with) TELO2","0","P47804","","Q9Y4R8",""
"19.271311289118195","","interacts with","0","0.461816209","","COX11 (interacts with) CROCC2",,"0","0","0","1","0.52195122","0.401681198",,"false","interacts with","COX11 (interacts with) CROCC2","0","Q9Y6N1","","H7BZ55",""
"4.866666666666667","","interacts with","0","0.464192171","","HNF1B (interacts with) ESCO1",,"0","0","0","1","0.526829268","0.401555074",,"false","interacts with","HNF1B (interacts with) ESCO1","0","P35680","","Q5FWF5",""
"6.499999999999999","","interacts with","0","0.476387105","","HNF1B (interacts with) CCDC150",,"0","0","0","1","0.551219512","0.401554698",,"false","interacts with","HNF1B (interacts with) CCDC150","0","P35680","","Q8NCX0",""
"32.53333333333332","","interacts with","0","0.476426244","","COL1A2 (interacts with) UAP1",,"1","0","1","1","0.551219512","0.401632976",,"false","interacts with","COL1A2 (interacts with) UAP1","0","P08123","","Q16222",""
"3.8484848484848486","","interacts with","0","0.464231326","","COX11 (interacts with) SHC2",,"0","0","0","1","0.526829268","0.401633384",,"false","interacts with","COX11 (interacts with) SHC2","0","Q9Y6N1","","P98077",""
"18.0","","interacts with","0","0.464192283","","SYT17 (interacts with) CNMD",,"0","0","0","1","0.526829268","0.401555298",,"false","interacts with","SYT17 (interacts with) CNMD","0","Q9BSW7","","O75829",""
"17.833333333333336","","interacts with","0","0.476387145","","SYT17 (interacts with) FAAP100",,"0","0","0","1","0.551219512","0.401554779",,"false","interacts with","SYT17 (interacts with) FAAP100","0","Q9BSW7","","Q0VG06",""
"7.333333333333334","","interacts with","0","0.469070249","","HPD (interacts with) FAM20A",,"0","0","0","1","0.536585366","0.401555132",,"false","interacts with","HPD (interacts with) FAM20A","0","P32754","","Q96MK3",""
"16.666666666666668","","interacts with","0","0.461753445","","SYT17 (interacts with) LPAR2",,"0","0","0","1","0.52195122","0.401555671",,"false","interacts with","SYT17 (interacts with) LPAR2","0","Q9BSW7","","Q9HBW0",""
"15.02147737883032","","interacts with","0","0.464216147","","SMC1B (interacts with) AADACL4",,"0","0","0","1","0.526829268","0.401603025",,"false","interacts with","SMC1B (interacts with) AADACL4","0","Q8NDV3","","Q5VUY2",""
"6.933333333333334","","interacts with","0","0.469070423","","HPD (interacts with) PSMD12",,"0","0","0","1","0.536585366","0.40155548",,"false","interacts with","HPD (interacts with) PSMD12","0","P32754","","O00232",""
"12.532588489941432","","interacts with","0","0.461777131","","SMC1B (interacts with) PDE7A",,"0","0","0","1","0.52195122","0.401603043",,"false","interacts with","SMC1B (interacts with) PDE7A","0","Q8NDV3","","Q13946",""
"15.333333333333334","","interacts with","0","0.476426205","","CTSK (interacts with) CASKIN2",,"1","0","1","1","0.551219512","0.401632897",,"false","interacts with","CTSK (interacts with) CASKIN2","0","P43235","","Q8WXE0",""
"8.833333333333334","","interacts with","0","0.476387236","","HPD (interacts with) B4GALNT2",,"0","0","0","1","0.551219512","0.40155496",,"false","interacts with","HPD (interacts with) B4GALNT2","0","P32754","","Q8NHY0",""
"8.333333333333332","","interacts with","0","0.461753254","","HPD (interacts with) ZNF669",,"0","0","0","1","0.52195122","0.401555289",,"false","interacts with","HPD (interacts with) ZNF669","0","P32754","","Q96BR6",""
"10.642857142857142","","interacts with","0","0.476387362","","SF3A1 (interacts with) CAMK1G",,"0","0","0","1","0.551219512","0.401555213",,"false","interacts with","SF3A1 (interacts with) CAMK1G","0","Q15459","","Q96NX5",""
"5.699999999999999","","interacts with","0","0.476387028","","HPD (interacts with) OIT3",,"0","0","0","1","0.551219512","0.401554544",,"false","interacts with","HPD (interacts with) OIT3","0","P32754","","Q8WWZ8",""
"17.0","","interacts with","0","0.476388287","","SYT17 (interacts with) CLNK",,"0","0","0","1","0.551219512","0.401557062",,"false","interacts with","SYT17 (interacts with) CLNK","0","Q9BSW7","","Q7Z7G1",""
"15.000000000000004","","interacts with","0","0.476387372","","SYT17 (interacts with) MSTN",,"0","0","0","1","0.551219512","0.401555231",,"false","interacts with","SYT17 (interacts with) MSTN","0","Q9BSW7","","O14793",""
"18.0","","interacts with","0","0.476387302","","SYT17 (interacts with) CFHR2",,"0","0","0","1","0.551219512","0.401555093",,"false","interacts with","SYT17 (interacts with) CFHR2","0","Q9BSW7","","P36980",""
"12.437350394703337","","interacts with","0","0.461777135","","SMC1B (interacts with) IQCM",,"0","0","0","1","0.52195122","0.401603051",,"false","interacts with","SMC1B (interacts with) IQCM","0","Q8NDV3","","A0A1B0GVH7",""
"17.333333333333336","","interacts with","0","0.464192201","","SYT17 (interacts with) MCHR1",,"0","0","0","1","0.526829268","0.401555134",,"false","interacts with","SYT17 (interacts with) MCHR1","0","Q9BSW7","","Q99705",""
"13.408057465410408","","interacts with","0","0.464216137","","SMC1B (interacts with) SULT1E1",,"0","0","0","1","0.526829268","0.401603005",,"false","interacts with","SMC1B (interacts with) SULT1E1","0","Q8NDV3","","P49888",""
"14.1","","interacts with","0","0.476387057","","HPD (interacts with) STOX2",,"0","0","0","1","0.551219512","0.401554601",,"false","interacts with","HPD (interacts with) STOX2","0","P32754","","Q9P2F5",""
"14.641390798743743","","interacts with","0","0.46421612","","SMC1B (interacts with) GLYATL1",,"0","0","0","1","0.526829268","0.401602971",,"false","interacts with","SMC1B (interacts with) GLYATL1","0","Q8NDV3","","Q969I3",""
"9.560493130058346","","interacts with","0","0.476426425","","MYC (interacts with) OR51M1",,"1","0","1","1","0.551219512","0.401633338",,"false","interacts with","MYC (interacts with) OR51M1","0","P01106","","Q9H341",""
"5.7","","interacts with","0","0.47638701","","HPD (interacts with) UAP1",,"0","0","0","1","0.551219512","0.401554507",,"false","interacts with","HPD (interacts with) UAP1","0","P32754","","Q16222",""
"82.0","","interacts with","0","0.476426326","","OR13C8 (interacts with) TRAF6",,"0","1","1","1","0.551219512","0.401633139",,"false","interacts with","OR13C8 (interacts with) TRAF6","0","Q8NGS7","","Q9Y4K3",""
"15.0","","interacts with","0","0.47638755","","SYT17 (interacts with) OR2J1",,"0","0","0","1","0.551219512","0.401555589",,"false","interacts with","SYT17 (interacts with) OR2J1","0","Q9BSW7","","Q9GZK6",""
"15.000000000000002","","interacts with","0","0.464192079","","SYT17 (interacts with) DOK5",,"0","0","0","1","0.526829268","0.401554889",,"false","interacts with","SYT17 (interacts with) DOK5","0","Q9BSW7","","Q9P104",""
"15.0","","interacts with","0","0.47642619","","VTN (interacts with) RPS6KC1",,"1","0","1","1","0.551219512","0.401632868",,"false","interacts with","VTN (interacts with) RPS6KC1","0","P04004","","Q96S38",""
"4.133333333333333","","interacts with","0","0.476387168","","CASKIN2 (interacts with) TSPYL2",,"0","0","0","1","0.551219512","0.401554824",,"false","interacts with","CASKIN2 (interacts with) TSPYL2","0","Q8WXE0","","Q9H2G4",""
"13.500000000000002","","interacts with","0","0.469070196","","SYT17 (interacts with) RBM25",,"0","0","0","1","0.536585366","0.401555026",,"false","interacts with","SYT17 (interacts with) RBM25","0","Q9BSW7","","P49756",""
"6.133333333333333","","interacts with","0","0.476387083","","CASKIN2 (interacts with) PWWP3A",,"0","0","0","1","0.551219512","0.401554653",,"false","interacts with","CASKIN2 (interacts with) PWWP3A","0","Q8WXE0","","Q2TAK8",""
"9.10952380952381","","interacts with","0","0.476426464","","SF3A1 (interacts with) GPR141",,"0","0","0","1","0.551219512","0.401633415",,"false","interacts with","SF3A1 (interacts with) GPR141","0","Q15459","","Q7Z602",""
"18.466666666666665","","interacts with","0","0.464231192","","DHRS13 (interacts with) PROCR",,"0","1","1","1","0.526829268","0.401633116",,"false","interacts with","DHRS13 (interacts with) PROCR","0","Q6UX07","","Q9UNN8",""
"3.0","","interacts with","0","0.476387129","","P2RX6 (interacts with) PCARE",,"0","0","0","1","0.551219512","0.401554746",,"false","interacts with","P2RX6 (interacts with) PCARE","0","O15547","","A6NGG8",""
"18.0","","interacts with","0","0.464192555","","SYT17 (interacts with) CXCR1",,"0","0","0","1","0.526829268","0.401555841",,"false","interacts with","SYT17 (interacts with) CXCR1","0","Q9BSW7","","P25024",""
"87.0","","interacts with","0","0.476426234","","VGLL3 (interacts with) COL1A1",,"0","1","1","1","0.551219512","0.401632956",,"false","interacts with","VGLL3 (interacts with) COL1A1","0","A8MV65","","P02452",""
"4.0","","interacts with","0","0.461629056","","TAPT1 (interacts with) KRTAP9-2",,"0","0","0","1","0.52195122","0.401306893",,"false","interacts with","TAPT1 (interacts with) KRTAP9-2","0","Q6NXT6","","Q9BYQ4",""
"6.666666666666666","","interacts with","0","0.464192607","","HPD (interacts with) MKRN4P",,"0","0","0","1","0.526829268","0.401555946",,"false","interacts with","HPD (interacts with) MKRN4P","0","P32754","","Q13434",""
"15.000000000000002","","interacts with","0","0.464192111","","SYT17 (interacts with) NDUFAF6",,"0","0","0","1","0.526829268","0.401554954",,"false","interacts with","SYT17 (interacts with) NDUFAF6","0","Q9BSW7","","Q330K2",""
"20.0","","interacts with","0","0.461792209","","OOSP4A (interacts with) BGLAP",,"0","1","1","1","0.52195122","0.401633198",,"false","interacts with","OOSP4A (interacts with) BGLAP","0","A0A2R8YFL7","","P02818",""
"3.833333333333333","","interacts with","0","0.464192226","","NBPF6 (interacts with) CALHM2",,"0","0","0","1","0.526829268","0.401555183",,"false","interacts with","NBPF6 (interacts with) CALHM2","0","Q5VWK0","","Q9HA72",""
"7.619047619047619","","interacts with","0","0.461753347","","TFAP2A (interacts with) OR52K2",,"0","0","0","1","0.52195122","0.401555474",,"false","interacts with","TFAP2A (interacts with) OR52K2","0","P05549","","Q8NGK3",""
"7.833333333333333","","interacts with","0","0.476387147","","HPD (interacts with) PDZD4",,"0","0","0","1","0.551219512","0.401554782",,"false","interacts with","HPD (interacts with) PDZD4","0","P32754","","Q76G19",""
"16.333333333333336","","interacts with","0","0.461753665","","SYT17 (interacts with) CXCR3",,"0","0","0","1","0.52195122","0.40155611",,"false","interacts with","SYT17 (interacts with) CXCR3","0","Q9BSW7","","P49682",""
"5.0","","interacts with","0","0.464192152","","HMGCS2 (interacts with) KIF27",,"0","0","0","1","0.526829268","0.401555036",,"false","interacts with","HMGCS2 (interacts with) KIF27","0","P54868","","Q86VH2",""
"20.0","","interacts with","0","0.476426296","","PGR (interacts with) ZNF582",,"1","0","1","1","0.551219512","0.40163308",,"false","interacts with","PGR (interacts with) ZNF582","0","P06401","","Q96NG8",""
"9.10952380952381","","interacts with","0","0.476387313","","SF3A1 (interacts with) OR9A1P",,"0","0","0","1","0.551219512","0.401555114",,"false","interacts with","SF3A1 (interacts with) OR9A1P","0","Q15459","","Q8NGU1",""
"69.79630492293536","","interacts with","0","0.476426218","","COL5A3 (interacts with) SLC2A11",,"1","0","1","1","0.551219512","0.401632924",,"false","interacts with","COL5A3 (interacts with) SLC2A11","0","P25940","","Q9BYW1",""
"9.095670995670995","","interacts with","0","0.476387218","","OR51M1 (interacts with) PMS2",,"0","0","0","1","0.551219512","0.401554924",,"false","interacts with","OR51M1 (interacts with) PMS2","0","Q9H341","","P54278",""
"10.642857142857144","","interacts with","0","0.476387238","","SF3A1 (interacts with) USP17L6P",,"0","0","0","1","0.551219512","0.401554964",,"false","interacts with","SF3A1 (interacts with) USP17L6P","0","Q15459","","Q6QN14",""
"4.4","","interacts with","0","0.461753163","","MAGEB17 (interacts with) MAGEB6B",,"0","0","0","1","0.52195122","0.401555107",,"false","interacts with","MAGEB17 (interacts with) MAGEB6B","0","A8MXT2","","A0A0J9YX57",""
"64.46297158960203","","interacts with","0","0.47642629","","COL5A3 (interacts with) ITFG2",,"1","0","1","1","0.551219512","0.401633067",,"false","interacts with","COL5A3 (interacts with) ITFG2","0","P25940","","Q969R8",""
"8.177056277056275","","interacts with","0","0.476387541","","TFAP2A (interacts with) RAB24",,"0","0","0","1","0.551219512","0.40155557",,"false","interacts with","TFAP2A (interacts with) RAB24","0","P05549","","Q969Q5",""
"8.799999999999999","","interacts with","0","0.476387117","","NCR1 (interacts with) RGL2",,"0","0","0","1","0.551219512","0.401554721",,"false","interacts with","NCR1 (interacts with) RGL2","0","O76036","","O15211",""
"11.748809523809522","","interacts with","0","0.47638721","","OR51M1 (interacts with) PHC2",,"0","0","0","1","0.551219512","0.401554907",,"false","interacts with","OR51M1 (interacts with) PHC2","0","Q9H341","","Q8IXK0",""
"49.66666666666667","","interacts with","0","0.476426198","","COL3A1 (interacts with) ZNF311",,"1","0","1","1","0.551219512","0.401632883",,"false","interacts with","COL3A1 (interacts with) ZNF311","0","P02461","","Q5JNZ3",""
"9.297330447330449","","interacts with","0","0.476387476","","OR51M1 (interacts with) ZNF319",,"0","0","0","1","0.551219512","0.401555439",,"false","interacts with","OR51M1 (interacts with) ZNF319","0","Q9H341","","Q9P2F9",""
"11.333333333333337","","interacts with","0","0.476387524","","SF3A1 (interacts with) BPIFC",,"0","0","0","1","0.551219512","0.401555535",,"false","interacts with","SF3A1 (interacts with) BPIFC","0","Q15459","","Q8NFQ6",""
"6.233333333333332","","interacts with","0","0.469070542","","TFAP2A (interacts with) OR10H4",,"0","0","0","1","0.536585366","0.401555717",,"false","interacts with","TFAP2A (interacts with) OR10H4","0","P05549","","Q8NGA5",""
"18.0","","interacts with","0","0.464231152","","STX16 (interacts with) BGLAP",,"0","1","1","1","0.526829268","0.401633035",,"false","interacts with","STX16 (interacts with) BGLAP","0","O14662","","P02818",""
"14.027128427128428","","interacts with","0","0.461777162","","ZNF772 (interacts with) ZCCHC2",,"0","0","0","1","0.52195122","0.401603105",,"false","interacts with","ZNF772 (interacts with) ZCCHC2","0","Q68DY9","","Q9C0B9",""
"5.152380952380954","","interacts with","0","0.4617536","","OR51M1 (interacts with) METTL15P1",,"0","0","0","1","0.52195122","0.40155598",,"false","interacts with","OR51M1 (interacts with) METTL15P1","0","Q9H341","","P0C7V9",""
"2.0","","interacts with","0","0.47638722","","MAGI3 (interacts with) PAM",,"0","0","0","1","0.551219512","0.401554929",,"false","interacts with","MAGI3 (interacts with) PAM","0","Q5TCQ9","","P19021",""
"20.92981366459627","","interacts with","0","0.476426281","","PMS2 (interacts with) TRAF6",,"0","1","1","1","0.551219512","0.40163305",,"false","interacts with","PMS2 (interacts with) TRAF6","0","P54278","","Q9Y4K3",""
"83.0","","interacts with","0","0.476426354","","COL1A1 (interacts with) CCKAR",,"1","0","1","1","0.551219512","0.401633197",,"false","interacts with","COL1A1 (interacts with) CCKAR","0","P02452","","P32238",""
"8.048917748917749","","interacts with","0","0.476387322","","OR51M1 (interacts with) SAMD15",,"0","0","0","1","0.551219512","0.401555132",,"false","interacts with","OR51M1 (interacts with) SAMD15","0","Q9H341","","Q9P1V8",""
"12.333333333333332","","interacts with","0","0.476426432","","SF3A1 (interacts with) GAL3ST3",,"0","0","0","1","0.551219512","0.401633352",,"false","interacts with","SF3A1 (interacts with) GAL3ST3","0","Q15459","","Q96A11",""
"35.153846153846146","","interacts with","0","0.464216091","","BECN2 (interacts with) BDP1",,"0","0","0","1","0.526829268","0.401602914",,"false","interacts with","BECN2 (interacts with) BDP1","0","A8MW95","","A6H8Y1",""
"25.924741924741916","","interacts with","0","0.461777125","","NCR1 (interacts with) BRDT",,"0","0","0","1","0.52195122","0.401603031",,"false","interacts with","NCR1 (interacts with) BRDT","0","O76036","","Q58F21",""
"9.376068376068377","","interacts with","0","0.476387294","","BECN2 (interacts with) MYLK3",,"0","0","0","1","0.551219512","0.401555076",,"false","interacts with","BECN2 (interacts with) MYLK3","0","A8MW95","","Q32MK0",""
"9.315151515151515","","interacts with","0","0.464192228","","NCR1 (interacts with) SHC2",,"0","0","0","1","0.526829268","0.401555187",,"false","interacts with","NCR1 (interacts with) SHC2","0","O76036","","P98077",""
"12.682417582417582","","interacts with","0","0.476387214","","NCR1 (interacts with) TELO2",,"0","0","0","1","0.551219512","0.401554917",,"false","interacts with","NCR1 (interacts with) TELO2","0","O76036","","Q9Y4R8",""
"17.633333333333333","","interacts with","0","0.476426331","","GTF2A1L (interacts with) PROCR",,"0","1","1","1","0.551219512","0.401633151",,"false","interacts with","GTF2A1L (interacts with) PROCR","0","Q9UNN4","","Q9UNN8",""
"8.466666666666667","","interacts with","0","0.46419211","","NCR1 (interacts with) LPCAT1",,"0","0","0","1","0.526829268","0.401554951",,"false","interacts with","NCR1 (interacts with) LPCAT1","0","O76036","","Q8NF37",""
"4.0","","interacts with","0","0.476387147",""," (interacts with) RANBP3",,"0","0","0","1","0.551219512","0.401554782",,"false","interacts with"," (interacts with) RANBP3","0","Q6ZVL8","","Q9H6Z4",""
"11.0","","interacts with","0","0.476387602","","NCR1 (interacts with) FBXO47",,"0","0","0","1","0.551219512","0.401555692",,"false","interacts with","NCR1 (interacts with) FBXO47","0","O76036","","Q5MNV8",""
"12.919047619047618","","interacts with","0","0.476426312","","SGCA (interacts with) PROCR",,"0","1","1","1","0.551219512","0.401633112",,"false","interacts with","SGCA (interacts with) PROCR","0","Q16586","","Q9UNN8",""
"9.842857142857143","","interacts with","0","0.476387312","","SF3A1 (interacts with) OIT3",,"0","0","0","1","0.551219512","0.401555112",,"false","interacts with","SF3A1 (interacts with) OIT3","0","Q15459","","Q8WWZ8",""
"15.0","","interacts with","0","0.476426245","","PGR (interacts with) RASGEF1B",,"1","0","1","1","0.551219512","0.401632978",,"false","interacts with","PGR (interacts with) RASGEF1B","0","P06401","","Q0VAM2",""
"27.24084371747416","","interacts with","0","0.46177705","","NCR1 (interacts with) CROCC2",,"0","0","0","1","0.52195122","0.40160288",,"false","interacts with","NCR1 (interacts with) CROCC2","0","O76036","","H7BZ55",""
"13.631601731601735","","interacts with","0","0.464192167","","TFAP2A (interacts with) SAMD15",,"0","0","0","1","0.526829268","0.401555065",,"false","interacts with","TFAP2A (interacts with) SAMD15","0","P05549","","Q9P1V8",""
"8.233333333333334","","interacts with","0","0.476387225","","NCR1 (interacts with) MAMLD1",,"0","0","0","1","0.551219512","0.401554937",,"false","interacts with","NCR1 (interacts with) MAMLD1","0","O76036","","Q13495",""
"6.333333333333333","","interacts with","0","0.476387105","","TRAPPC14 (interacts with) GOLGA3",,"0","0","0","1","0.551219512","0.401554698",,"false","interacts with","TRAPPC14 (interacts with) GOLGA3","0","Q8WVR3","","Q08378",""
"5.633333333333334","","interacts with","0","0.476387116","","SHISA2 (interacts with) DNAAF1",,"0","0","0","1","0.551219512","0.401554719",,"false","interacts with","SHISA2 (interacts with) DNAAF1","0","Q6UWI4","","Q8NEP3",""
"2.0","","interacts with","0","0.476387205","","ZSCAN5C (interacts with) COX6B2",,"0","0","0","1","0.551219512","0.401554898",,"false","interacts with","ZSCAN5C (interacts with) COX6B2","0","A6NGD5","","Q6YFQ2",""
"9.952380952380954","","interacts with","0","0.47638717","","IGHV1-45 (interacts with) RRBP1",,"0","0","0","1","0.551219512","0.401554827",,"false","interacts with","IGHV1-45 (interacts with) RRBP1","0","A0A0A0MS14","","Q9P2E9",""
"6.133333333333333","","interacts with","0","0.46419203","","SHISA2 (interacts with) RNF168",,"0","0","0","1","0.526829268","0.401554792",,"false","interacts with","SHISA2 (interacts with) RNF168","0","Q6UWI4","","Q8IYW5",""
"6.119047619047619","","interacts with","0","0.476387168","","IGHV1-45 (interacts with) GOLGA6B",,"0","0","0","1","0.551219512","0.401554825",,"false","interacts with","IGHV1-45 (interacts with) GOLGA6B","0","A0A0A0MS14","","A6NDN3",""
"56.16666666666667","","interacts with","0","0.476426197","","COL1A1 (interacts with) KCNK13",,"1","0","1","1","0.551219512","0.401632883",,"false","interacts with","COL1A1 (interacts with) KCNK13","0","P02452","","Q9HB14",""
"12.333333333333334","","interacts with","0","0.46177705","","IGHV1-45 (interacts with) CCDC7",,"0","0","0","1","0.52195122","0.40160288",,"false","interacts with","IGHV1-45 (interacts with) CCDC7","0","A0A0A0MS14","","Q96M83",""
"30.333333333333332","","interacts with","0","0.464231191","","ADARB2-AS1 (interacts with) MYCN",,"0","1","1","1","0.526829268","0.401633115",,"false","interacts with","ADARB2-AS1 (interacts with) MYCN","0","A8MUL3","","P04198",""
"5.285714285714286","","interacts with","0","0.476426353","","ACP5 (interacts with) ASXL2",,"0","0","0","1","0.551219512","0.401633194",,"false","interacts with","ACP5 (interacts with) ASXL2","0","P13686","","Q76L83",""
"55.029638256268704","","interacts with","0","0.476426172","","COL5A3 (interacts with) SHC2",,"1","0","1","1","0.551219512","0.401632832",,"false","interacts with","COL5A3 (interacts with) SHC2","0","P25940","","P98077",""
"7.985058922558922","","interacts with","0","0.47638717","","DZIP1 (interacts with) UBTFL6",,"0","0","0","1","0.551219512","0.401554827",,"false","interacts with","DZIP1 (interacts with) UBTFL6","0","Q86YF9","","P0CB48",""
"3.0","","interacts with","0","0.476387212",""," (interacts with) TRAF3IP1",,"0","0","0","1","0.551219512","0.401554912",,"false","interacts with"," (interacts with) TRAF3IP1","0","Q6ZVL8","","Q8TDR0",""
"9.566666666666666","","interacts with","0","0.476387103","","VGF (interacts with) BCL9",,"0","0","0","1","0.551219512","0.401554695",,"false","interacts with","VGF (interacts with) BCL9","0","O15240","","O00512",""
"8.666666666666668","","interacts with","0","0.476387115","","TRAPPC14 (interacts with) TMF1",,"0","0","0","1","0.551219512","0.401554718",,"false","interacts with","TRAPPC14 (interacts with) TMF1","0","Q8WVR3","","P82094",""
"47.0","","interacts with","0","0.464255199","","COL1A2 (interacts with) TMIGD2",,"1","0","1","1","0.526829268","0.40168113",,"false","interacts with","COL1A2 (interacts with) TMIGD2","0","P08123","","Q96BF3",""
"3.0","","interacts with","0","0.461753008",""," (interacts with) SPZ1",,"0","0","0","1","0.52195122","0.401554797",,"false","interacts with"," (interacts with) SPZ1","0","Q6ZVL8","","Q9BXG8",""
"5.383333333333333","","interacts with","0","0.464192041","","VGF (interacts with) TRAV12-3",,"0","0","0","1","0.526829268","0.401554815",,"false","interacts with","VGF (interacts with) TRAV12-3","0","O15240","","A0A0B4J271",""
"6.499999999999999","","interacts with","0","0.476387152","","TRAPPC14 (interacts with) EDDM3A",,"0","0","0","1","0.551219512","0.401554792",,"false","interacts with","TRAPPC14 (interacts with) EDDM3A","0","Q8WVR3","","Q14507",""
"5.066666666666666","","interacts with","0","0.4763872","","SCN3B (interacts with) DNAAF1",,"0","0","0","1","0.551219512","0.401554889",,"false","interacts with","SCN3B (interacts with) DNAAF1","0","Q9NY72","","Q8NEP3",""
"12.798268398268403","","interacts with","0","0.47638717","","TFAP2A (interacts with) PMS2",,"0","0","0","1","0.551219512","0.401554827",,"false","interacts with","TFAP2A (interacts with) PMS2","0","P05549","","P54278",""
"2.0","","interacts with","0","0.476426204","","AR (interacts with) RBL2",,"1","0","1","1","0.551219512","0.401632896",,"false","interacts with","AR (interacts with) RBL2","0","P10275","","Q08999",""
"5.166666666666667","","interacts with","0","0.476387335","","TRAPPC14 (interacts with) RAMACL",,"0","0","0","1","0.551219512","0.401555157",,"false","interacts with","TRAPPC14 (interacts with) RAMACL","0","Q8WVR3","","A0A3B3IU46",""
"3.7","","interacts with","0","0.476387403","","VGF (interacts with) DHRS13",,"0","0","0","1","0.551219512","0.401555293",,"false","interacts with","VGF (interacts with) DHRS13","0","O15240","","Q6UX07",""
"5.5666666666666655","","interacts with","0","0.476387272","","SCN3B (interacts with) RNF168",,"0","0","0","1","0.551219512","0.401555033",,"false","interacts with","SCN3B (interacts with) RNF168","0","Q9NY72","","Q8IYW5",""
"8.05","","interacts with","0","0.464192083","","VGF (interacts with) SMIM26",,"0","0","0","1","0.526829268","0.401554898",,"false","interacts with","VGF (interacts with) SMIM26","0","O15240","","A0A096LP01",""
"10.333333333333336","","interacts with","0","0.46419213","","RRBP1 (interacts with) IGHV4-39",,"0","0","0","1","0.526829268","0.401554991",,"false","interacts with","RRBP1 (interacts with) IGHV4-39","0","Q9P2E9","","P01824",""
"10.042857142857143","","interacts with","0","0.469070283","","SF3A1 (interacts with) MAPK11",,"0","0","0","1","0.536585366","0.4015552",,"false","interacts with","SF3A1 (interacts with) MAPK11","0","Q15459","","Q15759",""
"54.36297158960204","","interacts with","0","0.476426173","","COL5A3 (interacts with) THNSL2",,"1","0","1","1","0.551219512","0.401632835",,"false","interacts with","COL5A3 (interacts with) THNSL2","0","P25940","","Q86YJ6",""
"10.16666666666667","","interacts with","0","0.476387154","","RRBP1 (interacts with) MEIS3P2",,"0","0","0","1","0.551219512","0.401554796",,"false","interacts with","RRBP1 (interacts with) MEIS3P2","0","Q9P2E9","","A8K0S8",""
"10.685714285714285","","interacts with","0","0.476387189","","RRBP1 (interacts with) IGHV7-81",,"0","0","0","1","0.551219512","0.401554867",,"false","interacts with","RRBP1 (interacts with) IGHV7-81","0","Q9P2E9","","A0A0B4J1V7",""
"2.0","","interacts with","0","0.561629691","","RTP3 (interacts with) ELAVL2",,"0","0","0","1","0.72195122","0.401308163",,"false","interacts with","RTP3 (interacts with) ELAVL2","0","Q9BQQ7","","Q12926",""
"20.999763159545765","","interacts with","0","0.464231186","","MYC (interacts with) ZNF319",,"1","0","1","1","0.526829268","0.401633103",,"false","interacts with","MYC (interacts with) ZNF319","0","P01106","","Q9P2F9",""
"13.527128427128424","","interacts with","0","0.464216126","","SULT1E1 (interacts with) ZCCHC2",,"0","0","0","1","0.526829268","0.401602985",,"false","interacts with","SULT1E1 (interacts with) ZCCHC2","0","P49888","","Q9C0B9",""
"10.966666666666669","","interacts with","0","0.476387155","","RRBP1 (interacts with) APOBEC3A",,"0","0","0","1","0.551219512","0.401554798",,"false","interacts with","RRBP1 (interacts with) APOBEC3A","0","Q9P2E9","","P31941",""
"15.560116694899303","","interacts with","0","0.464231227","","FAM166C (interacts with) CC2D1A",,"0","0","0","1","0.526829268","0.401633186",,"false","interacts with","FAM166C (interacts with) CC2D1A","0","A6NJV1","","Q6P1N0",""
"14.833333333333336","","interacts with","0","0.476426339","","PRKACA (interacts with) MFSD4A",,"1","0","1","1","0.551219512","0.401633165",,"false","interacts with","PRKACA (interacts with) MFSD4A","0","P17612","","Q8N468",""
"3.8666666666666667","","interacts with","0","0.476387416","","CFAP100 (interacts with) CCDC150",,"0","0","0","1","0.551219512","0.40155532",,"false","interacts with","CFAP100 (interacts with) CCDC150","0","Q494V2","","Q8NCX0",""
"16.0","","interacts with","0","0.476426283","","PTGS1 (interacts with) KLHL13",,"1","0","1","1","0.551219512","0.401633054",,"false","interacts with","PTGS1 (interacts with) KLHL13","0","P23219","","Q9P2N7",""
"10.333333333333336","","interacts with","0","0.464231259","","RRBP1 (interacts with) TPMT",,"0","0","0","1","0.526829268","0.40163325",,"false","interacts with","RRBP1 (interacts with) TPMT","0","Q9P2E9","","P51580",""
"9.676190476190477","","interacts with","0","0.461753064","","SF3A1 (interacts with) HOXA13",,"0","0","0","1","0.52195122","0.401554908",,"false","interacts with","SF3A1 (interacts with) HOXA13","0","Q15459","","P31271",""
"4.0","","interacts with","0","0.461753192","","NPIPB7 (interacts with) TREML4",,"0","0","0","1","0.52195122","0.401555165",,"false","interacts with","NPIPB7 (interacts with) TREML4","0","O75200","","Q6UXN2",""
"10.15238095238095","","interacts with","0","0.47638717","","RRBP1 (interacts with) TRGV5",,"0","0","0","1","0.551219512","0.401554828",,"false","interacts with","RRBP1 (interacts with) TRGV5","0","Q9P2E9","","A0A0B4J1U4",""
"5.633333333333334","","interacts with","0","0.476387134","","C3orf84 (interacts with) DNAAF1",,"0","0","0","1","0.551219512","0.401554755",,"false","interacts with","C3orf84 (interacts with) DNAAF1","0","H3BNL1","","Q8NEP3",""
"17.833333333333332","","interacts with","0","0.476426322","","MYCL (interacts with) KCNJ12",,"1","0","1","1","0.551219512","0.401633133",,"false","interacts with","MYCL (interacts with) KCNJ12","0","P12524","","Q14500",""
"6.133333333333333","","interacts with","0","0.464192135","","C3orf84 (interacts with) RNF168",,"0","0","0","1","0.526829268","0.401555001",,"false","interacts with","C3orf84 (interacts with) RNF168","0","H3BNL1","","Q8IYW5",""
"5.0","","interacts with","0","0.476387134","","NHS (interacts with) THBS4",,"0","0","0","1","0.551219512","0.401554755",,"false","interacts with","NHS (interacts with) THBS4","0","Q6T4R5","","P35443",""
"12.927128427128427","","interacts with","0","0.464216143","","GLYATL1 (interacts with) ZCCHC2",,"0","0","0","1","0.526829268","0.401603018",,"false","interacts with","GLYATL1 (interacts with) ZCCHC2","0","Q969I3","","Q9C0B9",""
"9.285714285714285","","interacts with","0","0.476387154","","FAM184B (interacts with) ACP5",,"0","0","0","1","0.551219512","0.401554796",,"false","interacts with","FAM184B (interacts with) ACP5","0","Q9ULE4","","P13686",""
"4.566666666666666","","interacts with","0","0.476387247","","GLYATL1 (interacts with) ZNF311",,"0","0","0","1","0.551219512","0.401554982",,"false","interacts with","GLYATL1 (interacts with) ZNF311","0","Q969I3","","Q5JNZ3",""
"9.611616161616165","","interacts with","0","0.464231171","","FAM166C (interacts with) ZNF319",,"0","0","0","1","0.526829268","0.401633074",,"false","interacts with","FAM166C (interacts with) ZNF319","0","A6NJV1","","Q9P2F9",""
"6.466666666666667","","interacts with","0","0.476426433","","FAM166C (interacts with) ZNF547",,"0","0","0","1","0.551219512","0.401633354",,"false","interacts with","FAM166C (interacts with) ZNF547","0","A6NJV1","","Q8IVP9",""
"8.213203463203463","","interacts with","0","0.476387082","","FAM166C (interacts with) SAMD15",,"0","0","0","1","0.551219512","0.401554652",,"false","interacts with","FAM166C (interacts with) SAMD15","0","A6NJV1","","Q9P1V8",""
"58.33333333333334","","interacts with","0","0.476426211","","COL5A2 (interacts with) PDIA2",,"1","0","1","1","0.551219512","0.401632909",,"false","interacts with","COL5A2 (interacts with) PDIA2","0","P05997","","Q13087",""
"9.285714285714283","","interacts with","0","0.476387157","","RRBP1 (interacts with) TMEM61",,"0","0","0","1","0.551219512","0.401554803",,"false","interacts with","RRBP1 (interacts with) TMEM61","0","Q9P2E9","","Q8N0U2",""
"9.00995670995671","","interacts with","0","0.476387135","","FAM166C (interacts with) PMS2",,"0","0","0","1","0.551219512","0.401554757",,"false","interacts with","FAM166C (interacts with) PMS2","0","A6NJV1","","P54278",""
"11.785714285714286","","interacts with","0","0.476387188","","RRBP1 (interacts with) IZUMO1",,"0","0","0","1","0.551219512","0.401554865",,"false","interacts with","RRBP1 (interacts with) IZUMO1","0","Q9P2E9","","Q8IYV9",""
"11.829761904761904","","interacts with","0","0.47638708","","FAM166C (interacts with) PHC2",,"0","0","0","1","0.551219512","0.401554648",,"false","interacts with","FAM166C (interacts with) PHC2","0","A6NJV1","","Q8IXK0",""
"5.333333333333333","","interacts with","0","0.464192106","","NHS (interacts with) STON1",,"0","0","0","1","0.526829268","0.401554943",,"false","interacts with","NHS (interacts with) STON1","0","Q6T4R5","","Q9Y6Q2",""
"9.066666666666668","","interacts with","0","0.476426205","","MYCL (interacts with) GOLGA3",,"1","0","1","1","0.551219512","0.401632898",,"false","interacts with","MYCL (interacts with) GOLGA3","0","P12524","","Q08378",""
"6.499999999999999","","interacts with","0","0.629436144","","SULT1A4 (interacts with) SULT1A1",,"0","0","0","1","0.858536585","0.400335702",,"false","interacts with","SULT1A4 (interacts with) SULT1A1","0","P0DMN0","","P50225",""
"4.616666666666667","","interacts with","0","0.476387182","","SULT1A4 (interacts with) ATP2C2",,"0","0","0","1","0.551219512","0.401554851",,"false","interacts with","SULT1A4 (interacts with) ATP2C2","0","P0DMN0","","O75185",""
"3.880952380952381","","interacts with","0","0.464192106","","OSGIN2 (interacts with) SLC26A3",,"0","0","0","1","0.526829268","0.401554944",,"false","interacts with","OSGIN2 (interacts with) SLC26A3","0","Q9Y236","","P40879",""
"5.416666666666666","","interacts with","0","0.476387283","","SULT1A4 (interacts with) BTBD16",,"0","0","0","1","0.551219512","0.401555054",,"false","interacts with","SULT1A4 (interacts with) BTBD16","0","P0DMN0","","Q32M84",""
"2.0","","interacts with","0","0.466694189","","MAPK14 (interacts with) BOD1L1",,"1","0","1","1","0.531707317","0.401681061",,"false","interacts with","MAPK14 (interacts with) BOD1L1","0","Q16539","","Q8NFC6",""
"6.316666666666666","","interacts with","0","0.476387133","","SULT1A4 (interacts with) TC2N",,"0","0","0","1","0.551219512","0.401554753",,"false","interacts with","SULT1A4 (interacts with) TC2N","0","P0DMN0","","Q8N9U0",""
"2.0","","interacts with","0","0.561492546","","UBE2Q2 (interacts with) CAPZB",,"0","0","0","1","0.72195122","0.401033873",,"false","interacts with","UBE2Q2 (interacts with) CAPZB","0","Q8WVN8","","P47756",""
"7.769047619047619","","interacts with","0","0.464192088","","FAM184B (interacts with) SULT1A4",,"0","0","0","1","0.526829268","0.401554908",,"false","interacts with","FAM184B (interacts with) SULT1A4","0","Q9ULE4","","P0DMN0",""
"26.0","","interacts with","0","0.476426285","","CTSK (interacts with) CARD14",,"1","0","1","1","0.551219512","0.401633058",,"false","interacts with","CTSK (interacts with) CARD14","0","P43235","","Q9BXL6",""
"4.0","","interacts with","0","0.476387266","","NHS (interacts with) USP35",,"0","0","0","1","0.551219512","0.401555019",,"false","interacts with","NHS (interacts with) USP35","0","Q6T4R5","","Q9P2H5",""
"9.0","","interacts with","0","0.476387076","","TRIP11 (interacts with) DENND2A",,"0","0","0","1","0.551219512","0.401554639",,"false","interacts with","TRIP11 (interacts with) DENND2A","0","Q15643","","Q9ULE3",""
"78.0","","interacts with","0","0.476426308","","COL1A1 (interacts with) KCNJ2",,"1","0","1","1","0.551219512","0.401633104",,"false","interacts with","COL1A1 (interacts with) KCNJ2","0","P02452","","P63252",""
"11.085714285714284","","interacts with","0","0.464192095","","FAM184B (interacts with) SULT1A1",,"0","0","0","1","0.526829268","0.401554922",,"false","interacts with","FAM184B (interacts with) SULT1A1","0","Q9ULE4","","P50225",""
"7.6","","interacts with","0","0.476387068","","TRIP11 (interacts with) PDE4B",,"0","0","0","1","0.551219512","0.401554625",,"false","interacts with","TRIP11 (interacts with) PDE4B","0","Q15643","","Q07343",""
"20.0","","interacts with","0","0.47642623","","WNT9A (interacts with) BCL2",,"0","1","1","1","0.551219512","0.401632949",,"false","interacts with","WNT9A (interacts with) BCL2","0","O14904","","P10415",""
"5.766666666666666","","interacts with","0","0.476387073","","TRIP11 (interacts with) SNX33",,"0","0","0","1","0.551219512","0.401554634",,"false","interacts with","TRIP11 (interacts with) SNX33","0","Q15643","","Q8WV41",""
"23.666666666666668","","interacts with","0","0.476426495","","PROCR (interacts with) RBMX2",,"1","0","1","1","0.551219512","0.401633477",,"false","interacts with","PROCR (interacts with) RBMX2","0","Q9UNN8","","Q9Y388",""
"52.0","","interacts with","0","0.476426297","","NXPH3 (interacts with) TP53",,"0","1","1","1","0.551219512","0.401633082",,"false","interacts with","NXPH3 (interacts with) TP53","0","O95157","","P04637",""
"33.146586014392916","","interacts with","0","0.461777158","","CROCC2 (interacts with) ST8SIA5",,"0","0","0","1","0.52195122","0.401603097",,"false","interacts with","CROCC2 (interacts with) ST8SIA5","0","H7BZ55","","O15466",""
"93.91666666666666","","interacts with","0","0.46425515","","COL5A3 (interacts with) ZNF136",,"1","0","1","1","0.526829268","0.401681031",,"false","interacts with","COL5A3 (interacts with) ZNF136","0","P25940","","P52737",""
"20.325856743663643","","interacts with","0","0.461777168","","CROCC2 (interacts with) LMNTD1",,"0","0","0","1","0.52195122","0.401603116",,"false","interacts with","CROCC2 (interacts with) LMNTD1","0","H7BZ55","","Q8N9Z9",""
"22.099545663676103","","interacts with","0","0.461777155","","CROCC2 (interacts with) SULT1C3",,"0","0","0","1","0.52195122","0.40160309",,"false","interacts with","CROCC2 (interacts with) SULT1C3","0","H7BZ55","","Q6IMI6",""
"7.3","","interacts with","0","0.476426286","","AKT1 (interacts with) CNTLN",,"1","0","1","1","0.551219512","0.401633059",,"false","interacts with","AKT1 (interacts with) CNTLN","0","P31749","","Q9NXG0",""
"95.0","","interacts with","0","0.476426282","","COL5A2 (interacts with) KCNJ1",,"1","0","1","1","0.551219512","0.401633053",,"false","interacts with","COL5A2 (interacts with) KCNJ1","0","P05997","","P48048",""
"6.352380952380954","","interacts with","0","0.461753335","","THBD (interacts with) CALHM2",,"0","0","0","1","0.52195122","0.40155545",,"false","interacts with","THBD (interacts with) CALHM2","0","P07204","","Q9HA72",""
"4.15","","interacts with","0","0.476387175","","SULT1A4 (interacts with) SYT9",,"0","0","0","1","0.551219512","0.401554837",,"false","interacts with","SULT1A4 (interacts with) SYT9","0","P0DMN0","","Q86SS6",""
"5.102380952380952","","interacts with","0","0.476387161","","SULT1A4 (interacts with) ASXL2",,"0","0","0","1","0.551219512","0.40155481",,"false","interacts with","SULT1A4 (interacts with) ASXL2","0","P0DMN0","","Q76L83",""
"5.7333333333333325","","interacts with","0","0.476426176","","AKT1 (interacts with) MIDEAS",,"1","0","1","1","0.551219512","0.40163284",,"false","interacts with","AKT1 (interacts with) MIDEAS","0","P31749","","Q6PJG2",""
"32.876226551226544","","interacts with","0","0.476426379","","OR12D2 (interacts with) TRAF6",,"0","1","1","1","0.551219512","0.401633245",,"false","interacts with","OR12D2 (interacts with) TRAF6","0","P58182","","Q9Y4K3",""
"24.306423970554402","","interacts with","0","0.461777116","","CROCC2 (interacts with) RGR",,"0","0","0","1","0.52195122","0.401603013",,"false","interacts with","CROCC2 (interacts with) RGR","0","H7BZ55","","P47804",""
"62.37206249869293","","interacts with","0","0.464231233","","COL5A3 (interacts with) COX11",,"1","0","1","1","0.526829268","0.401633197",,"false","interacts with","COL5A3 (interacts with) COX11","0","P25940","","Q9Y6N1",""
"13.61904761904762","","interacts with","0","0.476426181","","PHACTR2 (interacts with) MYCN",,"0","1","1","1","0.551219512","0.40163285",,"false","interacts with","PHACTR2 (interacts with) MYCN","0","O75167","","P04198",""
"17.588356743663645","","interacts with","0","0.464216195","","CROCC2 (interacts with) SHC2",,"0","0","0","1","0.526829268","0.401603121",,"false","interacts with","CROCC2 (interacts with) SHC2","0","H7BZ55","","P98077",""
"20.325856743663643","","interacts with","0","0.464216188","","CROCC2 (interacts with) KLHL35",,"0","0","0","1","0.526829268","0.401603108",,"false","interacts with","CROCC2 (interacts with) KLHL35","0","H7BZ55","","Q6PF15",""
"8.653846153846153","","interacts with","0","0.476387045","","THBD (interacts with) MYLK3",,"0","0","0","1","0.551219512","0.401554578",,"false","interacts with","THBD (interacts with) MYLK3","0","P07204","","Q32MK0",""
"19.325856743663643","","interacts with","0","0.46177715","","CROCC2 (interacts with) SHF",,"0","0","0","1","0.52195122","0.401603081",,"false","interacts with","CROCC2 (interacts with) SHF","0","H7BZ55","","Q7M4L6",""
"4.7333333333333325","","interacts with","0","0.476387144","","THBD (interacts with) SYPL1",,"0","0","0","1","0.551219512","0.401554776",,"false","interacts with","THBD (interacts with) SYPL1","0","P07204","","Q16563",""
"7.119047619047619","","interacts with","0","0.464231168","","THBD (interacts with) DAPP1",,"0","0","0","1","0.526829268","0.401633067",,"false","interacts with","THBD (interacts with) DAPP1","0","P07204","","Q9UN19",""
"25.546304922935363","","interacts with","0","0.461777136","","CROCC2 (interacts with) TMEM143",,"0","0","0","1","0.52195122","0.401603052",,"false","interacts with","CROCC2 (interacts with) TMEM143","0","H7BZ55","","Q96AN5",""
"13.833333333333334","","interacts with","0","0.476426429","","SPP1 (interacts with) ANKRD22",,"1","0","1","1","0.551219512","0.401633346",,"false","interacts with","SPP1 (interacts with) ANKRD22","0","P10451","","Q5VYY1",""
"5.319047619047619","","interacts with","0","0.464192014","","THBD (interacts with) CEACAM21",,"0","0","0","1","0.526829268","0.40155476",,"false","interacts with","THBD (interacts with) CEACAM21","0","P07204","","Q3KPI0",""
"23.015352541982978","","interacts with","0","0.46177714","","CROCC2 (interacts with) SLC2A11",,"0","0","0","1","0.52195122","0.401603061",,"false","interacts with","CROCC2 (interacts with) SLC2A11","0","H7BZ55","","Q9BYW1",""
"9.0","","interacts with","0","0.476426351","","ACP5 (interacts with) BMP7",,"0","1","1","1","0.551219512","0.401633191",,"false","interacts with","ACP5 (interacts with) BMP7","0","P13686","","P18075",""
"24.0","","interacts with","0","0.476426343","","MYCL (interacts with) FBXL18",,"1","0","1","1","0.551219512","0.401633174",,"false","interacts with","MYCL (interacts with) FBXL18","0","P12524","","Q96ME1",""
"18.25502341033031","","interacts with","0","0.464216185","","CROCC2 (interacts with) LPCAT1",,"0","0","0","1","0.526829268","0.401603102",,"false","interacts with","CROCC2 (interacts with) LPCAT1","0","H7BZ55","","Q8NF37",""
"11.000000000000002","","interacts with","0","0.476387135","","NDUFAF6 (interacts with) RBM25",,"0","0","0","1","0.551219512","0.401554759",,"false","interacts with","NDUFAF6 (interacts with) RBM25","0","Q330K2","","P49756",""
"20.83333333333333","","interacts with","0","0.464231272","","C10orf67 (interacts with) PROCR",,"0","1","1","1","0.526829268","0.401633275",,"false","interacts with","C10orf67 (interacts with) PROCR","0","Q8IYJ2","","Q9UNN8",""
"66.0","","interacts with","0","0.476426176","","MSTN (interacts with) COL1A1",,"0","1","1","1","0.551219512","0.40163284",,"false","interacts with","MSTN (interacts with) COL1A1","0","O14793","","P02452",""
"12.585714285714287","","interacts with","0","0.476387204","","FILIP1 (interacts with) EFCAB9",,"0","0","0","1","0.551219512","0.401554896",,"false","interacts with","FILIP1 (interacts with) EFCAB9","0","Q7Z7B0","","A8MZ26",""
"10.5","","interacts with","0","0.476387041","","MAGEB6B (interacts with) PHC2",,"0","0","0","1","0.551219512","0.40155457",,"false","interacts with","MAGEB6B (interacts with) PHC2","0","A0A0J9YX57","","Q8IXK0",""
"37.0","","interacts with","0","0.476426305","","RELA (interacts with) OR1M1",,"1","0","1","1","0.551219512","0.401633097",,"false","interacts with","RELA (interacts with) OR1M1","0","Q04206","","Q8NGA1",""
"22.633333333333326","","interacts with","0","0.476387223","","FILIP1 (interacts with) OR10H4",,"0","0","0","1","0.551219512","0.401554934",,"false","interacts with","FILIP1 (interacts with) OR10H4","0","Q7Z7B0","","Q8NGA5",""
"20.325856743663643","","interacts with","0","0.461777146","","CROCC2 (interacts with) ITFG2",,"0","0","0","1","0.52195122","0.401603073",,"false","interacts with","CROCC2 (interacts with) ITFG2","0","H7BZ55","","Q969R8",""
"33.36666666666666","","interacts with","0","0.476426194","","COL1A2 (interacts with) HOXA13",,"1","0","1","1","0.551219512","0.401632875",,"false","interacts with","COL1A2 (interacts with) HOXA13","0","P08123","","P31271",""
"19.40264245794936","","interacts with","0","0.461777158","","CROCC2 (interacts with) THNSL2",,"0","0","0","1","0.52195122","0.401603096",,"false","interacts with","CROCC2 (interacts with) THNSL2","0","H7BZ55","","Q86YJ6",""
"4.0","","interacts with","0","0.476426192","","SRC (interacts with) ZC3H13",,"1","0","1","1","0.551219512","0.401632873",,"false","interacts with","SRC (interacts with) ZC3H13","0","P12931","","Q5T200",""
"21.12217107747798","","interacts with","0","0.461777149","","CROCC2 (interacts with) FCRL6",,"0","0","0","1","0.52195122","0.401603078",,"false","interacts with","CROCC2 (interacts with) FCRL6","0","H7BZ55","","Q6DN72",""
"23.710224336854775","","interacts with","0","0.46177714","","CROCC2 (interacts with) FCER1A",,"0","0","0","1","0.52195122","0.401603061",,"false","interacts with","CROCC2 (interacts with) FCER1A","0","H7BZ55","","P12319",""
"24.133333333333333","","interacts with","0","0.464231231","","TP53 (interacts with) RNF168",,"1","0","1","1","0.526829268","0.401633193","0.342756184","false","interacts with","TP53 (interacts with) RNF168","1","P04637","","Q8IYW5",""
"18.84490436271126","","interacts with","0","0.461777168","","CROCC2 (interacts with) UBTFL1",,"0","0","0","1","0.52195122","0.401603116",,"false","interacts with","CROCC2 (interacts with) UBTFL1","0","H7BZ55","","P0CB47",""
"7.3999999999999995","","interacts with","0","0.464231148","","FAM184B (interacts with) TC2N",,"0","0","0","1","0.526829268","0.401633029",,"false","interacts with","FAM184B (interacts with) TC2N","0","Q9ULE4","","Q8N9U0",""
"16.333333333333332","","interacts with","0","0.47642622","","SH3D21 (interacts with) PROCR",,"0","1","1","1","0.551219512","0.401632928",,"false","interacts with","SH3D21 (interacts with) PROCR","0","A4FU49","","Q9UNN8",""
"26.999999999999996","","interacts with","0","0.476387143","","FILIP1 (interacts with) OR51A2",,"0","0","0","1","0.551219512","0.401554774",,"false","interacts with","FILIP1 (interacts with) OR51A2","0","Q7Z7B0","","Q8NGJ7",""
"6.585714285714287","","interacts with","0","0.476387085","","FAM184B (interacts with) SYT9",,"0","0","0","1","0.551219512","0.401554658",,"false","interacts with","FAM184B (interacts with) SYT9","0","Q9ULE4","","Q86SS6",""
"19.16666666666666","","interacts with","0","0.47642626","","IGHV1-45 (interacts with) BMP2",,"0","1","1","1","0.551219512","0.401633008",,"false","interacts with","IGHV1-45 (interacts with) BMP2","0","A0A0A0MS14","","P12643",""
"12.166666666666668","","interacts with","0","0.476387125","","FILIP1 (interacts with) PSMA4",,"0","0","0","1","0.551219512","0.401554738",,"false","interacts with","FILIP1 (interacts with) PSMA4","0","Q7Z7B0","","P25789",""
"6.0","","interacts with","0","0.476426299","","NXPH3 (interacts with) RTF1",,"0","0","0","1","0.551219512","0.401633086",,"false","interacts with","NXPH3 (interacts with) RTF1","0","O95157","","Q92541",""
"26.0","","interacts with","0","0.5640681","","KLK1 (interacts with) PWWP3A",,"0","0","0","1","0.726829268","0.401306931",,"false","interacts with","KLK1 (interacts with) PWWP3A","0","P06870","","Q2TAK8",""
"18.01666666666667","","interacts with","0","0.476387098","","FILIP1 (interacts with) TRIB1",,"0","0","0","1","0.551219512","0.401554685",,"false","interacts with","FILIP1 (interacts with) TRIB1","0","Q7Z7B0","","Q96RU8",""
"17.0","","interacts with","0","0.464231259","","PGR (interacts with) CPSF3",,"1","0","1","1","0.526829268","0.40163325",,"false","interacts with","PGR (interacts with) CPSF3","0","P06401","","Q9UKF6",""
"6.7","","interacts with","0","0.469070258","","CYB5RL (interacts with) MARCHF7",,"0","0","0","1","0.536585366","0.40155515",,"false","interacts with","CYB5RL (interacts with) MARCHF7","0","Q6IPT4","","Q9H992",""
"14.35","","interacts with","0","0.476387263","","FILIP1 (interacts with) PMS2",,"0","0","0","1","0.551219512","0.401555013",,"false","interacts with","FILIP1 (interacts with) PMS2","0","Q7Z7B0","","P54278",""
"16.750000000000004","","interacts with","0","0.476387181","","FILIP1 (interacts with) MAGEB17",,"0","0","0","1","0.551219512","0.40155485",,"false","interacts with","FILIP1 (interacts with) MAGEB17","0","Q7Z7B0","","A8MXT2",""
"20.0","","interacts with","0","0.476387186","","FILIP1 (interacts with) MITD1",,"0","0","0","1","0.551219512","0.40155486",,"false","interacts with","FILIP1 (interacts with) MITD1","0","Q7Z7B0","","Q8WV92",""
"92.0","","interacts with","0","0.461816281","","COL1A1 (interacts with) CHN1",,"1","0","1","1","0.52195122","0.401681343",,"false","interacts with","COL1A1 (interacts with) CHN1","0","P02452","","P15882",""
"17.633333333333333","","interacts with","0","0.476387102","","FILIP1 (interacts with) ZNF547",,"0","0","0","1","0.551219512","0.401554691",,"false","interacts with","FILIP1 (interacts with) ZNF547","0","Q7Z7B0","","Q8IVP9",""
"13.438095238095244","","interacts with","0","0.4642313","","OR7D2 (interacts with) PHC2",,"0","0","0","1","0.526829268","0.401633332",,"false","interacts with","OR7D2 (interacts with) PHC2","0","Q96RA2","","Q8IXK0",""
"18.366666666666664","","interacts with","0","0.476387171","","FILIP1 (interacts with) METTL15P1",,"0","0","0","1","0.551219512","0.401554829",,"false","interacts with","FILIP1 (interacts with) METTL15P1","0","Q7Z7B0","","P0C7V9",""
"13.685714285714283","","interacts with","0","0.476387191","","FILIP1 (interacts with) RAB24",,"0","0","0","1","0.551219512","0.401554869",,"false","interacts with","FILIP1 (interacts with) RAB24","0","Q7Z7B0","","Q969Q5",""
"5.0","","interacts with","0","0.469109268","","DAW1 (interacts with) ARHGEF15",,"0","0","0","1","0.536585366","0.401633169",,"false","interacts with","DAW1 (interacts with) ARHGEF15","0","Q8N136","","O94989",""
"20.366666666666667","","interacts with","0","0.476387135","","FILIP1 (interacts with) SAMD15",,"0","0","0","1","0.551219512","0.401554758",,"false","interacts with","FILIP1 (interacts with) SAMD15","0","Q7Z7B0","","Q9P1V8",""
"48.33333333333335","","interacts with","0","0.476426144","","COL5A2 (interacts with) PUS1",,"1","0","1","1","0.551219512","0.401632776",,"false","interacts with","COL5A2 (interacts with) PUS1","0","P05997","","Q9Y606",""
"26.64848484848485","","interacts with","0","0.476387296","","CYB5RL (interacts with) RABL6",,"0","0","0","1","0.551219512","0.401555079",,"false","interacts with","CYB5RL (interacts with) RABL6","0","Q6IPT4","","Q3YEC7",""
"78.16666666666666","","interacts with","0","0.476426296","","COL5A3 (interacts with) DZIP1",,"1","0","1","1","0.551219512","0.40163308",,"false","interacts with","COL5A3 (interacts with) DZIP1","0","P25940","","Q86YF9",""
"18.952380952380945","","interacts with","0","0.476387121","","FILIP1 (interacts with) CALB2",,"0","0","0","1","0.551219512","0.401554729",,"false","interacts with","FILIP1 (interacts with) CALB2","0","Q7Z7B0","","P22676",""
"6.0","","interacts with","1","0.56169727","","CNTF (interacts with) STK16",,"0","0","0","1","0.72195122","0.40144332",,"false","interacts with","CNTF (interacts with) STK16","0","P26441","","O75716",""
"12.150000000000002","","interacts with","0","0.464192102","","FILIP1 (interacts with) PHC2",,"0","0","0","1","0.526829268","0.401554936",,"false","interacts with","FILIP1 (interacts with) PHC2","0","Q7Z7B0","","Q8IXK0",""
"6.8166666666666655","","interacts with","0","0.476426244","","SULT1A4 (interacts with) BMP7",,"0","1","1","1","0.551219512","0.401632975",,"false","interacts with","SULT1A4 (interacts with) BMP7","0","P0DMN0","","P18075",""
"10.0","","interacts with","0","0.476387157","","FAM184B (interacts with) NMUR1",,"0","0","0","1","0.551219512","0.401554803",,"false","interacts with","FAM184B (interacts with) NMUR1","0","Q9ULE4","","Q9HB89",""
"4.733333333333333","","interacts with","0","0.476387186","","AHRR (interacts with) CEACAM21",,"0","0","0","1","0.551219512","0.40155486",,"false","interacts with","AHRR (interacts with) CEACAM21","0","A9YTQ3","","Q3KPI0",""
"7.133333333333333","","interacts with","0","0.464192095","","FAM184B (interacts with) NXPH1",,"0","0","0","1","0.526829268","0.401554923",,"false","interacts with","FAM184B (interacts with) NXPH1","0","Q9ULE4","","P58417",""
"54.83417579152874","","interacts with","0","0.476426222","","COL3A1 (interacts with) SULT1E1",,"1","0","1","1","0.551219512","0.401632932",,"false","interacts with","COL3A1 (interacts with) SULT1E1","0","P02461","","P49888",""
"5.066666666666666","","interacts with","0","0.464192112","","AHRR (interacts with) ST8SIA4",,"0","0","0","1","0.526829268","0.401554955",,"false","interacts with","AHRR (interacts with) ST8SIA4","0","A9YTQ3","","Q92187",""
"18.841666666666665","","interacts with","0","0.476387188","","FILIP1 (interacts with) C17orf75",,"0","0","0","1","0.551219512","0.401554864",,"false","interacts with","FILIP1 (interacts with) C17orf75","0","Q7Z7B0","","Q9HAS0",""
"4.0","","interacts with","0","0.461753226","","DYNLRB2 (interacts with) SREK1",,"0","0","0","1","0.52195122","0.401555233",,"false","interacts with","DYNLRB2 (interacts with) SREK1","0","Q8TF09","","Q8WXA9",""
"16.333333333333332","","interacts with","0","0.476426449","","SPP1 (interacts with) GRAMD2B",,"1","0","1","1","0.551219512","0.401633386",,"false","interacts with","SPP1 (interacts with) GRAMD2B","0","P10451","","Q96HH9",""
"13.233333333333336","","interacts with","0","0.476387194","","FILIP1 (interacts with) OR2A7",,"0","0","0","1","0.551219512","0.401554875",,"false","interacts with","FILIP1 (interacts with) OR2A7","0","Q7Z7B0","","Q96R45",""
"9.666666666666666","","interacts with","0","0.476387109","","FAM184B (interacts with) TBKBP1",,"0","0","0","1","0.551219512","0.401554706",,"false","interacts with","FAM184B (interacts with) TBKBP1","0","Q9ULE4","","A7MCY6",""
"14.41666666666667","","interacts with","0","0.476387124","","FILIP1 (interacts with) UCP3",,"0","0","0","1","0.551219512","0.401554735",,"false","interacts with","FILIP1 (interacts with) UCP3","0","Q7Z7B0","","P55916",""
"64.16666666666667","","interacts with","0","0.476426143","","COL5A3 (interacts with) MAMLD1",,"1","0","1","1","0.551219512","0.401632773",,"false","interacts with","COL5A3 (interacts with) MAMLD1","0","P25940","","Q13495",""
"14.283333333333333","","interacts with","0","0.476387114","","FILIP1 (interacts with) MAGEB6B",,"0","0","0","1","0.551219512","0.401554716",,"false","interacts with","FILIP1 (interacts with) MAGEB6B","0","Q7Z7B0","","A0A0J9YX57",""
"10.333333333333334","","interacts with","0","0.47642618","","PGA3 (interacts with) AKT1",,"0","1","1","1","0.551219512","0.401632848",,"false","interacts with","PGA3 (interacts with) AKT1","0","P0DJD8","","P31749",""
"18.952380952380945","","interacts with","0","0.47638717","","FILIP1 (interacts with) OR7D2",,"0","0","0","1","0.551219512","0.401554828",,"false","interacts with","FILIP1 (interacts with) OR7D2","0","Q7Z7B0","","Q96RA2",""
"13.833333333333336","","interacts with","0","0.476426385","","SPP1 (interacts with) LCN15",,"1","0","1","1","0.551219512","0.401633257",,"false","interacts with","SPP1 (interacts with) LCN15","0","P10451","","Q6UWW0",""
"9.833333333333332","","interacts with","0","0.464192109","","CC2D1B (interacts with) RFESD",,"0","0","0","1","0.526829268","0.401554949",,"false","interacts with","CC2D1B (interacts with) RFESD","0","Q5T0F9","","Q8TAC1",""
"18.4","","interacts with","0","0.47638709","","STOX2 (interacts with) NAP1L3",,"0","0","0","1","0.551219512","0.401554669",,"false","interacts with","STOX2 (interacts with) NAP1L3","0","Q9P2F5","","Q99457",""
"4.685714285714285","","interacts with","0","0.464192065","","CC2D1B (interacts with) PRR5",,"0","0","0","1","0.526829268","0.401554861",,"false","interacts with","CC2D1B (interacts with) PRR5","0","Q5T0F9","","P85299",""
"7.0","","interacts with","0","0.476426331","","CASP3 (interacts with) SEPTIN5",,"1","0","1","1","0.551219512","0.40163315",,"false","interacts with","CASP3 (interacts with) SEPTIN5","0","P42574","","Q99719",""
"17.866666666666667","","interacts with","0","0.476387097","","STOX2 (interacts with) UAP1",,"0","0","0","1","0.551219512","0.401554682",,"false","interacts with","STOX2 (interacts with) UAP1","0","Q9P2F5","","Q16222",""
"6.666666666666666","","interacts with","0","0.464192073","","CC2D1B (interacts with) POLR3GL",,"0","0","0","1","0.526829268","0.401554877",,"false","interacts with","CC2D1B (interacts with) POLR3GL","0","Q5T0F9","","Q9BT43",""
"5.166666666666666","","interacts with","0","0.46419225","","SOBP (interacts with) KCNK18",,"0","0","0","1","0.526829268","0.401555232",,"false","interacts with","SOBP (interacts with) KCNK18","0","A7XYQ1","","Q7Z418",""
"15.366666666666667","","interacts with","0","0.476387232","","STOX2 (interacts with) FAM20A",,"0","0","0","1","0.551219512","0.401554951",,"false","interacts with","STOX2 (interacts with) FAM20A","0","Q9P2F5","","Q96MK3",""
"37.166666666666664","","interacts with","0","0.464231226","","COL1A2 (interacts with) ERF",,"1","0","1","1","0.526829268","0.401633185",,"false","interacts with","COL1A2 (interacts with) ERF","0","P08123","","P50548",""
"7.119047619047619","","interacts with","0","0.464192135","","CC2D1B (interacts with) ANKRD22",,"0","0","0","1","0.526829268","0.401555002",,"false","interacts with","CC2D1B (interacts with) ANKRD22","0","Q5T0F9","","Q5VYY1",""
"13.438095238095244","","interacts with","0","0.46419207","","CALB2 (interacts with) PHC2",,"0","0","0","1","0.526829268","0.401554872",,"false","interacts with","CALB2 (interacts with) PHC2","0","P22676","","Q8IXK0",""
"15.2","","interacts with","0","0.476387171","","STOX2 (interacts with) PSMD12",,"0","0","0","1","0.551219512","0.40155483",,"false","interacts with","STOX2 (interacts with) PSMD12","0","Q9P2F5","","O00232",""
"7.119047619047619","","interacts with","0","0.476387099","","CC2D1B (interacts with) LCN15",,"0","0","0","1","0.551219512","0.401554687",,"false","interacts with","CC2D1B (interacts with) LCN15","0","Q5T0F9","","Q6UWW0",""
"74.0","","interacts with","0","0.476426203","","CNMD (interacts with) COL1A1",,"0","1","1","1","0.551219512","0.401632893",,"false","interacts with","CNMD (interacts with) COL1A1","0","O75829","","P02452",""
"6.961538461538461","","interacts with","0","0.46177709","","FCER1A (interacts with) NIBAN1",,"0","0","0","1","0.52195122","0.40160296",,"false","interacts with","FCER1A (interacts with) NIBAN1","0","P12319","","Q9BZQ8",""
"18.619047619047617","","interacts with","0","0.476387136","","STOX2 (interacts with) DDX4",,"0","0","0","1","0.551219512","0.40155476",,"false","interacts with","STOX2 (interacts with) DDX4","0","Q9P2F5","","Q9NQI0",""
"6.685714285714285","","interacts with","0","0.464192034","","CC2D1B (interacts with) ZNF358",,"0","0","0","1","0.526829268","0.4015548",,"false","interacts with","CC2D1B (interacts with) ZNF358","0","Q5T0F9","","Q9NW07",""
"2.0","","interacts with","0","0.476387117","","ZNF710 (interacts with) ANKRD20A2P",,"0","0","0","1","0.551219512","0.401554723",,"false","interacts with","ZNF710 (interacts with) ANKRD20A2P","0","Q8N1W2","","Q5SQ80",""
"6.938095238095238","","interacts with","0","0.476387082","","RPUSD1 (interacts with) SAMD11",,"0","0","0","1","0.551219512","0.401554652",,"false","interacts with","RPUSD1 (interacts with) SAMD11","0","Q9UJJ7","","Q96NU1",""
"2.0","","interacts with","0","0.461753093","","TRAF3IP1 (interacts with) SPZ1",,"0","0","0","1","0.52195122","0.401554967",,"false","interacts with","TRAF3IP1 (interacts with) SPZ1","0","Q8TDR0","","Q9BXG8",""
"4.966666666666667","","interacts with","0","0.476387226","","RPUSD1 (interacts with) APOBEC3A",,"0","0","0","1","0.551219512","0.401554939",,"false","interacts with","RPUSD1 (interacts with) APOBEC3A","0","Q9UJJ7","","P31941",""
"10.0","","interacts with","0","0.464192074","","CC2D1B (interacts with) IGLV8-61",,"0","0","0","1","0.526829268","0.401554879",,"false","interacts with","CC2D1B (interacts with) IGLV8-61","0","Q5T0F9","","A0A075B6I0",""
"13.916666666666664","","interacts with","0","0.464231305","","PRKACA (interacts with) BTBD16",,"1","0","1","1","0.526829268","0.401633342",,"false","interacts with","PRKACA (interacts with) BTBD16","0","P17612","","Q32M84",""
"8.766666666666666","","interacts with","0","0.476387046","","RPUSD1 (interacts with) GOLGA6B",,"0","0","0","1","0.551219512","0.40155458",,"false","interacts with","RPUSD1 (interacts with) GOLGA6B","0","Q9UJJ7","","A6NDN3",""
"8.071428571428571","","interacts with","0","0.464192095","","CC2D1B (interacts with) PABPC1L2B",,"0","0","0","1","0.526829268","0.401554921",,"false","interacts with","CC2D1B (interacts with) PABPC1L2B","0","Q5T0F9","","Q5JQF8",""
"8.066666666666666","","interacts with","0","0.464216043","","RPUSD1 (interacts with) CCDC7",,"0","0","0","1","0.526829268","0.401602818",,"false","interacts with","RPUSD1 (interacts with) CCDC7","0","Q9UJJ7","","Q96M83",""
"7.404761904761906","","interacts with","0","0.464192041","","CC2D1B (interacts with) TRBV10-3",,"0","0","0","1","0.526829268","0.401554814",,"false","interacts with","CC2D1B (interacts with) TRBV10-3","0","Q5T0F9","","A0A0K0K1G6",""
"47.16666666666667","","interacts with","0","0.476426204","","TBX10 (interacts with) COL5A2",,"0","1","1","1","0.551219512","0.401632895",,"false","interacts with","TBX10 (interacts with) COL5A2","0","O75333","","P05997",""
"3.3","","interacts with","0","0.476387197","","RPUSD1 (interacts with) TRGV5",,"0","0","0","1","0.551219512","0.401554881",,"false","interacts with","RPUSD1 (interacts with) TRGV5","0","Q9UJJ7","","A0A0B4J1U4",""
"25.33333333333333","","interacts with","0","0.47638705","","STOX2 (interacts with) ZNF669",,"0","0","0","1","0.551219512","0.401554587",,"false","interacts with","STOX2 (interacts with) ZNF669","0","Q9P2F5","","Q96BR6",""
"13.661735366083192","","interacts with","0","0.476426266","","MYC (interacts with) UCP3",,"1","0","1","1","0.551219512","0.401633019",,"false","interacts with","MYC (interacts with) UCP3","0","P01106","","P55916",""
"19.499999999999996","","interacts with","0","0.47638711","","STOX2 (interacts with) CAMK1G",,"0","0","0","1","0.551219512","0.401554708",,"false","interacts with","STOX2 (interacts with) CAMK1G","0","Q9P2F5","","Q96NX5",""
"0.0","","interacts with","0","0.654684947","","NOS3 (interacts with) NOS3",,"1","1","1","1","0.902439024","0.406930869",,"false","interacts with","NOS3 (interacts with) NOS3","0","P29474","","P29474",""
"17.699999999999996","","interacts with","0","0.476387191","","STOX2 (interacts with) GPR141",,"0","0","0","1","0.551219512","0.40155487",,"false","interacts with","STOX2 (interacts with) GPR141","0","Q9P2F5","","Q7Z602",""
"96.37037037037038","","interacts with","0","0.476426155","","COL5A3 (interacts with) WNT2B",,"1","0","1","1","0.551219512","0.401632798",,"false","interacts with","COL5A3 (interacts with) WNT2B","0","P25940","","Q93097",""
"23.499999999999993","","interacts with","0","0.476387233","","STOX2 (interacts with) BPIFC",,"0","0","0","1","0.551219512","0.401554955",,"false","interacts with","STOX2 (interacts with) BPIFC","0","Q9P2F5","","Q8NFQ6",""
"11.333333333333334","","interacts with","0","0.476426193","","TNFSF11 (interacts with) ZCCHC8",,"1","0","1","1","0.551219512","0.401632874",,"false","interacts with","TNFSF11 (interacts with) ZCCHC8","0","O14788","","Q6NZY4",""
"23.33333333333333","","interacts with","0","0.476426277","","STOX2 (interacts with) GAL3ST3",,"0","0","0","1","0.551219512","0.401633042",,"false","interacts with","STOX2 (interacts with) GAL3ST3","0","Q9P2F5","","Q96A11",""
"10.0","","interacts with","0","0.476387054","","FAM184B (interacts with) TIGD4",,"0","0","0","1","0.551219512","0.401554595",,"false","interacts with","FAM184B (interacts with) TIGD4","0","Q9ULE4","","Q8IY51",""
"6.0","","interacts with","0","0.476387153","","PPP2R3C (interacts with) KIF27",,"0","0","0","1","0.551219512","0.401554794",,"false","interacts with","PPP2R3C (interacts with) KIF27","0","Q969Q6","","Q86VH2",""
"29.0","","interacts with","0","0.461777139","","STOX2 (interacts with) MS4A10",,"0","0","0","1","0.52195122","0.401603059",,"false","interacts with","STOX2 (interacts with) MS4A10","0","Q9P2F5","","Q96PG2",""
"10.093406593406593","","interacts with","0","0.464192119","","FCER1A (interacts with) TELO2",,"0","0","0","1","0.526829268","0.40155497",,"false","interacts with","FCER1A (interacts with) TELO2","0","P12319","","Q9Y4R8",""
"40.50000000000001","","interacts with","0","0.476426171","","COL5A2 (interacts with) ZDHHC11",,"1","0","1","1","0.551219512","0.401632829",,"false","interacts with","COL5A2 (interacts with) ZDHHC11","0","P05997","","Q9H8X9",""
"7.952380952380951","","interacts with","0","0.464192322","","UBTFL1 (interacts with) TELO2",,"0","0","0","1","0.526829268","0.401555375",,"false","interacts with","UBTFL1 (interacts with) TELO2","0","P0CB47","","Q9Y4R8",""
"31.285714285714285","","interacts with","0","0.47642656","","MYCN (interacts with) FAM117B",,"1","0","1","1","0.551219512","0.401633607",,"false","interacts with","MYCN (interacts with) FAM117B","0","P04198","","Q6P1L5",""
"25.333333333333332","","interacts with","0","0.476387224","","STOX2 (interacts with) B4GALNT2",,"0","0","0","1","0.551219512","0.401554935",,"false","interacts with","STOX2 (interacts with) B4GALNT2","0","Q9P2F5","","Q8NHY0",""
"2.0","","interacts with","0","0.469070258","","TPPP2 (interacts with) ZNF853",,"0","0","0","1","0.536585366","0.401555149",,"false","interacts with","TPPP2 (interacts with) ZNF853","0","P59282","","P0CG23",""
"7.220512820512819","","interacts with","0","0.476387224","","MYLK3 (interacts with) SYPL1",,"0","0","0","1","0.551219512","0.401554936",,"false","interacts with","MYLK3 (interacts with) SYPL1","0","Q32MK0","","Q16563",""
"29.0","","interacts with","0","0.461777031","","STOX2 (interacts with) TMIGD2",,"0","0","0","1","0.52195122","0.401602843",,"false","interacts with","STOX2 (interacts with) TMIGD2","0","Q9P2F5","","Q96BF3",""
"7.10940170940171","","interacts with","0","0.476387107","","MYLK3 (interacts with) CEACAM21",,"0","0","0","1","0.551219512","0.401554702",,"false","interacts with","MYLK3 (interacts with) CEACAM21","0","Q32MK0","","Q3KPI0",""
"7.666666666666667","","interacts with","0","0.476387072","","TMF1 (interacts with) KCNA7",,"0","0","0","1","0.551219512","0.401554631",,"false","interacts with","TMF1 (interacts with) KCNA7","0","P82094","","Q96RP8",""
"8.842735042735043","","interacts with","0","0.464192139","","MYLK3 (interacts with) ST8SIA4",,"0","0","0","1","0.526829268","0.40155501",,"false","interacts with","MYLK3 (interacts with) ST8SIA4","0","Q32MK0","","Q92187",""
"10.033333333333333","","interacts with","0","0.476387027","","TMF1 (interacts with) MS4A14",,"0","0","0","1","0.551219512","0.401554541",,"false","interacts with","TMF1 (interacts with) MS4A14","0","P82094","","Q96JA4",""
"11.0","","interacts with","0","0.461753242","","OR2J1 (interacts with) RBM25",,"0","0","0","1","0.52195122","0.401555264",,"false","interacts with","OR2J1 (interacts with) RBM25","0","Q9GZK6","","P49756",""
"18.766666666666666","","interacts with","0","0.476387216","","STOX2 (interacts with) ADORA3",,"0","0","0","1","0.551219512","0.401554921",,"false","interacts with","STOX2 (interacts with) ADORA3","0","Q9P2F5","","P0DMS8",""
"15.315151515151516","","interacts with","0","0.464192222","","CYB5RL (interacts with) TRMT1",,"0","0","0","1","0.526829268","0.401555175",,"false","interacts with","CYB5RL (interacts with) TRMT1","0","Q6IPT4","","Q9NXH9",""
"14.0","","interacts with","0","0.476387204","","TMF1 (interacts with) FBXL18",,"0","0","0","1","0.551219512","0.401554896",,"false","interacts with","TMF1 (interacts with) FBXL18","0","P82094","","Q96ME1",""
"6.052380952380954","","interacts with","0","0.476387165","","TMEM61 (interacts with) GOLGA6B",,"0","0","0","1","0.551219512","0.401554818",,"false","interacts with","TMEM61 (interacts with) GOLGA6B","0","Q8N0U2","","A6NDN3",""
"29.666666666666664","","interacts with","0","0.476426442","","TNFSF11 (interacts with) KCNK18",,"1","0","1","1","0.551219512","0.401633371",,"false","interacts with","TNFSF11 (interacts with) KCNK18","0","O14788","","Q7Z418",""
"14.0","","interacts with","0","0.461816188","","COL5A1 (interacts with) DEGS2",,"1","0","1","1","0.52195122","0.401681156",,"false","interacts with","COL5A1 (interacts with) DEGS2","0","P20908","","Q6QHC5",""
"17.699999999999996","","interacts with","0","0.476387203","","STOX2 (interacts with) OR9A1P",,"0","0","0","1","0.551219512","0.401554895",,"false","interacts with","STOX2 (interacts with) OR9A1P","0","Q9P2F5","","Q8NGU1",""
"30.0","","interacts with","0","0.476426279","","TNFSF11 (interacts with) SERPINB10",,"1","0","1","1","0.551219512","0.401633046",,"false","interacts with","TNFSF11 (interacts with) SERPINB10","0","O14788","","P48595",""
"19.5","","interacts with","0","0.476387094","","STOX2 (interacts with) USP17L6P",,"0","0","0","1","0.551219512","0.401554676",,"false","interacts with","STOX2 (interacts with) USP17L6P","0","Q9P2F5","","Q6QN14",""
"85.0","","interacts with","0","0.461816214","","COL5A3 (interacts with) MARK1",,"1","0","1","1","0.52195122","0.401681209",,"false","interacts with","COL5A3 (interacts with) MARK1","0","P25940","","Q9P0L2",""
"6.766666666666666","","interacts with","0","0.476387033","","TMF1 (interacts with) EDDM3A",,"0","0","0","1","0.551219512","0.401554554",,"false","interacts with","TMF1 (interacts with) EDDM3A","0","P82094","","Q14507",""
"17.86666666666666","","interacts with","0","0.476387113","","STOX2 (interacts with) OIT3",,"0","0","0","1","0.551219512","0.401554714",,"false","interacts with","STOX2 (interacts with) OIT3","0","Q9P2F5","","Q8WWZ8",""
"8.233333333333333","","interacts with","0","0.476387103","","TMF1 (interacts with) RAMACL",,"0","0","0","1","0.551219512","0.401554694",,"false","interacts with","TMF1 (interacts with) RAMACL","0","P82094","","A0A3B3IU46",""
"14.15","","interacts with","0","0.464192131","","PHC2 (interacts with) C17orf75",,"0","0","0","1","0.526829268","0.401554993",,"false","interacts with","PHC2 (interacts with) C17orf75","0","Q8IXK0","","Q9HAS0",""
"21.499999999999996","","interacts with","0","0.476387178","","STOX2 (interacts with) ERF",,"0","0","0","1","0.551219512","0.401554844",,"false","interacts with","STOX2 (interacts with) ERF","0","Q9P2F5","","P50548",""
"76.0","","interacts with","0","0.461816182","","COL1A2 (interacts with) SLC2A4RG",,"1","0","1","1","0.52195122","0.401681144",,"false","interacts with","COL1A2 (interacts with) SLC2A4RG","0","P08123","","Q9NR83",""
"9.7","","interacts with","0","0.464192334","","PHC2 (interacts with) OR2A7",,"0","0","0","1","0.526829268","0.401555399",,"false","interacts with","PHC2 (interacts with) OR2A7","0","Q8IXK0","","Q96R45",""
"18.366666666666664","","interacts with","0","0.464231147","","STOX2 (interacts with) HOXA13",,"0","0","0","1","0.526829268","0.401633026",,"false","interacts with","STOX2 (interacts with) HOXA13","0","Q9P2F5","","P31271",""
"8.5","","interacts with","0","0.476387098","","TMF1 (interacts with) ZNF438",,"0","0","0","1","0.551219512","0.401554683",,"false","interacts with","TMF1 (interacts with) ZNF438","0","P82094","","Q7Z4V0",""
"5.785714285714285","","interacts with","0","0.469070166","","GOLGA6B (interacts with) IZUMO1",,"0","0","0","1","0.536585366","0.401554966",,"false","interacts with","GOLGA6B (interacts with) IZUMO1","0","A6NDN3","","Q8IYV9",""
"6.833333333333332","","interacts with","0","0.476387051","","TMF1 (interacts with) TIMP4",,"0","0","0","1","0.551219512","0.40155459",,"false","interacts with","TMF1 (interacts with) TIMP4","0","P82094","","Q99727",""
"6.21904761904762","","interacts with","0","0.476387182","","GOLGA6B (interacts with) TRGV5",,"0","0","0","1","0.551219512","0.401554851",,"false","interacts with","GOLGA6B (interacts with) TRGV5","0","A6NDN3","","A0A0B4J1U4",""
"18.233333333333334","","interacts with","0","0.476426327","","STOX2 (interacts with) MAPK11",,"0","0","0","1","0.551219512","0.401633143",,"false","interacts with","STOX2 (interacts with) MAPK11","0","Q9P2F5","","Q15759",""
"7.966666666666667","","interacts with","0","0.476387083","","TMF1 (interacts with) ZNF350",,"0","0","0","1","0.551219512","0.401554654",,"false","interacts with","TMF1 (interacts with) ZNF350","0","P82094","","Q9GZX5",""
"12.666666666666668","","interacts with","0","0.476387189","","REEP4 (interacts with) RBM25",,"0","0","0","1","0.551219512","0.401554865",,"false","interacts with","REEP4 (interacts with) RBM25","0","Q9H6H4","","P49756",""
"8.9","","interacts with","0","0.476387102","","TMF1 (interacts with) GOLGA3",,"0","0","0","1","0.551219512","0.401554691",,"false","interacts with","TMF1 (interacts with) GOLGA3","0","P82094","","Q08378",""
"8.733333333333333","","interacts with","0","0.461777066","","TMEM61 (interacts with) CCDC7",,"0","0","0","1","0.52195122","0.401602913",,"false","interacts with","TMEM61 (interacts with) CCDC7","0","Q8N0U2","","Q96M83",""
"31.0","","interacts with","0","0.461777084","","STOX2 (interacts with) TREML4",,"0","0","0","1","0.52195122","0.401602948",,"false","interacts with","STOX2 (interacts with) TREML4","0","Q9P2F5","","Q6UXN2",""
"43.33333333333333","","interacts with","0","0.47642624","","COL1A1 (interacts with) SYT17",,"1","0","1","1","0.551219512","0.401632967",,"false","interacts with","COL1A1 (interacts with) SYT17","0","P02452","","Q9BSW7",""
"10.033333333333333","","interacts with","0","0.476387062","","TMF1 (interacts with) KCNJ12",,"0","0","0","1","0.551219512","0.401554611",,"false","interacts with","TMF1 (interacts with) KCNJ12","0","P82094","","Q14500",""
"6.333333333333332","","interacts with","0","0.476387101","","FAM184B (interacts with) ARHGAP28",,"0","0","0","1","0.551219512","0.401554691",,"false","interacts with","FAM184B (interacts with) ARHGAP28","0","Q9ULE4","","Q9P2N2",""
"28.0","","interacts with","0","0.476426389","","OR6C76 (interacts with) RELA",,"0","1","1","1","0.551219512","0.401633266",,"false","interacts with","OR6C76 (interacts with) RELA","0","A6NM76","","Q04206",""
"11.000000000000002","","interacts with","0","0.476387211","","DOK5 (interacts with) RBM25",,"0","0","0","1","0.551219512","0.401554909",,"false","interacts with","DOK5 (interacts with) RBM25","0","Q9P104","","P49756",""
"8.619047619047617","","interacts with","0","0.476426212","","SPP1 (interacts with) SALL2",,"1","0","1","1","0.551219512","0.401632911",,"false","interacts with","SPP1 (interacts with) SALL2","0","P10451","","Q9Y467",""
"24.666666666666664","","interacts with","0","0.476387203","","STOX2 (interacts with) CARF",,"0","0","0","1","0.551219512","0.401554894",,"false","interacts with","STOX2 (interacts with) CARF","0","Q9P2F5","","Q8N187",""
"20.999999999999996","","interacts with","0","0.476426286","","STOX2 (interacts with) MKRN4P",,"0","0","0","1","0.551219512","0.40163306",,"false","interacts with","STOX2 (interacts with) MKRN4P","0","Q9P2F5","","Q13434",""
"14.166666666666664","","interacts with","0","0.476426215","","MYCL (interacts with) ZNF438",,"1","0","1","1","0.551219512","0.401632918",,"false","interacts with","MYCL (interacts with) ZNF438","0","P12524","","Q7Z4V0",""
"32.0","","interacts with","0","0.4764262","","SOST (interacts with) TCFL5",,"1","0","1","1","0.551219512","0.401632888",,"false","interacts with","SOST (interacts with) TCFL5","0","Q9BQB4","","Q9UL49",""
"6.866666666666666","","interacts with","0","0.476387106","","SULT1A1 (interacts with) ATP2C2",,"0","0","0","1","0.551219512","0.401554699",,"false","interacts with","SULT1A1 (interacts with) ATP2C2","0","P50225","","O75185",""
"5.9","","interacts with","0","0.464192351","","CYB5RL (interacts with) AHRR",,"0","0","0","1","0.526829268","0.401555435",,"false","interacts with","CYB5RL (interacts with) AHRR","0","Q6IPT4","","A9YTQ3",""
"47.83333333333334","","interacts with","0","0.476426259","","COL1A2 (interacts with) PDZD4",,"1","0","1","1","0.551219512","0.401633005",,"false","interacts with","COL1A2 (interacts with) PDZD4","0","P08123","","Q76G19",""
"8.0","","interacts with","0","0.476387361","","SULT1A1 (interacts with) BTBD16",,"0","0","0","1","0.551219512","0.40155521",,"false","interacts with","SULT1A1 (interacts with) BTBD16","0","P50225","","Q32M84",""
"7.633333333333334","","interacts with","0","0.46177711","","CCDC7 (interacts with) TRGV5",,"0","0","0","1","0.52195122","0.401603001",,"false","interacts with","CCDC7 (interacts with) TRGV5","0","Q96M83","","A0A0B4J1U4",""
"7.8999999999999995","","interacts with","0","0.476387162","","SULT1A1 (interacts with) ZMYM5",,"0","0","0","1","0.551219512","0.401554812",,"false","interacts with","SULT1A1 (interacts with) ZMYM5","0","P50225","","Q9UJ78",""
"34.5","","interacts with","0","0.476426243","","COL1A2 (interacts with) USP17L6P",,"1","0","1","1","0.551219512","0.401632974",,"false","interacts with","COL1A2 (interacts with) USP17L6P","0","P08123","","Q6QN14",""
"40.0","","interacts with","0","0.476426406","","RELA (interacts with) OR10D3",,"1","0","1","1","0.551219512","0.4016333",,"false","interacts with","RELA (interacts with) OR10D3","0","Q04206","","Q8NH80",""
"29.0","","interacts with","0","0.461816238","","STOX2 (interacts with) IL32",,"0","0","0","1","0.52195122","0.401681256",,"false","interacts with","STOX2 (interacts with) IL32","0","Q9P2F5","","P24001",""
"9.833333333333334","","interacts with","0","0.476387207","","TMF1 (interacts with) HNF1B",,"0","0","0","1","0.551219512","0.401554901",,"false","interacts with","TMF1 (interacts with) HNF1B","0","P82094","","P35680",""
"0.0","taxid:9606(Homo sapiens)","interacts with","1","0.666044958","""psi-mi:""""MI:0364""""(inferred by curator)""","RELA (interacts with) RELA","2","1","1","1","1","0.926829268","0.405260648",,"false","interacts with","RELA (interacts with) RELA","0","Q04206","Q04206","Q04206","Q04206"
"6.433333333333333","","interacts with","0","0.476387178","","TMF1 (interacts with) CFAP100",,"0","0","0","1","0.551219512","0.401554843",,"false","interacts with","TMF1 (interacts with) CFAP100","0","P82094","","Q494V2",""
"40.31108776844072","","interacts with","0","0.476426241","","COL3A1 (interacts with) RUBCNL",,"1","0","1","1","0.551219512","0.40163297",,"false","interacts with","COL3A1 (interacts with) RUBCNL","0","P02461","","Q9H714",""
"57.0","","interacts with","0","0.464231252","","COL5A2 (interacts with) DGLUCY",,"1","0","1","1","0.526829268","0.401633236",,"false","interacts with","COL5A2 (interacts with) DGLUCY","0","P05997","","Q7Z3D6",""
"2.0","","interacts with","0","0.564068387","","MAP4K5 (interacts with) PPM1B",,"0","0","0","1","0.726829268","0.401307506",,"false","interacts with","MAP4K5 (interacts with) PPM1B","0","Q9Y4K4","","O75688",""
"12.9","","interacts with","0","0.476426155","","BMP2 (interacts with) TMEM61",,"1","0","1","1","0.551219512","0.401632797",,"false","interacts with","BMP2 (interacts with) TMEM61","0","P12643","","Q8N0U2",""
"57.78886554621851","","interacts with","0","0.476426346","","COL3A1 (interacts with) MINDY2",,"1","0","1","1","0.551219512","0.40163318",,"false","interacts with","COL3A1 (interacts with) MINDY2","0","P02461","","Q8NBR6",""
"9.833333333333336","","interacts with","0","0.476387187","","SULT1A1 (interacts with) PARP3",,"0","0","0","1","0.551219512","0.401554862",,"false","interacts with","SULT1A1 (interacts with) PARP3","0","P50225","","Q9Y6F1",""
"9.833333333333336","","interacts with","0","0.464192365","","SULT1A1 (interacts with) MFSD4A",,"0","0","0","1","0.526829268","0.401555462",,"false","interacts with","SULT1A1 (interacts with) MFSD4A","0","P50225","","Q8N468",""
"2.0","","interacts with","0","0.561636399","","RPS27L (interacts with) REST",,"0","0","0","1","0.72195122","0.401321579",,"false","interacts with","RPS27L (interacts with) REST","0","Q71UM5","","Q13127",""
"3.0","","interacts with","0","0.47642617","","P2RX6 (interacts with) NTRK1",,"0","1","1","1","0.551219512","0.401632829",,"false","interacts with","P2RX6 (interacts with) NTRK1","0","O15547","","P04629",""
"42.31076604554866","","interacts with","0","0.476426293","","METTL15P1 (interacts with) TRAF6",,"0","1","1","1","0.551219512","0.401633074",,"false","interacts with","METTL15P1 (interacts with) TRAF6","0","P0C7V9","","Q9Y4K3",""
"5.3999999999999995","","interacts with","0","0.461753132","","SULT1A1 (interacts with) SYT9",,"0","0","0","1","0.52195122","0.401555045",,"false","interacts with","SULT1A1 (interacts with) SYT9","0","P50225","","Q86SS6",""
"20.0","","interacts with","0","0.476426339","","BCL2 (interacts with) NPEPL1",,"1","0","1","1","0.551219512","0.401633166",,"false","interacts with","BCL2 (interacts with) NPEPL1","0","P10415","","Q8NDH3",""
"7.999999999999999","","interacts with","0","0.476387129","","SULT1A1 (interacts with) SH3D19",,"0","0","0","1","0.551219512","0.401554745",,"false","interacts with","SULT1A1 (interacts with) SH3D19","0","P50225","","Q5HYK7",""
"0.0","","interacts with","0","0.630263945","","BMP2 (interacts with) BMP2",,"1","1","1","1","0.848780488","0.411747402",,"false","interacts with","BMP2 (interacts with) BMP2","0","P12643","","P12643",""
"6.185714285714286","","interacts with","0","0.476387063","","SULT1A1 (interacts with) ASXL2",,"0","0","0","1","0.551219512","0.401554614",,"false","interacts with","SULT1A1 (interacts with) ASXL2","0","P50225","","Q76L83",""
"7.999999999999998","","interacts with","0","0.476387201","","SULT1A1 (interacts with) FAM83C",,"0","0","0","1","0.551219512","0.401554891",,"false","interacts with","SULT1A1 (interacts with) FAM83C","0","P50225","","Q9BQN1",""
"6.666666666666667","","interacts with","0","0.476426197","","BMP7 (interacts with) SULT1A1",,"1","0","1","1","0.551219512","0.401632883",,"false","interacts with","BMP7 (interacts with) SULT1A1","0","P18075","","P50225",""
"5.333333333333333","","interacts with","0","0.464216199","","LIPK (interacts with) FGD5",,"0","0","0","1","0.526829268","0.401603131",,"false","interacts with","LIPK (interacts with) FGD5","0","Q5VXJ0","","Q6ZNL6",""
"27.26666666666667","","interacts with","0","0.476426313","","COL1A2 (interacts with) HPD",,"1","0","1","1","0.551219512","0.401633114",,"false","interacts with","COL1A2 (interacts with) HPD","0","P08123","","P32754",""
"3.4000000000000004","","interacts with","0","0.476387415","","NAP1L3 (interacts with) CARF",,"0","0","0","1","0.551219512","0.401555318",,"false","interacts with","NAP1L3 (interacts with) CARF","0","Q99457","","Q8N187",""
"7.166666666666666","","interacts with","0","0.476426253","","EDDM3A (interacts with) ZNF438",,"0","0","0","1","0.551219512","0.401632994",,"false","interacts with","EDDM3A (interacts with) ZNF438","0","Q14507","","Q7Z4V0",""
"2.0","","interacts with","0","0.464192393","","ODAPH (interacts with) CCDC166",,"0","0","0","1","0.526829268","0.401555517",,"false","interacts with","ODAPH (interacts with) CCDC166","0","Q17RF5","","P0CW27",""
"11.26904761904762","","interacts with","0","0.476426321","","PRKACA (interacts with) ASXL2",,"1","0","1","1","0.551219512","0.40163313",,"false","interacts with","PRKACA (interacts with) ASXL2","0","P17612","","Q76L83",""
"3.0","","interacts with","0","0.476387133","","TOM1L1 (interacts with) MRTFB",,"0","0","0","1","0.551219512","0.401554754",,"false","interacts with","TOM1L1 (interacts with) MRTFB","0","O75674","","Q9ULH7",""
"5.8","","interacts with","0","0.476426224","","EDDM3A (interacts with) ZNF350",,"0","0","0","1","0.551219512","0.401632936",,"false","interacts with","EDDM3A (interacts with) ZNF350","0","Q14507","","Q9GZX5",""
"66.26190476190477","","interacts with","0","0.464255319","","COL5A3 (interacts with) OSGIN2",,"1","0","1","1","0.526829268","0.40168137",,"false","interacts with","COL5A3 (interacts with) OSGIN2","0","P25940","","Q9Y236",""
"46.0","","interacts with","0","0.464216096","","ZNF454 (interacts with) BDP1",,"0","0","0","1","0.526829268","0.401602923",,"false","interacts with","ZNF454 (interacts with) BDP1","0","Q8N9F8","","A6H8Y1",""
"18.0","","interacts with","0","0.461816218","","CTSK (interacts with) ZNF717",,"1","0","1","1","0.52195122","0.401681217",,"false","interacts with","CTSK (interacts with) ZNF717","0","P43235","","Q9BY31",""
"5.333333333333333","","interacts with","0","0.476387186","","LIPK (interacts with) NHS",,"0","0","0","1","0.551219512","0.401554859",,"false","interacts with","LIPK (interacts with) NHS","0","Q5VXJ0","","Q6T4R5",""
"34.33333333333333","","interacts with","0","0.476426239","","GOLGA6D (interacts with) BMP2",,"0","1","1","1","0.551219512","0.401632965",,"false","interacts with","GOLGA6D (interacts with) BMP2","0","P0CG33","","P12643",""
"4.0","","interacts with","0","0.469070169","","LIPK (interacts with) USP35",,"0","0","0","1","0.536585366","0.401554972",,"false","interacts with","LIPK (interacts with) USP35","0","Q5VXJ0","","Q9P2H5",""
"5.0","","interacts with","0","0.47638721","","LIPK (interacts with) RPS6KC1",,"0","0","0","1","0.551219512","0.401554907",,"false","interacts with","LIPK (interacts with) RPS6KC1","0","Q5VXJ0","","Q96S38",""
"7.62962962962963","","interacts with","0","0.469070056","","DZIP1 (interacts with) WNT2B",,"0","0","0","1","0.536585366","0.401554746",,"false","interacts with","DZIP1 (interacts with) WNT2B","0","Q86YF9","","Q93097",""
"6.999999999999999","","interacts with","0","0.476387197","","NUAK2 (interacts with) SCAF4",,"0","0","0","1","0.551219512","0.401554883",,"false","interacts with","NUAK2 (interacts with) SCAF4","0","Q9H093","","O95104",""
"22.664568764568763","","interacts with","0","0.476387185","","ST8SIA5 (interacts with) BRDT",,"0","0","0","1","0.551219512","0.401554858",,"false","interacts with","ST8SIA5 (interacts with) BRDT","0","O15466","","Q58F21",""
"17.955532212885153","","interacts with","0","0.46177701","","NUAK2 (interacts with) SMC1B",,"0","0","0","1","0.52195122","0.4016028",,"false","interacts with","NUAK2 (interacts with) SMC1B","0","Q9H093","","Q8NDV3",""
"6.0","","interacts with","0","0.476387144","","ACOX3 (interacts with) ZC3H13",,"0","0","0","1","0.551219512","0.401554777",,"false","interacts with","ACOX3 (interacts with) ZC3H13","0","O15254","","Q5T200",""
"7.8809523809523805","","interacts with","0","0.47638723","","ST8SIA5 (interacts with) SLC26A3",,"0","0","0","1","0.551219512","0.401554948",,"false","interacts with","ST8SIA5 (interacts with) SLC26A3","0","O15466","","P40879",""
"5.0","","interacts with","0","0.476387245","","OR51A4 (interacts with) CCSER1",,"0","0","0","1","0.551219512","0.401554978",,"false","interacts with","OR51A4 (interacts with) CCSER1","0","Q8NGJ6","","Q9C0I3",""
"5.899999999999999","","interacts with","0","0.476426174","","EDDM3A (interacts with) HNF1B",,"0","0","0","1","0.551219512","0.401632837",,"false","interacts with","EDDM3A (interacts with) HNF1B","0","Q14507","","P35680",""
"4.0","","interacts with","0","0.461753185","","TAC3 (interacts with) SREK1",,"0","0","0","1","0.52195122","0.40155515",,"false","interacts with","TAC3 (interacts with) SREK1","0","Q9UHF0","","Q8WXA9",""
"12.216666666666667","","interacts with","0","0.476426335","","TRAV12-3 (interacts with) PROCR",,"0","1","1","1","0.551219512","0.401633157",,"false","interacts with","TRAV12-3 (interacts with) PROCR","0","A0A0B4J271","","Q9UNN8",""
"5.566666666666666","","interacts with","0","0.464231223","","EDDM3A (interacts with) CFAP100",,"0","0","0","1","0.526829268","0.401633178",,"false","interacts with","EDDM3A (interacts with) CFAP100","0","Q14507","","Q494V2",""
"6.599999999999998","","interacts with","0","0.476426282","","EDDM3A (interacts with) CCDC150",,"0","0","0","1","0.551219512","0.401633053",,"false","interacts with","EDDM3A (interacts with) CCDC150","0","Q14507","","Q8NCX0",""
"8.0","","interacts with","0","0.464216061","","EDDM3A (interacts with) EFCAB13",,"0","0","0","1","0.526829268","0.401602854",,"false","interacts with","EDDM3A (interacts with) EFCAB13","0","Q14507","","Q8IY85",""
"3.333333333333333","","interacts with","0","0.476426247","","PTGS2 (interacts with) ZFR2",,"1","0","1","1","0.551219512","0.401632982",,"false","interacts with","PTGS2 (interacts with) ZFR2","0","P35354","","Q9UPR6",""
"17.23333333333333","","interacts with","0","0.464255215","","COBLL1 (interacts with) PROCR",,"0","1","1","1","0.526829268","0.401681162",,"false","interacts with","COBLL1 (interacts with) PROCR","0","Q53SF7","","Q9UNN8",""
"12.833333333333337","","interacts with","0","0.461777053","","IGHV4-38-2 (interacts with) CCDC7",,"0","0","0","1","0.52195122","0.401602886",,"false","interacts with","IGHV4-38-2 (interacts with) CCDC7","0","P0DP08","","Q96M83",""
"3.3333333333333335","","interacts with","0","0.464192323","","RFPL4AL1 (interacts with) SYT14P1",,"0","0","0","1","0.526829268","0.401555378",,"false","interacts with","RFPL4AL1 (interacts with) SYT14P1","0","F8VTS6","","Q58G82",""
"16.299999999999997","","interacts with","0","0.476426343","","BMP2 (interacts with) APOBEC3A",,"1","0","1","1","0.551219512","0.401633174",,"false","interacts with","BMP2 (interacts with) APOBEC3A","0","P12643","","P31941",""
"2.0","","interacts with","0","0.461777118","","SLITRK3 (interacts with) DEGS2",,"0","0","0","1","0.52195122","0.401603017",,"false","interacts with","SLITRK3 (interacts with) DEGS2","0","O94933","","Q6QHC5",""
"6.99047619047619","","interacts with","0","0.464231433","","EVX1 (interacts with) RAB24",,"0","0","0","1","0.526829268","0.401633598",,"false","interacts with","EVX1 (interacts with) RAB24","0","P49640","","Q969Q5",""
"9.0","","interacts with","0","0.461816158","","CTSK (interacts with) QRICH2",,"1","0","1","1","0.52195122","0.401681096",,"false","interacts with","CTSK (interacts with) QRICH2","0","P43235","","Q9H0J4",""
"29.0","","interacts with","0","0.476387174","","PDGFD (interacts with) STOX2",,"0","0","0","1","0.551219512","0.401554835",,"false","interacts with","PDGFD (interacts with) STOX2","0","Q9GZP0","","Q9P2F5",""
"11.56666666666667","","interacts with","0","0.464231118","","EVX1 (interacts with) PMS2",,"0","0","0","1","0.526829268","0.401632969",,"false","interacts with","EVX1 (interacts with) PMS2","0","P49640","","P54278",""
"3.833333333333333","","interacts with","0","0.464192114","","KCNJ12 (interacts with) ZNF438",,"0","0","0","1","0.526829268","0.401554959",,"false","interacts with","KCNJ12 (interacts with) ZNF438","0","Q14500","","Q7Z4V0",""
"9.166666666666666","","interacts with","0","0.476426296","","CNR2 (interacts with) MAMLD1",,"1","0","1","1","0.551219512","0.401633079",,"false","interacts with","CNR2 (interacts with) MAMLD1","0","P34972","","Q13495",""
"14.471428571428573","","interacts with","0","0.47638705","","EVX1 (interacts with) PHC2",,"0","0","0","1","0.551219512","0.401554587",,"false","interacts with","EVX1 (interacts with) PHC2","0","P49640","","Q8IXK0",""
"92.0","","interacts with","0","0.4764263","","ARHGEF15 (interacts with) COL5A3",,"0","1","1","1","0.551219512","0.401633089",,"false","interacts with","ARHGEF15 (interacts with) COL5A3","0","O94989","","P25940",""
"7.9633699633699635","","interacts with","0","0.476387161","","ST8SIA5 (interacts with) NIBAN1",,"0","0","0","1","0.551219512","0.40155481",,"false","interacts with","ST8SIA5 (interacts with) NIBAN1","0","O15466","","Q9BZQ8",""
"2.0","","interacts with","0","0.564168063","","C1QL1 (interacts with) IFNLR1",,"0","0","0","1","0.726829268","0.401506858",,"false","interacts with","C1QL1 (interacts with) IFNLR1","0","O75973","","Q8IU57",""
"10.333333333333336","","interacts with","0","0.469070402","","ST8SIA5 (interacts with) ZNF595",,"0","0","0","1","0.536585366","0.401555437",,"false","interacts with","ST8SIA5 (interacts with) ZNF595","0","O15466","","Q8IYB9",""
"20.32585674366365","","interacts with","0","0.461816246","","IHH (interacts with) CROCC2",,"0","0","0","1","0.52195122","0.401681273",,"false","interacts with","IHH (interacts with) CROCC2","0","Q14623","","H7BZ55",""
"92.0","","interacts with","0","0.464231253","","ALDH1A2 (interacts with) COL1A1",,"0","1","1","1","0.526829268","0.401633238",,"false","interacts with","ALDH1A2 (interacts with) COL1A1","0","O94788","","P02452",""
"17.333333333333336","","interacts with","0","0.464192165","","RFPL4AL1 (interacts with) PHACTR2",,"0","0","0","1","0.526829268","0.401555062",,"false","interacts with","RFPL4AL1 (interacts with) PHACTR2","0","F8VTS6","","O75167",""
"10.833333333333337","","interacts with","0","0.476387092","","IGHV4-38-2 (interacts with) RRBP1",,"0","0","0","1","0.551219512","0.401554671",,"false","interacts with","IGHV4-38-2 (interacts with) RRBP1","0","P0DP08","","Q9P2E9",""
"12.0","","interacts with","0","0.464231166","","GSK3B (interacts with) ZPBP",,"1","0","1","1","0.526829268","0.401633063",,"false","interacts with","GSK3B (interacts with) ZPBP","0","P49841","","Q9BS86",""
"3.3999999999999995","","interacts with","0","0.476387093","","MIDEAS (interacts with) PSG11",,"0","0","0","1","0.551219512","0.401554673",,"false","interacts with","MIDEAS (interacts with) PSG11","0","Q6PJG2","","Q9UQ72",""
"42.33333333333334","","interacts with","0","0.464216151","","TCP11X1 (interacts with) BDP1",,"0","0","0","1","0.526829268","0.401603034",,"false","interacts with","TCP11X1 (interacts with) BDP1","0","B4DZS4","","A6H8Y1",""
"4.366666666666666","","interacts with","0","0.464216054","","MIDEAS (interacts with) ZNF638",,"0","0","0","1","0.526829268","0.40160284",,"false","interacts with","MIDEAS (interacts with) ZNF638","0","Q6PJG2","","Q14966",""
"2.0","","interacts with","0","0.464192266","","EP400P1 (interacts with) SP2",,"0","0","0","1","0.526829268","0.401555264",,"false","interacts with","EP400P1 (interacts with) SP2","0","Q6ZTU2","","Q02086",""
"53.217391304347835","","interacts with","0","0.476426174","","GNAT2 (interacts with) TRAF6",,"0","1","1","1","0.551219512","0.401632836",,"false","interacts with","GNAT2 (interacts with) TRAF6","0","P19087","","Q9Y4K3",""
"4.233333333333333","","interacts with","0","0.476387075","","MIDEAS (interacts with) PGA4",,"0","0","0","1","0.551219512","0.401554637",,"false","interacts with","MIDEAS (interacts with) PGA4","0","Q6PJG2","","P0DJD7",""
"5.583333333333333","","interacts with","0","0.461753321","","ATXN7L2 (interacts with) SH3D21",,"0","0","0","1","0.52195122","0.401555422",,"false","interacts with","ATXN7L2 (interacts with) SH3D21","0","Q5T6C5","","A4FU49",""
"15.000000000000002","","interacts with","0","0.469109424","","PRKACA (interacts with) NMUR1",,"1","0","1","1","0.536585366","0.401633483",,"false","interacts with","PRKACA (interacts with) NMUR1","0","P17612","","Q9HB89",""
"5.933333333333332","","interacts with","0","0.476387083","","MIDEAS (interacts with) TRIP11",,"0","0","0","1","0.551219512","0.401554653",,"false","interacts with","MIDEAS (interacts with) TRIP11","0","Q6PJG2","","Q15643",""
"6.766666666666667","","interacts with","0","0.476387132","","ATXN7L2 (interacts with) TRAV12-3",,"0","0","0","1","0.551219512","0.401554752",,"false","interacts with","ATXN7L2 (interacts with) TRAV12-3","0","Q5T6C5","","A0A0B4J271",""
"8.033333333333333","","interacts with","0","0.476387136","","KCNJ12 (interacts with) CCDC150",,"0","0","0","1","0.551219512","0.401554759",,"false","interacts with","KCNJ12 (interacts with) CCDC150","0","Q14500","","Q8NCX0",""
"29.666666666666668","","interacts with","0","0.476426244","","TNFSF11 (interacts with) SYN1",,"1","0","1","1","0.551219512","0.401632977",,"false","interacts with","TNFSF11 (interacts with) SYN1","0","O14788","","P17600",""
"3.2333333333333334","","interacts with","0","0.476426264","","MIDEAS (interacts with) PPWD1",,"0","0","0","1","0.551219512","0.401633015",,"false","interacts with","MIDEAS (interacts with) PPWD1","0","Q6PJG2","","Q96BP3",""
"17.46666666666666","","interacts with","0","0.476426226","","MED15 (interacts with) PROCR",,"0","1","1","1","0.551219512","0.40163294",,"false","interacts with","MED15 (interacts with) PROCR","0","Q96RN5","","Q9UNN8",""
"34.86666666666667","","interacts with","0","0.47642617","","TRIB1 (interacts with) TRAF6",,"0","1","1","1","0.551219512","0.401632827",,"false","interacts with","TRIB1 (interacts with) TRAF6","0","Q96RU8","","Q9Y4K3",""
"6.0","","interacts with","0","0.476426243","","NFKB1 (interacts with) LRP2BP",,"1","0","1","1","0.551219512","0.401632975",,"false","interacts with","NFKB1 (interacts with) LRP2BP","0","P19838","","Q9P2M1",""
"7.249999999999999","","interacts with","0","0.464192446","","ATXN7L2 (interacts with) TMEM41A",,"0","0","0","1","0.526829268","0.401555623",,"false","interacts with","ATXN7L2 (interacts with) TMEM41A","0","Q5T6C5","","Q96HV5",""
"6.06904761904762","","interacts with","0","0.464192329","","ATXN7L2 (interacts with) SGCA",,"0","0","0","1","0.526829268","0.40155539",,"false","interacts with","ATXN7L2 (interacts with) SGCA","0","Q5T6C5","","Q16586",""
"51.45322341057637","","interacts with","0","0.464231272","","COL3A1 (interacts with) HTR1E",,"1","0","1","1","0.526829268","0.401633276",,"false","interacts with","COL3A1 (interacts with) HTR1E","0","P02461","","P28566",""
"7.719047619047619","","interacts with","0","0.476387112","","ATXN7L2 (interacts with) SMIM26",,"0","0","0","1","0.551219512","0.401554712",,"false","interacts with","ATXN7L2 (interacts with) SMIM26","0","Q5T6C5","","A0A096LP01",""
"6.0","","interacts with","0","0.47638733","","FANCI (interacts with) ZNF717",,"0","0","0","1","0.551219512","0.401555148",,"false","interacts with","FANCI (interacts with) ZNF717","0","Q9NVI1","","Q9BY31",""
"5.8","","interacts with","0","0.461777301","","FANCI (interacts with) TSPYL2",,"0","0","0","1","0.52195122","0.401603383",,"false","interacts with","FANCI (interacts with) TSPYL2","0","Q9NVI1","","Q9H2G4",""
"4.3","","interacts with","0","0.476387166","","MIDEAS (interacts with) SNX33",,"0","0","0","1","0.551219512","0.401554819",,"false","interacts with","MIDEAS (interacts with) SNX33","0","Q6PJG2","","Q8WV41",""
"3.6666666666666665","","interacts with","0","0.461753515","","UBTFL6 (interacts with) TLCD3B",,"0","0","0","1","0.52195122","0.40155581",,"false","interacts with","UBTFL6 (interacts with) TLCD3B","0","P0CB48","","Q71RH2",""
"6.916666666666665","","interacts with","0","0.464192344","","ATXN7L2 (interacts with) RTL5",,"0","0","0","1","0.526829268","0.40155542",,"false","interacts with","ATXN7L2 (interacts with) RTL5","0","Q5T6C5","","Q5HYW3",""
"5.0","","interacts with","0","0.464231284","","MAPK14 (interacts with) ZNF277",,"1","0","1","1","0.526829268","0.401633299",,"false","interacts with","MAPK14 (interacts with) ZNF277","0","Q16539","","Q9NRM2",""
"19.57455202985893","","interacts with","0","0.46177715","","UBTFL6 (interacts with) CROCC2",,"0","0","0","1","0.52195122","0.401603081",,"false","interacts with","UBTFL6 (interacts with) CROCC2","0","P0CB48","","H7BZ55",""
"7.666666666666667","","interacts with","0","0.461753573","","ATXN7L2 (interacts with) ATMIN",,"0","0","0","1","0.52195122","0.401555926",,"false","interacts with","ATXN7L2 (interacts with) ATMIN","0","Q5T6C5","","O43313",""
"2.0","","interacts with","0","0.561629828","","ERLEC1 (interacts with) FOXRED2",,"0","0","0","1","0.72195122","0.401308436",,"false","interacts with","ERLEC1 (interacts with) FOXRED2","0","Q96DZ1","","Q8IWF2",""
"2.0","","interacts with","0","0.476426232","","PCARE (interacts with) NTRK1",,"0","1","1","1","0.551219512","0.401632951",,"false","interacts with","PCARE (interacts with) NTRK1","0","A6NGG8","","P04629",""
"7.216666666666667","","interacts with","0","0.464192324","","ATXN7L2 (interacts with) DHRS13",,"0","0","0","1","0.526829268","0.401555379",,"false","interacts with","ATXN7L2 (interacts with) DHRS13","0","Q5T6C5","","Q6UX07",""
"3.0","","interacts with","0","0.461792592","","GPR146 (interacts with) TRIM38",,"0","0","0","1","0.52195122","0.401633965",,"false","interacts with","GPR146 (interacts with) TRIM38","0","Q96CH1","","O00635",""
"2.0","","interacts with","0","0.561499897","","CRTAC1 (interacts with) NOCT",,"0","0","0","1","0.72195122","0.401048574",,"false","interacts with","CRTAC1 (interacts with) NOCT","0","Q9NQ79","","Q9UK39",""
"2.0","","interacts with","0","0.56196892","","SNAP47 (interacts with) CEP57L1",,"0","0","0","1","0.72195122","0.401986621",,"false","interacts with","SNAP47 (interacts with) CEP57L1","0","Q5SQN1","","Q8IYX8",""
"42.13333333333333","","interacts with","0","0.476426416","","OR4K15 (interacts with) TRAF6",,"0","1","1","1","0.551219512","0.401633321",,"false","interacts with","OR4K15 (interacts with) TRAF6","0","Q8NH41","","Q9Y4K3",""
"7.966666666666667","","interacts with","0","0.476387223","","RAMACL (interacts with) GOLGA3",,"0","0","0","1","0.551219512","0.401554934",,"false","interacts with","RAMACL (interacts with) GOLGA3","0","A0A3B3IU46","","Q08378",""
"12.666666666666668","","interacts with","0","0.464255168","","VTN (interacts with) FGD5",,"1","0","1","1","0.526829268","0.401681067",,"false","interacts with","VTN (interacts with) FGD5","0","P04004","","Q6ZNL6",""
"8.8","","interacts with","0","0.461777258","","FANCI (interacts with) PWWP3A",,"0","0","0","1","0.52195122","0.401603297",,"false","interacts with","FANCI (interacts with) PWWP3A","0","Q9NVI1","","Q2TAK8",""
"12.263579898362506","","interacts with","0","0.476426247","","MYC (interacts with) RAB24",,"1","0","1","1","0.551219512","0.401632982",,"false","interacts with","MYC (interacts with) RAB24","0","P01106","","Q969Q5",""
"65.99999999999999","","interacts with","0","0.476426214","","COL1A1 (interacts with) OR2J1",,"1","0","1","1","0.551219512","0.401632916",,"false","interacts with","COL1A1 (interacts with) OR2J1","0","P02452","","Q9GZK6",""
"4.0","","interacts with","0","0.464231262","","GPR146 (interacts with) SLC9A8",,"0","0","0","1","0.526829268","0.401633256",,"false","interacts with","GPR146 (interacts with) SLC9A8","0","Q96CH1","","Q9Y2E8",""
"7.0","","interacts with","0","0.464216129","","RAMACL (interacts with) EFCAB13",,"0","0","0","1","0.526829268","0.401602989",,"false","interacts with","RAMACL (interacts with) EFCAB13","0","A0A3B3IU46","","Q8IY85",""
"48.66666666666668","","interacts with","0","0.476426293","","COL5A2 (interacts with) MFSD9",,"1","0","1","1","0.551219512","0.401633073",,"false","interacts with","COL5A2 (interacts with) MFSD9","0","P05997","","Q8NBP5",""
"5.333333333333333","","interacts with","0","0.476387046","","ZNF570 (interacts with) MARK1",,"0","0","0","1","0.551219512","0.40155458",,"false","interacts with","ZNF570 (interacts with) MARK1","0","Q96NI8","","Q9P0L2",""
"30.163146997929605","","interacts with","0","0.476426327","","EFCAB9 (interacts with) TRAF6",,"0","1","1","1","0.551219512","0.401633143",,"false","interacts with","EFCAB9 (interacts with) TRAF6","0","A8MZ26","","Q9Y4K3",""
"9.083333333333332","","interacts with","0","0.464192269","","ZNF570 (interacts with) ESRP2",,"0","0","0","1","0.526829268","0.401555269",,"false","interacts with","ZNF570 (interacts with) ESRP2","0","Q96NI8","","Q9H6T0",""
"5.533333333333333","","interacts with","0","0.47638718","","RAMACL (interacts with) CFAP100",,"0","0","0","1","0.551219512","0.401554848",,"false","interacts with","RAMACL (interacts with) CFAP100","0","A0A3B3IU46","","Q494V2",""
"7.2","","interacts with","0","0.476387087","","RAMACL (interacts with) ESCO1",,"0","0","0","1","0.551219512","0.401554662",,"false","interacts with","RAMACL (interacts with) ESCO1","0","A0A3B3IU46","","Q5FWF5",""
"2.0","taxid:9606(Homo sapiens)","interacts with","1","0.576207165","""psi-mi:""""MI:2222""""(inference by socio-affinity scoring)""","SH3RF3 (interacts with) INPP5E","2","0","0","0","1","0.751219512","0.401194817",,"false","interacts with","SH3RF3 (interacts with) INPP5E","0","Q8TEJ3","Q8TEJ3","Q9NRR6","Q9NRR6"
"7.733333333333332","","interacts with","0","0.476387114","","RAMACL (interacts with) CCDC150",,"0","0","0","1","0.551219512","0.401554715",,"false","interacts with","RAMACL (interacts with) CCDC150","0","A0A3B3IU46","","Q8NCX0",""
"2.0","taxid:9606(Homo sapiens)","interacts with","1","0.571490637","""psi-mi:""""MI:2222""""(inference by socio-affinity scoring)""","SH3RF3 (interacts with) CGN","2","0","0","0","1","0.741463415","0.401517859",,"false","interacts with","SH3RF3 (interacts with) CGN","0","Q8TEJ3","Q8TEJ3","Q9P2M7","Q9P2M7"
"16.0","","interacts with","0","0.464231295","","TRBJ1-2 (interacts with) CALCA",,"0","1","1","1","0.526829268","0.401633321",,"false","interacts with","TRBJ1-2 (interacts with) CALCA","0","A0A0J9YX06","","P01258",""
"23.0","","interacts with","0","0.476426258","","BCL2 (interacts with) CDY2B",,"1","0","1","1","0.551219512","0.401633003",,"false","interacts with","BCL2 (interacts with) CDY2B","0","P10415","","Q9Y6F7",""
"90.33333333333333","","interacts with","0","0.464255189","","COL5A3 (interacts with) ZNF595",,"1","0","1","1","0.526829268","0.40168111",,"false","interacts with","COL5A3 (interacts with) ZNF595","0","P25940","","Q8IYB9",""
"6.963369963369963","","interacts with","0","0.476387196","","ZNF570 (interacts with) NIBAN1",,"0","0","0","1","0.551219512","0.40155488",,"false","interacts with","ZNF570 (interacts with) NIBAN1","0","Q96NI8","","Q9BZQ8",""
"40.0","","interacts with","0","0.476426242","","RELA (interacts with) BEAN1",,"1","0","1","1","0.551219512","0.401632972",,"false","interacts with","RELA (interacts with) BEAN1","0","Q04206","","Q3B7T3",""
"7.833333333333333","","interacts with","0","0.476387139","","TRGV3 (interacts with) GOLGA6D",,"0","0","0","1","0.551219512","0.401554766",,"false","interacts with","TRGV3 (interacts with) GOLGA6D","0","P03979","","P0CG33",""
"25.209523809523805","","interacts with","0","0.476426237","","COL1A2 (interacts with) SF3A1",,"1","0","1","1","0.551219512","0.401632963",,"false","interacts with","COL1A2 (interacts with) SF3A1","0","P08123","","Q15459",""
"10.799999999999999","","interacts with","0","0.476387103","","TRGV3 (interacts with) RRBP1",,"0","0","0","1","0.551219512","0.401554694",,"false","interacts with","TRGV3 (interacts with) RRBP1","0","P03979","","Q9P2E9",""
"2.0","","interacts with","0","0.564135577","","MSI2 (interacts with) RNF157",,"0","0","0","1","0.726829268","0.401441886",,"false","interacts with","MSI2 (interacts with) RNF157","0","Q96DH6","","Q96PX1",""
"6.902380952380954","","interacts with","0","0.476426406","","SMIM26 (interacts with) PROCR",,"0","1","1","1","0.551219512","0.4016333",,"false","interacts with","SMIM26 (interacts with) PROCR","0","A0A096LP01","","Q9UNN8",""
"6.75","","interacts with","0","0.476387291","","ZNF570 (interacts with) ST8SIA5",,"0","0","0","1","0.551219512","0.401555071",,"false","interacts with","ZNF570 (interacts with) ST8SIA5","0","Q96NI8","","O15466",""
"47.0","","interacts with","0","0.46425536","","COL1A2 (interacts with) IL32",,"1","0","1","1","0.526829268","0.401681452",,"false","interacts with","COL1A2 (interacts with) IL32","0","P08123","","P24001",""
"78.0","","interacts with","0","0.476426207","","ENTPD5 (interacts with) COL3A1",,"0","1","1","1","0.551219512","0.401632901",,"false","interacts with","ENTPD5 (interacts with) COL3A1","0","O75356","","P02461",""
"15.250765900765897","","interacts with","0","0.476387041","","ZNF570 (interacts with) BRDT",,"0","0","0","1","0.551219512","0.40155457",,"false","interacts with","ZNF570 (interacts with) BRDT","0","Q96NI8","","Q58F21",""
"8.5","","interacts with","0","0.476426256","","BMP7 (interacts with) SH3D19",,"1","0","1","1","0.551219512","0.401633",,"false","interacts with","BMP7 (interacts with) SH3D19","0","P18075","","Q5HYK7",""
"5.333333333333333","","interacts with","0","0.476426434","","ZNF570 (interacts with) SLC26A3",,"0","0","0","1","0.551219512","0.401633356",,"false","interacts with","ZNF570 (interacts with) SLC26A3","0","Q96NI8","","P40879",""
"27.295274170274173","","interacts with","0","0.476426212","","OR4X1 (interacts with) TRAF6",,"0","1","1","1","0.551219512","0.401632911",,"false","interacts with","OR4X1 (interacts with) TRAF6","0","Q8NH49","","Q9Y4K3",""
"34.66666666666668","","interacts with","0","0.464216115","","SPATA18 (interacts with) BDP1",,"0","0","0","1","0.526829268","0.401602962",,"false","interacts with","SPATA18 (interacts with) BDP1","0","Q8TC71","","A6H8Y1",""
"2.0","","interacts with","0","0.561799468","","GRAP2 (interacts with) HEYL",,"0","0","0","1","0.72195122","0.401647717",,"false","interacts with","GRAP2 (interacts with) HEYL","0","O75791","","Q9NQ87",""
"58.0","","interacts with","0","0.476426324","","TP53 (interacts with) FGF7",,"1","0","1","1","0.551219512","0.401633136",,"false","interacts with","TP53 (interacts with) FGF7","0","P04637","","P21781",""
"12.666666666666668","","interacts with","0","0.476426254","","PRKACA (interacts with) SH3D19",,"1","0","1","1","0.551219512","0.401632996",,"false","interacts with","PRKACA (interacts with) SH3D19","0","P17612","","Q5HYK7",""
"8.0","","interacts with","0","0.464231253","","ESR1 (interacts with) CNNM2",,"1","0","1","1","0.526829268","0.401633238",,"false","interacts with","ESR1 (interacts with) CNNM2","0","P03372","","Q9H8M5",""
"6.633333333333334","","interacts with","0","0.476387397","","TRGV3 (interacts with) RPUSD1",,"0","0","0","1","0.551219512","0.401555281",,"false","interacts with","TRGV3 (interacts with) RPUSD1","0","P03979","","Q9UJJ7",""
"0.0","","interacts with","0","0.606404844","","COL1A1 (interacts with) COL1A1",,"1","1","1","1","0.814634146","0.398175542",,"false","interacts with","COL1A1 (interacts with) COL1A1","0","P02452","","P02452",""
"2.0","","interacts with","0","0.564068206","","PRICKLE3 (interacts with) TSR3",,"0","0","0","1","0.726829268","0.401307144",,"false","interacts with","PRICKLE3 (interacts with) TSR3","0","O43900","","Q9UJK0",""
"4.999999999999999","","interacts with","0","0.476387471","","TRGV3 (interacts with) MEIS3P2",,"0","0","0","1","0.551219512","0.401555429",,"false","interacts with","TRGV3 (interacts with) MEIS3P2","0","P03979","","A8K0S8",""
"45.16666666666668","","interacts with","0","0.47642622","","COL5A2 (interacts with) MRPL28",,"1","0","1","1","0.551219512","0.401632928",,"false","interacts with","COL5A2 (interacts with) MRPL28","0","P05997","","Q13084",""
"10.966666666666665","","interacts with","0","0.476387168","","TRGV3 (interacts with) SAMD11",,"0","0","0","1","0.551219512","0.401554823",,"false","interacts with","TRGV3 (interacts with) SAMD11","0","P03979","","Q96NU1",""
"31.51194083694083","","interacts with","0","0.476426224","","ODF3 (interacts with) TRAF6",,"0","1","1","1","0.551219512","0.401632936",,"false","interacts with","ODF3 (interacts with) TRAF6","0","Q96PU9","","Q9Y4K3",""
"78.0","","interacts with","0","0.476426197","","COL1A1 (interacts with) CCDC83",,"1","0","1","1","0.551219512","0.401632881",,"false","interacts with","COL1A1 (interacts with) CCDC83","0","P02452","","Q8IWF9",""
"8.633333333333333","","interacts with","0","0.46177718","","TRGV3 (interacts with) CCDC7",,"0","0","0","1","0.52195122","0.401603141",,"false","interacts with","TRGV3 (interacts with) CCDC7","0","P03979","","Q96M83",""
"34.5","","interacts with","0","0.464231253","","COL1A2 (interacts with) CAMK1G",,"1","0","1","1","0.526829268","0.401633238",,"false","interacts with","COL1A2 (interacts with) CAMK1G","0","P08123","","Q96NX5",""
"13.907215007215008","","interacts with","0","0.476387171","","FLYWCH1 (interacts with) POPDC3",,"0","0","0","1","0.551219512","0.40155483",,"false","interacts with","FLYWCH1 (interacts with) POPDC3","0","Q4VC44","","Q9HBV1",""
"2.5","","interacts with","0","0.476426141","","PTGS2 (interacts with) PRR14L",,"1","0","1","1","0.551219512","0.40163277",,"false","interacts with","PTGS2 (interacts with) PRR14L","0","P35354","","Q5THK1",""
"10.0","","interacts with","0","0.46421616","","WNT9A (interacts with) DCTN1",,"0","0","0","1","0.526829268","0.401603052",,"false","interacts with","WNT9A (interacts with) DCTN1","0","O14904","","Q14203",""
"9.555555555555555","","interacts with","0","0.476387235","","POPDC3 (interacts with) ERICH6",,"0","0","0","1","0.551219512","0.401554957",,"false","interacts with","POPDC3 (interacts with) ERICH6","0","Q9HBV1","","Q7L0X2",""
"43.83333333333333","","interacts with","0","0.476426223","","COL3A1 (interacts with) FLYWCH1",,"1","0","1","1","0.551219512","0.401632933",,"false","interacts with","COL3A1 (interacts with) FLYWCH1","0","P02461","","Q4VC44",""
"76.0","","interacts with","0","0.464255203","","SMIM23 (interacts with) COL1A2",,"0","1","1","1","0.526829268","0.401681138",,"false","interacts with","SMIM23 (interacts with) COL1A2","0","A6NLE4","","P08123",""
"4.0","","interacts with","0","0.469070101","","DLGAP1 (interacts with) ZC3H13",,"0","0","0","1","0.536585366","0.401554836",,"false","interacts with","DLGAP1 (interacts with) ZC3H13","0","O14490","","Q5T200",""
"12.983333333333334","","interacts with","0","0.46423122","","PRKACA (interacts with) TC2N",,"1","0","1","1","0.526829268","0.401633172",,"false","interacts with","PRKACA (interacts with) TC2N","0","P17612","","Q8N9U0",""
"6.0","","interacts with","0","0.561525219","","NCCRP1 (interacts with) STK16",,"0","0","0","1","0.72195122","0.401099219",,"false","interacts with","NCCRP1 (interacts with) STK16","0","Q6ZVX7","","O75716",""
"15.333333333333334","","interacts with","0","0.476426274","","CTSK (interacts with) ARHGAP30",,"1","0","1","1","0.551219512","0.401633035",,"false","interacts with","CTSK (interacts with) ARHGAP30","0","P43235","","Q7Z6I6",""
"20.616246498599438","","interacts with","0","0.476387416","","POPDC3 (interacts with) ZNF565",,"0","0","0","1","0.551219512","0.401555319",,"false","interacts with","POPDC3 (interacts with) ZNF565","0","Q9HBV1","","Q8N9K5",""
"21.659190076996982","","interacts with","0","0.461777107","","TLCD3B (interacts with) CROCC2",,"0","0","0","1","0.52195122","0.401602995",,"false","interacts with","TLCD3B (interacts with) CROCC2","0","Q71RH2","","H7BZ55",""
"15.333333333333332","","interacts with","0","0.461753164","","POPDC3 (interacts with) UEVLD",,"0","0","0","1","0.52195122","0.401555108",,"false","interacts with","POPDC3 (interacts with) UEVLD","0","Q9HBV1","","Q8IX04",""
"2.0","","interacts with","0","0.564068065","","UBE2G1 (interacts with) SYVN1",,"0","0","0","1","0.726829268","0.401306861",,"false","interacts with","UBE2G1 (interacts with) SYVN1","0","P62253","","Q86TM6",""
"9.807936507936509","","interacts with","0","0.476387256","","HTR1E (interacts with) SCAF4",,"0","0","0","1","0.551219512","0.401555",,"false","interacts with","HTR1E (interacts with) SCAF4","0","P28566","","O95104",""
"8.056421356421355","","interacts with","0","0.476387142","","POPDC3 (interacts with) ARHGAP44",,"0","0","0","1","0.551219512","0.401554771",,"false","interacts with","POPDC3 (interacts with) ARHGAP44","0","Q9HBV1","","Q17R89",""
"54.75036752699795","","interacts with","0","0.461816147","","ST8SIA5 (interacts with) COL5A3",,"0","1","1","1","0.52195122","0.401681075",,"false","interacts with","ST8SIA5 (interacts with) COL5A3","0","O15466","","P25940",""
"8.456421356421355","","interacts with","0","0.476387122","","HTR1E (interacts with) ARHGAP44",,"0","0","0","1","0.551219512","0.401554733",,"false","interacts with","HTR1E (interacts with) ARHGAP44","0","P28566","","Q17R89",""
"19.833333333333336","","interacts with","0","0.476426245","","SOBP (interacts with) TNFSF11",,"0","1","1","1","0.551219512","0.401632978",,"false","interacts with","SOBP (interacts with) TNFSF11","0","A7XYQ1","","O14788",""
"15.693771751124693","","interacts with","0","0.464216149","","HTR1E (interacts with) SMC1B",,"0","0","0","1","0.526829268","0.401603029",,"false","interacts with","HTR1E (interacts with) SMC1B","0","P28566","","Q8NDV3",""
"15.219542059247939","","interacts with","0","0.464216076","","POPDC3 (interacts with) SMC1B",,"0","0","0","1","0.526829268","0.401602883",,"false","interacts with","POPDC3 (interacts with) SMC1B","0","Q9HBV1","","Q8NDV3",""
"5.4523809523809526","","interacts with","0","0.464192457","","HTR1E (interacts with) ZNF221",,"0","0","0","1","0.526829268","0.401555645",,"false","interacts with","HTR1E (interacts with) ZNF221","0","P28566","","Q9UK13",""
"9.133333333333333","","interacts with","0","0.469070539","","POPDC3 (interacts with) ZNF772",,"0","0","0","1","0.536585366","0.401555712",,"false","interacts with","POPDC3 (interacts with) ZNF772","0","Q9HBV1","","Q68DY9",""
"16.857287157287157","","interacts with","0","0.46177711","","HTR1E (interacts with) ZCCHC2",,"0","0","0","1","0.52195122","0.401603",,"false","interacts with","HTR1E (interacts with) ZCCHC2","0","P28566","","Q9C0B9",""
"2.6666666666666665","","interacts with","0","0.476387346","","DLGAP1 (interacts with) TTC39B",,"0","0","0","1","0.551219512","0.40155518",,"false","interacts with","DLGAP1 (interacts with) TTC39B","0","O14490","","Q5VTQ0",""
"2.6666666666666665","","interacts with","0","0.476387104","","DLGAP1 (interacts with) SPEM3",,"0","0","0","1","0.551219512","0.401554695",,"false","interacts with","DLGAP1 (interacts with) SPEM3","0","O14490","","A0A1B0GUW6",""
"2.0","","interacts with","0","0.566514602","","PDK1 (interacts with) NDUFAF5",,"0","0","0","1","0.731707317","0.401321888",,"false","interacts with","PDK1 (interacts with) NDUFAF5","0","Q15118","","Q5TEU4",""
"14.474603174603176","","interacts with","0","0.476387152","","POPDC3 (interacts with) SCAF4",,"0","0","0","1","0.551219512","0.401554791",,"false","interacts with","POPDC3 (interacts with) SCAF4","0","Q9HBV1","","O95104",""
"8.844444444444445","","interacts with","0","0.469070338","","HTR1E (interacts with) NOSTRIN",,"0","0","0","1","0.536585366","0.401555309",,"false","interacts with","HTR1E (interacts with) NOSTRIN","0","P28566","","Q8IVI9",""
"4.333333333333333","","interacts with","0","0.476387261","","FOXI1 (interacts with) B4GALNT2",,"0","0","0","1","0.551219512","0.401555011",,"false","interacts with","FOXI1 (interacts with) B4GALNT2","0","Q12951","","Q8NHY0",""
"11.333333333333332","","interacts with","0","0.476387166","","POPDC3 (interacts with) MCAM",,"0","0","0","1","0.551219512","0.401554819",,"false","interacts with","POPDC3 (interacts with) MCAM","0","Q9HBV1","","P43121",""
"92.0","","interacts with","0","0.464255229","","COL1A1 (interacts with) CLDN22",,"1","0","1","1","0.526829268","0.401681191",,"false","interacts with","COL1A1 (interacts with) CLDN22","0","P02452","","Q8N7P3",""
"11.61904761904762","","interacts with","0","0.476387293","","POPDC3 (interacts with) ZNF311",,"0","0","0","1","0.551219512","0.401555074",,"false","interacts with","POPDC3 (interacts with) ZNF311","0","Q9HBV1","","Q5JNZ3",""
"7.25","","interacts with","0","0.464192181","","DGLUCY (interacts with) IL34",,"0","0","0","1","0.526829268","0.401555093",,"false","interacts with","DGLUCY (interacts with) IL34","0","Q7Z3D6","","Q6ZMJ4",""
"0.0","taxid:9606(Homo sapiens)","interacts with","1","0.628019284","""psi-mi:""""MI:0364""""(inferred by curator)""","JUN (interacts with) JUN","2","1","1","1","1","0.843902439","0.412136129",,"false","interacts with","JUN (interacts with) JUN","0","P05412","P05412","P05412","P05412"
"8.8","","interacts with","0","0.469070228","","POPDC3 (interacts with) PDE7A",,"0","0","0","1","0.536585366","0.40155509",,"false","interacts with","POPDC3 (interacts with) PDE7A","0","Q9HBV1","","Q13946",""
"44.25","","interacts with","0","0.461777148","","DGLUCY (interacts with) BDP1",,"0","0","0","1","0.52195122","0.401603077",,"false","interacts with","DGLUCY (interacts with) BDP1","0","Q7Z3D6","","A6H8Y1",""
"10.0","","interacts with","0","0.469070148","","FLYWCH1 (interacts with) C9orf64",,"0","0","0","1","0.536585366","0.401554929",,"false","interacts with","FLYWCH1 (interacts with) C9orf64","0","Q4VC44","","Q5T6V5",""
"2.0","","interacts with","0","0.561697319","","PIPOX (interacts with) CARD8",,"0","0","0","1","0.72195122","0.401443418",,"false","interacts with","PIPOX (interacts with) CARD8","0","Q9P0Z9","","Q9Y2G2",""
"6.0","","interacts with","0","0.561662548","","RPIA (interacts with) STK16",,"0","0","0","1","0.72195122","0.401373876",,"false","interacts with","RPIA (interacts with) STK16","0","P49247","","O75716",""
"78.0","","interacts with","0","0.464255197","","CCDC78 (interacts with) COL3A1",,"0","1","1","1","0.526829268","0.401681126",,"false","interacts with","CCDC78 (interacts with) COL3A1","0","A2IDD5","","P02461",""
"10.119047619047619","","interacts with","0","0.47638734","","POPDC3 (interacts with) ZNF221",,"0","0","0","1","0.551219512","0.401555168",,"false","interacts with","POPDC3 (interacts with) ZNF221","0","Q9HBV1","","Q9UK13",""
"3.1666666666666665","","interacts with","0","0.476387501","","FOXI1 (interacts with) BPIFC",,"0","0","0","1","0.551219512","0.40155549",,"false","interacts with","FOXI1 (interacts with) BPIFC","0","Q12951","","Q8NFQ6",""
"6.185714285714285","","interacts with","0","0.476387301","","HTR1E (interacts with) ZNF311",,"0","0","0","1","0.551219512","0.401555089",,"false","interacts with","HTR1E (interacts with) ZNF311","0","P28566","","Q5JNZ3",""
"48.69795645530941","","interacts with","0","0.476426241","","COL3A1 (interacts with) GOT1L1",,"1","0","1","1","0.551219512","0.40163297",,"false","interacts with","COL3A1 (interacts with) GOT1L1","0","P02461","","Q8NHS2",""
"10.466666666666667","","interacts with","0","0.469070306","","POPDC3 (interacts with) IQCM",,"0","0","0","1","0.536585366","0.401555245",,"false","interacts with","POPDC3 (interacts with) IQCM","0","Q9HBV1","","A0A1B0GVH7",""
"10.0","","interacts with","0","0.461777091","","CCT8L1P (interacts with) DCTN1",,"0","0","0","1","0.52195122","0.401602962",,"false","interacts with","CCT8L1P (interacts with) DCTN1","0","A6NM43","","Q14203",""
"7.333333333333333","","interacts with","0","0.461753065","","FLYWCH1 (interacts with) UEVLD",,"0","0","0","1","0.52195122","0.40155491",,"false","interacts with","FLYWCH1 (interacts with) UEVLD","0","Q4VC44","","Q8IX04",""
"9.0","","interacts with","0","0.46423124","","CASP3 (interacts with) MRTFB",,"1","0","1","1","0.526829268","0.401633212",,"false","interacts with","CASP3 (interacts with) MRTFB","0","P42574","","Q9ULH7",""
"27.76608946608946","","interacts with","0","0.464216121","","POPDC3 (interacts with) ZCCHC2",,"0","0","0","1","0.526829268","0.401602974",,"false","interacts with","POPDC3 (interacts with) ZCCHC2","0","Q9HBV1","","Q9C0B9",""
"22.66666666666666","","interacts with","0","0.476426277","","IGHV4-61 (interacts with) BMP2",,"0","1","1","1","0.551219512","0.401633042",,"false","interacts with","IGHV4-61 (interacts with) BMP2","0","A0A0C4DH41","","P12643",""
"35.0","","interacts with","0","0.476426231","","IGHV3-9 (interacts with) MYCN",,"0","1","1","1","0.551219512","0.40163295",,"false","interacts with","IGHV3-9 (interacts with) MYCN","0","P01782","","P04198",""
"7.119047619047619","","interacts with","0","0.476387176","","IGHV4-59 (interacts with) GOLGA6B",,"0","0","0","1","0.551219512","0.401554839",,"false","interacts with","IGHV4-59 (interacts with) GOLGA6B","0","P01825","","A6NDN3",""
"4.095238095238095","","interacts with","0","0.469070353","","CENPL (interacts with) PRAMEF27",,"0","0","0","1","0.536585366","0.40155534",,"false","interacts with","CENPL (interacts with) PRAMEF27","0","Q8N0S6","","A3QJZ7",""
"12.833333333333334","","interacts with","0","0.46177708","","IGHV4-59 (interacts with) CCDC7",,"0","0","0","1","0.52195122","0.401602941",,"false","interacts with","IGHV4-59 (interacts with) CCDC7","0","P01825","","Q96M83",""
"39.23333333333335","","interacts with","0","0.476426264","","COL5A2 (interacts with) CALHM2",,"1","0","1","1","0.551219512","0.401633015",,"false","interacts with","COL5A2 (interacts with) CALHM2","0","P05997","","Q9HA72",""
"5.98095238095238","","interacts with","0","0.476387088","","CENPL (interacts with) THNSL2",,"0","0","0","1","0.551219512","0.401554663",,"false","interacts with","CENPL (interacts with) THNSL2","0","Q8N0S6","","Q86YJ6",""
"6.969907407407407","","interacts with","0","0.476387178","","DZIP1 (interacts with) SULT1C3",,"0","0","0","1","0.551219512","0.401554844",,"false","interacts with","DZIP1 (interacts with) SULT1C3","0","Q86YF9","","Q6IMI6",""
"5.88095238095238","","interacts with","0","0.461753097","","CENPL (interacts with) FCRL6",,"0","0","0","1","0.52195122","0.401554975",,"false","interacts with","CENPL (interacts with) FCRL6","0","Q8N0S6","","Q6DN72",""
"62.0","","interacts with","0","0.461816227","","COL5A2 (interacts with) ZNF257",,"1","0","1","1","0.52195122","0.401681234",,"false","interacts with","COL5A2 (interacts with) ZNF257","0","P05997","","Q9Y2Q1",""
"11.000000000000004","","interacts with","0","0.461777098","","TPMT (interacts with) CCDC7",,"0","0","0","1","0.52195122","0.401602976",,"false","interacts with","TPMT (interacts with) CCDC7","0","P51580","","Q96M83",""
"8.61038961038961","","interacts with","0","0.461753062","","FLYWCH1 (interacts with) GOT1L1",,"0","0","0","1","0.52195122","0.401554904",,"false","interacts with","FLYWCH1 (interacts with) GOT1L1","0","Q4VC44","","Q8NHS2",""
"10.633333333333335","","interacts with","0","0.476387144","","CENPL (interacts with) TELO2",,"0","0","0","1","0.551219512","0.401554775",,"false","interacts with","CENPL (interacts with) TELO2","0","Q8N0S6","","Q9Y4R8",""
"41.42219887955183","","interacts with","0","0.476426219","","COL3A1 (interacts with) PDE7A",,"1","0","1","1","0.551219512","0.401632925",,"false","interacts with","COL3A1 (interacts with) PDE7A","0","P02461","","Q13946",""
"5.0","","interacts with","0","0.476387102","","RNASEL (interacts with) PSG11",,"0","0","0","1","0.551219512","0.401554692",,"false","interacts with","RNASEL (interacts with) PSG11","0","Q05823","","Q9UQ72",""
"6.185714285714286","","interacts with","0","0.476426321","","BMP7 (interacts with) ASXL2",,"1","0","1","1","0.551219512","0.40163313",,"false","interacts with","BMP7 (interacts with) ASXL2","0","P18075","","Q76L83",""
"9.0","","interacts with","0","0.464231263","","ESCO2 (interacts with) GOLGA3",,"0","0","0","1","0.526829268","0.401633259",,"false","interacts with","ESCO2 (interacts with) GOLGA3","0","Q56NI9","","Q08378",""
"42.666666666666686","","interacts with","0","0.476426197","","COL5A2 (interacts with) NBPF6",,"1","0","1","1","0.551219512","0.401632882",,"false","interacts with","COL5A2 (interacts with) NBPF6","0","P05997","","Q5VWK0",""
"4.833333333333333","","interacts with","0","0.476387132","","IGHV4-59 (interacts with) GOLGA6D",,"0","0","0","1","0.551219512","0.401554753",,"false","interacts with","IGHV4-59 (interacts with) GOLGA6D","0","P01825","","P0CG33",""
"64.46297158960205","","interacts with","0","0.476426172","","COL5A3 (interacts with) IHH",,"1","0","1","1","0.551219512","0.401632833",,"false","interacts with","COL5A3 (interacts with) IHH","0","P25940","","Q14623",""
"10.452380952380954","","interacts with","0","0.47638712","","IGHV4-59 (interacts with) RRBP1",,"0","0","0","1","0.551219512","0.401554727",,"false","interacts with","IGHV4-59 (interacts with) RRBP1","0","P01825","","Q9P2E9",""
"6.91904761904762","","interacts with","0","0.461777166","","TPR (interacts with) FAM184B",,"0","0","0","1","0.52195122","0.401603113",,"false","interacts with","TPR (interacts with) FAM184B","0","P12270","","Q9ULE4",""
"43.666666666666686","","interacts with","0","0.47642625","","COL5A2 (interacts with) RASGEF1A",,"1","0","1","1","0.551219512","0.401632987",,"false","interacts with","COL5A2 (interacts with) RASGEF1A","0","P05997","","Q8N9B8",""
"3.9333333333333336","","interacts with","0","0.476387408","","FAM20A (interacts with) ADORA3",,"0","0","0","1","0.551219512","0.401555304",,"false","interacts with","FAM20A (interacts with) ADORA3","0","Q96MK3","","P0DMS8",""
"5.199999999999999","","interacts with","0","0.476387031","","RNASEL (interacts with) TRIP11",,"0","0","0","1","0.551219512","0.40155455",,"false","interacts with","RNASEL (interacts with) TRIP11","0","Q05823","","Q15643",""
"56.62219887955182","","interacts with","0","0.476426284","","COL3A1 (interacts with) OTUD1",,"1","0","1","1","0.551219512","0.401633055",,"false","interacts with","COL3A1 (interacts with) OTUD1","0","P02461","","Q5VV17",""
"2.0","","interacts with","0","0.564068399","","ALDH9A1 (interacts with) TNFAIP3",,"0","0","0","1","0.726829268","0.401307529",,"false","interacts with","ALDH9A1 (interacts with) TNFAIP3","0","P49189","","P21580",""
"4.666666666666666","","interacts with","0","0.476387126","","RNASEL (interacts with) DENND2A",,"0","0","0","1","0.551219512","0.401554739",,"false","interacts with","RNASEL (interacts with) DENND2A","0","Q05823","","Q9ULE3",""
"20.8","","interacts with","0","0.476426273","","CTSK (interacts with) PWWP3A",,"1","0","1","1","0.551219512","0.401633033",,"false","interacts with","CTSK (interacts with) PWWP3A","0","P43235","","Q2TAK8",""
"4.233333333333333","","interacts with","0","0.476387316","","RNASEL (interacts with) SNX33",,"0","0","0","1","0.551219512","0.40155512",,"false","interacts with","RNASEL (interacts with) SNX33","0","Q05823","","Q8WV41",""
"20.710766045548652","","interacts with","0","0.464231175","","PHC2 (interacts with) TRAF6",,"0","1","1","1","0.526829268","0.401633082",,"false","interacts with","PHC2 (interacts with) TRAF6","0","Q8IXK0","","Q9Y4K3",""
"12.333333333333334","","interacts with","0","0.476387301","","C6orf118 (interacts with) ZCCHC8",,"0","0","0","1","0.551219512","0.40155509",,"false","interacts with","C6orf118 (interacts with) ZCCHC8","0","Q5T5N4","","Q6NZY4",""
"48.4","","interacts with","0","0.476426228","","COL5A3 (interacts with) TELO2",,"1","0","1","1","0.551219512","0.401632944",,"false","interacts with","COL5A3 (interacts with) TELO2","0","P25940","","Q9Y4R8",""
"45.955532212885174","","interacts with","0","0.476426205","","COL3A1 (interacts with) ZNF221",,"1","0","1","1","0.551219512","0.401632897",,"false","interacts with","COL3A1 (interacts with) ZNF221","0","P02461","","Q9UK13",""
"5.866666666666666","","interacts with","0","0.461777049","","RNASEL (interacts with) ZNF638",,"0","0","0","1","0.52195122","0.401602878",,"false","interacts with","RNASEL (interacts with) ZNF638","0","Q05823","","Q14966",""
"3.1857142857142855","","interacts with","0","0.476387459","","FAM20A (interacts with) DDX4",,"0","0","0","1","0.551219512","0.401555406",,"false","interacts with","FAM20A (interacts with) DDX4","0","Q96MK3","","Q9NQI0",""
"4.3999999999999995","","interacts with","0","0.476387159","","RNASEL (interacts with) PGA4",,"0","0","0","1","0.551219512","0.401554806",,"false","interacts with","RNASEL (interacts with) PGA4","0","Q05823","","P0DJD7",""
"3.1333333333333337","","interacts with","0","0.469070101","","FAM20A (interacts with) GPR141",,"0","0","0","1","0.536585366","0.401554837",,"false","interacts with","FAM20A (interacts with) GPR141","0","Q96MK3","","Q7Z602",""
"17.4","","interacts with","0","0.464231261","","VGF (interacts with) PROCR",,"0","1","1","1","0.526829268","0.401633253",,"false","interacts with","VGF (interacts with) PROCR","0","O15240","","Q9UNN8",""
"4.5","","interacts with","0","0.476387266","","RNASEL (interacts with) LIG1",,"0","0","0","1","0.551219512","0.401555019",,"false","interacts with","RNASEL (interacts with) LIG1","0","Q05823","","P18858",""
"3.1333333333333333","","interacts with","0","0.461753116","","FAM20A (interacts with) OR9A1P",,"0","0","0","1","0.52195122","0.401555013",,"false","interacts with","FAM20A (interacts with) OR9A1P","0","Q96MK3","","Q8NGU1",""
"20.0","","interacts with","0","0.476426394","","BGLAP (interacts with) FAM110C",,"1","0","1","1","0.551219512","0.401633276",,"false","interacts with","BGLAP (interacts with) FAM110C","0","P02818","","Q1W6H9",""
"23.519913419913422","","interacts with","0","0.464231208","","CC2D1A (interacts with) TRAF6",,"0","1","1","1","0.526829268","0.401633148",,"false","interacts with","CC2D1A (interacts with) TRAF6","0","Q6P1N0","","Q9Y4K3",""
"5.333333333333333","","interacts with","0","0.476387622","","C6orf118 (interacts with) DCDC2C",,"0","0","0","1","0.551219512","0.401555731",,"false","interacts with","C6orf118 (interacts with) DCDC2C","0","Q5T5N4","","A8MYV0",""
"6.866666666666667","","interacts with","0","0.476387513","","EFCAB9 (interacts with) ZNF547",,"0","0","0","1","0.551219512","0.401555514",,"false","interacts with","EFCAB9 (interacts with) ZNF547","0","A8MZ26","","Q8IVP9",""
"42.333333333333336","","interacts with","0","0.464231294","","OR52D1 (interacts with) TRAF6",,"0","1","1","1","0.526829268","0.401633319",,"false","interacts with","OR52D1 (interacts with) TRAF6","0","Q9H346","","Q9Y4K3",""
"6.666666666666666","","interacts with","0","0.476387488","","C6orf118 (interacts with) HRC",,"0","0","0","1","0.551219512","0.401555463",,"false","interacts with","C6orf118 (interacts with) HRC","0","Q5T5N4","","P23327",""
"9.166666666666668","","interacts with","0","0.464216028","","TPR (interacts with) SULT1A1",,"0","0","0","1","0.526829268","0.401602787",,"false","interacts with","TPR (interacts with) SULT1A1","0","P12270","","P50225",""
"8.002380952380951","","interacts with","0","0.476387324","","EFCAB9 (interacts with) SAMD15",,"0","0","0","1","0.551219512","0.401555135",,"false","interacts with","EFCAB9 (interacts with) SAMD15","0","A8MZ26","","Q9P1V8",""
"45.166666666666664","","interacts with","0","0.476426255","","COL5A2 (interacts with) CCNQ",,"1","0","1","1","0.551219512","0.401632997",,"false","interacts with","COL5A2 (interacts with) CCNQ","0","P05997","","Q8N1B3",""
"6.333333333333333","","interacts with","0","0.469070204","","C6orf118 (interacts with) RUFY2",,"0","0","0","1","0.536585366","0.401555043",,"false","interacts with","C6orf118 (interacts with) RUFY2","0","Q5T5N4","","Q8WXA3",""
"8.333333333333332","","interacts with","0","0.464192344","","C6orf118 (interacts with) SYN1",,"0","0","0","1","0.526829268","0.40155542",,"false","interacts with","C6orf118 (interacts with) SYN1","0","Q5T5N4","","P17600",""
"21.0","","interacts with","0","0.461777003","","TPR (interacts with) ACP5",,"0","0","0","1","0.52195122","0.401602786",,"false","interacts with","TPR (interacts with) ACP5","0","P12270","","P13686",""
"9.166666666666666","","interacts with","0","0.476387187","","FLYWCH1 (interacts with) SCAF4",,"0","0","0","1","0.551219512","0.401554862",,"false","interacts with","FLYWCH1 (interacts with) SCAF4","0","Q4VC44","","O95104",""
"45.91108776844072","","interacts with","0","0.476426229","","COL3A1 (interacts with) AADACL4",,"1","0","1","1","0.551219512","0.401632945",,"false","interacts with","COL3A1 (interacts with) AADACL4","0","P02461","","Q5VUY2",""
"8.0","","interacts with","0","0.47638744","","C6orf118 (interacts with) SOX13",,"0","0","0","1","0.551219512","0.401555367",,"false","interacts with","C6orf118 (interacts with) SOX13","0","Q5T5N4","","Q9UN79",""
"6.0","","interacts with","0","0.464231288","","MAPK1 (interacts with) ZNF382",,"1","0","1","1","0.526829268","0.401633307",,"false","interacts with","MAPK1 (interacts with) ZNF382","0","P28482","","Q96SR6",""
"12.416666666666668","","interacts with","0","0.464216075","","TPR (interacts with) SULT1A4",,"0","0","0","1","0.526829268","0.401602881",,"false","interacts with","TPR (interacts with) SULT1A4","0","P12270","","P0DMN0",""
"54.666666666666664","","interacts with","0","0.476426206","","COL3A1 (interacts with) ZNF565",,"1","0","1","1","0.551219512","0.4016329",,"false","interacts with","COL3A1 (interacts with) ZNF565","0","P02461","","Q8N9K5",""
"9.333333333333334","","interacts with","0","0.476387194","","FLYWCH1 (interacts with) TNMD",,"0","0","0","1","0.551219512","0.401554875",,"false","interacts with","FLYWCH1 (interacts with) TNMD","0","Q4VC44","","Q9H2S6",""
"9.333333333333332","","interacts with","0","0.461777089","","REELD1 (interacts with) DCTN1",,"0","0","0","1","0.52195122","0.401602958",,"false","interacts with","REELD1 (interacts with) DCTN1","0","A0A1B0GV85","","Q14203",""
"2.0","","interacts with","0","0.564068325","","PPM1J (interacts with) UBE2I",,"0","0","0","1","0.726829268","0.401307382",,"false","interacts with","PPM1J (interacts with) UBE2I","0","Q5JR12","","P63279",""
"2.0","taxid:9606(Homo sapiens)","interacts with","1","0.564068851","""psi-mi:""""MI:0030""""(cross-linking study)""","PRKCSH (interacts with) PLCZ1","2","0","0","0","1","0.726829268","0.401308433",,"false","interacts with","PRKCSH (interacts with) PLCZ1","0","P14314","P14314","Q86YW0","Q86YW0"
"5.0","","interacts with","0","0.476387361","","REELD1 (interacts with) FAM86B2",,"0","0","0","1","0.551219512","0.401555211",,"false","interacts with","REELD1 (interacts with) FAM86B2","0","A0A1B0GV85","","P0C5J1",""
"8.666666666666666","","interacts with","0","0.622752907","","RNF112 (interacts with) DCTN1",,"0","0","0","1","0.843902439","0.401603374",,"false","interacts with","RNF112 (interacts with) DCTN1","0","Q9ULX5","","Q14203",""
"13.700000000000001","","interacts with","0","0.461777084","","TPR (interacts with) ATP2C2",,"0","0","0","1","0.52195122","0.401602949",,"false","interacts with","TPR (interacts with) ATP2C2","0","P12270","","O75185",""
"40.0","","interacts with","0","0.476426326","","RELA (interacts with) OR14C36",,"1","0","1","1","0.551219512","0.401633139",,"false","interacts with","RELA (interacts with) OR14C36","0","Q04206","","Q8NHC7",""
"7.999999999999999","","interacts with","0","0.476387204","","C6orf118 (interacts with) SOBP",,"0","0","0","1","0.551219512","0.401554895",,"false","interacts with","C6orf118 (interacts with) SOBP","0","Q5T5N4","","A7XYQ1",""
"52.666666666666664","","interacts with","0","0.464231236","","KIAA0513 (interacts with) COL5A2",,"0","1","1","1","0.526829268","0.401633203",,"false","interacts with","KIAA0513 (interacts with) COL5A2","0","O60268","","P05997",""
"4.666666666666666","","interacts with","0","0.46175335","","REELD1 (interacts with) RNF112",,"0","0","0","1","0.52195122","0.40155548",,"false","interacts with","REELD1 (interacts with) RNF112","0","A0A1B0GV85","","Q9ULX5",""
"8.45238095238095","","interacts with","0","0.476387214","","EFCAB9 (interacts with) PMS2",,"0","0","0","1","0.551219512","0.401554915",,"false","interacts with","EFCAB9 (interacts with) PMS2","0","A8MZ26","","P54278",""
"4.666666666666666","","interacts with","0","0.476387398","","REELD1 (interacts with) GCKR",,"0","0","0","1","0.551219512","0.401555284",,"false","interacts with","REELD1 (interacts with) GCKR","0","A0A1B0GV85","","Q14397",""
"5.885714285714286","","interacts with","0","0.464192475","","EFCAB9 (interacts with) MAGEB6B",,"0","0","0","1","0.526829268","0.401555681",,"false","interacts with","EFCAB9 (interacts with) MAGEB6B","0","A8MZ26","","A0A0J9YX57",""
"8.333333333333332","","interacts with","0","0.476387197","","REELD1 (interacts with) SLC48A1",,"0","0","0","1","0.551219512","0.401554882",,"false","interacts with","REELD1 (interacts with) SLC48A1","0","A0A1B0GV85","","Q6P1K1",""
"9.685714285714283","","interacts with","0","0.464192121","","EFCAB9 (interacts with) PHC2",,"0","0","0","1","0.526829268","0.401554973",,"false","interacts with","EFCAB9 (interacts with) PHC2","0","A8MZ26","","Q8IXK0",""
"0.0","","interacts with","0","0.677821383","","MYC (interacts with) MYC",,"1","1","1","1","0.946341463","0.409301303",,"false","interacts with","MYC (interacts with) MYC","0","P01106","","P01106",""
"10.133333333333331","","interacts with","0","0.461777081","","TPR (interacts with) SYT9",,"0","0","0","1","0.52195122","0.401602943",,"false","interacts with","TPR (interacts with) SYT9","0","P12270","","Q86SS6",""
"15.166666666666666","","interacts with","0","0.461777097","","TPR (interacts with) SH3D19",,"0","0","0","1","0.52195122","0.401602975",,"false","interacts with","TPR (interacts with) SH3D19","0","P12270","","Q5HYK7",""
"3.8333333333333335","","interacts with","0","0.46419219","","SLC50A1 (interacts with) FAAP100",,"0","0","0","1","0.526829268","0.401555112",,"false","interacts with","SLC50A1 (interacts with) FAAP100","0","Q9BRV3","","Q0VG06",""
"2.0","","interacts with","0","0.617765956","","WNT1 (interacts with) SFRP2",,"0","0","0","1","0.834146341","0.40138557",,"false","interacts with","WNT1 (interacts with) SFRP2","0","P04628","","Q96HF1",""
"13.166666666666666","","interacts with","0","0.461753258","","SLC50A1 (interacts with) RBM25",,"0","0","0","1","0.52195122","0.401555297",,"false","interacts with","SLC50A1 (interacts with) RBM25","0","Q9BRV3","","P49756",""
"33.08181818181818","","interacts with","0","0.476426203","","COL5A2 (interacts with) TRMT1",,"1","0","1","1","0.551219512","0.401632893",,"false","interacts with","COL5A2 (interacts with) TRMT1","0","P05997","","Q9NXH9",""
"11.352380952380953","","interacts with","0","0.464216193","","TPR (interacts with) ASXL2",,"0","0","0","1","0.526829268","0.401603117",,"false","interacts with","TPR (interacts with) ASXL2","0","P12270","","Q76L83",""
"45.066666666666684","","interacts with","0","0.476426193","","AHRR (interacts with) COL5A2",,"0","1","1","1","0.551219512","0.401632874",,"false","interacts with","AHRR (interacts with) COL5A2","0","A9YTQ3","","P05997",""
"46.0","","interacts with","0","0.476426326","","GOLGA6C (interacts with) BMP2",,"0","1","1","1","0.551219512","0.40163314",,"false","interacts with","GOLGA6C (interacts with) BMP2","0","A6NDK9","","P12643",""
"17.5","","interacts with","0","0.461777073","","TPR (interacts with) BTBD16",,"0","0","0","1","0.52195122","0.401602927",,"false","interacts with","TPR (interacts with) BTBD16","0","P12270","","Q32M84",""
"44.922198879551836","","interacts with","0","0.476426206","","IQCM (interacts with) COL3A1",,"0","1","1","1","0.551219512","0.4016329",,"false","interacts with","IQCM (interacts with) COL3A1","0","A0A1B0GVH7","","P02461",""
"14.9","","interacts with","0","0.461777062","","TPR (interacts with) ZMYM5",,"0","0","0","1","0.52195122","0.401602905",,"false","interacts with","TPR (interacts with) ZMYM5","0","P12270","","Q9UJ78",""
"5.0","","interacts with","0","0.476426237","","MAPK14 (interacts with) RASEF",,"1","0","1","1","0.551219512","0.401632961",,"false","interacts with","MAPK14 (interacts with) RASEF","0","Q16539","","Q8IZ41",""
"2.0","","interacts with","0","0.464192195","","TAF4B (interacts with) ZFAND5",,"0","0","0","1","0.526829268","0.401555121",,"false","interacts with","TAF4B (interacts with) ZFAND5","0","Q92750","","O76080",""
"15.4","","interacts with","0","0.461777084","","TPR (interacts with) TC2N",,"0","0","0","1","0.52195122","0.401602948",,"false","interacts with","TPR (interacts with) TC2N","0","P12270","","Q8N9U0",""
"2.0","","interacts with","0","0.564068353","","PTPN18 (interacts with) ARF1",,"0","0","0","1","0.726829268","0.401307438",,"false","interacts with","PTPN18 (interacts with) ARF1","0","Q99952","","P84077",""
"15.166666666666668","","interacts with","0","0.461777099","","TPR (interacts with) FAM83C",,"0","0","0","1","0.52195122","0.401602978",,"false","interacts with","TPR (interacts with) FAM83C","0","P12270","","Q9BQN1",""
"19.0","","interacts with","0","0.461777103","","TPR (interacts with) NMUR1",,"0","0","0","1","0.52195122","0.401602986",,"false","interacts with","TPR (interacts with) NMUR1","0","P12270","","Q9HB89",""
"37.666666666666686","","interacts with","0","0.464216058","","ALDH6A1 (interacts with) BDP1",,"0","0","0","1","0.526829268","0.401602848",,"false","interacts with","ALDH6A1 (interacts with) BDP1","0","Q02252","","A6H8Y1",""
"19.66666666666666","","interacts with","0","0.46177712","","TPR (interacts with) PARP3",,"0","0","0","1","0.52195122","0.40160302",,"false","interacts with","TPR (interacts with) PARP3","0","P12270","","Q9Y6F1",""
"19.666666666666664","","interacts with","0","0.461777145","","TPR (interacts with) MFSD4A",,"0","0","0","1","0.52195122","0.40160307",,"false","interacts with","TPR (interacts with) MFSD4A","0","P12270","","Q8N468",""
"20.833333333333332","","interacts with","0","0.476426197","","TNFSF11 (interacts with) ARMC2",,"1","0","1","1","0.551219512","0.401632882",,"false","interacts with","TNFSF11 (interacts with) ARMC2","0","O14788","","Q8NEN0",""
"13.233333333333336","","interacts with","0","0.464216133","","TPR (interacts with) NXPH1",,"0","0","0","1","0.526829268","0.401602998",,"false","interacts with","TPR (interacts with) NXPH1","0","P12270","","P58417",""
"55.0","","interacts with","0","0.476426374","","OR51A2 (interacts with) TRAF6",,"0","1","1","1","0.551219512","0.401633235",,"false","interacts with","OR51A2 (interacts with) TRAF6","0","Q8NGJ7","","Q9Y4K3",""
"75.66666666666666","","interacts with","0","0.476426171","","COL1A1 (interacts with) REEP4",,"1","0","1","1","0.551219512","0.401632829",,"false","interacts with","COL1A1 (interacts with) REEP4","0","P02452","","Q9H6H4",""
"26.0","","interacts with","0","0.461777073","","TPR (interacts with) RIOK3",,"0","0","0","1","0.52195122","0.401602926",,"false","interacts with","TPR (interacts with) RIOK3","0","P12270","","O14730",""
"55.333333333333336","","interacts with","0","0.476426288","","COL3A1 (interacts with) UEVLD",,"1","0","1","1","0.551219512","0.401633063",,"false","interacts with","COL3A1 (interacts with) UEVLD","0","P02461","","Q8IX04",""
"63.50000000000001","","interacts with","0","0.476426163","","COL5A3 (interacts with) CENPL",,"1","0","1","1","0.551219512","0.401632814",,"false","interacts with","COL5A3 (interacts with) CENPL","0","P25940","","Q8N0S6",""
"19.0","","interacts with","0","0.461777077","","TPR (interacts with) TIGD4",,"0","0","0","1","0.52195122","0.401602935",,"false","interacts with","TPR (interacts with) TIGD4","0","P12270","","Q8IY51",""
"8.166666666666668","","interacts with","0","0.476426299","","LIG1 (interacts with) AKT1",,"0","1","1","1","0.551219512","0.401633085",,"false","interacts with","LIG1 (interacts with) AKT1","0","P18858","","P31749",""
"83.0","","interacts with","0","0.476426374","","COL1A1 (interacts with) ACOT4",,"1","0","1","1","0.551219512","0.401633235",,"false","interacts with","COL1A1 (interacts with) ACOT4","0","P02452","","Q8N9L9",""
"9.0","","interacts with","0","0.464192139","","TRIT1 (interacts with) GOLGA3",,"0","0","0","1","0.526829268","0.401555009",,"false","interacts with","TRIT1 (interacts with) GOLGA3","0","Q9H3H1","","Q08378",""
"48.0","","interacts with","0","0.461792175","","TP53 (interacts with) HSP90AA2P",,"1","0","1","1","0.52195122","0.401633131",,"false","interacts with","TP53 (interacts with) HSP90AA2P","0","P04637","","Q14568",""
"8.0","","interacts with","0","0.476426247","","JUN (interacts with) TAF4B",,"1","0","1","1","0.551219512","0.401632981",,"false","interacts with","JUN (interacts with) TAF4B","0","P05412","","Q92750",""
"23.666666666666664","","interacts with","0","0.461777073","","TPR (interacts with) TBKBP1",,"0","0","0","1","0.52195122","0.401602927",,"false","interacts with","TPR (interacts with) TBKBP1","0","P12270","","A7MCY6",""
"11.000000000000004","","interacts with","0","0.461777215","","IGHV4-39 (interacts with) CCDC7",,"0","0","0","1","0.52195122","0.40160321",,"false","interacts with","IGHV4-39 (interacts with) CCDC7","0","P01824","","Q96M83",""
"26.0","","interacts with","0","0.476426311",""," (interacts with) SOST",,"0","1","1","1","0.551219512","0.401633111",,"false","interacts with"," (interacts with) SOST","0","Q6ZVL8","","Q9BQB4",""
"7.773015873015872","","interacts with","0","0.476387154","","FLYWCH1 (interacts with) AADACL4",,"0","0","0","1","0.551219512","0.401554797",,"false","interacts with","FLYWCH1 (interacts with) AADACL4","0","Q4VC44","","Q5VUY2",""
"6.633333333333333","","interacts with","0","0.469070075","","MARCHF7 (interacts with) ZFP57",,"0","0","0","1","0.536585366","0.401554783",,"false","interacts with","MARCHF7 (interacts with) ZFP57","0","Q9H992","","Q9NU63",""
"93.0","","interacts with","0","0.476426189","","COL5A3 (interacts with) FBXO47",,"1","0","1","1","0.551219512","0.401632866",,"false","interacts with","COL5A3 (interacts with) FBXO47","0","P25940","","Q5MNV8",""
"16.333333333333332","","interacts with","0","0.476387168","","CHCT1 (interacts with) PHACTR2",,"0","0","0","1","0.551219512","0.401554823",,"false","interacts with","CHCT1 (interacts with) PHACTR2","0","Q86WR6","","O75167",""
"4.9","","interacts with","0","0.461753419","","MARCHF7 (interacts with) CYP26B1",,"0","0","0","1","0.52195122","0.401555619",,"false","interacts with","MARCHF7 (interacts with) CYP26B1","0","Q9H992","","Q9NR63",""
"5.666666666666666","","interacts with","0","0.476387488","","CHCT1 (interacts with) TRAV6",,"0","0","0","1","0.551219512","0.401555464",,"false","interacts with","CHCT1 (interacts with) TRAV6","0","Q86WR6","","A0A075B6T7",""
"5.966666666666666","","interacts with","0","0.476387439","","PSMD12 (interacts with) ADORA3",,"0","0","0","1","0.551219512","0.401555367",,"false","interacts with","PSMD12 (interacts with) ADORA3","0","O00232","","P0DMS8",""
"13.66666666666667","","interacts with","0","0.46177703","","TPR (interacts with) ARHGAP28",,"0","0","0","1","0.52195122","0.401602841",,"false","interacts with","TPR (interacts with) ARHGAP28","0","P12270","","Q9P2N2",""
"6.333333333333333","","interacts with","0","0.464192554","","CHCT1 (interacts with) SYT14P1",,"0","0","0","1","0.526829268","0.401555839",,"false","interacts with","CHCT1 (interacts with) SYT14P1","0","Q86WR6","","Q58G82",""
"5.233333333333333","","interacts with","0","0.461753134","","MARCHF7 (interacts with) RASGEF1A",,"0","0","0","1","0.52195122","0.401555049",,"false","interacts with","MARCHF7 (interacts with) RASGEF1A","0","Q9H992","","Q8N9B8",""
"7.533333333333331","","interacts with","0","0.461777207","","PGA3 (interacts with) ZNF638",,"0","0","0","1","0.52195122","0.401603194",,"false","interacts with","PGA3 (interacts with) ZNF638","0","P0DJD8","","Q14966",""
"40.03333333333333","","interacts with","0","0.461777016","","MARCHF7 (interacts with) BDP1",,"0","0","0","1","0.52195122","0.401602812",,"false","interacts with","MARCHF7 (interacts with) BDP1","0","Q9H992","","A6H8Y1",""
"2.0","","interacts with","0","0.476426159","","CSF1R (interacts with) ABCC11",,"1","0","1","1","0.551219512","0.401632806",,"false","interacts with","CSF1R (interacts with) ABCC11","0","P07333","","Q96J66",""
"6.0","","interacts with","0","0.464193267","","CHCT1 (interacts with) PRELID2",,"0","0","0","1","0.526829268","0.401557267",,"false","interacts with","CHCT1 (interacts with) PRELID2","0","Q86WR6","","Q8N945",""
"10.333333333333334","","interacts with","0","0.476426197","","PCCA (interacts with) AKT1",,"0","1","1","1","0.551219512","0.401632881",,"false","interacts with","PCCA (interacts with) AKT1","0","P05165","","P31749",""
"4.666666666666666","","interacts with","0","0.469070245","","CHCT1 (interacts with) FAM237B",,"0","0","0","1","0.536585366","0.401555124",,"false","interacts with","CHCT1 (interacts with) FAM237B","0","Q86WR6","","A0A1B0GVD1",""
"17.0","","interacts with","0","0.47642621","","PGR (interacts with) PROS1",,"1","0","1","1","0.551219512","0.401632909",,"false","interacts with","PGR (interacts with) PROS1","0","P06401","","P07225",""
"5.333333333333332","","interacts with","0","0.461753431","","MARCHF7 (interacts with) TCP11X2",,"0","0","0","1","0.52195122","0.401555643",,"false","interacts with","MARCHF7 (interacts with) TCP11X2","0","Q9H992","","Q5H9J9",""
"12.800000000000002","","interacts with","0","0.464216042","","QRICH2 (interacts with) PWWP3A",,"0","0","0","1","0.526829268","0.401602815",,"false","interacts with","QRICH2 (interacts with) PWWP3A","0","Q9H0J4","","Q2TAK8",""
"27.421428571428574","","interacts with","0","0.476387148","","MYH16 (interacts with) CD72",,"0","0","0","1","0.551219512","0.401554783",,"false","interacts with","MYH16 (interacts with) CD72","0","Q9H6N6","","P21854",""
"22.666666666666657","","interacts with","0","0.476426204","","IGHV4-38-2 (interacts with) BMP2",,"0","1","1","1","0.551219512","0.401632896",,"false","interacts with","IGHV4-38-2 (interacts with) BMP2","0","P0DP08","","P12643",""
"3.0","","interacts with","0","0.476387236","","BMP2K (interacts with) USP29",,"0","0","0","1","0.551219512","0.401554961",,"false","interacts with","BMP2K (interacts with) USP29","0","Q9NSY1","","Q9HBJ7",""
"11.844155844155843","","interacts with","0","0.47638719","","ELAVL3 (interacts with) SAMD15",,"0","0","0","1","0.551219512","0.401554868",,"false","interacts with","ELAVL3 (interacts with) SAMD15","0","Q14576","","Q9P1V8",""
"7.0","","interacts with","0","0.464216061","","QRICH2 (interacts with) EPM2AIP1",,"0","0","0","1","0.526829268","0.401602854",,"false","interacts with","QRICH2 (interacts with) EPM2AIP1","0","Q9H0J4","","Q7L775",""
"32.825087834870445","","interacts with","0","0.476426377","","OR51M1 (interacts with) TRAF6",,"0","1","1","1","0.551219512","0.401633243",,"false","interacts with","OR51M1 (interacts with) TRAF6","0","Q9H341","","Q9Y4K3",""
"5.0","","interacts with","0","0.476387065","","C1QL2 (interacts with) CCSER1",,"0","0","0","1","0.551219512","0.401554618",,"false","interacts with","C1QL2 (interacts with) CCSER1","0","Q7Z5L3","","Q9C0I3",""
"13.685714285714283","","interacts with","0","0.476426341","","FGF10 (interacts with) ATXN7L1",,"0","0","0","1","0.551219512","0.401633169",,"false","interacts with","FGF10 (interacts with) ATXN7L1","0","O15520","","Q9ULK2",""
"16.643722943722945","","interacts with","0","0.476387151","","ELAVL3 (interacts with) CC2D1A",,"0","0","0","1","0.551219512","0.40155479",,"false","interacts with","ELAVL3 (interacts with) CC2D1A","0","Q14576","","Q6P1N0",""
"7.0666666666666655","","interacts with","0","0.476387142","","PSMD12 (interacts with) CARF",,"0","0","0","1","0.551219512","0.401554772",,"false","interacts with","PSMD12 (interacts with) CARF","0","O00232","","Q8N187",""
"7.761904761904761","","interacts with","0","0.476387175","","FLYWCH1 (interacts with) PDE7A",,"0","0","0","1","0.551219512","0.401554837",,"false","interacts with","FLYWCH1 (interacts with) PDE7A","0","Q4VC44","","Q13946",""
"7.0","","interacts with","0","0.476387042","","QRICH2 (interacts with) ICE2",,"0","0","0","1","0.551219512","0.401554572",,"false","interacts with","QRICH2 (interacts with) ICE2","0","Q9H0J4","","Q659A1",""
"25.238095238095237","","interacts with","0","0.476387184","","MYH16 (interacts with) CCNE2",,"0","0","0","1","0.551219512","0.401554856",,"false","interacts with","MYH16 (interacts with) CCNE2","0","Q9H6N6","","O96020",""
"78.66666666666667","","interacts with","0","0.476426259","","COL1A1 (interacts with) KIR3DL1",,"1","0","1","1","0.551219512","0.401633006",,"false","interacts with","COL1A1 (interacts with) KIR3DL1","0","P02452","","P43629",""
"5.499999999999999","","interacts with","0","0.464193027","","PSMD12 (interacts with) ERF",,"0","0","0","1","0.526829268","0.401556785",,"false","interacts with","PSMD12 (interacts with) ERF","0","O00232","","P50548",""
"7.3999999999999995","","interacts with","0","0.46907122","","ELAVL3 (interacts with) OR10A2",,"0","0","0","1","0.536585366","0.401557074",,"false","interacts with","ELAVL3 (interacts with) OR10A2","0","Q14576","","Q9H208",""
"8.0","","interacts with","0","0.476387075","","QRICH2 (interacts with) FRMPD4",,"0","0","0","1","0.551219512","0.401554637",,"false","interacts with","QRICH2 (interacts with) FRMPD4","0","Q9H0J4","","Q14CM0",""
"30.0","","interacts with","0","0.476426368","","TNFSF11 (interacts with) WEE2",,"1","0","1","1","0.551219512","0.401633223",,"false","interacts with","TNFSF11 (interacts with) WEE2","0","O14788","","P0C1S8",""
"4.733333333333333","","interacts with","0","0.464191983","","PSMD12 (interacts with) MAPK11",,"0","0","0","1","0.526829268","0.401554697",,"false","interacts with","PSMD12 (interacts with) MAPK11","0","O00232","","Q15759",""
"7.8","","interacts with","0","0.464216081","","QRICH2 (interacts with) TSPYL2",,"0","0","0","1","0.526829268","0.401602894",,"false","interacts with","QRICH2 (interacts with) TSPYL2","0","Q9H0J4","","Q9H2G4",""
"6.166666666666666","","interacts with","0","0.469070199","","PSMD12 (interacts with) PDZD4",,"0","0","0","1","0.536585366","0.401555033",,"false","interacts with","PSMD12 (interacts with) PDZD4","0","O00232","","Q76G19",""
"26.666666666666668","","interacts with","0","0.47642634","","TNFSF11 (interacts with) ZNF485",,"1","0","1","1","0.551219512","0.401633167",,"false","interacts with","TNFSF11 (interacts with) ZNF485","0","O14788","","Q8NCK3",""
"12.125901875901873","","interacts with","0","0.476387161","","ELAVL3 (interacts with) ZNF319",,"0","0","0","1","0.551219512","0.40155481",,"false","interacts with","ELAVL3 (interacts with) ZNF319","0","Q14576","","Q9P2F9",""
"19.66288515406162","","interacts with","0","0.476387102","","MYH16 (interacts with) TLCD3B",,"0","0","0","1","0.551219512","0.401554691",,"false","interacts with","MYH16 (interacts with) TLCD3B","0","Q9H6N6","","Q71RH2",""
"68.83333333333334","","interacts with","0","0.476426235","","COL1A1 (interacts with) UVSSA",,"1","0","1","1","0.551219512","0.401632957",,"false","interacts with","COL1A1 (interacts with) UVSSA","0","P02452","","Q2YD98",""
"5.6190476190476195","","interacts with","0","0.464191988","","FGF10 (interacts with) TMEM200C",,"0","0","0","1","0.526829268","0.401554708",,"false","interacts with","FGF10 (interacts with) TMEM200C","0","O15520","","A6NKL6",""
"8.452380952380953","","interacts with","0","0.476387223","","FGF10 (interacts with) DNAAF1",,"0","0","0","1","0.551219512","0.401554934",,"false","interacts with","FGF10 (interacts with) DNAAF1","0","O15520","","Q8NEP3",""
"12.544047619047618","","interacts with","0","0.476387152","","ELAVL3 (interacts with) PHC2",,"0","0","0","1","0.551219512","0.401554791",,"false","interacts with","ELAVL3 (interacts with) PHC2","0","Q14576","","Q8IXK0",""
"7.452380952380952","","interacts with","0","0.476387163","","FGF10 (interacts with) RNF168",,"0","0","0","1","0.551219512","0.401554813",,"false","interacts with","FGF10 (interacts with) RNF168","0","O15520","","Q8IYW5",""
"21.233333333333334","","interacts with","0","0.476387168","","MYH16 (interacts with) CENPL",,"0","0","0","1","0.551219512","0.401554823",,"false","interacts with","MYH16 (interacts with) CENPL","0","Q9H6N6","","Q8N0S6",""
"6.0","","interacts with","0","0.476426231","","NFKB1 (interacts with) IRX2",,"1","0","1","1","0.551219512","0.401632949",,"false","interacts with","NFKB1 (interacts with) IRX2","0","P19838","","Q9BZI1",""
"19.029551820728287","","interacts with","0","0.476387105","","MYH16 (interacts with) KCNK10",,"0","0","0","1","0.551219512","0.401554698",,"false","interacts with","MYH16 (interacts with) KCNK10","0","Q9H6N6","","P57789",""
"2.0","","interacts with","0","0.464192201","","STX16 (interacts with) DDI2",,"0","0","0","1","0.526829268","0.401555133",,"false","interacts with","STX16 (interacts with) DDI2","0","O14662","","Q5TDH0",""
"5.785714285714286","","interacts with","0","0.476426364","","FGF10 (interacts with) TCP11L2",,"0","0","0","1","0.551219512","0.401633215",,"false","interacts with","FGF10 (interacts with) TCP11L2","0","O15520","","Q8N4U5",""
"6.752380952380953","","interacts with","0","0.476426256","","FGF10 (interacts with) RTF1",,"0","0","0","1","0.551219512","0.401632999",,"false","interacts with","FGF10 (interacts with) RTF1","0","O15520","","Q92541",""
"6.666666666666666","","interacts with","0","0.476426289","","SRC (interacts with) TTC39B",,"1","0","1","1","0.551219512","0.401633065",,"false","interacts with","SRC (interacts with) TTC39B","0","P12931","","Q5VTQ0",""
"20.45985485103132","","interacts with","0","0.476387204","","MYH16 (interacts with) UBTFL6",,"0","0","0","1","0.551219512","0.401554896",,"false","interacts with","MYH16 (interacts with) UBTFL6","0","Q9H6N6","","P0CB48",""
"11.39090909090909","","interacts with","0","0.47638709","","ELAVL3 (interacts with) PMS2",,"0","0","0","1","0.551219512","0.401554669",,"false","interacts with","ELAVL3 (interacts with) PMS2","0","Q14576","","P54278",""
"10.533333333333335","","interacts with","0","0.476387131","","PGA3 (interacts with) TRIP11",,"0","0","0","1","0.551219512","0.40155475",,"false","interacts with","PGA3 (interacts with) TRIP11","0","P0DJD8","","Q15643",""
"74.0","","interacts with","0","0.476426214","","COL1A1 (interacts with) CFHR2",,"1","0","1","1","0.551219512","0.401632917",,"false","interacts with","COL1A1 (interacts with) CFHR2","0","P02452","","P36980",""
"7.666666666666666","","interacts with","0","0.464194792","","ELAVL3 (interacts with) OR52D1",,"0","0","0","1","0.526829268","0.401560316",,"false","interacts with","ELAVL3 (interacts with) OR52D1","0","Q14576","","Q9H346",""
"6.519047619047619","","interacts with","0","0.464192241","","PABPC1L2B (interacts with) PRR5",,"0","0","0","1","0.526829268","0.401555214",,"false","interacts with","PABPC1L2B (interacts with) PRR5","0","Q5JQF8","","P85299",""
"67.71428571428571","","interacts with","0","0.476426297","","KLF3 (interacts with) TRAF6",,"0","1","1","1","0.551219512","0.401633083",,"false","interacts with","KLF3 (interacts with) TRAF6","0","P57682","","Q9Y4K3",""
"21.32955182072829","","interacts with","0","0.476387217","","MYH16 (interacts with) FCN2",,"0","0","0","1","0.551219512","0.401554922",,"false","interacts with","MYH16 (interacts with) FCN2","0","Q9H6N6","","Q15485",""
"5.238095238095238","","interacts with","0","0.476387067","","PABPC1L2B (interacts with) SALL2",,"0","0","0","1","0.551219512","0.401554623",,"false","interacts with","PABPC1L2B (interacts with) SALL2","0","Q5JQF8","","Q9Y467",""
"4.852380952380953","","interacts with","0","0.476387185","","PABPC1L2B (interacts with) ZNF358",,"0","0","0","1","0.551219512","0.401554859",,"false","interacts with","PABPC1L2B (interacts with) ZNF358","0","Q5JQF8","","Q9NW07",""
"86.28739593739596","","interacts with","0","0.464255189","","COL5A3 (interacts with) ZNF570",,"1","0","1","1","0.526829268","0.40168111",,"false","interacts with","COL5A3 (interacts with) ZNF570","0","P25940","","Q96NI8",""
"6.619047619047619","","interacts with","0","0.469070136","","PABPC1L2B (interacts with) GRAMD2B",,"0","0","0","1","0.536585366","0.401554907",,"false","interacts with","PABPC1L2B (interacts with) GRAMD2B","0","Q5JQF8","","Q96HH9",""
"20.32585674366365","","interacts with","0","0.461777118","","FCN2 (interacts with) CROCC2",,"0","0","0","1","0.52195122","0.401603017",,"false","interacts with","FCN2 (interacts with) CROCC2","0","Q15485","","H7BZ55",""
"11.0","","interacts with","0","0.476426282","","TOM1L1 (interacts with) CASP3",,"0","1","1","1","0.551219512","0.401633052",,"false","interacts with","TOM1L1 (interacts with) CASP3","0","O75674","","P42574",""
"4.0","","interacts with","0","0.461753265","","GPATCH2 (interacts with) TREML4",,"0","0","0","1","0.52195122","0.40155531",,"false","interacts with","GPATCH2 (interacts with) TREML4","0","Q9NW75","","Q6UXN2",""
"2.0","","interacts with","0","0.461859099","","CFAP418 (interacts with) B9D1",,"0","0","0","1","0.52195122","0.401766978",,"false","interacts with","CFAP418 (interacts with) B9D1","0","Q96NL8","","Q9UPM9",""
"32.0","","interacts with","0","0.476426198","","SMTNL1 (interacts with) SOST",,"0","1","1","1","0.551219512","0.401632883",,"false","interacts with","SMTNL1 (interacts with) SOST","0","A8MU46","","Q9BQB4",""
"25.9047619047619","","interacts with","0","0.476387182","","MYH16 (interacts with) DAW1",,"0","0","0","1","0.551219512","0.401554851",,"false","interacts with","MYH16 (interacts with) DAW1","0","Q9H6N6","","Q8N136",""
"3.4","","interacts with","0","0.464192017","","TC2N (interacts with) ARHGAP28",,"0","0","0","1","0.526829268","0.401554766",,"false","interacts with","TC2N (interacts with) ARHGAP28","0","Q8N9U0","","Q9P2N2",""
"8.0","","interacts with","0","0.47638719","","PABPC1L2B (interacts with) GFY",,"0","0","0","1","0.551219512","0.401554868",,"false","interacts with","PABPC1L2B (interacts with) GFY","0","Q5JQF8","","I3L273",""
"19.999999999999993","","interacts with","0","0.461792283","","MEIS3P2 (interacts with) BMP2",,"0","1","1","1","0.52195122","0.401633347",,"false","interacts with","MEIS3P2 (interacts with) BMP2","0","A8K0S8","","P12643",""
"6.119047619047619","","interacts with","0","0.46907018","","PABPC1L2B (interacts with) LACC1",,"0","0","0","1","0.536585366","0.401554995",,"false","interacts with","PABPC1L2B (interacts with) LACC1","0","Q5JQF8","","Q8IV20",""
"21.32955182072829","","interacts with","0","0.476387155","","MYH16 (interacts with) IHH",,"0","0","0","1","0.551219512","0.401554797",,"false","interacts with","MYH16 (interacts with) IHH","0","Q9H6N6","","Q14623",""
"54.166666666666664","","interacts with","0","0.476426312","","COL1A2 (interacts with) FOXI1",,"1","0","1","1","0.551219512","0.401633112",,"false","interacts with","COL1A2 (interacts with) FOXI1","0","P08123","","Q12951",""
"8.576190476190476","","interacts with","0","0.476387142","","PUM3 (interacts with) HPD",,"0","0","0","1","0.551219512","0.401554772",,"false","interacts with","PUM3 (interacts with) HPD","0","Q15397","","P32754",""
"2.5","","interacts with","0","0.461816208","","PTGS2 (interacts with) KIAA1217",,"1","0","1","1","0.52195122","0.401681196",,"false","interacts with","PTGS2 (interacts with) KIAA1217","0","P35354","","Q5T5P2",""
"27.64285714285714","","interacts with","0","0.461777056","","MYH16 (interacts with) OSGIN2",,"0","0","0","1","0.52195122","0.401602892",,"false","interacts with","MYH16 (interacts with) OSGIN2","0","Q9H6N6","","Q9Y236",""
"12.761904761904761","","interacts with","0","0.476387202","","PUM3 (interacts with) STOX2",,"0","0","0","1","0.551219512","0.401554892",,"false","interacts with","PUM3 (interacts with) STOX2","0","Q15397","","Q9P2F5",""
"39.355532212885166","","interacts with","0","0.476426217","","COL3A1 (interacts with) ERICH6",,"1","0","1","1","0.551219512","0.401632921",,"false","interacts with","COL3A1 (interacts with) ERICH6","0","P02461","","Q7L0X2",""
"12.042857142857143","","interacts with","0","0.46419234","","PUM3 (interacts with) NAP1L3",,"0","0","0","1","0.526829268","0.401555413",,"false","interacts with","PUM3 (interacts with) NAP1L3","0","Q15397","","Q99457",""
"10.342857142857142","","interacts with","0","0.476387234","","PUM3 (interacts with) UAP1",,"0","0","0","1","0.551219512","0.401554955",,"false","interacts with","PUM3 (interacts with) UAP1","0","Q15397","","Q16222",""
"43.666666666666664","","interacts with","0","0.476426257","","MYCN (interacts with) SYT14P1",,"1","0","1","1","0.551219512","0.401633001",,"false","interacts with","MYCN (interacts with) SYT14P1","0","P04198","","Q58G82",""
"20.62652151769799","","interacts with","0","0.47638723","","MYH16 (interacts with) COX11",,"0","0","0","1","0.551219512","0.401554947",,"false","interacts with","MYH16 (interacts with) COX11","0","Q9H6N6","","Q9Y6N1",""
"9.904761904761905","","interacts with","0","0.476387229","","STARD3NL (interacts with) SAMD11",,"0","0","0","1","0.551219512","0.401554945",,"false","interacts with","STARD3NL (interacts with) SAMD11","0","O95772","","Q96NU1",""
"7.083333333333333","","interacts with","0","0.476426262","","BCL9 (interacts with) PROCR",,"0","1","1","1","0.551219512","0.401633011",,"false","interacts with","BCL9 (interacts with) PROCR","0","O00512","","Q9UNN8",""
"89.0","","interacts with","0","0.476426167","","TRIM38 (interacts with) COL1A1",,"0","1","1","1","0.551219512","0.401632821",,"false","interacts with","TRIM38 (interacts with) COL1A1","0","O00635","","P02452",""
"19.0","","interacts with","0","0.476387214","","PUM3 (interacts with) ACP6",,"0","0","0","1","0.551219512","0.401554916",,"false","interacts with","PUM3 (interacts with) ACP6","0","Q15397","","Q9NPH0",""
"57.44444444444444","","interacts with","0","0.476426212","","COL3A1 (interacts with) AMZ2",,"1","0","1","1","0.551219512","0.401632912",,"false","interacts with","COL3A1 (interacts with) AMZ2","0","P02461","","Q86W34",""
"7.133333333333332","","interacts with","0","0.464231097","","KCNK10 (interacts with) SULT1C3",,"0","0","0","1","0.526829268","0.401632925",,"false","interacts with","KCNK10 (interacts with) SULT1C3","0","P57789","","Q6IMI6",""
"4.999999999999999","","interacts with","0","0.476426429","","KCNK10 (interacts with) SHF",,"0","0","0","1","0.551219512","0.401633346",,"false","interacts with","KCNK10 (interacts with) SHF","0","P57789","","Q7M4L6",""
"11.642857142857142","","interacts with","0","0.476387113","","PUM3 (interacts with) CAMK1G",,"0","0","0","1","0.551219512","0.401554714",,"false","interacts with","PUM3 (interacts with) CAMK1G","0","Q15397","","Q96NX5",""
"20.0","","interacts with","0","0.46181619","","PPFIA4 (interacts with) VTN",,"0","1","1","1","0.52195122","0.40168116",,"false","interacts with","PPFIA4 (interacts with) VTN","0","O75335","","P04004",""
"10.05238095238095","","interacts with","0","0.476387359","","KCNK10 (interacts with) TELO2",,"0","0","0","1","0.551219512","0.401555205",,"false","interacts with","KCNK10 (interacts with) TELO2","0","P57789","","Q9Y4R8",""
"10.795238095238094","","interacts with","0","0.476387238","","PUM3 (interacts with) GPR141",,"0","0","0","1","0.551219512","0.401554964",,"false","interacts with","PUM3 (interacts with) GPR141","0","Q15397","","Q7Z602",""
"13.0","","interacts with","0","0.476426238","","PGR (interacts with) PPP2R3C",,"1","0","1","1","0.551219512","0.401632965",,"false","interacts with","PGR (interacts with) PPP2R3C","0","P06401","","Q969Q6",""
"18.633333333333333","","interacts with","0","0.476426164","","MYCL (interacts with) ESCO1",,"1","0","1","1","0.551219512","0.401632816",,"false","interacts with","MYCL (interacts with) ESCO1","0","P12524","","Q5FWF5",""
"10.795238095238094","","interacts with","0","0.47638726","","PUM3 (interacts with) OR9A1P",,"0","0","0","1","0.551219512","0.401555008",,"false","interacts with","PUM3 (interacts with) OR9A1P","0","Q15397","","Q8NGU1",""
"8.795238095238094","","interacts with","0","0.46175336","","PUM3 (interacts with) FAM20A",,"0","0","0","1","0.52195122","0.401555501",,"false","interacts with","PUM3 (interacts with) FAM20A","0","Q15397","","Q96MK3",""
"8.0","","interacts with","0","0.476426194","","SRC (interacts with) DDIAS",,"1","0","1","1","0.551219512","0.401632876",,"false","interacts with","SRC (interacts with) DDIAS","0","P12931","","Q8IXT1",""
"8.176190476190476","","interacts with","0","0.476387247","","PUM3 (interacts with) PSMD12",,"0","0","0","1","0.551219512","0.401554982",,"false","interacts with","PUM3 (interacts with) PSMD12","0","Q15397","","O00232",""
"5.0","","interacts with","0","0.464216074","","RASEF (interacts with) BOD1L1",,"0","0","0","1","0.526829268","0.401602879",,"false","interacts with","RASEF (interacts with) BOD1L1","0","Q8IZ41","","Q8NFC6",""
"30.184530175706648","","interacts with","0","0.461777064","","MYH16 (interacts with) ST8SIA5",,"0","0","0","1","0.52195122","0.401602909",,"false","interacts with","MYH16 (interacts with) ST8SIA5","0","Q9H6N6","","O15466",""
"8.333333333333334","","interacts with","0","0.476426233","","KCNK10 (interacts with) DAW1",,"0","0","0","1","0.551219512","0.401632953",,"false","interacts with","KCNK10 (interacts with) DAW1","0","P57789","","Q8N136",""
"7.6","","interacts with","0","0.476426359","","KCNK10 (interacts with) RGL2",,"0","0","0","1","0.551219512","0.401633206",,"false","interacts with","KCNK10 (interacts with) RGL2","0","P57789","","O15211",""
"19.411571029377928","","interacts with","0","0.464255324","","KCNK10 (interacts with) CROCC2",,"0","0","0","1","0.526829268","0.401681379",,"false","interacts with","KCNK10 (interacts with) CROCC2","0","P57789","","H7BZ55",""
"38.99999999999999","","interacts with","0","0.476426218","","COL1A2 (interacts with) BPIFC",,"1","0","1","1","0.551219512","0.401632924",,"false","interacts with","COL1A2 (interacts with) BPIFC","0","P08123","","Q8NFQ6",""
"10.652380952380954","","interacts with","0","0.476387284","","PUM3 (interacts with) ADORA3",,"0","0","0","1","0.551219512","0.401555056",,"false","interacts with","PUM3 (interacts with) ADORA3","0","Q15397","","P0DMS8",""
"16.666666666666664","","interacts with","0","0.476387204","","SF3A1 (interacts with) FOXI1",,"0","0","0","1","0.551219512","0.401554895",,"false","interacts with","SF3A1 (interacts with) FOXI1","0","Q15459","","Q12951",""
"58.70539583202627","","interacts with","0","0.476426264","","UBTFL6 (interacts with) COL5A3",,"0","1","1","1","0.551219512","0.401633016",,"false","interacts with","UBTFL6 (interacts with) COL5A3","0","P0CB48","","P25940",""
"24.9","","interacts with","0","0.476426253","","TP53 (interacts with) PLA2G2D",,"1","0","1","1","0.551219512","0.401632994",,"false","interacts with","TP53 (interacts with) PLA2G2D","0","P04637","","Q9UNK4",""
"62.0","","interacts with","0","0.464255276","","PAH (interacts with) COL5A2",,"0","1","1","1","0.526829268","0.401681283",,"false","interacts with","PAH (interacts with) COL5A2","0","P00439","","P05997",""
"23.9","","interacts with","0","0.476387118","","MYH16 (interacts with) MAMLD1",,"0","0","0","1","0.551219512","0.401554724",,"false","interacts with","MYH16 (interacts with) MAMLD1","0","Q9H6N6","","Q13495",""
"2.0","","interacts with","0","0.559061391","","SDCCAG8 (interacts with) ODAD1",,"0","0","0","1","0.717073171","0.401049611",,"false","interacts with","SDCCAG8 (interacts with) ODAD1","0","Q86SQ7","","Q96M63",""
"11.642857142857142","","interacts with","0","0.476387079","","PUM3 (interacts with) USP17L6P",,"0","0","0","1","0.551219512","0.401554646",,"false","interacts with","PUM3 (interacts with) USP17L6P","0","Q15397","","Q6QN14",""
"14.0","","interacts with","0","0.476426209","","PAM (interacts with) PTGS1",,"0","1","1","1","0.551219512","0.401632906",,"false","interacts with","PAM (interacts with) PTGS1","0","P19021","","P23219",""
"2.7857142857142856","","interacts with","0","0.476387158","","SYT9 (interacts with) ASXL2",,"0","0","0","1","0.551219512","0.401554804",,"false","interacts with","SYT9 (interacts with) ASXL2","0","Q86SS6","","Q76L83",""
"10.342857142857143","","interacts with","0","0.461753069","","PUM3 (interacts with) OIT3",,"0","0","0","1","0.52195122","0.401554918",,"false","interacts with","PUM3 (interacts with) OIT3","0","Q15397","","Q8WWZ8",""
"11.057738095238093","","interacts with","0","0.476426302","","CNR2 (interacts with) KAZN",,"1","0","1","1","0.551219512","0.401633092",,"false","interacts with","CNR2 (interacts with) KAZN","0","P34972","","Q674X7",""
"21.329551820728287","","interacts with","0","0.47638711","","MYH16 (interacts with) LMNTD1",,"0","0","0","1","0.551219512","0.401554707",,"false","interacts with","MYH16 (interacts with) LMNTD1","0","Q9H6N6","","Q8N9Z9",""
"32.89999999999999","","interacts with","0","0.464231252","","COL1A2 (interacts with) MAPK11",,"1","0","1","1","0.526829268","0.401633235",,"false","interacts with","COL1A2 (interacts with) MAPK11","0","P08123","","Q15759",""
"10.376190476190477","","interacts with","0","0.476387139","","PUM3 (interacts with) MAPK11",,"0","0","0","1","0.551219512","0.401554766",,"false","interacts with","PUM3 (interacts with) MAPK11","0","Q15397","","Q15759",""
"55.696304922935376","","interacts with","0","0.476426181","","COL5A3 (interacts with) LPCAT1",,"1","0","1","1","0.551219512","0.401632849",,"false","interacts with","COL5A3 (interacts with) LPCAT1","0","P25940","","Q8NF37",""
"14.16666666666667","","interacts with","0","0.461753198","","PUM3 (interacts with) PDZD4",,"0","0","0","1","0.52195122","0.401555177",,"false","interacts with","PUM3 (interacts with) PDZD4","0","Q15397","","Q76G19",""
"53.129638256268706","","interacts with","0","0.476426258","","COL5A3 (interacts with) KCNK10",,"1","0","1","1","0.551219512","0.401633005",,"false","interacts with","COL5A3 (interacts with) KCNK10","0","P25940","","P57789",""
"29.819047619047605","","interacts with","0","0.476426227","","COL5A2 (interacts with) NKAIN1",,"1","0","1","1","0.551219512","0.401632942",,"false","interacts with","COL5A2 (interacts with) NKAIN1","0","P05997","","Q4KMZ8",""
"35.0","","interacts with","0","0.476426243","","RELA (interacts with) PJVK",,"1","0","1","1","0.551219512","0.401632974",,"false","interacts with","RELA (interacts with) PJVK","0","Q04206","","Q0ZLH3",""
"11.666666666666668","","interacts with","0","0.47638742","","PUM3 (interacts with) MKRN4P",,"0","0","0","1","0.551219512","0.401555328",,"false","interacts with","PUM3 (interacts with) MKRN4P","0","Q15397","","Q13434",""
"11.833333333333337","","interacts with","0","0.46907025","","PUM3 (interacts with) ERF",,"0","0","0","1","0.536585366","0.401555134",,"false","interacts with","PUM3 (interacts with) ERF","0","Q15397","","P50548",""
"40.333333333333336","","interacts with","0","0.476426256","","COL1A2 (interacts with) GAL3ST3",,"1","0","1","1","0.551219512","0.401632999",,"false","interacts with","COL1A2 (interacts with) GAL3ST3","0","P08123","","Q96A11",""
"13.652380952380952","","interacts with","0","0.476426231","","TP53 (interacts with) ATXN7L1",,"1","0","1","1","0.551219512","0.401632949",,"false","interacts with","TP53 (interacts with) ATXN7L1","0","P04637","","Q9ULK2",""
"11.461904761904762","","interacts with","0","0.46175311","","PUM3 (interacts with) HOXA13",,"0","0","0","1","0.52195122","0.401555001",,"false","interacts with","PUM3 (interacts with) HOXA13","0","Q15397","","P31271",""
"14.0","","interacts with","0","0.476426167","","GSK3B (interacts with) ANKRD20A8P",,"1","0","1","1","0.551219512","0.401632821",,"false","interacts with","GSK3B (interacts with) ANKRD20A8P","0","P49841","","Q5CZ79",""
"92.0","","interacts with","0","0.476426207","","ACTL6B (interacts with) COL1A1",,"0","1","1","1","0.551219512","0.401632903",,"false","interacts with","ACTL6B (interacts with) COL1A1","0","O94805","","P02452",""
"19.996218487394952","","interacts with","0","0.476387219","","MYH16 (interacts with) SHF",,"0","0","0","1","0.551219512","0.401554925",,"false","interacts with","MYH16 (interacts with) SHF","0","Q9H6N6","","Q7M4L6",""
"12.0","","interacts with","0","0.476426228","","VTN (interacts with) USP35",,"1","0","1","1","0.551219512","0.401632944",,"false","interacts with","VTN (interacts with) USP35","0","P04004","","Q9P2H5",""
"52.750367526997934","","interacts with","0","0.47642623","","COL5A3 (interacts with) CNR2",,"1","1","1","1","0.551219512","0.401632948",,"false","interacts with","COL5A3 (interacts with) CNR2","0","P25940","","P34972",""
"66.0","","interacts with","0","0.476426268","","COL1A1 (interacts with) DOK5",,"1","0","1","1","0.551219512","0.401633024",,"false","interacts with","COL1A1 (interacts with) DOK5","0","P02452","","Q9P104",""
"12.0","","interacts with","0","0.476426262","","GSK3B (interacts with) ZNF175",,"1","0","1","1","0.551219512","0.401633013",,"false","interacts with","GSK3B (interacts with) ZNF175","0","P49841","","Q9Y473",""
"6.152380952380953","","interacts with","0","0.476387205","","RAB24 (interacts with) PMS2",,"0","0","0","1","0.551219512","0.401554899",,"false","interacts with","RAB24 (interacts with) PMS2","0","Q969Q5","","P54278",""
"7.385714285714285","","interacts with","0","0.464192233","","RAB24 (interacts with) MAGEB6B",,"0","0","0","1","0.526829268","0.401555198",,"false","interacts with","RAB24 (interacts with) MAGEB6B","0","Q969Q5","","A0A0J9YX57",""
"40.0","","interacts with","0","0.476426343","","RELA (interacts with) OR7G2",,"1","0","1","1","0.551219512","0.401633174",,"false","interacts with","RELA (interacts with) OR7G2","0","Q04206","","Q8NG99",""
"9.185714285714285","","interacts with","0","0.476426231","","RAB24 (interacts with) PHC2",,"0","0","0","1","0.551219512","0.40163295",,"false","interacts with","RAB24 (interacts with) PHC2","0","Q969Q5","","Q8IXK0",""
"5.800000000000001","","interacts with","0","0.461777185","","COBLL1 (interacts with) GTF2A1L",,"0","0","0","1","0.52195122","0.40160315",,"false","interacts with","COBLL1 (interacts with) GTF2A1L","0","Q53SF7","","Q9UNN4",""
"32.32051282051281","","interacts with","0","0.464216057","","ZDHHC11 (interacts with) BDP1",,"0","0","0","1","0.526829268","0.401602845",,"false","interacts with","ZDHHC11 (interacts with) BDP1","0","Q9H8X9","","A6H8Y1",""
"19.56288515406162","","interacts with","0","0.476387181","","MYH16 (interacts with) SHC2",,"0","0","0","1","0.551219512","0.401554849",,"false","interacts with","MYH16 (interacts with) SHC2","0","Q9H6N6","","P98077",""
"61.333333333333336","","interacts with","0","0.476426285","","COL3A1 (interacts with) NOSTRIN",,"1","0","1","1","0.551219512","0.401633059",,"false","interacts with","COL3A1 (interacts with) NOSTRIN","0","P02461","","Q8IVI9",""
"21.329551820728287","","interacts with","0","0.464192064","","MYH16 (interacts with) KLHL35",,"0","0","0","1","0.526829268","0.40155486",,"false","interacts with","MYH16 (interacts with) KLHL35","0","Q9H6N6","","Q6PF15",""
"5.5","","interacts with","0","0.461777305","","COBLL1 (interacts with) TMCO6",,"0","0","0","1","0.52195122","0.401603391",,"false","interacts with","COBLL1 (interacts with) TMCO6","0","Q53SF7","","Q96DC7",""
"60.29630492293538","","interacts with","0","0.476426159","","UBTFL1 (interacts with) COL5A3",,"0","1","1","1","0.551219512","0.401632806",,"false","interacts with","UBTFL1 (interacts with) COL5A3","0","P0CB47","","P25940",""
"0.0","","interacts with","0","0.670084774","","PRKACA (interacts with) PRKACA",,"1","1","1","1","0.941463415","0.398706133",,"false","interacts with","PRKACA (interacts with) PRKACA","0","P17612","","P17612",""
"6.716666666666667","","interacts with","0","0.464216173","","COBLL1 (interacts with) TRAV12-3",,"0","0","0","1","0.526829268","0.401603078",,"false","interacts with","COBLL1 (interacts with) TRAV12-3","0","Q53SF7","","A0A0B4J271",""
"5.6","","interacts with","0","0.464216277","","COBLL1 (interacts with) TMEM41A",,"0","0","0","1","0.526829268","0.401603285",,"false","interacts with","COBLL1 (interacts with) TMEM41A","0","Q53SF7","","Q96HV5",""
"7.852380952380952","","interacts with","0","0.464192106","","RAB24 (interacts with) SAMD15",,"0","0","0","1","0.526829268","0.401554945",,"false","interacts with","RAB24 (interacts with) SAMD15","0","Q969Q5","","Q9P1V8",""
"5.819047619047621","","interacts with","0","0.461777253","","COBLL1 (interacts with) SGCA",,"0","0","0","1","0.52195122","0.401603286",,"false","interacts with","COBLL1 (interacts with) SGCA","0","Q53SF7","","Q16586",""
"30.033333333333328","","interacts with","0","0.476426267","","COL1A2 (interacts with) FAM20A",,"1","0","1","1","0.551219512","0.401633021",,"false","interacts with","COL1A2 (interacts with) FAM20A","0","P08123","","Q96MK3",""
"9.06904761904762","","interacts with","0","0.464216143","","COBLL1 (interacts with) SMIM26",,"0","0","0","1","0.526829268","0.401603018",,"false","interacts with","COBLL1 (interacts with) SMIM26","0","Q53SF7","","A0A096LP01",""
"10.0","","interacts with","0","0.464231222","","CASP3 (interacts with) WDR45B",,"1","0","1","1","0.526829268","0.401633175",,"false","interacts with","CASP3 (interacts with) WDR45B","0","P42574","","Q5MNZ6",""
"17.0","","interacts with","0","0.476387068","","ATXN7L1 (interacts with) TBC1D28",,"0","0","0","1","0.551219512","0.401554623",,"false","interacts with","ATXN7L1 (interacts with) TBC1D28","0","Q9ULK2","","Q2M2D7",""
"17.82955182072829","","interacts with","0","0.476387174","","MYH16 (interacts with) THNSL2",,"0","0","0","1","0.551219512","0.401554837",,"false","interacts with","MYH16 (interacts with) THNSL2","0","Q9H6N6","","Q86YJ6",""
"87.0","","interacts with","0","0.476426214","","COL1A1 (interacts with) TRNT1",,"1","0","1","1","0.551219512","0.401632916",,"false","interacts with","COL1A1 (interacts with) TRNT1","0","P02452","","Q96Q11",""
"19.626521517697988","","interacts with","0","0.476387061","","MYH16 (interacts with) FCRL6",,"0","0","0","1","0.551219512","0.40155461",,"false","interacts with","MYH16 (interacts with) FCRL6","0","Q9H6N6","","Q6DN72",""
"16.0","","interacts with","0","0.476426233","","PTGS1 (interacts with) CLCN6",,"1","0","1","1","0.551219512","0.401632953",,"false","interacts with","PTGS1 (interacts with) CLCN6","0","P23219","","P51797",""
"19.596218487394957","","interacts with","0","0.476387108","","MYH16 (interacts with) UBTFL1",,"0","0","0","1","0.551219512","0.401554704",,"false","interacts with","MYH16 (interacts with) UBTFL1","0","Q9H6N6","","P0CB47",""
"11.766666666666667","","interacts with","0","0.476387149","","ATXN7L1 (interacts with) TRGV1",,"0","0","0","1","0.551219512","0.401554786",,"false","interacts with","ATXN7L1 (interacts with) TRGV1","0","Q9ULK2","","A0A0A0MS02",""
"26.796480331262938","","interacts with","0","0.476426267","","PSMA4 (interacts with) TRAF6",,"0","1","1","1","0.551219512","0.401633023",,"false","interacts with","PSMA4 (interacts with) TRAF6","0","P25789","","Q9Y4K3",""
"13.399999999999999","","interacts with","0","0.47638713","","ATXN7L1 (interacts with) PSMF1",,"0","0","0","1","0.551219512","0.401554747",,"false","interacts with","ATXN7L1 (interacts with) PSMF1","0","Q9ULK2","","Q92530",""
"52.66666666666666","","interacts with","0","0.476426247","","COL5A2 (interacts with) HDHD5",,"1","0","1","1","0.551219512","0.401632982",,"false","interacts with","COL5A2 (interacts with) HDHD5","0","P05997","","Q9BXW7",""
"21.329551820728287","","interacts with","0","0.476387154","","MYH16 (interacts with) ITFG2",,"0","0","0","1","0.551219512","0.401554797",,"false","interacts with","MYH16 (interacts with) ITFG2","0","Q9H6N6","","Q969R8",""
"3.1666666666666665","","interacts with","0","0.469070169","","ZDHHC11 (interacts with) NBPF6",,"0","0","0","1","0.536585366","0.401554971",,"false","interacts with","ZDHHC11 (interacts with) NBPF6","0","Q9H8X9","","Q5VWK0",""
"46.0","","interacts with","0","0.476387073","","PAH (interacts with) BDP1",,"0","0","0","1","0.551219512","0.401554633",,"false","interacts with","PAH (interacts with) BDP1","0","P00439","","A6H8Y1",""
"0.0","","interacts with","0","0.673191388","","COL5A2 (interacts with) COL5A2",,"1","1","1","1","0.941463415","0.404919361",,"false","interacts with","COL5A2 (interacts with) COL5A2","0","P05997","","P05997",""
"25.380952380952383","","interacts with","0","0.476387233","","MYH16 (interacts with) PRAMEF27",,"0","0","0","1","0.551219512","0.401554953",,"false","interacts with","MYH16 (interacts with) PRAMEF27","0","Q9H6N6","","A3QJZ7",""
"9.04273504273504","","interacts with","0","0.47638719","","ZDHHC11 (interacts with) MYLK3",,"0","0","0","1","0.551219512","0.401554867",,"false","interacts with","ZDHHC11 (interacts with) MYLK3","0","Q9H8X9","","Q32MK0",""
"4.0","","interacts with","0","0.464192064","","ZNF717 (interacts with) FRMPD4",,"0","0","0","1","0.526829268","0.40155486",,"false","interacts with","ZNF717 (interacts with) FRMPD4","0","Q9BY31","","Q14CM0",""
"14.0","","interacts with","0","0.464231485","","CALCA (interacts with) DYNLRB2",,"1","0","1","1","0.526829268","0.401633703",,"false","interacts with","CALCA (interacts with) DYNLRB2","0","P01258","","Q8TF09",""
"10.366666666666667","","interacts with","0","0.476387055","","ATXN7L1 (interacts with) PLA2G2D",,"0","0","0","1","0.551219512","0.401554597",,"false","interacts with","ATXN7L1 (interacts with) PLA2G2D","0","Q9ULK2","","Q9UNK4",""
"11.752380952380953","","interacts with","0","0.476387071","","ATXN7L1 (interacts with) C3orf84",,"0","0","0","1","0.551219512","0.40155463",,"false","interacts with","ATXN7L1 (interacts with) C3orf84","0","Q9ULK2","","H3BNL1",""
"13.4","","interacts with","0","0.476426358","","BMP2 (interacts with) RPUSD1",,"1","0","1","1","0.551219512","0.401633203",,"false","interacts with","BMP2 (interacts with) RPUSD1","0","P12643","","Q9UJJ7",""
"22.3","","interacts with","0","0.476387196","","MYH16 (interacts with) TELO2",,"0","0","0","1","0.551219512","0.40155488",,"false","interacts with","MYH16 (interacts with) TELO2","0","Q9H6N6","","Q9Y4R8",""
"14.285714285714286","","interacts with","0","0.476387176","","ATXN7L1 (interacts with) AKAP14",,"0","0","0","1","0.551219512","0.40155484",,"false","interacts with","ATXN7L1 (interacts with) AKAP14","0","Q9ULK2","","Q86UN6",""
"42.00000000000001","","interacts with","0","0.476426453","","TP53 (interacts with) TCP11L2",,"1","0","1","1","0.551219512","0.401633394",,"false","interacts with","TP53 (interacts with) TCP11L2","0","P04637","","Q8N4U5",""
"14.119047619047617","","interacts with","0","0.476387106","","ATXN7L1 (interacts with) HLA-DRB3",,"0","0","0","1","0.551219512","0.4015547",,"false","interacts with","ATXN7L1 (interacts with) HLA-DRB3","0","Q9ULK2","","P79483",""
"13.0","","interacts with","0","0.461753559","","ZSCAN22 (interacts with) KCNJ1",,"0","0","0","1","0.52195122","0.401555898",,"false","interacts with","ZSCAN22 (interacts with) KCNJ1","0","P10073","","P48048",""
"14.0","","interacts with","0","0.476426274","","COL1A2 (interacts with) STOX2",,"1","0","1","1","0.551219512","0.401633035",,"false","interacts with","COL1A2 (interacts with) STOX2","0","P08123","","Q9P2F5",""
"13.11904761904762","","interacts with","0","0.476387285","","ATXN7L1 (interacts with) OR56A4",,"0","0","0","1","0.551219512","0.401555058",,"false","interacts with","ATXN7L1 (interacts with) OR56A4","0","Q9ULK2","","Q8NGH8",""
"12.019047619047619","","interacts with","0","0.47638736","","ZSCAN22 (interacts with) CD82",,"0","0","0","1","0.551219512","0.401555207",,"false","interacts with","ZSCAN22 (interacts with) CD82","0","P10073","","P27701",""
"36.400000000000006","","interacts with","0","0.476426379","","COL3A1 (interacts with) ARHGAP44",,"1","0","1","1","0.551219512","0.401633246",,"false","interacts with","COL3A1 (interacts with) ARHGAP44","0","P02461","","Q17R89",""
"17.0","","interacts with","0","0.476387091","","ATXN7L1 (interacts with) NKX6-3",,"0","0","0","1","0.551219512","0.401554671",,"false","interacts with","ATXN7L1 (interacts with) NKX6-3","0","Q9ULK2","","A6NJ46",""
"15.666666666666666","","interacts with","0","0.476387104","","ATXN7L1 (interacts with) FRZB",,"0","0","0","1","0.551219512","0.401554696",,"false","interacts with","ATXN7L1 (interacts with) FRZB","0","Q9ULK2","","Q92765",""
"19.0","","interacts with","0","0.461816239","","CTSK (interacts with) ICE2",,"1","0","1","1","0.52195122","0.401681259",,"false","interacts with","CTSK (interacts with) ICE2","0","P43235","","Q659A1",""
"10.852380952380953","","interacts with","0","0.476387133","","ATXN7L1 (interacts with) SCN3B",,"0","0","0","1","0.551219512","0.401554754",,"false","interacts with","ATXN7L1 (interacts with) SCN3B","0","Q9ULK2","","Q9NY72",""
"11.585714285714287","","interacts with","0","0.476387079","","ATXN7L1 (interacts with) SHISA2",,"0","0","0","1","0.551219512","0.401554647",,"false","interacts with","ATXN7L1 (interacts with) SHISA2","0","Q9ULK2","","Q6UWI4",""
"36.21666666666667","","interacts with","0","0.476426289","","ZNF547 (interacts with) TRAF6",,"0","1","1","1","0.551219512","0.401633066",,"false","interacts with","ZNF547 (interacts with) TRAF6","0","Q8IVP9","","Q9Y4K3",""
"3.985714285714286","","interacts with","0","0.461753038","","DDX4 (interacts with) HOXA13",,"0","0","0","1","0.52195122","0.401554856",,"false","interacts with","DDX4 (interacts with) HOXA13","0","Q9NQI0","","P31271",""
"8.666666666666666","","interacts with","0","0.464192213","","ZSCAN22 (interacts with) NBPF4",,"0","0","0","1","0.526829268","0.401555158",,"false","interacts with","ZSCAN22 (interacts with) NBPF4","0","P10073","","Q96M43",""
"4.666666666666666","","interacts with","0","0.476387153","","ZC3H13 (interacts with) TTC39B",,"0","0","0","1","0.551219512","0.401554793",,"false","interacts with","ZC3H13 (interacts with) TTC39B","0","Q5T200","","Q5VTQ0",""
"32.5","","interacts with","0","0.476426376","","TP53 (interacts with) HLA-DRB3",,"1","0","1","1","0.551219512","0.40163324",,"false","interacts with","TP53 (interacts with) HLA-DRB3","0","P04637","","P79483",""
"4.666666666666666","","interacts with","0","0.469070062","","ZC3H13 (interacts with) SPEM3",,"0","0","0","1","0.536585366","0.401554759",,"false","interacts with","ZC3H13 (interacts with) SPEM3","0","Q5T200","","A0A1B0GUW6",""
"7.499999999999999","","interacts with","0","0.476387768","","ZSCAN22 (interacts with) OR2A5",,"0","0","0","1","0.551219512","0.401556024",,"false","interacts with","ZSCAN22 (interacts with) OR2A5","0","P10073","","Q96R48",""
"20.229551820728286","","interacts with","0","0.476387066","","MYH16 (interacts with) LPCAT1",,"0","0","0","1","0.551219512","0.40155462",,"false","interacts with","MYH16 (interacts with) LPCAT1","0","Q9H6N6","","Q8NF37",""
"10.633333333333333","","interacts with","0","0.47638742","","ZSCAN22 (interacts with) NKAIN1",,"0","0","0","1","0.551219512","0.401555327",,"false","interacts with","ZSCAN22 (interacts with) NKAIN1","0","P10073","","Q4KMZ8",""
"60.49999999999999","","interacts with","0","0.476426288","","COL5A2 (interacts with) DAPP1",,"1","0","1","1","0.551219512","0.401633063",,"false","interacts with","COL5A2 (interacts with) DAPP1","0","P05997","","Q9UN19",""
"3.419047619047619","","interacts with","0","0.476387399","","DDX4 (interacts with) GPR141",,"0","0","0","1","0.551219512","0.401555285",,"false","interacts with","DDX4 (interacts with) GPR141","0","Q9NQI0","","Q7Z602",""
"17.119047619047617","","interacts with","0","0.476387119","","ZSCAN22 (interacts with) RABL6",,"0","0","0","1","0.551219512","0.401554727",,"false","interacts with","ZSCAN22 (interacts with) RABL6","0","P10073","","Q3YEC7",""
"7.5","","interacts with","0","0.476387302","","ZSCAN22 (interacts with) CCNQ",,"0","0","0","1","0.551219512","0.401555091",,"false","interacts with","ZSCAN22 (interacts with) CCNQ","0","P10073","","Q8N1B3",""
"3.419047619047619","","interacts with","0","0.476387418","","DDX4 (interacts with) OR9A1P",,"0","0","0","1","0.551219512","0.401555323",,"false","interacts with","DDX4 (interacts with) OR9A1P","0","Q9NQI0","","Q8NGU1",""
"45.666666666666664","","interacts with","0","0.476426243","","COL5A2 (interacts with) RCOR2",,"1","0","1","1","0.551219512","0.401632974",,"false","interacts with","COL5A2 (interacts with) RCOR2","0","P05997","","Q8IZ40",""
"10.166666666666666","","interacts with","0","0.464192397","","ZSCAN22 (interacts with) TBX10",,"0","0","0","1","0.526829268","0.401555526",,"false","interacts with","ZSCAN22 (interacts with) TBX10","0","P10073","","O75333",""
"4.485714285714286","","interacts with","0","0.476387559","","DDX4 (interacts with) ADORA3",,"0","0","0","1","0.551219512","0.401555606",,"false","interacts with","DDX4 (interacts with) ADORA3","0","Q9NQI0","","P0DMS8",""
"2.0","","interacts with","0","0.561526405","","KYNU (interacts with) GSR",,"0","0","0","1","0.72195122","0.40110159",,"false","interacts with","KYNU (interacts with) GSR","0","Q16719","","P00390",""
"3.0","","interacts with","0","0.476426223","","NTRK1 (interacts with) GCGR",,"1","0","1","1","0.551219512","0.401632934",,"false","interacts with","NTRK1 (interacts with) GCGR","0","P04629","","P47871",""
"11.0","","interacts with","0","0.469070261","","ZCCHC8 (interacts with) KRT39",,"0","0","0","1","0.536585366","0.401555156",,"false","interacts with","ZCCHC8 (interacts with) KRT39","0","Q6NZY4","","Q6A163",""
"26.333333333333332","","interacts with","0","0.476426211","","DSPP (interacts with) PROCR",,"0","1","1","1","0.551219512","0.401632909",,"false","interacts with","DSPP (interacts with) PROCR","0","Q9NZW4","","Q9UNN8",""
"12.333333333333334","","interacts with","0","0.476387178","","ZCCHC8 (interacts with) HSP90AA4P",,"0","0","0","1","0.551219512","0.401554843",,"false","interacts with","ZCCHC8 (interacts with) HSP90AA4P","0","Q6NZY4","","Q58FG1",""
"14.0","","interacts with","0","0.461792268","","CALCA (interacts with) TAC3",,"1","0","1","1","0.52195122","0.401633317",,"false","interacts with","CALCA (interacts with) TAC3","0","P01258","","Q9UHF0",""
"7.5","","interacts with","0","0.464192249","","ZSCAN22 (interacts with) MRPL28",,"0","0","0","1","0.526829268","0.401555229",,"false","interacts with","ZSCAN22 (interacts with) MRPL28","0","P10073","","Q13084",""
"12.0","","interacts with","0","0.47642627","","CALCA (interacts with) SREK1",,"1","0","1","1","0.551219512","0.401633029",,"false","interacts with","CALCA (interacts with) SREK1","0","P01258","","Q8WXA9",""
"7.7333333333333325","","interacts with","0","0.476387435","","ZSCAN22 (interacts with) CLDN12",,"0","0","0","1","0.551219512","0.401555357",,"false","interacts with","ZSCAN22 (interacts with) CLDN12","0","P10073","","P56749",""
"28.999999999999996","","interacts with","0","0.464216175","","ZSCAN22 (interacts with) BDP1",,"0","0","0","1","0.526829268","0.401603081",,"false","interacts with","ZSCAN22 (interacts with) BDP1","0","P10073","","A6H8Y1",""
"6.0","","interacts with","0","0.469070056","","ZC3H13 (interacts with) DDIAS",,"0","0","0","1","0.536585366","0.401554747",,"false","interacts with","ZC3H13 (interacts with) DDIAS","0","Q5T200","","Q8IXT1",""
"64.46297158960202","","interacts with","0","0.476426234","","COL5A3 (interacts with) FCN2",,"1","0","1","1","0.551219512","0.401632956",,"false","interacts with","COL5A3 (interacts with) FCN2","0","P25940","","Q15485",""
"7.333333333333333","","interacts with","0","0.600546618","","ZSCAN22 (interacts with) ZNF449",,"0","0","0","1","0.8","0.401093235",,"false","interacts with","ZSCAN22 (interacts with) ZNF449","0","P10073","","Q6P9G9",""
"85.0","","interacts with","0","0.476426272","","COL1A1 (interacts with) SLC9A8",,"1","0","1","1","0.551219512","0.401633032",,"false","interacts with","COL1A1 (interacts with) SLC9A8","0","P02452","","Q9Y2E8",""
"8.666666666666668","","interacts with","0","0.461777047","","GCKR (interacts with) DCTN1",,"0","0","0","1","0.52195122","0.401602874",,"false","interacts with","GCKR (interacts with) DCTN1","0","Q14397","","Q14203",""
"12.0","","interacts with","0","0.476387171","","ZCCHC8 (interacts with) DOC2B",,"0","0","0","1","0.551219512","0.40155483",,"false","interacts with","ZCCHC8 (interacts with) DOC2B","0","Q6NZY4","","Q14184",""
"48.778787878787895","","interacts with","0","0.476426415","","TFAP2A (interacts with) TRAF6",,"0","1","1","1","0.551219512","0.401633318",,"false","interacts with","TFAP2A (interacts with) TRAF6","0","P05549","","Q9Y4K3",""
"12.0","","interacts with","0","0.476387308","","ZCCHC8 (interacts with) STRADA",,"0","0","0","1","0.551219512","0.401555104",,"false","interacts with","ZCCHC8 (interacts with) STRADA","0","Q6NZY4","","Q7RTN6",""
"14.666666666666668","","interacts with","0","0.476426423","","BCL2 (interacts with) SLC48A1",,"1","0","1","1","0.551219512","0.401633335",,"false","interacts with","BCL2 (interacts with) SLC48A1","0","P10415","","Q6P1K1",""
"8.0","","interacts with","0","0.476426291","","ACOX3 (interacts with) SRC",,"0","1","1","1","0.551219512","0.401633069",,"false","interacts with","ACOX3 (interacts with) SRC","0","O15254","","P12931",""
"4.666666666666666","","interacts with","0","0.464192187","","PLA2G2D (interacts with) SCN3B",,"0","0","0","1","0.526829268","0.401555106",,"false","interacts with","PLA2G2D (interacts with) SCN3B","0","Q9UNK4","","Q9NY72",""
"78.0","","interacts with","0","0.46425531","","COL3A1 (interacts with) PTGER1",,"1","0","1","1","0.526829268","0.401681351",,"false","interacts with","COL3A1 (interacts with) PTGER1","0","P02461","","P34995",""
"4.666666666666666","","interacts with","0","0.461753176","","PLA2G2D (interacts with) SHISA2",,"0","0","0","1","0.52195122","0.401555132",,"false","interacts with","PLA2G2D (interacts with) SHISA2","0","Q9UNK4","","Q6UWI4",""
"12.0","","interacts with","0","0.476387174","","ZCCHC8 (interacts with) WEE2",,"0","0","0","1","0.551219512","0.401554836",,"false","interacts with","ZCCHC8 (interacts with) WEE2","0","Q6NZY4","","P0C1S8",""
"12.0","","interacts with","0","0.476387225","","ZCCHC8 (interacts with) SERPINB10",,"0","0","0","1","0.551219512","0.401554938",,"false","interacts with","ZCCHC8 (interacts with) SERPINB10","0","Q6NZY4","","P48595",""
"82.0","","interacts with","0","0.476426187","","TSSK6 (interacts with) TRAF6",,"0","1","1","1","0.551219512","0.401632861",,"false","interacts with","TSSK6 (interacts with) TRAF6","0","Q9BXA6","","Q9Y4K3",""
"10.666666666666666","","interacts with","0","0.476387195","","ZCCHC8 (interacts with) ZNF485",,"0","0","0","1","0.551219512","0.401554878",,"false","interacts with","ZCCHC8 (interacts with) ZNF485","0","Q6NZY4","","Q8NCK3",""
"5.1","","interacts with","0","0.461777118","","PSG11 (interacts with) ZNF638",,"0","0","0","1","0.52195122","0.401603016",,"false","interacts with","PSG11 (interacts with) ZNF638","0","Q9UQ72","","Q14966",""
"41.666666666666664","","interacts with","0","0.464231275","","COL1A2 (interacts with) CARF",,"1","0","1","1","0.526829268","0.401633281",,"false","interacts with","COL1A2 (interacts with) CARF","0","P08123","","Q8N187",""
"2.0","","interacts with","0","0.56407541","","INTS5 (interacts with) PPP2CA",,"0","0","0","1","0.726829268","0.401321551",,"false","interacts with","INTS5 (interacts with) PPP2CA","0","Q6P9B9","","P67775",""
"0.0","","interacts with","0","0.645816934","","TP53 (interacts with) TP53",,"1","1","1","1","0.87804878","0.413585087",,"false","interacts with","TP53 (interacts with) TP53","0","P04637","","P04637",""
"5.866666666666665","","interacts with","0","0.47638711","","PSG11 (interacts with) TRIP11",,"0","0","0","1","0.551219512","0.401554707",,"false","interacts with","PSG11 (interacts with) TRIP11","0","Q9UQ72","","Q15643",""
"37.0","","interacts with","0","0.476426256","","TNFSF11 (interacts with) CUX1",,"1","0","1","1","0.551219512","0.401633",,"false","interacts with","TNFSF11 (interacts with) CUX1","0","O14788","","Q13948",""
"6.999999999999999","","interacts with","0","0.464192533","","PLA2G2D (interacts with) OR56A4",,"0","0","0","1","0.526829268","0.401555798",,"false","interacts with","PLA2G2D (interacts with) OR56A4","0","Q9UNK4","","Q8NGH8",""
"10.500000000000002","","interacts with","0","0.476387508","","ZCCHC8 (interacts with) ARMC2",,"0","0","0","1","0.551219512","0.401555503",,"false","interacts with","ZCCHC8 (interacts with) ARMC2","0","Q6NZY4","","Q8NEN0",""
"4.0","","interacts with","0","0.476387155","","DSPP (interacts with) ZBTB22",,"0","0","0","1","0.551219512","0.401554798",,"false","interacts with","DSPP (interacts with) ZBTB22","0","Q9NZW4","","O15209",""
"30.333333333333332","","interacts with","0","0.464231328","","MYCN (interacts with) ARHGAP11B",,"1","0","1","1","0.526829268","0.401633388",,"false","interacts with","MYCN (interacts with) ARHGAP11B","0","P04198","","Q3KRB8",""
"0.0","","interacts with","0","0.582333853","","BCL2 (interacts with) BCL2",,"1","1","1","1","0.765853659","0.398814048",,"false","interacts with","BCL2 (interacts with) BCL2","0","P10415","","P10415",""
"11.5","","interacts with","0","0.46419213","","ZCCHC8 (interacts with) SOBP",,"0","0","0","1","0.526829268","0.401554992",,"false","interacts with","ZCCHC8 (interacts with) SOBP","0","Q6NZY4","","A7XYQ1",""
"7.6","","interacts with","0","0.46419197","","PLA2G2D (interacts with) TMEM200C",,"0","0","0","1","0.526829268","0.401554672",,"false","interacts with","PLA2G2D (interacts with) TMEM200C","0","Q9UNK4","","A6NKL6",""
"29.0","","interacts with","0","0.476426261","","MYCL (interacts with) TRIT1",,"1","0","1","1","0.551219512","0.40163301",,"false","interacts with","MYCL (interacts with) TRIT1","0","P12524","","Q9H3H1",""
"6.866666666666667","","interacts with","0","0.476387056","","PLA2G2D (interacts with) DNAAF1",,"0","0","0","1","0.551219512","0.4015546",,"false","interacts with","PLA2G2D (interacts with) DNAAF1","0","Q9UNK4","","Q8NEP3",""
"16.76076604554865","","interacts with","0","0.476426282","","FILIP1 (interacts with) TRAF6",,"0","1","1","1","0.551219512","0.401633051",,"false","interacts with","FILIP1 (interacts with) TRAF6","0","Q7Z7B0","","Q9Y4K3",""
"68.76190476190476","","interacts with","0","0.476426166","","COL5A3 (interacts with) DAW1",,"1","0","1","1","0.551219512","0.40163282",,"false","interacts with","COL5A3 (interacts with) DAW1","0","P25940","","Q8N136",""
"7.033333333333332","","interacts with","0","0.476387103","","PLA2G2D (interacts with) RNF168",,"0","0","0","1","0.551219512","0.401554694",,"false","interacts with","PLA2G2D (interacts with) RNF168","0","Q9UNK4","","Q8IYW5",""
"6.5","","interacts with","0","0.461753165","","PLA2G2D (interacts with) HLA-DRB3",,"0","0","0","1","0.52195122","0.40155511",,"false","interacts with","PLA2G2D (interacts with) HLA-DRB3","0","Q9UNK4","","P79483",""
"3.766666666666667","","interacts with","0","0.46181614","","AKT1 (interacts with) ZNF638",,"1","0","1","1","0.52195122","0.401681061",,"false","interacts with","AKT1 (interacts with) ZNF638","0","P31749","","Q14966",""
"10.666666666666666","","interacts with","0","0.476387061","","ZCCHC8 (interacts with) DCDC2C",,"0","0","0","1","0.551219512","0.401554609",,"false","interacts with","ZCCHC8 (interacts with) DCDC2C","0","Q6NZY4","","A8MYV0",""
"5.904761904761905","","interacts with","0","0.476387073","","TRBV10-3 (interacts with) SALL2",,"0","0","0","1","0.551219512","0.401554633",,"false","interacts with","TRBV10-3 (interacts with) SALL2","0","A0A0K0K1G6","","Q9Y467",""
"5.519047619047619","","interacts with","0","0.476387146","","TRBV10-3 (interacts with) ZNF358",,"0","0","0","1","0.551219512","0.40155478",,"false","interacts with","TRBV10-3 (interacts with) ZNF358","0","A0A0K0K1G6","","Q9NW07",""
"11.833333333333334","","interacts with","0","0.476426335","","DSPP (interacts with) SMIM26",,"0","0","0","1","0.551219512","0.401633157",,"false","interacts with","DSPP (interacts with) SMIM26","0","Q9NZW4","","A0A096LP01",""
"9.0","","interacts with","0","0.476387122","","TRBV10-3 (interacts with) GARIN2",,"0","0","0","1","0.551219512","0.401554732",,"false","interacts with","TRBV10-3 (interacts with) GARIN2","0","A0A0K0K1G6","","Q8N9W8",""
"10.566666666666666","","interacts with","0","0.464231272","","MYCL (interacts with) EDDM3A",,"1","0","1","1","0.526829268","0.401633275",,"false","interacts with","MYCL (interacts with) EDDM3A","0","P12524","","Q14507",""
"7.619047619047618","","interacts with","0","0.476387141","","TRBV10-3 (interacts with) GRAMD2B",,"0","0","0","1","0.551219512","0.40155477",,"false","interacts with","TRBV10-3 (interacts with) GRAMD2B","0","A0A0K0K1G6","","Q96HH9",""
"40.0","","interacts with","0","0.476426316","","RELA (interacts with) OR7A2P",,"1","0","1","1","0.551219512","0.401633119",,"false","interacts with","RELA (interacts with) OR7A2P","0","Q04206","","Q8NGA2",""
"6.666666666666666","","interacts with","0","0.47638714","","MARK1 (interacts with) ST8SIA5",,"0","0","0","1","0.551219512","0.401554768",,"false","interacts with","MARK1 (interacts with) ST8SIA5","0","Q9P0L2","","O15466",""
"47.0","","interacts with","0","0.476426215","","COL1A2 (interacts with) PDGFD",,"1","0","1","1","0.551219512","0.401632917",,"false","interacts with","COL1A2 (interacts with) PDGFD","0","P08123","","Q9GZP0",""
"3.333333333333333","","interacts with","0","0.461753007","","MARK1 (interacts with) ZNF595",,"0","0","0","1","0.52195122","0.401554794",,"false","interacts with","MARK1 (interacts with) ZNF595","0","Q9P0L2","","Q8IYB9",""
"9.566666666666666","","interacts with","0","0.476426294","","SPP1 (interacts with) ZNF358",,"1","0","1","1","0.551219512","0.401633077",,"false","interacts with","SPP1 (interacts with) ZNF358","0","P10451","","Q9NW07",""
"7.119047619047619","","interacts with","0","0.476387078","","TRBV10-3 (interacts with) LACC1",,"0","0","0","1","0.551219512","0.401554643",,"false","interacts with","TRBV10-3 (interacts with) LACC1","0","A0A0K0K1G6","","Q8IV20",""
"4.0","","interacts with","0","0.469070139","","KRT39 (interacts with) HSP90AA4P",,"0","0","0","1","0.536585366","0.401554912",,"false","interacts with","KRT39 (interacts with) HSP90AA4P","0","Q6A163","","Q58FG1",""
"5.852380952380953","","interacts with","0","0.476387183","","TRBV10-3 (interacts with) PRR5",,"0","0","0","1","0.551219512","0.401554855",,"false","interacts with","TRBV10-3 (interacts with) PRR5","0","A0A0K0K1G6","","P85299",""
"6.333333333333334","","interacts with","0","0.469070318","","TRBV10-3 (interacts with) POLR3GL",,"0","0","0","1","0.536585366","0.40155527",,"false","interacts with","TRBV10-3 (interacts with) POLR3GL","0","A0A0K0K1G6","","Q9BT43",""
"2.0","","interacts with","0","0.564143418","","SOCS5 (interacts with) TMBIM1",,"0","0","0","1","0.726829268","0.401457567",,"false","interacts with","SOCS5 (interacts with) TMBIM1","0","O75159","","Q969X1",""
"10.733333333333334","","interacts with","0","0.464231215","","PRKACA (interacts with) NXPH1",,"1","0","1","1","0.526829268","0.401633161",,"false","interacts with","PRKACA (interacts with) NXPH1","0","P17612","","P58417",""
"64.46297158960203","","interacts with","0","0.476426154","","COL5A3 (interacts with) SULT1C3",,"1","0","1","1","0.551219512","0.401632797",,"false","interacts with","COL5A3 (interacts with) SULT1C3","0","P25940","","Q6IMI6",""
"9.583333333333332","","interacts with","0","0.476387155","","SH3D21 (interacts with) BCL9",,"0","0","0","1","0.551219512","0.401554798",,"false","interacts with","SH3D21 (interacts with) BCL9","0","A4FU49","","O00512",""
"4.583333333333333","","interacts with","0","0.476387263","","SH3D21 (interacts with) TRAV12-3",,"0","0","0","1","0.551219512","0.401555014",,"false","interacts with","SH3D21 (interacts with) TRAV12-3","0","A4FU49","","A0A0B4J271",""
"0.0","","interacts with","0","0.650830335","","TNFSF11 (interacts with) TNFSF11",,"1","1","1","1","0.907317073","0.394343597",,"false","interacts with","TNFSF11 (interacts with) TNFSF11","0","O14788","","O14788",""
"6.916666666666666","","interacts with","0","0.464192109","","SH3D21 (interacts with) SMIM26",,"0","0","0","1","0.526829268","0.40155495",,"false","interacts with","SH3D21 (interacts with) SMIM26","0","A4FU49","","A0A096LP01",""
"13.0","","interacts with","0","0.464255243","","CTSK (interacts with) FANCI",,"1","0","1","1","0.526829268","0.401681217",,"false","interacts with","CTSK (interacts with) FANCI","0","P43235","","Q9NVI1",""
"29.677432712215317","","interacts with","0","0.47642634","","OR2A7 (interacts with) TRAF6",,"0","1","1","1","0.551219512","0.401633168",,"false","interacts with","OR2A7 (interacts with) TRAF6","0","Q96R45","","Q9Y4K3",""
"2.0","","interacts with","0","0.564067923","","ZKSCAN4 (interacts with) ZNF213",,"0","0","0","1","0.726829268","0.401306578",,"false","interacts with","ZKSCAN4 (interacts with) ZNF213","0","Q969J2","","O14771",""
"36.666666666666664","","interacts with","0","0.476426159","","COL1A2 (interacts with) MKRN4P",,"1","0","1","1","0.551219512","0.401632806",,"false","interacts with","COL1A2 (interacts with) MKRN4P","0","P08123","","Q13434",""
"7.0","","interacts with","0","0.476426238","","ZNF839 (interacts with) CASP3",,"0","1","1","1","0.551219512","0.401632964",,"false","interacts with","ZNF839 (interacts with) CASP3","0","A8K0R7","","P42574",""
"104.0","","interacts with","0","0.476426263","","COL5A3 (interacts with) MFSD10",,"1","0","1","1","0.551219512","0.401633013",,"false","interacts with","COL5A3 (interacts with) MFSD10","0","P25940","","Q14728",""
"5.0","","interacts with","0","0.476387178","","SEPTIN5 (interacts with) ZNF839",,"0","0","0","1","0.551219512","0.401554843",,"false","interacts with","SEPTIN5 (interacts with) ZNF839","0","Q99719","","A8K0R7",""
"38.63333333333333","","interacts with","0","0.476426321","","OR10H4 (interacts with) TRAF6",,"0","1","1","1","0.551219512","0.401633129",,"false","interacts with","OR10H4 (interacts with) TRAF6","0","Q8NGA5","","Q9Y4K3",""
"4.666666666666666","","interacts with","0","0.461753345","","CCNE2 (interacts with) TLCD3B",,"0","0","0","1","0.52195122","0.401555471",,"false","interacts with","CCNE2 (interacts with) TLCD3B","0","O96020","","Q71RH2",""
"37.6439393939394","","interacts with","0","0.476426365","","MYC (interacts with) OR6C2",,"1","0","1","1","0.551219512","0.401633217",,"false","interacts with","MYC (interacts with) OR6C2","0","P01106","","Q9NZP2",""
"4.0","","interacts with","0","0.476387083","","SEPTIN5 (interacts with) MRTFB",,"0","0","0","1","0.551219512","0.401554653",,"false","interacts with","SEPTIN5 (interacts with) MRTFB","0","Q99719","","Q9ULH7",""
"15.666666666666666","","interacts with","0","0.464192204","","FAM237B (interacts with) PHACTR2",,"0","0","0","1","0.526829268","0.40155514",,"false","interacts with","FAM237B (interacts with) PHACTR2","0","A0A1B0GVD1","","O75167",""
"31.666666666666668","","interacts with","0","0.476426291","","FAM237B (interacts with) MYCN",,"0","1","1","1","0.551219512","0.40163307",,"false","interacts with","FAM237B (interacts with) MYCN","0","A0A1B0GVD1","","P04198",""
"4.833333333333333","","interacts with","0","0.464192223","","DSPP (interacts with) C10orf67",,"0","0","0","1","0.526829268","0.401555177",,"false","interacts with","DSPP (interacts with) C10orf67","0","Q9NZW4","","Q8IYJ2",""
"14.0","","interacts with","0","0.469070135","","CCDC83 (interacts with) RBM25",,"0","0","0","1","0.536585366","0.401554905",,"false","interacts with","CCDC83 (interacts with) RBM25","0","Q8IWF9","","P49756",""
"32.739373549156156","","interacts with","0","0.476426291","","FAM166C (interacts with) TRAF6",,"0","1","1","1","0.551219512","0.40163307",,"false","interacts with","FAM166C (interacts with) TRAF6","0","A6NJV1","","Q9Y4K3",""
"22.799999999999997","","interacts with","0","0.476426304","","TP53 (interacts with) DNAAF1",,"1","0","1","1","0.551219512","0.401633096",,"false","interacts with","TP53 (interacts with) DNAAF1","0","P04637","","Q8NEP3",""
"2.0","","interacts with","0","0.561636497","","TRPC4AP (interacts with) FAM120AOS",,"0","0","0","1","0.72195122","0.401321775",,"false","interacts with","TRPC4AP (interacts with) FAM120AOS","0","Q8TEL6","","Q5T036",""
"21.60280294560986","","interacts with","0","0.461816189","","CROCC2 (interacts with) CNR2",,"0","1","1","1","0.52195122","0.401681159",,"false","interacts with","CROCC2 (interacts with) CNR2","0","H7BZ55","","P34972",""
"4.0","","interacts with","0","0.46175305","","SPANXN1 (interacts with) SREK1",,"0","0","0","1","0.52195122","0.401554881",,"false","interacts with","SPANXN1 (interacts with) SREK1","0","Q5VSR9","","Q8WXA9",""
"46.0","","interacts with","0","0.464216095","","NPY4R2 (interacts with) BDP1",,"0","0","0","1","0.526829268","0.401602921",,"false","interacts with","NPY4R2 (interacts with) BDP1","0","P0DQD5","","A6H8Y1",""
"35.90476190476191","","interacts with","0","0.476426329","","CALB2 (interacts with) TRAF6",,"0","1","1","1","0.551219512","0.401633145",,"false","interacts with","CALB2 (interacts with) TRAF6","0","P22676","","Q9Y4K3",""
"17.0","","interacts with","0","0.476426304","","TNFSF11 (interacts with) C6orf118",,"1","0","1","1","0.551219512","0.401633095",,"false","interacts with","TNFSF11 (interacts with) C6orf118","0","O14788","","Q5T5N4",""
"10.0","","interacts with","0","0.464231235","","CASP3 (interacts with) DMRTA2",,"1","0","1","1","0.526829268","0.401633202",,"false","interacts with","CASP3 (interacts with) DMRTA2","0","P42574","","Q96SC8",""
"11.4","","interacts with","0","0.47642626","","MYCL (interacts with) CFAP100",,"1","0","1","1","0.551219512","0.401633008",,"false","interacts with","MYCL (interacts with) CFAP100","0","P12524","","Q494V2",""
"33.0","","interacts with","0","0.476426316","","RNF13 (interacts with) RELA",,"0","1","1","1","0.551219512","0.401633119",,"false","interacts with","RNF13 (interacts with) RELA","0","O43567","","Q04206",""
"12.666666666666668","","interacts with","0","0.476426269","","VTN (interacts with) STON1",,"1","0","1","1","0.551219512","0.401633026",,"false","interacts with","VTN (interacts with) STON1","0","P04004","","Q9Y6Q2",""
"5.333333333333333","","interacts with","0","0.464192132","","HSP90AA4P (interacts with) SYN1",,"0","0","0","1","0.526829268","0.401554996",,"false","interacts with","HSP90AA4P (interacts with) SYN1","0","Q58FG1","","P17600",""
"92.0","","interacts with","0","0.464255188","","COL1A1 (interacts with) CTRB1",,"1","0","1","1","0.526829268","0.401681107",,"false","interacts with","COL1A1 (interacts with) CTRB1","0","P02452","","P17538",""
"5.0","","interacts with","0","0.464192046","","HSP90AA4P (interacts with) CUX1",,"0","0","0","1","0.526829268","0.401554824",,"false","interacts with","HSP90AA4P (interacts with) CUX1","0","Q58FG1","","Q13948",""
"20.0","","interacts with","0","0.476426267","","BCL2 (interacts with) CDY1B",,"1","0","1","1","0.551219512","0.401633022",,"false","interacts with","BCL2 (interacts with) CDY1B","0","P10415","","Q9Y6F8",""
"0.0","","interacts with","0","0.652839731","","GSK3B (interacts with) GSK3B",,"1","1","1","1","0.912195122","0.39348434",,"false","interacts with","GSK3B (interacts with) GSK3B","0","P49841","","P49841",""
"36.33333333333336","","interacts with","0","0.464216042","","STK39 (interacts with) BDP1",,"0","0","0","1","0.526829268","0.401602815",,"false","interacts with","STK39 (interacts with) BDP1","0","Q9UEW8","","A6H8Y1",""
"25.833333333333332","","interacts with","0","0.476426272","","TP53 (interacts with) SCN3B",,"1","0","1","1","0.551219512","0.401633031",,"false","interacts with","TP53 (interacts with) SCN3B","0","P04637","","Q9NY72",""
"4.333333333333333","","interacts with","0","0.591022943","","STK39 (interacts with) ST8SIA4",,"0","0","0","1","0.780487805","0.401558081",,"false","interacts with","STK39 (interacts with) ST8SIA4","0","Q9UEW8","","Q92187",""
"12.0","","interacts with","0","0.476426226","","GSK3B (interacts with) ANKRD20A2P",,"1","0","1","1","0.551219512","0.40163294",,"false","interacts with","GSK3B (interacts with) ANKRD20A2P","0","P49841","","Q5SQ80",""
"20.0","","interacts with","0","0.476426374","","BGLAP (interacts with) GSX2",,"1","0","1","1","0.551219512","0.401633236",,"false","interacts with","BGLAP (interacts with) GSX2","0","P02818","","Q9BZM3",""
"7.0","","interacts with","0","0.464192083","","OTUD1 (interacts with) SCAF4",,"0","0","0","1","0.526829268","0.401554897",,"false","interacts with","OTUD1 (interacts with) SCAF4","0","Q5VV17","","O95104",""
"17.955532212885156","","interacts with","0","0.464216113","","OTUD1 (interacts with) SMC1B",,"0","0","0","1","0.526829268","0.401602957",,"false","interacts with","OTUD1 (interacts with) SMC1B","0","Q5VV17","","Q8NDV3",""
"11.566666666666666","","interacts with","0","0.476426192","","PRKACA (interacts with) ZMYM5",,"1","0","1","1","0.551219512","0.401632872",,"false","interacts with","PRKACA (interacts with) ZMYM5","0","P17612","","Q9UJ78",""
"52.0","","interacts with","0","0.47642631","","IGLV1-50 (interacts with) MYCN",,"0","1","1","1","0.551219512","0.401633107",,"false","interacts with","IGLV1-50 (interacts with) MYCN","0","A0A075B6I6","","P04198",""
"10.666666666666668","","interacts with","0","0.476426266","","REELD1 (interacts with) BCL2",,"0","1","1","1","0.551219512","0.40163302",,"false","interacts with","REELD1 (interacts with) BCL2","0","A0A1B0GV85","","P10415",""
"40.0","","interacts with","0","0.47642628","","RELA (interacts with) SCRT2",,"1","0","1","1","0.551219512","0.401633047",,"false","interacts with","RELA (interacts with) SCRT2","0","Q04206","","Q9NQ03",""
"50.50000000000001","","interacts with","0","0.47642621","","COL5A2 (interacts with) CYP26B1",,"1","0","1","1","0.551219512","0.401632908",,"false","interacts with","COL5A2 (interacts with) CYP26B1","0","P05997","","Q9NR63",""
"52.63333333333334","","interacts with","0","0.476426314","","COL5A2 (interacts with) MARCHF7",,"1","0","1","1","0.551219512","0.401633115",,"false","interacts with","COL5A2 (interacts with) MARCHF7","0","P05997","","Q9H992",""
"5.266666666666667","","interacts with","0","0.476426176","","MYCL (interacts with) TMF1",,"1","0","1","1","0.551219512","0.40163284",,"false","interacts with","MYCL (interacts with) TMF1","0","P12524","","P82094",""
"42.33333333333334","","interacts with","0","0.464216122","","PDIA2 (interacts with) BDP1",,"0","0","0","1","0.526829268","0.401602976",,"false","interacts with","PDIA2 (interacts with) BDP1","0","Q13087","","A6H8Y1",""
"42.0","","interacts with","0","0.46423135","","TNFSF11 (interacts with) ALX4",,"1","0","1","1","0.526829268","0.401633433",,"false","interacts with","TNFSF11 (interacts with) ALX4","0","O14788","","Q9H161",""
"17.959861217214158","","interacts with","0","0.464216189","","GOT1L1 (interacts with) SMC1B",,"0","0","0","1","0.526829268","0.40160311",,"false","interacts with","GOT1L1 (interacts with) SMC1B","0","Q8NHS2","","Q8NDV3",""
"3.5833333333333335","","interacts with","0","0.461816119","","TPR (interacts with) PRKACA",,"0","1","1","1","0.52195122","0.401681019","0.02237927","false","interacts with","TPR (interacts with) PRKACA","1","P12270","","P17612",""
"20.819047619047616","","interacts with","0","0.476426265","","GOLGA6B (interacts with) BMP2",,"0","1","1","1","0.551219512","0.401633017",,"false","interacts with","GOLGA6B (interacts with) BMP2","0","A6NDN3","","P12643",""
"12.466666666666667","","interacts with","0","0.476426481","","MYCL (interacts with) KCNA7",,"1","0","1","1","0.551219512","0.401633449",,"false","interacts with","MYCL (interacts with) KCNA7","0","P12524","","Q96RP8",""
"2.0","","interacts with","0","0.564068432","","ZRSR2 (interacts with) SNRNP48",,"0","0","0","1","0.726829268","0.401307596",,"false","interacts with","ZRSR2 (interacts with) SNRNP48","0","Q15696","","Q6IEG0",""
"27.0","","interacts with","0","0.476426286","","TRAV6 (interacts with) MYCN",,"0","1","1","1","0.551219512","0.401633059",,"false","interacts with","TRAV6 (interacts with) MYCN","0","A0A075B6T7","","P04198",""
"3.833333333333333","","interacts with","0","0.476387077","","PRR14L (interacts with) CFAP221",,"0","0","0","1","0.551219512","0.401554641",,"false","interacts with","PRR14L (interacts with) CFAP221","0","Q5THK1","","Q4G0U5",""
"52.0","","interacts with","0","0.476426183","","IGHV1-69D (interacts with) MYCN",,"0","1","1","1","0.551219512","0.401632854",,"false","interacts with","IGHV1-69D (interacts with) MYCN","0","A0A0B4J2H0","","P04198",""
"32.0","","interacts with","0","0.469109347","","IGKV3D-11 (interacts with) SOST",,"0","1","1","1","0.536585366","0.401633328",,"false","interacts with","IGKV3D-11 (interacts with) SOST","0","A0A0A0MRZ8","","Q9BQB4",""
"13.0","","interacts with","0","0.461816319","","COL5A1 (interacts with) CERS4",,"1","0","1","1","0.52195122","0.401681418",,"false","interacts with","COL5A1 (interacts with) CERS4","0","P20908","","Q9HA82",""
"74.0952380952381","","interacts with","0","0.476426247","","CCNE2 (interacts with) COL5A3",,"0","1","1","1","0.551219512","0.401632982",,"false","interacts with","CCNE2 (interacts with) COL5A3","0","O96020","","P25940",""
"2.0","","interacts with","0","0.461753215","","TLNRD1 (interacts with) TRBJ1-2",,"0","0","0","1","0.52195122","0.401555211",,"false","interacts with","TLNRD1 (interacts with) TRBJ1-2","0","Q9H1K6","","A0A0J9YX06",""
"3.8333333333333335","","interacts with","0","0.476387064","","PRR14L (interacts with) TRIM36",,"0","0","0","1","0.551219512","0.401554615",,"false","interacts with","PRR14L (interacts with) TRIM36","0","Q5THK1","","Q9NQ86",""
"46.0","","interacts with","0","0.476387106","","ZNF257 (interacts with) BDP1",,"0","0","0","1","0.551219512","0.401554699",,"false","interacts with","ZNF257 (interacts with) BDP1","0","Q9Y2Q1","","A6H8Y1",""
"33.0","","interacts with","0","0.476426192","","COL5A2 (interacts with) ZNF449",,"1","0","1","1","0.551219512","0.401632873",,"false","interacts with","COL5A2 (interacts with) ZNF449","0","P05997","","Q6P9G9",""
"10.0","","interacts with","0","0.476387164","","SRRM2 (interacts with) ARHGAP11A",,"0","0","0","1","0.551219512","0.401554815",,"false","interacts with","SRRM2 (interacts with) ARHGAP11A","0","Q9UQ35","","Q6P4F7",""
"19.83333333333333","","interacts with","0","0.476426349","","ATMIN (interacts with) PROCR",,"0","1","1","1","0.551219512","0.401633186",,"false","interacts with","ATMIN (interacts with) PROCR","0","O43313","","Q9UNN8",""
"3.8333333333333335","","interacts with","0","0.476387076","","PRR14L (interacts with) ZFR2",,"0","0","0","1","0.551219512","0.401554639",,"false","interacts with","PRR14L (interacts with) ZFR2","0","Q5THK1","","Q9UPR6",""
"5.0","","interacts with","0","0.464216095","","RAPGEFL1 (interacts with) BOD1L1",,"0","0","0","1","0.526829268","0.401602922",,"false","interacts with","RAPGEFL1 (interacts with) BOD1L1","0","Q9UHV5","","Q8NFC6",""
"23.499999999999996","","interacts with","0","0.469109173","","BMP2 (interacts with) IZUMO1",,"1","0","1","1","0.536585366","0.401632981",,"false","interacts with","BMP2 (interacts with) IZUMO1","0","P12643","","Q8IYV9",""
"6.0","","interacts with","0","0.464231308","","ZNF716 (interacts with) MAPK1",,"0","1","1","1","0.526829268","0.401633347",,"false","interacts with","ZNF716 (interacts with) MAPK1","0","A6NP11","","P28482",""
"3.0","","interacts with","0","0.464192204","","GCGR (interacts with) PCARE",,"0","0","0","1","0.526829268","0.40155514",,"false","interacts with","GCGR (interacts with) PCARE","0","P47871","","A6NGG8",""
"10.0","","interacts with","0","0.476387155","","SRRM2 (interacts with) PSD2",,"0","0","0","1","0.551219512","0.401554798",,"false","interacts with","SRRM2 (interacts with) PSD2","0","Q9UQ35","","Q9BQI7",""
"5.714285714285714","","interacts with","0","0.464192272","","ZNF565 (interacts with) C9orf64",,"0","0","0","1","0.526829268","0.401555277",,"false","interacts with","ZNF565 (interacts with) C9orf64","0","Q8N9K5","","Q5T6V5",""
"5.450980392156863","","interacts with","0","0.461792661","","ZNF565 (interacts with) UTS2R",,"0","0","0","1","0.52195122","0.401634103",,"false","interacts with","ZNF565 (interacts with) UTS2R","0","Q8N9K5","","Q9UKP6",""
"2.0","","interacts with","0","0.61515097","","MEX3D (interacts with) DCP2",,"0","0","0","1","0.829268293","0.401033648",,"false","interacts with","MEX3D (interacts with) DCP2","0","Q86XN8","","Q8IU60",""
"5.450980392156863","","interacts with","0","0.464192299","","ZNF565 (interacts with) RDH16",,"0","0","0","1","0.526829268","0.401555331",,"false","interacts with","ZNF565 (interacts with) RDH16","0","Q8N9K5","","O75452",""
"9.133333333333335","","interacts with","0","0.464231678","","CNR2 (interacts with) SULT1C3",,"1","0","1","1","0.526829268","0.401634087",,"false","interacts with","CNR2 (interacts with) SULT1C3","0","P34972","","Q6IMI6",""
"7.533333333333333","","interacts with","0","0.476426281","","ATP2C2 (interacts with) BMP7",,"0","1","1","1","0.551219512","0.40163305",,"false","interacts with","ATP2C2 (interacts with) BMP7","0","O75185","","P18075",""
"10.0","","interacts with","0","0.476387074","","SRRM2 (interacts with) UGDH",,"0","0","0","1","0.551219512","0.401554635",,"false","interacts with","SRRM2 (interacts with) UGDH","0","Q9UQ35","","O60701",""
"13.0","","interacts with","0","0.476426354","","MYCL (interacts with) TRAPPC14",,"1","0","1","1","0.551219512","0.401633196",,"false","interacts with","MYCL (interacts with) TRAPPC14","0","P12524","","Q8WVR3",""
"17.42748447204969","","interacts with","0","0.476426165","","MYC (interacts with) PHC2",,"1","0","1","1","0.551219512","0.401632818",,"false","interacts with","MYC (interacts with) PHC2","0","P01106","","Q8IXK0",""
"7.333333333333333","","interacts with","0","0.4617532","","NPAS1 (interacts with) UVSSA",,"0","0","0","1","0.52195122","0.401555181",,"false","interacts with","NPAS1 (interacts with) UVSSA","0","Q99742","","Q2YD98",""
"57.00000000000001","","interacts with","0","0.476426191","","GCA (interacts with) TRAF6",,"0","1","1","1","0.551219512","0.40163287",,"false","interacts with","GCA (interacts with) TRAF6","0","P28676","","Q9Y4K3",""
"5.333333333333332","","interacts with","0","0.464192185","","NPAS1 (interacts with) KIR3DL1",,"0","0","0","1","0.526829268","0.401555102",,"false","interacts with","NPAS1 (interacts with) KIR3DL1","0","Q99742","","P43629",""
"92.0","","interacts with","0","0.464255207","","RNF225 (interacts with) COL1A1",,"0","1","1","1","0.526829268","0.401681145",,"false","interacts with","RNF225 (interacts with) COL1A1","0","M0QZC1","","P02452",""
"15.610766045548658","","interacts with","0","0.464231281","","MYC (interacts with) MITD1",,"1","0","1","1","0.526829268","0.401633293",,"false","interacts with","MYC (interacts with) MITD1","0","P01106","","Q8WV92",""
"61.17725730388776","","interacts with","0","0.476426156","","COL5A3 (interacts with) RGR",,"1","0","1","1","0.551219512","0.401632799",,"false","interacts with","COL5A3 (interacts with) RGR","0","P25940","","P47804",""
"6.9523809523809526","","interacts with","0","0.4691094","","CD82 (interacts with) SPATA18",,"0","0","0","1","0.536585366","0.401633435",,"false","interacts with","CD82 (interacts with) SPATA18","0","P27701","","Q8TC71",""
"9.916666666666666","","interacts with","0","0.476387146","","BCL9 (interacts with) RTL5",,"0","0","0","1","0.551219512","0.401554781",,"false","interacts with","BCL9 (interacts with) RTL5","0","O00512","","Q5HYW3",""
"7.333333333333331","","interacts with","0","0.464231247","","CD82 (interacts with) PDIA2",,"0","0","0","1","0.526829268","0.401633225",,"false","interacts with","CD82 (interacts with) PDIA2","0","P27701","","Q13087",""
"13.0","","interacts with","0","0.469070102","","BCL9 (interacts with) RBMX2",,"0","0","0","1","0.536585366","0.401554839",,"false","interacts with","BCL9 (interacts with) RBMX2","0","O00512","","Q9Y388",""
"6.9523809523809526","","interacts with","0","0.476426375","","CD82 (interacts with) RCOR2",,"0","0","0","1","0.551219512","0.401633238",,"false","interacts with","CD82 (interacts with) RCOR2","0","P27701","","Q8IZ40",""
"8.716666666666665","","interacts with","0","0.464192149","","BCL9 (interacts with) DHRS13",,"0","0","0","1","0.526829268","0.40155503",,"false","interacts with","BCL9 (interacts with) DHRS13","0","O00512","","Q6UX07",""
"5.0","","interacts with","0","0.461792229","","NPAS1 (interacts with) TRNT1",,"0","0","0","1","0.52195122","0.401633239",,"false","interacts with","NPAS1 (interacts with) TRNT1","0","Q99742","","Q96Q11",""
"0.0","","interacts with","0","0.604224617","","PTGS1 (interacts with) PTGS1",,"1","1","1","1","0.785365854","0.42308338",,"false","interacts with","PTGS1 (interacts with) PTGS1","0","P23219","","P23219",""
"12.000000000000002","","interacts with","0","0.469070029","","BCL9 (interacts with) SRRM5",,"0","0","0","1","0.536585366","0.401554691",,"false","interacts with","BCL9 (interacts with) SRRM5","0","O00512","","B3KS81",""
"7.285714285714286","","interacts with","0","0.476426373","","CD82 (interacts with) RASGEF1A",,"0","0","0","1","0.551219512","0.401633233",,"false","interacts with","CD82 (interacts with) RASGEF1A","0","P27701","","Q8N9B8",""
"25.0","","interacts with","0","0.469109652","","TP53 (interacts with) OR56A4",,"1","0","1","1","0.536585366","0.401633939",,"false","interacts with","TP53 (interacts with) OR56A4","0","P04637","","Q8NGH8",""
"30.166666666666668","","interacts with","0","0.46423117","","MYCN (interacts with) PDCL2",,"1","0","1","1","0.526829268","0.401633073",,"false","interacts with","MYCN (interacts with) PDCL2","0","P04198","","Q8N4E4",""
"30.0","","interacts with","0","0.476426271","","CCDC166 (interacts with) SOST",,"0","1","1","1","0.551219512","0.40163303",,"false","interacts with","CCDC166 (interacts with) SOST","0","P0CW27","","Q9BQB4",""
"92.0","","interacts with","0","0.476426208","","COL1A1 (interacts with) SP7",,"1","0","1","1","0.551219512","0.401632904",,"false","interacts with","COL1A1 (interacts with) SP7","0","P02452","","Q8TDD2",""
"7.633333333333334","","interacts with","0","0.476387141","","BCL9 (interacts with) TRAV12-3",,"0","0","0","1","0.551219512","0.40155477",,"false","interacts with","BCL9 (interacts with) TRAV12-3","0","O00512","","A0A0B4J271",""
"7.333333333333332","","interacts with","0","0.476426395","","CD82 (interacts with) TCP11X1",,"0","0","0","1","0.551219512","0.401633278",,"false","interacts with","CD82 (interacts with) TCP11X1","0","P27701","","B4DZS4",""
"33.66666666666667","","interacts with","0","0.476426251","","TP53 (interacts with) FRZB",,"1","0","1","1","0.551219512","0.401632989",,"false","interacts with","TP53 (interacts with) FRZB","0","P04637","","Q92765",""
"11.500000000000002","","interacts with","0","0.476387161","","BCL9 (interacts with) C10orf67",,"0","0","0","1","0.551219512","0.40155481",,"false","interacts with","BCL9 (interacts with) C10orf67","0","O00512","","Q8IYJ2",""
"7.685714285714285","","interacts with","0","0.476426302","","CD82 (interacts with) ZNF449",,"0","0","0","1","0.551219512","0.401633093",,"false","interacts with","CD82 (interacts with) ZNF449","0","P27701","","Q6P9G9",""
"27.763146997929606","","interacts with","0","0.476426321","","RAB24 (interacts with) TRAF6",,"0","1","1","1","0.551219512","0.40163313",,"false","interacts with","RAB24 (interacts with) TRAF6","0","Q969Q5","","Q9Y4K3",""
"12.400000000000002","","interacts with","0","0.476387245","","CD82 (interacts with) THBD",,"0","0","0","1","0.551219512","0.401554978",,"false","interacts with","CD82 (interacts with) THBD","0","P27701","","P07204",""
"58.333333333333336","","interacts with","0","0.476426245","","TCP11X1 (interacts with) COL5A2",,"0","1","1","1","0.551219512","0.401632978",,"false","interacts with","TCP11X1 (interacts with) COL5A2","0","B4DZS4","","P05997",""
"2.0","taxid:9606(Homo sapiens)","interacts with","1","0.571477684","""psi-mi:""""MI:2222""""(inference by socio-affinity scoring)""","INPP5E (interacts with) CGN","2","0","0","0","1","0.741463415","0.401491953",,"false","interacts with","INPP5E (interacts with) CGN","0","Q9NRR6","Q9NRR6","Q9P2M7","Q9P2M7"
"31.333333333333336","","interacts with","0","0.476426254","","TNFSF11 (interacts with) RUFY2",,"1","0","1","1","0.551219512","0.401632995",,"false","interacts with","TNFSF11 (interacts with) RUFY2","0","O14788","","Q8WXA3",""
"10.0","","interacts with","0","0.569051411","","SRRM2 (interacts with) EAPP",,"0","0","0","1","0.736585366","0.401517456",,"false","interacts with","SRRM2 (interacts with) EAPP","0","Q9UQ35","","Q56P03",""
"32.01904761904761","","interacts with","0","0.464255373","","CD82 (interacts with) BDP1",,"0","0","0","1","0.526829268","0.401681478",,"false","interacts with","CD82 (interacts with) BDP1","0","P27701","","A6H8Y1",""
"11.450000000000001","","interacts with","0","0.476387209","","BCL9 (interacts with) TMEM41A",,"0","0","0","1","0.551219512","0.401554906",,"false","interacts with","BCL9 (interacts with) TMEM41A","0","O00512","","Q96HV5",""
"41.0","","interacts with","0","0.464231251","","NKX6-3 (interacts with) TP53",,"0","1","1","1","0.526829268","0.401633234",,"false","interacts with","NKX6-3 (interacts with) TP53","0","A6NJ46","","P04637",""
"9.835714285714287","","interacts with","0","0.476387241","","BCL9 (interacts with) SGCA",,"0","0","0","1","0.551219512","0.40155497",,"false","interacts with","BCL9 (interacts with) SGCA","0","O00512","","Q16586",""
"7.485714285714286","","interacts with","0","0.476387096","","BCL9 (interacts with) SMIM26",,"0","0","0","1","0.551219512","0.401554679",,"false","interacts with","BCL9 (interacts with) SMIM26","0","O00512","","A0A096LP01",""
"19.666666666666664","","interacts with","0","0.47642634","","RTL5 (interacts with) PROCR",,"0","1","1","1","0.551219512","0.401633168",,"false","interacts with","RTL5 (interacts with) PROCR","0","Q5HYW3","","Q9UNN8",""
"7.666666666666665","","interacts with","0","0.476426397","","CD82 (interacts with) TCP11X2",,"0","0","0","1","0.551219512","0.401633281",,"false","interacts with","CD82 (interacts with) TCP11X2","0","P27701","","Q5H9J9",""
"5.0","","interacts with","0","0.476426424","","NPAS1 (interacts with) VGLL3",,"0","0","0","1","0.551219512","0.401633336",,"false","interacts with","NPAS1 (interacts with) VGLL3","0","Q99742","","A8MV65",""
"32.0","","interacts with","0","0.469109272","","SOST (interacts with) AMDHD2",,"1","0","1","1","0.536585366","0.401633179",,"false","interacts with","SOST (interacts with) AMDHD2","0","Q9BQB4","","Q9Y303",""
"10.8","","interacts with","0","0.476387121","","BCL9 (interacts with) GTF2A1L",,"0","0","0","1","0.551219512","0.401554729",,"false","interacts with","BCL9 (interacts with) GTF2A1L","0","O00512","","Q9UNN4",""
"8.0","","interacts with","0","0.464231389","","ZFAND5 (interacts with) JUN",,"0","1","1","1","0.526829268","0.401633509",,"false","interacts with","ZFAND5 (interacts with) JUN","0","O76080","","P05412",""
"7.985058922558922","","interacts with","0","0.476387205","","DZIP1 (interacts with) FCRL6",,"0","0","0","1","0.551219512","0.401554898",,"false","interacts with","DZIP1 (interacts with) FCRL6","0","Q86YF9","","Q6DN72",""
"84.66666666666666","","interacts with","0","0.461816182","","COL5A3 (interacts with) SLC26A3",,"1","0","1","1","0.52195122","0.401681145",,"false","interacts with","COL5A3 (interacts with) SLC26A3","0","P25940","","P40879",""
"18.0","","interacts with","0","0.464231219","","CALCA (interacts with) LINC00208",,"1","0","1","1","0.526829268","0.40163317",,"false","interacts with","CALCA (interacts with) LINC00208","0","P01258","","Q96KT6",""
"4.833333333333334","","interacts with","0","0.464192209","","LACC1 (interacts with) RFESD",,"0","0","0","1","0.526829268","0.401555149",,"false","interacts with","LACC1 (interacts with) RFESD","0","Q8IV20","","Q8TAC1",""
"32.7","","interacts with","0","0.476426212","","COL1A2 (interacts with) GPR141",,"1","0","1","1","0.551219512","0.401632911",,"false","interacts with","COL1A2 (interacts with) GPR141","0","P08123","","Q7Z602",""
"74.52380952380953","","interacts with","0","0.476426208","","PRAMEF27 (interacts with) COL5A3",,"0","1","1","1","0.551219512","0.401632904",,"false","interacts with","PRAMEF27 (interacts with) COL5A3","0","A3QJZ7","","P25940",""
"6.0","","interacts with","0","0.476387077","","LACC1 (interacts with) SALL2",,"0","0","0","1","0.551219512","0.401554643",,"false","interacts with","LACC1 (interacts with) SALL2","0","Q8IV20","","Q9Y467",""
"33.66666666666667","","interacts with","0","0.476426204","","COL5A2 (interacts with) ZSCAN22",,"1","0","1","1","0.551219512","0.401632895",,"false","interacts with","COL5A2 (interacts with) ZSCAN22","0","P05997","","P10073",""
"10.0","","interacts with","0","0.476387099","","SRRM2 (interacts with) PRDM8",,"0","0","0","1","0.551219512","0.401554686",,"false","interacts with","SRRM2 (interacts with) PRDM8","0","Q9UQ35","","Q9NQV8",""
"3.9","","interacts with","0","0.476387022","","KCNA7 (interacts with) TIMP4",,"0","0","0","1","0.551219512","0.401554531",,"false","interacts with","KCNA7 (interacts with) TIMP4","0","Q96RP8","","Q99727",""
"23.750845410628024","","interacts with","0","0.476426262","","MYC (interacts with) FILIP1",,"1","0","1","1","0.551219512","0.401633012",,"false","interacts with","MYC (interacts with) FILIP1","0","P01106","","Q7Z7B0",""
"3.6999999999999997","","interacts with","0","0.476387512","","KCNA7 (interacts with) CFAP100",,"0","0","0","1","0.551219512","0.401555512",,"false","interacts with","KCNA7 (interacts with) CFAP100","0","Q96RP8","","Q494V2",""
"46.0","","interacts with","0","0.464216163","","ANKRD65 (interacts with) BDP1",,"0","0","0","1","0.526829268","0.401603057",,"false","interacts with","ANKRD65 (interacts with) BDP1","0","E5RJM6","","A6H8Y1",""
"5.833333333333334","","interacts with","0","0.476387021","","KCNA7 (interacts with) CCDC150",,"0","0","0","1","0.551219512","0.401554531",,"false","interacts with","KCNA7 (interacts with) CCDC150","0","Q96RP8","","Q8NCX0",""
"18.0","","interacts with","0","0.476426329","","RIOK3 (interacts with) PRKACA",,"0","1","1","1","0.551219512","0.401633147",,"false","interacts with","RIOK3 (interacts with) PRKACA","0","O14730","","P17612",""
"10.0","","interacts with","0","0.476387156","","RUBCNL (interacts with) ST3GAL3",,"0","0","0","1","0.551219512","0.401554799",,"false","interacts with","RUBCNL (interacts with) ST3GAL3","0","Q9H714","","Q11203",""
"58.0","","interacts with","0","0.476426321","","TP53 (interacts with) TM2D2",,"1","0","1","1","0.551219512","0.401633129",,"false","interacts with","TP53 (interacts with) TM2D2","0","P04637","","Q9BX73",""
"8.844444444444445","","interacts with","0","0.476387406","","RUBCNL (interacts with) NOSTRIN",,"0","0","0","1","0.551219512","0.401555299",,"false","interacts with","RUBCNL (interacts with) NOSTRIN","0","Q9H714","","Q8IVI9",""
"23.666666666666664","","interacts with","0","0.461816248","","MYCL (interacts with) EFCAB13",,"1","0","1","1","0.52195122","0.401681276",,"false","interacts with","MYCL (interacts with) EFCAB13","0","P12524","","Q8IY85",""
"2.0","","interacts with","0","0.615151426","","SH3GLB1 (interacts with) ZNF829",,"0","0","0","1","0.829268293","0.401034559",,"false","interacts with","SH3GLB1 (interacts with) ZNF829","0","Q9Y371","","Q3KNS6",""
"8.433333333333332","","interacts with","0","0.476426319","","CNR2 (interacts with) THNSL2",,"1","0","1","1","0.551219512","0.401633127",,"false","interacts with","CNR2 (interacts with) THNSL2","0","P34972","","Q86YJ6",""
"6.633333333333332","","interacts with","0","0.476387169","","KCNA7 (interacts with) GOLGA3",,"0","0","0","1","0.551219512","0.401554826",,"false","interacts with","KCNA7 (interacts with) GOLGA3","0","Q96RP8","","Q08378",""
"11.0","","interacts with","0","0.461816176","","COL5A1 (interacts with) RAPGEF4",,"1","0","1","1","0.52195122","0.401681133",,"false","interacts with","COL5A1 (interacts with) RAPGEF4","0","P20908","","Q8WZA2",""
"0.0","","interacts with","0","0.55832244","","PTGS2 (interacts with) PTGS2",,"1","1","1","1","0.702439024","0.414205856",,"false","interacts with","PTGS2 (interacts with) PTGS2","0","P35354","","P35354",""
"48.66666666666669","","interacts with","0","0.476426204","","COL5A2 (interacts with) WDR13",,"1","0","1","1","0.551219512","0.401632896",,"false","interacts with","COL5A2 (interacts with) WDR13","0","P05997","","Q9H1Z4",""
"13.374778844344062","","interacts with","0","0.47642647","","MYC (interacts with) OR2A7",,"1","0","1","1","0.551219512","0.401633427",,"false","interacts with","MYC (interacts with) OR2A7","0","P01106","","Q96R45",""
"23.0","","interacts with","0","0.476426273","","BCL2 (interacts with) VWA1",,"1","0","1","1","0.551219512","0.401633034",,"false","interacts with","BCL2 (interacts with) VWA1","0","P10415","","Q6PCB0",""
"15.000000000000002","","interacts with","0","0.476387164","","GCA (interacts with) PMS2",,"0","0","0","1","0.551219512","0.401554815",,"false","interacts with","GCA (interacts with) PMS2","0","P28676","","P54278",""
"7.333333333333333","","interacts with","0","0.464192149","","SLC48A1 (interacts with) LRRC71",,"0","0","0","1","0.526829268","0.401555031",,"false","interacts with","SLC48A1 (interacts with) LRRC71","0","Q6P1K1","","Q8N4P6",""
"7.833333333333333","","interacts with","0","0.476387288","","RUBCNL (interacts with) GOT1L1",,"0","0","0","1","0.551219512","0.401555063",,"false","interacts with","RUBCNL (interacts with) GOT1L1","0","Q9H714","","Q8NHS2",""
"72.0","","interacts with","0","0.461816308","","COL1A2 (interacts with) GPATCH2",,"1","0","1","1","0.52195122","0.401681397",,"false","interacts with","COL1A2 (interacts with) GPATCH2","0","P08123","","Q9NW75",""
"7.0","","interacts with","0","0.476387181","","SLC48A1 (interacts with) VWA1",,"0","0","0","1","0.551219512","0.40155485",,"false","interacts with","SLC48A1 (interacts with) VWA1","0","Q6P1K1","","Q6PCB0",""
"47.61076604554867","","interacts with","0","0.476426314","","MITD1 (interacts with) TRAF6",,"0","1","1","1","0.551219512","0.401633116",,"false","interacts with","MITD1 (interacts with) TRAF6","0","Q8WV92","","Q9Y4K3",""
"6.0","","interacts with","0","0.476387169","","SLC48A1 (interacts with) FAM86B2",,"0","0","0","1","0.551219512","0.401554826",,"false","interacts with","SLC48A1 (interacts with) FAM86B2","0","Q6P1K1","","P0C5J1",""
"7.0","","interacts with","0","0.476387184","","SLC48A1 (interacts with) ZNF219",,"0","0","0","1","0.551219512","0.401554855",,"false","interacts with","SLC48A1 (interacts with) ZNF219","0","Q6P1K1","","Q9P2Y4",""
"80.04630492293536","","interacts with","0","0.47642618","","COL5A3 (interacts with) TMEM143",,"1","0","1","1","0.551219512","0.401632847",,"false","interacts with","COL5A3 (interacts with) TMEM143","0","P25940","","Q96AN5",""
"7.0","","interacts with","0","0.464192262","","SLC48A1 (interacts with) CDY2B",,"0","0","0","1","0.526829268","0.401555255",,"false","interacts with","SLC48A1 (interacts with) CDY2B","0","Q6P1K1","","Q9Y6F7",""
"0.0","","interacts with","0","0.529450212","","AKT1 (interacts with) AKT1",,"1","1","1","1","0.63902439","0.419876033",,"false","interacts with","AKT1 (interacts with) AKT1","0","P31749","","P31749",""
"15.10880230880231","","interacts with","0","0.476387249","","NKAIN1 (interacts with) RABL6",,"0","0","0","1","0.551219512","0.401554986",,"false","interacts with","NKAIN1 (interacts with) RABL6","0","Q4KMZ8","","Q3YEC7",""
"62.99999999999999","","interacts with","0","0.476426205","","COL1A1 (interacts with) LPAR2",,"1","0","1","1","0.551219512","0.401632898",,"false","interacts with","COL1A1 (interacts with) LPAR2","0","P02452","","Q9HBW0",""
"10.666666666666668","","interacts with","0","0.476387265","","NKAIN1 (interacts with) NBPF4",,"0","0","0","1","0.551219512","0.401555018",,"false","interacts with","NKAIN1 (interacts with) NBPF4","0","Q4KMZ8","","Q96M43",""
"49.60238095238096","","interacts with","0","0.476426259","","COL5A2 (interacts with) IL34",,"1","0","1","1","0.551219512","0.401633005",,"false","interacts with","COL5A2 (interacts with) IL34","0","P05997","","Q6ZMJ4",""
"6.833333333333332","","interacts with","0","0.476387294","","NKAIN1 (interacts with) ZDHHC11",,"0","0","0","1","0.551219512","0.401555076",,"false","interacts with","NKAIN1 (interacts with) ZDHHC11","0","Q4KMZ8","","Q9H8X9",""
"64.46297158960203","","interacts with","0","0.476426177","","COL5A3 (interacts with) LMNTD1",,"1","0","1","1","0.551219512","0.401632841",,"false","interacts with","COL5A3 (interacts with) LMNTD1","0","P25940","","Q8N9Z9",""
"0.0","","interacts with","0","0.552806146","","TRAF6 (interacts with) TRAF6",,"1","1","1","1","0.707317073","0.398295219",,"false","interacts with","TRAF6 (interacts with) TRAF6","0","Q9Y4K3","","Q9Y4K3",""
"3.0","","interacts with","0","0.464192143","","GABRB2 (interacts with) SEMA4G",,"0","0","0","1","0.526829268","0.401555018",,"false","interacts with","GABRB2 (interacts with) SEMA4G","0","P47870","","Q9NTN9",""
"10.188888888888888","","interacts with","0","0.476387155","","RUBCNL (interacts with) SCAF4",,"0","0","0","1","0.551219512","0.401554797",,"false","interacts with","RUBCNL (interacts with) SCAF4","0","Q9H714","","O95104",""
"15.0","","interacts with","0","0.476426208","","VTN (interacts with) THBS4",,"1","0","1","1","0.551219512","0.401632904",,"false","interacts with","VTN (interacts with) THBS4","0","P04004","","P35443",""
"4.0","","interacts with","0","0.476387071","","GABRB2 (interacts with) RAPGEF4",,"0","0","0","1","0.551219512","0.40155463",,"false","interacts with","GABRB2 (interacts with) RAPGEF4","0","P47870","","Q8WZA2",""
"7.852380952380953","","interacts with","0","0.46907035","","NKAIN1 (interacts with) ZFP57",,"0","0","0","1","0.536585366","0.401555334",,"false","interacts with","NKAIN1 (interacts with) ZFP57","0","Q4KMZ8","","Q9NU63",""
"16.666666666666668","","interacts with","0","0.476426241","","BCL2 (interacts with) RNF112",,"1","0","1","1","0.551219512","0.401632969",,"false","interacts with","BCL2 (interacts with) RNF112","0","P10415","","Q9ULX5",""
"8.0","","interacts with","0","0.476387156","","NKAIN1 (interacts with) NBPF6",,"0","0","0","1","0.551219512","0.4015548",,"false","interacts with","NKAIN1 (interacts with) NBPF6","0","Q4KMZ8","","Q5VWK0",""
"6.852380952380954","","interacts with","0","0.476387218","","NKAIN1 (interacts with) ZNF449",,"0","0","0","1","0.551219512","0.401554924",,"false","interacts with","NKAIN1 (interacts with) ZNF449","0","Q4KMZ8","","Q6P9G9",""
"80.5","","interacts with","0","0.476426204","","RGL2 (interacts with) COL5A3",,"0","1","1","1","0.551219512","0.401632896",,"false","interacts with","RGL2 (interacts with) COL5A3","0","O15211","","P25940",""
"5.666666666666666","","interacts with","0","0.476426302","","AKT1 (interacts with) PSG11",,"1","0","1","1","0.551219512","0.401633091",,"false","interacts with","AKT1 (interacts with) PSG11","0","P31749","","Q9UQ72",""
"44.356060606060595","","interacts with","0","0.476387312","","OR6C2 (interacts with) SAMD15",,"0","0","0","1","0.551219512","0.401555111",,"false","interacts with","OR6C2 (interacts with) SAMD15","0","Q9NZP2","","Q9P1V8",""
"8.833333333333334","","interacts with","0","0.464192241","","NKAIN1 (interacts with) TNFRSF11B",,"0","0","0","1","0.526829268","0.401555213",,"false","interacts with","NKAIN1 (interacts with) TNFRSF11B","0","Q4KMZ8","","O00300",""
"4.0","","interacts with","0","0.476426342","","ESR1 (interacts with) BMP2K",,"1","0","1","1","0.551219512","0.401633171",,"false","interacts with","ESR1 (interacts with) BMP2K","0","P03372","","Q9NSY1",""
"11.034199134199135","","interacts with","0","0.469070225","","NKAIN1 (interacts with) TRMT1",,"0","0","0","1","0.536585366","0.401555085",,"false","interacts with","NKAIN1 (interacts with) TRMT1","0","Q4KMZ8","","Q9NXH9",""
"18.010766045548653","","interacts with","0","0.476426451","","MYC (interacts with) OR10A2",,"1","0","1","1","0.551219512","0.401633389",,"false","interacts with","MYC (interacts with) OR10A2","0","P01106","","Q9H208",""
"20.0","","interacts with","0","0.464231215","","BGLAP (interacts with) PSME3IP1",,"1","0","1","1","0.526829268","0.401633161",,"false","interacts with","BGLAP (interacts with) PSME3IP1","0","P02818","","Q9GZU8",""
"25.02051282051281","","interacts with","0","0.464216207","","NKAIN1 (interacts with) BDP1",,"0","0","0","1","0.526829268","0.401603145",,"false","interacts with","NKAIN1 (interacts with) BDP1","0","Q4KMZ8","","A6H8Y1",""
"10.628449328449328","","interacts with","0","0.476387157","","NKAIN1 (interacts with) MYLK3",,"0","0","0","1","0.551219512","0.401554802",,"false","interacts with","NKAIN1 (interacts with) MYLK3","0","Q4KMZ8","","Q32MK0",""
"6.8","","interacts with","0","0.476387179","","TIMP4 (interacts with) ESCO1",,"0","0","0","1","0.551219512","0.401554847",,"false","interacts with","TIMP4 (interacts with) ESCO1","0","Q99727","","Q5FWF5",""
"7.666666666666666","","interacts with","0","0.461753851","","NKAIN1 (interacts with) SYPL1",,"0","0","0","1","0.52195122","0.401556482",,"false","interacts with","NKAIN1 (interacts with) SYPL1","0","Q4KMZ8","","Q16563",""
"43.666666666666686","","interacts with","0","0.476426202","","BECN2 (interacts with) COL5A2",,"0","1","1","1","0.551219512","0.401632892",,"false","interacts with","BECN2 (interacts with) COL5A2","0","A8MW95","","P05997",""
"5.0","","interacts with","0","0.476387073","","TIMP4 (interacts with) CCDC150",,"0","0","0","1","0.551219512","0.401554634",,"false","interacts with","TIMP4 (interacts with) CCDC150","0","Q99727","","Q8NCX0",""
"16.529437229437228","","interacts with","0","0.476387089","","OR4X1 (interacts with) CC2D1A",,"0","0","0","1","0.551219512","0.401554665",,"false","interacts with","OR4X1 (interacts with) CC2D1A","0","Q8NH49","","Q6P1N0",""
"43.66666666666667","","interacts with","0","0.476426288","","TP53 (interacts with) EFNA1",,"1","0","1","1","0.551219512","0.401633064",,"false","interacts with","TP53 (interacts with) EFNA1","0","P04637","","P20827",""
"13.93737373737374","","interacts with","0","0.464192107","","RUBCNL (interacts with) ARHGAP44",,"0","0","0","1","0.526829268","0.401554946",,"false","interacts with","RUBCNL (interacts with) ARHGAP44","0","Q9H714","","Q17R89",""
"35.5","","interacts with","0","0.464216191","","OR2A5 (interacts with) BDP1",,"0","0","0","1","0.526829268","0.401603113",,"false","interacts with","OR2A5 (interacts with) BDP1","0","Q96R48","","A6H8Y1",""
"35.90476190476191","","interacts with","0","0.476426386","","OR7D2 (interacts with) TRAF6",,"0","1","1","1","0.551219512","0.40163326",,"false","interacts with","OR7D2 (interacts with) TRAF6","0","Q96RA2","","Q9Y4K3",""
"9.000000000000002","","interacts with","0","0.469070309","","NKAIN1 (interacts with) PUS1",,"0","0","0","1","0.536585366","0.401555251",,"false","interacts with","NKAIN1 (interacts with) PUS1","0","Q4KMZ8","","Q9Y606",""
"3.966666666666667","","interacts with","0","0.464192199","","TIMP4 (interacts with) ZNF350",,"0","0","0","1","0.526829268","0.401555131",,"false","interacts with","TIMP4 (interacts with) ZNF350","0","Q99727","","Q9GZX5",""
"8.538095238095238","","interacts with","0","0.476387261","","NKAIN1 (interacts with) THBD",,"0","0","0","1","0.551219512","0.401555009",,"false","interacts with","NKAIN1 (interacts with) THBD","0","Q4KMZ8","","P07204",""
"8.899999999999999","","interacts with","0","0.476387097","","RUBCNL (interacts with) TNMD",,"0","0","0","1","0.551219512","0.401554682",,"false","interacts with","RUBCNL (interacts with) TNMD","0","Q9H714","","Q9H2S6",""
"74.0","","interacts with","0","0.476426267","","COL1A1 (interacts with) CXCR1",,"1","0","1","1","0.551219512","0.401633021",,"false","interacts with","COL1A1 (interacts with) CXCR1","0","P02452","","P25024",""
"8.733333333333333","","interacts with","0","0.476387081","","RUBCNL (interacts with) AMZ2",,"0","0","0","1","0.551219512","0.401554651",,"false","interacts with","RUBCNL (interacts with) AMZ2","0","Q9H714","","Q86W34",""
"4.133333333333334","","interacts with","0","0.469070124","","TIMP4 (interacts with) CFAP100",,"0","0","0","1","0.536585366","0.401554882",,"false","interacts with","TIMP4 (interacts with) CFAP100","0","Q99727","","Q494V2",""
"7.138528138528138","","interacts with","0","0.461792694","","OR4X1 (interacts with) RAB24",,"0","0","0","1","0.52195122","0.401634168",,"false","interacts with","OR4X1 (interacts with) RAB24","0","Q8NH49","","Q969Q5",""
"49.63417579152875","","interacts with","0","0.476426235","","COL3A1 (interacts with) ZNF772",,"1","0","1","1","0.551219512","0.401632957",,"false","interacts with","COL3A1 (interacts with) ZNF772","0","P02461","","Q68DY9",""
"10.082251082251082","","interacts with","0","0.476387196","","OR4X1 (interacts with) SAMD15",,"0","0","0","1","0.551219512","0.40155488",,"false","interacts with","OR4X1 (interacts with) SAMD15","0","Q8NH49","","Q9P1V8",""
"18.58571428571429","","interacts with","0","0.476426272","","TP53 (interacts with) LYG1",,"1","0","1","1","0.551219512","0.401633032",,"false","interacts with","TP53 (interacts with) LYG1","0","P04637","","Q8N1E2",""
"21.0","","interacts with","0","0.476426414","","SPP1 (interacts with) GARIN2",,"1","0","1","1","0.551219512","0.401633315",,"false","interacts with","SPP1 (interacts with) GARIN2","0","P10451","","Q8N9W8",""
"10.0","","interacts with","0","0.464231684","","OR4X1 (interacts with) GCA",,"0","0","0","1","0.526829268","0.401634099",,"false","interacts with","OR4X1 (interacts with) GCA","0","Q8NH49","","P28676",""
"14.22117604617604","","interacts with","0","0.476426371","","OR4X1 (interacts with) ZNF319",,"0","0","0","1","0.551219512","0.401633229",,"false","interacts with","OR4X1 (interacts with) ZNF319","0","Q8NH49","","Q9P2F9",""
"32.66666666666667","","interacts with","0","0.464231189","","RFPL4AL1 (interacts with) MYCN",,"0","1","1","1","0.526829268","0.40163311",,"false","interacts with","RFPL4AL1 (interacts with) MYCN","0","F8VTS6","","P04198",""
"14.490079365079366","","interacts with","0","0.476387059","","OR4X1 (interacts with) FILIP1",,"0","0","0","1","0.551219512","0.401554606",,"false","interacts with","OR4X1 (interacts with) FILIP1","0","Q8NH49","","Q7Z7B0",""
"45.16666666666668","","interacts with","0","0.47642623","","COL5A2 (interacts with) OR2A5",,"1","0","1","1","0.551219512","0.401632947",,"false","interacts with","COL5A2 (interacts with) OR2A5","0","P05997","","Q96R48",""
"7.533333333333333","","interacts with","0","0.461777092","","PCCA (interacts with) ZNF638",,"0","0","0","1","0.52195122","0.401602964",,"false","interacts with","PCCA (interacts with) ZNF638","0","P05165","","Q14966",""
"10.533333333333331","","interacts with","0","0.476387118","","PCCA (interacts with) TRIP11",,"0","0","0","1","0.551219512","0.401554723",,"false","interacts with","PCCA (interacts with) TRIP11","0","P05165","","Q15643",""
"6.604761904761904","","interacts with","0","0.461753303","","OR4X1 (interacts with) METTL15P1",,"0","0","0","1","0.52195122","0.401555387",,"false","interacts with","OR4X1 (interacts with) METTL15P1","0","Q8NH49","","P0C7V9",""
"0.0","taxid:9606(Homo sapiens)","interacts with","1","0.641337556","""psi-mi:""""MI:0809""""(bimolecular fluorescence complementation)""","NTRK1 (interacts with) NTRK1","2","1","1","1","1","0.873170732","0.40950438",,"false","interacts with","NTRK1 (interacts with) NTRK1","0","P04629","P04629","P04629","P04629"
"14.0","","interacts with","0","0.476426152","","PTGS1 (interacts with) MAGI3",,"1","0","1","1","0.551219512","0.401632792",,"false","interacts with","PTGS1 (interacts with) MAGI3","0","P23219","","Q5TCQ9",""
"11.015476190476189","","interacts with","0","0.464231263","","OR4X1 (interacts with) PHC2",,"0","0","0","1","0.526829268","0.401633257",,"false","interacts with","OR4X1 (interacts with) PHC2","0","Q8NH49","","Q8IXK0",""
"20.0","","interacts with","0","0.47642622","","VTN (interacts with) JMY",,"1","0","1","1","0.551219512","0.401632927",,"false","interacts with","VTN (interacts with) JMY","0","P04004","","Q8N9B5",""
"4.666666666666666","","interacts with","0","0.476387405","","ZNF485 (interacts with) ARMC2",,"0","0","0","1","0.551219512","0.401555298",,"false","interacts with","ZNF485 (interacts with) ARMC2","0","Q8NCK3","","Q8NEN0",""
"40.0","","interacts with","0","0.476426387","","RELA (interacts with) OR10T2",,"1","0","1","1","0.551219512","0.401633262",,"false","interacts with","RELA (interacts with) OR10T2","0","Q04206","","Q8NGX3",""
"3.333333333333333","","interacts with","0","0.476426247","","PTGS2 (interacts with) CFAP221",,"1","0","1","1","0.551219512","0.401632982",,"false","interacts with","PTGS2 (interacts with) CFAP221","0","P35354","","Q4G0U5",""
"7.295670995670997","","interacts with","0","0.476387121","","OR4X1 (interacts with) PMS2",,"0","0","0","1","0.551219512","0.40155473",,"false","interacts with","OR4X1 (interacts with) PMS2","0","Q8NH49","","P54278",""
"37.46666666666667","","interacts with","0","0.476426159","","COL5A2 (interacts with) ST8SIA4",,"1","0","1","1","0.551219512","0.401632805",,"false","interacts with","COL5A2 (interacts with) ST8SIA4","0","P05997","","Q92187",""
"4.533333333333333","","interacts with","0","0.476387168","","CNTLN (interacts with) PPWD1",,"0","0","0","1","0.551219512","0.401554824",,"false","interacts with","CNTLN (interacts with) PPWD1","0","Q9NXG0","","Q96BP3",""
"17.992905950258887","","interacts with","0","0.461777143","","RUBCNL (interacts with) SMC1B",,"0","0","0","1","0.52195122","0.401603067",,"false","interacts with","RUBCNL (interacts with) SMC1B","0","Q9H714","","Q8NDV3",""
"20.0","","interacts with","0","0.476426307","","IGLV8-61 (interacts with) SPP1",,"0","1","1","1","0.551219512","0.401633102",,"false","interacts with","IGLV8-61 (interacts with) SPP1","0","A0A075B6I0","","P10451",""
"18.0","","interacts with","0","0.476426258","","BGLAP (interacts with) EP400P1",,"1","0","1","1","0.551219512","0.401633004",,"false","interacts with","BGLAP (interacts with) EP400P1","0","P02818","","Q6ZTU2",""
"41.06666666666667","","interacts with","0","0.469109309","","SCAF4 (interacts with) COL3A1",,"0","1","1","1","0.536585366","0.401633252",,"false","interacts with","SCAF4 (interacts with) COL3A1","0","O95104","","P02461",""
"3.3","","interacts with","0","0.461753223","","ZNF350 (interacts with) CFAP100",,"0","0","0","1","0.52195122","0.401555226",,"false","interacts with","ZNF350 (interacts with) CFAP100","0","Q9GZX5","","Q494V2",""
"48.666666666666664","","interacts with","0","0.47642633","","COL5A2 (interacts with) ALDH6A1",,"1","0","1","1","0.551219512","0.401633147",,"false","interacts with","COL5A2 (interacts with) ALDH6A1","0","P05997","","Q02252",""
"43.66666666666667","","interacts with","0","0.476426345","","KPNA6 (interacts with) COL5A2",,"0","1","1","1","0.551219512","0.401633178",,"false","interacts with","KPNA6 (interacts with) COL5A2","0","O60684","","P05997",""
"18.212858397641007","","interacts with","0","0.47638714","","ODF3 (interacts with) ZNF319",,"0","0","0","1","0.551219512","0.401554768",,"false","interacts with","ODF3 (interacts with) ZNF319","0","Q96PU9","","Q9P2F9",""
"4.666666666666666","","interacts with","0","0.476387348","","PRR5 (interacts with) POLR3GL",,"0","0","0","1","0.551219512","0.401555183",,"false","interacts with","PRR5 (interacts with) POLR3GL","0","P85299","","Q9BT43",""
"14.381112365894973","","interacts with","0","0.464192043","","ODF3 (interacts with) SAMD15",,"0","0","0","1","0.526829268","0.401554818",,"false","interacts with","ODF3 (interacts with) SAMD15","0","Q96PU9","","Q9P1V8",""
"92.0","","interacts with","0","0.464255185","","COL1A1 (interacts with) MRNIP",,"1","0","1","1","0.526829268","0.401681102",,"false","interacts with","COL1A1 (interacts with) MRNIP","0","P02452","","Q6NTE8",""
"7.869047619047619","","interacts with","0","0.476387301","","DZIP1 (interacts with) PRAMEF19",,"0","0","0","1","0.551219512","0.401555089",,"false","interacts with","DZIP1 (interacts with) PRAMEF19","0","Q86YF9","","Q5SWL8",""
"3.8523809523809525","","interacts with","0","0.476387231","","PRR5 (interacts with) SALL2",,"0","0","0","1","0.551219512","0.40155495",,"false","interacts with","PRR5 (interacts with) SALL2","0","P85299","","Q9Y467",""
"13.452591390091392","","interacts with","0","0.476426314","","CNR2 (interacts with) DZIP1",,"1","0","1","1","0.551219512","0.401633115",,"false","interacts with","CNR2 (interacts with) DZIP1","0","P34972","","Q86YF9",""
"4.7666666666666675","","interacts with","0","0.476387086","","ZNF350 (interacts with) ESCO1",,"0","0","0","1","0.551219512","0.401554659",,"false","interacts with","ZNF350 (interacts with) ESCO1","0","Q9GZX5","","Q5FWF5",""
"71.33333333333334","","interacts with","0","0.464231298","","COL1A1 (interacts with) FAAP100",,"1","0","1","1","0.526829268","0.401633328",,"false","interacts with","COL1A1 (interacts with) FAAP100","0","P02452","","Q0VG06",""
"4.966666666666668","","interacts with","0","0.476387151","","ZNF350 (interacts with) CCDC150",,"0","0","0","1","0.551219512","0.401554789",,"false","interacts with","ZNF350 (interacts with) CCDC150","0","Q9GZX5","","Q8NCX0",""
"52.0","","interacts with","0","0.469109212","","MYCN (interacts with) RRAD",,"1","0","1","1","0.536585366","0.401633058",,"false","interacts with","MYCN (interacts with) RRAD","0","P04198","","P55042",""
"12.977056277056274","","interacts with","0","0.464192135","","ODF3 (interacts with) CC2D1A",,"0","0","0","1","0.526829268","0.401555001",,"false","interacts with","ODF3 (interacts with) CC2D1A","0","Q96PU9","","Q6P1N0",""
"54.73417579152875","","interacts with","0","0.476426199","","COL3A1 (interacts with) GLYATL1",,"1","0","1","1","0.551219512","0.401632886",,"false","interacts with","COL3A1 (interacts with) GLYATL1","0","P02461","","Q969I3",""
"8.935714285714285","","interacts with","0","0.476387276","","ODF3 (interacts with) MAGEB6B",,"0","0","0","1","0.551219512","0.40155504",,"false","interacts with","ODF3 (interacts with) MAGEB6B","0","Q96PU9","","A0A0J9YX57",""
"13.100051759834367","","interacts with","0","0.476387179","","ODF3 (interacts with) PHC2",,"0","0","0","1","0.551219512","0.401554845",,"false","interacts with","ODF3 (interacts with) PHC2","0","Q96PU9","","Q8IXK0",""
"19.833333333333325","","interacts with","0","0.476387161","","RABL6 (interacts with) CCNQ",,"0","0","0","1","0.551219512","0.401554809",,"false","interacts with","RABL6 (interacts with) CCNQ","0","Q3YEC7","","Q8N1B3",""
"4.133333333333333","","interacts with","0","0.476387153","","CNTLN (interacts with) PSG11",,"0","0","0","1","0.551219512","0.401554793",,"false","interacts with","CNTLN (interacts with) PSG11","0","Q9NXG0","","Q9UQ72",""
"11.434782608695654","","interacts with","0","0.476387299","","ODF3 (interacts with) GNAT2",,"0","0","0","1","0.551219512","0.401555086",,"false","interacts with","ODF3 (interacts with) GNAT2","0","Q96PU9","","P19087",""
"4.166666666666666","","interacts with","0","0.476387218","","PRR5 (interacts with) ANKRD22",,"0","0","0","1","0.551219512","0.401554923",,"false","interacts with","PRR5 (interacts with) ANKRD22","0","P85299","","Q5VYY1",""
"8.56904761904762","","interacts with","0","0.476387337","","ODF3 (interacts with) TRIB1",,"0","0","0","1","0.551219512","0.401555162",,"false","interacts with","ODF3 (interacts with) TRIB1","0","Q96PU9","","Q96RU8",""
"4.166666666666666","","interacts with","0","0.46907004","","PRR5 (interacts with) LCN15",,"0","0","0","1","0.536585366","0.401554715",,"false","interacts with","PRR5 (interacts with) LCN15","0","P85299","","Q6UWW0",""
"11.713579898362505","","interacts with","0","0.476387111","","ODF3 (interacts with) PMS2",,"0","0","0","1","0.551219512","0.40155471",,"false","interacts with","ODF3 (interacts with) PMS2","0","Q96PU9","","P54278",""
"7.969047619047619","","interacts with","0","0.461753238","","ODF3 (interacts with) MAGEB17",,"0","0","0","1","0.52195122","0.401555256",,"false","interacts with","ODF3 (interacts with) MAGEB17","0","Q96PU9","","A8MXT2",""
"7.289337474120084","","interacts with","0","0.464192518","","ODF3 (interacts with) UCP3",,"0","0","0","1","0.526829268","0.401555768",,"false","interacts with","ODF3 (interacts with) UCP3","0","Q96PU9","","P55916",""
"20.55555555555555","","interacts with","0","0.476387422","","RABL6 (interacts with) BECN2",,"0","0","0","1","0.551219512","0.401555332",,"false","interacts with","RABL6 (interacts with) BECN2","0","Q3YEC7","","A8MW95",""
"13.0","","interacts with","0","0.464231247","","PGR (interacts with) DBR1",,"1","0","1","1","0.526829268","0.401633226",,"false","interacts with","PGR (interacts with) DBR1","0","P06401","","Q9UK59",""
"21.28571428571428","","interacts with","0","0.476387277","","RABL6 (interacts with) SPATA18",,"0","0","0","1","0.551219512","0.401555042",,"false","interacts with","RABL6 (interacts with) SPATA18","0","Q3YEC7","","Q8TC71",""
"21.66666666666666","","interacts with","0","0.476387304","","RABL6 (interacts with) ALDH6A1",,"0","0","0","1","0.551219512","0.401555096",,"false","interacts with","RABL6 (interacts with) ALDH6A1","0","Q3YEC7","","Q02252",""
"24.33333333333333","","interacts with","0","0.464192624","","RABL6 (interacts with) NBPF4",,"0","0","0","1","0.526829268","0.40155598",,"false","interacts with","RABL6 (interacts with) NBPF4","0","Q3YEC7","","Q96M43",""
"31.9","","interacts with","0","0.47642623","","COL5A3 (interacts with) MYH16",,"1","0","1","1","0.551219512","0.401632948",,"false","interacts with","COL5A3 (interacts with) MYH16","0","P25940","","Q9H6N6",""
"18.222222222222218","","interacts with","0","0.476387254","","RABL6 (interacts with) ZDHHC11",,"0","0","0","1","0.551219512","0.401554996",,"false","interacts with","RABL6 (interacts with) ZDHHC11","0","Q3YEC7","","Q9H8X9",""
"35.0","","interacts with","0","0.476426221","","RELA (interacts with) CXorf66",,"1","0","1","1","0.551219512","0.40163293",,"false","interacts with","RELA (interacts with) CXorf66","0","Q04206","","Q5JRM2",""
"20.55555555555555","","interacts with","0","0.476387418","","RABL6 (interacts with) KPNA6",,"0","0","0","1","0.551219512","0.401555324",,"false","interacts with","RABL6 (interacts with) KPNA6","0","Q3YEC7","","O60684",""
"21.66666666666665","","interacts with","0","0.47638722","","RABL6 (interacts with) WDR13",,"0","0","0","1","0.551219512","0.401554928",,"false","interacts with","RABL6 (interacts with) WDR13","0","Q3YEC7","","Q9H1Z4",""
"21.666666666666654","","interacts with","0","0.476387497","","RABL6 (interacts with) MFSD9",,"0","0","0","1","0.551219512","0.401555482",,"false","interacts with","RABL6 (interacts with) MFSD9","0","Q3YEC7","","Q8NBP5",""
"62.0","","interacts with","0","0.476426217","","COL5A2 (interacts with) ZNF454",,"1","0","1","1","0.551219512","0.401632922",,"false","interacts with","COL5A2 (interacts with) ZNF454","0","P05997","","Q8N9F8",""
"52.0","","interacts with","0","0.464231282","","IGHV3-74 (interacts with) MYCN",,"0","1","1","1","0.526829268","0.401633295",,"false","interacts with","IGHV3-74 (interacts with) MYCN","0","A0A0B4J1X5","","P04198",""
"5.0","","interacts with","0","0.47638717","","RASGEF1B (interacts with) KIF27",,"0","0","0","1","0.551219512","0.401554829",,"false","interacts with","RASGEF1B (interacts with) KIF27","0","Q0VAM2","","Q86VH2",""
"30.0","","interacts with","0","0.476387172","","RABL6 (interacts with) PDSS1",,"0","0","0","1","0.551219512","0.401554832",,"false","interacts with","RABL6 (interacts with) PDSS1","0","Q3YEC7","","Q5T2R2",""
"32.33333333333333","","interacts with","0","0.4764263","","TNFSF11 (interacts with) ZDHHC14",,"1","0","1","1","0.551219512","0.401633088",,"false","interacts with","TNFSF11 (interacts with) ZDHHC14","0","O14788","","Q8IZN3",""
"18.788888888888884","","interacts with","0","0.476387234","","RABL6 (interacts with) CLDN12",,"0","0","0","1","0.551219512","0.401554956",,"false","interacts with","RABL6 (interacts with) CLDN12","0","Q3YEC7","","P56749",""
"21.285714285714285","","interacts with","0","0.476387313","","RABL6 (interacts with) RCOR2",,"0","0","0","1","0.551219512","0.401555113",,"false","interacts with","RABL6 (interacts with) RCOR2","0","Q3YEC7","","Q8IZ40",""
"12.596480331262939","","interacts with","0","0.476426301","","MYC (interacts with) METTL15P1",,"1","0","1","1","0.551219512","0.40163309",,"false","interacts with","MYC (interacts with) METTL15P1","0","P01106","","P0C7V9",""
"6.9","","interacts with","0","0.476387112","","CNTLN (interacts with) TRIP11",,"0","0","0","1","0.551219512","0.401554711",,"false","interacts with","CNTLN (interacts with) TRIP11","0","Q9NXG0","","Q15643",""
"21.18571428571428","","interacts with","0","0.476387273","","RABL6 (interacts with) RASGEF1A",,"0","0","0","1","0.551219512","0.401555034",,"false","interacts with","RABL6 (interacts with) RASGEF1A","0","Q3YEC7","","Q8N9B8",""
"16.78886554621849","","interacts with","0","0.461777022","","MINDY2 (interacts with) SMC1B",,"0","0","0","1","0.52195122","0.401602824",,"false","interacts with","MINDY2 (interacts with) SMC1B","0","Q8NBR6","","Q8NDV3",""
"20.99999999999999","","interacts with","0","0.464192216","","RABL6 (interacts with) STK39",,"0","0","0","1","0.526829268","0.401555164",,"false","interacts with","RABL6 (interacts with) STK39","0","Q3YEC7","","Q9UEW8",""
"49.30476190476192","","interacts with","0","0.464231224","","EVX1 (interacts with) TRAF6",,"0","1","1","1","0.526829268","0.401633179",,"false","interacts with","EVX1 (interacts with) TRAF6","0","P49640","","Q9Y4K3",""
"19.833333333333332","","interacts with","0","0.476387342","","RABL6 (interacts with) OR2A5",,"0","0","0","1","0.551219512","0.401555172",,"false","interacts with","RABL6 (interacts with) OR2A5","0","Q3YEC7","","Q96R48",""
"14.833333333333337","","interacts with","0","0.47642628","","PRKACA (interacts with) PARP3",,"1","0","1","1","0.551219512","0.401633048",,"false","interacts with","PRKACA (interacts with) PARP3","0","P17612","","Q9Y6F1",""
"19.833333333333325","","interacts with","0","0.476387204","","RABL6 (interacts with) TNFRSF11B",,"0","0","0","1","0.551219512","0.401554895",,"false","interacts with","RABL6 (interacts with) TNFRSF11B","0","Q3YEC7","","O00300",""
"32.0","","interacts with","0","0.464231188","","MYCN (interacts with) SINHCAF",,"1","0","1","1","0.526829268","0.401633108",,"false","interacts with","MYCN (interacts with) SINHCAF","0","P04198","","Q9NP50",""
"5.688888888888888","","interacts with","0","0.469070263","","SCAF4 (interacts with) AADACL4",,"0","0","0","1","0.536585366","0.40155516",,"false","interacts with","SCAF4 (interacts with) AADACL4","0","O95104","","Q5VUY2",""
"19.833333333333325","","interacts with","0","0.476387182","","RABL6 (interacts with) MRPL28",,"0","0","0","1","0.551219512","0.401554852",,"false","interacts with","RABL6 (interacts with) MRPL28","0","Q3YEC7","","Q13084",""
"5.233333333333333","","interacts with","0","0.476387352","","TRGV1 (interacts with) SCN3B",,"0","0","0","1","0.551219512","0.401555192",,"false","interacts with","TRGV1 (interacts with) SCN3B","0","A0A0A0MS02","","Q9NY72",""
"32.0","","interacts with","0","0.461792254","","IGKV3D-15 (interacts with) SOST",,"0","1","1","1","0.52195122","0.401633289",,"false","interacts with","IGKV3D-15 (interacts with) SOST","0","A0A087WSY6","","Q9BQB4",""
"5.233333333333333","","interacts with","0","0.476387456","","TRGV1 (interacts with) C3orf84",,"0","0","0","1","0.551219512","0.4015554",,"false","interacts with","TRGV1 (interacts with) C3orf84","0","A0A0A0MS02","","H3BNL1",""
"8.0","","interacts with","0","0.464192113","","TRGV1 (interacts with) TMEM200C",,"0","0","0","1","0.526829268","0.401554958",,"false","interacts with","TRGV1 (interacts with) TMEM200C","0","A0A0A0MS02","","A6NKL6",""
"57.87606837606838","","interacts with","0","0.476426352","","COL5A2 (interacts with) MYLK3",,"1","0","1","1","0.551219512","0.401633192",,"false","interacts with","COL5A2 (interacts with) MYLK3","0","P05997","","Q32MK0",""
"7.066666666666666","","interacts with","0","0.461753841","","TRGV1 (interacts with) AKAP14",,"0","0","0","1","0.52195122","0.401556462",,"false","interacts with","TRGV1 (interacts with) AKAP14","0","A0A0A0MS02","","Q86UN6",""
"27.0","","interacts with","0","0.476426176","","SOST (interacts with) SPZ1",,"1","0","1","1","0.551219512","0.401632839",,"false","interacts with","SOST (interacts with) SPZ1","0","Q9BQB4","","Q9BXG8",""
"7.5","","interacts with","0","0.47638716","","TRGV1 (interacts with) DNAAF1",,"0","0","0","1","0.551219512","0.401554808",,"false","interacts with","TRGV1 (interacts with) DNAAF1","0","A0A0A0MS02","","Q8NEP3",""
"17.74848484848485","","interacts with","0","0.476387123","","RABL6 (interacts with) ZFP57",,"0","0","0","1","0.551219512","0.401554734",,"false","interacts with","RABL6 (interacts with) ZFP57","0","Q3YEC7","","Q9NU63",""
"29.0","","interacts with","0","0.46423123","","MYCL (interacts with) ESCO2",,"1","0","1","1","0.526829268","0.401633192",,"false","interacts with","MYCL (interacts with) ESCO2","0","P12524","","Q56NI9",""
"6.333333333333332","","interacts with","0","0.464192247","","MINDY2 (interacts with) ZNF772",,"0","0","0","1","0.526829268","0.401555226",,"false","interacts with","MINDY2 (interacts with) ZNF772","0","Q8NBR6","","Q68DY9",""
"8.0","","interacts with","0","0.476426223","","MAPK1 (interacts with) NR4A3",,"1","0","1","1","0.551219512","0.401632933",,"false","interacts with","MAPK1 (interacts with) NR4A3","0","P28482","","Q92570",""
"4.3","","interacts with","0","0.476387024","","CNTLN (interacts with) PDE4B",,"0","0","0","1","0.551219512","0.401554536",,"false","interacts with","CNTLN (interacts with) PDE4B","0","Q9NXG0","","Q07343",""
"23.792135642135637","","interacts with","0","0.476387228","","RABL6 (interacts with) IL34",,"0","0","0","1","0.551219512","0.401554943",,"false","interacts with","RABL6 (interacts with) IL34","0","Q3YEC7","","Q6ZMJ4",""
"14.883333333333335","","interacts with","0","0.476426317","","ATXN7L2 (interacts with) PROCR",,"0","1","1","1","0.551219512","0.401633121",,"false","interacts with","ATXN7L2 (interacts with) PROCR","0","Q5T6C5","","Q9UNN8",""
"9.333333333333334","","interacts with","0","0.476387229","","TRGV1 (interacts with) EFNA1",,"0","0","0","1","0.551219512","0.401554946",,"false","interacts with","TRGV1 (interacts with) EFNA1","0","A0A0A0MS02","","P20827",""
"20.803246753246754","","interacts with","0","0.461777051","","RABL6 (interacts with) BDP1",,"0","0","0","1","0.52195122","0.401602882",,"false","interacts with","RABL6 (interacts with) BDP1","0","Q3YEC7","","A6H8Y1",""
"19.089754689754695","","interacts with","0","0.464231329","","RABL6 (interacts with) CEACAM21",,"0","0","0","1","0.526829268","0.40163339",,"false","interacts with","RABL6 (interacts with) CEACAM21","0","Q3YEC7","","Q3KPI0",""
"18.537373737373734","","interacts with","0","0.46419226","","RABL6 (interacts with) ST8SIA4",,"0","0","0","1","0.526829268","0.401555252",,"false","interacts with","RABL6 (interacts with) ST8SIA4","0","Q3YEC7","","Q92187",""
"13.0","","interacts with","0","0.464255214","","COL5A1 (interacts with) SEMA4G",,"1","0","1","1","0.526829268","0.401681161",,"false","interacts with","COL5A1 (interacts with) SEMA4G","0","P20908","","Q9NTN9",""
"6.333333333333333","","interacts with","0","0.461777217","","ZNF638 (interacts with) PDE4B",,"0","0","0","1","0.52195122","0.401603214",,"false","interacts with","ZNF638 (interacts with) PDE4B","0","Q14966","","Q07343",""
"6.000000000000001","","interacts with","0","0.461777173","","ZNF638 (interacts with) SNX33",,"0","0","0","1","0.52195122","0.401603126",,"false","interacts with","ZNF638 (interacts with) SNX33","0","Q14966","","Q8WV41",""
"30.0","","interacts with","0","0.464231222","","ODAPH (interacts with) SOST",,"0","1","1","1","0.526829268","0.401633175",,"false","interacts with","ODAPH (interacts with) SOST","0","Q17RF5","","Q9BQB4",""
"35.50000000000001","","interacts with","0","0.464255246","","MRPL28 (interacts with) BDP1",,"0","0","0","1","0.526829268","0.401681223",,"false","interacts with","MRPL28 (interacts with) BDP1","0","Q13084","","A6H8Y1",""
"24.7","","interacts with","0","0.476426249","","TRGV1 (interacts with) TP53",,"0","1","1","1","0.551219512","0.401632986",,"false","interacts with","TRGV1 (interacts with) TP53","0","A0A0A0MS02","","P04637",""
"18.66666666666666","","interacts with","0","0.464192647","","RABL6 (interacts with) NBPF6",,"0","0","0","1","0.526829268","0.401556026",,"false","interacts with","RABL6 (interacts with) NBPF6","0","Q3YEC7","","Q5VWK0",""
"7.433333333333333","","interacts with","0","0.476387194","","TRGV1 (interacts with) RNF168",,"0","0","0","1","0.551219512","0.401554875",,"false","interacts with","TRGV1 (interacts with) RNF168","0","A0A0A0MS02","","Q8IYW5",""
"16.134199134199136","","interacts with","0","0.464192161","","RABL6 (interacts with) ZNF449",,"0","0","0","1","0.526829268","0.401555054",,"false","interacts with","RABL6 (interacts with) ZNF449","0","Q3YEC7","","Q6P9G9",""
"34.833333333333336","","interacts with","0","0.464255215","","TNFRSF11B (interacts with) BDP1",,"0","0","0","1","0.526829268","0.401681161",,"false","interacts with","TNFRSF11B (interacts with) BDP1","0","O00300","","A6H8Y1",""
"34.66666666666667","","interacts with","0","0.476426308","","TP53 (interacts with) PIGP",,"1","0","1","1","0.551219512","0.401633104",,"false","interacts with","TP53 (interacts with) PIGP","0","P04637","","P57054",""
"18.867532467532467","","interacts with","0","0.46423143","","RABL6 (interacts with) CALHM2",,"0","0","0","1","0.526829268","0.401633591",,"false","interacts with","RABL6 (interacts with) CALHM2","0","Q3YEC7","","Q9HA72",""
"3.333333333333333","","interacts with","0","0.476426246","","PTGS2 (interacts with) TRIM36",,"1","0","1","1","0.551219512","0.401632981",,"false","interacts with","PTGS2 (interacts with) TRIM36","0","P35354","","Q9NQ86",""
"4.966666666666667","","interacts with","0","0.476426314","","CNTLN (interacts with) SNX33",,"0","0","0","1","0.551219512","0.401633115",,"false","interacts with","CNTLN (interacts with) SNX33","0","Q9NXG0","","Q8WV41",""
"26.634199134199132","","interacts with","0","0.464192231","","RABL6 (interacts with) DAPP1",,"0","0","0","1","0.526829268","0.401555194",,"false","interacts with","RABL6 (interacts with) DAPP1","0","Q3YEC7","","Q9UN19",""
"4.933333333333333","","interacts with","0","0.461816201","","ZNF638 (interacts with) PGA4",,"0","0","0","1","0.52195122","0.401681183",,"false","interacts with","ZNF638 (interacts with) PGA4","0","Q14966","","P0DJD7",""
"8.48333333333333","","interacts with","0","0.476426206","","PRKACA (interacts with) BMP7",,"1","1","1","1","0.551219512","0.401632899","0.115429918","false","interacts with","PRKACA (interacts with) BMP7","1","P17612","","P18075",""
"2.0","","interacts with","0","0.561683891","","RUNDC3B (interacts with) STK3",,"0","0","0","1","0.72195122","0.401416563",,"false","interacts with","RUNDC3B (interacts with) STK3","0","Q96NL0","","Q13188",""
"72.0","","interacts with","0","0.461816204","","NPIPB7 (interacts with) COL1A2",,"0","1","1","1","0.52195122","0.401681188",,"false","interacts with","NPIPB7 (interacts with) COL1A2","0","O75200","","P08123",""
"28.46666666666667","","interacts with","0","0.47642623","","SOCS2 (interacts with) TP53",,"0","1","1","1","0.551219512","0.401632949",,"false","interacts with","SOCS2 (interacts with) TP53","0","O14508","","P04637",""
"12.619047619047622","","interacts with","0","0.4763871","","IGLV1-36 (interacts with) PHACTR2",,"0","0","0","1","0.551219512","0.401554687",,"false","interacts with","IGLV1-36 (interacts with) PHACTR2","0","A0A0B4J1U3","","O75167",""
"15.619047619047619","","interacts with","0","0.464191987","","ADARB2-AS1 (interacts with) PHACTR2",,"0","0","0","1","0.526829268","0.401554706",,"false","interacts with","ADARB2-AS1 (interacts with) PHACTR2","0","A8MUL3","","O75167",""
"78.0","","interacts with","0","0.464255332","","LEFTY2 (interacts with) COL3A1",,"0","1","1","1","0.526829268","0.401681395",,"false","interacts with","LEFTY2 (interacts with) COL3A1","0","O00292","","P02461",""
"9.61904761904762","","interacts with","0","0.476387153","","IGLV1-36 (interacts with) FAM117B",,"0","0","0","1","0.551219512","0.401554794",,"false","interacts with","IGLV1-36 (interacts with) FAM117B","0","A0A0B4J1U3","","Q6P1L5",""
"17.000000000000004","","interacts with","0","0.476426225","","IGHV4-59 (interacts with) BMP2",,"0","1","1","1","0.551219512","0.401632937",,"false","interacts with","IGHV4-59 (interacts with) BMP2","0","P01825","","P12643",""
"14.0","","interacts with","0","0.461816242","","SLITRK3 (interacts with) COL5A1",,"0","1","1","1","0.52195122","0.401681265",,"false","interacts with","SLITRK3 (interacts with) COL5A1","0","O94933","","P20908",""
"31.61076604554864","","interacts with","0","0.476426237","","UCP3 (interacts with) TRAF6",,"0","1","1","1","0.551219512","0.401632962",,"false","interacts with","UCP3 (interacts with) TRAF6","0","P55916","","Q9Y4K3",""
"17.24583098061359","","interacts with","0","0.476387147","","CC2D1A (interacts with) OR51M1",,"0","0","0","1","0.551219512","0.401554781",,"false","interacts with","CC2D1A (interacts with) OR51M1","0","Q6P1N0","","Q9H341",""
"16.96666666666667","","interacts with","0","0.476387146","","CC2D1A (interacts with) OR10H4",,"0","0","0","1","0.551219512","0.401554779",,"false","interacts with","CC2D1A (interacts with) OR10H4","0","Q6P1N0","","Q8NGA5",""
"8.619047619047619","","interacts with","0","0.476426212","","BMP2 (interacts with) RRBP1",,"1","0","1","1","0.551219512","0.401632911",,"false","interacts with","BMP2 (interacts with) RRBP1","0","P12643","","Q9P2E9",""
"15.166666666666666","","interacts with","0","0.476387071","","CC2D1A (interacts with) ZNF547",,"0","0","0","1","0.551219512","0.401554631",,"false","interacts with","CC2D1A (interacts with) ZNF547","0","Q6P1N0","","Q8IVP9",""
"45.66666666666668","","interacts with","0","0.476426229","","COL5A2 (interacts with) SPATA18",,"1","0","1","1","0.551219512","0.401632946",,"false","interacts with","COL5A2 (interacts with) SPATA18","0","P05997","","Q8TC71",""
"4.333333333333333","","interacts with","0","0.461752994","","IGLV1-36 (interacts with) ARPIN",,"0","0","0","1","0.52195122","0.401554769",,"false","interacts with","IGLV1-36 (interacts with) ARPIN","0","A0A0B4J1U3","","Q7Z6K5",""
"14.0","","interacts with","0","0.47642623","","GSK3B (interacts with) PCDHB4",,"1","0","1","1","0.551219512","0.401632948",,"false","interacts with","GSK3B (interacts with) PCDHB4","0","P49841","","Q9Y5E5",""
"20.71428571428571","","interacts with","0","0.47638715","","CC2D1A (interacts with) OR52K2",,"0","0","0","1","0.551219512","0.401554788",,"false","interacts with","CC2D1A (interacts with) OR52K2","0","Q6P1N0","","Q8NGK3",""
"4.833333333333333","","interacts with","0","0.464192459","","IGLV1-36 (interacts with) HDGFL1",,"0","0","0","1","0.526829268","0.40155565",,"false","interacts with","IGLV1-36 (interacts with) HDGFL1","0","A0A0B4J1U3","","Q5TGJ6",""
"16.63333333333333","","interacts with","0","0.476387166","","CC2D1A (interacts with) OR4K15",,"0","0","0","1","0.551219512","0.40155482",,"false","interacts with","CC2D1A (interacts with) OR4K15","0","Q6P1N0","","Q8NH41",""
"4.833333333333333","","interacts with","0","0.464192046","","IGLV1-36 (interacts with) PDCL2",,"0","0","0","1","0.526829268","0.401554824",,"false","interacts with","IGLV1-36 (interacts with) PDCL2","0","A0A0B4J1U3","","Q8N4E4",""
"14.077056277056277","","interacts with","0","0.476387169","","CC2D1A (interacts with) OR12D2",,"0","0","0","1","0.551219512","0.401554825",,"false","interacts with","CC2D1A (interacts with) OR12D2","0","Q6P1N0","","P58182",""
"8.333333333333334","","interacts with","0","0.464255214","","BMP2 (interacts with) CCDC7",,"1","0","1","1","0.526829268","0.40168116",,"false","interacts with","BMP2 (interacts with) CCDC7","0","P12643","","Q96M83",""
"15.866666666666667","","interacts with","0","0.4763872","","CC2D1A (interacts with) OR52D1",,"0","0","0","1","0.551219512","0.401554888",,"false","interacts with","CC2D1A (interacts with) OR52D1","0","Q6P1N0","","Q9H346",""
"15.619047619047619","","interacts with","0","0.476387262","","PHACTR2 (interacts with) TRAV12-1",,"0","0","0","1","0.551219512","0.401555011",,"false","interacts with","PHACTR2 (interacts with) TRAV12-1","0","O75167","","A0A0B4J245",""
"13.666666666666666","","interacts with","0","0.464231265","","BCL2 (interacts with) LRRC71",,"1","0","1","1","0.526829268","0.401633261",,"false","interacts with","BCL2 (interacts with) LRRC71","0","P10415","","Q8N4P6",""
"6.619047619047619","","interacts with","0","0.464192079","","ADARB2-AS1 (interacts with) FAM117B",,"0","0","0","1","0.526829268","0.401554889",,"false","interacts with","ADARB2-AS1 (interacts with) FAM117B","0","A8MUL3","","Q6P1L5",""
"15.333333333333336","","interacts with","0","0.476387221","","PHACTR2 (interacts with) ARPIN",,"0","0","0","1","0.551219512","0.401554929",,"false","interacts with","PHACTR2 (interacts with) ARPIN","0","O75167","","Q7Z6K5",""
"14.86666666666667","","interacts with","0","0.476387097","","CC2D1A (interacts with) MAGEB17",,"0","0","0","1","0.551219512","0.401554682",,"false","interacts with","CC2D1A (interacts with) MAGEB17","0","Q6P1N0","","A8MXT2",""
"61.79630492293536","","interacts with","0","0.476426155","","COL5A3 (interacts with) TLCD3B",,"1","0","1","1","0.551219512","0.401632799",,"false","interacts with","COL5A3 (interacts with) TLCD3B","0","P25940","","Q71RH2",""
"17.0","","interacts with","0","0.464192117","","PHACTR2 (interacts with) NKX2-8",,"0","0","0","1","0.526829268","0.401554965",,"false","interacts with","PHACTR2 (interacts with) NKX2-8","0","O75167","","O15522",""
"14.297346132128741","","interacts with","0","0.476387122","","CC2D1A (interacts with) UCP3",,"0","0","0","1","0.551219512","0.401554732",,"false","interacts with","CC2D1A (interacts with) UCP3","0","Q6P1N0","","P55916",""
"4.0","","interacts with","0","0.461628957","","CLEC4M (interacts with) KRTAP9-2",,"0","0","0","1","0.52195122","0.401306694",,"false","interacts with","CLEC4M (interacts with) KRTAP9-2","0","Q9H2X3","","Q9BYQ4",""
"62.50000000000001","","interacts with","0","0.476426252","","COL1A1 (interacts with) NPBWR2",,"1","0","1","1","0.551219512","0.401632993",,"false","interacts with","COL1A1 (interacts with) NPBWR2","0","P02452","","P48146",""
"17.347826086956523","","interacts with","0","0.476387062","","CC2D1A (interacts with) GNAT2",,"0","0","0","1","0.551219512","0.401554612",,"false","interacts with","CC2D1A (interacts with) GNAT2","0","Q6P1N0","","P19087",""
"18.0","","interacts with","0","0.476387178","","PHACTR2 (interacts with) SINHCAF",,"0","0","0","1","0.551219512","0.401554843",,"false","interacts with","PHACTR2 (interacts with) SINHCAF","0","O75167","","Q9NP50",""
"12.366666666666667","","interacts with","0","0.476426285","","MYCL (interacts with) ZNF350",,"1","0","1","1","0.551219512","0.401633057",,"false","interacts with","MYCL (interacts with) ZNF350","0","P12524","","Q9GZX5",""
"14.200000000000001","","interacts with","0","0.476387045","","CC2D1A (interacts with) TRIB1",,"0","0","0","1","0.551219512","0.401554577",,"false","interacts with","CC2D1A (interacts with) TRIB1","0","Q6P1N0","","Q96RU8",""
"14.285714285714285","","interacts with","0","0.476387236","","PHACTR2 (interacts with) TRAV6",,"0","0","0","1","0.551219512","0.401554959",,"false","interacts with","PHACTR2 (interacts with) TRAV6","0","O75167","","A0A075B6T7",""
"46.33333333333335","","interacts with","0","0.476426199","","COL5A2 (interacts with) STK39",,"1","0","1","1","0.551219512","0.401632886",,"false","interacts with","COL5A2 (interacts with) STK39","0","P05997","","Q9UEW8",""
"17.0","","interacts with","0","0.476387208","","PHACTR2 (interacts with) IGHV3-9",,"0","0","0","1","0.551219512","0.401554903",,"false","interacts with","PHACTR2 (interacts with) IGHV3-9","0","O75167","","P01782",""
"14.0","","interacts with","0","0.469070128","","KCNJ2 (interacts with) RBM25",,"0","0","0","1","0.536585366","0.401554889",,"false","interacts with","KCNJ2 (interacts with) RBM25","0","P63252","","P49756",""
"4.733333333333333","","interacts with","0","0.469070201","","PPWD1 (interacts with) PGA4",,"0","0","0","1","0.536585366","0.401555036",,"false","interacts with","PPWD1 (interacts with) PGA4","0","Q96BP3","","P0DJD7",""
"69.66666666666666","","interacts with","0","0.476426197","","COL1A1 (interacts with) TRIM17",,"1","0","1","1","0.551219512","0.401632882",,"false","interacts with","COL1A1 (interacts with) TRIM17","0","P02452","","Q9Y577",""
"5.166666666666666","","interacts with","0","0.4641922","","PPWD1 (interacts with) LIG1",,"0","0","0","1","0.526829268","0.401555132",,"false","interacts with","PPWD1 (interacts with) LIG1","0","Q96BP3","","P18858",""
"5.800000000000001","","interacts with","0","0.464231184","","BMP7 (interacts with) SYT9",,"1","0","1","1","0.526829268","0.4016331",,"false","interacts with","BMP7 (interacts with) SYT9","0","P18075","","Q86SS6",""
"7.3999999999999995","","interacts with","0","0.476387145","","PSMF1 (interacts with) DNAAF1",,"0","0","0","1","0.551219512","0.401554777",,"false","interacts with","PSMF1 (interacts with) DNAAF1","0","Q92530","","Q8NEP3",""
"5.266666666666667","","interacts with","0","0.47638717","","PPWD1 (interacts with) TRIP11",,"0","0","0","1","0.551219512","0.401554828",,"false","interacts with","PPWD1 (interacts with) TRIP11","0","Q96BP3","","Q15643",""
"20.0","","interacts with","0","0.461792308","","C5orf52 (interacts with) BGLAP",,"0","1","1","1","0.52195122","0.401633396",,"false","interacts with","C5orf52 (interacts with) BGLAP","0","A6NGY3","","P02818",""
"6.3999999999999995","","interacts with","0","0.464192163","","PSMF1 (interacts with) RNF168",,"0","0","0","1","0.526829268","0.401555057",,"false","interacts with","PSMF1 (interacts with) RNF168","0","Q92530","","Q8IYW5",""
"27.371428571428574","","interacts with","0","0.47642629","","BMP2 (interacts with) SAMD11",,"1","0","1","1","0.551219512","0.401633069",,"false","interacts with","BMP2 (interacts with) SAMD11","0","P12643","","Q96NU1",""
"15.833333333333332","","interacts with","0","0.464192086","","PHACTR2 (interacts with) HDGFL1",,"0","0","0","1","0.526829268","0.401554903",,"false","interacts with","PHACTR2 (interacts with) HDGFL1","0","O75167","","Q5TGJ6",""
"14.438095238095244","","interacts with","0","0.476387198","","CC2D1A (interacts with) OR7D2",,"0","0","0","1","0.551219512","0.401554885",,"false","interacts with","CC2D1A (interacts with) OR7D2","0","Q6P1N0","","Q96RA2",""
"15.833333333333332","","interacts with","0","0.476387208","","PHACTR2 (interacts with) PDCL2",,"0","0","0","1","0.551219512","0.401554903",,"false","interacts with","PHACTR2 (interacts with) PDCL2","0","O75167","","Q8N4E4",""
"14.438095238095245","","interacts with","0","0.464192042","","CC2D1A (interacts with) CALB2",,"0","0","0","1","0.526829268","0.401554816",,"false","interacts with","CC2D1A (interacts with) CALB2","0","Q6P1N0","","P22676",""
"5.0","","interacts with","0","0.476426239","","MAPK14 (interacts with) PALS1",,"1","0","1","1","0.551219512","0.401632966",,"false","interacts with","MAPK14 (interacts with) PALS1","0","Q16539","","Q8N3R9",""
"14.197346132128743","","interacts with","0","0.476387234","","CC2D1A (interacts with) OR2A7",,"0","0","0","1","0.551219512","0.401554955",,"false","interacts with","CC2D1A (interacts with) OR2A7","0","Q6P1N0","","Q96R45",""
"42.0","","interacts with","0","0.476426334","","TNFSF11 (interacts with) ZBTB18",,"1","0","1","1","0.551219512","0.401633157",,"false","interacts with","TNFSF11 (interacts with) ZBTB18","0","O14788","","Q99592",""
"15.61904761904762","","interacts with","0","0.476387172","","PHACTR2 (interacts with) SMIM44",,"0","0","0","1","0.551219512","0.401554832",,"false","interacts with","PHACTR2 (interacts with) SMIM44","0","O75167","","A0A286YF18",""
"3.166666666666667","","interacts with","0","0.476387296","","PPWD1 (interacts with) PSG11",,"0","0","0","1","0.551219512","0.40155508",,"false","interacts with","PPWD1 (interacts with) PSG11","0","Q96BP3","","Q9UQ72",""
"40.40000000000002","","interacts with","0","0.476426228","","COL5A2 (interacts with) CLDN12",,"1","0","1","1","0.551219512","0.401632943",,"false","interacts with","COL5A2 (interacts with) CLDN12","0","P05997","","P56749",""
"5.5","","interacts with","0","0.461777034","","PPWD1 (interacts with) ZNF638",,"0","0","0","1","0.52195122","0.401602849",,"false","interacts with","PPWD1 (interacts with) ZNF638","0","Q96BP3","","Q14966",""
"9.8","","interacts with","0","0.476426202","","MYOCD (interacts with) PROCR",,"0","1","1","1","0.551219512","0.401632891",,"false","interacts with","MYOCD (interacts with) PROCR","0","Q8IZQ8","","Q9UNN8",""
"12.866666666666665","","interacts with","0","0.476426184","","TRGV5 (interacts with) BMP2",,"0","1","1","1","0.551219512","0.401632857",,"false","interacts with","TRGV5 (interacts with) BMP2","0","A0A0B4J1U4","","P12643",""
"104.0","","interacts with","0","0.47642616","","AQP7 (interacts with) COL5A3",,"0","1","1","1","0.551219512","0.401632807",,"false","interacts with","AQP7 (interacts with) COL5A3","0","O14520","","P25940",""
"2.0","","interacts with","0","0.561636824","","ATXN10 (interacts with) CEP162",,"0","0","0","1","0.72195122","0.401322429",,"false","interacts with","ATXN10 (interacts with) CEP162","0","Q9UBB4","","Q5TB80",""
"30.0","","interacts with","0","0.476426234","","ZSCAN5C (interacts with) SOST",,"0","1","1","1","0.551219512","0.401632957",,"false","interacts with","ZSCAN5C (interacts with) SOST","0","A6NGD5","","Q9BQB4",""
"64.33333333333334","","interacts with","0","0.476426279","","COL5A2 (interacts with) NBPF4",,"1","0","1","1","0.551219512","0.401633047",,"false","interacts with","COL5A2 (interacts with) NBPF4","0","P05997","","Q96M43",""
"35.50000000000002","","interacts with","0","0.464216176","","CCNQ (interacts with) BDP1",,"0","0","0","1","0.526829268","0.401603083",,"false","interacts with","CCNQ (interacts with) BDP1","0","Q8N1B3","","A6H8Y1",""
"23.184530175706648","","interacts with","0","0.476426226","","CNR2 (interacts with) MYH16",,"1","0","1","1","0.551219512","0.401632939",,"false","interacts with","CNR2 (interacts with) MYH16","0","P34972","","Q9H6N6",""
"31.76666666666667","","interacts with","0","0.476426308","","MAGEB6B (interacts with) TRAF6",,"0","1","1","1","0.551219512","0.401633104",,"false","interacts with","MAGEB6B (interacts with) TRAF6","0","A0A0J9YX57","","Q9Y4K3",""
"6.8625","","interacts with","0","0.476387169","","KAZN (interacts with) LPCAT1",,"0","0","0","1","0.551219512","0.401554825",,"false","interacts with","KAZN (interacts with) LPCAT1","0","Q674X7","","Q8NF37",""
"104.0","","interacts with","0","0.464255216","","COL5A3 (interacts with) ASB2",,"1","0","1","1","0.526829268","0.401681164",,"false","interacts with","COL5A3 (interacts with) ASB2","0","P25940","","Q96Q27",""
"8.931547619047619","","interacts with","0","0.464192193","","KAZN (interacts with) PRAMEF19",,"0","0","0","1","0.526829268","0.401555118",,"false","interacts with","KAZN (interacts with) PRAMEF19","0","Q674X7","","Q5SWL8",""
"8.772023809523809","","interacts with","0","0.469070246","","KAZN (interacts with) RGR",,"0","0","0","1","0.536585366","0.401555125",,"false","interacts with","KAZN (interacts with) RGR","0","Q674X7","","P47804",""
"69.33333333333333","","interacts with","0","0.476426236","","COL1A1 (interacts with) CXCR3",,"1","0","1","1","0.551219512","0.40163296",,"false","interacts with","COL1A1 (interacts with) CXCR3","0","P02452","","P49682",""
"7.8625","","interacts with","0","0.476387195","","KAZN (interacts with) SHC2",,"0","0","0","1","0.551219512","0.401554878",,"false","interacts with","KAZN (interacts with) SHC2","0","Q674X7","","P98077",""
"6.529166666666667","","interacts with","0","0.476387177","","KAZN (interacts with) THNSL2",,"0","0","0","1","0.551219512","0.401554841",,"false","interacts with","KAZN (interacts with) THNSL2","0","Q674X7","","Q86YJ6",""
"27.0","","interacts with","0","0.476426178","","TRAF3IP1 (interacts with) SOST",,"0","1","1","1","0.551219512","0.401632845",,"false","interacts with","TRAF3IP1 (interacts with) SOST","0","Q8TDR0","","Q9BQB4",""
"9.383333333333333","","interacts with","0","0.476426323","","PRKACA (interacts with) SYT9",,"1","0","1","1","0.551219512","0.401633135",,"false","interacts with","PRKACA (interacts with) SYT9","0","P17612","","Q86SS6",""
"9.566666666666666","","interacts with","0","0.464193487","","KAZN (interacts with) TELO2",,"0","0","0","1","0.526829268","0.401557706",,"false","interacts with","KAZN (interacts with) TELO2","0","Q674X7","","Q9Y4R8",""
"3.0","","interacts with","0","0.476387315","","PROS1 (interacts with) PPP2R3C",,"0","0","0","1","0.551219512","0.401555118",,"false","interacts with","PROS1 (interacts with) PPP2R3C","0","P07225","","Q969Q6",""
"5.066666666666666","","interacts with","0","0.476426344","","AKT1 (interacts with) PPWD1",,"1","0","1","1","0.551219512","0.401633176",,"false","interacts with","AKT1 (interacts with) PPWD1","0","P31749","","Q96BP3",""
"70.5","","interacts with","0","0.476426214","","COL1A1 (interacts with) SLC50A1",,"1","0","1","1","0.551219512","0.401632915",,"false","interacts with","COL1A1 (interacts with) SLC50A1","0","P02452","","Q9BRV3",""
"10.233333333333334","","interacts with","0","0.47642637","","MYCL (interacts with) TIMP4",,"1","0","1","1","0.551219512","0.401633228",,"false","interacts with","MYCL (interacts with) TIMP4","0","P12524","","Q99727",""
"64.46297158960203","","interacts with","0","0.476426171","","COL5A3 (interacts with) KLHL35",,"1","0","1","1","0.551219512","0.40163283",,"false","interacts with","COL5A3 (interacts with) KLHL35","0","P25940","","Q6PF15",""
"78.0","","interacts with","0","0.464255229","","IQCF5 (interacts with) COL3A1",,"0","1","1","1","0.526829268","0.40168119",,"false","interacts with","IQCF5 (interacts with) COL3A1","0","A8MTL0","","P02461",""
"2.0","","interacts with","0","0.476426197","","SYNJ2 (interacts with) NOS3",,"0","1","1","1","0.551219512","0.401632882",,"false","interacts with","SYNJ2 (interacts with) NOS3","0","O15056","","P29474",""
"84.0","","interacts with","0","0.476426219","","SH2D7 (interacts with) COL1A1",,"0","1","1","1","0.551219512","0.401632926",,"false","interacts with","SH2D7 (interacts with) COL1A1","0","A6NKC9","","P02452",""
"0.0","taxid:9606(Homo sapiens)","interacts with","1","0.672821408","""psi-mi:""""MI:0007""""(anti tag coimmunoprecipitation)""","MAPK1 (interacts with) MAPK1","2","1","1","1","1","0.941463415","0.404179401",,"false","interacts with","MAPK1 (interacts with) MAPK1","0","P28482","P28482","P28482","P28482"
"8.9","","interacts with","0","0.464192251","","MYOCD (interacts with) TMCO6",,"0","0","0","1","0.526829268","0.401555234",,"false","interacts with","MYOCD (interacts with) TMCO6","0","Q8IZQ8","","Q96DC7",""
"94.91666666666666","","interacts with","0","0.464255342","","COL5A3 (interacts with) ESRP2",,"1","0","1","1","0.526829268","0.401681416",,"false","interacts with","COL5A3 (interacts with) ESRP2","0","P25940","","Q9H6T0",""
"6.566666666666667","","interacts with","0","0.476387243","","MYOCD (interacts with) BCL9",,"0","0","0","1","0.551219512","0.401554973",,"false","interacts with","MYOCD (interacts with) BCL9","0","Q8IZQ8","","O00512",""
"5.0","","interacts with","0","0.476426236","","MAPK14 (interacts with) RAPGEFL1",,"1","0","1","1","0.551219512","0.401632959",,"false","interacts with","MAPK14 (interacts with) RAPGEFL1","0","Q16539","","Q9UHV5",""
"2.0","","interacts with","0","0.563834933","","FAM161B (interacts with) GOLGA6A",,"0","0","0","1","0.726829268","0.400840597",,"false","interacts with","FAM161B (interacts with) GOLGA6A","0","Q96MY7","","Q9NYA3",""
"7.116666666666667","","interacts with","0","0.4763871","","MYOCD (interacts with) TRAV12-3",,"0","0","0","1","0.551219512","0.401554688",,"false","interacts with","MYOCD (interacts with) TRAV12-3","0","Q8IZQ8","","A0A0B4J271",""
"11.16666666666667","","interacts with","0","0.476426149","","PRKACA (interacts with) ARHGAP28",,"1","0","1","1","0.551219512","0.401632786",,"false","interacts with","PRKACA (interacts with) ARHGAP28","0","P17612","","Q9P2N2",""
"2.0","","interacts with","0","0.464231322","","ZPBP (interacts with) ZNF175",,"0","0","0","1","0.526829268","0.401633376",,"false","interacts with","ZPBP (interacts with) ZNF175","0","Q9BS86","","Q9Y473",""
"14.0","","interacts with","0","0.476426235","","GSK3B (interacts with) ZNF280D",,"1","0","1","1","0.551219512","0.401632957",,"false","interacts with","GSK3B (interacts with) ZNF280D","0","P49841","","Q6N043",""
"6.799999999999999","","interacts with","0","0.476387083","","MYOCD (interacts with) GTF2A1L",,"0","0","0","1","0.551219512","0.401554654",,"false","interacts with","MYOCD (interacts with) GTF2A1L","0","Q8IZQ8","","Q9UNN4",""
"7.499999999999998","","interacts with","0","0.476387094","","MYOCD (interacts with) C10orf67",,"0","0","0","1","0.551219512","0.401554676",,"false","interacts with","MYOCD (interacts with) C10orf67","0","Q8IZQ8","","Q8IYJ2",""
"16.0","","interacts with","0","0.464255223","","COL5A1 (interacts with) IL1RAPL2",,"1","0","1","1","0.526829268","0.401681178",,"false","interacts with","COL5A1 (interacts with) IL1RAPL2","0","P20908","","Q9NP60",""
"5.166666666666666","","interacts with","0","0.476387027","","MS4A14 (interacts with) TIMP4",,"0","0","0","1","0.551219512","0.401554542",,"false","interacts with","MS4A14 (interacts with) TIMP4","0","Q96JA4","","Q99727",""
"2.0","","interacts with","0","0.464255239","","CASR (interacts with) ALPK2",,"1","0","1","1","0.526829268","0.401681209",,"false","interacts with","CASR (interacts with) ALPK2","0","P41180","","Q86TB3",""
"6.366666666666666","","interacts with","0","0.476387284","","MS4A14 (interacts with) CCDC150",,"0","0","0","1","0.551219512","0.401555057",,"false","interacts with","MS4A14 (interacts with) CCDC150","0","Q96JA4","","Q8NCX0",""
"9.666666666666666","","interacts with","0","0.476426177","","VTN (interacts with) NHS",,"1","0","1","1","0.551219512","0.401632843",,"false","interacts with","VTN (interacts with) NHS","0","P04004","","Q6T4R5",""
"66.0","","interacts with","0","0.476426257","","COL1A1 (interacts with) NDUFAF6",,"1","0","1","1","0.551219512","0.401633001",,"false","interacts with","COL1A1 (interacts with) NDUFAF6","0","P02452","","Q330K2",""
"6.666666666666667","","interacts with","0","0.461753111","","MYOCD (interacts with) RTL5",,"0","0","0","1","0.52195122","0.401555002",,"false","interacts with","MYOCD (interacts with) RTL5","0","Q8IZQ8","","Q5HYW3",""
"6.866666666666666","","interacts with","0","0.47638711","","MYOCD (interacts with) DHRS13",,"0","0","0","1","0.551219512","0.401554709",,"false","interacts with","MYOCD (interacts with) DHRS13","0","Q8IZQ8","","Q6UX07",""
"11.16666666666667","","interacts with","0","0.464216183","","MEIS3P2 (interacts with) CCDC7",,"0","0","0","1","0.526829268","0.401603097",,"false","interacts with","MEIS3P2 (interacts with) CCDC7","0","A8K0S8","","Q96M83",""
"6.752380952380953","","interacts with","0","0.476387296","","MYOCD (interacts with) SGCA",,"0","0","0","1","0.551219512","0.401555081",,"false","interacts with","MYOCD (interacts with) SGCA","0","Q8IZQ8","","Q16586",""
"68.06553569216614","","interacts with","0","0.476426262","","FCER1A (interacts with) COL5A3",,"0","1","1","1","0.551219512","0.401633013",,"false","interacts with","FCER1A (interacts with) COL5A3","0","P12319","","P25940",""
"8.635714285714284","","interacts with","0","0.476387259","","MYOCD (interacts with) SMIM26",,"0","0","0","1","0.551219512","0.401555006",,"false","interacts with","MYOCD (interacts with) SMIM26","0","Q8IZQ8","","A0A096LP01",""
"9.60940170940171","","interacts with","0","0.476387385","","CLDN12 (interacts with) MYLK3",,"0","0","0","1","0.551219512","0.401555257",,"false","interacts with","CLDN12 (interacts with) MYLK3","0","P56749","","Q32MK0",""
"2.0","","interacts with","0","0.561561157","","HEBP1 (interacts with) AKR1B1",,"0","0","0","1","0.72195122","0.401171095",,"false","interacts with","HEBP1 (interacts with) AKR1B1","0","Q9NRV9","","P15121",""
"10.849084249084248","","interacts with","0","0.47642617","","CNR2 (interacts with) TELO2",,"1","0","1","1","0.551219512","0.401632828",,"false","interacts with","CNR2 (interacts with) TELO2","0","P34972","","Q9Y4R8",""
"34.666666666666686","","interacts with","0","0.464216124","","RCOR2 (interacts with) BDP1",,"0","0","0","1","0.526829268","0.401602981",,"false","interacts with","RCOR2 (interacts with) BDP1","0","Q8IZ40","","A6H8Y1",""
"30.166666666666668","","interacts with","0","0.476426418","","MYCN (interacts with) HDGFL1",,"1","0","1","1","0.551219512","0.401633324",,"false","interacts with","MYCN (interacts with) HDGFL1","0","P04198","","Q5TGJ6",""
"14.666666666666666","","interacts with","0","0.464191983","","KIAA0513 (interacts with) TRMT1",,"0","0","0","1","0.526829268","0.401554698",,"false","interacts with","KIAA0513 (interacts with) TRMT1","0","O60268","","Q9NXH9",""
"35.0","","interacts with","0","0.47642629","","SHISAL2B (interacts with) RELA",,"0","1","1","1","0.551219512","0.401633067",,"false","interacts with","SHISAL2B (interacts with) RELA","0","A6NKW6","","Q04206",""
"2.0","","interacts with","0","0.461661585","","CBLIF (interacts with) KRTAP10-9",,"0","0","0","1","0.52195122","0.401371951",,"false","interacts with","CBLIF (interacts with) KRTAP10-9","0","P27352","","P60411",""
"11.000000000000002","","interacts with","0","0.46175309","","MSTN (interacts with) RBM25",,"0","0","0","1","0.52195122","0.40155496",,"false","interacts with","MSTN (interacts with) RBM25","0","O14793","","P49756",""
"36.80000000000001","","interacts with","0","0.476426272","","COL5A2 (interacts with) CEACAM21",,"1","0","1","1","0.551219512","0.401633031",,"false","interacts with","COL5A2 (interacts with) CEACAM21","0","P05997","","Q3KPI0",""
"33.220512820512816","","interacts with","0","0.464216114","","CLDN12 (interacts with) BDP1",,"0","0","0","1","0.526829268","0.40160296",,"false","interacts with","CLDN12 (interacts with) BDP1","0","P56749","","A6H8Y1",""
"6.666666666666666","","interacts with","0","0.476426229","","SPEM3 (interacts with) SRC",,"0","1","1","1","0.551219512","0.401632945",,"false","interacts with","SPEM3 (interacts with) SRC","0","A0A1B0GUW6","","P12931",""
"40.66666666666668","","interacts with","0","0.464216059","","KIAA0513 (interacts with) BDP1",,"0","0","0","1","0.526829268","0.401602849",,"false","interacts with","KIAA0513 (interacts with) BDP1","0","O60268","","A6H8Y1",""
"2.0","","interacts with","0","0.564068108","","BAHD1 (interacts with) ZNF275",,"0","0","0","1","0.726829268","0.401306947",,"false","interacts with","BAHD1 (interacts with) ZNF275","0","Q8TBE0","","Q9NSD4",""
"62.0","","interacts with","0","0.464255269","","ANKRD65 (interacts with) COL5A2",,"0","1","1","1","0.526829268","0.40168127",,"false","interacts with","ANKRD65 (interacts with) COL5A2","0","E5RJM6","","P05997",""
"5.266666666666667","","interacts with","0","0.476387057","","PGA4 (interacts with) TRIP11",,"0","0","0","1","0.551219512","0.401554603",,"false","interacts with","PGA4 (interacts with) TRIP11","0","P0DJD7","","Q15643",""
"8.0","","interacts with","0","0.476426261","","JUN (interacts with) ZNF853",,"1","0","1","1","0.551219512","0.401633009","0.015312132","false","interacts with","JUN (interacts with) ZNF853","1","P05412","","P0CG23",""
"4.666666666666666","","interacts with","0","0.469070145","","PGA4 (interacts with) DENND2A",,"0","0","0","1","0.536585366","0.401554925",,"false","interacts with","PGA4 (interacts with) DENND2A","0","P0DJD7","","Q9ULE3",""
"7.3999999999999995","","interacts with","0","0.476426357","","AKT1 (interacts with) PDE4B",,"1","0","1","1","0.551219512","0.401633202",,"false","interacts with","AKT1 (interacts with) PDE4B","0","P31749","","Q07343",""
"4.566666666666666","","interacts with","0","0.469070173","","PGA4 (interacts with) PDE4B",,"0","0","0","1","0.536585366","0.40155498",,"false","interacts with","PGA4 (interacts with) PDE4B","0","P0DJD7","","Q07343",""
"14.0","","interacts with","0","0.476426257","","PTGS1 (interacts with) MANEAL",,"1","0","1","1","0.551219512","0.401633002",,"false","interacts with","PTGS1 (interacts with) MANEAL","0","P23219","","Q5VSG8",""
"43.0","","interacts with","0","0.464255206","","COL1A2 (interacts with) TREML4",,"1","0","1","1","0.526829268","0.401681144",,"false","interacts with","COL1A2 (interacts with) TREML4","0","P08123","","Q6UXN2",""
"14.0","","interacts with","0","0.476426323","","HMMR (interacts with) CASP3",,"0","1","1","1","0.551219512","0.401633134",,"false","interacts with","HMMR (interacts with) CASP3","0","O75330","","P42574",""
"0.0","","interacts with","0","0.599708751","","CSF1R (interacts with) CSF1R",,"1","1","1","1","0.809756098","0.389661404",,"false","interacts with","CSF1R (interacts with) CSF1R","0","P07333","","P07333",""
"5.333333333333333","","interacts with","0","0.469070286","","NPBWR2 (interacts with) UVSSA",,"0","0","0","1","0.536585366","0.401555206",,"false","interacts with","NPBWR2 (interacts with) UVSSA","0","P48146","","Q2YD98",""
"19.0","","interacts with","0","0.476426372","","CTSK (interacts with) EPM2AIP1",,"1","0","1","1","0.551219512","0.401633231",,"false","interacts with","CTSK (interacts with) EPM2AIP1","0","P43235","","Q7L775",""
"11.500000000000004","","interacts with","0","0.469070237","","NPBWR2 (interacts with) RBM25",,"0","0","0","1","0.536585366","0.401555108",,"false","interacts with","NPBWR2 (interacts with) RBM25","0","P48146","","P49756",""
"27.900000000000002","","interacts with","0","0.464231204","","TP53 (interacts with) SHISA2",,"1","0","1","1","0.526829268","0.401633141",,"false","interacts with","TP53 (interacts with) SHISA2","0","P04637","","Q6UWI4",""
"16.566666666666663","","interacts with","0","0.476387186","","PIGP (interacts with) ATXN7L1",,"0","0","0","1","0.551219512","0.401554859",,"false","interacts with","PIGP (interacts with) ATXN7L1","0","P57054","","Q9ULK2",""
"76.0","","interacts with","0","0.476426197","","COL1A2 (interacts with) ZNF718",,"1","0","1","1","0.551219512","0.401632881",,"false","interacts with","COL1A2 (interacts with) ZNF718","0","P08123","","Q3SXZ3",""
"11.410493130058347","","interacts with","0","0.476426267","","FAM166C (interacts with) MYC",,"0","1","1","1","0.551219512","0.401633021",,"false","interacts with","FAM166C (interacts with) MYC","0","A6NJV1","","P01106",""
"32.0","","interacts with","0","0.47642623","","CREB3L4 (interacts with) SOST",,"0","1","1","1","0.551219512","0.401632947",,"false","interacts with","CREB3L4 (interacts with) SOST","0","Q8TEY5","","Q9BQB4",""
"6.8999999999999995","","interacts with","0","0.461816136","","TPR (interacts with) BMP7",,"0","1","1","1","0.52195122","0.401681052",,"false","interacts with","TPR (interacts with) BMP7","0","P12270","","P18075",""
"8.552380952380954","","interacts with","0","0.461752951","","PSMA4 (interacts with) TRIB1",,"0","0","0","1","0.52195122","0.401554683",,"false","interacts with","PSMA4 (interacts with) TRIB1","0","P25789","","Q96RU8",""
"12.519047619047619","","interacts with","0","0.476387053","","PSMA4 (interacts with) PMS2",,"0","0","0","1","0.551219512","0.401554594",,"false","interacts with","PSMA4 (interacts with) PMS2","0","P25789","","P54278",""
"7.9523809523809526","","interacts with","0","0.461753265","","PSMA4 (interacts with) MAGEB17",,"0","0","0","1","0.52195122","0.40155531",,"false","interacts with","PSMA4 (interacts with) MAGEB17","0","P25789","","A8MXT2",""
"14.217203086768304","","interacts with","0","0.476426152","","MYC (interacts with) PMS2",,"1","0","1","1","0.551219512","0.401632792",,"false","interacts with","MYC (interacts with) PMS2","0","P01106","","P54278",""
"4.0","","interacts with","0","0.476387172","","PIGP (interacts with) TCP11L2",,"0","0","0","1","0.551219512","0.401554832",,"false","interacts with","PIGP (interacts with) TCP11L2","0","P57054","","Q8N4U5",""
"17.0","","interacts with","0","0.476387297","","C11orf40 (interacts with) PHACTR2",,"0","0","0","1","0.551219512","0.401555081",,"false","interacts with","C11orf40 (interacts with) PHACTR2","0","Q8WZ69","","O75167",""
"5.566666666666666","","interacts with","0","0.476387251","","PIGP (interacts with) RTF1",,"0","0","0","1","0.551219512","0.401554991",,"false","interacts with","PIGP (interacts with) RTF1","0","P57054","","Q92541",""
"62.0","","interacts with","0","0.476426224","","COL5A2 (interacts with) NPY4R2",,"1","0","1","1","0.551219512","0.401632936",,"false","interacts with","COL5A2 (interacts with) NPY4R2","0","P05997","","P0DQD5",""
"20.0","","interacts with","0","0.476426313","","ABCB7 (interacts with) VTN",,"0","1","1","1","0.551219512","0.401633114",,"false","interacts with","ABCB7 (interacts with) VTN","0","O75027","","P04004",""
"6.885714285714286","","interacts with","0","0.47638729","","PSMA4 (interacts with) MAGEB6B",,"0","0","0","1","0.551219512","0.401555068",,"false","interacts with","PSMA4 (interacts with) MAGEB6B","0","P25789","","A0A0J9YX57",""
"37.65384615384615","","interacts with","0","0.464216036","","TBX10 (interacts with) BDP1",,"0","0","0","1","0.526829268","0.401602804",,"false","interacts with","TBX10 (interacts with) BDP1","0","O75333","","A6H8Y1",""
"5.41904761904762","","interacts with","0","0.476426233","","BMP7 (interacts with) FAM184B",,"1","0","1","1","0.551219512","0.401632953",,"false","interacts with","BMP7 (interacts with) FAM184B","0","P18075","","Q9ULE4",""
"61.79630492293537","","interacts with","0","0.47642615","","COL5A3 (interacts with) SHF",,"1","0","1","1","0.551219512","0.401632787",,"false","interacts with","COL5A3 (interacts with) SHF","0","P25940","","Q7M4L6",""
"6.166666666666666","","interacts with","0","0.476387184","","TBX10 (interacts with) AHRR",,"0","0","0","1","0.551219512","0.401554855",,"false","interacts with","TBX10 (interacts with) AHRR","0","O75333","","A9YTQ3",""
"10.585714285714284","","interacts with","0","0.476387049","","PSMA4 (interacts with) PHC2",,"0","0","0","1","0.551219512","0.401554585",,"false","interacts with","PSMA4 (interacts with) PHC2","0","P25789","","Q8IXK0",""
"10.153846153846155","","interacts with","0","0.476387152","","TBX10 (interacts with) MYLK3",,"0","0","0","1","0.551219512","0.401554792",,"false","interacts with","TBX10 (interacts with) MYLK3","0","O75333","","Q32MK0",""
"41.15","","interacts with","0","0.476426334","","C17orf75 (interacts with) TRAF6",,"0","1","1","1","0.551219512","0.401633156",,"false","interacts with","C17orf75 (interacts with) TRAF6","0","Q9HAS0","","Q9Y4K3",""
"39.83333333333333","","interacts with","0","0.476426201","","COL1A2 (interacts with) B4GALNT2",,"1","0","1","1","0.551219512","0.40163289",,"false","interacts with","COL1A2 (interacts with) B4GALNT2","0","P08123","","Q8NHY0",""
"2.0","","interacts with","0","0.612855727","","SAA1 (interacts with) COL4A4",,"0","0","0","1","0.824390244","0.40132121",,"false","interacts with","SAA1 (interacts with) COL4A4","0","P0DJI8","","P53420",""
"25.26190476190476","","interacts with","0","0.47642626","","COL1A2 (interacts with) PUM3",,"1","0","1","1","0.551219512","0.401633008",,"false","interacts with","COL1A2 (interacts with) PUM3","0","P08123","","Q15397",""
"14.285714285714285","","interacts with","0","0.461753467","","PSMA4 (interacts with) KLF3",,"0","0","0","1","0.52195122","0.401555715",,"false","interacts with","PSMA4 (interacts with) KLF3","0","P25789","","P57682",""
"6.852380952380954","","interacts with","0","0.469109671","","PSMA4 (interacts with) UCP3",,"0","0","0","1","0.536585366","0.401633975",,"false","interacts with","PSMA4 (interacts with) UCP3","0","P25789","","P55916",""
"55.50000000000001","","interacts with","0","0.476426251","","COL5A2 (interacts with) TCP11X2",,"1","0","1","1","0.551219512","0.40163299",,"false","interacts with","COL5A2 (interacts with) TCP11X2","0","P05997","","Q5H9J9",""
"2.0","","interacts with","0","0.612960828","","PECAM1 (interacts with) CD38",,"0","0","0","1","0.824390244","0.401531413",,"false","interacts with","PECAM1 (interacts with) CD38","0","P16284","","P28907",""
"10.784199134199135","","interacts with","0","0.476387173","","TRMT1 (interacts with) IL34",,"0","0","0","1","0.551219512","0.401554833",,"false","interacts with","TRMT1 (interacts with) IL34","0","Q9NXH9","","Q6ZMJ4",""
"2.0","","interacts with","0","0.578707439","","PDX1 (interacts with) XRCC5",,"0","0","0","1","0.756097561","0.401317317",,"false","interacts with","PDX1 (interacts with) XRCC5","0","P52945","","P13010",""
"47.0","","interacts with","0","0.464255232","","COL1A2 (interacts with) MS4A10",,"1","0","1","1","0.526829268","0.401681195",,"false","interacts with","COL1A2 (interacts with) MS4A10","0","P08123","","Q96PG2",""
"27.38566433566433","","interacts with","0","0.461777003","","TRMT1 (interacts with) BDP1",,"0","0","0","1","0.52195122","0.401602786",,"false","interacts with","TRMT1 (interacts with) BDP1","0","Q9NXH9","","A6H8Y1",""
"23.566666666666666","","interacts with","0","0.476387255","","OR4K15 (interacts with) FILIP1",,"0","0","0","1","0.551219512","0.401554997",,"false","interacts with","OR4K15 (interacts with) FILIP1","0","Q8NH41","","Q7Z7B0",""
"38.21989007724302","","interacts with","0","0.476426179","","COL3A1 (interacts with) POPDC3",,"1","0","1","1","0.551219512","0.401632845",,"false","interacts with","COL3A1 (interacts with) POPDC3","0","P02461","","Q9HBV1",""
"45.33333333333333","","interacts with","0","0.476426269","","IGHV1-69 (interacts with) MYCN",,"0","1","1","1","0.551219512","0.401633026",,"false","interacts with","IGHV1-69 (interacts with) MYCN","0","P01742","","P04198",""
"7.858333333333334","","interacts with","0","0.464191986","","PSMA4 (interacts with) C17orf75",,"0","0","0","1","0.526829268","0.401554704",,"false","interacts with","PSMA4 (interacts with) C17orf75","0","P25789","","Q9HAS0",""
"6.3","","interacts with","0","0.461754737","","PSMA4 (interacts with) OR2A7",,"0","0","0","1","0.52195122","0.401558255",,"false","interacts with","PSMA4 (interacts with) OR2A7","0","P25789","","Q96R45",""
"32.53333333333333","","interacts with","0","0.476426354","","COL1A2 (interacts with) OIT3",,"1","0","1","1","0.551219512","0.401633196",,"false","interacts with","COL1A2 (interacts with) OIT3","0","P08123","","Q8WWZ8",""
"12.500000000000004","","interacts with","0","0.464192192","","TRMT1 (interacts with) NPY4R",,"0","0","0","1","0.526829268","0.401555115",,"false","interacts with","TRMT1 (interacts with) NPY4R","0","Q9NXH9","","P50391",""
"11.748484848484852","","interacts with","0","0.476387167","","TRMT1 (interacts with) CALHM2",,"0","0","0","1","0.551219512","0.401554821",,"false","interacts with","TRMT1 (interacts with) CALHM2","0","Q9NXH9","","Q9HA72",""
"30.0","","interacts with","0","0.464231237","","TNFSF11 (interacts with) STRADA",,"1","0","1","1","0.526829268","0.401633206",,"false","interacts with","TNFSF11 (interacts with) STRADA","0","O14788","","Q7RTN6",""
"14.666666666666664","","interacts with","0","0.476387185","","TRMT1 (interacts with) HDHD5",,"0","0","0","1","0.551219512","0.401554857",,"false","interacts with","TRMT1 (interacts with) HDHD5","0","Q9NXH9","","Q9BXW7",""
"30.333333333333332","","interacts with","0","0.476426261","","TRAV12-1 (interacts with) MYCN",,"0","1","1","1","0.551219512","0.40163301",,"false","interacts with","TRAV12-1 (interacts with) MYCN","0","A0A0B4J245","","P04198",""
"14.566666666666668","","interacts with","0","0.46419239","","TRMT1 (interacts with) CYP26B1",,"0","0","0","1","0.526829268","0.401555512",,"false","interacts with","TRMT1 (interacts with) CYP26B1","0","Q9NXH9","","Q9NR63",""
"10.566666666666668","","interacts with","0","0.461753381","","TRMT1 (interacts with) AHRR",,"0","0","0","1","0.52195122","0.401555542",,"false","interacts with","TRMT1 (interacts with) AHRR","0","Q9NXH9","","A9YTQ3",""
"8.502380952380951","","interacts with","0","0.476426219","","PRKACA (interacts with) FAM184B",,"1","0","1","1","0.551219512","0.401632925",,"false","interacts with","PRKACA (interacts with) FAM184B","0","P17612","","Q9ULE4",""
"12.487179487179489","","interacts with","0","0.476387076","","TRMT1 (interacts with) MYLK3",,"0","0","0","1","0.551219512","0.40155464",,"false","interacts with","TRMT1 (interacts with) MYLK3","0","Q9NXH9","","Q32MK0",""
"10.481818181818182","","interacts with","0","0.464191923","","TRMT1 (interacts with) ZFP57",,"0","0","0","1","0.526829268","0.401554579",,"false","interacts with","TRMT1 (interacts with) ZFP57","0","Q9NXH9","","Q9NU63",""
"34.43333333333333","","interacts with","0","0.476426221","","COL1A2 (interacts with) ADORA3",,"1","0","1","1","0.551219512","0.40163293",,"false","interacts with","COL1A2 (interacts with) ADORA3","0","P08123","","P0DMS8",""
"11.34848484848485","","interacts with","0","0.461752978","","TRMT1 (interacts with) ZNF449",,"0","0","0","1","0.52195122","0.401554736",,"false","interacts with","TRMT1 (interacts with) ZNF449","0","Q9NXH9","","Q6P9G9",""
"14.233333333333336","","interacts with","0","0.476426286","","MYCL (interacts with) HNF1B",,"1","0","1","1","0.551219512","0.401633059",,"false","interacts with","MYCL (interacts with) HNF1B","0","P12524","","P35680",""
"78.0","","interacts with","0","0.476426217","","COL3A1 (interacts with) P2RY11",,"1","0","1","1","0.551219512","0.401632921",,"false","interacts with","COL3A1 (interacts with) P2RY11","0","P02461","","Q96G91",""
"13.000000000000004","","interacts with","0","0.476387022","","TRMT1 (interacts with) PUS1",,"0","0","0","1","0.551219512","0.401554532",,"false","interacts with","TRMT1 (interacts with) PUS1","0","Q9NXH9","","Q9Y606",""
"8.133333333333333","","interacts with","0","0.461752942","","TRMT1 (interacts with) THBD",,"0","0","0","1","0.52195122","0.401554664",,"false","interacts with","TRMT1 (interacts with) THBD","0","Q9NXH9","","P07204",""
"43.73333333333335","","interacts with","0","0.476426196","","COL5A2 (interacts with) SYPL1",,"1","0","1","1","0.551219512","0.401632879",,"false","interacts with","COL5A2 (interacts with) SYPL1","0","P05997","","Q16563",""
"20.0","","interacts with","0","0.476426254","","PGR (interacts with) SESN1",,"1","0","1","1","0.551219512","0.401632995",,"false","interacts with","PGR (interacts with) SESN1","0","P06401","","Q9Y6P5",""
"16.833333333333336","","interacts with","0","0.476426272","","MYCL (interacts with) MS4A14",,"1","0","1","1","0.551219512","0.401633031",,"false","interacts with","MYCL (interacts with) MS4A14","0","P12524","","Q96JA4",""
"10.233333333333334","","interacts with","0","0.476387093","","TRMT1 (interacts with) SYPL1",,"0","0","0","1","0.551219512","0.401554674",,"false","interacts with","TRMT1 (interacts with) SYPL1","0","Q9NXH9","","Q16563",""
"23.833333333333332","","interacts with","0","0.476426233","","TMCO6 (interacts with) PROCR",,"0","1","1","1","0.551219512","0.401632953",,"false","interacts with","TMCO6 (interacts with) PROCR","0","Q96DC7","","Q9UNN8",""
"14.681818181818182","","interacts with","0","0.476387108","","TRMT1 (interacts with) DAPP1",,"0","0","0","1","0.551219512","0.401554704",,"false","interacts with","TRMT1 (interacts with) DAPP1","0","Q9NXH9","","Q9UN19",""
"9.148484848484848","","interacts with","0","0.476387086","","TRMT1 (interacts with) CEACAM21",,"0","0","0","1","0.551219512","0.401554659",,"false","interacts with","TRMT1 (interacts with) CEACAM21","0","Q9NXH9","","Q3KPI0",""
"10.815151515151516","","interacts with","0","0.464192001","","TRMT1 (interacts with) ST8SIA4",,"0","0","0","1","0.526829268","0.401554733",,"false","interacts with","TRMT1 (interacts with) ST8SIA4","0","Q9NXH9","","Q92187",""
"3.833333333333333","","interacts with","0","0.464192468","","IGHV1-69 (interacts with) HDGFL1",,"0","0","0","1","0.526829268","0.401555668",,"false","interacts with","IGHV1-69 (interacts with) HDGFL1","0","P01742","","Q5TGJ6",""
"3.833333333333333","","interacts with","0","0.461753395","","IGHV1-69 (interacts with) PDCL2",,"0","0","0","1","0.52195122","0.40155557",,"false","interacts with","IGHV1-69 (interacts with) PDCL2","0","P01742","","Q8N4E4",""
"22.0","","interacts with","0","0.476426248","","GFY (interacts with) SPP1",,"0","1","1","1","0.551219512","0.401632984",,"false","interacts with","GFY (interacts with) SPP1","0","I3L273","","P10451",""
"9.666666666666666","","interacts with","0","0.469109348","","VTN (interacts with) LIPK",,"1","0","1","1","0.536585366","0.401633331",,"false","interacts with","VTN (interacts with) LIPK","0","P04004","","Q5VXJ0",""
"19.499999999999996","","interacts with","0","0.464231162","","BMP2 (interacts with) TPMT",,"1","0","1","1","0.526829268","0.401633055",,"false","interacts with","BMP2 (interacts with) TPMT","0","P12643","","P51580",""
"14.0","","interacts with","0","0.46423137","","CALCA (interacts with) SPANXN1",,"1","0","1","1","0.526829268","0.401633472",,"false","interacts with","CALCA (interacts with) SPANXN1","0","P01258","","Q5VSR9",""
"56.62219887955183","","interacts with","0","0.476426254","","COL3A1 (interacts with) NUAK2",,"1","0","1","1","0.551219512","0.401632995",,"false","interacts with","COL3A1 (interacts with) NUAK2","0","P02461","","Q9H093",""
"28.0","","interacts with","0","0.476426227","","SOST (interacts with) RANBP3",,"1","0","1","1","0.551219512","0.401632942",,"false","interacts with","SOST (interacts with) RANBP3","0","Q9BQB4","","Q9H6Z4",""
"6.666666666666667","","interacts with","0","0.476387318","","DCDC2C (interacts with) ARMC2",,"0","0","0","1","0.551219512","0.401555123",,"false","interacts with","DCDC2C (interacts with) ARMC2","0","A8MYV0","","Q8NEN0",""
"34.67622655122655","","interacts with","0","0.464231193","","ELAVL3 (interacts with) TRAF6",,"0","1","1","1","0.526829268","0.401633118",,"false","interacts with","ELAVL3 (interacts with) TRAF6","0","Q14576","","Q9Y4K3",""
"4.666666666666666","","interacts with","0","0.464192206","","DCDC2C (interacts with) HRC",,"0","0","0","1","0.526829268","0.401555143",,"false","interacts with","DCDC2C (interacts with) HRC","0","A8MYV0","","P23327",""
"18.0","","interacts with","0","0.464231218","","CALCA (interacts with) C12orf60",,"1","0","1","1","0.526829268","0.401633167",,"false","interacts with","CALCA (interacts with) C12orf60","0","P01258","","Q5U649",""
"4.333333333333333","","interacts with","0","0.476387403","","DCDC2C (interacts with) RUFY2",,"0","0","0","1","0.551219512","0.401555293",,"false","interacts with","DCDC2C (interacts with) RUFY2","0","A8MYV0","","Q8WXA3",""
"30.0","","interacts with","0","0.476426228","","TNFSF11 (interacts with) DOC2B",,"1","0","1","1","0.551219512","0.401632944",,"false","interacts with","TNFSF11 (interacts with) DOC2B","0","O14788","","Q14184",""
"10.0","","interacts with","0","0.476426167","","PGR (interacts with) KIF27",,"1","0","1","1","0.551219512","0.401632821",,"false","interacts with","PGR (interacts with) KIF27","0","P06401","","Q86VH2",""
"83.0","","interacts with","0","0.476426331","","COL1A1 (interacts with) CYP20A1",,"1","0","1","1","0.551219512","0.401633151",,"false","interacts with","COL1A1 (interacts with) CYP20A1","0","P02452","","Q6UW02",""
"5.0","","interacts with","0","0.464192146","","MCHR1 (interacts with) SLC9A8",,"0","0","0","1","0.526829268","0.401555024",,"false","interacts with","MCHR1 (interacts with) SLC9A8","0","Q99705","","Q9Y2E8",""
"58.61076604554865","","interacts with","0","0.476426324","","OR10A2 (interacts with) TRAF6",,"0","1","1","1","0.551219512","0.401633135",,"false","interacts with","OR10A2 (interacts with) TRAF6","0","Q9H208","","Q9Y4K3",""
"68.0","","interacts with","0","0.476426194","","COL3A1 (interacts with) ST3GAL3",,"1","0","1","1","0.551219512","0.401632877",,"false","interacts with","COL3A1 (interacts with) ST3GAL3","0","P02461","","Q11203",""
"35.15384615384617","","interacts with","0","0.464216215","","KPNA6 (interacts with) BDP1",,"0","0","0","1","0.526829268","0.401603163",,"false","interacts with","KPNA6 (interacts with) BDP1","0","O60684","","A6H8Y1",""
"41.02829851308112","","interacts with","0","0.476426255","","SAMD15 (interacts with) TRAF6",,"0","1","1","1","0.551219512","0.401632997",,"false","interacts with","SAMD15 (interacts with) TRAF6","0","Q9P1V8","","Q9Y4K3",""
"6.166666666666667","","interacts with","0","0.476387237","","ARMC2 (interacts with) KCNK18",,"0","0","0","1","0.551219512","0.401554962",,"false","interacts with","ARMC2 (interacts with) KCNK18","0","Q8NEN0","","Q7Z418",""
"9.376068376068375","","interacts with","0","0.476387329","","KPNA6 (interacts with) MYLK3",,"0","0","0","1","0.551219512","0.401555146",,"false","interacts with","KPNA6 (interacts with) MYLK3","0","O60684","","Q32MK0",""
"14.0","","interacts with","0","0.476426224","","SRC (interacts with) TTC7A",,"1","0","1","1","0.551219512","0.401632935",,"false","interacts with","SRC (interacts with) TTC7A","0","P12931","","Q9ULT0",""
"7.803846153846154","","interacts with","0","0.461816135","","BDP1 (interacts with) COL5A2",,"0","1","1","1","0.52195122","0.401681051",,"false","interacts with","BDP1 (interacts with) COL5A2","0","A6H8Y1","","P05997",""
"3.0","","interacts with","0","0.461777168","","CERS4 (interacts with) RAPGEF4",,"0","0","0","1","0.52195122","0.401603117",,"false","interacts with","CERS4 (interacts with) RAPGEF4","0","Q9HA82","","Q8WZA2",""
"92.0","","interacts with","0","0.4618163","","COL1A1 (interacts with) ASIC1",,"1","0","1","1","0.52195122","0.401681381",,"false","interacts with","COL1A1 (interacts with) ASIC1","0","P02452","","P78348",""
"0.0","","interacts with","0","0.692131552","","MAPK14 (interacts with) MAPK14",,"1","1","1","1","0.970731707","0.413531396",,"false","interacts with","MAPK14 (interacts with) MAPK14","0","Q16539","","Q16539",""
"8.0","","interacts with","0","0.476426263","","MAPK1 (interacts with) MYT1",,"1","0","1","1","0.551219512","0.401633014",,"false","interacts with","MAPK1 (interacts with) MYT1","0","P28482","","Q01538",""
"52.333333333333336","","interacts with","0","0.469109266","","COL1A1 (interacts with) RBM25",,"1","0","1","1","0.536585366","0.401633166",,"false","interacts with","COL1A1 (interacts with) RBM25","0","P02452","","P49756",""
"15.000000000000002","","interacts with","0","0.47642626","","PRKACA (interacts with) TIGD4",,"1","0","1","1","0.551219512","0.401633008",,"false","interacts with","PRKACA (interacts with) TIGD4","0","P17612","","Q8IY51",""
"3.333333333333333","","interacts with","0","0.461777068","","FGD5 (interacts with) STON1",,"0","0","0","1","0.52195122","0.401602916",,"false","interacts with","FGD5 (interacts with) STON1","0","Q6ZNL6","","Q9Y6Q2",""
"2.0","","interacts with","0","0.561630643","","DPEP2 (interacts with) CHPF2",,"0","0","0","1","0.72195122","0.401310067",,"false","interacts with","DPEP2 (interacts with) CHPF2","0","Q9H4A9","","Q9P2E5",""
"5.499999999999999","","interacts with","0","0.464192241","","MCAM (interacts with) TNMD",,"0","0","0","1","0.526829268","0.401555214",,"false","interacts with","MCAM (interacts with) TNMD","0","P43121","","Q9H2S6",""
"5.0","","interacts with","0","0.464231212","","ESR1 (interacts with) USP29",,"1","0","1","1","0.526829268","0.401633155",,"false","interacts with","ESR1 (interacts with) USP29","0","P03372","","Q9HBJ7",""
"13.62219887955182","","interacts with","0","0.46177707","","MCAM (interacts with) SMC1B",,"0","0","0","1","0.52195122","0.40160292",,"false","interacts with","MCAM (interacts with) SMC1B","0","P43121","","Q8NDV3",""
"49.33333333333334","","interacts with","0","0.476426179","","COL3A1 (interacts with) TNMD",,"1","0","1","1","0.551219512","0.401632845",,"false","interacts with","COL3A1 (interacts with) TNMD","0","P02461","","Q9H2S6",""
"4.666666666666666","","interacts with","0","0.46419221","","MCAM (interacts with) SULT1E1",,"0","0","0","1","0.526829268","0.401555151",,"false","interacts with","MCAM (interacts with) SULT1E1","0","P43121","","P49888",""
"7.7333333333333325","","interacts with","0","0.464231188","","BMP7 (interacts with) NXPH1",,"1","0","1","1","0.526829268","0.401633108",,"false","interacts with","BMP7 (interacts with) NXPH1","0","P18075","","P58417",""
"11.204017061370003","","interacts with","0","0.461777028","","ERICH6 (interacts with) SMC1B",,"0","0","0","1","0.52195122","0.401602836",,"false","interacts with","ERICH6 (interacts with) SMC1B","0","Q7L0X2","","Q8NDV3",""
"7.666666666666667","","interacts with","0","0.476426319","","LIG1 (interacts with) TRIP11",,"0","0","0","1","0.551219512","0.401633126",,"false","interacts with","LIG1 (interacts with) TRIP11","0","P18858","","Q15643",""
"7.655555555555556","","interacts with","0","0.476387222","","ERICH6 (interacts with) ZNF772",,"0","0","0","1","0.551219512","0.401554932",,"false","interacts with","ERICH6 (interacts with) ZNF772","0","Q7L0X2","","Q68DY9",""
"6.3","","interacts with","0","0.461752941","","ERICH6 (interacts with) IQCM",,"0","0","0","1","0.52195122","0.401554662",,"false","interacts with","ERICH6 (interacts with) IQCM","0","Q7L0X2","","A0A1B0GVH7",""
"3.8333333333333335","","interacts with","0","0.464231202","","LIG1 (interacts with) SNX33",,"0","0","0","1","0.526829268","0.401633135",,"false","interacts with","LIG1 (interacts with) SNX33","0","P18858","","Q8WV41",""
"6.688888888888888","","interacts with","0","0.47638707","","ERICH6 (interacts with) SULT1E1",,"0","0","0","1","0.551219512","0.401554628",,"false","interacts with","ERICH6 (interacts with) SULT1E1","0","Q7L0X2","","P49888",""
"55.0","","interacts with","0","0.476426356","","OR52K2 (interacts with) TRAF6",,"0","1","1","1","0.551219512","0.4016332",,"false","interacts with","OR52K2 (interacts with) TRAF6","0","Q8NGK3","","Q9Y4K3",""
"88.5327380952381","","interacts with","0","0.476426211","","COL5A3 (interacts with) PRAMEF19",,"1","0","1","1","0.551219512","0.40163291",,"false","interacts with","COL5A3 (interacts with) PRAMEF19","0","P25940","","Q5SWL8",""
"5.666666666666666","","interacts with","0","0.461753912","","ERICH6 (interacts with) MCAM",,"0","0","0","1","0.52195122","0.401556604",,"false","interacts with","ERICH6 (interacts with) MCAM","0","Q7L0X2","","P43121",""
"32.999999999999986","","interacts with","0","0.464216167","","RASGEF1A (interacts with) BDP1",,"0","0","0","1","0.526829268","0.401603065",,"false","interacts with","RASGEF1A (interacts with) BDP1","0","Q8N9B8","","A6H8Y1",""
"10.4","","interacts with","0","0.476387099","","ERICH6 (interacts with) TNMD",,"0","0","0","1","0.551219512","0.401554686",,"false","interacts with","ERICH6 (interacts with) TNMD","0","Q7L0X2","","Q9H2S6",""
"11.100000000000001","","interacts with","0","0.47642627","","MYCL (interacts with) CCDC150",,"1","0","1","1","0.551219512","0.401633028",,"false","interacts with","MYCL (interacts with) CCDC150","0","P12524","","Q8NCX0",""
"12.622222222222222","","interacts with","0","0.476387118","","ERICH6 (interacts with) AMZ2",,"0","0","0","1","0.551219512","0.401554723",,"false","interacts with","ERICH6 (interacts with) AMZ2","0","Q7L0X2","","Q86W34",""
"6.748484848484848","","interacts with","0","0.464192133","","ERICH6 (interacts with) ARHGAP44",,"0","0","0","1","0.526829268","0.401554999",,"false","interacts with","ERICH6 (interacts with) ARHGAP44","0","Q7L0X2","","Q17R89",""
"6.133333333333332","","interacts with","0","0.476387047","","ARHGAP30 (interacts with) PWWP3A",,"0","0","0","1","0.551219512","0.401554582",,"false","interacts with","ARHGAP30 (interacts with) PWWP3A","0","Q7Z6I6","","Q2TAK8",""
"44.50000000000003","","interacts with","0","0.476426218","","TNFRSF11B (interacts with) COL5A2",,"0","1","1","1","0.551219512","0.401632924",,"false","interacts with","TNFRSF11B (interacts with) COL5A2","0","O00300","","P05997",""
"11.43809523809524","","interacts with","0","0.476387182","","SAMD11 (interacts with) IGHV7-81",,"0","0","0","1","0.551219512","0.401554851",,"false","interacts with","SAMD11 (interacts with) IGHV7-81","0","Q96NU1","","A0A0B4J1V7",""
"7.633333333333334","","interacts with","0","0.476387104","","SAMD11 (interacts with) APOBEC3A",,"0","0","0","1","0.551219512","0.401554695",,"false","interacts with","SAMD11 (interacts with) APOBEC3A","0","Q96NU1","","P31941",""
"8.188888888888888","","interacts with","0","0.476387192","","ERICH6 (interacts with) GLYATL1",,"0","0","0","1","0.551219512","0.401554871",,"false","interacts with","ERICH6 (interacts with) GLYATL1","0","Q7L0X2","","Q969I3",""
"0.0","","interacts with","0","0.472835082","","ESR1 (interacts with) ESR1",,"1","1","1","1","0.536585366","0.409084799",,"false","interacts with","ESR1 (interacts with) ESR1","0","P03372","","P03372",""
"6.466666666666668","","interacts with","0","0.476387302","","ERICH6 (interacts with) PDE7A",,"0","0","0","1","0.551219512","0.401555092",,"false","interacts with","ERICH6 (interacts with) PDE7A","0","Q7L0X2","","Q13946",""
"6.9523809523809526","","interacts with","0","0.476426335","","TRBV10-3 (interacts with) SPP1",,"0","1","1","1","0.551219512","0.401633158",,"false","interacts with","TRBV10-3 (interacts with) SPP1","0","A0A0K0K1G6","","P10451",""
"2.0","","interacts with","0","0.476387526","","ARHGAP30 (interacts with) CASKIN2",,"0","0","0","1","0.551219512","0.401555541",,"false","interacts with","ARHGAP30 (interacts with) CASKIN2","0","Q7Z6I6","","Q8WXE0",""
"32.0","","interacts with","0","0.476426237","","UNCX (interacts with) SOST",,"0","1","1","1","0.551219512","0.401632961",,"false","interacts with","UNCX (interacts with) SOST","0","A6NJT0","","Q9BQB4",""
"4.133333333333333","","interacts with","0","0.476387178","","ARHGAP30 (interacts with) TSPYL2",,"0","0","0","1","0.551219512","0.401554844",,"false","interacts with","ARHGAP30 (interacts with) TSPYL2","0","Q7Z6I6","","Q9H2G4",""
"14.0","","interacts with","0","0.461816185","","CLUH (interacts with) PTGS1",,"0","1","1","1","0.52195122","0.40168115",,"false","interacts with","CLUH (interacts with) PTGS1","0","O75153","","P23219",""
"8.685714285714287","","interacts with","0","0.476426246","","SLC2A11 (interacts with) TELO2",,"0","0","0","1","0.551219512","0.401632981",,"false","interacts with","SLC2A11 (interacts with) TELO2","0","Q9BYW1","","Q9Y4R8",""
"74.0","","interacts with","0","0.476426351","","AKR7A3 (interacts with) COL1A1",,"0","1","1","1","0.551219512","0.40163319",,"false","interacts with","AKR7A3 (interacts with) COL1A1","0","O95154","","P02452",""
"38.32051282051282","","interacts with","0","0.464255243","","NPY4R (interacts with) BDP1",,"0","0","0","1","0.526829268","0.401681218",,"false","interacts with","NPY4R (interacts with) BDP1","0","P50391","","A6H8Y1",""
"46.0","","interacts with","0","0.566514742","","SAMD11 (interacts with) ZMYND12",,"0","0","0","1","0.731707317","0.401322168",,"false","interacts with","SAMD11 (interacts with) ZMYND12","0","Q96NU1","","Q9H0C1",""
"16.666666666666664","","interacts with","0","0.464231226","","BCL2 (interacts with) GCKR",,"1","0","1","1","0.526829268","0.401633185",,"false","interacts with","BCL2 (interacts with) GCKR","0","P10415","","Q14397",""
"8.438095238095238","","interacts with","0","0.476387086","","SAMD11 (interacts with) TMEM61",,"0","0","0","1","0.551219512","0.40155466",,"false","interacts with","SAMD11 (interacts with) TMEM61","0","Q96NU1","","Q8N0U2",""
"30.0","","interacts with","0","0.464231251","","COX6B2 (interacts with) SOST",,"0","1","1","1","0.526829268","0.401633235",,"false","interacts with","COX6B2 (interacts with) SOST","0","Q6YFQ2","","Q9BQB4",""
"19.07142857142857","","interacts with","0","0.46177713","","SAMD11 (interacts with) CCDC7",,"0","0","0","1","0.52195122","0.401603041",,"false","interacts with","SAMD11 (interacts with) CCDC7","0","Q96NU1","","Q96M83",""
"77.66666666666667","","interacts with","0","0.461816301","","COL5A3 (interacts with) NIBAN1",,"1","0","1","1","0.52195122","0.401681383",,"false","interacts with","COL5A3 (interacts with) NIBAN1","0","P25940","","Q9BZQ8",""
"8.238095238095237","","interacts with","0","0.4763871","","SAMD11 (interacts with) TRGV5",,"0","0","0","1","0.551219512","0.401554687",,"false","interacts with","SAMD11 (interacts with) TRGV5","0","Q96NU1","","A0A0B4J1U4",""
"7.619047619047619","","interacts with","0","0.476387421","","TRAV6 (interacts with) FAM117B",,"0","0","0","1","0.551219512","0.40155533",,"false","interacts with","TRAV6 (interacts with) FAM117B","0","A0A075B6T7","","Q6P1L5",""
"18.0","","interacts with","0","0.476426283","","BGLAP (interacts with) DDI2",,"1","0","1","1","0.551219512","0.401633053",,"false","interacts with","BGLAP (interacts with) DDI2","0","P02818","","Q5TDH0",""
"4.666666666666666","","interacts with","0","0.461753067","","SLC2A11 (interacts with) RGR",,"0","0","0","1","0.52195122","0.401554914",,"false","interacts with","SLC2A11 (interacts with) RGR","0","Q9BYW1","","P47804",""
"35.0","","interacts with","0","0.476426318","","MYCN (interacts with) C11orf40",,"1","0","1","1","0.551219512","0.401633124",,"false","interacts with","MYCN (interacts with) C11orf40","0","P04198","","Q8WZ69",""
"32.18571428571428","","interacts with","0","0.464231146","","TP53 (interacts with) PKLR",,"1","0","1","1","0.526829268","0.401633025",,"false","interacts with","TP53 (interacts with) PKLR","0","P04637","","P30613",""
"9.966666666666667","","interacts with","0","0.476426263","","RGL2 (interacts with) CNR2",,"0","1","1","1","0.551219512","0.401633014",,"false","interacts with","RGL2 (interacts with) CNR2","0","O15211","","P34972",""
"8.653846153846152","","interacts with","0","0.476426407","","NPY4R (interacts with) MYLK3",,"0","0","0","1","0.551219512","0.401633302",,"false","interacts with","NPY4R (interacts with) MYLK3","0","P50391","","Q32MK0",""
"27.0","","interacts with","0","0.476426283","","TNFSF11 (interacts with) KRT39",,"1","0","1","1","0.551219512","0.401633054",,"false","interacts with","TNFSF11 (interacts with) KRT39","0","O14788","","Q6A163",""
"11.086219336219331","","interacts with","0","0.464231399","","OR12D2 (interacts with) ZNF319",,"0","0","0","1","0.526829268","0.40163353",,"false","interacts with","OR12D2 (interacts with) ZNF319","0","P58182","","Q9P2F9",""
"8.404040404040405","","interacts with","0","0.476387183","","ARHGAP44 (interacts with) ZNF772",,"0","0","0","1","0.551219512","0.401554854",,"false","interacts with","ARHGAP44 (interacts with) ZNF772","0","Q17R89","","Q68DY9",""
"34.0","","interacts with","0","0.476426304","","TNFSF11 (interacts with) SOX13",,"1","0","1","1","0.551219512","0.401633096",,"false","interacts with","TNFSF11 (interacts with) SOX13","0","O14788","","Q9UN79",""
"17.371031746031747","","interacts with","0","0.47638719","","OR12D2 (interacts with) FILIP1",,"0","0","0","1","0.551219512","0.401554868",,"false","interacts with","OR12D2 (interacts with) FILIP1","0","P58182","","Q7Z7B0",""
"7.348484848484847","","interacts with","0","0.464192213","","ARHGAP44 (interacts with) ZNF221",,"0","0","0","1","0.526829268","0.401555158",,"false","interacts with","ARHGAP44 (interacts with) ZNF221","0","Q17R89","","Q9UK13",""
"4.783333333333334","","interacts with","0","0.461792948","","OR12D2 (interacts with) ZNF547",,"0","0","0","1","0.52195122","0.401634676",,"false","interacts with","OR12D2 (interacts with) ZNF547","0","P58182","","Q8IVP9",""
"9.594155844155841","","interacts with","0","0.476387389","","OR12D2 (interacts with) SAMD15",,"0","0","0","1","0.551219512","0.401555267",,"false","interacts with","OR12D2 (interacts with) SAMD15","0","P58182","","Q9P1V8",""
"2.0","","interacts with","0","0.476387191","","ZNF716 (interacts with) ZNF382",,"0","0","0","1","0.551219512","0.401554869",,"false","interacts with","ZNF716 (interacts with) ZNF382","0","A6NP11","","Q96SR6",""
"40.0","","interacts with","0","0.476426463","","RELA (interacts with) OR10G6",,"1","0","1","1","0.551219512","0.401633413",,"false","interacts with","RELA (interacts with) OR10G6","0","Q04206","","Q8NH81",""
"3.0","","interacts with","0","0.469070667","","IGHV7-81 (interacts with) TMEM61",,"0","0","0","1","0.536585366","0.401555968",,"false","interacts with","IGHV7-81 (interacts with) TMEM61","0","A0A0B4J1V7","","Q8N0U2",""
"5.8999999999999995","","interacts with","0","0.476387347","","MED15 (interacts with) TMCO6",,"0","0","0","1","0.551219512","0.401555182",,"false","interacts with","MED15 (interacts with) TMCO6","0","Q96RN5","","Q96DC7",""
"5.719047619047619","","interacts with","0","0.476387139","","IGHV7-81 (interacts with) GOLGA6B",,"0","0","0","1","0.551219512","0.401554765",,"false","interacts with","IGHV7-81 (interacts with) GOLGA6B","0","A0A0B4J1V7","","A6NDN3",""
"57.0","","interacts with","0","0.476426207","","COL1A2 (interacts with) ACP6",,"1","0","1","1","0.551219512","0.401632902",,"false","interacts with","COL1A2 (interacts with) ACP6","0","P08123","","Q9NPH0",""
"5.5","","interacts with","0","0.476387304","","IGHV7-81 (interacts with) IZUMO1",,"0","0","0","1","0.551219512","0.401555096",,"false","interacts with","IGHV7-81 (interacts with) IZUMO1","0","A0A0B4J1V7","","Q8IYV9",""
"7.6190476190476195","","interacts with","0","0.476426216","","SPP1 (interacts with) PABPC1L2B",,"1","0","1","1","0.551219512","0.401632921",,"false","interacts with","SPP1 (interacts with) PABPC1L2B","0","P10451","","Q5JQF8",""
"7.4818181818181815","","interacts with","0","0.47638714","","ARHGAP44 (interacts with) PDE7A",,"0","0","0","1","0.551219512","0.401554767",,"false","interacts with","ARHGAP44 (interacts with) PDE7A","0","Q17R89","","Q13946",""
"35.0","","interacts with","0","0.476426233","","RELA (interacts with) C1QL2",,"1","0","1","1","0.551219512","0.401632954",,"false","interacts with","RELA (interacts with) C1QL2","0","Q04206","","Q7Z5L3",""
"7.1484848484848476","","interacts with","0","0.464192032","","ARHGAP44 (interacts with) IQCM",,"0","0","0","1","0.526829268","0.401554795",,"false","interacts with","ARHGAP44 (interacts with) IQCM","0","Q17R89","","A0A1B0GVH7",""
"8.937373737373736","","interacts with","0","0.476387106","","ARHGAP44 (interacts with) SULT1E1",,"0","0","0","1","0.551219512","0.401554701",,"false","interacts with","ARHGAP44 (interacts with) SULT1E1","0","Q17R89","","P49888",""
"6.949999999999999","","interacts with","0","0.476387159","","MED15 (interacts with) TRAV12-3",,"0","0","0","1","0.551219512","0.401554806",,"false","interacts with","MED15 (interacts with) TRAV12-3","0","Q96RN5","","A0A0B4J271",""
"19.0","","interacts with","0","0.464231364","","FAM86B2 (interacts with) BCL2",,"0","1","1","1","0.526829268","0.401633459",,"false","interacts with","FAM86B2 (interacts with) BCL2","0","P0C5J1","","P10415",""
"7.337373737373738","","interacts with","0","0.476387073","","ARHGAP44 (interacts with) GLYATL1",,"0","0","0","1","0.551219512","0.401554634",,"false","interacts with","ARHGAP44 (interacts with) GLYATL1","0","Q17R89","","Q969I3",""
"9.924242424242422","","interacts with","0","0.469070306","","OR12D2 (interacts with) PMS2",,"0","0","0","1","0.536585366","0.401555247",,"false","interacts with","OR12D2 (interacts with) PMS2","0","P58182","","P54278",""
"31.666666666666664","","interacts with","0","0.47642631","","TP53 (interacts with) AKAP14",,"1","0","1","1","0.551219512","0.401633108",,"false","interacts with","TP53 (interacts with) AKAP14","0","P04637","","Q86UN6",""
"11.166666666666666","","interacts with","0","0.464231347","","SPP1 (interacts with) LACC1",,"1","0","1","1","0.526829268","0.401633425",,"false","interacts with","SPP1 (interacts with) LACC1","0","P10451","","Q8IV20",""
"10.53737373737374","","interacts with","0","0.476387145","","ARHGAP44 (interacts with) AADACL4",,"0","0","0","1","0.551219512","0.401554778",,"false","interacts with","ARHGAP44 (interacts with) AADACL4","0","Q17R89","","Q5VUY2",""
"8.0","","interacts with","0","0.464192283","","ARHGAP44 (interacts with) ZNF311",,"0","0","0","1","0.526829268","0.401555297",,"false","interacts with","ARHGAP44 (interacts with) ZNF311","0","Q17R89","","Q5JNZ3",""
"23.0","","interacts with","0","0.476426161","","BCL2 (interacts with) ZNF219",,"1","0","1","1","0.551219512","0.401632811",,"false","interacts with","BCL2 (interacts with) ZNF219","0","P10415","","Q9P2Y4",""
"6.619047619047618","","interacts with","0","0.464192383","","FAM117B (interacts with) TRAV12-1",,"0","0","0","1","0.526829268","0.401555498",,"false","interacts with","FAM117B (interacts with) TRAV12-1","0","Q6P1L5","","A0A0B4J245",""
"28.666666666666664","","interacts with","0","0.476426255","","TNFSF11 (interacts with) HRC",,"1","0","1","1","0.551219512","0.401632998",,"false","interacts with","TNFSF11 (interacts with) HRC","0","O14788","","P23327",""
"4.8","","interacts with","0","0.464192115","","ZMYM5 (interacts with) NXPH1",,"0","0","0","1","0.526829268","0.401554961",,"false","interacts with","ZMYM5 (interacts with) NXPH1","0","Q9UJ78","","P58417",""
"32.33333333333333","","interacts with","0","0.476426307","","MYCN (interacts with) ARPIN",,"1","0","1","1","0.551219512","0.401633101",,"false","interacts with","MYCN (interacts with) ARPIN","0","P04198","","Q7Z6K5",""
"6.619047619047618","","interacts with","0","0.46419233","","FAM117B (interacts with) SMIM44",,"0","0","0","1","0.526829268","0.401555391",,"false","interacts with","FAM117B (interacts with) SMIM44","0","Q6P1L5","","A0A286YF18",""
"4.852380952380953","","interacts with","0","0.469070346","","ATMIN (interacts with) SGCA",,"0","0","0","1","0.536585366","0.401555325",,"false","interacts with","ATMIN (interacts with) SGCA","0","O43313","","Q16586",""
"20.0","","interacts with","0","0.46423117","","BGLAP (interacts with) C18orf21",,"1","0","1","1","0.526829268","0.401633073",,"false","interacts with","BGLAP (interacts with) C18orf21","0","P02818","","Q32NC0",""
"3.0","","interacts with","0","0.469070191","","TAOK3 (interacts with) BMP2K",,"0","0","0","1","0.536585366","0.401555017",,"false","interacts with","TAOK3 (interacts with) BMP2K","0","Q9H2K8","","Q9NSY1",""
"5.999999999999999","","interacts with","0","0.469070021","","MED15 (interacts with) RBMX2",,"0","0","0","1","0.536585366","0.401554675",,"false","interacts with","MED15 (interacts with) RBMX2","0","Q96RN5","","Q9Y388",""
"5.0","","interacts with","0","0.476426167","","AKT1 (interacts with) RNASEL",,"1","0","1","1","0.551219512","0.401632822",,"false","interacts with","AKT1 (interacts with) RNASEL","0","P31749","","Q05823",""
"5.6","","interacts with","0","0.476387259","","MED15 (interacts with) TMEM41A",,"0","0","0","1","0.551219512","0.401555006",,"false","interacts with","MED15 (interacts with) TMEM41A","0","Q96RN5","","Q96HV5",""
"3.6333333333333333","","interacts with","0","0.461753199","","ZMYM5 (interacts with) SYT9",,"0","0","0","1","0.52195122","0.401555178",,"false","interacts with","ZMYM5 (interacts with) SYT9","0","Q9UJ78","","Q86SS6",""
"4.333333333333333","","interacts with","0","0.476387047","","ZMYM5 (interacts with) ASXL2",,"0","0","0","1","0.551219512","0.401554582",,"false","interacts with","ZMYM5 (interacts with) ASXL2","0","Q9UJ78","","Q76L83",""
"33.6","","interacts with","0","0.476426285","","MAGEB17 (interacts with) TRAF6",,"0","1","1","1","0.551219512","0.401633059",,"false","interacts with","MAGEB17 (interacts with) TRAF6","0","A8MXT2","","Q9Y4K3",""
"13.266666666666667","","interacts with","0","0.476387189","","SOCS2 (interacts with) ATXN7L1",,"0","0","0","1","0.551219512","0.401554866",,"false","interacts with","SOCS2 (interacts with) ATXN7L1","0","O14508","","Q9ULK2",""
"28.699999999999996","","interacts with","0","0.476426251","","PSMD12 (interacts with) COL1A2",,"0","1","1","1","0.551219512","0.40163299",,"false","interacts with","PSMD12 (interacts with) COL1A2","0","O00232","","P08123",""
"5.866666666666667","","interacts with","0","0.476387258","","SOCS2 (interacts with) RTF1",,"0","0","0","1","0.551219512","0.401555004",,"false","interacts with","SOCS2 (interacts with) RTF1","0","O14508","","Q92541",""
"37.41904761904763","","interacts with","0","0.476426248","","COL5A2 (interacts with) THBD",,"1","0","1","1","0.551219512","0.401632984",,"false","interacts with","COL5A2 (interacts with) THBD","0","P05997","","P07204",""
"6.319047619047619","","interacts with","0","0.469070226","","MED15 (interacts with) SGCA",,"0","0","0","1","0.536585366","0.401555086",,"false","interacts with","MED15 (interacts with) SGCA","0","Q96RN5","","Q16586",""
"8.519047619047619","","interacts with","0","0.464192194","","ATMIN (interacts with) SMIM26",,"0","0","0","1","0.526829268","0.40155512",,"false","interacts with","ATMIN (interacts with) SMIM26","0","O43313","","A0A096LP01",""
"9.56904761904762","","interacts with","0","0.476387146","","MED15 (interacts with) SMIM26",,"0","0","0","1","0.551219512","0.401554779",,"false","interacts with","MED15 (interacts with) SMIM26","0","Q96RN5","","A0A096LP01",""
"5.3","","interacts with","0","0.46419231","","ATMIN (interacts with) GTF2A1L",,"0","0","0","1","0.526829268","0.401555351",,"false","interacts with","ATMIN (interacts with) GTF2A1L","0","O43313","","Q9UNN4",""
"37.666666666666686","","interacts with","0","0.464216061","","WDR13 (interacts with) BDP1",,"0","0","0","1","0.526829268","0.401602853",,"false","interacts with","WDR13 (interacts with) BDP1","0","Q9H1Z4","","A6H8Y1",""
"35.61904761904762","","interacts with","0","0.476426293","","COL1A2 (interacts with) DDX4",,"1","0","1","1","0.551219512","0.401633073",,"false","interacts with","COL1A2 (interacts with) DDX4","0","P08123","","Q9NQI0",""
"78.0","","interacts with","0","0.476426275","","COL5A2 (interacts with) PDSS1",,"1","0","1","1","0.551219512","0.401633038",,"false","interacts with","COL5A2 (interacts with) PDSS1","0","P05997","","Q5T2R2",""
"32.86666666666666","","interacts with","0","0.464231156","","TMEM200C (interacts with) TP53",,"0","1","1","1","0.526829268","0.401633043",,"false","interacts with","TMEM200C (interacts with) TP53","0","A6NKL6","","P04637",""
"5.51904761904762","","interacts with","0","0.476387094","","PKLR (interacts with) SHISA2",,"0","0","0","1","0.551219512","0.401554675",,"false","interacts with","PKLR (interacts with) SHISA2","0","P30613","","Q6UWI4",""
"0.0","","interacts with","0","0.621471331","","CALCA (interacts with) CALCA",,"1","1","1","1","0.834146341","0.408796321",,"false","interacts with","CALCA (interacts with) CALCA","0","P01258","","P01258",""
"5.752380952380953","","interacts with","0","0.476387041","","PKLR (interacts with) C3orf84",,"0","0","0","1","0.551219512","0.40155457",,"false","interacts with","PKLR (interacts with) C3orf84","0","P30613","","H3BNL1",""
"2.0","","interacts with","0","0.464216288","","MANEAL (interacts with) CLUH",,"0","0","0","1","0.526829268","0.401603307",,"false","interacts with","MANEAL (interacts with) CLUH","0","Q5VSG8","","O75153",""
"20.0","","interacts with","0","0.4764262","","CCT8L1P (interacts with) BCL2",,"0","1","1","1","0.551219512","0.401632888",,"false","interacts with","CCT8L1P (interacts with) BCL2","0","A6NM43","","P10415",""
"6.166666666666667","","interacts with","0","0.476387055","","ARMH4 (interacts with) TPMT",,"0","0","0","1","0.551219512","0.401554597",,"false","interacts with","ARMH4 (interacts with) TPMT","0","Q86TY3","","P51580",""
"9.35529832486354","","interacts with","0","0.464231204","","MYC (interacts with) SAMD15",,"1","0","1","1","0.526829268","0.401633139",,"false","interacts with","MYC (interacts with) SAMD15","0","P01106","","Q9P1V8",""
"6.352380952380952","","interacts with","0","0.476387086","","PKLR (interacts with) AKAP14",,"0","0","0","1","0.551219512","0.40155466",,"false","interacts with","PKLR (interacts with) AKAP14","0","P30613","","Q86UN6",""
"8.233333333333333","","interacts with","0","0.464192067","","PKLR (interacts with) DNAAF1",,"0","0","0","1","0.526829268","0.401554866",,"false","interacts with","PKLR (interacts with) DNAAF1","0","P30613","","Q8NEP3",""
"25.999999999999993","","interacts with","0","0.476426305","","IGLV1-36 (interacts with) MYCN",,"0","1","1","1","0.551219512","0.401633099",,"false","interacts with","IGLV1-36 (interacts with) MYCN","0","A0A0B4J1U3","","P04198",""
"32.0","","interacts with","0","0.476426278","","TP53 (interacts with) PSMF1",,"1","0","1","1","0.551219512","0.401633043",,"false","interacts with","TP53 (interacts with) PSMF1","0","P04637","","Q92530",""
"7.204761904761905","","interacts with","0","0.476387068","","ARMH4 (interacts with) RPUSD1",,"0","0","0","1","0.551219512","0.401554625",,"false","interacts with","ARMH4 (interacts with) RPUSD1","0","Q86TY3","","Q9UJJ7",""
"10.8","","interacts with","0","0.476426301","","CTSK (interacts with) TSPYL2",,"1","0","1","1","0.551219512","0.40163309",,"false","interacts with","CTSK (interacts with) TSPYL2","0","P43235","","Q9H2G4",""
"4.666666666666666","","interacts with","0","0.476387485","","HRC (interacts with) KCNK18",,"0","0","0","1","0.551219512","0.401555459",,"false","interacts with","HRC (interacts with) KCNK18","0","P23327","","Q7Z418",""
"7.7","","interacts with","0","0.476387178","","SOCS2 (interacts with) DNAAF1",,"0","0","0","1","0.551219512","0.401554843",,"false","interacts with","SOCS2 (interacts with) DNAAF1","0","O14508","","Q8NEP3",""
"13.466666666666667","","interacts with","0","0.476426334","","TRGV3 (interacts with) BMP2",,"0","1","1","1","0.551219512","0.401633157",,"false","interacts with","TRGV3 (interacts with) BMP2","0","P03979","","P12643",""
"6.699999999999999","","interacts with","0","0.464192207","","SOCS2 (interacts with) RNF168",,"0","0","0","1","0.526829268","0.401555145",,"false","interacts with","SOCS2 (interacts with) RNF168","0","O14508","","Q8IYW5",""
"5.685714285714286","","interacts with","0","0.476387055","","PKLR (interacts with) SCN3B",,"0","0","0","1","0.551219512","0.401554598",,"false","interacts with","PKLR (interacts with) SCN3B","0","P30613","","Q9NY72",""
"5.4523809523809526","","interacts with","0","0.476387099","","SALL2 (interacts with) ANKRD22",,"0","0","0","1","0.551219512","0.401554686",,"false","interacts with","SALL2 (interacts with) ANKRD22","0","Q9Y467","","Q5VYY1",""
"10.833333333333334","","interacts with","0","0.464192079","","IGHV4-61 (interacts with) RRBP1",,"0","0","0","1","0.526829268","0.401554891",,"false","interacts with","IGHV4-61 (interacts with) RRBP1","0","A0A0C4DH41","","Q9P2E9",""
"14.638095238095238","","interacts with","0","0.469109262","","BMP2 (interacts with) ARMH4",,"1","0","1","1","0.536585366","0.401633158",,"false","interacts with","BMP2 (interacts with) ARMH4","0","P12643","","Q86TY3",""
"5.4523809523809526","","interacts with","0","0.476387074","","SALL2 (interacts with) LCN15",,"0","0","0","1","0.551219512","0.401554635",,"false","interacts with","SALL2 (interacts with) LCN15","0","Q9Y467","","Q6UWW0",""
"12.833333333333334","","interacts with","0","0.461777159","","IGHV4-61 (interacts with) CCDC7",,"0","0","0","1","0.52195122","0.401603098",,"false","interacts with","IGHV4-61 (interacts with) CCDC7","0","A0A0C4DH41","","Q96M83",""
"20.0","","interacts with","0","0.464231206","","BCL2 (interacts with) RGL4",,"1","0","1","1","0.526829268","0.401633143",,"false","interacts with","BCL2 (interacts with) RGL4","0","P10415","","Q8IZJ4",""
"4.51904761904762","","interacts with","0","0.476387194","","SALL2 (interacts with) ZNF358",,"0","0","0","1","0.551219512","0.401554875",,"false","interacts with","SALL2 (interacts with) ZNF358","0","Q9Y467","","Q9NW07",""
"66.33333333333334","","interacts with","0","0.464231265","","COL1A1 (interacts with) MCHR1",,"1","0","1","1","0.526829268","0.401633262",,"false","interacts with","COL1A1 (interacts with) MCHR1","0","P02452","","Q99705",""
"6.1190476190476195","","interacts with","0","0.464191977","","PKLR (interacts with) HLA-DRB3",,"0","0","0","1","0.526829268","0.401554686",,"false","interacts with","PKLR (interacts with) HLA-DRB3","0","P30613","","P79483",""
"7.6190476190476195","","interacts with","0","0.476387431","","PKLR (interacts with) OR56A4",,"0","0","0","1","0.551219512","0.40155535",,"false","interacts with","PKLR (interacts with) OR56A4","0","P30613","","Q8NGH8",""
"78.0","","interacts with","0","0.464255204","","GSG1L2 (interacts with) COL3A1",,"0","1","1","1","0.526829268","0.401681139",,"false","interacts with","GSG1L2 (interacts with) COL3A1","0","A8MUP6","","P02461",""
"3.0","","interacts with","0","0.464231602","","OR1M1 (interacts with) RNF13",,"0","0","0","1","0.526829268","0.401633935",,"false","interacts with","OR1M1 (interacts with) RNF13","0","Q8NGA1","","O43567",""
"6.166666666666667","","interacts with","0","0.476387079","","ARMH4 (interacts with) IGHV4-39",,"0","0","0","1","0.551219512","0.401554646",,"false","interacts with","ARMH4 (interacts with) IGHV4-39","0","Q86TY3","","P01824",""
"7.904761904761904","","interacts with","0","0.476387126","","ARMH4 (interacts with) STARD3NL",,"0","0","0","1","0.551219512","0.401554739",,"false","interacts with","ARMH4 (interacts with) STARD3NL","0","Q86TY3","","O95772",""
"27.666666666666664","","interacts with","0","0.464231198","","MYCN (interacts with) CHCT1",,"1","0","1","1","0.526829268","0.401633128",,"false","interacts with","MYCN (interacts with) CHCT1","0","P04198","","Q86WR6",""
"16.0","","interacts with","0","0.464255221","","CTSK (interacts with) FRMPD4",,"1","0","1","1","0.526829268","0.401681173",,"false","interacts with","CTSK (interacts with) FRMPD4","0","P43235","","Q14CM0",""
"2.2","","interacts with","0","0.476426148","","AKT1 (interacts with) TRIP11",,"1","0","1","1","0.551219512","0.401632783",,"false","interacts with","AKT1 (interacts with) TRIP11","0","P31749","","Q15643",""
"19.154813664596276","","interacts with","0","0.476426321","","MYC (interacts with) PSMA4",,"1","0","1","1","0.551219512","0.40163313",,"false","interacts with","MYC (interacts with) PSMA4","0","P01106","","P25789",""
"37.66666666666669","","interacts with","0","0.464216152","","MFSD9 (interacts with) BDP1",,"0","0","0","1","0.526829268","0.401603035",,"false","interacts with","MFSD9 (interacts with) BDP1","0","Q8NBP5","","A6H8Y1",""
"9.666666666666668","","interacts with","0","0.476426282","","AKT1 (interacts with) DENND2A",,"1","0","1","1","0.551219512","0.401633053",,"false","interacts with","AKT1 (interacts with) DENND2A","0","P31749","","Q9ULE3",""
"4.0","","interacts with","0","0.476387194","","ZNF839 (interacts with) WDR45B",,"0","0","0","1","0.551219512","0.401554876",,"false","interacts with","ZNF839 (interacts with) WDR45B","0","A8K0R7","","Q5MNZ6",""
"9.666666666666666","","interacts with","0","0.464255189","","BCL2 (interacts with) DCTN1",,"1","0","1","1","0.526829268","0.401681109",,"false","interacts with","BCL2 (interacts with) DCTN1","0","P10415","","Q14203",""
"8.8","","interacts with","0","0.461777058","","APOBEC3A (interacts with) CCDC7",,"0","0","0","1","0.52195122","0.401602896",,"false","interacts with","APOBEC3A (interacts with) CCDC7","0","P31941","","Q96M83",""
"4.0","","interacts with","0","0.461753108","","ZNF839 (interacts with) DMRTA2",,"0","0","0","1","0.52195122","0.401554997",,"false","interacts with","ZNF839 (interacts with) DMRTA2","0","A8K0R7","","Q96SC8",""
"19.499999999999996","","interacts with","0","0.476426304","","IGHV4-39 (interacts with) BMP2",,"0","1","1","1","0.551219512","0.401633096",,"false","interacts with","IGHV4-39 (interacts with) BMP2","0","P01824","","P12643",""
"6.0","","interacts with","0","0.476426197","","DLGAP1 (interacts with) SRC",,"0","1","1","1","0.551219512","0.401632881",,"false","interacts with","DLGAP1 (interacts with) SRC","0","O14490","","P12931",""
"72.54901960784314","","interacts with","0","0.476426206","","RDH16 (interacts with) COL3A1",,"0","1","1","1","0.551219512","0.401632899",,"false","interacts with","RDH16 (interacts with) COL3A1","0","O75452","","P02461",""
"42.68571428571429","","interacts with","0","0.476426286","","COL5A2 (interacts with) CD82",,"1","0","1","1","0.551219512","0.40163306",,"false","interacts with","COL5A2 (interacts with) CD82","0","P05997","","P27701",""
"18.0","","interacts with","0","0.476426281","","BGLAP (interacts with) SP2",,"1","0","1","1","0.551219512","0.401633049",,"false","interacts with","BGLAP (interacts with) SP2","0","P02818","","Q02086",""
"18.0","","interacts with","0","0.476426251","","CALCA (interacts with) COL9A3",,"1","0","1","1","0.551219512","0.401632989",,"false","interacts with","CALCA (interacts with) COL9A3","0","P01258","","Q14050",""
"6.333333333333332","","interacts with","0","0.469070822","","EFNA1 (interacts with) OR56A4",,"0","0","0","1","0.536585366","0.401556279",,"false","interacts with","EFNA1 (interacts with) OR56A4","0","P20827","","Q8NGH8",""
"108.0","","interacts with","0","0.47642619","","COL5A2 (interacts with) GLYAT",,"1","0","1","1","0.551219512","0.401632867",,"false","interacts with","COL5A2 (interacts with) GLYAT","0","P05997","","Q6IB77",""
"7.704761904761904","","interacts with","0","0.46419212","","ARMH4 (interacts with) IGHV7-81",,"0","0","0","1","0.526829268","0.401554973",,"false","interacts with","ARMH4 (interacts with) IGHV7-81","0","Q86TY3","","A0A0B4J1V7",""
"38.0","","interacts with","0","0.47642629","","ZBTB22 (interacts with) PROCR",,"0","1","1","1","0.551219512","0.401633068",,"false","interacts with","ZBTB22 (interacts with) PROCR","0","O15209","","Q9UNN8",""
"11.979813664596271","","interacts with","0","0.476426371","","EFCAB9 (interacts with) MYC",,"0","1","1","1","0.551219512","0.401633231",,"false","interacts with","EFCAB9 (interacts with) MYC","0","A8MZ26","","P01106",""
"3.1666666666666665","","interacts with","0","0.464192044","","NXPH1 (interacts with) ARHGAP28",,"0","0","0","1","0.526829268","0.40155482",,"false","interacts with","NXPH1 (interacts with) ARHGAP28","0","P58417","","Q9P2N2",""
"32.0","","interacts with","0","0.461792166","","IGLV1-51 (interacts with) SOST",,"0","1","1","1","0.52195122","0.401633112",,"false","interacts with","IGLV1-51 (interacts with) SOST","0","P01701","","Q9BQB4",""
"5.704761904761904","","interacts with","0","0.476387159","","ARMH4 (interacts with) TMEM61",,"0","0","0","1","0.551219512","0.401554805",,"false","interacts with","ARMH4 (interacts with) TMEM61","0","Q86TY3","","Q8N0U2",""
"2.0","","interacts with","0","0.476426236","","XPNPEP2 (interacts with) NOS3",,"0","1","1","1","0.551219512","0.401632959",,"false","interacts with","XPNPEP2 (interacts with) NOS3","0","O43895","","P29474",""
"45.12219887955183","","interacts with","0","0.464231263","","COL3A1 (interacts with) MCAM",,"1","0","1","1","0.526829268","0.401633258",,"false","interacts with","COL3A1 (interacts with) MCAM","0","P02461","","P43121",""
"35.0","","interacts with","0","0.476426241","","RELA (interacts with) OR51A4",,"1","0","1","1","0.551219512","0.401632969",,"false","interacts with","RELA (interacts with) OR51A4","0","Q04206","","Q8NGJ6",""
"26.0","","interacts with","0","0.476426227","","PDE5A (interacts with) CTSK",,"0","1","1","1","0.551219512","0.401632942",,"false","interacts with","PDE5A (interacts with) CTSK","0","O76074","","P43235",""
"8.5","","interacts with","0","0.47642622","","BMP7 (interacts with) FAM83C",,"1","0","1","1","0.551219512","0.401632929",,"false","interacts with","BMP7 (interacts with) FAM83C","0","P18075","","Q9BQN1",""
"40.0","","interacts with","0","0.47642638","","RELA (interacts with) OR51I2",,"1","0","1","1","0.551219512","0.401633249",,"false","interacts with","RELA (interacts with) OR51I2","0","Q04206","","Q9H344",""
"21.166666666666668","","interacts with","0","0.476387064","","CFAP107 (interacts with) SYT17",,"0","0","0","1","0.551219512","0.401554616",,"false","interacts with","CFAP107 (interacts with) SYT17","0","Q8N1D5","","Q9BSW7",""
"33.9091575091575","","interacts with","0","0.461816251","","CNR2 (interacts with) BRDT",,"1","0","1","1","0.52195122","0.401681282",,"false","interacts with","CNR2 (interacts with) BRDT","0","P34972","","Q58F21",""
"5.704761904761904","","interacts with","0","0.476387259","","ARMH4 (interacts with) TRGV5",,"0","0","0","1","0.551219512","0.401555005",,"false","interacts with","ARMH4 (interacts with) TRGV5","0","Q86TY3","","A0A0B4J1U4",""
"10.0","","interacts with","0","0.461753068","","LYG1 (interacts with) HSP90AA2P",,"0","0","0","1","0.52195122","0.401554917",,"false","interacts with","LYG1 (interacts with) HSP90AA2P","0","Q8N1E2","","Q14568",""
"16.0","","interacts with","0","0.476426223","","CALCA (interacts with) TLNRD1",,"1","0","1","1","0.551219512","0.401632933",,"false","interacts with","CALCA (interacts with) TLNRD1","0","P01258","","Q9H1K6",""
"12.619047619047617","","interacts with","0","0.47638714","","LYG1 (interacts with) ATXN7L1",,"0","0","0","1","0.551219512","0.401554769",,"false","interacts with","LYG1 (interacts with) ATXN7L1","0","Q8N1E2","","Q9ULK2",""
"5.935714285714286","","interacts with","0","0.469070455","","IL34 (interacts with) ZFP57",,"0","0","0","1","0.536585366","0.401555544",,"false","interacts with","IL34 (interacts with) ZFP57","0","Q6ZMJ4","","Q9NU63",""
"8.785714285714286","","interacts with","0","0.47638721","","LYG1 (interacts with) TCP11L2",,"0","0","0","1","0.551219512","0.401554907",,"false","interacts with","LYG1 (interacts with) TCP11L2","0","Q8N1E2","","Q8N4U5",""
"6.2023809523809526","","interacts with","0","0.476387349","","IL34 (interacts with) ZNF449",,"0","0","0","1","0.551219512","0.401555186",,"false","interacts with","IL34 (interacts with) ZNF449","0","Q6ZMJ4","","Q6P9G9",""
"9.752380952380953","","interacts with","0","0.476387177","","LYG1 (interacts with) RTF1",,"0","0","0","1","0.551219512","0.401554841",,"false","interacts with","LYG1 (interacts with) RTF1","0","Q8N1E2","","Q92541",""
"29.333333333333336","","interacts with","0","0.469109326","","STARD3NL (interacts with) BMP2",,"0","1","1","1","0.536585366","0.401633287",,"false","interacts with","STARD3NL (interacts with) BMP2","0","O95772","","P12643",""
"23.98571428571428","","interacts with","0","0.476426318","","FGF10 (interacts with) TP53",,"0","1","1","1","0.551219512","0.401633124",,"false","interacts with","FGF10 (interacts with) TP53","0","O15520","","P04637",""
"76.57857142857142","","interacts with","0","0.476426184","","CD72 (interacts with) COL5A3",,"0","1","1","1","0.551219512","0.401632856",,"false","interacts with","CD72 (interacts with) COL5A3","0","P21854","","P25940",""
"8.966666666666669","","interacts with","0","0.464231183","","RAMACL (interacts with) MYCL",,"0","1","1","1","0.526829268","0.401633097",,"false","interacts with","RAMACL (interacts with) MYCL","0","A0A3B3IU46","","P12524",""
"57.87206249869295","","interacts with","0","0.476426164","","COL5A3 (interacts with) FCRL6",,"1","0","1","1","0.551219512","0.401632815",,"false","interacts with","COL5A3 (interacts with) FCRL6","0","P25940","","Q6DN72",""
"33.400000000000006","","interacts with","0","0.476426282","","COL1A2 (interacts with) NAP1L3",,"1","0","1","1","0.551219512","0.401633051",,"false","interacts with","COL1A2 (interacts with) NAP1L3","0","P08123","","Q99457",""
"10.071428571428573","","interacts with","0","0.461777145","","ARMH4 (interacts with) CCDC7",,"0","0","0","1","0.52195122","0.401603071",,"false","interacts with","ARMH4 (interacts with) CCDC7","0","Q86TY3","","Q96M83",""
"9.0","","interacts with","0","0.464192081","","CFAP107 (interacts with) CCKAR",,"0","0","0","1","0.526829268","0.401554893",,"false","interacts with","CFAP107 (interacts with) CCKAR","0","Q8N1D5","","P32238",""
"67.0","","interacts with","0","0.476426206","","COL1A1 (interacts with) CLNK",,"1","0","1","1","0.551219512","0.4016329",,"false","interacts with","COL1A1 (interacts with) CLNK","0","P02452","","Q7Z7G1",""
"8.219047619047618","","interacts with","0","0.46419215","","LYG1 (interacts with) TMEM200C",,"0","0","0","1","0.526829268","0.401555031",,"false","interacts with","LYG1 (interacts with) TMEM200C","0","Q8N1E2","","A6NKL6",""
"63.61904761904761","","interacts with","0","0.476426241","","COL3A1 (interacts with) C9orf64",,"1","0","1","1","0.551219512","0.401632971",,"false","interacts with","COL3A1 (interacts with) C9orf64","0","P02461","","Q5T6V5",""
"3.6666666666666665","","interacts with","0","0.469110574","","LPAR2 (interacts with) REEP4",,"0","0","0","1","0.536585366","0.401635783",,"false","interacts with","LPAR2 (interacts with) REEP4","0","Q9HBW0","","Q9H6H4",""
"10.552380952380952","","interacts with","0","0.476387138","","LYG1 (interacts with) DNAAF1",,"0","0","0","1","0.551219512","0.401554764",,"false","interacts with","LYG1 (interacts with) DNAAF1","0","Q8N1E2","","Q8NEP3",""
"11.0","","interacts with","0","0.476426436","","LPAR2 (interacts with) RBM25",,"0","0","0","1","0.551219512","0.401633359",,"false","interacts with","LPAR2 (interacts with) RBM25","0","Q9HBW0","","P49756",""
"40.0","","interacts with","0","0.464231291","","RELA (interacts with) OR6C1",,"1","0","1","1","0.526829268","0.401633313",,"false","interacts with","RELA (interacts with) OR6C1","0","Q04206","","Q96RD1",""
"5.0","","interacts with","0","0.464231789","","LPAR2 (interacts with) D2HGDH",,"0","0","0","1","0.526829268","0.401634311",,"false","interacts with","LPAR2 (interacts with) D2HGDH","0","Q9HBW0","","Q8N465",""
"10.052380952380952","","interacts with","0","0.476387296","","LYG1 (interacts with) RNF168",,"0","0","0","1","0.551219512","0.40155508",,"false","interacts with","LYG1 (interacts with) RNF168","0","Q8N1E2","","Q8IYW5",""
"87.0","","interacts with","0","0.476426226","","COL1A1 (interacts with) D2HGDH",,"1","0","1","1","0.551219512","0.401632939",,"false","interacts with","COL1A1 (interacts with) D2HGDH","0","P02452","","Q8N465",""
"16.53333333333333","","interacts with","0","0.476426426","","OR52D1 (interacts with) PHC2",,"0","0","0","1","0.551219512","0.40163334",,"false","interacts with","OR52D1 (interacts with) PHC2","0","Q9H346","","Q8IXK0",""
"9.499999999999998","","interacts with","0","0.469070614","","LYG1 (interacts with) OR56A4",,"0","0","0","1","0.536585366","0.401555861",,"false","interacts with","LYG1 (interacts with) OR56A4","0","Q8N1E2","","Q8NGH8",""
"11.0","","interacts with","0","0.464255278","","COL5A1 (interacts with) GABRB2",,"1","0","1","1","0.526829268","0.401681288",,"false","interacts with","COL5A1 (interacts with) GABRB2","0","P20908","","P47870",""
"5.0","","interacts with","0","0.476387068","","PJVK (interacts with) CCSER1",,"0","0","0","1","0.551219512","0.401554623",,"false","interacts with","PJVK (interacts with) CCSER1","0","Q0ZLH3","","Q9C0I3",""
"16.333333333333336","","interacts with","0","0.47642633","","SPP1 (interacts with) RFESD",,"1","0","1","1","0.551219512","0.401633148",,"false","interacts with","SPP1 (interacts with) RFESD","0","P10451","","Q8TAC1",""
"7.121428571428571","","interacts with","0","0.464192341","","IL34 (interacts with) THBD",,"0","0","0","1","0.526829268","0.401555414",,"false","interacts with","IL34 (interacts with) THBD","0","Q6ZMJ4","","P07204",""
"6.883333333333334","","interacts with","0","0.476387397","","IL34 (interacts with) AHRR",,"0","0","0","1","0.551219512","0.401555282",,"false","interacts with","IL34 (interacts with) AHRR","0","Q6ZMJ4","","A9YTQ3",""
"4.0","","interacts with","0","0.46419244","","IGKV2D-30 (interacts with) SINHCAF",,"0","0","0","1","0.526829268","0.401555611",,"false","interacts with","IGKV2D-30 (interacts with) SINHCAF","0","A0A075B6S6","","Q9NP50",""
"20.999999999999996","","interacts with","0","0.476426232","","SRRM5 (interacts with) PROCR",,"0","1","1","1","0.551219512","0.401632952",,"false","interacts with","SRRM5 (interacts with) PROCR","0","B3KS81","","Q9UNN8",""
"10.074603174603173","","interacts with","0","0.4763873","","IL34 (interacts with) MYLK3",,"0","0","0","1","0.551219512","0.401555087",,"false","interacts with","IL34 (interacts with) MYLK3","0","Q6ZMJ4","","Q32MK0",""
"8.666666666666666","","interacts with","0","0.476387074","","LYG1 (interacts with) FRZB",,"0","0","0","1","0.551219512","0.401554635",,"false","interacts with","LYG1 (interacts with) FRZB","0","Q8N1E2","","Q92765",""
"14.333333333333334","","interacts with","0","0.461753177","","TRIM17 (interacts with) RBM25",,"0","0","0","1","0.52195122","0.401555134",,"false","interacts with","TRIM17 (interacts with) RBM25","0","Q9Y577","","P49756",""
"2.0","","interacts with","0","0.476387126","","SYNJ2 (interacts with) XPNPEP2",,"0","0","0","1","0.551219512","0.40155474",,"false","interacts with","SYNJ2 (interacts with) XPNPEP2","0","O15056","","O43895",""
"29.316666666666656","","interacts with","0","0.464216082","","BDP1 (interacts with) ZFP57",,"0","0","0","1","0.526829268","0.401602897",,"false","interacts with","BDP1 (interacts with) ZFP57","0","A6H8Y1","","Q9NU63",""
"33.33333333333333","","interacts with","0","0.461777088","","BDP1 (interacts with) NBPF6",,"0","0","0","1","0.52195122","0.401602956",,"false","interacts with","BDP1 (interacts with) NBPF6","0","A6H8Y1","","Q5VWK0",""
"9.0","","interacts with","0","0.464192073","","CFAP107 (interacts with) ACOT4",,"0","0","0","1","0.526829268","0.401554878",,"false","interacts with","CFAP107 (interacts with) ACOT4","0","Q8N1D5","","Q8N9L9",""
"10.0","","interacts with","0","0.476426248","","JUN (interacts with) LSM6",,"1","0","1","1","0.551219512","0.401632985",,"false","interacts with","JUN (interacts with) LSM6","0","P05412","","P62312",""
"26.916666666666657","","interacts with","0","0.464216092","","BDP1 (interacts with) ZNF449",,"0","0","0","1","0.526829268","0.401602916",,"false","interacts with","BDP1 (interacts with) ZNF449","0","A6H8Y1","","Q6P9G9",""
"3.8333333333333335","","interacts with","0","0.461777069","","KIAA1217 (interacts with) TRIM36",,"0","0","0","1","0.52195122","0.401602918",,"false","interacts with","KIAA1217 (interacts with) TRIM36","0","Q5T5P2","","Q9NQ86",""
"16.0","","interacts with","0","0.461816179","","COL5A1 (interacts with) CTSC",,"1","0","1","1","0.52195122","0.401681139",,"false","interacts with","COL5A1 (interacts with) CTSC","0","P20908","","P53634",""
"0.0","taxid:9606(Homo sapiens)","interacts with","1","0.675575862","""psi-mi:""""MI:0364""""(inferred by curator)""","NFKB1 (interacts with) NFKB1","2","1","1","1","1","0.951219512","0.399932211",,"false","interacts with","NFKB1 (interacts with) NFKB1","0","P19838","P19838","P19838","P19838"
"37.66666666666667","","interacts with","0","0.464216058","","BDP1 (interacts with) PUS1",,"0","0","0","1","0.526829268","0.401602849",,"false","interacts with","BDP1 (interacts with) PUS1","0","A6H8Y1","","Q9Y606",""
"30.32289377289377","","interacts with","0","0.464216067","","BDP1 (interacts with) THBD",,"0","0","0","1","0.526829268","0.401602866",,"false","interacts with","BDP1 (interacts with) THBD","0","A6H8Y1","","P07204",""
"12.116666666666667","","interacts with","0","0.476426169","","ATP2C2 (interacts with) PRKACA",,"0","1","1","1","0.551219512","0.401632827",,"false","interacts with","ATP2C2 (interacts with) PRKACA","0","O75185","","P17612",""
"69.83333333333334","","interacts with","0","0.476426243","","COL5A3 (interacts with) KAZN",,"1","0","1","1","0.551219512","0.401632974",,"false","interacts with","COL5A3 (interacts with) KAZN","0","P25940","","Q674X7",""
"9.0","","interacts with","0","0.476387219","","CFAP107 (interacts with) CYP20A1",,"0","0","0","1","0.551219512","0.401554925",,"false","interacts with","CFAP107 (interacts with) CYP20A1","0","Q8N1D5","","Q6UW02",""
"20.0","","interacts with","0","0.476426212","","PGR (interacts with) NT5DC4",,"1","0","1","1","0.551219512","0.401632911",,"false","interacts with","PGR (interacts with) NT5DC4","0","P06401","","Q86YG4",""
"40.500000000000014","","interacts with","0","0.464216123","","BDP1 (interacts with) TCP11X2",,"0","0","0","1","0.526829268","0.401602977",,"false","interacts with","BDP1 (interacts with) TCP11X2","0","A6H8Y1","","Q5H9J9",""
"3.833333333333333","","interacts with","0","0.464216067","","KIAA1217 (interacts with) CFAP221",,"0","0","0","1","0.526829268","0.401602865",,"false","interacts with","KIAA1217 (interacts with) CFAP221","0","Q5T5P2","","Q4G0U5",""
"16.0","","interacts with","0","0.476426317","","PTGS1 (interacts with) NCOA7",,"1","0","1","1","0.551219512","0.401633122",,"false","interacts with","PTGS1 (interacts with) NCOA7","0","P23219","","Q8NI08",""
"10.0","","interacts with","0","0.464216109","","DCTN1 (interacts with) RGL4",,"0","0","0","1","0.526829268","0.401602949",,"false","interacts with","DCTN1 (interacts with) RGL4","0","Q14203","","Q8IZJ4",""
"0.0","","interacts with","0","0.607495679","","BMP7 (interacts with) BMP7",,"1","1","1","1","0.814634146","0.400357211",,"false","interacts with","BMP7 (interacts with) BMP7","0","P18075","","P18075",""
"15.066666666666668","","interacts with","0","0.476426308","","IGHV7-81 (interacts with) BMP2",,"0","1","1","1","0.551219512","0.401633103",,"false","interacts with","IGHV7-81 (interacts with) BMP2","0","A0A0B4J1V7","","P12643",""
"34.72051282051281","","interacts with","0","0.464216166","","BDP1 (interacts with) SYPL1",,"0","0","0","1","0.526829268","0.401603064",,"false","interacts with","BDP1 (interacts with) SYPL1","0","A6H8Y1","","Q16563",""
"6.0","","interacts with","0","0.476426255","","NFKB1 (interacts with) MCM8",,"1","0","1","1","0.551219512","0.401632997",,"false","interacts with","NFKB1 (interacts with) MCM8","0","P19838","","Q9UJA3",""
"12.666666666666668","","interacts with","0","0.476426257","","PRKACA (interacts with) FAM83C",,"1","0","1","1","0.551219512","0.401633002",,"false","interacts with","PRKACA (interacts with) FAM83C","0","P17612","","Q9BQN1",""
"29.62051282051283","","interacts with","0","0.464216137","","BDP1 (interacts with) CEACAM21",,"0","0","0","1","0.526829268","0.401603005",,"false","interacts with","BDP1 (interacts with) CEACAM21","0","A6H8Y1","","Q3KPI0",""
"30.05384615384616","","interacts with","0","0.464216102","","BDP1 (interacts with) ST8SIA4",,"0","0","0","1","0.526829268","0.401602935",,"false","interacts with","BDP1 (interacts with) ST8SIA4","0","A6H8Y1","","Q92187",""
"5.566666666666666","","interacts with","0","0.464231202","","AKT1 (interacts with) SNX33",,"1","0","1","1","0.526829268","0.401633135",,"false","interacts with","AKT1 (interacts with) SNX33","0","P31749","","Q8WV41",""
"3.8333333333333335","","interacts with","0","0.464216087","","KIAA1217 (interacts with) ZFR2",,"0","0","0","1","0.526829268","0.401602905",,"false","interacts with","KIAA1217 (interacts with) ZFR2","0","Q5T5P2","","Q9UPR6",""
"30.899999999999977","","interacts with","0","0.464216083","","BDP1 (interacts with) CALHM2",,"0","0","0","1","0.526829268","0.401602898",,"false","interacts with","BDP1 (interacts with) CALHM2","0","A6H8Y1","","Q9HA72",""
"9.0","","interacts with","0","0.464192202","","IGKV2D-30 (interacts with) FAM117B",,"0","0","0","1","0.526829268","0.401555136",,"false","interacts with","IGKV2D-30 (interacts with) FAM117B","0","A0A075B6S6","","Q6P1L5",""
"0.0","","interacts with","0","0.625823843","","CASP3 (interacts with) CASP3",,"1","1","1","1","0.83902439","0.412623296",,"false","interacts with","CASP3 (interacts with) CASP3","0","P42574","","P42574",""
"15.0","","interacts with","0","0.476426252","","PGR (interacts with) HMGCS2",,"1","0","1","1","0.551219512","0.401632992",,"false","interacts with","PGR (interacts with) HMGCS2","0","P06401","","P54868",""
"58.0","","interacts with","0","0.476426335","","TP53 (interacts with) IFNK",,"1","0","1","1","0.551219512","0.401633158",,"false","interacts with","TP53 (interacts with) IFNK","0","P04637","","Q9P0W0",""
"40.66666666666667","","interacts with","0","0.464216172","","BDP1 (interacts with) HDHD5",,"0","0","0","1","0.526829268","0.401603075",,"false","interacts with","BDP1 (interacts with) HDHD5","0","A6H8Y1","","Q9BXW7",""
"37.56666666666667","","interacts with","0","0.476426145","","TP53 (interacts with) RTF1",,"1","0","1","1","0.551219512","0.401632779",,"false","interacts with","TP53 (interacts with) RTF1","0","P04637","","Q92541",""
"38.83333333333334","","interacts with","0","0.464216199","","BDP1 (interacts with) CYP26B1",,"0","0","0","1","0.526829268","0.401603129",,"false","interacts with","BDP1 (interacts with) CYP26B1","0","A6H8Y1","","Q9NR63",""
"5.4523809523809526","","interacts with","0","0.476426202","","SPP1 (interacts with) CC2D1B",,"1","0","1","1","0.551219512","0.401632893",,"false","interacts with","SPP1 (interacts with) CC2D1B","0","P10451","","Q5T0F9",""
"0.0","","interacts with","0","0.639946906","","AR (interacts with) AR",,"1","1","1","1","0.868292683","0.41160113",,"false","interacts with","AR (interacts with) AR","0","P10275","","P10275",""
"36.38333333333333","","interacts with","0","0.461777113","","BDP1 (interacts with) AHRR",,"0","0","0","1","0.52195122","0.401603007",,"false","interacts with","BDP1 (interacts with) AHRR","0","A6H8Y1","","A9YTQ3",""
"10.666666666666668","","interacts with","0","0.464231275","","TBKBP1 (interacts with) BMP7",,"0","1","1","1","0.526829268","0.401633281",,"false","interacts with","TBKBP1 (interacts with) BMP7","0","A7MCY6","","P18075",""
"12.333333333333334","","interacts with","0","0.476426194","","SPP1 (interacts with) POLR3GL",,"1","0","1","1","0.551219512","0.401632875",,"false","interacts with","SPP1 (interacts with) POLR3GL","0","P10451","","Q9BT43",""
"10.333333333333332","","interacts with","0","0.461777093","","DCTN1 (interacts with) LRRC71",,"0","0","0","1","0.52195122","0.401602967",,"false","interacts with","DCTN1 (interacts with) LRRC71","0","Q14203","","Q8N4P6",""
"46.0","","interacts with","0","0.46423124","","MYCN (interacts with) PRELID2",,"1","0","1","1","0.526829268","0.401633212",,"false","interacts with","MYCN (interacts with) PRELID2","0","P04198","","Q8N945",""
"16.2","","interacts with","0","0.476426718","","TMEM41A (interacts with) PROCR",,"0","1","1","1","0.551219512","0.401633924",,"false","interacts with","TMEM41A (interacts with) PROCR","0","Q96HV5","","Q9UNN8",""
"10.0","","interacts with","0","0.461777077","","DCTN1 (interacts with) NPEPL1",,"0","0","0","1","0.52195122","0.401602935",,"false","interacts with","DCTN1 (interacts with) NPEPL1","0","Q14203","","Q8NDH3",""
"87.0","","interacts with","0","0.464231273","","COL1A1 (interacts with) GPR146",,"1","0","1","1","0.526829268","0.401633277",,"false","interacts with","COL1A1 (interacts with) GPR146","0","P02452","","Q96CH1",""
"10.0","","interacts with","0","0.461777132","","DCTN1 (interacts with) CDY1B",,"0","0","0","1","0.52195122","0.401603044",,"false","interacts with","DCTN1 (interacts with) CDY1B","0","Q14203","","Q9Y6F8",""
"29.0","","interacts with","0","0.476426257","","RELA (interacts with) CCSER1",,"1","0","1","1","0.551219512","0.401633003",,"false","interacts with","RELA (interacts with) CCSER1","0","Q04206","","Q9C0I3",""
"15.619047619047619","","interacts with","0","0.476387354","","ARHGAP11B (interacts with) PHACTR2",,"0","0","0","1","0.551219512","0.401555196",,"false","interacts with","ARHGAP11B (interacts with) PHACTR2","0","Q3KRB8","","O75167",""
"6.619047619047619","","interacts with","0","0.476387482","","ARHGAP11B (interacts with) FAM117B",,"0","0","0","1","0.551219512","0.401555452",,"false","interacts with","ARHGAP11B (interacts with) FAM117B","0","Q3KRB8","","Q6P1L5",""
"5.0","","interacts with","0","0.46421607","","ZNF277 (interacts with) BOD1L1",,"0","0","0","1","0.526829268","0.401602872",,"false","interacts with","ZNF277 (interacts with) BOD1L1","0","Q9NRM2","","Q8NFC6",""
"10.166666666666666","","interacts with","0","0.476387136","","CFAP107 (interacts with) UVSSA",,"0","0","0","1","0.551219512","0.40155476",,"false","interacts with","CFAP107 (interacts with) UVSSA","0","Q8N1D5","","Q2YD98",""
"78.0","","interacts with","0","0.464255206","","COL3A1 (interacts with) KLK9",,"1","0","1","1","0.526829268","0.401681144",,"false","interacts with","COL3A1 (interacts with) KLK9","0","P02461","","Q9UKQ9",""
"92.0","","interacts with","0","0.464255176","","COL1A1 (interacts with) IKBKE-AS1",,"1","0","1","1","0.526829268","0.401681083",,"false","interacts with","COL1A1 (interacts with) IKBKE-AS1","0","P02452","","Q96MC9",""
"7.166666666666666","","interacts with","0","0.469109582","","KCNK13 (interacts with) SLC50A1",,"0","0","0","1","0.536585366","0.401633799",,"false","interacts with","KCNK13 (interacts with) SLC50A1","0","Q9HB14","","Q9BRV3",""
"30.33333333333333","","interacts with","0","0.47642622","","SMIM44 (interacts with) MYCN",,"0","1","1","1","0.551219512","0.401632928",,"false","interacts with","SMIM44 (interacts with) MYCN","0","A0A286YF18","","P04198",""
"36.40000000000001","","interacts with","0","0.476426152","","COL5A2 (interacts with) ZFP57",,"1","0","1","1","0.551219512","0.401632792",,"false","interacts with","COL5A2 (interacts with) ZFP57","0","P05997","","Q9NU63",""
"42.333333333333336","","interacts with","0","0.476426198","","COL1A2 (interacts with) ZNF669",,"1","0","1","1","0.551219512","0.401632884",,"false","interacts with","COL1A2 (interacts with) ZNF669","0","P08123","","Q96BR6",""
"9.333333333333334","","interacts with","0","0.464192159","","CFAP107 (interacts with) KIR3DL1",,"0","0","0","1","0.526829268","0.401555049",,"false","interacts with","CFAP107 (interacts with) KIR3DL1","0","Q8N1D5","","P43629",""
"85.28739593739594","","interacts with","0","0.464255252","","COL5A3 (interacts with) RARS1",,"1","0","1","1","0.526829268","0.401681236",,"false","interacts with","COL5A3 (interacts with) RARS1","0","P25940","","P54136",""
"8.0","","interacts with","0","0.476387305","","CFAP107 (interacts with) CLNK",,"0","0","0","1","0.551219512","0.401555098",,"false","interacts with","CFAP107 (interacts with) CLNK","0","Q8N1D5","","Q7Z7G1",""
"5.0","","interacts with","0","0.461753401","","OR6C76 (interacts with) SHISAL2B",,"0","0","0","1","0.52195122","0.401555582",,"false","interacts with","OR6C76 (interacts with) SHISAL2B","0","A6NM76","","A6NKW6",""
"16.0","","interacts with","0","0.476426261","","PTGS1 (interacts with) CLCA2",,"1","0","1","1","0.551219512","0.401633009",,"false","interacts with","PTGS1 (interacts with) CLCA2","0","P23219","","Q9UQC9",""
"12.833333333333336","","interacts with","0","0.476426377","","KCNK13 (interacts with) RBM25",,"0","0","0","1","0.551219512","0.401633242",,"false","interacts with","KCNK13 (interacts with) RBM25","0","Q9HB14","","P49756",""
"8.0","","interacts with","0","0.476387125","","OR6C76 (interacts with) CCSER1",,"0","0","0","1","0.551219512","0.401554737",,"false","interacts with","OR6C76 (interacts with) CCSER1","0","A6NM76","","Q9C0I3",""
"80.66666666666667","","interacts with","0","0.476426243","","COL1A1 (interacts with) NPAS1",,"1","0","1","1","0.551219512","0.401632974",,"false","interacts with","COL1A1 (interacts with) NPAS1","0","P02452","","Q99742",""
"10.342857142857142","","interacts with","0","0.476387102","","SF3A1 (interacts with) HPD",,"0","0","0","1","0.551219512","0.401554691",,"false","interacts with","SF3A1 (interacts with) HPD","0","Q15459","","P32754",""
"9.0","","interacts with","0","0.461753159","","SRRM5 (interacts with) SMIM26",,"0","0","0","1","0.52195122","0.401555098",,"false","interacts with","SRRM5 (interacts with) SMIM26","0","B3KS81","","A0A096LP01",""
"9.333333333333332","","interacts with","0","0.476426197","","CFAP107 (interacts with) TRIM17",,"0","0","0","1","0.551219512","0.401632882",,"false","interacts with","CFAP107 (interacts with) TRIM17","0","Q8N1D5","","Q9Y577",""
"7.566666666666666","","interacts with","0","0.469109368","","SPP1 (interacts with) PRR5",,"1","0","1","1","0.536585366","0.40163337",,"false","interacts with","SPP1 (interacts with) PRR5","0","P10451","","P85299",""
"6.0","","interacts with","0","0.476387753","","OR6C76 (interacts with) RNF13",,"0","0","0","1","0.551219512","0.401555993",,"false","interacts with","OR6C76 (interacts with) RNF13","0","A6NM76","","O43567",""
"21.375468975468976","","interacts with","0","0.476426198","","COL5A2 (interacts with) RABL6",,"1","0","1","1","0.551219512","0.401632885",,"false","interacts with","COL5A2 (interacts with) RABL6","0","P05997","","Q3YEC7",""
"9.333333333333332","","interacts with","0","0.476426259","","KCNK13 (interacts with) UVSSA",,"0","0","0","1","0.551219512","0.401633006",,"false","interacts with","KCNK13 (interacts with) UVSSA","0","Q9HB14","","Q2YD98",""
"5.0","","interacts with","0","0.464216063","","BOD1L1 (interacts with) PALS1",,"0","0","0","1","0.526829268","0.401602857",,"false","interacts with","BOD1L1 (interacts with) PALS1","0","Q8NFC6","","Q8N3R9",""
"66.48370086033128","","interacts with","0","0.476426192","","NCR1 (interacts with) COL5A3",,"0","1","1","1","0.551219512","0.401632871",,"false","interacts with","NCR1 (interacts with) COL5A3","0","O76036","","P25940",""
"7.333333333333333","","interacts with","0","0.461753463","","KCNK13 (interacts with) MCHR1",,"0","0","0","1","0.52195122","0.401555706",,"false","interacts with","KCNK13 (interacts with) MCHR1","0","Q9HB14","","Q99705",""
"3.0","","interacts with","0","0.469070625","","DBR1 (interacts with) CPSF3",,"0","0","0","1","0.536585366","0.401555885",,"false","interacts with","DBR1 (interacts with) CPSF3","0","Q9UK59","","Q9UKF6",""
"6.333333333333333","","interacts with","0","0.461754834","","KCNK13 (interacts with) CXCR3",,"0","0","0","1","0.52195122","0.401558449",,"false","interacts with","KCNK13 (interacts with) CXCR3","0","Q9HB14","","P49682",""
"6.0","","interacts with","0","0.476387177","","DBR1 (interacts with) KIF27",,"0","0","0","1","0.551219512","0.401554841",,"false","interacts with","DBR1 (interacts with) KIF27","0","Q9UK59","","Q86VH2",""
"8.066666666666666","","interacts with","0","0.476426264","","BMP7 (interacts with) ARHGAP28",,"1","0","1","1","0.551219512","0.401633017",,"false","interacts with","BMP7 (interacts with) ARHGAP28","0","P18075","","Q9P2N2",""
"8.0","","interacts with","0","0.464231902","","KCNK13 (interacts with) SH2D7",,"0","0","0","1","0.526829268","0.401634535",,"false","interacts with","KCNK13 (interacts with) SH2D7","0","Q9HB14","","A6NKC9",""
"6.333333333333333","","interacts with","0","0.476387339","","RARS1 (interacts with) MARK1",,"0","0","0","1","0.551219512","0.401555167",,"false","interacts with","RARS1 (interacts with) MARK1","0","P54136","","Q9P0L2",""
"9.842857142857143","","interacts with","0","0.476387167","","SF3A1 (interacts with) UAP1",,"0","0","0","1","0.551219512","0.401554821",,"false","interacts with","SF3A1 (interacts with) UAP1","0","Q15459","","Q16222",""
"12.0","","interacts with","0","0.476426263","","GSK3B (interacts with) ZNF710",,"1","0","1","1","0.551219512","0.401633015",,"false","interacts with","GSK3B (interacts with) ZNF710","0","P49841","","Q8N1W2",""
"8.880952380952381","","interacts with","0","0.47638703","","RARS1 (interacts with) OSGIN2",,"0","0","0","1","0.551219512","0.401554548",,"false","interacts with","RARS1 (interacts with) OSGIN2","0","P54136","","Q9Y236",""
"72.54901960784315","","interacts with","0","0.476426195","","COL3A1 (interacts with) UTS2R",,"1","0","1","1","0.551219512","0.401632878",,"false","interacts with","COL3A1 (interacts with) UTS2R","0","P02461","","Q9UKP6",""
"6.964285714285714","","interacts with","0","0.47638707","","RARS1 (interacts with) ST8SIA5",,"0","0","0","1","0.551219512","0.401554627",,"false","interacts with","RARS1 (interacts with) ST8SIA5","0","P54136","","O15466",""
"41.0","","interacts with","0","0.476426204","","IGKV2D-30 (interacts with) MYCN",,"0","1","1","1","0.551219512","0.401632895",,"false","interacts with","IGKV2D-30 (interacts with) MYCN","0","A0A075B6S6","","P04198",""
"5.0","","interacts with","0","0.469071677","","OR6C76 (interacts with) CXorf66",,"0","0","0","1","0.536585366","0.401557987",,"false","interacts with","OR6C76 (interacts with) CXorf66","0","A6NM76","","Q5JRM2",""
"11.042857142857141","","interacts with","0","0.469070069","","SF3A1 (interacts with) STOX2",,"0","0","0","1","0.536585366","0.401554772",,"false","interacts with","SF3A1 (interacts with) STOX2","0","Q15459","","Q9P2F5",""
"24.666666666666668","","interacts with","0","0.476426333","","TNFSF11 (interacts with) HSP90AA4P",,"1","0","1","1","0.551219512","0.401633153",,"false","interacts with","TNFSF11 (interacts with) HSP90AA4P","0","O14788","","Q58FG1",""
"11.042857142857143","","interacts with","0","0.47638699","","SF3A1 (interacts with) NAP1L3",,"0","0","0","1","0.551219512","0.401554469",,"false","interacts with","SF3A1 (interacts with) NAP1L3","0","Q15459","","Q99457",""
"4.666666666666666","","interacts with","0","0.476387332","","RARS1 (interacts with) ZNF570",,"0","0","0","1","0.551219512","0.401555153",,"false","interacts with","RARS1 (interacts with) ZNF570","0","P54136","","Q96NI8",""
"40.0","","interacts with","0","0.476426183","","RELA (interacts with) EGR3",,"1","0","1","1","0.551219512","0.401632855",,"false","interacts with","RELA (interacts with) EGR3","0","Q04206","","Q06889",""
"10.083333333333332","","interacts with","0","0.464192569","","RARS1 (interacts with) ZNF136",,"0","0","0","1","0.526829268","0.401555869",,"false","interacts with","RARS1 (interacts with) ZNF136","0","P54136","","P52737",""
"5.0","","interacts with","0","0.476426338","","ESR1 (interacts with) TAOK3",,"1","0","1","1","0.551219512","0.401633164",,"false","interacts with","ESR1 (interacts with) TAOK3","0","P03372","","Q9H2K8",""
"4.666666666666666","","interacts with","0","0.469070132","","RARS1 (interacts with) SLC26A3",,"0","0","0","1","0.536585366","0.401554899",,"false","interacts with","RARS1 (interacts with) SLC26A3","0","P54136","","P40879",""
"76.0","","interacts with","0","0.464255225","","COL1A2 (interacts with) FRMD6-AS1",,"1","0","1","1","0.526829268","0.401681181",,"false","interacts with","COL1A2 (interacts with) FRMD6-AS1","0","P08123","","P0C7T7",""
"19.0","","interacts with","0","0.476426316","","DCDC2C (interacts with) TNFSF11",,"0","1","1","1","0.551219512","0.40163312",,"false","interacts with","DCDC2C (interacts with) TNFSF11","0","A8MYV0","","O14788",""
"32.7","","interacts with","0","0.476426243","","COL1A2 (interacts with) OR9A1P",,"1","0","1","1","0.551219512","0.401632973",,"false","interacts with","COL1A2 (interacts with) OR9A1P","0","P08123","","Q8NGU1",""
"17.25076590076589","","interacts with","0","0.47638715","","RARS1 (interacts with) BRDT",,"0","0","0","1","0.551219512","0.401554788",,"false","interacts with","RARS1 (interacts with) BRDT","0","P54136","","Q58F21",""
"8.40952380952381","","interacts with","0","0.476387359","","SF3A1 (interacts with) FAM20A",,"0","0","0","1","0.551219512","0.401555206",,"false","interacts with","SF3A1 (interacts with) FAM20A","0","Q15459","","Q96MK3",""
"2.0","","interacts with","0","0.566514766","","NCAPG (interacts with) POLB",,"0","0","0","1","0.731707317","0.401322216",,"false","interacts with","NCAPG (interacts with) POLB","0","Q9BPX3","","P06746",""
"35.0","","interacts with","0","0.476426162","","NKX2-8 (interacts with) MYCN",,"0","1","1","1","0.551219512","0.401632813",,"false","interacts with","NKX2-8 (interacts with) MYCN","0","O15522","","P04198",""
"58.66666666666667","","interacts with","0","0.476426234","","COL1A1 (interacts with) CFAP107",,"1","0","1","1","0.551219512","0.401632956",,"false","interacts with","COL1A1 (interacts with) CFAP107","0","P02452","","Q8N1D5",""
"15.000000000000002","","interacts with","0","0.464192314","","SYT17 (interacts with) NPBWR2",,"0","0","0","1","0.526829268","0.401555361",,"false","interacts with","SYT17 (interacts with) NPBWR2","0","Q9BSW7","","P48146",""
"0.0","","interacts with","0","0.650217941","","SRC (interacts with) SRC",,"1","1","1","1","0.892682927","0.407752955",,"false","interacts with","SRC (interacts with) SRC","0","P12931","","P12931",""
"9.0","","interacts with","0","0.469070175","","RGR (interacts with) ARHGEF15",,"0","0","0","1","0.536585366","0.401554984",,"false","interacts with","RGR (interacts with) ARHGEF15","0","P47804","","O94989",""
"5.833333333333334","","interacts with","0","0.464192167","","ZDHHC14 (interacts with) ARMC2",,"0","0","0","1","0.526829268","0.401555065",,"false","interacts with","ZDHHC14 (interacts with) ARMC2","0","Q8IZN3","","Q8NEN0",""
"5.066666666666666","","interacts with","0","0.469109274","","PGA4 (interacts with) AKT1",,"0","1","1","1","0.536585366","0.401633182",,"false","interacts with","PGA4 (interacts with) AKT1","0","P0DJD7","","P31749",""
"9.733333333333336","","interacts with","0","0.461753014","","SF3A1 (interacts with) DDX4",,"0","0","0","1","0.52195122","0.401554808",,"false","interacts with","SF3A1 (interacts with) DDX4","0","Q15459","","Q9NQI0",""
"9.928571428571429","","interacts with","0","0.46177714","","RGR (interacts with) NIBAN1",,"0","0","0","1","0.52195122","0.40160306",,"false","interacts with","RGR (interacts with) NIBAN1","0","P47804","","Q9BZQ8",""
"4.833333333333333","","interacts with","0","0.464192193","","ZDHHC14 (interacts with) SOBP",,"0","0","0","1","0.526829268","0.401555118",,"false","interacts with","ZDHHC14 (interacts with) SOBP","0","Q8IZN3","","A7XYQ1",""
"14.166666666666668","","interacts with","0","0.461752982","","SYT17 (interacts with) KCNK13",,"0","0","0","1","0.52195122","0.401554745",,"false","interacts with","SYT17 (interacts with) KCNK13","0","Q9BSW7","","Q9HB14",""
"57.400000000000006","","interacts with","0","0.476426247","","COL5A2 (interacts with) CYB5RL",,"1","0","1","1","0.551219512","0.401632982",,"false","interacts with","COL5A2 (interacts with) CYB5RL","0","P05997","","Q6IPT4",""
"11.242857142857142","","interacts with","0","0.476387247","","SF3A1 (interacts with) PSMD12",,"0","0","0","1","0.551219512","0.401554982",,"false","interacts with","SF3A1 (interacts with) PSMD12","0","Q15459","","O00232",""
"48.83333333333334","","interacts with","0","0.476426228","","COL5A2 (interacts with) NPY4R",,"1","0","1","1","0.551219512","0.401632944",,"false","interacts with","COL5A2 (interacts with) NPY4R","0","P05997","","P50391",""
"7.666666666666666","","interacts with","0","0.476426287","","GOLGA3 (interacts with) ZNF438",,"0","0","0","1","0.551219512","0.401633062",,"false","interacts with","GOLGA3 (interacts with) ZNF438","0","Q08378","","Q7Z4V0",""
"7.963369963369963","","interacts with","0","0.476387093","","RARS1 (interacts with) NIBAN1",,"0","0","0","1","0.551219512","0.401554674",,"false","interacts with","RARS1 (interacts with) NIBAN1","0","P54136","","Q9BZQ8",""
"8.566666666666666","","interacts with","0","0.476426243","","GOLGA3 (interacts with) TIMP4",,"0","0","0","1","0.551219512","0.401632974",,"false","interacts with","GOLGA3 (interacts with) TIMP4","0","Q08378","","Q99727",""
"27.066666666666663","","interacts with","0","0.47642626","","C3orf84 (interacts with) TP53",,"0","1","1","1","0.551219512","0.401633008",,"false","interacts with","C3orf84 (interacts with) TP53","0","H3BNL1","","P04637",""
