"EdgeBetweenness","Host_organism_taxid","interaction","irefindex_check","mean_prob_aff","method","name","numParticipants","OP_A","OP_B","OP_check","Predicted Classes","Probability Score","Regression Value","score_norm","selected","shared interaction","shared name","stringdb_check","uidA","uidA_irefindex","uidB","uidB_irefindex"
"107.04937943850805","","interacts with","0","0.56406929","","NOP9 (interacts with) FAM234A",,"0","0","0","1","0.726829268","0.401309311",,"false","interacts with","NOP9 (interacts with) FAM234A","0","Q86U38","","Q9H0X4",""
"13.333333333333332","","interacts with","0","0.47642624","","AKT1 (interacts with) PDXDC1",,"1","0","1","1","0.551219512","0.401632967",,"false","interacts with","AKT1 (interacts with) PDXDC1","0","P31749","","Q6P996",""
"60.99402819402822","","interacts with","0","0.464192036","","SYT17 (interacts with) AKR7A3",,"0","0","0","1","0.526829268","0.401554803",,"false","interacts with","SYT17 (interacts with) AKR7A3","0","Q9BSW7","","O95154",""
"0.0","","interacts with","0","0.568118692","","PGR (interacts with) PGR",,"1","1","1","1","0.726829268","0.409408115",,"false","interacts with","PGR (interacts with) PGR","0","P06401","","P06401",""
"22.676190476190474","","interacts with","0","0.464192002","","SF3A1 (interacts with) HOXD13",,"0","0","0","1","0.526829268","0.401554736",,"false","interacts with","SF3A1 (interacts with) HOXD13","0","Q15459","","P35453",""
"18.0","","interacts with","0","0.464231316","","JUN (interacts with) TPPP2",,"1","0","1","1","0.526829268","0.401633364",,"false","interacts with","JUN (interacts with) TPPP2","0","P05412","","P59282",""
"158.63868993011195","","interacts with","0","0.464192346","","SYT17 (interacts with) XRCC1",,"0","0","0","1","0.526829268","0.401555424",,"false","interacts with","SYT17 (interacts with) XRCC1","0","Q9BSW7","","P18887",""
"17.91188123988196","","interacts with","0","0.461777163","","SMC1B (interacts with) ZNF772",,"0","0","0","1","0.52195122","0.401603107",,"false","interacts with","SMC1B (interacts with) ZNF772","0","Q8NDV3","","Q68DY9",""
"132.17692307692303","","interacts with","0","0.464255247","","PECAM1 (interacts with) COL5A3",,"0","1","1","1","0.526829268","0.401681227",,"false","interacts with","PECAM1 (interacts with) COL5A3","0","P16284","","P25940",""
"18.01336390191229","","interacts with","0","0.4617772","","SMC1B (interacts with) ZNF221",,"0","0","0","1","0.52195122","0.401603181",,"false","interacts with","SMC1B (interacts with) ZNF221","0","Q8NDV3","","Q9UK13",""
"15.259745746756705","","interacts with","0","0.464216117","","RIPK2 (interacts with) MED1",,"0","0","0","1","0.526829268","0.401602965",,"false","interacts with","RIPK2 (interacts with) MED1","0","O43353","","Q15648",""
"5.8999999999999995","","interacts with","0","0.476387114","","ZDHHC14 (interacts with) SART1",,"0","0","0","1","0.551219512","0.401554715",,"false","interacts with","ZDHHC14 (interacts with) SART1","0","Q8IZN3","","O43290",""
"58.0","","interacts with","0","0.476426317","","TP53 (interacts with) TBC1D28",,"1","0","1","1","0.551219512","0.401633121",,"false","interacts with","TP53 (interacts with) TBC1D28","0","P04637","","Q2M2D7",""
"60.99402819402821","","interacts with","0","0.46175313","","SYT17 (interacts with) UBE2Q2",,"0","0","0","1","0.52195122","0.401555041",,"false","interacts with","SYT17 (interacts with) UBE2Q2","0","Q9BSW7","","Q8WVN8",""
"13.704847225058364","","interacts with","0","0.476387199","","RGR (interacts with) TELO2",,"0","0","0","1","0.551219512","0.401554885",,"false","interacts with","RGR (interacts with) TELO2","0","P47804","","Q9Y4R8",""
"38.37334389302013","","interacts with","0","0.461816209","","COX11 (interacts with) CROCC2",,"0","0","0","1","0.52195122","0.401681198",,"false","interacts with","COX11 (interacts with) CROCC2","0","Q9Y6N1","","H7BZ55",""
"14.317460317460316","","interacts with","0","0.476387423","","SF3A1 (interacts with) KYNU",,"0","0","0","1","0.551219512","0.401555334",,"false","interacts with","SF3A1 (interacts with) KYNU","0","Q15459","","Q16719",""
"48.0","","interacts with","0","0.47642632","","CRTC3 (interacts with) PROCR",,"0","1","1","1","0.551219512","0.401633127",,"false","interacts with","CRTC3 (interacts with) PROCR","0","Q6UUV7","","Q9UNN8",""
"5.371428571428571","","interacts with","0","0.464192171","","HNF1B (interacts with) ESCO1",,"0","0","0","1","0.526829268","0.401555074",,"false","interacts with","HNF1B (interacts with) ESCO1","0","P35680","","Q5FWF5",""
"30.47558552558552","","interacts with","0","0.464231299","","CFAP107 (interacts with) SLC30A6",,"0","0","0","1","0.526829268","0.40163333",,"false","interacts with","CFAP107 (interacts with) SLC30A6","0","Q8N1D5","","Q6NXT4",""
"124.45238095238095","","interacts with","0","0.593390714","","SYT17 (interacts with) POF1B",,"0","0","0","1","0.785365854","0.401415575",,"false","interacts with","SYT17 (interacts with) POF1B","0","Q9BSW7","","Q8WVV4",""
"8.98571428571429","","interacts with","0","0.476387105","","HNF1B (interacts with) CCDC150",,"0","0","0","1","0.551219512","0.401554698",,"false","interacts with","HNF1B (interacts with) CCDC150","0","P35680","","Q8NCX0",""
"44.93809523809525","","interacts with","0","0.476426244","","COL1A2 (interacts with) UAP1",,"1","0","1","1","0.551219512","0.401632976",,"false","interacts with","COL1A2 (interacts with) UAP1","0","P08123","","Q16222",""
"3.8504901960784315","","interacts with","0","0.464231326","","COX11 (interacts with) SHC2",,"0","0","0","1","0.526829268","0.401633384",,"false","interacts with","COX11 (interacts with) SHC2","0","Q9Y6N1","","P98077",""
"60.99402819402823","","interacts with","0","0.464192283","","SYT17 (interacts with) CNMD",,"0","0","0","1","0.526829268","0.401555298",,"false","interacts with","SYT17 (interacts with) CNMD","0","Q9BSW7","","O75829",""
"844.1325784893758","","interacts with","0","0.461816169","","BCL2 (interacts with) NCAPG",,"1","0","1","1","0.52195122","0.401681118",,"false","interacts with","BCL2 (interacts with) NCAPG","0","P10415","","Q9BPX3",""
"60.39402819402823","","interacts with","0","0.476387145","","SYT17 (interacts with) FAAP100",,"0","0","0","1","0.551219512","0.401554779",,"false","interacts with","SYT17 (interacts with) FAAP100","0","Q9BSW7","","Q0VG06",""
"7.833333333333334","","interacts with","0","0.469070249","","HPD (interacts with) FAM20A",,"0","0","0","1","0.536585366","0.401555132",,"false","interacts with","HPD (interacts with) FAM20A","0","P32754","","Q96MK3",""
"47.13333333333333","","interacts with","0","0.476426328","","TP53 (interacts with) MOB2",,"1","0","1","1","0.551219512","0.401633143",,"false","interacts with","TP53 (interacts with) MOB2","0","P04637","","Q70IA6",""
"34.7686274509804","","interacts with","0","0.461753445","","SYT17 (interacts with) LPAR2",,"0","0","0","1","0.52195122","0.401555671",,"false","interacts with","SYT17 (interacts with) LPAR2","0","Q9BSW7","","Q9HBW0",""
"22.641801350349734","","interacts with","0","0.464216147","","SMC1B (interacts with) AADACL4",,"0","0","0","1","0.526829268","0.401603025",,"false","interacts with","SMC1B (interacts with) AADACL4","0","Q8NDV3","","Q5VUY2",""
"7.955555555555555","","interacts with","0","0.469070423","","HPD (interacts with) PSMD12",,"0","0","0","1","0.536585366","0.40155548",,"false","interacts with","HPD (interacts with) PSMD12","0","P32754","","O00232",""
"19.111007699556087","","interacts with","0","0.461777131","","SMC1B (interacts with) PDE7A",,"0","0","0","1","0.52195122","0.401603043",,"false","interacts with","SMC1B (interacts with) PDE7A","0","Q8NDV3","","Q13946",""
"185.25577904925416","","interacts with","0","0.476426205","","CTSK (interacts with) CASKIN2",,"1","0","1","1","0.551219512","0.401632897",,"false","interacts with","CTSK (interacts with) CASKIN2","0","P43235","","Q8WXE0",""
"9.500000000000002","","interacts with","0","0.476387236","","HPD (interacts with) B4GALNT2",,"0","0","0","1","0.551219512","0.40155496",,"false","interacts with","HPD (interacts with) B4GALNT2","0","P32754","","Q8NHY0",""
"12.6879306538283","","interacts with","0","0.476387112","","DZIP1 (interacts with) PRSS8",,"0","0","0","1","0.551219512","0.401554711",,"false","interacts with","DZIP1 (interacts with) PRSS8","0","Q86YF9","","Q16651",""
"6.833333333333332","","interacts with","0","0.461753337","","TMEM41A (interacts with) AKAP17A",,"0","0","0","1","0.52195122","0.401555454",,"false","interacts with","TMEM41A (interacts with) AKAP17A","0","Q96HV5","","Q02040",""
"9.000000000000002","","interacts with","0","0.461753254","","HPD (interacts with) ZNF669",,"0","0","0","1","0.52195122","0.401555289",,"false","interacts with","HPD (interacts with) ZNF669","0","P32754","","Q96BR6",""
"31.333333333333332","","interacts with","0","0.47642618","","TNFSF11 (interacts with) CTNNA3",,"1","0","1","1","0.551219512","0.401632847",,"false","interacts with","TNFSF11 (interacts with) CTNNA3","0","O14788","","Q9UI47",""
"15.547619047619047","","interacts with","0","0.476387362","","SF3A1 (interacts with) CAMK1G",,"0","0","0","1","0.551219512","0.401555213",,"false","interacts with","SF3A1 (interacts with) CAMK1G","0","Q15459","","Q96NX5",""
"6.6","","interacts with","0","0.476387028","","HPD (interacts with) OIT3",,"0","0","0","1","0.551219512","0.401554544",,"false","interacts with","HPD (interacts with) OIT3","0","P32754","","Q8WWZ8",""
"61.99402819402822","","interacts with","0","0.464192373","","SYT17 (interacts with) WNT7A",,"0","0","0","1","0.526829268","0.401555478",,"false","interacts with","SYT17 (interacts with) WNT7A","0","Q9BSW7","","O00755",""
"28.0","","interacts with","0","0.476426325","","SRC (interacts with) CHPF2",,"1","0","1","1","0.551219512","0.401633137",,"false","interacts with","SRC (interacts with) CHPF2","0","P12931","","Q9P2E5",""
"55.12970362970364","","interacts with","0","0.476388287","","SYT17 (interacts with) CLNK",,"0","0","0","1","0.551219512","0.401557062",,"false","interacts with","SYT17 (interacts with) CLNK","0","Q9BSW7","","Q7Z7G1",""
"21.624579652580366","","interacts with","0","0.476387104","","SMC1B (interacts with) LRP2BP",,"0","0","0","1","0.551219512","0.401554695",,"false","interacts with","SMC1B (interacts with) LRP2BP","0","Q8NDV3","","Q9P2M1",""
"54.0","","interacts with","0","0.476426341","","TNFSF11 (interacts with) ZNF185",,"1","0","1","1","0.551219512","0.401633169",,"false","interacts with","TNFSF11 (interacts with) ZNF185","0","O14788","","O15231",""
"10.0","","interacts with","0","0.464192204","","KCNA5 (interacts with) DCDC2C",,"0","0","0","1","0.526829268","0.40155514",,"false","interacts with","KCNA5 (interacts with) DCDC2C","0","P22460","","A8MYV0",""
"49.70714285714287","","interacts with","0","0.476387372","","SYT17 (interacts with) MSTN",,"0","0","0","1","0.551219512","0.401555231",,"false","interacts with","SYT17 (interacts with) MSTN","0","Q9BSW7","","O14793",""
"77.90571262506745","","interacts with","0","0.464192085","","SMC1B (interacts with) MCM8",,"0","0","0","1","0.526829268","0.401554901",,"false","interacts with","SMC1B (interacts with) MCM8","0","Q8NDV3","","Q9UJA3",""
"60.99402819402822","","interacts with","0","0.476387302","","SYT17 (interacts with) CFHR2",,"0","0","0","1","0.551219512","0.401555093",,"false","interacts with","SYT17 (interacts with) CFHR2","0","Q9BSW7","","P36980",""
"18.58003056857895","","interacts with","0","0.461777135","","SMC1B (interacts with) IQCM",,"0","0","0","1","0.52195122","0.401603051",,"false","interacts with","SMC1B (interacts with) IQCM","0","Q8NDV3","","A0A1B0GVH7",""
"37.87881562881563","","interacts with","0","0.464192201","","SYT17 (interacts with) MCHR1",,"0","0","0","1","0.526829268","0.401555134",,"false","interacts with","SYT17 (interacts with) MCHR1","0","Q9BSW7","","Q99705",""
"289.25264902898823","","interacts with","0","0.464231234","","CYB5A (interacts with) MYCN",,"0","1","1","1","0.526829268","0.401633199",,"false","interacts with","CYB5A (interacts with) MYCN","0","P00167","","P04198",""
"19.04710222857069","","interacts with","0","0.464216137","","SMC1B (interacts with) SULT1E1",,"0","0","0","1","0.526829268","0.401603005",,"false","interacts with","SMC1B (interacts with) SULT1E1","0","Q8NDV3","","P49888",""
"23.477777777777774","","interacts with","0","0.476387057","","HPD (interacts with) STOX2",,"0","0","0","1","0.551219512","0.401554601",,"false","interacts with","HPD (interacts with) STOX2","0","P32754","","Q9P2F5",""
"15.145238095238096","","interacts with","0","0.476426372","","SF3A1 (interacts with) SLC25A3",,"0","0","0","1","0.551219512","0.401633231",,"false","interacts with","SF3A1 (interacts with) SLC25A3","0","Q15459","","Q00325",""
"19.25757841904688","","interacts with","0","0.46421612","","SMC1B (interacts with) GLYATL1",,"0","0","0","1","0.526829268","0.401602971",,"false","interacts with","SMC1B (interacts with) GLYATL1","0","Q8NDV3","","Q969I3",""
"10.793002869163859","","interacts with","0","0.476426425","","MYC (interacts with) OR51M1",,"1","0","1","1","0.551219512","0.401633338",,"false","interacts with","MYC (interacts with) OR51M1","0","P01106","","Q9H341",""
"6.199999999999999","","interacts with","0","0.47638701","","HPD (interacts with) UAP1",,"0","0","0","1","0.551219512","0.401554507",,"false","interacts with","HPD (interacts with) UAP1","0","P32754","","Q16222",""
"108.00000000000001","","interacts with","0","0.476426326","","OR13C8 (interacts with) TRAF6",,"0","1","1","1","0.551219512","0.401633139",,"false","interacts with","OR13C8 (interacts with) TRAF6","0","Q8NGS7","","Q9Y4K3",""
"49.707142857142856","","interacts with","0","0.47638755","","SYT17 (interacts with) OR2J1",,"0","0","0","1","0.551219512","0.401555589",,"false","interacts with","SYT17 (interacts with) OR2J1","0","Q9BSW7","","Q9GZK6",""
"49.70714285714286","","interacts with","0","0.464192079","","SYT17 (interacts with) DOK5",,"0","0","0","1","0.526829268","0.401554889",,"false","interacts with","SYT17 (interacts with) DOK5","0","Q9BSW7","","Q9P104",""
"20.333333333333332","","interacts with","0","0.47642619","","VTN (interacts with) RPS6KC1",,"1","0","1","1","0.551219512","0.401632868",,"false","interacts with","VTN (interacts with) RPS6KC1","0","P04004","","Q96S38",""
"568.3156074029062","","interacts with","0","0.573936208","","CASKIN2 (interacts with) B3GAT1",,"0","0","0","1","0.746341463","0.401530952",,"false","interacts with","CASKIN2 (interacts with) B3GAT1","0","Q8WXE0","","Q9P2W7",""
"71.33340716625128","","interacts with","0","0.464192162","","SYT17 (interacts with) SLC25A4",,"0","0","0","1","0.526829268","0.401555056",,"false","interacts with","SYT17 (interacts with) SLC25A4","0","Q9BSW7","","P12235",""
"58.417860441087946","","interacts with","0","0.476387168","","CASKIN2 (interacts with) TSPYL2",,"0","0","0","1","0.551219512","0.401554824",,"false","interacts with","CASKIN2 (interacts with) TSPYL2","0","Q8WXE0","","Q9H2G4",""
"16.224228573086368","","interacts with","0","0.476426269","","MAPK14 (interacts with) YME1L1",,"1","0","1","1","0.551219512","0.401633026",,"false","interacts with","MAPK14 (interacts with) YME1L1","0","Q16539","","Q96TA2",""
"21.38333333333333","","interacts with","0","0.469070196","","SYT17 (interacts with) RBM25",,"0","0","0","1","0.536585366","0.401555026",,"false","interacts with","SYT17 (interacts with) RBM25","0","Q9BSW7","","P49756",""
"155.18056440379198","","interacts with","0","0.476387083","","CASKIN2 (interacts with) PWWP3A",,"0","0","0","1","0.551219512","0.401554653",,"false","interacts with","CASKIN2 (interacts with) PWWP3A","0","Q8WXE0","","Q2TAK8",""
"14.417460317460316","","interacts with","0","0.476426464","","SF3A1 (interacts with) GPR141",,"0","0","0","1","0.551219512","0.401633415",,"false","interacts with","SF3A1 (interacts with) GPR141","0","Q15459","","Q7Z602",""
"24.333333333333332","","interacts with","0","0.464231192","","DHRS13 (interacts with) PROCR",,"0","1","1","1","0.526829268","0.401633116",,"false","interacts with","DHRS13 (interacts with) PROCR","0","Q6UX07","","Q9UNN8",""
"33.0","","interacts with","0","0.476387129","","P2RX6 (interacts with) PCARE",,"0","0","0","1","0.551219512","0.401554746",,"false","interacts with","P2RX6 (interacts with) PCARE","0","O15547","","A6NGG8",""
"13.37907268170426","","interacts with","0","0.464192256","","CASKIN2 (interacts with) TRIM37",,"0","0","0","1","0.526829268","0.401555243",,"false","interacts with","CASKIN2 (interacts with) TRIM37","0","Q8WXE0","","O94972",""
"41.43419913419914","","interacts with","0","0.464192555","","SYT17 (interacts with) CXCR1",,"0","0","0","1","0.526829268","0.401555841",,"false","interacts with","SYT17 (interacts with) CXCR1","0","Q9BSW7","","P25024",""
"437.68263650641154","","interacts with","0","0.476387402","","SYT17 (interacts with) ST6GALNAC6",,"0","0","0","1","0.551219512","0.401555291",,"false","interacts with","SYT17 (interacts with) ST6GALNAC6","0","Q9BSW7","","Q969X2",""
"283.0","","interacts with","0","0.476426234","","VGLL3 (interacts with) COL1A1",,"0","1","1","1","0.551219512","0.401632956",,"false","interacts with","VGLL3 (interacts with) COL1A1","0","A8MV65","","P02452",""
"6.333333333333332","","interacts with","0","0.476387102","","HPD (interacts with) GTF2H1",,"0","0","0","1","0.551219512","0.401554691",,"false","interacts with","HPD (interacts with) GTF2H1","0","P32754","","P32780",""
"49.707142857142856","","interacts with","0","0.476387286","","SYT17 (interacts with) MPPED2",,"0","0","0","1","0.551219512","0.40155506",,"false","interacts with","SYT17 (interacts with) MPPED2","0","Q9BSW7","","Q15777",""
"2.0","","interacts with","0","0.461629056","","TAPT1 (interacts with) KRTAP9-2",,"0","0","0","1","0.52195122","0.401306893",,"false","interacts with","TAPT1 (interacts with) KRTAP9-2","0","Q6NXT6","","Q9BYQ4",""
"7.166666666666666","","interacts with","0","0.464192607","","HPD (interacts with) MKRN4P",,"0","0","0","1","0.526829268","0.401555946",,"false","interacts with","HPD (interacts with) MKRN4P","0","P32754","","Q13434",""
"34.08412698412699","","interacts with","0","0.464192111","","SYT17 (interacts with) NDUFAF6",,"0","0","0","1","0.526829268","0.401554954",,"false","interacts with","SYT17 (interacts with) NDUFAF6","0","Q9BSW7","","Q330K2",""
"30.0","","interacts with","0","0.461792209","","OOSP4A (interacts with) BGLAP",,"0","1","1","1","0.52195122","0.401633198",,"false","interacts with","OOSP4A (interacts with) BGLAP","0","A0A2R8YFL7","","P02818",""
"5.002380952380953","","interacts with","0","0.464192226","","NBPF6 (interacts with) CALHM2",,"0","0","0","1","0.526829268","0.401555183",,"false","interacts with","NBPF6 (interacts with) CALHM2","0","Q5VWK0","","Q9HA72",""
"9.093406593406595","","interacts with","0","0.461753347","","TFAP2A (interacts with) OR52K2",,"0","0","0","1","0.52195122","0.401555474",,"false","interacts with","TFAP2A (interacts with) OR52K2","0","P05549","","Q8NGK3",""
"3.0","","interacts with","0","0.591022336","","DAZAP2 (interacts with) KRTAP8-1",,"0","0","0","1","0.780487805","0.401556868",,"false","interacts with","DAZAP2 (interacts with) KRTAP8-1","0","Q15038","","Q8IUC2",""
"164.0","","interacts with","0","0.476426232","","COL3A1 (interacts with) RUNDC3B",,"1","0","1","1","0.551219512","0.401632951",,"false","interacts with","COL3A1 (interacts with) RUNDC3B","0","P02461","","Q96NL0",""
"9.02222222222222","","interacts with","0","0.476387147","","HPD (interacts with) PDZD4",,"0","0","0","1","0.551219512","0.401554782",,"false","interacts with","HPD (interacts with) PDZD4","0","P32754","","Q76G19",""
"54.75091575091574","","interacts with","0","0.461753665","","SYT17 (interacts with) CXCR3",,"0","0","0","1","0.52195122","0.40155611",,"false","interacts with","SYT17 (interacts with) CXCR3","0","Q9BSW7","","P49682",""
"7.666666666666666","","interacts with","0","0.464192152","","HMGCS2 (interacts with) KIF27",,"0","0","0","1","0.526829268","0.401555036",,"false","interacts with","HMGCS2 (interacts with) KIF27","0","P54868","","Q86VH2",""
"9.24848484848485","","interacts with","0","0.476387439","","TFAP2A (interacts with) NRG1",,"0","0","0","1","0.551219512","0.401555366",,"false","interacts with","TFAP2A (interacts with) NRG1","0","P05549","","Q02297",""
"9.106691729323307","","interacts with","0","0.476387182","","OR51M1 (interacts with) NVL",,"0","0","0","1","0.551219512","0.401554851",,"false","interacts with","OR51M1 (interacts with) NVL","0","Q9H341","","O15381",""
"34.0","","interacts with","0","0.476426296","","PGR (interacts with) ZNF582",,"1","0","1","1","0.551219512","0.40163308",,"false","interacts with","PGR (interacts with) ZNF582","0","P06401","","Q96NG8",""
"344.0647210884961","","interacts with","0","0.469070153","","ST6GALNAC6 (interacts with) RBM25",,"0","0","0","1","0.536585366","0.40155494",,"false","interacts with","ST6GALNAC6 (interacts with) RBM25","0","Q969X2","","P49756",""
"9.40737390118195","","interacts with","0","0.476387716","","OR51M1 (interacts with) TRIM55",,"0","0","0","1","0.551219512","0.401555919",,"false","interacts with","OR51M1 (interacts with) TRIM55","0","Q9H341","","Q9BYV6",""
"13.750793650793648","","interacts with","0","0.476387313","","SF3A1 (interacts with) OR9A1P",,"0","0","0","1","0.551219512","0.401555114",,"false","interacts with","SF3A1 (interacts with) OR9A1P","0","Q15459","","Q8NGU1",""
"121.38058821174985","","interacts with","0","0.476426218","","COL5A3 (interacts with) SLC2A11",,"1","0","1","1","0.551219512","0.401632924",,"false","interacts with","COL5A3 (interacts with) SLC2A11","0","P25940","","Q9BYW1",""
"10.925238095238093","","interacts with","0","0.476387218","","OR51M1 (interacts with) PMS2",,"0","0","0","1","0.551219512","0.401554924",,"false","interacts with","OR51M1 (interacts with) PMS2","0","Q9H341","","P54278",""
"15.547619047619047","","interacts with","0","0.476387238","","SF3A1 (interacts with) USP17L6P",,"0","0","0","1","0.551219512","0.401554964",,"false","interacts with","SF3A1 (interacts with) USP17L6P","0","Q15459","","Q6QN14",""
"4.4","","interacts with","0","0.461753163","","MAGEB17 (interacts with) MAGEB6B",,"0","0","0","1","0.52195122","0.401555107",,"false","interacts with","MAGEB17 (interacts with) MAGEB6B","0","A8MXT2","","A0A0J9YX57",""
"117.35590178706339","","interacts with","0","0.47642629","","COL5A3 (interacts with) ITFG2",,"1","0","1","1","0.551219512","0.401633067",,"false","interacts with","COL5A3 (interacts with) ITFG2","0","P25940","","Q969R8",""
"9.81025641025641","","interacts with","0","0.476387541","","TFAP2A (interacts with) RAB24",,"0","0","0","1","0.551219512","0.40155557",,"false","interacts with","TFAP2A (interacts with) RAB24","0","P05549","","Q969Q5",""
"10.723135004530354","","interacts with","0","0.476387117","","NCR1 (interacts with) RGL2",,"0","0","0","1","0.551219512","0.401554721",,"false","interacts with","NCR1 (interacts with) RGL2","0","O76036","","O15211",""
"16.083012339266904","","interacts with","0","0.464192101","","LRP2BP (interacts with) MED1",,"0","0","0","1","0.526829268","0.401554935",,"false","interacts with","LRP2BP (interacts with) MED1","0","Q9P2M1","","Q15648",""
"12.516860321642929","","interacts with","0","0.47638721","","OR51M1 (interacts with) PHC2",,"0","0","0","1","0.551219512","0.401554907",,"false","interacts with","OR51M1 (interacts with) PHC2","0","Q9H341","","Q8IXK0",""
"11.333333333333334","","interacts with","0","0.476387412","","NCR1 (interacts with) POC1B",,"0","0","0","1","0.551219512","0.401555311",,"false","interacts with","NCR1 (interacts with) POC1B","0","O76036","","Q8TC44",""
"19.666666666666664","","interacts with","0","0.476426268","","RHOBTB3 (interacts with) PGR",,"0","1","1","1","0.551219512","0.401633023",,"false","interacts with","RHOBTB3 (interacts with) PGR","0","O94955","","P06401",""
"68.33333333333333","","interacts with","0","0.476426198","","COL3A1 (interacts with) ZNF311",,"1","0","1","1","0.551219512","0.401632883",,"false","interacts with","COL3A1 (interacts with) ZNF311","0","P02461","","Q5JNZ3",""
"11.441969358670125","","interacts with","0","0.476387476","","OR51M1 (interacts with) ZNF319",,"0","0","0","1","0.551219512","0.401555439",,"false","interacts with","OR51M1 (interacts with) ZNF319","0","Q9H341","","Q9P2F9",""
"17.733333333333327","","interacts with","0","0.476387524","","SF3A1 (interacts with) BPIFC",,"0","0","0","1","0.551219512","0.401555535",,"false","interacts with","SF3A1 (interacts with) BPIFC","0","Q15459","","Q8NFQ6",""
"15.149679005933569","","interacts with","0","0.464216101","","ZNF772 (interacts with) MED1",,"0","0","0","1","0.526829268","0.401602933",,"false","interacts with","ZNF772 (interacts with) MED1","0","Q68DY9","","Q15648",""
"7.435353535353533","","interacts with","0","0.469070542","","TFAP2A (interacts with) OR10H4",,"0","0","0","1","0.536585366","0.401555717",,"false","interacts with","TFAP2A (interacts with) OR10H4","0","P05549","","Q8NGA5",""
"28.0","","interacts with","0","0.464231152","","STX16 (interacts with) BGLAP",,"0","1","1","1","0.526829268","0.401633035",,"false","interacts with","STX16 (interacts with) BGLAP","0","O14662","","P02818",""
"14.573854599310991","","interacts with","0","0.461777162","","ZNF772 (interacts with) ZCCHC2",,"0","0","0","1","0.52195122","0.401603105",,"false","interacts with","ZNF772 (interacts with) ZCCHC2","0","Q68DY9","","Q9C0B9",""
"6.9","","interacts with","0","0.4617536","","OR51M1 (interacts with) METTL15P1",,"0","0","0","1","0.52195122","0.40155598",,"false","interacts with","OR51M1 (interacts with) METTL15P1","0","Q9H341","","P0C7V9",""
"4.0","","interacts with","0","0.47638722","","MAGI3 (interacts with) PAM",,"0","0","0","1","0.551219512","0.401554929",,"false","interacts with","MAGI3 (interacts with) PAM","0","Q5TCQ9","","P19021",""
"24.94606451340197","","interacts with","0","0.476426281","","PMS2 (interacts with) TRAF6",,"0","1","1","1","0.551219512","0.40163305",,"false","interacts with","PMS2 (interacts with) TRAF6","0","P54278","","Q9Y4K3",""
"12.264046822025525","","interacts with","0","0.464216068","","ZNF221 (interacts with) MED1",,"0","0","0","1","0.526829268","0.401602867",,"false","interacts with","ZNF221 (interacts with) MED1","0","Q9UK13","","Q15648",""
"4.433333333333334","","interacts with","0","0.464192354","","OR51M1 (interacts with) GSTP1",,"0","0","0","1","0.526829268","0.40155544",,"false","interacts with","OR51M1 (interacts with) GSTP1","0","Q9H341","","P09211",""
"7.0","","interacts with","0","0.476387289","","MAGI3 (interacts with) TLR5",,"0","0","0","1","0.551219512","0.401555065",,"false","interacts with","MAGI3 (interacts with) TLR5","0","Q5TCQ9","","O60602",""
"12.181818181818183","","interacts with","0","0.47638718","","TBKBP1 (interacts with) IL16",,"0","0","0","1","0.551219512","0.401554848",,"false","interacts with","TBKBP1 (interacts with) IL16","0","A7MCY6","","Q14005",""
"253.6585858585858","","interacts with","0","0.476426354","","COL1A1 (interacts with) CCKAR",,"1","0","1","1","0.551219512","0.401633197",,"false","interacts with","COL1A1 (interacts with) CCKAR","0","P02452","","P32238",""
"8.029866332497912","","interacts with","0","0.476387322","","OR51M1 (interacts with) SAMD15",,"0","0","0","1","0.551219512","0.401555132",,"false","interacts with","OR51M1 (interacts with) SAMD15","0","Q9H341","","Q9P1V8",""
"18.733333333333327","","interacts with","0","0.476426432","","SF3A1 (interacts with) GAL3ST3",,"0","0","0","1","0.551219512","0.401633352",,"false","interacts with","SF3A1 (interacts with) GAL3ST3","0","Q15459","","Q96A11",""
"34.0","","interacts with","0","0.464231248","","PGR (interacts with) PLCZ1",,"1","0","1","1","0.526829268","0.401633228",,"false","interacts with","PGR (interacts with) PLCZ1","0","P06401","","Q86YW0",""
"37.77356011974074","","interacts with","0","0.464216091","","BECN2 (interacts with) BDP1",,"0","0","0","1","0.526829268","0.401602914",,"false","interacts with","BECN2 (interacts with) BDP1","0","A8MW95","","A6H8Y1",""
"26.899496403555585","","interacts with","0","0.461777125","","NCR1 (interacts with) BRDT",,"0","0","0","1","0.52195122","0.401603031",,"false","interacts with","NCR1 (interacts with) BRDT","0","O76036","","Q58F21",""
"16.435298759723906","","interacts with","0","0.464216211","","MED1 (interacts with) AADACL4",,"0","0","0","1","0.526829268","0.401603153",,"false","interacts with","MED1 (interacts with) AADACL4","0","Q15648","","Q5VUY2",""
"72.13409795242379","","interacts with","0","0.4642161","","BECN2 (interacts with) BOD1L1",,"0","0","0","1","0.526829268","0.401602932",,"false","interacts with","BECN2 (interacts with) BOD1L1","0","A8MW95","","Q8NFC6",""
"66.08700551704543","","interacts with","0","0.47642622","","COL5A2 (interacts with) UBA2",,"1","0","1","1","0.551219512","0.401632929",,"false","interacts with","COL5A2 (interacts with) UBA2","0","P05997","","Q9UBT2",""
"14.947619047619046","","interacts with","0","0.476387226","","SF3A1 (interacts with) SNAPC3",,"0","0","0","1","0.551219512","0.40155494",,"false","interacts with","SF3A1 (interacts with) SNAPC3","0","Q15459","","Q92966",""
"12.61767001043132","","interacts with","0","0.464216171","","MED1 (interacts with) PDE7A",,"0","0","0","1","0.526829268","0.401603073",,"false","interacts with","MED1 (interacts with) PDE7A","0","Q15648","","Q13946",""
"10.980108780108777","","interacts with","0","0.476387294","","BECN2 (interacts with) MYLK3",,"0","0","0","1","0.551219512","0.401555076",,"false","interacts with","BECN2 (interacts with) MYLK3","0","A8MW95","","Q32MK0",""
"11.983823529411767","","interacts with","0","0.464192228","","NCR1 (interacts with) SHC2",,"0","0","0","1","0.526829268","0.401555187",,"false","interacts with","NCR1 (interacts with) SHC2","0","O76036","","P98077",""
"44.416483516483545","","interacts with","0","0.469070109","","MPPED2 (interacts with) RBM25",,"0","0","0","1","0.536585366","0.401554853",,"false","interacts with","MPPED2 (interacts with) RBM25","0","Q15777","","P49756",""
"120.68766233766236","","interacts with","0","0.576223243","","SPATA2 (interacts with) GPANK1",,"0","0","0","1","0.751219512","0.401226974",,"false","interacts with","SPATA2 (interacts with) GPANK1","0","Q9UM82","","O95872",""
"18.23936461786242","","interacts with","0","0.476387214","","NCR1 (interacts with) TELO2",,"0","0","0","1","0.551219512","0.401554917",,"false","interacts with","NCR1 (interacts with) TELO2","0","O76036","","Q9Y4R8",""
"28.133333333333333","","interacts with","0","0.476426331","","GTF2A1L (interacts with) PROCR",,"0","1","1","1","0.551219512","0.401633151",,"false","interacts with","GTF2A1L (interacts with) PROCR","0","Q9UNN4","","Q9UNN8",""
"4.0","","interacts with","0","0.461753288","","SPATA2 (interacts with) TMBIM1",,"0","0","0","1","0.52195122","0.401555357",,"false","interacts with","SPATA2 (interacts with) TMBIM1","0","Q9UM82","","Q969X1",""
"11.133333333333333","","interacts with","0","0.46419211","","NCR1 (interacts with) LPCAT1",,"0","0","0","1","0.526829268","0.401554951",,"false","interacts with","NCR1 (interacts with) LPCAT1","0","O76036","","Q8NF37",""
"4.0","","interacts with","0","0.476387147",""," (interacts with) RANBP3",,"0","0","0","1","0.551219512","0.401554782",,"false","interacts with"," (interacts with) RANBP3","0","Q6ZVL8","","Q9H6Z4",""
"14.0","","interacts with","0","0.476387602","","NCR1 (interacts with) FBXO47",,"0","0","0","1","0.551219512","0.401555692",,"false","interacts with","NCR1 (interacts with) FBXO47","0","O76036","","Q5MNV8",""
"18.938888888888886","","interacts with","0","0.476426312","","SGCA (interacts with) PROCR",,"0","1","1","1","0.551219512","0.401633112",,"false","interacts with","SGCA (interacts with) PROCR","0","Q16586","","Q9UNN8",""
"11.596555748736277","","interacts with","0","0.476387105","","LRP2BP (interacts with) ZCCHC2",,"0","0","0","1","0.551219512","0.401554697",,"false","interacts with","LRP2BP (interacts with) ZCCHC2","0","Q9P2M1","","Q9C0B9",""
"2.0","","interacts with","0","0.564067922","","UTP15 (interacts with) RNF2",,"0","0","0","1","0.726829268","0.401306575",,"false","interacts with","UTP15 (interacts with) RNF2","0","Q8TED0","","Q99496",""
"290.0","","interacts with","0","0.461816182","","COL1A1 (interacts with) FKBP10",,"1","0","1","1","0.52195122","0.401681144",,"false","interacts with","COL1A1 (interacts with) FKBP10","0","P02452","","Q96AY3",""
"14.247619047619049","","interacts with","0","0.476387312","","SF3A1 (interacts with) OIT3",,"0","0","0","1","0.551219512","0.401555112",,"false","interacts with","SF3A1 (interacts with) OIT3","0","Q15459","","Q8WWZ8",""
"19.666666666666668","","interacts with","0","0.476426245","","PGR (interacts with) RASGEF1B",,"1","0","1","1","0.551219512","0.401632978",,"false","interacts with","PGR (interacts with) RASGEF1B","0","P06401","","Q0VAM2",""
"40.29202730391669","","interacts with","0","0.46177705","","NCR1 (interacts with) CROCC2",,"0","0","0","1","0.52195122","0.40160288",,"false","interacts with","NCR1 (interacts with) CROCC2","0","O76036","","H7BZ55",""
"14.034931734931737","","interacts with","0","0.464192167","","TFAP2A (interacts with) SAMD15",,"0","0","0","1","0.526829268","0.401555065",,"false","interacts with","TFAP2A (interacts with) SAMD15","0","P05549","","Q9P1V8",""
"34.99686892042607","","interacts with","0","0.461777152","","NCR1 (interacts with) RIN3",,"0","0","0","1","0.52195122","0.401603084",,"false","interacts with","NCR1 (interacts with) RIN3","0","O76036","","Q8TB24",""
"12.564046822025524","","interacts with","0","0.464216105","","MED1 (interacts with) IQCM",,"0","0","0","1","0.526829268","0.401602943",,"false","interacts with","MED1 (interacts with) IQCM","0","Q15648","","A0A1B0GVH7",""
"10.043144004589788","","interacts with","0","0.476387225","","NCR1 (interacts with) MAMLD1",,"0","0","0","1","0.551219512","0.401554937",,"false","interacts with","NCR1 (interacts with) MAMLD1","0","O76036","","Q13495",""
"8.91904761904762","","interacts with","0","0.476387105","","TRAPPC14 (interacts with) GOLGA3",,"0","0","0","1","0.551219512","0.401554698",,"false","interacts with","TRAPPC14 (interacts with) GOLGA3","0","Q8WVR3","","Q08378",""
"5.9412698412698415","","interacts with","0","0.476387116","","SHISA2 (interacts with) DNAAF1",,"0","0","0","1","0.551219512","0.401554719",,"false","interacts with","SHISA2 (interacts with) DNAAF1","0","Q6UWI4","","Q8NEP3",""
"4.0","","interacts with","0","0.476387205","","ZSCAN5C (interacts with) COX6B2",,"0","0","0","1","0.551219512","0.401554898",,"false","interacts with","ZSCAN5C (interacts with) COX6B2","0","A6NGD5","","Q6YFQ2",""
"8.005555555555556","","interacts with","0","0.476387335","","TRAPPC14 (interacts with) RAMAC",,"0","0","0","1","0.551219512","0.401555157",,"false","interacts with","TRAPPC14 (interacts with) RAMAC","0","Q8WVR3","","Q9BTL3",""
"6.03015873015873","","interacts with","0","0.476387073","","SHISA2 (interacts with) MRE11",,"0","0","0","1","0.551219512","0.401554634",,"false","interacts with","SHISA2 (interacts with) MRE11","0","Q6UWI4","","P49959",""
"10.403846153846153","","interacts with","0","0.47638717","","IGHV1-45 (interacts with) RRBP1",,"0","0","0","1","0.551219512","0.401554827",,"false","interacts with","IGHV1-45 (interacts with) RRBP1","0","A0A0A0MS14","","Q9P2E9",""
"19.999999999999996","","interacts with","0","0.476426325","","PRKACA (interacts with) NCAPH",,"1","0","1","1","0.551219512","0.401633138",,"false","interacts with","PRKACA (interacts with) NCAPH","0","P17612","","Q15003",""
"7.089754689754689","","interacts with","0","0.46419203","","SHISA2 (interacts with) RNF168",,"0","0","0","1","0.526829268","0.401554792",,"false","interacts with","SHISA2 (interacts with) RNF168","0","Q6UWI4","","Q8IYW5",""
"6.535714285714286","","interacts with","0","0.476387168","","IGHV1-45 (interacts with) GOLGA6B",,"0","0","0","1","0.551219512","0.401554825",,"false","interacts with","IGHV1-45 (interacts with) GOLGA6B","0","A0A0A0MS14","","A6NDN3",""
"108.56666666666666","","interacts with","0","0.476426197","","COL1A1 (interacts with) KCNK13",,"1","0","1","1","0.551219512","0.401632883",,"false","interacts with","COL1A1 (interacts with) KCNK13","0","P02452","","Q9HB14",""
"2.0","","interacts with","0","0.564075427","","BMS1 (interacts with) PNMA8A",,"0","0","0","1","0.726829268","0.401321586",,"false","interacts with","BMS1 (interacts with) PNMA8A","0","Q14692","","Q86V59",""
"12.772893772893774","","interacts with","0","0.46177705","","IGHV1-45 (interacts with) CCDC7",,"0","0","0","1","0.52195122","0.40160288",,"false","interacts with","IGHV1-45 (interacts with) CCDC7","0","A0A0A0MS14","","Q96M83",""
"2.0","","interacts with","0","0.564067854","","BMS1 (interacts with) RPL3",,"0","0","0","1","0.726829268","0.401306439",,"false","interacts with","BMS1 (interacts with) RPL3","0","Q14692","","P39023",""
"139.8048756798757","","interacts with","0","0.464231191","","ADARB2-AS1 (interacts with) MYCN",,"0","1","1","1","0.526829268","0.401633115",,"false","interacts with","ADARB2-AS1 (interacts with) MYCN","0","A8MUL3","","P04198",""
"4.938095238095238","","interacts with","0","0.476426353","","ACP5 (interacts with) ASXL2",,"0","0","0","1","0.551219512","0.401633194",,"false","interacts with","ACP5 (interacts with) ASXL2","0","P13686","","Q76L83",""
"105.85287148403307","","interacts with","0","0.476426172","","COL5A3 (interacts with) SHC2",,"1","0","1","1","0.551219512","0.401632832",,"false","interacts with","COL5A3 (interacts with) SHC2","0","P25940","","P98077",""
"11.757047500846225","","interacts with","0","0.47638717","","DZIP1 (interacts with) UBTFL6",,"0","0","0","1","0.551219512","0.401554827",,"false","interacts with","DZIP1 (interacts with) UBTFL6","0","Q86YF9","","P0CB48",""
"3.0","","interacts with","0","0.476387212",""," (interacts with) TRAF3IP1",,"0","0","0","1","0.551219512","0.401554912",,"false","interacts with"," (interacts with) TRAF3IP1","0","Q6ZVL8","","Q8TDR0",""
"11.633333333333333","","interacts with","0","0.476387103","","VGF (interacts with) BCL9",,"0","0","0","1","0.551219512","0.401554695",,"false","interacts with","VGF (interacts with) BCL9","0","O15240","","O00512",""
"9.200000000000001","","interacts with","0","0.476387115","","TRAPPC14 (interacts with) TMF1",,"0","0","0","1","0.551219512","0.401554718",,"false","interacts with","TRAPPC14 (interacts with) TMF1","0","Q8WVR3","","P82094",""
"66.0","","interacts with","0","0.464255199","","COL1A2 (interacts with) TMIGD2",,"1","0","1","1","0.526829268","0.40168113",,"false","interacts with","COL1A2 (interacts with) TMIGD2","0","P08123","","Q96BF3",""
"3.0","","interacts with","0","0.461753008",""," (interacts with) SPZ1",,"0","0","0","1","0.52195122","0.401554797",,"false","interacts with"," (interacts with) SPZ1","0","Q6ZVL8","","Q9BXG8",""
"6.333333333333334","","interacts with","0","0.464192041","","VGF (interacts with) TRAV12-3",,"0","0","0","1","0.526829268","0.401554815",,"false","interacts with","VGF (interacts with) TRAV12-3","0","O15240","","A0A0B4J271",""
"10.124603174603175","","interacts with","0","0.476387152","","TRAPPC14 (interacts with) EDDM3A",,"0","0","0","1","0.551219512","0.401554792",,"false","interacts with","TRAPPC14 (interacts with) EDDM3A","0","Q8WVR3","","Q14507",""
"5.0246031746031745","","interacts with","0","0.4763872","","SCN3B (interacts with) DNAAF1",,"0","0","0","1","0.551219512","0.401554889",,"false","interacts with","SCN3B (interacts with) DNAAF1","0","Q9NY72","","Q8NEP3",""
"18.686879786879782","","interacts with","0","0.47638717","","TFAP2A (interacts with) PMS2",,"0","0","0","1","0.551219512","0.401554827",,"false","interacts with","TFAP2A (interacts with) PMS2","0","P05549","","P54278",""
"2.0","","interacts with","0","0.476426204","","AR (interacts with) RBL2",,"1","0","1","1","0.551219512","0.401632896",,"false","interacts with","AR (interacts with) RBL2","0","P10275","","Q08999",""
"8.066666666666666","","interacts with","0","0.476387335","","TRAPPC14 (interacts with) RAMACL",,"0","0","0","1","0.551219512","0.401555157",,"false","interacts with","TRAPPC14 (interacts with) RAMACL","0","Q8WVR3","","A0A3B3IU46",""
"5.380158730158731","","interacts with","0","0.476426311","","SCN3B (interacts with) MRE11",,"0","0","0","1","0.551219512","0.40163311",,"false","interacts with","SCN3B (interacts with) MRE11","0","Q9NY72","","P49959",""
"4.633333333333333","","interacts with","0","0.476387403","","VGF (interacts with) DHRS13",,"0","0","0","1","0.551219512","0.401555293",,"false","interacts with","VGF (interacts with) DHRS13","0","O15240","","Q6UX07",""
"16.145238095238092","","interacts with","0","0.476387178","","SF3A1 (interacts with) GID4",,"0","0","0","1","0.551219512","0.401554844",,"false","interacts with","SF3A1 (interacts with) GID4","0","Q15459","","Q8IVV7",""
"49.404761904761926","","interacts with","0","0.476426183","","COL1A2 (interacts with) GTF2H1",,"1","0","1","1","0.551219512","0.401632855",,"false","interacts with","COL1A2 (interacts with) GTF2H1","0","P08123","","P32780",""
"6.173088023088023","","interacts with","0","0.476387272","","SCN3B (interacts with) RNF168",,"0","0","0","1","0.551219512","0.401555033",,"false","interacts with","SCN3B (interacts with) RNF168","0","Q9NY72","","Q8IYW5",""
"10.0","","interacts with","0","0.464192083","","VGF (interacts with) SMIM26",,"0","0","0","1","0.526829268","0.401554898",,"false","interacts with","VGF (interacts with) SMIM26","0","O15240","","A0A096LP01",""
"10.987179487179487","","interacts with","0","0.46419213","","RRBP1 (interacts with) IGHV4-39",,"0","0","0","1","0.526829268","0.401554991",,"false","interacts with","RRBP1 (interacts with) IGHV4-39","0","Q9P2E9","","P01824",""
"14.811904761904763","","interacts with","0","0.469070283","","SF3A1 (interacts with) MAPK11",,"0","0","0","1","0.536585366","0.4015552",,"false","interacts with","SF3A1 (interacts with) MAPK11","0","Q15459","","Q15759",""
"103.01953815069976","","interacts with","0","0.476426173","","COL5A3 (interacts with) THNSL2",,"1","0","1","1","0.551219512","0.401632835",,"false","interacts with","COL5A3 (interacts with) THNSL2","0","P25940","","Q86YJ6",""
"10.820512820512821","","interacts with","0","0.476387154","","RRBP1 (interacts with) MEIS3P2",,"0","0","0","1","0.551219512","0.401554796",,"false","interacts with","RRBP1 (interacts with) MEIS3P2","0","Q9P2E9","","A8K0S8",""
"15.547619047619047","","interacts with","0","0.464191976","","SF3A1 (interacts with) CAMKV",,"0","0","0","1","0.526829268","0.401554684",,"false","interacts with","SF3A1 (interacts with) CAMKV","0","Q15459","","Q8NCB2",""
"2.0","","interacts with","0","0.561669128","","PNMA8A (interacts with) RPL3",,"0","0","0","1","0.72195122","0.401387037",,"false","interacts with","PNMA8A (interacts with) RPL3","0","Q86V59","","P39023",""
"44.58680045894562","","interacts with","0","0.476426193","","COL5A2 (interacts with) TRIM59",,"1","0","1","1","0.551219512","0.401632873",,"false","interacts with","COL5A2 (interacts with) TRIM59","0","P05997","","Q8IWR1",""
"10.769047619047619","","interacts with","0","0.476387189","","RRBP1 (interacts with) IGHV7-81",,"0","0","0","1","0.551219512","0.401554867",,"false","interacts with","RRBP1 (interacts with) IGHV7-81","0","Q9P2E9","","A0A0B4J1V7",""
"22.121819842561525","","interacts with","0","0.464231186","","MYC (interacts with) ZNF319",,"1","0","1","1","0.526829268","0.401633103",,"false","interacts with","MYC (interacts with) ZNF319","0","P01106","","Q9P2F9",""
"7.852380952380953","","interacts with","0","0.464192352","","FAM166C (interacts with) RASSF2",,"0","0","0","1","0.526829268","0.401555436",,"false","interacts with","FAM166C (interacts with) RASSF2","0","A6NJV1","","P50749",""
"16.362743488199875","","interacts with","0","0.464216126","","SULT1E1 (interacts with) ZCCHC2",,"0","0","0","1","0.526829268","0.401602985",,"false","interacts with","SULT1E1 (interacts with) ZCCHC2","0","P49888","","Q9C0B9",""
"11.072893772893774","","interacts with","0","0.476387155","","RRBP1 (interacts with) APOBEC3A",,"0","0","0","1","0.551219512","0.401554798",,"false","interacts with","RRBP1 (interacts with) APOBEC3A","0","Q9P2E9","","P31941",""
"16.999460380682617","","interacts with","0","0.464231227","","FAM166C (interacts with) CC2D1A",,"0","0","0","1","0.526829268","0.401633186",,"false","interacts with","FAM166C (interacts with) CC2D1A","0","A6NJV1","","Q6P1N0",""
"763.8650441062206","","interacts with","0","0.47642627","","TLX3 (interacts with) MYCN",,"0","1","1","1","0.551219512","0.401633029","0.030624264","false","interacts with","TLX3 (interacts with) MYCN","1","O43711","","P04198",""
"14.976190476190476","","interacts with","0","0.476426339","","PRKACA (interacts with) MFSD4A",,"1","0","1","1","0.551219512","0.401633165",,"false","interacts with","PRKACA (interacts with) MFSD4A","0","P17612","","Q8N468",""
"11.834199134199135","","interacts with","0","0.476426368","","ACP5 (interacts with) IL16",,"0","0","0","1","0.551219512","0.401633224",,"false","interacts with","ACP5 (interacts with) IL16","0","P13686","","Q14005",""
"5.041269841269841","","interacts with","0","0.476387416","","CFAP100 (interacts with) CCDC150",,"0","0","0","1","0.551219512","0.40155532",,"false","interacts with","CFAP100 (interacts with) CCDC150","0","Q494V2","","Q8NCX0",""
"24.0","","interacts with","0","0.476426283","","PTGS1 (interacts with) KLHL13",,"1","0","1","1","0.551219512","0.401633054",,"false","interacts with","PTGS1 (interacts with) KLHL13","0","P23219","","Q9P2N7",""
"6.3999999999999995","","interacts with","0","0.476387147","","H2BC18 (interacts with) ZNF853",,"0","0","0","1","0.551219512","0.401554782",,"false","interacts with","H2BC18 (interacts with) ZNF853","0","Q5QNW6","","P0CG23",""
"47.19885778251105","","interacts with","0","0.46421612","","FRMPD4 (interacts with) CPA4",,"0","0","0","1","0.526829268","0.401602972",,"false","interacts with","FRMPD4 (interacts with) CPA4","0","Q14CM0","","Q9UI42",""
"10.987179487179487","","interacts with","0","0.464231259","","RRBP1 (interacts with) TPMT",,"0","0","0","1","0.526829268","0.40163325",,"false","interacts with","RRBP1 (interacts with) TPMT","0","Q9P2E9","","P51580",""
"14.317460317460315","","interacts with","0","0.461753064","","SF3A1 (interacts with) HOXA13",,"0","0","0","1","0.52195122","0.401554908",,"false","interacts with","SF3A1 (interacts with) HOXA13","0","Q15459","","P31271",""
"4.0","","interacts with","0","0.461753192","","NPIPB7 (interacts with) TREML4",,"0","0","0","1","0.52195122","0.401555165",,"false","interacts with","NPIPB7 (interacts with) TREML4","0","O75200","","Q6UXN2",""
"10.122893772893773","","interacts with","0","0.47638717","","RRBP1 (interacts with) TRGV5",,"0","0","0","1","0.551219512","0.401554828",,"false","interacts with","RRBP1 (interacts with) TRGV5","0","Q9P2E9","","A0A0B4J1U4",""
"5.405555555555556","","interacts with","0","0.476387134","","C3orf84 (interacts with) DNAAF1",,"0","0","0","1","0.551219512","0.401554755",,"false","interacts with","C3orf84 (interacts with) DNAAF1","0","H3BNL1","","Q8NEP3",""
"15.316666666666666","","interacts with","0","0.476426322","","MYCL (interacts with) KCNJ12",,"1","0","1","1","0.551219512","0.401633133",,"false","interacts with","MYCL (interacts with) KCNJ12","0","P12524","","Q14500",""
"5.827777777777778","","interacts with","0","0.476387159","","C3orf84 (interacts with) MRE11",,"0","0","0","1","0.551219512","0.401554806",,"false","interacts with","C3orf84 (interacts with) MRE11","0","H3BNL1","","P49959",""
"8.0","","interacts with","0","0.476387097","","NHS (interacts with) PFKL",,"0","0","0","1","0.551219512","0.401554682",,"false","interacts with","NHS (interacts with) PFKL","0","Q6T4R5","","P17858",""
"6.554040404040405","","interacts with","0","0.464192135","","C3orf84 (interacts with) RNF168",,"0","0","0","1","0.526829268","0.401555001",,"false","interacts with","C3orf84 (interacts with) RNF168","0","H3BNL1","","Q8IYW5",""
"7.066666666666667","","interacts with","0","0.476426173","","SHTN1 (interacts with) JUN",,"0","1","1","1","0.551219512","0.401632834","0.003533569","false","interacts with","SHTN1 (interacts with) JUN","1","A0MZ66","","P05412",""
"8.0","","interacts with","0","0.476387134","","NHS (interacts with) THBS4",,"0","0","0","1","0.551219512","0.401554755",,"false","interacts with","NHS (interacts with) THBS4","0","Q6T4R5","","P35443",""
"13.97107682153321","","interacts with","0","0.464216143","","GLYATL1 (interacts with) ZCCHC2",,"0","0","0","1","0.526829268","0.401603018",,"false","interacts with","GLYATL1 (interacts with) ZCCHC2","0","Q969I3","","Q9C0B9",""
"34.54999999999998","","interacts with","0","0.476426321","","RASSF2 (interacts with) TRAF6",,"0","1","1","1","0.551219512","0.40163313",,"false","interacts with","RASSF2 (interacts with) TRAF6","0","P50749","","Q9Y4K3",""
"9.000865800865801","","interacts with","0","0.476387154","","FAM184B (interacts with) ACP5",,"0","0","0","1","0.551219512","0.401554796",,"false","interacts with","FAM184B (interacts with) ACP5","0","Q9ULE4","","P13686",""
"7.616666666666666","","interacts with","0","0.476387247","","GLYATL1 (interacts with) ZNF311",,"0","0","0","1","0.551219512","0.401554982",,"false","interacts with","GLYATL1 (interacts with) ZNF311","0","Q969I3","","Q5JNZ3",""
"15.968847665548425","","interacts with","0","0.464231171","","FAM166C (interacts with) ZNF319",,"0","0","0","1","0.526829268","0.401633074",,"false","interacts with","FAM166C (interacts with) ZNF319","0","A6NJV1","","Q9P2F9",""
"17.933333333333337","","interacts with","0","0.469109647","","FAM166C (interacts with) SNRNP48",,"0","0","0","1","0.536585366","0.401633927",,"false","interacts with","FAM166C (interacts with) SNRNP48","0","A6NJV1","","Q6IEG0",""
"111.79122037568759","","interacts with","0","0.476426244","","BCL2 (interacts with) PSMD13",,"1","0","1","1","0.551219512","0.401632976",,"false","interacts with","BCL2 (interacts with) PSMD13","0","P10415","","Q9UNM6",""
"8.152380952380952","","interacts with","0","0.476426433","","FAM166C (interacts with) ZNF547",,"0","0","0","1","0.551219512","0.401633354",,"false","interacts with","FAM166C (interacts with) ZNF547","0","A6NJV1","","Q8IVP9",""
"10.96081871345029","","interacts with","0","0.476387082","","FAM166C (interacts with) SAMD15",,"0","0","0","1","0.551219512","0.401554652",,"false","interacts with","FAM166C (interacts with) SAMD15","0","A6NJV1","","Q9P1V8",""
"62.764578236723445","","interacts with","0","0.476426211","","COL5A2 (interacts with) PDIA2",,"1","0","1","1","0.551219512","0.401632909",,"false","interacts with","COL5A2 (interacts with) PDIA2","0","P05997","","Q13087",""
"9.256227106227106","","interacts with","0","0.476387157","","RRBP1 (interacts with) TMEM61",,"0","0","0","1","0.551219512","0.401554803",,"false","interacts with","RRBP1 (interacts with) TMEM61","0","Q9P2E9","","Q8N0U2",""
"10.856190476190477","","interacts with","0","0.476387135","","FAM166C (interacts with) PMS2",,"0","0","0","1","0.551219512","0.401554757",,"false","interacts with","FAM166C (interacts with) PMS2","0","A6NJV1","","P54278",""
"48.33333333333334","","interacts with","0","0.476426299","","AKAP17A (interacts with) PROCR",,"0","1","1","1","0.551219512","0.401633085",,"false","interacts with","AKAP17A (interacts with) PROCR","0","Q02040","","Q9UNN8",""
"12.416666666666668","","interacts with","0","0.476387188","","RRBP1 (interacts with) IZUMO1",,"0","0","0","1","0.551219512","0.401554865",,"false","interacts with","RRBP1 (interacts with) IZUMO1","0","Q9P2E9","","Q8IYV9",""
"15.714479369261978","","interacts with","0","0.47638708","","FAM166C (interacts with) PHC2",,"0","0","0","1","0.551219512","0.401554648",,"false","interacts with","FAM166C (interacts with) PHC2","0","A6NJV1","","Q8IXK0",""
"8.0","","interacts with","0","0.464192168","","NHS (interacts with) TLR4",,"0","0","0","1","0.526829268","0.401555068",,"false","interacts with","NHS (interacts with) TLR4","0","Q6T4R5","","O00206",""
"12.666666666666666","","interacts with","0","0.464192201","","MYLK2 (interacts with) SMIM26",,"0","0","0","1","0.526829268","0.401555133",,"false","interacts with","MYLK2 (interacts with) SMIM26","0","Q9H1R3","","A0A096LP01",""
"380.0983408200107","","interacts with","0","0.476426272","","MYCN (interacts with) TDGF1",,"1","0","1","1","0.551219512","0.401633033","0.146054181","false","interacts with","MYCN (interacts with) TDGF1","1","P04198","","P13385",""
"7.833333333333332","","interacts with","0","0.464192106","","NHS (interacts with) STON1",,"0","0","0","1","0.526829268","0.401554943",,"false","interacts with","NHS (interacts with) STON1","0","Q6T4R5","","Q9Y6Q2",""
"36.0","","interacts with","0","0.476387164","","SNRNP48 (interacts with) PMS2",,"0","0","0","1","0.551219512","0.401554816",,"false","interacts with","SNRNP48 (interacts with) PMS2","0","Q6IEG0","","P54278",""
"9.271428571428572","","interacts with","0","0.476426205","","MYCL (interacts with) GOLGA3",,"1","0","1","1","0.551219512","0.401632898",,"false","interacts with","MYCL (interacts with) GOLGA3","0","P12524","","Q08378",""
"5.966666666666667","","interacts with","0","0.629436144","","SULT1A4 (interacts with) SULT1A1",,"0","0","0","1","0.858536585","0.400335702",,"false","interacts with","SULT1A4 (interacts with) SULT1A1","0","P0DMN0","","P50225",""
"26.242645802213456","","interacts with","0","0.476387153","","OSGIN2 (interacts with) RIN3",,"0","0","0","1","0.551219512","0.401554794",,"false","interacts with","OSGIN2 (interacts with) RIN3","0","Q9Y236","","Q8TB24",""
"4.988888888888889","","interacts with","0","0.476387182","","SULT1A4 (interacts with) ATP2C2",,"0","0","0","1","0.551219512","0.401554851",,"false","interacts with","SULT1A4 (interacts with) ATP2C2","0","P0DMN0","","O75185",""
"13.921742490099488","","interacts with","0","0.476426349","","NFKB1 (interacts with) ZCCHC2",,"1","0","1","1","0.551219512","0.401633186",,"false","interacts with","NFKB1 (interacts with) ZCCHC2","0","P19838","","Q9C0B9",""
"475.88456040464445","","interacts with","0","0.564075282","","TPTE2 (interacts with) TRIM37",,"0","0","0","1","0.726829268","0.401321296",,"false","interacts with","TPTE2 (interacts with) TRIM37","0","Q6XPS3","","O94972",""
"4.095238095238095","","interacts with","0","0.464192106","","OSGIN2 (interacts with) SLC26A3",,"0","0","0","1","0.526829268","0.401554944",,"false","interacts with","OSGIN2 (interacts with) SLC26A3","0","Q9Y236","","P40879",""
"5.122222222222222","","interacts with","0","0.476387283","","SULT1A4 (interacts with) BTBD16",,"0","0","0","1","0.551219512","0.401555054",,"false","interacts with","SULT1A4 (interacts with) BTBD16","0","P0DMN0","","Q32M84",""
"196.0455761518138","","interacts with","0","0.466694189","","MAPK14 (interacts with) BOD1L1",,"1","0","1","1","0.531707317","0.401681061",,"false","interacts with","MAPK14 (interacts with) BOD1L1","0","Q16539","","Q8NFC6",""
"684.4839795197961","","interacts with","0","0.569051406","","CDK5RAP2 (interacts with) CORO1B",,"0","0","0","1","0.736585366","0.401517447",,"false","interacts with","CDK5RAP2 (interacts with) CORO1B","0","Q96SN8","","Q9BR76",""
"6.788888888888889","","interacts with","0","0.476387133","","SULT1A4 (interacts with) TC2N",,"0","0","0","1","0.551219512","0.401554753",,"false","interacts with","SULT1A4 (interacts with) TC2N","0","P0DMN0","","Q8N9U0",""
"8.056421356421357","","interacts with","0","0.464192088","","FAM184B (interacts with) SULT1A4",,"0","0","0","1","0.526829268","0.401554908",,"false","interacts with","FAM184B (interacts with) SULT1A4","0","Q9ULE4","","P0DMN0",""
"182.0","","interacts with","0","0.476426285","","CTSK (interacts with) CARD14",,"1","0","1","1","0.551219512","0.401633058",,"false","interacts with","CTSK (interacts with) CARD14","0","P43235","","Q9BXL6",""
"7.0","","interacts with","0","0.476387266","","NHS (interacts with) USP35",,"0","0","0","1","0.551219512","0.401555019",,"false","interacts with","NHS (interacts with) USP35","0","Q6T4R5","","Q9P2H5",""
"9.500000000000002","","interacts with","0","0.476387076","","TRIP11 (interacts with) DENND2A",,"0","0","0","1","0.551219512","0.401554639",,"false","interacts with","TRIP11 (interacts with) DENND2A","0","Q15643","","Q9ULE3",""
"227.7740259740259","","interacts with","0","0.476426308","","COL1A1 (interacts with) KCNJ2",,"1","0","1","1","0.551219512","0.401633104",,"false","interacts with","COL1A1 (interacts with) KCNJ2","0","P02452","","P63252",""
"2.0","","interacts with","0","0.561424421","","RPAP2 (interacts with) RPAP3",,"0","0","0","1","0.72195122","0.400897622",,"false","interacts with","RPAP2 (interacts with) RPAP3","0","Q8IXW5","","Q9H6T3",""
"10.696103896103894","","interacts with","0","0.464192095","","FAM184B (interacts with) SULT1A1",,"0","0","0","1","0.526829268","0.401554922",,"false","interacts with","FAM184B (interacts with) SULT1A1","0","Q9ULE4","","P50225",""
"10.28717948717949","","interacts with","0","0.476387068","","TRIP11 (interacts with) PDE4B",,"0","0","0","1","0.551219512","0.401554625",,"false","interacts with","TRIP11 (interacts with) PDE4B","0","Q15643","","Q07343",""
"186.47667356797785","","interacts with","0","0.47642623","","WNT9A (interacts with) BCL2",,"0","1","1","1","0.551219512","0.401632949",,"false","interacts with","WNT9A (interacts with) BCL2","0","O14904","","P10415",""
"8.333333333333332","","interacts with","0","0.476387255","","NHS (interacts with) SEC23B",,"0","0","0","1","0.551219512","0.401554997",,"false","interacts with","NHS (interacts with) SEC23B","0","Q6T4R5","","Q15437",""
"6.625274725274726","","interacts with","0","0.476387073","","TRIP11 (interacts with) SNX33",,"0","0","0","1","0.551219512","0.401554634",,"false","interacts with","TRIP11 (interacts with) SNX33","0","Q15643","","Q8WV41",""
"6.0","","interacts with","0","0.581101216","","RPAP2 (interacts with) OFD1",,"0","0","0","1","0.76097561","0.401226821",,"false","interacts with","RPAP2 (interacts with) OFD1","0","Q8IXW5","","O75665",""
"31.733333333333338","","interacts with","0","0.476426495","","PROCR (interacts with) RBMX2",,"1","0","1","1","0.551219512","0.401633477",,"false","interacts with","PROCR (interacts with) RBMX2","0","Q9UNN8","","Q9Y388",""
"22.0","","interacts with","0","0.561630108","","PHF10 (interacts with) TPX2",,"0","0","0","1","0.72195122","0.401308997",,"false","interacts with","PHF10 (interacts with) TPX2","0","Q8WUB8","","Q9ULW0",""
"63.666666666666664","","interacts with","0","0.476426297","","NXPH3 (interacts with) TP53",,"0","1","1","1","0.551219512","0.401633082",,"false","interacts with","NXPH3 (interacts with) TP53","0","O95157","","P04637",""
"8.148484848484848","","interacts with","0","0.476387103","","IL16 (interacts with) ARHGAP28",,"0","0","0","1","0.551219512","0.401554693",,"false","interacts with","IL16 (interacts with) ARHGAP28","0","Q14005","","Q9P2N2",""
"48.169230737651425","","interacts with","0","0.461777158","","CROCC2 (interacts with) ST8SIA5",,"0","0","0","1","0.52195122","0.401603097",,"false","interacts with","CROCC2 (interacts with) ST8SIA5","0","H7BZ55","","O15466",""
"149.77521157521153","","interacts with","0","0.46425515","","COL5A3 (interacts with) ZNF136",,"1","0","1","1","0.526829268","0.401681031",,"false","interacts with","COL5A3 (interacts with) ZNF136","0","P25940","","P52737",""
"39.42450253829642","","interacts with","0","0.461777168","","CROCC2 (interacts with) LMNTD1",,"0","0","0","1","0.52195122","0.401603116",,"false","interacts with","CROCC2 (interacts with) LMNTD1","0","H7BZ55","","Q8N9Z9",""
"37.57419425786264","","interacts with","0","0.461777155","","CROCC2 (interacts with) SULT1C3",,"0","0","0","1","0.52195122","0.40160309",,"false","interacts with","CROCC2 (interacts with) SULT1C3","0","H7BZ55","","Q6IMI6",""
"8.233333333333334","","interacts with","0","0.476426286","","AKT1 (interacts with) CNTLN",,"1","0","1","1","0.551219512","0.401633059",,"false","interacts with","AKT1 (interacts with) CNTLN","0","P31749","","Q9NXG0",""
"5.833333333333334","","interacts with","0","0.461753047","","AKAP17A (interacts with) GTF2A1L",,"0","0","0","1","0.52195122","0.401554875",,"false","interacts with","AKAP17A (interacts with) GTF2A1L","0","Q02040","","Q9UNN4",""
"176.53295425075385","","interacts with","0","0.461777167","","CROCC2 (interacts with) CORO1B",,"0","0","0","1","0.52195122","0.401603114",,"false","interacts with","CROCC2 (interacts with) CORO1B","0","H7BZ55","","Q9BR76",""
"85.6965293265692","","interacts with","0","0.476426282","","COL5A2 (interacts with) KCNJ1",,"1","0","1","1","0.551219512","0.401633053",,"false","interacts with","COL5A2 (interacts with) KCNJ1","0","P05997","","P48048",""
"5.41904761904762","","interacts with","0","0.461753335","","THBD (interacts with) CALHM2",,"0","0","0","1","0.52195122","0.40155545",,"false","interacts with","THBD (interacts with) CALHM2","0","P07204","","Q9HA72",""
"46.56842259958426","","interacts with","0","0.461777139","","CROCC2 (interacts with) CLEC4M",,"0","0","0","1","0.52195122","0.401603059",,"false","interacts with","CROCC2 (interacts with) CLEC4M","0","H7BZ55","","Q9H2X3",""
"204.3868679408664","","interacts with","0","0.464192105","","CDK5RAP2 (interacts with) ZNF717",,"0","0","0","1","0.526829268","0.401554942",,"false","interacts with","CDK5RAP2 (interacts with) ZNF717","0","Q96SN8","","Q9BY31",""
"193.0471472971472","","interacts with","0","0.464231282","","MYCN (interacts with) ARF5",,"1","0","1","1","0.526829268","0.401633295",,"false","interacts with","MYCN (interacts with) ARF5","0","P04198","","P84085",""
"4.707936507936508","","interacts with","0","0.476387175","","SULT1A4 (interacts with) SYT9",,"0","0","0","1","0.551219512","0.401554837",,"false","interacts with","SULT1A4 (interacts with) SYT9","0","P0DMN0","","Q86SS6",""
"6.0","","interacts with","0","0.461777153","","RUBCN (interacts with) DEGS2",,"0","0","0","1","0.52195122","0.401603086",,"false","interacts with","RUBCN (interacts with) DEGS2","0","Q92622","","Q6QHC5",""
"444.97131849749775","","interacts with","0","0.571490409","","CDK5RAP2 (interacts with) TPTE2",,"0","0","0","1","0.741463415","0.401517404",,"false","interacts with","CDK5RAP2 (interacts with) TPTE2","0","Q96SN8","","Q6XPS3",""
"5.16031746031746","","interacts with","0","0.476387161","","SULT1A4 (interacts with) ASXL2",,"0","0","0","1","0.551219512","0.40155481",,"false","interacts with","SULT1A4 (interacts with) ASXL2","0","P0DMN0","","Q76L83",""
"61.666666666666664","","interacts with","0","0.464231233","","BMP2 (interacts with) FAM161B",,"1","0","1","1","0.526829268","0.401633197",,"false","interacts with","BMP2 (interacts with) FAM161B","0","P12643","","Q96MY7",""
"12.666666666666671","","interacts with","0","0.476387081","","IL16 (interacts with) RIOK3",,"0","0","0","1","0.551219512","0.40155465",,"false","interacts with","IL16 (interacts with) RIOK3","0","Q14005","","O14730",""
"111.56991886196688","","interacts with","0","0.461777243","","CDK5RAP2 (interacts with) TSPYL2",,"0","0","0","1","0.52195122","0.401603266",,"false","interacts with","CDK5RAP2 (interacts with) TSPYL2","0","Q96SN8","","Q9H2G4",""
"6.233333333333333","","interacts with","0","0.476426176","","AKT1 (interacts with) MIDEAS",,"1","0","1","1","0.551219512","0.40163284",,"false","interacts with","AKT1 (interacts with) MIDEAS","0","P31749","","Q6PJG2",""
"15.269047619047617","","interacts with","0","0.593484488","","CDK5RAP2 (interacts with) TRIM37",,"0","0","0","1","0.785365854","0.401603122",,"false","interacts with","CDK5RAP2 (interacts with) TRIM37","0","Q96SN8","","O94972",""
"8.975468975468978","","interacts with","0","0.476387187","","SULT1A4 (interacts with) IL16",,"0","0","0","1","0.551219512","0.401554862",,"false","interacts with","SULT1A4 (interacts with) IL16","0","P0DMN0","","Q14005",""
"139.08208949404","","interacts with","0","0.461777088","","CDK5RAP2 (interacts with) CPA4",,"0","0","0","1","0.52195122","0.401602957",,"false","interacts with","CDK5RAP2 (interacts with) CPA4","0","Q96SN8","","Q9UI42",""
"10.848484848484851","","interacts with","0","0.476387114","","IL16 (interacts with) TIGD4",,"0","0","0","1","0.551219512","0.401554716",,"false","interacts with","IL16 (interacts with) TIGD4","0","Q14005","","Q8IY51",""
"29.168395246894992","","interacts with","0","0.46177718","","CROCC2 (interacts with) CORO1C",,"0","0","0","1","0.52195122","0.40160314",,"false","interacts with","CROCC2 (interacts with) CORO1C","0","H7BZ55","","Q9ULV4",""
"42.748398838165954","","interacts with","0","0.476426379","","OR12D2 (interacts with) TRAF6",,"0","1","1","1","0.551219512","0.401633245",,"false","interacts with","OR12D2 (interacts with) TRAF6","0","P58182","","Q9Y4K3",""
"10.703919035314383","","interacts with","0","0.469070132","","ARHGEF15 (interacts with) UPK1A",,"0","0","0","1","0.536585366","0.401554897",,"false","interacts with","ARHGEF15 (interacts with) UPK1A","0","O94989","","O00322",""
"34.54209395076233","","interacts with","0","0.461777116","","CROCC2 (interacts with) RGR",,"0","0","0","1","0.52195122","0.401603013",,"false","interacts with","CROCC2 (interacts with) RGR","0","H7BZ55","","P47804",""
"115.26904795462131","","interacts with","0","0.464231233","","COL5A3 (interacts with) COX11",,"1","0","1","1","0.526829268","0.401633197",,"false","interacts with","COL5A3 (interacts with) COX11","0","P25940","","Q9Y6N1",""
"26.59376548750951","","interacts with","0","0.591022375","","TCTN3 (interacts with) SLC35B4",,"0","0","0","1","0.780487805","0.401556945",,"false","interacts with","TCTN3 (interacts with) SLC35B4","0","Q6NUS6","","Q969S0",""
"34.43796949413113","","interacts with","0","0.464216228","","CROCC2 (interacts with) DLAT",,"0","0","0","1","0.526829268","0.401603187",,"false","interacts with","CROCC2 (interacts with) DLAT","0","H7BZ55","","P10515",""
"26.71111111111111","","interacts with","0","0.59074311","","TCTN3 (interacts with) ASIC1",,"0","0","0","1","0.780487805","0.400998416",,"false","interacts with","TCTN3 (interacts with) ASIC1","0","Q6NUS6","","P78348",""
"29.67561327561328","","interacts with","0","0.476426181","","PHACTR2 (interacts with) MYCN",,"0","1","1","1","0.551219512","0.40163285",,"false","interacts with","PHACTR2 (interacts with) MYCN","0","O75167","","P04198",""
"35.58698276222242","","interacts with","0","0.464216195","","CROCC2 (interacts with) SHC2",,"0","0","0","1","0.526829268","0.401603121",,"false","interacts with","CROCC2 (interacts with) SHC2","0","H7BZ55","","P98077",""
"21.72868612243015","","interacts with","0","0.591022033","","TCTN3 (interacts with) REEP4",,"0","0","0","1","0.780487805","0.401556261",,"false","interacts with","TCTN3 (interacts with) REEP4","0","Q6NUS6","","Q9H6H4",""
"39.42450253829642","","interacts with","0","0.464216188","","CROCC2 (interacts with) KLHL35",,"0","0","0","1","0.526829268","0.401603108",,"false","interacts with","CROCC2 (interacts with) KLHL35","0","H7BZ55","","Q6PF15",""
"6.81904761904762","","interacts with","0","0.476426264","","SKI (interacts with) BMP7",,"0","1","1","1","0.551219512","0.401633016",,"false","interacts with","SKI (interacts with) BMP7","0","P12755","","P18075",""
"21.934126984126976","","interacts with","0","0.59576321","","TCTN3 (interacts with) SLC30A6",,"0","0","0","1","0.790243902","0.401282518",,"false","interacts with","TCTN3 (interacts with) SLC30A6","0","Q6NUS6","","Q6NXT4",""
"9.744444444444444","","interacts with","0","0.476387045","","THBD (interacts with) MYLK3",,"0","0","0","1","0.551219512","0.401554578",,"false","interacts with","THBD (interacts with) MYLK3","0","P07204","","Q32MK0",""
"53.0","","interacts with","0","0.47642631","","TP53 (interacts with) CAPZB",,"1","0","1","1","0.551219512","0.401633108","0.049469965","false","interacts with","TP53 (interacts with) CAPZB","1","P04637","","P47756",""
"38.22320383699771","","interacts with","0","0.46177715","","CROCC2 (interacts with) SHF",,"0","0","0","1","0.52195122","0.401603081",,"false","interacts with","CROCC2 (interacts with) SHF","0","H7BZ55","","Q7M4L6",""
"4.219047619047619","","interacts with","0","0.476387144","","THBD (interacts with) SYPL1",,"0","0","0","1","0.551219512","0.401554776",,"false","interacts with","THBD (interacts with) SYPL1","0","P07204","","Q16563",""
"16.666666666666668","","interacts with","0","0.476426302","","PRKACA (interacts with) RIOX2",,"1","0","1","1","0.551219512","0.401633093",,"false","interacts with","PRKACA (interacts with) RIOX2","0","P17612","","Q8IUF8",""
"14.65","","interacts with","0","0.464231168","","THBD (interacts with) DAPP1",,"0","0","0","1","0.526829268","0.401633067",,"false","interacts with","THBD (interacts with) DAPP1","0","P07204","","Q9UN19",""
"46.56842259958425","","interacts with","0","0.461777136","","CROCC2 (interacts with) TMEM143",,"0","0","0","1","0.52195122","0.401603052",,"false","interacts with","CROCC2 (interacts with) TMEM143","0","H7BZ55","","Q96AN5",""
"20.166666666666664","","interacts with","0","0.476426429","","SPP1 (interacts with) ANKRD22",,"1","0","1","1","0.551219512","0.401633346",,"false","interacts with","SPP1 (interacts with) ANKRD22","0","P10451","","Q5VYY1",""
"4.857142857142858","","interacts with","0","0.464192014","","THBD (interacts with) CEACAM21",,"0","0","0","1","0.526829268","0.40155476",,"false","interacts with","THBD (interacts with) CEACAM21","0","P07204","","Q3KPI0",""
"40.6206370517987","","interacts with","0","0.46177714","","CROCC2 (interacts with) SLC2A11",,"0","0","0","1","0.52195122","0.401603061",,"false","interacts with","CROCC2 (interacts with) SLC2A11","0","H7BZ55","","Q9BYW1",""
"8.866666666666667","","interacts with","0","0.476426351","","ACP5 (interacts with) BMP7",,"0","1","1","1","0.551219512","0.401633191",,"false","interacts with","ACP5 (interacts with) BMP7","0","P13686","","P18075",""
"158.72930079868763","","interacts with","0","0.461777141","","CROCC2 (interacts with) B3GAT1",,"0","0","0","1","0.52195122","0.401603063",,"false","interacts with","CROCC2 (interacts with) B3GAT1","0","H7BZ55","","Q9P2W7",""
"43.0","","interacts with","0","0.476426343","","MYCL (interacts with) FBXL18",,"1","0","1","1","0.551219512","0.401633174",,"false","interacts with","MYCL (interacts with) FBXL18","0","P12524","","Q96ME1",""
"36.253649428889084","","interacts with","0","0.464216185","","CROCC2 (interacts with) LPCAT1",,"0","0","0","1","0.526829268","0.401603102",,"false","interacts with","CROCC2 (interacts with) LPCAT1","0","H7BZ55","","Q8NF37",""
"36.2515873015873","","interacts with","0","0.476387135","","NDUFAF6 (interacts with) RBM25",,"0","0","0","1","0.551219512","0.401554759",,"false","interacts with","NDUFAF6 (interacts with) RBM25","0","Q330K2","","P49756",""
"32.49999999999999","","interacts with","0","0.464231272","","C10orf67 (interacts with) PROCR",,"0","1","1","1","0.526829268","0.401633275",,"false","interacts with","C10orf67 (interacts with) PROCR","0","Q8IYJ2","","Q9UNN8",""
"195.8763736263739","","interacts with","0","0.476426176","","MSTN (interacts with) COL1A1",,"0","1","1","1","0.551219512","0.40163284",,"false","interacts with","MSTN (interacts with) COL1A1","0","O14793","","P02452",""
"38.251587301587314","","interacts with","0","0.46907015","","SLC35B4 (interacts with) RBM25",,"0","0","0","1","0.536585366","0.401554934",,"false","interacts with","SLC35B4 (interacts with) RBM25","0","Q969S0","","P49756",""
"16.344771688579737","","interacts with","0","0.476387204","","FILIP1 (interacts with) EFCAB9",,"0","0","0","1","0.551219512","0.401554896",,"false","interacts with","FILIP1 (interacts with) EFCAB9","0","Q7Z7B0","","A8MZ26",""
"13.276190476190473","","interacts with","0","0.476387041","","MAGEB6B (interacts with) PHC2",,"0","0","0","1","0.551219512","0.40155457",,"false","interacts with","MAGEB6B (interacts with) PHC2","0","A0A0J9YX57","","Q8IXK0",""
"62.0","","interacts with","0","0.476426305","","RELA (interacts with) OR1M1",,"1","0","1","1","0.551219512","0.401633097",,"false","interacts with","RELA (interacts with) OR1M1","0","Q04206","","Q8NGA1",""
"26.458896658896652","","interacts with","0","0.476387223","","FILIP1 (interacts with) OR10H4",,"0","0","0","1","0.551219512","0.401554934",,"false","interacts with","FILIP1 (interacts with) OR10H4","0","Q7Z7B0","","Q8NGA5",""
"39.42450253829644","","interacts with","0","0.461777146","","CROCC2 (interacts with) ITFG2",,"0","0","0","1","0.52195122","0.401603073",,"false","interacts with","CROCC2 (interacts with) ITFG2","0","H7BZ55","","Q969R8",""
"45.44444444444445","","interacts with","0","0.476426194","","COL1A2 (interacts with) HOXA13",,"1","0","1","1","0.551219512","0.401632875",,"false","interacts with","COL1A2 (interacts with) HOXA13","0","P08123","","P31271",""
"37.05421440064049","","interacts with","0","0.461777158","","CROCC2 (interacts with) THNSL2",,"0","0","0","1","0.52195122","0.401603096",,"false","interacts with","CROCC2 (interacts with) THNSL2","0","H7BZ55","","Q86YJ6",""
"9.0","","interacts with","0","0.476426192","","SRC (interacts with) ZC3H13",,"1","0","1","1","0.551219512","0.401632873",,"false","interacts with","SRC (interacts with) ZC3H13","0","P12931","","Q5T200",""
"39.40240047669035","","interacts with","0","0.461777149","","CROCC2 (interacts with) FCRL6",,"0","0","0","1","0.52195122","0.401603078",,"false","interacts with","CROCC2 (interacts with) FCRL6","0","H7BZ55","","Q6DN72",""
"38.1336173846256","","interacts with","0","0.46177714","","CROCC2 (interacts with) FCER1A",,"0","0","0","1","0.52195122","0.401603061",,"false","interacts with","CROCC2 (interacts with) FCER1A","0","H7BZ55","","P12319",""
"29.93737373737374","","interacts with","0","0.464231231","","TP53 (interacts with) RNF168",,"1","0","1","1","0.526829268","0.401633193","0.342756184","false","interacts with","TP53 (interacts with) RNF168","1","P04637","","Q8IYW5",""
"35.88201262367026","","interacts with","0","0.461777168","","CROCC2 (interacts with) UBTFL1",,"0","0","0","1","0.52195122","0.401603116",,"false","interacts with","CROCC2 (interacts with) UBTFL1","0","H7BZ55","","P0CB47",""
"31.618212506800486","","interacts with","0","0.461777148","","CROCC2 (interacts with) UPK1A",,"0","0","0","1","0.52195122","0.401603076",,"false","interacts with","CROCC2 (interacts with) UPK1A","0","H7BZ55","","O00322",""
"7.748484848484849","","interacts with","0","0.464231148","","FAM184B (interacts with) TC2N",,"0","0","0","1","0.526829268","0.401633029",,"false","interacts with","FAM184B (interacts with) TC2N","0","Q9ULE4","","Q8N9U0",""
"27.833333333333336","","interacts with","0","0.47642622","","SH3D21 (interacts with) PROCR",,"0","1","1","1","0.551219512","0.401632928",,"false","interacts with","SH3D21 (interacts with) PROCR","0","A4FU49","","Q9UNN8",""
"31.668449197860962","","interacts with","0","0.476387143","","FILIP1 (interacts with) OR51A2",,"0","0","0","1","0.551219512","0.401554774",,"false","interacts with","FILIP1 (interacts with) OR51A2","0","Q7Z7B0","","Q8NGJ7",""
"7.071428571428573","","interacts with","0","0.476387085","","FAM184B (interacts with) SYT9",,"0","0","0","1","0.551219512","0.401554658",,"false","interacts with","FAM184B (interacts with) SYT9","0","Q9ULE4","","Q86SS6",""
"23.66666666666667","","interacts with","0","0.47642626","","IGHV1-45 (interacts with) BMP2",,"0","1","1","1","0.551219512","0.401633008",,"false","interacts with","IGHV1-45 (interacts with) BMP2","0","A0A0A0MS14","","P12643",""
"15.511438355246405","","interacts with","0","0.476387125","","FILIP1 (interacts with) PSMA4",,"0","0","0","1","0.551219512","0.401554738",,"false","interacts with","FILIP1 (interacts with) PSMA4","0","Q7Z7B0","","P25789",""
"5.0","","interacts with","0","0.476426299","","NXPH3 (interacts with) RTF1",,"0","0","0","1","0.551219512","0.401633086",,"false","interacts with","NXPH3 (interacts with) RTF1","0","O95157","","Q92541",""
"20.747496947496938","","interacts with","0","0.476387098","","FILIP1 (interacts with) TRIB1",,"0","0","0","1","0.551219512","0.401554685",,"false","interacts with","FILIP1 (interacts with) TRIB1","0","Q7Z7B0","","Q96RU8",""
"25.666666666666664","","interacts with","0","0.464231259","","PGR (interacts with) CPSF3",,"1","0","1","1","0.526829268","0.40163325",,"false","interacts with","PGR (interacts with) CPSF3","0","P06401","","Q9UKF6",""
"8.0","","interacts with","0","0.464192113","","NXPH3 (interacts with) ZNF526",,"0","0","0","1","0.526829268","0.401554959",,"false","interacts with","NXPH3 (interacts with) ZNF526","0","O95157","","Q8TF50",""
"6.652380952380953","","interacts with","0","0.469070258","","CYB5RL (interacts with) MARCHF7",,"0","0","0","1","0.536585366","0.40155515",,"false","interacts with","CYB5RL (interacts with) MARCHF7","0","Q6IPT4","","Q9H992",""
"19.643184386992434","","interacts with","0","0.476387263","","FILIP1 (interacts with) PMS2",,"0","0","0","1","0.551219512","0.401555013",,"false","interacts with","FILIP1 (interacts with) PMS2","0","Q7Z7B0","","P54278",""
"63.66666666666667","","interacts with","0","0.476426342","","COL1A2 (interacts with) AP1M2",,"1","0","1","1","0.551219512","0.401633172",,"false","interacts with","COL1A2 (interacts with) AP1M2","0","P08123","","Q9Y6Q5",""
"6.483333333333333","","interacts with","0","0.476387214","","PPP2CB (interacts with) CARF",,"0","0","0","1","0.551219512","0.401554916",,"false","interacts with","PPP2CB (interacts with) CARF","0","P62714","","Q8N187",""
"19.480830280830272","","interacts with","0","0.476387181","","FILIP1 (interacts with) MAGEB17",,"0","0","0","1","0.551219512","0.40155485",,"false","interacts with","FILIP1 (interacts with) MAGEB17","0","Q7Z7B0","","A8MXT2",""
"23.666666666666657","","interacts with","0","0.476387186","","FILIP1 (interacts with) MITD1",,"0","0","0","1","0.551219512","0.40155486",,"false","interacts with","FILIP1 (interacts with) MITD1","0","Q7Z7B0","","Q8WV92",""
"290.0","","interacts with","0","0.461816281","","COL1A1 (interacts with) CHN1",,"1","0","1","1","0.52195122","0.401681343",,"false","interacts with","COL1A1 (interacts with) CHN1","0","P02452","","P15882",""
"20.972893772893773","","interacts with","0","0.476387102","","FILIP1 (interacts with) ZNF547",,"0","0","0","1","0.551219512","0.401554691",,"false","interacts with","FILIP1 (interacts with) ZNF547","0","Q7Z7B0","","Q8IVP9",""
"17.08840579710145","","interacts with","0","0.4642313","","OR7D2 (interacts with) PHC2",,"0","0","0","1","0.526829268","0.401633332",,"false","interacts with","OR7D2 (interacts with) PHC2","0","Q96RA2","","Q8IXK0",""
"22.03333333333333","","interacts with","0","0.476387171","","FILIP1 (interacts with) METTL15P1",,"0","0","0","1","0.551219512","0.401554829",,"false","interacts with","FILIP1 (interacts with) METTL15P1","0","Q7Z7B0","","P0C7V9",""
"10.66666666666667","","interacts with","0","0.476426161","","USO1 (interacts with) MAPK14",,"0","1","1","1","0.551219512","0.40163281",,"false","interacts with","USO1 (interacts with) MAPK14","0","O60763","","Q16539",""
"16.483333333333334","","interacts with","0","0.476387191","","FILIP1 (interacts with) RAB24",,"0","0","0","1","0.551219512","0.401554869",,"false","interacts with","FILIP1 (interacts with) RAB24","0","Q7Z7B0","","Q969Q5",""
"6.481481481481481","","interacts with","0","0.469109268","","DAW1 (interacts with) ARHGEF15",,"0","0","0","1","0.536585366","0.401633169",,"false","interacts with","DAW1 (interacts with) ARHGEF15","0","Q8N136","","O94989",""
"22.23174603174603","","interacts with","0","0.476387135","","FILIP1 (interacts with) SAMD15",,"0","0","0","1","0.551219512","0.401554758",,"false","interacts with","FILIP1 (interacts with) SAMD15","0","Q7Z7B0","","Q9P1V8",""
"54.59791157005675","","interacts with","0","0.476426144","","COL5A2 (interacts with) PUS1",,"1","0","1","1","0.551219512","0.401632776",,"false","interacts with","COL5A2 (interacts with) PUS1","0","P05997","","Q9Y606",""
"26.871428571428556","","interacts with","0","0.476387296","","CYB5RL (interacts with) RABL6",,"0","0","0","1","0.551219512","0.401555079",,"false","interacts with","CYB5RL (interacts with) RABL6","0","Q6IPT4","","Q3YEC7",""
"138.6190476190476","","interacts with","0","0.476426296","","COL5A3 (interacts with) DZIP1",,"1","0","1","1","0.551219512","0.40163308",,"false","interacts with","COL5A3 (interacts with) DZIP1","0","P25940","","Q86YF9",""
"21.175866519674564","","interacts with","0","0.476387121","","FILIP1 (interacts with) CALB2",,"0","0","0","1","0.551219512","0.401554729",,"false","interacts with","FILIP1 (interacts with) CALB2","0","Q7Z7B0","","P22676",""
"257.7428571428571","","interacts with","1","0.56169727","","CNTF (interacts with) STK16",,"0","0","0","1","0.72195122","0.40144332",,"false","interacts with","CNTF (interacts with) STK16","0","P26441","","O75716",""
"5.466666666666668","","interacts with","0","0.476387419","","AHRR (interacts with) CADM4",,"0","0","0","1","0.551219512","0.401555325",,"false","interacts with","AHRR (interacts with) CADM4","0","A9YTQ3","","Q8NFZ8",""
"14.000327244135294","","interacts with","0","0.464192102","","FILIP1 (interacts with) PHC2",,"0","0","0","1","0.526829268","0.401554936",,"false","interacts with","FILIP1 (interacts with) PHC2","0","Q7Z7B0","","Q8IXK0",""
"6.48888888888889","","interacts with","0","0.476426244","","SULT1A4 (interacts with) BMP7",,"0","1","1","1","0.551219512","0.401632975",,"false","interacts with","SULT1A4 (interacts with) BMP7","0","P0DMN0","","P18075",""
"10.119047619047619","","interacts with","0","0.476387157","","FAM184B (interacts with) NMUR1",,"0","0","0","1","0.551219512","0.401554803",,"false","interacts with","FAM184B (interacts with) NMUR1","0","Q9ULE4","","Q9HB89",""
"10.092857142857143","","interacts with","0","0.476387186","","AHRR (interacts with) CEACAM21",,"0","0","0","1","0.551219512","0.40155486",,"false","interacts with","AHRR (interacts with) CEACAM21","0","A9YTQ3","","Q3KPI0",""
"21.049350649350643","","interacts with","0","0.476387084","","FILIP1 (interacts with) MSI1",,"0","0","0","1","0.551219512","0.401554656",,"false","interacts with","FILIP1 (interacts with) MSI1","0","Q7Z7B0","","O43347",""
"6.867532467532468","","interacts with","0","0.464192095","","FAM184B (interacts with) NXPH1",,"0","0","0","1","0.526829268","0.401554923",,"false","interacts with","FAM184B (interacts with) NXPH1","0","Q9ULE4","","P58417",""
"67.59173301771763","","interacts with","0","0.476426222","","COL3A1 (interacts with) SULT1E1",,"1","0","1","1","0.551219512","0.401632932",,"false","interacts with","COL3A1 (interacts with) SULT1E1","0","P02461","","P49888",""
"10.121428571428572","","interacts with","0","0.464192112","","AHRR (interacts with) ST8SIA4",,"0","0","0","1","0.526829268","0.401554955",,"false","interacts with","AHRR (interacts with) ST8SIA4","0","A9YTQ3","","Q92187",""
"21.944444444444436","","interacts with","0","0.476387188","","FILIP1 (interacts with) C17orf75",,"0","0","0","1","0.551219512","0.401554864",,"false","interacts with","FILIP1 (interacts with) C17orf75","0","Q7Z7B0","","Q9HAS0",""
"4.0","","interacts with","0","0.461753226","","DYNLRB2 (interacts with) SREK1",,"0","0","0","1","0.52195122","0.401555233",,"false","interacts with","DYNLRB2 (interacts with) SREK1","0","Q8TF09","","Q8WXA9",""
"7.999999999999999","","interacts with","0","0.476387102","","SNX27 (interacts with) KIF27",,"0","0","0","1","0.551219512","0.401554692",,"false","interacts with","SNX27 (interacts with) KIF27","0","Q96L92","","Q86VH2",""
"23.999999999999996","","interacts with","0","0.476426449","","SPP1 (interacts with) GRAMD2B",,"1","0","1","1","0.551219512","0.401633386",,"false","interacts with","SPP1 (interacts with) GRAMD2B","0","P10451","","Q96HH9",""
"15.53956043956044","","interacts with","0","0.476387194","","FILIP1 (interacts with) OR2A7",,"0","0","0","1","0.551219512","0.401554875",,"false","interacts with","FILIP1 (interacts with) OR2A7","0","Q7Z7B0","","Q96R45",""
"9.181818181818182","","interacts with","0","0.476387109","","FAM184B (interacts with) TBKBP1",,"0","0","0","1","0.551219512","0.401554706",,"false","interacts with","FAM184B (interacts with) TBKBP1","0","Q9ULE4","","A7MCY6",""
"43.500616684095334","","interacts with","0","0.476387308","","TSPYL2 (interacts with) TRIM37",,"0","0","0","1","0.551219512","0.401555103",,"false","interacts with","TSPYL2 (interacts with) TRIM37","0","Q9H2G4","","O94972",""
"4.0","","interacts with","0","0.564067957","","HELLS (interacts with) RPAP2",,"0","0","0","1","0.726829268","0.401306645",,"false","interacts with","HELLS (interacts with) RPAP2","0","Q9NRZ9","","Q8IXW5",""
"17.04273504273504","","interacts with","0","0.476387124","","FILIP1 (interacts with) UCP3",,"0","0","0","1","0.551219512","0.401554735",,"false","interacts with","FILIP1 (interacts with) UCP3","0","Q7Z7B0","","P55916",""
"4.0","","interacts with","0","0.564068232","","HELLS (interacts with) RPAP3",,"0","0","0","1","0.726829268","0.401307195",,"false","interacts with","HELLS (interacts with) RPAP3","0","Q9NRZ9","","Q9H6T3",""
"7.372222222222222","","interacts with","0","0.47638723","","PPP2CB (interacts with) PDZD4",,"0","0","0","1","0.551219512","0.401554947",,"false","interacts with","PPP2CB (interacts with) PDZD4","0","P62714","","Q76G19",""
"127.49999999999997","","interacts with","0","0.476426143","","COL5A3 (interacts with) MAMLD1",,"1","0","1","1","0.551219512","0.401632773",,"false","interacts with","COL5A3 (interacts with) MAMLD1","0","P25940","","Q13495",""
"28.397660818713444","","interacts with","0","0.476387171","","FILIP1 (interacts with) ANXA3",,"0","0","0","1","0.551219512","0.40155483",,"false","interacts with","FILIP1 (interacts with) ANXA3","0","Q7Z7B0","","P12429",""
"4.0","","interacts with","0","0.476426386","","ZNF358 (interacts with) RAC3",,"0","0","0","1","0.551219512","0.40163326",,"false","interacts with","ZNF358 (interacts with) RAC3","0","Q9NW07","","P60763",""
"16.97460317460317","","interacts with","0","0.476387114","","FILIP1 (interacts with) MAGEB6B",,"0","0","0","1","0.551219512","0.401554716",,"false","interacts with","FILIP1 (interacts with) MAGEB6B","0","Q7Z7B0","","A0A0J9YX57",""
"10.5","","interacts with","0","0.47642618","","PGA3 (interacts with) AKT1",,"0","1","1","1","0.551219512","0.401632848",,"false","interacts with","PGA3 (interacts with) AKT1","0","P0DJD8","","P31749",""
"21.968338907469334","","interacts with","0","0.47638717","","FILIP1 (interacts with) OR7D2",,"0","0","0","1","0.551219512","0.401554828",,"false","interacts with","FILIP1 (interacts with) OR7D2","0","Q7Z7B0","","Q96RA2",""
"20.166666666666668","","interacts with","0","0.476426385","","SPP1 (interacts with) LCN15",,"1","0","1","1","0.551219512","0.401633257",,"false","interacts with","SPP1 (interacts with) LCN15","0","P10451","","Q6UWW0",""
"3.0","","interacts with","0","0.464192177","","ZNF710 (interacts with) SCML1",,"0","0","0","1","0.526829268","0.401555085",,"false","interacts with","ZNF710 (interacts with) SCML1","0","Q8N1W2","","Q9UN30",""
"10.333333333333334","","interacts with","0","0.476426181","","FAM184B (interacts with) RIOX2",,"0","0","0","1","0.551219512","0.401632849",,"false","interacts with","FAM184B (interacts with) RIOX2","0","Q9ULE4","","Q8IUF8",""
"10.833333333333334","","interacts with","0","0.464192109","","CC2D1B (interacts with) RFESD",,"0","0","0","1","0.526829268","0.401554949",,"false","interacts with","CC2D1B (interacts with) RFESD","0","Q5T0F9","","Q8TAC1",""
"29.06666666666666","","interacts with","0","0.47638709","","STOX2 (interacts with) NAP1L3",,"0","0","0","1","0.551219512","0.401554669",,"false","interacts with","STOX2 (interacts with) NAP1L3","0","Q9P2F5","","Q99457",""
"6.25","","interacts with","0","0.464192065","","CC2D1B (interacts with) PRR5",,"0","0","0","1","0.526829268","0.401554861",,"false","interacts with","CC2D1B (interacts with) PRR5","0","Q5T0F9","","P85299",""
"5.666666666666666","","interacts with","0","0.476426331","","CASP3 (interacts with) SEPTIN5",,"1","0","1","1","0.551219512","0.40163315",,"false","interacts with","CASP3 (interacts with) SEPTIN5","0","P42574","","Q99719",""
"28.604761904761894","","interacts with","0","0.476387097","","STOX2 (interacts with) UAP1",,"0","0","0","1","0.551219512","0.401554682",,"false","interacts with","STOX2 (interacts with) UAP1","0","Q9P2F5","","Q16222",""
"7.333333333333332","","interacts with","0","0.464192073","","CC2D1B (interacts with) POLR3GL",,"0","0","0","1","0.526829268","0.401554877",,"false","interacts with","CC2D1B (interacts with) POLR3GL","0","Q5T0F9","","Q9BT43",""
"8.133333333333333","","interacts with","0","0.46419225","","SOBP (interacts with) KCNK18",,"0","0","0","1","0.526829268","0.401555232",,"false","interacts with","SOBP (interacts with) KCNK18","0","A7XYQ1","","Q7Z418",""
"25.277777777777775","","interacts with","0","0.476387232","","STOX2 (interacts with) FAM20A",,"0","0","0","1","0.551219512","0.401554951",,"false","interacts with","STOX2 (interacts with) FAM20A","0","Q9P2F5","","Q96MK3",""
"51.57142857142859","","interacts with","0","0.464231226","","COL1A2 (interacts with) ERF",,"1","0","1","1","0.526829268","0.401633185",,"false","interacts with","COL1A2 (interacts with) ERF","0","P08123","","P50548",""
"7.75","","interacts with","0","0.464192135","","CC2D1B (interacts with) ANKRD22",,"0","0","0","1","0.526829268","0.401555002",,"false","interacts with","CC2D1B (interacts with) ANKRD22","0","Q5T0F9","","Q5VYY1",""
"14.011111111111116","","interacts with","0","0.46419207","","CALB2 (interacts with) PHC2",,"0","0","0","1","0.526829268","0.401554872",,"false","interacts with","CALB2 (interacts with) PHC2","0","P22676","","Q8IXK0",""
"22.666666666666668","","interacts with","0","0.476387171","","STOX2 (interacts with) PSMD12",,"0","0","0","1","0.551219512","0.40155483",,"false","interacts with","STOX2 (interacts with) PSMD12","0","Q9P2F5","","O00232",""
"7.749999999999999","","interacts with","0","0.476387099","","CC2D1B (interacts with) LCN15",,"0","0","0","1","0.551219512","0.401554687",,"false","interacts with","CC2D1B (interacts with) LCN15","0","Q5T0F9","","Q6UWW0",""
"229.00597180597177","","interacts with","0","0.476426203","","CNMD (interacts with) COL1A1",,"0","1","1","1","0.551219512","0.401632893",,"false","interacts with","CNMD (interacts with) COL1A1","0","O75829","","P02452",""
"6.494202898550723","","interacts with","0","0.46177709","","FCER1A (interacts with) NIBAN1",,"0","0","0","1","0.52195122","0.40160296",,"false","interacts with","FCER1A (interacts with) NIBAN1","0","P12319","","Q9BZQ8",""
"27.43333333333333","","interacts with","0","0.476387136","","STOX2 (interacts with) DDX4",,"0","0","0","1","0.551219512","0.40155476",,"false","interacts with","STOX2 (interacts with) DDX4","0","Q9P2F5","","Q9NQI0",""
"7.749999999999999","","interacts with","0","0.464192034","","CC2D1B (interacts with) ZNF358",,"0","0","0","1","0.526829268","0.4015548",,"false","interacts with","CC2D1B (interacts with) ZNF358","0","Q5T0F9","","Q9NW07",""
"3.0","","interacts with","0","0.476387117","","ZNF710 (interacts with) ANKRD20A2P",,"0","0","0","1","0.551219512","0.401554723",,"false","interacts with","ZNF710 (interacts with) ANKRD20A2P","0","Q8N1W2","","Q5SQ80",""
"308.00000000000006","","interacts with","0","0.476426196","","COL5A3 (interacts with) TRIM69",,"1","0","1","1","0.551219512","0.401632881",,"false","interacts with","COL5A3 (interacts with) TRIM69","0","P25940","","Q86WT6",""
"18.36269841269841","","interacts with","0","0.476387135","","CCDC150 (interacts with) RABEP1",,"0","0","0","1","0.551219512","0.401554758",,"false","interacts with","CCDC150 (interacts with) RABEP1","0","Q8NCX0","","Q15276",""
"4.685714285714286","","interacts with","0","0.476387082","","RPUSD1 (interacts with) SAMD11",,"0","0","0","1","0.551219512","0.401554652",,"false","interacts with","RPUSD1 (interacts with) SAMD11","0","Q9UJJ7","","Q96NU1",""
"19.13313147693952","","interacts with","0","0.47642628","","MYC (interacts with) TRIM55",,"1","0","1","1","0.551219512","0.401633048",,"false","interacts with","MYC (interacts with) TRIM55","0","P01106","","Q9BYV6",""
"2.0","","interacts with","0","0.461753093","","TRAF3IP1 (interacts with) SPZ1",,"0","0","0","1","0.52195122","0.401554967",,"false","interacts with","TRAF3IP1 (interacts with) SPZ1","0","Q8TDR0","","Q9BXG8",""
"4.966666666666667","","interacts with","0","0.476387226","","RPUSD1 (interacts with) APOBEC3A",,"0","0","0","1","0.551219512","0.401554939",,"false","interacts with","RPUSD1 (interacts with) APOBEC3A","0","Q9UJJ7","","P31941",""
"11.0","","interacts with","0","0.464192074","","CC2D1B (interacts with) IGLV8-61",,"0","0","0","1","0.526829268","0.401554879",,"false","interacts with","CC2D1B (interacts with) IGLV8-61","0","Q5T0F9","","A0A075B6I0",""
"14.265079365079366","","interacts with","0","0.464231305","","PRKACA (interacts with) BTBD16",,"1","0","1","1","0.526829268","0.401633342",,"false","interacts with","PRKACA (interacts with) BTBD16","0","P17612","","Q32M84",""
"8.752380952380951","","interacts with","0","0.476387046","","RPUSD1 (interacts with) GOLGA6B",,"0","0","0","1","0.551219512","0.40155458",,"false","interacts with","RPUSD1 (interacts with) GOLGA6B","0","Q9UJJ7","","A6NDN3",""
"9.166666666666666","","interacts with","0","0.464192095","","CC2D1B (interacts with) PABPC1L2B",,"0","0","0","1","0.526829268","0.401554921",,"false","interacts with","CC2D1B (interacts with) PABPC1L2B","0","Q5T0F9","","Q5JQF8",""
"9.185714285714287","","interacts with","0","0.464216043","","RPUSD1 (interacts with) CCDC7",,"0","0","0","1","0.526829268","0.401602818",,"false","interacts with","RPUSD1 (interacts with) CCDC7","0","Q9UJJ7","","Q96M83",""
"7.833333333333332","","interacts with","0","0.464192041","","CC2D1B (interacts with) TRBV10-3",,"0","0","0","1","0.526829268","0.401554814",,"false","interacts with","CC2D1B (interacts with) TRBV10-3","0","Q5T0F9","","A0A0K0K1G6",""
"54.520133792279005","","interacts with","0","0.476426204","","TBX10 (interacts with) COL5A2",,"0","1","1","1","0.551219512","0.401632895",,"false","interacts with","TBX10 (interacts with) COL5A2","0","O75333","","P05997",""
"169.83333333333331","","interacts with","0","0.617590932","","TARDBP (interacts with) IGF2BP3",,"0","0","0","1","0.834146341","0.401035522",,"false","interacts with","TARDBP (interacts with) IGF2BP3","0","Q13148","","O00425",""
"3.3","","interacts with","0","0.476387197","","RPUSD1 (interacts with) TRGV5",,"0","0","0","1","0.551219512","0.401554881",,"false","interacts with","RPUSD1 (interacts with) TRGV5","0","Q9UJJ7","","A0A0B4J1U4",""
"40.00000000000001","","interacts with","0","0.47638705","","STOX2 (interacts with) ZNF669",,"0","0","0","1","0.551219512","0.401554587",,"false","interacts with","STOX2 (interacts with) ZNF669","0","Q9P2F5","","Q96BR6",""
"16.259669535830525","","interacts with","0","0.476426266","","MYC (interacts with) UCP3",,"1","0","1","1","0.551219512","0.401633019",,"false","interacts with","MYC (interacts with) UCP3","0","P01106","","P55916",""
"7.952160704792286","","interacts with","0","0.469070109","","RASSF2 (interacts with) SAMD15",,"0","0","0","1","0.536585366","0.401554852",,"false","interacts with","RASSF2 (interacts with) SAMD15","0","P50749","","Q9P1V8",""
"30.4047619047619","","interacts with","0","0.47638711","","STOX2 (interacts with) CAMK1G",,"0","0","0","1","0.551219512","0.401554708",,"false","interacts with","STOX2 (interacts with) CAMK1G","0","Q9P2F5","","Q96NX5",""
"0.0","","interacts with","0","0.654684947","","NOS3 (interacts with) NOS3",,"1","1","1","1","0.902439024","0.406930869",,"false","interacts with","NOS3 (interacts with) NOS3","0","P29474","","P29474",""
"8.58708133971292","","interacts with","0","0.476387085","","RASSF2 (interacts with) NVL",,"0","0","0","1","0.551219512","0.401554657",,"false","interacts with","RASSF2 (interacts with) NVL","0","P50749","","O15381",""
"6.833333333333333","","interacts with","0","0.4641922","","MRE11 (interacts with) HLA-DRB3",,"0","0","0","1","0.526829268","0.401555131",,"false","interacts with","MRE11 (interacts with) HLA-DRB3","0","P49959","","P79483",""
"27.11111111111111","","interacts with","0","0.476387191","","STOX2 (interacts with) GPR141",,"0","0","0","1","0.551219512","0.40155487",,"false","interacts with","STOX2 (interacts with) GPR141","0","Q9P2F5","","Q7Z602",""
"11.609523809523804","","interacts with","0","0.476387143","","RASSF2 (interacts with) PMS2",,"0","0","0","1","0.551219512","0.401554774",,"false","interacts with","RASSF2 (interacts with) PMS2","0","P50749","","P54278",""
"168.89914529914523","","interacts with","0","0.476426155","","COL5A3 (interacts with) WNT2B",,"1","0","1","1","0.551219512","0.401632798",,"false","interacts with","COL5A3 (interacts with) WNT2B","0","P25940","","Q93097",""
"36.3","","interacts with","0","0.476387233","","STOX2 (interacts with) BPIFC",,"0","0","0","1","0.551219512","0.401554955",,"false","interacts with","STOX2 (interacts with) BPIFC","0","Q9P2F5","","Q8NFQ6",""
"12.4","","interacts with","0","0.461777176","","NIBAN1 (interacts with) UPK1A",,"0","0","0","1","0.52195122","0.401603133",,"false","interacts with","NIBAN1 (interacts with) UPK1A","0","Q9BZQ8","","O00322",""
"16.56666666666667","","interacts with","0","0.476426193","","TNFSF11 (interacts with) ZCCHC8",,"1","0","1","1","0.551219512","0.401632874",,"false","interacts with","TNFSF11 (interacts with) ZCCHC8","0","O14788","","Q6NZY4",""
"36.133333333333326","","interacts with","0","0.476426277","","STOX2 (interacts with) GAL3ST3",,"0","0","0","1","0.551219512","0.401633042",,"false","interacts with","STOX2 (interacts with) GAL3ST3","0","Q9P2F5","","Q96A11",""
"8.848484848484848","","interacts with","0","0.476387054","","FAM184B (interacts with) TIGD4",,"0","0","0","1","0.551219512","0.401554595",,"false","interacts with","FAM184B (interacts with) TIGD4","0","Q9ULE4","","Q8IY51",""
"7.999999999999998","","interacts with","0","0.476387153","","PPP2R3C (interacts with) KIF27",,"0","0","0","1","0.551219512","0.401554794",,"false","interacts with","PPP2R3C (interacts with) KIF27","0","Q969Q6","","Q86VH2",""
"44.0","","interacts with","0","0.461777139","","STOX2 (interacts with) MS4A10",,"0","0","0","1","0.52195122","0.401603059",,"false","interacts with","STOX2 (interacts with) MS4A10","0","Q9P2F5","","Q96PG2",""
"14.88461480671875","","interacts with","0","0.464192119","","FCER1A (interacts with) TELO2",,"0","0","0","1","0.526829268","0.40155497",,"false","interacts with","FCER1A (interacts with) TELO2","0","P12319","","Q9Y4R8",""
"45.41710348924865","","interacts with","0","0.476426171","","COL5A2 (interacts with) ZDHHC11",,"1","0","1","1","0.551219512","0.401632829",,"false","interacts with","COL5A2 (interacts with) ZDHHC11","0","P05997","","Q9H8X9",""
"28.77777777777778","","interacts with","0","0.476387157","","STOX2 (interacts with) KYNU",,"0","0","0","1","0.551219512","0.401554802",,"false","interacts with","STOX2 (interacts with) KYNU","0","Q9P2F5","","Q16719",""
"7.916666666666665","","interacts with","0","0.476387083","","CC2D1B (interacts with) PPP1R8",,"0","0","0","1","0.551219512","0.401554653",,"false","interacts with","CC2D1B (interacts with) PPP1R8","0","Q5T0F9","","Q12972",""
"13.780991694923582","","interacts with","0","0.464192322","","UBTFL1 (interacts with) TELO2",,"0","0","0","1","0.526829268","0.401555375",,"false","interacts with","UBTFL1 (interacts with) TELO2","0","P0CB47","","Q9Y4R8",""
"41.707936507936516","","interacts with","0","0.464191983","","STOX2 (interacts with) HOXD13",,"0","0","0","1","0.526829268","0.401554699",,"false","interacts with","STOX2 (interacts with) HOXD13","0","Q9P2F5","","P35453",""
"923.9657929660497","","interacts with","0","0.47642656","","MYCN (interacts with) FAM117B",,"1","0","1","1","0.551219512","0.401633607",,"false","interacts with","MYCN (interacts with) FAM117B","0","P04198","","Q6P1L5",""
"15.236594691857848","","interacts with","0","0.464192028","","RASSF2 (interacts with) CC2D1A",,"0","0","0","1","0.526829268","0.401554787",,"false","interacts with","RASSF2 (interacts with) CC2D1A","0","P50749","","Q6P1N0",""
"30.799999999999997","","interacts with","0","0.476387115","","STOX2 (interacts with) SLC25A3",,"0","0","0","1","0.551219512","0.401554718",,"false","interacts with","STOX2 (interacts with) SLC25A3","0","Q9P2F5","","Q00325",""
"7.966017316017316","","interacts with","0","0.464192163","","RASSF2 (interacts with) NRG1",,"0","0","0","1","0.526829268","0.401555059",,"false","interacts with","RASSF2 (interacts with) NRG1","0","P50749","","Q02297",""
"7.33896103896104","","interacts with","0","0.476426285","","BMP7 (interacts with) IL16",,"1","0","1","1","0.551219512","0.401633058",,"false","interacts with","BMP7 (interacts with) IL16","0","P18075","","Q14005",""
"56.0","","interacts with","0","0.564067806","","ODAPH (interacts with) TRPC4AP",,"0","0","0","1","0.726829268","0.401306343",,"false","interacts with","ODAPH (interacts with) TRPC4AP","0","Q17RF5","","Q8TEL6",""
"17.008608058608058","","interacts with","0","0.476387094","","RASSF2 (interacts with) FILIP1",,"0","0","0","1","0.551219512","0.401554676",,"false","interacts with","RASSF2 (interacts with) FILIP1","0","P50749","","Q7Z7B0",""
"102.37661491613108","","interacts with","0","0.464255334","","COL3A1 (interacts with) IRX2",,"1","0","1","1","0.526829268","0.4016814",,"false","interacts with","COL3A1 (interacts with) IRX2","0","P02461","","Q9BZI1",""
"40.0","","interacts with","0","0.476387224","","STOX2 (interacts with) B4GALNT2",,"0","0","0","1","0.551219512","0.401554935",,"false","interacts with","STOX2 (interacts with) B4GALNT2","0","Q9P2F5","","Q8NHY0",""
"6.0","","interacts with","0","0.469070258","","TPPP2 (interacts with) ZNF853",,"0","0","0","1","0.536585366","0.401555149",,"false","interacts with","TPPP2 (interacts with) ZNF853","0","P59282","","P0CG23",""
"8.345310245310245","","interacts with","0","0.476387224","","MYLK3 (interacts with) SYPL1",,"0","0","0","1","0.551219512","0.401554936",,"false","interacts with","MYLK3 (interacts with) SYPL1","0","Q32MK0","","Q16563",""
"44.0","","interacts with","0","0.461777031","","STOX2 (interacts with) TMIGD2",,"0","0","0","1","0.52195122","0.401602843",,"false","interacts with","STOX2 (interacts with) TMIGD2","0","Q9P2F5","","Q96BF3",""
"8.069719169719171","","interacts with","0","0.476387107","","MYLK3 (interacts with) CEACAM21",,"0","0","0","1","0.551219512","0.401554702",,"false","interacts with","MYLK3 (interacts with) CEACAM21","0","Q32MK0","","Q3KPI0",""
"36.0","","interacts with","0","0.464231241","","MYLK2 (interacts with) PROCR",,"0","1","1","1","0.526829268","0.401633213",,"false","interacts with","MYLK2 (interacts with) PROCR","0","Q9H1R3","","Q9UNN8",""
"29.804761904761904","","interacts with","0","0.476387095","","STOX2 (interacts with) SNAPC3",,"0","0","0","1","0.551219512","0.401554678",,"false","interacts with","STOX2 (interacts with) SNAPC3","0","Q9P2F5","","Q92966",""
"8.652380952380952","","interacts with","0","0.476387072","","TMF1 (interacts with) KCNA7",,"0","0","0","1","0.551219512","0.401554631",,"false","interacts with","TMF1 (interacts with) KCNA7","0","P82094","","Q96RP8",""
"9.487851037851037","","interacts with","0","0.464192139","","MYLK3 (interacts with) ST8SIA4",,"0","0","0","1","0.526829268","0.40155501",,"false","interacts with","MYLK3 (interacts with) ST8SIA4","0","Q32MK0","","Q92187",""
"26.63333333333333","","interacts with","0","0.476387058","","STOX2 (interacts with) GID4",,"0","0","0","1","0.551219512","0.401554604",,"false","interacts with","STOX2 (interacts with) GID4","0","Q9P2F5","","Q8IVV7",""
"59.33462615815557","","interacts with","0","0.46423115","","ZNF668 (interacts with) TRAF6",,"0","1","1","1","0.526829268","0.401633031",,"false","interacts with","ZNF668 (interacts with) TRAF6","0","Q96K58","","Q9Y4K3",""
"9.966666666666667","","interacts with","0","0.476387027","","TMF1 (interacts with) MS4A14",,"0","0","0","1","0.551219512","0.401554541",,"false","interacts with","TMF1 (interacts with) MS4A14","0","P82094","","Q96JA4",""
"44.416483516483545","","interacts with","0","0.461753242","","OR2J1 (interacts with) RBM25",,"0","0","0","1","0.52195122","0.401555264",,"false","interacts with","OR2J1 (interacts with) RBM25","0","Q9GZK6","","P49756",""
"29.6111111111111","","interacts with","0","0.476387216","","STOX2 (interacts with) ADORA3",,"0","0","0","1","0.551219512","0.401554921",,"false","interacts with","STOX2 (interacts with) ADORA3","0","Q9P2F5","","P0DMS8",""
"15.680158730158729","","interacts with","0","0.464192222","","CYB5RL (interacts with) TRMT1",,"0","0","0","1","0.526829268","0.401555175",,"false","interacts with","CYB5RL (interacts with) TRMT1","0","Q6IPT4","","Q9NXH9",""
"44.0","","interacts with","0","0.461777033","","STOX2 (interacts with) RTP3",,"0","0","0","1","0.52195122","0.401602847",,"false","interacts with","STOX2 (interacts with) RTP3","0","Q9P2F5","","Q9BQQ7",""
"17.0","","interacts with","0","0.476387204","","TMF1 (interacts with) FBXL18",,"0","0","0","1","0.551219512","0.401554896",,"false","interacts with","TMF1 (interacts with) FBXL18","0","P82094","","Q96ME1",""
"5.902380952380953","","interacts with","0","0.476387165","","TMEM61 (interacts with) GOLGA6B",,"0","0","0","1","0.551219512","0.401554818",,"false","interacts with","TMEM61 (interacts with) GOLGA6B","0","Q8N0U2","","A6NDN3",""
"39.36666666666666","","interacts with","0","0.476426442","","TNFSF11 (interacts with) KCNK18",,"1","0","1","1","0.551219512","0.401633371",,"false","interacts with","TNFSF11 (interacts with) KCNK18","0","O14788","","Q7Z418",""
"23.21592381035271","","interacts with","0","0.590951721","","SCO1 (interacts with) YME1L1",,"0","0","0","1","0.780487805","0.401415636",,"false","interacts with","SCO1 (interacts with) YME1L1","0","O75880","","Q96TA2",""
"22.0","","interacts with","0","0.461816188","","COL5A1 (interacts with) DEGS2",,"1","0","1","1","0.52195122","0.401681156",,"false","interacts with","COL5A1 (interacts with) DEGS2","0","P20908","","Q6QHC5",""
"28.111111111111107","","interacts with","0","0.476387203","","STOX2 (interacts with) OR9A1P",,"0","0","0","1","0.551219512","0.401554895",,"false","interacts with","STOX2 (interacts with) OR9A1P","0","Q9P2F5","","Q8NGU1",""
"46.0","","interacts with","0","0.476426279","","TNFSF11 (interacts with) SERPINB10",,"1","0","1","1","0.551219512","0.401633046",,"false","interacts with","TNFSF11 (interacts with) SERPINB10","0","O14788","","P48595",""
"30.404761904761905","","interacts with","0","0.476387094","","STOX2 (interacts with) USP17L6P",,"0","0","0","1","0.551219512","0.401554676",,"false","interacts with","STOX2 (interacts with) USP17L6P","0","Q9P2F5","","Q6QN14",""
"11.666666666666664","","interacts with","0","0.476387086","","RASSF2 (interacts with) PHC2",,"0","0","0","1","0.551219512","0.401554659",,"false","interacts with","RASSF2 (interacts with) PHC2","0","P50749","","Q8IXK0",""
"73.66672771672772","","interacts with","0","0.566581803","","AGR2 (interacts with) ALDH18A1",,"0","0","0","1","0.731707317","0.401456288",,"false","interacts with","AGR2 (interacts with) ALDH18A1","0","O95994","","P54886",""
"44.0","","interacts with","0","0.461777052","","STOX2 (interacts with) CD38",,"0","0","0","1","0.52195122","0.401602884",,"false","interacts with","STOX2 (interacts with) CD38","0","Q9P2F5","","P28907",""
"137.84733773472902","","interacts with","0","0.461816214","","COL5A3 (interacts with) MARK1",,"1","0","1","1","0.52195122","0.401681209",,"false","interacts with","COL5A3 (interacts with) MARK1","0","P25940","","Q9P0L2",""
"8.83943833943834","","interacts with","0","0.476387033","","TMF1 (interacts with) EDDM3A",,"0","0","0","1","0.551219512","0.401554554",,"false","interacts with","TMF1 (interacts with) EDDM3A","0","P82094","","Q14507",""
"22.161111111111097","","interacts with","0","0.476387228","","MYLK3 (interacts with) CADM4",,"0","0","0","1","0.551219512","0.401554944",,"false","interacts with","MYLK3 (interacts with) CADM4","0","Q32MK0","","Q8NFZ8",""
"28.104761904761897","","interacts with","0","0.476387113","","STOX2 (interacts with) OIT3",,"0","0","0","1","0.551219512","0.401554714",,"false","interacts with","STOX2 (interacts with) OIT3","0","Q9P2F5","","Q8WWZ8",""
"10.733882783882784","","interacts with","0","0.476387103","","TMF1 (interacts with) RAMACL",,"0","0","0","1","0.551219512","0.401554694",,"false","interacts with","TMF1 (interacts with) RAMACL","0","P82094","","A0A3B3IU46",""
"357.74465831645483","","interacts with","0","0.464255186","","JUP (interacts with) COL5A3",,"0","1","1","1","0.526829268","0.401681103",,"false","interacts with","JUP (interacts with) COL5A3","0","P14923","","P25940",""
"17.166666666666668","","interacts with","0","0.464192131","","PHC2 (interacts with) C17orf75",,"0","0","0","1","0.526829268","0.401554993",,"false","interacts with","PHC2 (interacts with) C17orf75","0","Q8IXK0","","Q9HAS0",""
"32.90476190476189","","interacts with","0","0.476387178","","STOX2 (interacts with) ERF",,"0","0","0","1","0.551219512","0.401554844",,"false","interacts with","STOX2 (interacts with) ERF","0","Q9P2F5","","P50548",""
"6.171428571428573","","interacts with","0","0.476387047","","TMF1 (interacts with) ZKSCAN4",,"0","0","0","1","0.551219512","0.401554582",,"false","interacts with","TMF1 (interacts with) ZKSCAN4","0","P82094","","Q969J2",""
"110.0","","interacts with","0","0.461816182","","COL1A2 (interacts with) SLC2A4RG",,"1","0","1","1","0.52195122","0.401681144",,"false","interacts with","COL1A2 (interacts with) SLC2A4RG","0","P08123","","Q9NR83",""
"11.7","","interacts with","0","0.464192334","","PHC2 (interacts with) OR2A7",,"0","0","0","1","0.526829268","0.401555399",,"false","interacts with","PHC2 (interacts with) OR2A7","0","Q8IXK0","","Q96R45",""
"28.77777777777778","","interacts with","0","0.464231147","","STOX2 (interacts with) HOXA13",,"0","0","0","1","0.526829268","0.401633026",,"false","interacts with","STOX2 (interacts with) HOXA13","0","Q9P2F5","","P31271",""
"8.625274725274725","","interacts with","0","0.476387098","","TMF1 (interacts with) ZNF438",,"0","0","0","1","0.551219512","0.401554683",,"false","interacts with","TMF1 (interacts with) ZNF438","0","P82094","","Q7Z4V0",""
"6.416666666666665","","interacts with","0","0.469070166","","GOLGA6B (interacts with) IZUMO1",,"0","0","0","1","0.536585366","0.401554966",,"false","interacts with","GOLGA6B (interacts with) IZUMO1","0","A6NDN3","","Q8IYV9",""
"68.0","","interacts with","0","0.476426252","","RELA (interacts with) DUSP4",,"1","0","1","1","0.551219512","0.401632991",,"false","interacts with","RELA (interacts with) DUSP4","0","Q04206","","Q13115",""
"41.66666666666667","","interacts with","0","0.461816235","","STOX2 (interacts with) PRG2",,"0","0","0","1","0.52195122","0.401681251",,"false","interacts with","STOX2 (interacts with) PRG2","0","Q9P2F5","","P13727",""
"7.29047619047619","","interacts with","0","0.476387051","","TMF1 (interacts with) TIMP4",,"0","0","0","1","0.551219512","0.40155459",,"false","interacts with","TMF1 (interacts with) TIMP4","0","P82094","","Q99727",""
"6.069047619047619","","interacts with","0","0.476387182","","GOLGA6B (interacts with) TRGV5",,"0","0","0","1","0.551219512","0.401554851",,"false","interacts with","GOLGA6B (interacts with) TRGV5","0","A6NDN3","","A0A0B4J1U4",""
"28.63333333333333","","interacts with","0","0.476426327","","STOX2 (interacts with) MAPK11",,"0","0","0","1","0.551219512","0.401633143",,"false","interacts with","STOX2 (interacts with) MAPK11","0","Q9P2F5","","Q15759",""
"203.05111555111552","","interacts with","0","0.464231164","","MYCN (interacts with) CFAP418",,"1","0","1","1","0.526829268","0.40163306",,"false","interacts with","MYCN (interacts with) CFAP418","0","P04198","","Q96NL8",""
"9.514835164835166","","interacts with","0","0.476387083","","TMF1 (interacts with) ZNF350",,"0","0","0","1","0.551219512","0.401554654",,"false","interacts with","TMF1 (interacts with) ZNF350","0","P82094","","Q9GZX5",""
"23.0547619047619","","interacts with","0","0.476387189","","REEP4 (interacts with) RBM25",,"0","0","0","1","0.551219512","0.401554865",,"false","interacts with","REEP4 (interacts with) RBM25","0","Q9H6H4","","P49756",""
"30.40476190476191","","interacts with","0","0.464231158","","STOX2 (interacts with) CAMKV",,"0","0","0","1","0.526829268","0.401633047",,"false","interacts with","STOX2 (interacts with) CAMKV","0","Q9P2F5","","Q8NCB2",""
"8.33089133089133","","interacts with","0","0.464192227","","STAP1 (interacts with) TFAP2A",,"0","0","0","1","0.526829268","0.401555187",,"false","interacts with","STAP1 (interacts with) TFAP2A","0","Q9ULZ2","","P05549",""
"46.0","","interacts with","0","0.464231193","","TNFSF11 (interacts with) GSR",,"1","0","1","1","0.526829268","0.401633118",,"false","interacts with","TNFSF11 (interacts with) GSR","0","O14788","","P00390",""
"30.90476190476189","","interacts with","0","0.476387125","","STOX2 (interacts with) GTF2H1",,"0","0","0","1","0.551219512","0.401554738",,"false","interacts with","STOX2 (interacts with) GTF2H1","0","Q9P2F5","","P32780",""
"9.898168498168499","","interacts with","0","0.476387102","","TMF1 (interacts with) GOLGA3",,"0","0","0","1","0.551219512","0.401554691",,"false","interacts with","TMF1 (interacts with) GOLGA3","0","P82094","","Q08378",""
"10.07289377289377","","interacts with","0","0.461777066","","TMEM61 (interacts with) CCDC7",,"0","0","0","1","0.52195122","0.401602913",,"false","interacts with","TMEM61 (interacts with) CCDC7","0","Q8N0U2","","Q96M83",""
"46.0","","interacts with","0","0.461777084","","STOX2 (interacts with) TREML4",,"0","0","0","1","0.52195122","0.401602948",,"false","interacts with","STOX2 (interacts with) TREML4","0","Q9P2F5","","Q6UXN2",""
"85.43333333333334","","interacts with","0","0.47642624","","COL1A1 (interacts with) SYT17",,"1","0","1","1","0.551219512","0.401632967",,"false","interacts with","COL1A1 (interacts with) SYT17","0","P02452","","Q9BSW7",""
"12.095787545787543","","interacts with","0","0.476387062","","TMF1 (interacts with) KCNJ12",,"0","0","0","1","0.551219512","0.401554611",,"false","interacts with","TMF1 (interacts with) KCNJ12","0","P82094","","Q14500",""
"5.3999999999999995","","interacts with","0","0.476387181","","TYROBP (interacts with) ZNF853",,"0","0","0","1","0.551219512","0.401554849",,"false","interacts with","TYROBP (interacts with) ZNF853","0","O43914","","P0CG23",""
"44.0","","interacts with","0","0.46177708","","STOX2 (interacts with) KLK1",,"0","0","0","1","0.52195122","0.40160294",,"false","interacts with","STOX2 (interacts with) KLK1","0","Q9P2F5","","P06870",""
"6.415151515151515","","interacts with","0","0.476387101","","FAM184B (interacts with) ARHGAP28",,"0","0","0","1","0.551219512","0.401554691",,"false","interacts with","FAM184B (interacts with) ARHGAP28","0","Q9ULE4","","Q9P2N2",""
"51.666666666666664","","interacts with","0","0.476426389","","OR6C76 (interacts with) RELA",,"0","1","1","1","0.551219512","0.401633266",,"false","interacts with","OR6C76 (interacts with) RELA","0","A6NM76","","Q04206",""
"44.416483516483524","","interacts with","0","0.476387211","","DOK5 (interacts with) RBM25",,"0","0","0","1","0.551219512","0.401554909",,"false","interacts with","DOK5 (interacts with) RBM25","0","Q9P104","","P49756",""
"42.67460317460317","","interacts with","0","0.476387105","","STOX2 (interacts with) PPP2CB",,"0","0","0","1","0.551219512","0.401554697",,"false","interacts with","STOX2 (interacts with) PPP2CB","0","Q9P2F5","","P62714",""
"6.743650793650794","","interacts with","0","0.476387103","","TMF1 (interacts with) RAMAC",,"0","0","0","1","0.551219512","0.401554694",,"false","interacts with","TMF1 (interacts with) RAMAC","0","P82094","","Q9BTL3",""
"12.983333333333333","","interacts with","0","0.476426212","","SPP1 (interacts with) SALL2",,"1","0","1","1","0.551219512","0.401632911",,"false","interacts with","SPP1 (interacts with) SALL2","0","P10451","","Q9Y467",""
"36.56666666666667","","interacts with","0","0.476387203","","STOX2 (interacts with) CARF",,"0","0","0","1","0.551219512","0.401554894",,"false","interacts with","STOX2 (interacts with) CARF","0","Q9P2F5","","Q8N187",""
"16.612121212121213","","interacts with","0","0.476387233","","PHC2 (interacts with) MSI1",,"0","0","0","1","0.551219512","0.401554954",,"false","interacts with","PHC2 (interacts with) MSI1","0","Q8IXK0","","O43347",""
"32.833333333333314","","interacts with","0","0.476426286","","STOX2 (interacts with) MKRN4P",,"0","0","0","1","0.551219512","0.40163306",,"false","interacts with","STOX2 (interacts with) MKRN4P","0","Q9P2F5","","Q13434",""
"11.964235764235763","","interacts with","0","0.476427237","","SFRP2 (interacts with) PDCL2",,"0","0","0","1","0.551219512","0.401634961",,"false","interacts with","SFRP2 (interacts with) PDCL2","0","Q96HF1","","Q8N4E4",""
"14.033333333333335","","interacts with","0","0.476426215","","MYCL (interacts with) ZNF438",,"1","0","1","1","0.551219512","0.401632918",,"false","interacts with","MYCL (interacts with) ZNF438","0","P12524","","Q7Z4V0",""
"5.4","","interacts with","0","0.476387109","","MRPS6 (interacts with) ZNF853",,"0","0","0","1","0.551219512","0.401554705",,"false","interacts with","MRPS6 (interacts with) ZNF853","0","P82932","","P0CG23",""
"7.5619047619047635","","interacts with","0","0.464192046","","SULT1A1 (interacts with) SKI",,"0","0","0","1","0.526829268","0.401554824",,"false","interacts with","SULT1A1 (interacts with) SKI","0","P50225","","P12755",""
"56.0","","interacts with","0","0.4764262","","SOST (interacts with) TCFL5",,"1","0","1","1","0.551219512","0.401632888",,"false","interacts with","SOST (interacts with) TCFL5","0","Q9BQB4","","Q9UL49",""
"7.742857142857144","","interacts with","0","0.476387106","","SULT1A1 (interacts with) ATP2C2",,"0","0","0","1","0.551219512","0.401554699",,"false","interacts with","SULT1A1 (interacts with) ATP2C2","0","P50225","","O75185",""
"11.87380952380952","","interacts with","0","0.464192351","","CYB5RL (interacts with) AHRR",,"0","0","0","1","0.526829268","0.401555435",,"false","interacts with","CYB5RL (interacts with) AHRR","0","Q6IPT4","","A9YTQ3",""
"66.0","","interacts with","0","0.476426259","","COL1A2 (interacts with) PDZD4",,"1","0","1","1","0.551219512","0.401633005",,"false","interacts with","COL1A2 (interacts with) PDZD4","0","P08123","","Q76G19",""
"7.876190476190476","","interacts with","0","0.476387361","","SULT1A1 (interacts with) BTBD16",,"0","0","0","1","0.551219512","0.40155521",,"false","interacts with","SULT1A1 (interacts with) BTBD16","0","P50225","","Q32M84",""
"8.972893772893773","","interacts with","0","0.46177711","","CCDC7 (interacts with) TRGV5",,"0","0","0","1","0.52195122","0.401603001",,"false","interacts with","CCDC7 (interacts with) TRGV5","0","Q96M83","","A0A0B4J1U4",""
"7.995238095238095","","interacts with","0","0.476387162","","SULT1A1 (interacts with) ZMYM5",,"0","0","0","1","0.551219512","0.401554812",,"false","interacts with","SULT1A1 (interacts with) ZMYM5","0","P50225","","Q9UJ78",""
"47.07142857142858","","interacts with","0","0.476426243","","COL1A2 (interacts with) USP17L6P",,"1","0","1","1","0.551219512","0.401632974",,"false","interacts with","COL1A2 (interacts with) USP17L6P","0","P08123","","Q6QN14",""
"68.0","","interacts with","0","0.476426406","","RELA (interacts with) OR10D3",,"1","0","1","1","0.551219512","0.4016333",,"false","interacts with","RELA (interacts with) OR10D3","0","Q04206","","Q8NH80",""
"44.244084535506595","","interacts with","0","0.476387187","","SLC25A4 (interacts with) RBM25",,"0","0","0","1","0.551219512","0.401554861",,"false","interacts with","SLC25A4 (interacts with) RBM25","0","P12235","","P49756",""
"44.0","","interacts with","0","0.461816238","","STOX2 (interacts with) IL32",,"0","0","0","1","0.52195122","0.401681256",,"false","interacts with","STOX2 (interacts with) IL32","0","Q9P2F5","","P24001",""
"10.566666666666666","","interacts with","0","0.476387084","","TMF1 (interacts with) NEDD1",,"0","0","0","1","0.551219512","0.401554656",,"false","interacts with","TMF1 (interacts with) NEDD1","0","P82094","","Q8NHV4",""
"7.418326118326117","","interacts with","0","0.476426173","","PRKACA (interacts with) IL16",,"1","0","1","1","0.551219512","0.401632834",,"false","interacts with","PRKACA (interacts with) IL16","0","P17612","","Q14005",""
"81.65542656967699","","interacts with","0","0.464216205","","CYB5RL (interacts with) BOD1L1",,"0","0","0","1","0.526829268","0.401603141",,"false","interacts with","CYB5RL (interacts with) BOD1L1","0","Q6IPT4","","Q8NFC6",""
"10.964235764235763","","interacts with","0","0.476427238","","SFRP2 (interacts with) SINHCAF",,"0","0","0","1","0.551219512","0.401634963",,"false","interacts with","SFRP2 (interacts with) SINHCAF","0","Q96HF1","","Q9NP50",""
"11.585714285714287","","interacts with","0","0.476387207","","TMF1 (interacts with) HNF1B",,"0","0","0","1","0.551219512","0.401554901",,"false","interacts with","TMF1 (interacts with) HNF1B","0","P82094","","P35680",""
"0.0","taxid:9606(Homo sapiens)","interacts with","1","0.666044958","""psi-mi:""""MI:0364""""(inferred by curator)""","RELA (interacts with) RELA","2","1","1","1","1","0.926829268","0.405260648",,"false","interacts with","RELA (interacts with) RELA","0","Q04206","Q04206","Q04206","Q04206"
"6.871428571428572","","interacts with","0","0.464192153","","CYB5RL (interacts with) UBA2",,"0","0","0","1","0.526829268","0.401555038",,"false","interacts with","CYB5RL (interacts with) UBA2","0","Q6IPT4","","Q9UBT2",""
"69.80545565545566","","interacts with","0","0.461792642","","SFRP2 (interacts with) TDGF1",,"0","0","0","1","0.52195122","0.401634065",,"false","interacts with","SFRP2 (interacts with) TDGF1","0","Q96HF1","","P13385",""
"6.652380952380953","","interacts with","0","0.476387178","","TMF1 (interacts with) CFAP100",,"0","0","0","1","0.551219512","0.401554843",,"false","interacts with","TMF1 (interacts with) CFAP100","0","P82094","","Q494V2",""
"7.3999999999999995","","interacts with","0","0.469070218","","KCNK18 (interacts with) SART1",,"0","0","0","1","0.536585366","0.401555069",,"false","interacts with","KCNK18 (interacts with) SART1","0","Q7Z418","","O43290",""
"53.12386802698578","","interacts with","0","0.476426241","","COL3A1 (interacts with) RUBCNL",,"1","0","1","1","0.551219512","0.40163297",,"false","interacts with","COL3A1 (interacts with) RUBCNL","0","P02461","","Q9H714",""
"12.543650793650789","","interacts with","0","0.469109499","","SFRP2 (interacts with) ARF5",,"0","0","0","1","0.536585366","0.401633632",,"false","interacts with","SFRP2 (interacts with) ARF5","0","Q96HF1","","P84085",""
"5.3999999999999995","","interacts with","0","0.469070085","","RPL34 (interacts with) ZNF853",,"0","0","0","1","0.536585366","0.401554804",,"false","interacts with","RPL34 (interacts with) ZNF853","0","P49207","","P0CG23",""
"5.0","","interacts with","0","0.461792241","","ODAPH (interacts with) PODXL",,"0","0","0","1","0.52195122","0.401633262",,"false","interacts with","ODAPH (interacts with) PODXL","0","Q17RF5","","O00592",""
"80.91666666666666","","interacts with","0","0.464231252","","COL5A2 (interacts with) DGLUCY",,"1","0","1","1","0.526829268","0.401633236",,"false","interacts with","COL5A2 (interacts with) DGLUCY","0","P05997","","Q7Z3D6",""
"44.743045843045834","","interacts with","0","0.46175322","","SLC30A6 (interacts with) RBM25",,"0","0","0","1","0.52195122","0.40155522",,"false","interacts with","SLC30A6 (interacts with) RBM25","0","Q6NXT4","","P49756",""
"18.299999999999997","","interacts with","0","0.476426155","","BMP2 (interacts with) TMEM61",,"1","0","1","1","0.551219512","0.401632797",,"false","interacts with","BMP2 (interacts with) TMEM61","0","P12643","","Q8N0U2",""
"83.31937854139464","","interacts with","0","0.476426346","","COL3A1 (interacts with) MINDY2",,"1","0","1","1","0.551219512","0.40163318",,"false","interacts with","COL3A1 (interacts with) MINDY2","0","P02461","","Q8NBR6",""
"9.309523809523812","","interacts with","0","0.476387187","","SULT1A1 (interacts with) PARP3",,"0","0","0","1","0.551219512","0.401554862",,"false","interacts with","SULT1A1 (interacts with) PARP3","0","P50225","","Q9Y6F1",""
"9.309523809523812","","interacts with","0","0.464192365","","SULT1A1 (interacts with) MFSD4A",,"0","0","0","1","0.526829268","0.401555462",,"false","interacts with","SULT1A1 (interacts with) MFSD4A","0","P50225","","Q8N468",""
"35.0","","interacts with","0","0.47642617","","P2RX6 (interacts with) NTRK1",,"0","1","1","1","0.551219512","0.401632829",,"false","interacts with","P2RX6 (interacts with) NTRK1","0","O15547","","P04629",""
"56.70129282482225","","interacts with","0","0.476426293","","METTL15P1 (interacts with) TRAF6",,"0","1","1","1","0.551219512","0.401633074",,"false","interacts with","METTL15P1 (interacts with) TRAF6","0","P0C7V9","","Q9Y4K3",""
"5.661904761904761","","interacts with","0","0.461753132","","SULT1A1 (interacts with) SYT9",,"0","0","0","1","0.52195122","0.401555045",,"false","interacts with","SULT1A1 (interacts with) SYT9","0","P50225","","Q86SS6",""
"225.86349206349206","","interacts with","0","0.476426339","","BCL2 (interacts with) NPEPL1",,"1","0","1","1","0.551219512","0.401633166",,"false","interacts with","BCL2 (interacts with) NPEPL1","0","P10415","","Q8NDH3",""
"8.976190476190476","","interacts with","0","0.476387129","","SULT1A1 (interacts with) SH3D19",,"0","0","0","1","0.551219512","0.401554745",,"false","interacts with","SULT1A1 (interacts with) SH3D19","0","P50225","","Q5HYK7",""
"0.0","","interacts with","0","0.630263945","","BMP2 (interacts with) BMP2",,"1","1","1","1","0.848780488","0.411747402",,"false","interacts with","BMP2 (interacts with) BMP2","0","P12643","","P12643",""
"6.747619047619048","","interacts with","0","0.476387063","","SULT1A1 (interacts with) ASXL2",,"0","0","0","1","0.551219512","0.401554614",,"false","interacts with","SULT1A1 (interacts with) ASXL2","0","P50225","","Q76L83",""
"8.976190476190474","","interacts with","0","0.476387201","","SULT1A1 (interacts with) FAM83C",,"0","0","0","1","0.551219512","0.401554891",,"false","interacts with","SULT1A1 (interacts with) FAM83C","0","P50225","","Q9BQN1",""
"5.561904761904763","","interacts with","0","0.476426197","","BMP7 (interacts with) SULT1A1",,"1","0","1","1","0.551219512","0.401632883",,"false","interacts with","BMP7 (interacts with) SULT1A1","0","P18075","","P50225",""
"12.364988786906947","","interacts with","0","0.464231285","","STAP1 (interacts with) ZNF319",,"0","0","0","1","0.526829268","0.401633301",,"false","interacts with","STAP1 (interacts with) ZNF319","0","Q9ULZ2","","Q9P2F9",""
"33.77777777777777","","interacts with","0","0.476426227","","TP53 (interacts with) MRE11",,"1","0","1","1","0.551219512","0.401632942",,"false","interacts with","TP53 (interacts with) MRE11","0","P04637","","P49959",""
"5.333333333333333","","interacts with","0","0.464216199","","LIPK (interacts with) FGD5",,"0","0","0","1","0.526829268","0.401603131",,"false","interacts with","LIPK (interacts with) FGD5","0","Q5VXJ0","","Q6ZNL6",""
"8.696031746031744","","interacts with","0","0.476426169","","EDDM3A (interacts with) ZKSCAN4",,"0","0","0","1","0.551219512","0.401632825",,"false","interacts with","EDDM3A (interacts with) ZKSCAN4","0","Q14507","","Q969J2",""
"38.477777777777774","","interacts with","0","0.476426313","","COL1A2 (interacts with) HPD",,"1","0","1","1","0.551219512","0.401633114",,"false","interacts with","COL1A2 (interacts with) HPD","0","P08123","","P32754",""
"4.05","","interacts with","0","0.476387415","","NAP1L3 (interacts with) CARF",,"0","0","0","1","0.551219512","0.401555318",,"false","interacts with","NAP1L3 (interacts with) CARF","0","Q99457","","Q8N187",""
"7.624603174603175","","interacts with","0","0.476426253","","EDDM3A (interacts with) ZNF438",,"0","0","0","1","0.551219512","0.401632994",,"false","interacts with","EDDM3A (interacts with) ZNF438","0","Q14507","","Q7Z4V0",""
"5.0","","interacts with","0","0.464192393","","ODAPH (interacts with) CCDC166",,"0","0","0","1","0.526829268","0.401555517",,"false","interacts with","ODAPH (interacts with) CCDC166","0","Q17RF5","","P0CW27",""
"13.46984126984127","","interacts with","0","0.476426321","","PRKACA (interacts with) ASXL2",,"1","0","1","1","0.551219512","0.40163313",,"false","interacts with","PRKACA (interacts with) ASXL2","0","P17612","","Q76L83",""
"22.89267476863385","","interacts with","0","0.47642615","","STAP1 (interacts with) FILIP1",,"0","0","0","1","0.551219512","0.401632787",,"false","interacts with","STAP1 (interacts with) FILIP1","0","Q9ULZ2","","Q7Z7B0",""
"7.333333333333332","","interacts with","0","0.476387133","","TOM1L1 (interacts with) MRTFB",,"0","0","0","1","0.551219512","0.401554754",,"false","interacts with","TOM1L1 (interacts with) MRTFB","0","O75674","","Q9ULH7",""
"8.51904761904762","","interacts with","0","0.476426224","","EDDM3A (interacts with) ZNF350",,"0","0","0","1","0.551219512","0.401632936",,"false","interacts with","EDDM3A (interacts with) ZNF350","0","Q14507","","Q9GZX5",""
"103.17371350220421","","interacts with","0","0.464255319","","COL5A3 (interacts with) OSGIN2",,"1","0","1","1","0.526829268","0.40168137",,"false","interacts with","COL5A3 (interacts with) OSGIN2","0","P25940","","Q9Y236",""
"10.333333333333332","","interacts with","0","0.593460934","","BRIX1 (interacts with) ZNF48",,"0","0","0","1","0.785365854","0.401556014",,"false","interacts with","BRIX1 (interacts with) ZNF48","0","Q8TDN6","","Q96MX3",""
"8.333333333333332","","interacts with","0","0.46907028","","TOM1L1 (interacts with) TPX2",,"0","0","0","1","0.536585366","0.401555193",,"false","interacts with","TOM1L1 (interacts with) TPX2","0","O75674","","Q9ULW0",""
"257.3428571428571","","interacts with","0","0.464231237","","MYCN (interacts with) RPIA",,"1","0","1","1","0.526829268","0.401633205",,"false","interacts with","MYCN (interacts with) RPIA","0","P04198","","P49247",""
"8.196103896103896","","interacts with","0","0.476387061","","SULT1A1 (interacts with) IL16",,"0","0","0","1","0.551219512","0.401554611",,"false","interacts with","SULT1A1 (interacts with) IL16","0","P50225","","Q14005",""
"43.857903554084224","","interacts with","0","0.464216096","","ZNF454 (interacts with) BDP1",,"0","0","0","1","0.526829268","0.401602923",,"false","interacts with","ZNF454 (interacts with) BDP1","0","Q8N9F8","","A6H8Y1",""
"23.85238095238095","","interacts with","0","0.461816218","","CTSK (interacts with) ZNF717",,"1","0","1","1","0.52195122","0.401681217",,"false","interacts with","CTSK (interacts with) ZNF717","0","P43235","","Q9BY31",""
"78.82197674030246","","interacts with","0","0.461777059","","ZNF454 (interacts with) BOD1L1",,"0","0","0","1","0.52195122","0.401602898",,"false","interacts with","ZNF454 (interacts with) BOD1L1","0","Q8N9F8","","Q8NFC6",""
"7.333333333333332","","interacts with","0","0.476387186","","LIPK (interacts with) NHS",,"0","0","0","1","0.551219512","0.401554859",,"false","interacts with","LIPK (interacts with) NHS","0","Q5VXJ0","","Q6T4R5",""
"37.66666666666667","","interacts with","0","0.476426239","","GOLGA6D (interacts with) BMP2",,"0","1","1","1","0.551219512","0.401632965",,"false","interacts with","GOLGA6D (interacts with) BMP2","0","P0CG33","","P12643",""
"8.558441558441558","","interacts with","0","0.464231286","","STAP1 (interacts with) NRG1",,"0","0","0","1","0.526829268","0.401633303",,"false","interacts with","STAP1 (interacts with) NRG1","0","Q9ULZ2","","Q02297",""
"4.0","","interacts with","0","0.469070169","","LIPK (interacts with) USP35",,"0","0","0","1","0.536585366","0.401554972",,"false","interacts with","LIPK (interacts with) USP35","0","Q5VXJ0","","Q9P2H5",""
"16.91031746031746","","interacts with","0","0.464255197","","EDDM3A (interacts with) REST",,"0","0","0","1","0.526829268","0.401681126",,"false","interacts with","EDDM3A (interacts with) REST","0","Q14507","","Q13127",""
"4.833333333333334","","interacts with","0","0.47638721","","LIPK (interacts with) RPS6KC1",,"0","0","0","1","0.551219512","0.401554907",,"false","interacts with","LIPK (interacts with) RPS6KC1","0","Q5VXJ0","","Q96S38",""
"56.0","","interacts with","0","0.476426328","","SOST (interacts with) ATXN10",,"1","0","1","1","0.551219512","0.401633143",,"false","interacts with","SOST (interacts with) ATXN10","0","Q9BQB4","","Q9UBB4",""
"17.978449328449326","","interacts with","0","0.476426171","","EDDM3A (interacts with) ALDH18A1",,"0","0","0","1","0.551219512","0.401632831",,"false","interacts with","EDDM3A (interacts with) ALDH18A1","0","Q14507","","P54886",""
"5.7707540521494005","","interacts with","0","0.47638722","","APOBEC3C (interacts with) RGL2",,"0","0","0","1","0.551219512","0.401554927",,"false","interacts with","APOBEC3C (interacts with) RGL2","0","Q9NRW3","","O15211",""
"7.999999999999999","","interacts with","0","0.47638708","","RHOBTB3 (interacts with) KIF27",,"0","0","0","1","0.551219512","0.401554647",,"false","interacts with","RHOBTB3 (interacts with) KIF27","0","O94955","","Q86VH2",""
"13.1008547008547","","interacts with","0","0.469070056","","DZIP1 (interacts with) WNT2B",,"0","0","0","1","0.536585366","0.401554746",,"false","interacts with","DZIP1 (interacts with) WNT2B","0","Q86YF9","","Q93097",""
"23.92426272609861","","interacts with","0","0.476387174","","ST8SIA5 (interacts with) RIN3",,"0","0","0","1","0.551219512","0.401554836",,"false","interacts with","ST8SIA5 (interacts with) RIN3","0","O15466","","Q8TB24",""
"9.663620071684587","","interacts with","0","0.476387197","","NUAK2 (interacts with) SCAF4",,"0","0","0","1","0.551219512","0.401554883",,"false","interacts with","NUAK2 (interacts with) SCAF4","0","Q9H093","","O95104",""
"18.0","","interacts with","0","0.476426226","","SRC (interacts with) LRRC8E",,"1","0","1","1","0.551219512","0.401632941",,"false","interacts with","SRC (interacts with) LRRC8E","0","P12931","","Q6NSJ5",""
"25.69296372055231","","interacts with","0","0.476387185","","ST8SIA5 (interacts with) BRDT",,"0","0","0","1","0.551219512","0.401554858",,"false","interacts with","ST8SIA5 (interacts with) BRDT","0","O15466","","Q58F21",""
"27.76794484963838","","interacts with","0","0.46177701","","NUAK2 (interacts with) SMC1B",,"0","0","0","1","0.52195122","0.4016028",,"false","interacts with","NUAK2 (interacts with) SMC1B","0","Q9H093","","Q8NDV3",""
"11.001618526401135","","interacts with","0","0.476387286","","ST8SIA5 (interacts with) HLCS",,"0","0","0","1","0.551219512","0.401555059",,"false","interacts with","ST8SIA5 (interacts with) HLCS","0","O15466","","P50747",""
"56.666666666666664","","interacts with","0","0.476426343","","TP53 (interacts with) B9D1",,"1","0","1","1","0.551219512","0.401633174",,"false","interacts with","TP53 (interacts with) B9D1","0","P04637","","Q9UPM9",""
"10.0","","interacts with","0","0.476387144","","ACOX3 (interacts with) ZC3H13",,"0","0","0","1","0.551219512","0.401554777",,"false","interacts with","ACOX3 (interacts with) ZC3H13","0","O15254","","Q5T200",""
"10.930189954972564","","interacts with","0","0.47638723","","ST8SIA5 (interacts with) SLC26A3",,"0","0","0","1","0.551219512","0.401554948",,"false","interacts with","ST8SIA5 (interacts with) SLC26A3","0","O15466","","P40879",""
"5.333333333333333","","interacts with","0","0.476387245","","OR51A4 (interacts with) CCSER1",,"0","0","0","1","0.551219512","0.401554978",,"false","interacts with","OR51A4 (interacts with) CCSER1","0","Q8NGJ6","","Q9C0I3",""
"32.68321123321123","","interacts with","0","0.476426288","","MYCL (interacts with) RABEP1",,"1","0","1","1","0.551219512","0.401633063",,"false","interacts with","MYCL (interacts with) RABEP1","0","P12524","","Q15276",""
"12.266666666666667","","interacts with","0","0.476426174","","EDDM3A (interacts with) HNF1B",,"0","0","0","1","0.551219512","0.401632837",,"false","interacts with","EDDM3A (interacts with) HNF1B","0","Q14507","","P35680",""
"4.0","","interacts with","0","0.461753185","","TAC3 (interacts with) SREK1",,"0","0","0","1","0.52195122","0.40155515",,"false","interacts with","TAC3 (interacts with) SREK1","0","Q9UHF0","","Q8WXA9",""
"19.116666666666667","","interacts with","0","0.476426335","","TRAV12-3 (interacts with) PROCR",,"0","1","1","1","0.551219512","0.401633157",,"false","interacts with","TRAV12-3 (interacts with) PROCR","0","A0A0B4J271","","Q9UNN8",""
"8.321428571428571","","interacts with","0","0.464231223","","EDDM3A (interacts with) CFAP100",,"0","0","0","1","0.526829268","0.401633178",,"false","interacts with","EDDM3A (interacts with) CFAP100","0","Q14507","","Q494V2",""
"6.999999999999999","","interacts with","0","0.476387081","","RHOBTB3 (interacts with) CEP162",,"0","0","0","1","0.551219512","0.401554649",,"false","interacts with","RHOBTB3 (interacts with) CEP162","0","O94955","","Q5TB80",""
"6.860317460317461","","interacts with","0","0.476426282","","EDDM3A (interacts with) CCDC150",,"0","0","0","1","0.551219512","0.401633053",,"false","interacts with","EDDM3A (interacts with) CCDC150","0","Q14507","","Q8NCX0",""
"4.333333333333333","","interacts with","0","0.593461119","","BRIX1 (interacts with) MYLK2",,"0","0","0","1","0.785365854","0.401556385",,"false","interacts with","BRIX1 (interacts with) MYLK2","0","Q8TDN6","","Q9H1R3",""
"12.472222222222223","","interacts with","0","0.464216061","","EDDM3A (interacts with) EFCAB13",,"0","0","0","1","0.526829268","0.401602854",,"false","interacts with","EDDM3A (interacts with) EFCAB13","0","Q14507","","Q8IY85",""
"5.333333333333333","","interacts with","0","0.476426247","","PTGS2 (interacts with) ZFR2",,"1","0","1","1","0.551219512","0.401632982",,"false","interacts with","PTGS2 (interacts with) ZFR2","0","P35354","","Q9UPR6",""
"15.049877899877899","","interacts with","0","0.476387069","","EDDM3A (interacts with) RABEP1",,"0","0","0","1","0.551219512","0.401554625",,"false","interacts with","EDDM3A (interacts with) RABEP1","0","Q14507","","Q15276",""
"28.8","","interacts with","0","0.464255215","","COBLL1 (interacts with) PROCR",,"0","1","1","1","0.526829268","0.401681162",,"false","interacts with","COBLL1 (interacts with) PROCR","0","Q53SF7","","Q9UNN8",""
"4.0","","interacts with","0","0.476387672","","RFPL4AL1 (interacts with) ARF5",,"0","0","0","1","0.551219512","0.401555832",,"false","interacts with","RFPL4AL1 (interacts with) ARF5","0","F8VTS6","","P84085",""
"13.48717948717949","","interacts with","0","0.461777053","","IGHV4-38-2 (interacts with) CCDC7",,"0","0","0","1","0.52195122","0.401602886",,"false","interacts with","IGHV4-38-2 (interacts with) CCDC7","0","P0DP08","","Q96M83",""
"4.333333333333333","","interacts with","0","0.464192323","","RFPL4AL1 (interacts with) SYT14P1",,"0","0","0","1","0.526829268","0.401555378",,"false","interacts with","RFPL4AL1 (interacts with) SYT14P1","0","F8VTS6","","Q58G82",""
"21.799999999999994","","interacts with","0","0.476426343","","BMP2 (interacts with) APOBEC3A",,"1","0","1","1","0.551219512","0.401633174",,"false","interacts with","BMP2 (interacts with) APOBEC3A","0","P12643","","P31941",""
"4.0","","interacts with","0","0.461777118","","SLITRK3 (interacts with) DEGS2",,"0","0","0","1","0.52195122","0.401603017",,"false","interacts with","SLITRK3 (interacts with) DEGS2","0","O94933","","Q6QHC5",""
"6.06","","interacts with","0","0.464231433","","EVX1 (interacts with) RAB24",,"0","0","0","1","0.526829268","0.401633598",,"false","interacts with","EVX1 (interacts with) RAB24","0","P49640","","Q969Q5",""
"11.835714285714287","","interacts with","0","0.461777178","","KCNJ12 (interacts with) REST",,"0","0","0","1","0.52195122","0.401603136",,"false","interacts with","KCNJ12 (interacts with) REST","0","Q14500","","Q13127",""
"19.704761904761906","","interacts with","0","0.461816158","","CTSK (interacts with) QRICH2",,"1","0","1","1","0.52195122","0.401681096",,"false","interacts with","CTSK (interacts with) QRICH2","0","P43235","","Q9H0J4",""
"7.140000000000001","","interacts with","0","0.464192108","","EVX1 (interacts with) NVL",,"0","0","0","1","0.526829268","0.401554947",,"false","interacts with","EVX1 (interacts with) NVL","0","P49640","","O15381",""
"8.050000000000002","","interacts with","0","0.464192258","","KCNJ12 (interacts with) ZKSCAN4",,"0","0","0","1","0.526829268","0.401555248",,"false","interacts with","KCNJ12 (interacts with) ZKSCAN4","0","Q14500","","Q969J2",""
"41.66666666666667","","interacts with","0","0.476387174","","PDGFD (interacts with) STOX2",,"0","0","0","1","0.551219512","0.401554835",,"false","interacts with","PDGFD (interacts with) STOX2","0","Q9GZP0","","Q9P2F5",""
"15.843333333333337","","interacts with","0","0.464231118","","EVX1 (interacts with) PMS2",,"0","0","0","1","0.526829268","0.401632969",,"false","interacts with","EVX1 (interacts with) PMS2","0","P49640","","P54278",""
"6.050000000000001","","interacts with","0","0.464192114","","KCNJ12 (interacts with) ZNF438",,"0","0","0","1","0.526829268","0.401554959",,"false","interacts with","KCNJ12 (interacts with) ZNF438","0","Q14500","","Q7Z4V0",""
"13.09552495697074","","interacts with","0","0.476426296","","CNR2 (interacts with) MAMLD1",,"1","0","1","1","0.551219512","0.401633079",,"false","interacts with","CNR2 (interacts with) MAMLD1","0","P34972","","Q13495",""
"4.666666666666666","","interacts with","0","0.591022551","","PDGFD (interacts with) GID4",,"0","0","0","1","0.780487805","0.401557296",,"false","interacts with","PDGFD (interacts with) GID4","0","Q9GZP0","","Q8IVV7",""
"16.763333333333335","","interacts with","0","0.47638705","","EVX1 (interacts with) PHC2",,"0","0","0","1","0.551219512","0.401554587",,"false","interacts with","EVX1 (interacts with) PHC2","0","P49640","","Q8IXK0",""
"149.21190476190475","","interacts with","0","0.4764263","","ARHGEF15 (interacts with) COL5A3",,"0","1","1","1","0.551219512","0.401633089",,"false","interacts with","ARHGEF15 (interacts with) COL5A3","0","O94989","","P25940",""
"36.663986207406865","","interacts with","0","0.461777044","","APOBEC3C (interacts with) CROCC2",,"0","0","0","1","0.52195122","0.401602869",,"false","interacts with","APOBEC3C (interacts with) CROCC2","0","Q9NRW3","","H7BZ55",""
"45.78662144364662","","interacts with","0","0.464192173","","ST8SIA5 (interacts with) JUP",,"0","0","0","1","0.526829268","0.401555077",,"false","interacts with","ST8SIA5 (interacts with) JUP","0","O15466","","P14923",""
"27.16271574594699","","interacts with","0","0.461777171","","APOBEC3C (interacts with) RIN3",,"0","0","0","1","0.52195122","0.401603122",,"false","interacts with","APOBEC3C (interacts with) RIN3","0","Q9NRW3","","Q8TB24",""
"19.042936935742915","","interacts with","0","0.461777127","","APOBEC3C (interacts with) BRDT",,"0","0","0","1","0.52195122","0.401603034",,"false","interacts with","APOBEC3C (interacts with) BRDT","0","Q9NRW3","","Q58F21",""
"10.398831458396675","","interacts with","0","0.476387161","","ST8SIA5 (interacts with) NIBAN1",,"0","0","0","1","0.551219512","0.40155481",,"false","interacts with","ST8SIA5 (interacts with) NIBAN1","0","O15466","","Q9BZQ8",""
"348.0","","interacts with","0","0.564168063","","C1QL1 (interacts with) IFNLR1",,"0","0","0","1","0.726829268","0.401506858",,"false","interacts with","C1QL1 (interacts with) IFNLR1","0","O75973","","Q8IU57",""
"17.532967032967033","","interacts with","0","0.469070402","","ST8SIA5 (interacts with) ZNF595",,"0","0","0","1","0.536585366","0.401555437",,"false","interacts with","ST8SIA5 (interacts with) ZNF595","0","O15466","","Q8IYB9",""
"39.42450253829642","","interacts with","0","0.461816246","","IHH (interacts with) CROCC2",,"0","0","0","1","0.52195122","0.401681273",,"false","interacts with","IHH (interacts with) CROCC2","0","Q14623","","H7BZ55",""
"290.0","","interacts with","0","0.464231253","","ALDH1A2 (interacts with) COL1A1",,"0","1","1","1","0.526829268","0.401633238",,"false","interacts with","ALDH1A2 (interacts with) COL1A1","0","O94788","","P02452",""
"86.28221778221777","","interacts with","0","0.464192165","","RFPL4AL1 (interacts with) PHACTR2",,"0","0","0","1","0.526829268","0.401555062",,"false","interacts with","RFPL4AL1 (interacts with) PHACTR2","0","F8VTS6","","O75167",""
"11.48717948717949","","interacts with","0","0.476387092","","IGHV4-38-2 (interacts with) RRBP1",,"0","0","0","1","0.551219512","0.401554671",,"false","interacts with","IGHV4-38-2 (interacts with) RRBP1","0","P0DP08","","Q9P2E9",""
"12.0","","interacts with","0","0.464231166","","GSK3B (interacts with) ZPBP",,"1","0","1","1","0.526829268","0.401633063",,"false","interacts with","GSK3B (interacts with) ZPBP","0","P49841","","Q9BS86",""
"4.138095238095238","","interacts with","0","0.476387093","","MIDEAS (interacts with) PSG11",,"0","0","0","1","0.551219512","0.401554673",,"false","interacts with","MIDEAS (interacts with) PSG11","0","Q6PJG2","","Q9UQ72",""
"41.48063082681147","","interacts with","0","0.464216151","","TCP11X1 (interacts with) BDP1",,"0","0","0","1","0.526829268","0.401603034",,"false","interacts with","TCP11X1 (interacts with) BDP1","0","B4DZS4","","A6H8Y1",""
"229.00597180597174","","interacts with","0","0.476426171","","COL1A1 (interacts with) UBE2Q2",,"1","0","1","1","0.551219512","0.40163283",,"false","interacts with","COL1A1 (interacts with) UBE2Q2","0","P02452","","Q8WVN8",""
"77.87652219484791","","interacts with","0","0.461777114","","TCP11X1 (interacts with) BOD1L1",,"0","0","0","1","0.52195122","0.401603009",,"false","interacts with","TCP11X1 (interacts with) BOD1L1","0","B4DZS4","","Q8NFC6",""
"5.72051282051282","","interacts with","0","0.464216054","","MIDEAS (interacts with) ZNF638",,"0","0","0","1","0.526829268","0.40160284",,"false","interacts with","MIDEAS (interacts with) ZNF638","0","Q6PJG2","","Q14966",""
"2.0","","interacts with","0","0.464192266","","EP400P1 (interacts with) SP2",,"0","0","0","1","0.526829268","0.401555264",,"false","interacts with","EP400P1 (interacts with) SP2","0","Q6ZTU2","","Q02086",""
"69.08095238095237","","interacts with","0","0.476426174","","GNAT2 (interacts with) TRAF6",,"0","1","1","1","0.551219512","0.401632836",,"false","interacts with","GNAT2 (interacts with) TRAF6","0","P19087","","Q9Y4K3",""
"4.4523809523809526","","interacts with","0","0.476387075","","MIDEAS (interacts with) PGA4",,"0","0","0","1","0.551219512","0.401554637",,"false","interacts with","MIDEAS (interacts with) PGA4","0","Q6PJG2","","P0DJD7",""
"6.888888888888888","","interacts with","0","0.461753321","","ATXN7L2 (interacts with) SH3D21",,"0","0","0","1","0.52195122","0.401555422",,"false","interacts with","ATXN7L2 (interacts with) SH3D21","0","Q5T6C5","","A4FU49",""
"16.833333333333332","","interacts with","0","0.469109424","","PRKACA (interacts with) NMUR1",,"1","0","1","1","0.536585366","0.401633483",,"false","interacts with","PRKACA (interacts with) NMUR1","0","P17612","","Q9HB89",""
"6.387179487179487","","interacts with","0","0.476387083","","MIDEAS (interacts with) TRIP11",,"0","0","0","1","0.551219512","0.401554653",,"false","interacts with","MIDEAS (interacts with) TRIP11","0","Q6PJG2","","Q15643",""
"8.972222222222221","","interacts with","0","0.476387132","","ATXN7L2 (interacts with) TRAV12-3",,"0","0","0","1","0.551219512","0.401554752",,"false","interacts with","ATXN7L2 (interacts with) TRAV12-3","0","Q5T6C5","","A0A0B4J271",""
"117.93333333333335","","interacts with","0","0.476426295","","SNRNP48 (interacts with) TRAF6",,"0","1","1","1","0.551219512","0.401633078",,"false","interacts with","SNRNP48 (interacts with) TRAF6","0","Q6IEG0","","Q9Y4K3",""
"4.233333333333333","","interacts with","0","0.464231272","","MIDEAS (interacts with) ZNF629",,"0","0","0","1","0.526829268","0.401633276",,"false","interacts with","MIDEAS (interacts with) ZNF629","0","Q6PJG2","","Q9UEG4",""
"8.235714285714288","","interacts with","0","0.476387136","","KCNJ12 (interacts with) CCDC150",,"0","0","0","1","0.551219512","0.401554759",,"false","interacts with","KCNJ12 (interacts with) CCDC150","0","Q14500","","Q8NCX0",""
"48.66666666666667","","interacts with","0","0.476426244","","TNFSF11 (interacts with) SYN1",,"1","0","1","1","0.551219512","0.401632977",,"false","interacts with","TNFSF11 (interacts with) SYN1","0","O14788","","P17600",""
"3.619047619047619","","interacts with","0","0.476426264","","MIDEAS (interacts with) PPWD1",,"0","0","0","1","0.551219512","0.401633015",,"false","interacts with","MIDEAS (interacts with) PPWD1","0","Q6PJG2","","Q96BP3",""
"9.3","","interacts with","0","0.469070098","","KCNJ12 (interacts with) FOXP1",,"0","0","0","1","0.536585366","0.40155483",,"false","interacts with","KCNJ12 (interacts with) FOXP1","0","Q14500","","Q9H334",""
"4.666666666666666","","interacts with","0","0.476426264","","MIDEAS (interacts with) KLHL40",,"0","0","0","1","0.551219512","0.401633016",,"false","interacts with","MIDEAS (interacts with) KLHL40","0","Q6PJG2","","Q2TBA0",""
"11.091941391941393","","interacts with","0","0.476387222","","KCNJ12 (interacts with) RABEP1",,"0","0","0","1","0.551219512","0.401554932",,"false","interacts with","KCNJ12 (interacts with) RABEP1","0","Q14500","","Q15276",""
"26.15238095238095","","interacts with","0","0.476426226","","MED15 (interacts with) PROCR",,"0","1","1","1","0.551219512","0.40163294",,"false","interacts with","MED15 (interacts with) PROCR","0","Q96RN5","","Q9UNN8",""
"13.153846153846152","","interacts with","0","0.47638726","","KCNJ12 (interacts with) ALDH18A1",,"0","0","0","1","0.551219512","0.401555007",,"false","interacts with","KCNJ12 (interacts with) ALDH18A1","0","Q14500","","P54886",""
"46.53809523809525","","interacts with","0","0.47642617","","TRIB1 (interacts with) TRAF6",,"0","1","1","1","0.551219512","0.401632827",,"false","interacts with","TRIB1 (interacts with) TRAF6","0","Q96RU8","","Q9Y4K3",""
"8.0","","interacts with","0","0.461753138","","TCP11X1 (interacts with) AICDA",,"0","0","0","1","0.52195122","0.401555057",,"false","interacts with","TCP11X1 (interacts with) AICDA","0","B4DZS4","","Q9GZX7",""
"11.443281582797713","","interacts with","0","0.476426243","","NFKB1 (interacts with) LRP2BP",,"1","0","1","1","0.551219512","0.401632975",,"false","interacts with","NFKB1 (interacts with) LRP2BP","0","P19838","","Q9P2M1",""
"9.855555555555556","","interacts with","0","0.464192446","","ATXN7L2 (interacts with) TMEM41A",,"0","0","0","1","0.526829268","0.401555623",,"false","interacts with","ATXN7L2 (interacts with) TMEM41A","0","Q5T6C5","","Q96HV5",""
"7.4944444444444445","","interacts with","0","0.464192329","","ATXN7L2 (interacts with) SGCA",,"0","0","0","1","0.526829268","0.40155539",,"false","interacts with","ATXN7L2 (interacts with) SGCA","0","Q5T6C5","","Q16586",""
"68.41511810158657","","interacts with","0","0.464231272","","COL3A1 (interacts with) HTR1E",,"1","0","1","1","0.526829268","0.401633276",,"false","interacts with","COL3A1 (interacts with) HTR1E","0","P02461","","P28566",""
"10.333333333333332","","interacts with","0","0.461753402","","ATXN7L2 (interacts with) MYLK2",,"0","0","0","1","0.52195122","0.401555584",,"false","interacts with","ATXN7L2 (interacts with) MYLK2","0","Q5T6C5","","Q9H1R3",""
"55.7477771172656","","interacts with","0","0.46423123","","STAP1 (interacts with) TRAF6",,"0","1","1","1","0.526829268","0.401633191",,"false","interacts with","STAP1 (interacts with) TRAF6","0","Q9ULZ2","","Q9Y4K3",""
"8.777777777777777","","interacts with","0","0.476387112","","ATXN7L2 (interacts with) SMIM26",,"0","0","0","1","0.551219512","0.401554712",,"false","interacts with","ATXN7L2 (interacts with) SMIM26","0","Q5T6C5","","A0A096LP01",""
"17.0","","interacts with","0","0.564100599","","ERLEC1 (interacts with) CLN5",,"0","0","0","1","0.726829268","0.401371929",,"false","interacts with","ERLEC1 (interacts with) CLN5","0","Q96DZ1","","O75503",""
"47.07142857142857","","interacts with","0","0.476426335","","COL1A2 (interacts with) CAMKV",,"1","0","1","1","0.551219512","0.401633158",,"false","interacts with","COL1A2 (interacts with) CAMKV","0","P08123","","Q8NCB2",""
"30.10001654206461","","interacts with","0","0.47638733","","FANCI (interacts with) ZNF717",,"0","0","0","1","0.551219512","0.401555148",,"false","interacts with","FANCI (interacts with) ZNF717","0","Q9NVI1","","Q9BY31",""
"54.03596508471941","","interacts with","0","0.461777301","","FANCI (interacts with) TSPYL2",,"0","0","0","1","0.52195122","0.401603383",,"false","interacts with","FANCI (interacts with) TSPYL2","0","Q9NVI1","","Q9H2G4",""
"4.571428571428572","","interacts with","0","0.476387166","","MIDEAS (interacts with) SNX33",,"0","0","0","1","0.551219512","0.401554819",,"false","interacts with","MIDEAS (interacts with) SNX33","0","Q6PJG2","","Q8WV41",""
"34.0","","interacts with","0","0.476426202","","CNR2 (interacts with) TRIM69",,"1","0","1","1","0.551219512","0.401632891",,"false","interacts with","CNR2 (interacts with) TRIM69","0","P34972","","Q86WT6",""
"7.3888888888888875","","interacts with","0","0.469070288","","ATXN7L2 (interacts with) PAK4",,"0","0","0","1","0.536585366","0.401555209",,"false","interacts with","ATXN7L2 (interacts with) PAK4","0","Q5T6C5","","O96013",""
"3.6666666666666665","","interacts with","0","0.461753515","","UBTFL6 (interacts with) TLCD3B",,"0","0","0","1","0.52195122","0.40155581",,"false","interacts with","UBTFL6 (interacts with) TLCD3B","0","P0CB48","","Q71RH2",""
"8.555555555555554","","interacts with","0","0.464192344","","ATXN7L2 (interacts with) RTL5",,"0","0","0","1","0.526829268","0.40155542",,"false","interacts with","ATXN7L2 (interacts with) RTL5","0","Q5T6C5","","Q5HYW3",""
"7.238095238095236","","interacts with","0","0.464231284","","MAPK14 (interacts with) ZNF277",,"1","0","1","1","0.526829268","0.401633299",,"false","interacts with","MAPK14 (interacts with) ZNF277","0","Q16539","","Q9NRM2",""
"38.316060256005805","","interacts with","0","0.46177715","","UBTFL6 (interacts with) CROCC2",,"0","0","0","1","0.52195122","0.401603081",,"false","interacts with","UBTFL6 (interacts with) CROCC2","0","P0CB48","","H7BZ55",""
"7.999999999999999","","interacts with","0","0.461753573","","ATXN7L2 (interacts with) ATMIN",,"0","0","0","1","0.52195122","0.401555926",,"false","interacts with","ATXN7L2 (interacts with) ATMIN","0","Q5T6C5","","O43313",""
"13.000000000000002","","interacts with","0","0.561629828","","ERLEC1 (interacts with) FOXRED2",,"0","0","0","1","0.72195122","0.401308436",,"false","interacts with","ERLEC1 (interacts with) FOXRED2","0","Q96DZ1","","Q8IWF2",""
"4.0","","interacts with","0","0.476426232","","PCARE (interacts with) NTRK1",,"0","1","1","1","0.551219512","0.401632951",,"false","interacts with","PCARE (interacts with) NTRK1","0","A6NGG8","","P04629",""
"7.722222222222222","","interacts with","0","0.464192324","","ATXN7L2 (interacts with) DHRS13",,"0","0","0","1","0.526829268","0.401555379",,"false","interacts with","ATXN7L2 (interacts with) DHRS13","0","Q5T6C5","","Q6UX07",""
"28.07554112554112","","interacts with","0","0.461792592","","GPR146 (interacts with) TRIM38",,"0","0","0","1","0.52195122","0.401633965",,"false","interacts with","GPR146 (interacts with) TRIM38","0","Q96CH1","","O00635",""
"182.00000000000003","","interacts with","0","0.561499897","","CRTAC1 (interacts with) NOCT",,"0","0","0","1","0.72195122","0.401048574",,"false","interacts with","CRTAC1 (interacts with) NOCT","0","Q9NQ79","","Q9UK39",""
"29.14297183671586","","interacts with","0","0.464192254","","GPR146 (interacts with) TCTN3",,"0","0","0","1","0.526829268","0.401555239",,"false","interacts with","GPR146 (interacts with) TCTN3","0","Q96CH1","","Q6NUS6",""
"56.0","","interacts with","0","0.56196892","","SNAP47 (interacts with) CEP57L1",,"0","0","0","1","0.72195122","0.401986621",,"false","interacts with","SNAP47 (interacts with) CEP57L1","0","Q5SQN1","","Q8IYX8",""
"83.33333333333333","","interacts with","0","0.476426366","","TNFSF11 (interacts with) MIER2",,"1","0","1","1","0.551219512","0.401633221",,"false","interacts with","TNFSF11 (interacts with) MIER2","0","O14788","","Q8N344",""
"91.81595655787007","","interacts with","0","0.564068102","","GTF2A1 (interacts with) SARS1",,"0","0","0","1","0.726829268","0.401306935",,"false","interacts with","GTF2A1 (interacts with) SARS1","0","P52655","","P49591",""
"58.01400560224089","","interacts with","0","0.476426416","","OR4K15 (interacts with) TRAF6",,"0","1","1","1","0.551219512","0.401633321",,"false","interacts with","OR4K15 (interacts with) TRAF6","0","Q8NH41","","Q9Y4K3",""
"7.854761904761905","","interacts with","0","0.476387223","","RAMACL (interacts with) GOLGA3",,"0","0","0","1","0.551219512","0.401554934",,"false","interacts with","RAMACL (interacts with) GOLGA3","0","A0A3B3IU46","","Q08378",""
"97.18404344212988","","interacts with","0","0.564068028","","GTF2A1 (interacts with) UGDH",,"0","0","0","1","0.726829268","0.401306788",,"false","interacts with","GTF2A1 (interacts with) UGDH","0","P52655","","O60701",""
"18.166666666666664","","interacts with","0","0.464255168","","VTN (interacts with) FGD5",,"1","0","1","1","0.526829268","0.401681067",,"false","interacts with","VTN (interacts with) FGD5","0","P04004","","Q6ZNL6",""
"52.15108225108222","","interacts with","0","0.464231552","","GPR146 (interacts with) ZNF397",,"0","0","0","1","0.526829268","0.401633836",,"false","interacts with","GPR146 (interacts with) ZNF397","0","Q96CH1","","Q8NF99",""
"18.304373927601453","","interacts with","0","0.461777258","","FANCI (interacts with) PWWP3A",,"0","0","0","1","0.52195122","0.401603297",,"false","interacts with","FANCI (interacts with) PWWP3A","0","Q9NVI1","","Q2TAK8",""
"517.8489177489179","","interacts with","0","0.476426236","","COL1A1 (interacts with) ZNF397",,"1","0","1","1","0.551219512","0.40163296",,"false","interacts with","COL1A1 (interacts with) ZNF397","0","P02452","","Q8NF99",""
"8.333333333333334","","interacts with","0","0.469109358","","SCO1 (interacts with) ZNF454",,"0","0","0","1","0.536585366","0.401633349",,"false","interacts with","SCO1 (interacts with) ZNF454","0","O75880","","Q8N9F8",""
"120.88577533577534","","interacts with","0","0.469109574","","GPR146 (interacts with) PRICKLE3",,"0","0","0","1","0.536585366","0.401633783",,"false","interacts with","GPR146 (interacts with) PRICKLE3","0","Q96CH1","","O43900",""
"13.38440637793579","","interacts with","0","0.476426247","","MYC (interacts with) RAB24",,"1","0","1","1","0.551219512","0.401632982",,"false","interacts with","MYC (interacts with) RAB24","0","P01106","","Q969Q5",""
"109.08016242390643","","interacts with","0","0.469109585","","GPR146 (interacts with) XRCC1",,"0","0","0","1","0.536585366","0.401633805",,"false","interacts with","GPR146 (interacts with) XRCC1","0","Q96CH1","","P18887",""
"195.8763736263738","","interacts with","0","0.476426214","","COL1A1 (interacts with) OR2J1",,"1","0","1","1","0.551219512","0.401632916",,"false","interacts with","COL1A1 (interacts with) OR2J1","0","P02452","","Q9GZK6",""
"23.753363303363304","","interacts with","0","0.464231262","","GPR146 (interacts with) SLC9A8",,"0","0","0","1","0.526829268","0.401633256",,"false","interacts with","GPR146 (interacts with) SLC9A8","0","Q96CH1","","Q9Y2E8",""
"6.0","","interacts with","0","0.595572918","","HMMR (interacts with) TPX2",,"0","0","0","1","0.790243902","0.400901934",,"false","interacts with","HMMR (interacts with) TPX2","0","O75330","","Q9ULW0",""
"10.166666666666668","","interacts with","0","0.464216129","","RAMACL (interacts with) EFCAB13",,"0","0","0","1","0.526829268","0.401602989",,"false","interacts with","RAMACL (interacts with) EFCAB13","0","A0A3B3IU46","","Q8IY85",""
"70.99999999999994","","interacts with","0","0.476426293","","COL5A2 (interacts with) MFSD9",,"1","0","1","1","0.551219512","0.401633073",,"false","interacts with","COL5A2 (interacts with) MFSD9","0","P05997","","Q8NBP5",""
"15.914163614163614","","interacts with","0","0.476387152","","RAMACL (interacts with) RABEP1",,"0","0","0","1","0.551219512","0.401554792",,"false","interacts with","RAMACL (interacts with) RABEP1","0","A0A3B3IU46","","Q15276",""
"99.79582360328567","","interacts with","0","0.476426163","","COL5A3 (interacts with) APOBEC3C",,"1","0","1","1","0.551219512","0.401632815",,"false","interacts with","COL5A3 (interacts with) APOBEC3C","0","P25940","","Q9NRW3",""
"14.776068376068377","","interacts with","0","0.476387178","","RAMACL (interacts with) ALDH18A1",,"0","0","0","1","0.551219512","0.401554844",,"false","interacts with","RAMACL (interacts with) ALDH18A1","0","A0A3B3IU46","","P54886",""
"38.047110726142975","","interacts with","0","0.461816175","","NFKB1 (interacts with) POPDC3",,"1","0","1","1","0.52195122","0.401681131",,"false","interacts with","NFKB1 (interacts with) POPDC3","0","P19838","","Q9HBV1",""
"9.334951859734467","","interacts with","0","0.476387046","","ZNF570 (interacts with) MARK1",,"0","0","0","1","0.551219512","0.40155458",,"false","interacts with","ZNF570 (interacts with) MARK1","0","Q96NI8","","Q9P0L2",""
"27.99202140857852","","interacts with","0","0.461777112","","RIN3 (interacts with) SULT1C3",,"0","0","0","1","0.52195122","0.401603004",,"false","interacts with","RIN3 (interacts with) SULT1C3","0","Q8TB24","","Q6IMI6",""
"40.17701689435437","","interacts with","0","0.476426327","","EFCAB9 (interacts with) TRAF6",,"0","1","1","1","0.551219512","0.401633143",,"false","interacts with","EFCAB9 (interacts with) TRAF6","0","A8MZ26","","Q9Y4K3",""
"9.551282051282053","","interacts with","0","0.47638715","","ZNF570 (interacts with) PECAM1",,"0","0","0","1","0.551219512","0.401554787",,"false","interacts with","ZNF570 (interacts with) PECAM1","0","Q96NI8","","P16284",""
"13.891622996886156","","interacts with","0","0.464192269","","ZNF570 (interacts with) ESRP2",,"0","0","0","1","0.526829268","0.401555269",,"false","interacts with","ZNF570 (interacts with) ESRP2","0","Q96NI8","","Q9H6T0",""
"7.813492063492064","","interacts with","0","0.47638718","","RAMACL (interacts with) CFAP100",,"0","0","0","1","0.551219512","0.401554848",,"false","interacts with","RAMACL (interacts with) CFAP100","0","A0A3B3IU46","","Q494V2",""
"10.223809523809523","","interacts with","0","0.476387087","","RAMACL (interacts with) ESCO1",,"0","0","0","1","0.551219512","0.401554662",,"false","interacts with","RAMACL (interacts with) ESCO1","0","A0A3B3IU46","","Q5FWF5",""
"2.0","taxid:9606(Homo sapiens)","interacts with","1","0.576207165","""psi-mi:""""MI:2222""""(inference by socio-affinity scoring)""","SH3RF3 (interacts with) INPP5E","2","0","0","0","1","0.751219512","0.401194817",,"false","interacts with","SH3RF3 (interacts with) INPP5E","0","Q8TEJ3","Q8TEJ3","Q9NRR6","Q9NRR6"
"8.207142857142857","","interacts with","0","0.476387114","","RAMACL (interacts with) CCDC150",,"0","0","0","1","0.551219512","0.401554715",,"false","interacts with","RAMACL (interacts with) CCDC150","0","A0A3B3IU46","","Q8NCX0",""
"288.0","taxid:9606(Homo sapiens)","interacts with","1","0.571490637","""psi-mi:""""MI:2222""""(inference by socio-affinity scoring)""","SH3RF3 (interacts with) CGN","2","0","0","0","1","0.741463415","0.401517859",,"false","interacts with","SH3RF3 (interacts with) CGN","0","Q8TEJ3","Q8TEJ3","Q9P2M7","Q9P2M7"
"20.0","","interacts with","0","0.464231295","","TRBJ1-2 (interacts with) CALCA",,"0","1","1","1","0.526829268","0.401633321",,"false","interacts with","TRBJ1-2 (interacts with) CALCA","0","A0A0J9YX06","","P01258",""
"9.835714285714285","","interacts with","0","0.476387172","","RAMACL (interacts with) FOXP1",,"0","0","0","1","0.551219512","0.401554831",,"false","interacts with","RAMACL (interacts with) FOXP1","0","A0A3B3IU46","","Q9H334",""
"169.05297619047622","","interacts with","0","0.476426258","","BCL2 (interacts with) CDY2B",,"1","0","1","1","0.551219512","0.401633003",,"false","interacts with","BCL2 (interacts with) CDY2B","0","P10415","","Q9Y6F7",""
"29.672537951885754","","interacts with","0","0.461777128","","RIN3 (interacts with) RGR",,"0","0","0","1","0.52195122","0.401603036",,"false","interacts with","RIN3 (interacts with) RGR","0","Q8TB24","","P47804",""
"37.29586045025404","","interacts with","0","0.464192251","","ZNF570 (interacts with) JUP",,"0","0","0","1","0.526829268","0.401555234",,"false","interacts with","ZNF570 (interacts with) JUP","0","Q96NI8","","P14923",""
"122.99565889965535","","interacts with","0","0.46419204","","RIN3 (interacts with) TPTE2",,"0","0","0","1","0.526829268","0.401554812",,"false","interacts with","RIN3 (interacts with) TPTE2","0","Q8TB24","","Q6XPS3",""
"161.13369963369968","","interacts with","0","0.464255189","","COL5A3 (interacts with) ZNF595",,"1","0","1","1","0.526829268","0.40168111",,"false","interacts with","COL5A3 (interacts with) ZNF595","0","P25940","","Q8IYB9",""
"10.498831458396676","","interacts with","0","0.476387196","","ZNF570 (interacts with) NIBAN1",,"0","0","0","1","0.551219512","0.40155488",,"false","interacts with","ZNF570 (interacts with) NIBAN1","0","Q96NI8","","Q9BZQ8",""
"3.333333333333333","","interacts with","0","0.461753983","","FGF13 (interacts with) OR51A4",,"0","0","0","1","0.52195122","0.401556747",,"false","interacts with","FGF13 (interacts with) OR51A4","0","Q92913","","Q8NGJ6",""
"7.999999999999999","","interacts with","0","0.476387304","","TRGV3 (interacts with) ZNF165",,"0","0","0","1","0.551219512","0.401555095",,"false","interacts with","TRGV3 (interacts with) ZNF165","0","P03979","","P49910",""
"68.0","","interacts with","0","0.476426242","","RELA (interacts with) BEAN1",,"1","0","1","1","0.551219512","0.401632972",,"false","interacts with","RELA (interacts with) BEAN1","0","Q04206","","Q3B7T3",""
"9.066666666666666","","interacts with","0","0.476387139","","TRGV3 (interacts with) GOLGA6D",,"0","0","0","1","0.551219512","0.401554766",,"false","interacts with","TRGV3 (interacts with) GOLGA6D","0","P03979","","P0CG33",""
"30.995238095238097","","interacts with","0","0.476426237","","COL1A2 (interacts with) SF3A1",,"1","0","1","1","0.551219512","0.401632963",,"false","interacts with","COL1A2 (interacts with) SF3A1","0","P08123","","Q15459",""
"26.39378507142269","","interacts with","0","0.461777086","","RIN3 (interacts with) FCER1A",,"0","0","0","1","0.52195122","0.401602953",,"false","interacts with","RIN3 (interacts with) FCER1A","0","Q8TB24","","P12319",""
"12.706227106227105","","interacts with","0","0.476387103","","TRGV3 (interacts with) RRBP1",,"0","0","0","1","0.551219512","0.401554694",,"false","interacts with","TRGV3 (interacts with) RRBP1","0","P03979","","Q9P2E9",""
"31.283875818531346","","interacts with","0","0.461777102","","RIN3 (interacts with) UPK1A",,"0","0","0","1","0.52195122","0.401602984",,"false","interacts with","RIN3 (interacts with) UPK1A","0","Q8TB24","","O00322",""
"14.0","","interacts with","0","0.564135577","","MSI2 (interacts with) RNF157",,"0","0","0","1","0.726829268","0.401441886",,"false","interacts with","MSI2 (interacts with) RNF157","0","Q96DH6","","Q96PX1",""
"12.32222222222222","","interacts with","0","0.476426406","","SMIM26 (interacts with) PROCR",,"0","1","1","1","0.551219512","0.4016333",,"false","interacts with","SMIM26 (interacts with) PROCR","0","A0A096LP01","","Q9UNN8",""
"6.929059829059829","","interacts with","0","0.476387291","","ZNF570 (interacts with) ST8SIA5",,"0","0","0","1","0.551219512","0.401555071",,"false","interacts with","ZNF570 (interacts with) ST8SIA5","0","Q96NI8","","O15466",""
"66.0","","interacts with","0","0.46425536","","COL1A2 (interacts with) IL32",,"1","0","1","1","0.526829268","0.401681452",,"false","interacts with","COL1A2 (interacts with) IL32","0","P08123","","P24001",""
"23.356227242821806","","interacts with","0","0.476387118","","ZNF570 (interacts with) RIN3",,"0","0","0","1","0.551219512","0.401554723",,"false","interacts with","ZNF570 (interacts with) RIN3","0","Q96NI8","","Q8TB24",""
"114.00000000000001","","interacts with","0","0.476426207","","ENTPD5 (interacts with) COL3A1",,"0","1","1","1","0.551219512","0.401632901",,"false","interacts with","ENTPD5 (interacts with) COL3A1","0","O75356","","P02461",""
"21.154990554307417","","interacts with","0","0.476387041","","ZNF570 (interacts with) BRDT",,"0","0","0","1","0.551219512","0.40155457",,"false","interacts with","ZNF570 (interacts with) BRDT","0","Q96NI8","","Q58F21",""
"7.333333333333333","","interacts with","0","0.461753967","","FGF13 (interacts with) OR6C76",,"0","0","0","1","0.52195122","0.401556714",,"false","interacts with","FGF13 (interacts with) OR6C76","0","Q92913","","A6NM76",""
"67.11889840283436","","interacts with","0","0.461777082","","RIN3 (interacts with) B3GAT1",,"0","0","0","1","0.52195122","0.401602945",,"false","interacts with","RIN3 (interacts with) B3GAT1","0","Q8TB24","","Q9P2W7",""
"8.6682851930678","","interacts with","0","0.47642649","","ZNF570 (interacts with) HLCS",,"0","0","0","1","0.551219512","0.401633468",,"false","interacts with","ZNF570 (interacts with) HLCS","0","Q96NI8","","P50747",""
"9.5","","interacts with","0","0.476426256","","BMP7 (interacts with) SH3D19",,"1","0","1","1","0.551219512","0.401633",,"false","interacts with","BMP7 (interacts with) SH3D19","0","P18075","","Q5HYK7",""
"9.001618526401135","","interacts with","0","0.476426434","","ZNF570 (interacts with) SLC26A3",,"0","0","0","1","0.551219512","0.401633356",,"false","interacts with","ZNF570 (interacts with) SLC26A3","0","Q96NI8","","P40879",""
"33.048398838165966","","interacts with","0","0.476426212","","OR4X1 (interacts with) TRAF6",,"0","1","1","1","0.551219512","0.401632911",,"false","interacts with","OR4X1 (interacts with) TRAF6","0","Q8NH49","","Q9Y4K3",""
"38.14729749347812","","interacts with","0","0.464216115","","SPATA18 (interacts with) BDP1",,"0","0","0","1","0.526829268","0.401602962",,"false","interacts with","SPATA18 (interacts with) BDP1","0","Q8TC71","","A6H8Y1",""
"56.0","","interacts with","0","0.561799468","","GRAP2 (interacts with) HEYL",,"0","0","0","1","0.72195122","0.401647717",,"false","interacts with","GRAP2 (interacts with) HEYL","0","O75791","","Q9NQ87",""
"360.00000000000006","","interacts with","0","0.464255237","","COL5A3 (interacts with) CRTAC1",,"1","0","1","1","0.526829268","0.401681205",,"false","interacts with","COL5A3 (interacts with) CRTAC1","0","P25940","","Q9NQ79",""
"73.54318886151461","","interacts with","0","0.461777079","","SPATA18 (interacts with) BOD1L1",,"0","0","0","1","0.52195122","0.401602939",,"false","interacts with","SPATA18 (interacts with) BOD1L1","0","Q8TC71","","Q8NFC6",""
"28.96666666666667","","interacts with","0","0.56407575","","NCCRP1 (interacts with) GABPA",,"0","0","0","1","0.726829268","0.401322232",,"false","interacts with","NCCRP1 (interacts with) GABPA","0","Q6ZVX7","","Q06546",""
"76.0","","interacts with","0","0.476426324","","TP53 (interacts with) FGF7",,"1","0","1","1","0.551219512","0.401633136",,"false","interacts with","TP53 (interacts with) FGF7","0","P04637","","P21781",""
"28.0","","interacts with","0","0.564068003","","TCEANC (interacts with) RUBCN",,"0","0","0","1","0.726829268","0.401306738",,"false","interacts with","TCEANC (interacts with) RUBCN","0","Q8N8B7","","Q92622",""
"9.375","","interacts with","0","0.476387101","","LNX2 (interacts with) ST3GAL3",,"0","0","0","1","0.551219512","0.401554691",,"false","interacts with","LNX2 (interacts with) ST3GAL3","0","Q8N448","","Q11203",""
"15.642857142857146","","interacts with","0","0.476426254","","PRKACA (interacts with) SH3D19",,"1","0","1","1","0.551219512","0.401632996",,"false","interacts with","PRKACA (interacts with) SH3D19","0","P17612","","Q5HYK7",""
"12.0","","interacts with","0","0.464231253","","ESR1 (interacts with) CNNM2",,"1","0","1","1","0.526829268","0.401633238",,"false","interacts with","ESR1 (interacts with) CNNM2","0","P03372","","Q9H8M5",""
"9.299999999999999","","interacts with","0","0.476387397","","TRGV3 (interacts with) RPUSD1",,"0","0","0","1","0.551219512","0.401555281",,"false","interacts with","TRGV3 (interacts with) RPUSD1","0","P03979","","Q9UJJ7",""
"0.0","","interacts with","0","0.606404844","","COL1A1 (interacts with) COL1A1",,"1","1","1","1","0.814634146","0.398175542",,"false","interacts with","COL1A1 (interacts with) COL1A1","0","P02452","","P02452",""
"15.799999999999999","","interacts with","0","0.476387194","","TRGV3 (interacts with) FAM161B",,"0","0","0","1","0.551219512","0.401554875",,"false","interacts with","TRGV3 (interacts with) FAM161B","0","P03979","","Q96MY7",""
"994.1467271290797","","interacts with","0","0.564068206","","PRICKLE3 (interacts with) TSR3",,"0","0","0","1","0.726829268","0.401307144",,"false","interacts with","PRICKLE3 (interacts with) TSR3","0","O43900","","Q9UJK0",""
"6.999999999999999","","interacts with","0","0.476387471","","TRGV3 (interacts with) MEIS3P2",,"0","0","0","1","0.551219512","0.401555429",,"false","interacts with","TRGV3 (interacts with) MEIS3P2","0","P03979","","A8K0S8",""
"49.74160941810242","","interacts with","0","0.47642622","","COL5A2 (interacts with) MRPL28",,"1","0","1","1","0.551219512","0.401632928",,"false","interacts with","COL5A2 (interacts with) MRPL28","0","P05997","","Q13084",""
"8.652380952380954","","interacts with","0","0.476387168","","TRGV3 (interacts with) SAMD11",,"0","0","0","1","0.551219512","0.401554823",,"false","interacts with","TRGV3 (interacts with) SAMD11","0","P03979","","Q96NU1",""
"36.756801752760836","","interacts with","0","0.476426224","","ODF3 (interacts with) TRAF6",,"0","1","1","1","0.551219512","0.401632936",,"false","interacts with","ODF3 (interacts with) TRAF6","0","Q96PU9","","Q9Y4K3",""
"84.22485096602743","","interacts with","0","0.476387257","","PRICKLE3 (interacts with) REEP4",,"0","0","0","1","0.551219512","0.401555001",,"false","interacts with","PRICKLE3 (interacts with) REEP4","0","O43900","","Q9H6H4",""
"219.91053946053964","","interacts with","0","0.476426197","","COL1A1 (interacts with) CCDC83",,"1","0","1","1","0.551219512","0.401632881",,"false","interacts with","COL1A1 (interacts with) CCDC83","0","P02452","","Q8IWF9",""
"9.92051282051282","","interacts with","0","0.46177718","","TRGV3 (interacts with) CCDC7",,"0","0","0","1","0.52195122","0.401603141",,"false","interacts with","TRGV3 (interacts with) CCDC7","0","P03979","","Q96M83",""
"60.0","","interacts with","0","0.46907028","","POPDC3 (interacts with) RUNDC3B",,"0","0","0","1","0.536585366","0.401555194",,"false","interacts with","POPDC3 (interacts with) RUNDC3B","0","Q9HBV1","","Q96NL0",""
"47.07142857142858","","interacts with","0","0.464231253","","COL1A2 (interacts with) CAMK1G",,"1","0","1","1","0.526829268","0.401633238",,"false","interacts with","COL1A2 (interacts with) CAMK1G","0","P08123","","Q96NX5",""
"9.834559884559884","","interacts with","0","0.464192103","","LNX2 (interacts with) GLYATL1",,"0","0","0","1","0.526829268","0.401554937",,"false","interacts with","LNX2 (interacts with) GLYATL1","0","Q8N448","","Q969I3",""
"21.749043983826592","","interacts with","0","0.476387171","","FLYWCH1 (interacts with) POPDC3",,"0","0","0","1","0.551219512","0.40155483",,"false","interacts with","FLYWCH1 (interacts with) POPDC3","0","Q4VC44","","Q9HBV1",""
"53.61880607315395","","interacts with","0","0.476387165","","WNT9A (interacts with) CGN",,"0","0","0","1","0.551219512","0.401554818",,"false","interacts with","WNT9A (interacts with) CGN","0","O14904","","Q9P2M7",""
"2.2857142857142856","","interacts with","0","0.476426141","","PTGS2 (interacts with) PRR14L",,"1","0","1","1","0.551219512","0.40163277",,"false","interacts with","PTGS2 (interacts with) PRR14L","0","P35354","","Q5THK1",""
"30.0","","interacts with","0","0.47638719","","POPDC3 (interacts with) RSBN1",,"0","0","0","1","0.551219512","0.401554868",,"false","interacts with","POPDC3 (interacts with) RSBN1","0","Q9HBV1","","Q5VWQ0",""
"51.618806073153955","","interacts with","0","0.46421616","","WNT9A (interacts with) DCTN1",,"0","0","0","1","0.526829268","0.401603052",,"false","interacts with","WNT9A (interacts with) DCTN1","0","O14904","","Q14203",""
"14.840512265512265","","interacts with","0","0.476387235","","POPDC3 (interacts with) ERICH6",,"0","0","0","1","0.551219512","0.401554957",,"false","interacts with","POPDC3 (interacts with) ERICH6","0","Q9HBV1","","Q7L0X2",""
"58.233333333333334","","interacts with","0","0.476426223","","COL3A1 (interacts with) FLYWCH1",,"1","0","1","1","0.551219512","0.401632933",,"false","interacts with","COL3A1 (interacts with) FLYWCH1","0","P02461","","Q4VC44",""
"9.369047619047619","","interacts with","0","0.476387211","","LNX2 (interacts with) AADACL4",,"0","0","0","1","0.551219512","0.401554909",,"false","interacts with","LNX2 (interacts with) AADACL4","0","Q8N448","","Q5VUY2",""
"110.0","","interacts with","0","0.464255203","","SMIM23 (interacts with) COL1A2",,"0","1","1","1","0.526829268","0.401681138",,"false","interacts with","SMIM23 (interacts with) COL1A2","0","A6NLE4","","P08123",""
"7.166666666666666","","interacts with","0","0.469070101","","DLGAP1 (interacts with) ZC3H13",,"0","0","0","1","0.536585366","0.401554836",,"false","interacts with","DLGAP1 (interacts with) ZC3H13","0","O14490","","Q5T200",""
"23.70122655122655","","interacts with","0","0.476387163","","POPDC3 (interacts with) LNX2",,"0","0","0","1","0.551219512","0.401554815",,"false","interacts with","POPDC3 (interacts with) LNX2","0","Q9HBV1","","Q8N448",""
"12.455555555555554","","interacts with","0","0.46423122","","PRKACA (interacts with) TC2N",,"1","0","1","1","0.526829268","0.401633172",,"false","interacts with","PRKACA (interacts with) TC2N","0","P17612","","Q8N9U0",""
"73.34761904761905","","interacts with","0","0.561525219","","NCCRP1 (interacts with) STK16",,"0","0","0","1","0.72195122","0.401099219",,"false","interacts with","NCCRP1 (interacts with) STK16","0","Q6ZVX7","","O75716",""
"19.616666666666667","","interacts with","0","0.476426274","","CTSK (interacts with) ARHGAP30",,"1","0","1","1","0.551219512","0.401633035",,"false","interacts with","CTSK (interacts with) ARHGAP30","0","P43235","","Q7Z6I6",""
"7.547727272727272","","interacts with","0","0.476387103","","LNX2 (interacts with) AMZ2",,"0","0","0","1","0.551219512","0.401554695",,"false","interacts with","LNX2 (interacts with) AMZ2","0","Q8N448","","Q86W34",""
"25.0","","interacts with","0","0.476387341","","POPDC3 (interacts with) SOCS5",,"0","0","0","1","0.551219512","0.40155517",,"false","interacts with","POPDC3 (interacts with) SOCS5","0","Q9HBV1","","O75159",""
"296.9809523809524","","interacts with","0","0.566488095","","NCCRP1 (interacts with) ST6GALNAC6",,"0","0","0","1","0.731707317","0.401268872",,"false","interacts with","NCCRP1 (interacts with) ST6GALNAC6","0","Q6ZVX7","","Q969X2",""
"273.90587917737054","","interacts with","0","0.476426227","","COL1A1 (interacts with) TCTN3",,"1","0","1","1","0.551219512","0.401632942",,"false","interacts with","COL1A1 (interacts with) TCTN3","0","P02452","","Q6NUS6",""
"30.70946152327639","","interacts with","0","0.476387416","","POPDC3 (interacts with) ZNF565",,"0","0","0","1","0.551219512","0.401555319",,"false","interacts with","POPDC3 (interacts with) ZNF565","0","Q9HBV1","","Q8N9K5",""
"40.75783587162976","","interacts with","0","0.461777107","","TLCD3B (interacts with) CROCC2",,"0","0","0","1","0.52195122","0.401602995",,"false","interacts with","TLCD3B (interacts with) CROCC2","0","Q71RH2","","H7BZ55",""
"23.333333333333332","","interacts with","0","0.461753164","","POPDC3 (interacts with) UEVLD",,"0","0","0","1","0.52195122","0.401555108",,"false","interacts with","POPDC3 (interacts with) UEVLD","0","Q9HBV1","","Q8IX04",""
"30.0","","interacts with","0","0.476426347","","TLR5 (interacts with) PTGS1",,"0","1","1","1","0.551219512","0.401633181",,"false","interacts with","TLR5 (interacts with) PTGS1","0","O60602","","P23219",""
"2.0","","interacts with","0","0.564068065","","UBE2G1 (interacts with) SYVN1",,"0","0","0","1","0.726829268","0.401306861",,"false","interacts with","UBE2G1 (interacts with) SYVN1","0","P62253","","Q86TM6",""
"10.517893217893215","","interacts with","0","0.464192098","","LNX2 (interacts with) SULT1E1",,"0","0","0","1","0.526829268","0.401554927",,"false","interacts with","LNX2 (interacts with) SULT1E1","0","Q8N448","","P49888",""
"12.225501464953796","","interacts with","0","0.476387256","","HTR1E (interacts with) SCAF4",,"0","0","0","1","0.551219512","0.401555",,"false","interacts with","HTR1E (interacts with) SCAF4","0","P28566","","O95104",""
"13.189600437876301","","interacts with","0","0.476387142","","POPDC3 (interacts with) ARHGAP44",,"0","0","0","1","0.551219512","0.401554771",,"false","interacts with","POPDC3 (interacts with) ARHGAP44","0","Q9HBV1","","Q17R89",""
"78.3040043114664","","interacts with","0","0.461816147","","ST8SIA5 (interacts with) COL5A3",,"0","1","1","1","0.52195122","0.401681075",,"false","interacts with","ST8SIA5 (interacts with) COL5A3","0","O15466","","P25940",""
"10.825","","interacts with","0","0.476387102","","HTR1E (interacts with) ELAC2",,"0","0","0","1","0.551219512","0.401554691",,"false","interacts with","HTR1E (interacts with) ELAC2","0","P28566","","Q9BQ52",""
"10.889600437876298","","interacts with","0","0.476387122","","HTR1E (interacts with) ARHGAP44",,"0","0","0","1","0.551219512","0.401554733",,"false","interacts with","HTR1E (interacts with) ARHGAP44","0","P28566","","Q17R89",""
"30.499999999999996","","interacts with","0","0.476426245","","SOBP (interacts with) TNFSF11",,"0","1","1","1","0.551219512","0.401632978",,"false","interacts with","SOBP (interacts with) TNFSF11","0","A7XYQ1","","O14788",""
"19.757854406130267","","interacts with","0","0.464192429","","POPDC3 (interacts with) OTUD5",,"0","0","0","1","0.526829268","0.40155559",,"false","interacts with","POPDC3 (interacts with) OTUD5","0","Q9HBV1","","Q96G74",""
"24.41075302222147","","interacts with","0","0.464216149","","HTR1E (interacts with) SMC1B",,"0","0","0","1","0.526829268","0.401603029",,"false","interacts with","HTR1E (interacts with) SMC1B","0","P28566","","Q8NDV3",""
"34.53227659479343","","interacts with","0","0.464216076","","POPDC3 (interacts with) SMC1B",,"0","0","0","1","0.526829268","0.401602883",,"false","interacts with","POPDC3 (interacts with) SMC1B","0","Q9HBV1","","Q8NDV3",""
"6.883333333333333","","interacts with","0","0.464192457","","HTR1E (interacts with) ZNF221",,"0","0","0","1","0.526829268","0.401555645",,"false","interacts with","HTR1E (interacts with) ZNF221","0","P28566","","Q9UK13",""
"15.900000000000002","","interacts with","0","0.469070539","","POPDC3 (interacts with) ZNF772",,"0","0","0","1","0.536585366","0.401555712",,"false","interacts with","POPDC3 (interacts with) ZNF772","0","Q9HBV1","","Q68DY9",""
"18.243800508709228","","interacts with","0","0.46177711","","HTR1E (interacts with) ZCCHC2",,"0","0","0","1","0.52195122","0.401603",,"false","interacts with","HTR1E (interacts with) ZCCHC2","0","P28566","","Q9C0B9",""
"290.0","","interacts with","0","0.561492758","","ZNF397 (interacts with) ZNF213",,"0","0","0","1","0.72195122","0.401034297",,"false","interacts with","ZNF397 (interacts with) ZNF213","0","Q8NF99","","O14771",""
"3.0","","interacts with","0","0.476387346","","DLGAP1 (interacts with) TTC39B",,"0","0","0","1","0.551219512","0.40155518",,"false","interacts with","DLGAP1 (interacts with) TTC39B","0","O14490","","Q5VTQ0",""
"6.0","","interacts with","0","0.600546164","","ZNF397 (interacts with) SLC9A8",,"0","0","0","1","0.8","0.401092327",,"false","interacts with","ZNF397 (interacts with) SLC9A8","0","Q8NF99","","Q9Y2E8",""
"3.666666666666666","","interacts with","0","0.476387104","","DLGAP1 (interacts with) SPEM3",,"0","0","0","1","0.551219512","0.401554695",,"false","interacts with","DLGAP1 (interacts with) SPEM3","0","O14490","","A0A1B0GUW6",""
"22.112247284878865","","interacts with","0","0.476387132","","POPDC3 (interacts with) EPB41L5",,"0","0","0","1","0.551219512","0.401554752",,"false","interacts with","POPDC3 (interacts with) EPB41L5","0","Q9HBV1","","Q9HCM4",""
"23.9934226119072","","interacts with","0","0.476387152","","POPDC3 (interacts with) SCAF4",,"0","0","0","1","0.551219512","0.401554791",,"false","interacts with","POPDC3 (interacts with) SCAF4","0","Q9HBV1","","O95104",""
"11.135632183908047","","interacts with","0","0.469070338","","HTR1E (interacts with) NOSTRIN",,"0","0","0","1","0.536585366","0.401555309",,"false","interacts with","HTR1E (interacts with) NOSTRIN","0","P28566","","Q8IVI9",""
"17.140512265512264","","interacts with","0","0.476387123","","POPDC3 (interacts with) ELAC2",,"0","0","0","1","0.551219512","0.401554733",,"false","interacts with","POPDC3 (interacts with) ELAC2","0","Q9HBV1","","Q9BQ52",""
"4.333333333333333","","interacts with","0","0.476387261","","FOXI1 (interacts with) B4GALNT2",,"0","0","0","1","0.551219512","0.401555011",,"false","interacts with","FOXI1 (interacts with) B4GALNT2","0","Q12951","","Q8NHY0",""
"58.666666666666664","","interacts with","0","0.476426198","","RELA (interacts with) FGF13",,"1","0","1","1","0.551219512","0.401632884",,"false","interacts with","RELA (interacts with) FGF13","0","Q04206","","Q92913",""
"19.652380952380952","","interacts with","0","0.476387166","","POPDC3 (interacts with) MCAM",,"0","0","0","1","0.551219512","0.401554819",,"false","interacts with","POPDC3 (interacts with) MCAM","0","Q9HBV1","","P43121",""
"155.2437605120863","","interacts with","0","0.464216098","","SCO1 (interacts with) BOD1L1",,"0","0","0","1","0.526829268","0.401602928",,"false","interacts with","SCO1 (interacts with) BOD1L1","0","O75880","","Q8NFC6",""
"290.0","","interacts with","0","0.464255229","","COL1A1 (interacts with) CLDN22",,"1","0","1","1","0.526829268","0.401681191",,"false","interacts with","COL1A1 (interacts with) CLDN22","0","P02452","","Q8N7P3",""
"21.299999999999994","","interacts with","0","0.476387293","","POPDC3 (interacts with) ZNF311",,"0","0","0","1","0.551219512","0.401555074",,"false","interacts with","POPDC3 (interacts with) ZNF311","0","Q9HBV1","","Q5JNZ3",""
"9.265079365079364","","interacts with","0","0.464192181","","DGLUCY (interacts with) IL34",,"0","0","0","1","0.526829268","0.401555093",,"false","interacts with","DGLUCY (interacts with) IL34","0","Q7Z3D6","","Q6ZMJ4",""
"0.0","taxid:9606(Homo sapiens)","interacts with","1","0.628019284","""psi-mi:""""MI:0364""""(inferred by curator)""","JUN (interacts with) JUN","2","1","1","1","1","0.843902439","0.412136129",,"false","interacts with","JUN (interacts with) JUN","0","P05412","P05412","P05412","P05412"
"15.733333333333334","","interacts with","0","0.469070228","","POPDC3 (interacts with) PDE7A",,"0","0","0","1","0.536585366","0.40155509",,"false","interacts with","POPDC3 (interacts with) PDE7A","0","Q9HBV1","","Q13946",""
"58.1388888888889","","interacts with","0","0.461777148","","DGLUCY (interacts with) BDP1",,"0","0","0","1","0.52195122","0.401603077",,"false","interacts with","DGLUCY (interacts with) BDP1","0","Q7Z3D6","","A6H8Y1",""
"16.946031746031743","","interacts with","0","0.464216107","","RAMAC (interacts with) REST",,"0","0","0","1","0.526829268","0.401602945",,"false","interacts with","RAMAC (interacts with) REST","0","Q9BTL3","","Q13127",""
"12.01376893768198","","interacts with","0","0.469070148","","FLYWCH1 (interacts with) C9orf64",,"0","0","0","1","0.536585366","0.401554929",,"false","interacts with","FLYWCH1 (interacts with) C9orf64","0","Q4VC44","","Q5T6V5",""
"4.4","","interacts with","0","0.46907038","","TRIP10 (interacts with) SLC50A1",,"0","0","0","1","0.536585366","0.401555394",,"false","interacts with","TRIP10 (interacts with) SLC50A1","0","Q15642","","Q9BRV3",""
"257.7428571428571","","interacts with","0","0.561662548","","RPIA (interacts with) STK16",,"0","0","0","1","0.72195122","0.401373876",,"false","interacts with","RPIA (interacts with) STK16","0","P49247","","O75716",""
"114.00000000000001","","interacts with","0","0.464255197","","CCDC78 (interacts with) COL3A1",,"0","1","1","1","0.526829268","0.401681126",,"false","interacts with","CCDC78 (interacts with) COL3A1","0","A2IDD5","","P02461",""
"5.9603174603174605","","interacts with","0","0.476387265","","RAMAC (interacts with) ZKSCAN4",,"0","0","0","1","0.551219512","0.401555019",,"false","interacts with","RAMAC (interacts with) ZKSCAN4","0","Q9BTL3","","Q969J2",""
"16.372222222222216","","interacts with","0","0.47638734","","POPDC3 (interacts with) ZNF221",,"0","0","0","1","0.551219512","0.401555168",,"false","interacts with","POPDC3 (interacts with) ZNF221","0","Q9HBV1","","Q9UK13",""
"72.35136705399862","","interacts with","0","0.476426184","","NVL (interacts with) TRAF6",,"0","1","1","1","0.551219512","0.401632856",,"false","interacts with","NVL (interacts with) TRAF6","0","O15381","","Q9Y4K3",""
"3.1666666666666665","","interacts with","0","0.476387501","","FOXI1 (interacts with) BPIFC",,"0","0","0","1","0.551219512","0.40155549",,"false","interacts with","FOXI1 (interacts with) BPIFC","0","Q12951","","Q8NFQ6",""
"21.874554132037755","","interacts with","0","0.461777076","","POPDC3 (interacts with) MED1",,"0","0","0","1","0.52195122","0.401602933",,"false","interacts with","POPDC3 (interacts with) MED1","0","Q9HBV1","","Q15648",""
"7.216666666666667","","interacts with","0","0.476387301","","HTR1E (interacts with) ZNF311",,"0","0","0","1","0.551219512","0.401555089",,"false","interacts with","HTR1E (interacts with) ZNF311","0","P28566","","Q5JNZ3",""
"72.17652139853753","","interacts with","0","0.476426241","","COL3A1 (interacts with) GOT1L1",,"1","0","1","1","0.551219512","0.40163297",,"false","interacts with","COL3A1 (interacts with) GOT1L1","0","P02461","","Q8NHS2",""
"17.4","","interacts with","0","0.469070306","","POPDC3 (interacts with) IQCM",,"0","0","0","1","0.536585366","0.401555245",,"false","interacts with","POPDC3 (interacts with) IQCM","0","Q9HBV1","","A0A1B0GVH7",""
"64.13650793650797","","interacts with","0","0.461777091","","CCT8L1P (interacts with) DCTN1",,"0","0","0","1","0.52195122","0.401602962",,"false","interacts with","CCT8L1P (interacts with) DCTN1","0","A6NM43","","Q14203",""
"7.820289855072463","","interacts with","0","0.461753065","","FLYWCH1 (interacts with) UEVLD",,"0","0","0","1","0.52195122","0.40155491",,"false","interacts with","FLYWCH1 (interacts with) UEVLD","0","Q4VC44","","Q8IX04",""
"22.666666666666664","","interacts with","0","0.46423124","","CASP3 (interacts with) MRTFB",,"1","0","1","1","0.526829268","0.401633212",,"false","interacts with","CASP3 (interacts with) MRTFB","0","P42574","","Q9ULH7",""
"39.89689301007759","","interacts with","0","0.464216121","","POPDC3 (interacts with) ZCCHC2",,"0","0","0","1","0.526829268","0.401602974",,"false","interacts with","POPDC3 (interacts with) ZCCHC2","0","Q9HBV1","","Q9C0B9",""
"83.00516695467186","","interacts with","0","0.464216072","","SCO1 (interacts with) BDP1",,"0","0","0","1","0.526829268","0.401602875",,"false","interacts with","SCO1 (interacts with) BDP1","0","O75880","","A6H8Y1",""
"27.333333333333325","","interacts with","0","0.476426277","","IGHV4-61 (interacts with) BMP2",,"0","1","1","1","0.551219512","0.401633042",,"false","interacts with","IGHV4-61 (interacts with) BMP2","0","A0A0C4DH41","","P12643",""
"10.466666666666667","","interacts with","0","0.469070158","","IGHV4-59 (interacts with) FAM161B",,"0","0","0","1","0.536585366","0.40155495",,"false","interacts with","IGHV4-59 (interacts with) FAM161B","0","P01825","","Q96MY7",""
"180.12016317016312","","interacts with","0","0.476426231","","IGHV3-9 (interacts with) MYCN",,"0","1","1","1","0.551219512","0.40163295",,"false","interacts with","IGHV3-9 (interacts with) MYCN","0","P01782","","P04198",""
"8.769047619047619","","interacts with","0","0.476387176","","IGHV4-59 (interacts with) GOLGA6B",,"0","0","0","1","0.551219512","0.401554839",,"false","interacts with","IGHV4-59 (interacts with) GOLGA6B","0","P01825","","A6NDN3",""
"4.851694915254237","","interacts with","0","0.469070353","","CENPL (interacts with) PRAMEF27",,"0","0","0","1","0.536585366","0.40155534",,"false","interacts with","CENPL (interacts with) PRAMEF27","0","Q8N0S6","","A3QJZ7",""
"8.50079365079365","","interacts with","0","0.476387152","","RAMAC (interacts with) CCDC150",,"0","0","0","1","0.551219512","0.401554792",,"false","interacts with","RAMAC (interacts with) CCDC150","0","Q9BTL3","","Q8NCX0",""
"14.072893772893774","","interacts with","0","0.46177708","","IGHV4-59 (interacts with) CCDC7",,"0","0","0","1","0.52195122","0.401602941",,"false","interacts with","IGHV4-59 (interacts with) CCDC7","0","P01825","","Q96M83",""
"43.205198727343884","","interacts with","0","0.476426264","","COL5A2 (interacts with) CALHM2",,"1","0","1","1","0.551219512","0.401633015",,"false","interacts with","COL5A2 (interacts with) CALHM2","0","P05997","","Q9HA72",""
"5.633898305084746","","interacts with","0","0.476387088","","CENPL (interacts with) THNSL2",,"0","0","0","1","0.551219512","0.401554663",,"false","interacts with","CENPL (interacts with) THNSL2","0","Q8N0S6","","Q86YJ6",""
"10.472222222222223","","interacts with","0","0.464216184","","RAMAC (interacts with) EFCAB13",,"0","0","0","1","0.526829268","0.401603101",,"false","interacts with","RAMAC (interacts with) EFCAB13","0","Q9BTL3","","Q8IY85",""
"10.309841847603417","","interacts with","0","0.476387178","","DZIP1 (interacts with) SULT1C3",,"0","0","0","1","0.551219512","0.401554844",,"false","interacts with","DZIP1 (interacts with) SULT1C3","0","Q86YF9","","Q6IMI6",""
"5.653196550698779","","interacts with","0","0.461753097","","CENPL (interacts with) FCRL6",,"0","0","0","1","0.52195122","0.401554975",,"false","interacts with","CENPL (interacts with) FCRL6","0","Q8N0S6","","Q6DN72",""
"108.64680943606172","","interacts with","0","0.461816227","","COL5A2 (interacts with) ZNF257",,"1","0","1","1","0.52195122","0.401681234",,"false","interacts with","COL5A2 (interacts with) ZNF257","0","P05997","","Q9Y2Q1",""
"11.653846153846155","","interacts with","0","0.461777098","","TPMT (interacts with) CCDC7",,"0","0","0","1","0.52195122","0.401602976",,"false","interacts with","TPMT (interacts with) CCDC7","0","P51580","","Q96M83",""
"9.94050094050094","","interacts with","0","0.461753062","","FLYWCH1 (interacts with) GOT1L1",,"0","0","0","1","0.52195122","0.401554904",,"false","interacts with","FLYWCH1 (interacts with) GOT1L1","0","Q4VC44","","Q8NHS2",""
"18.2","","interacts with","0","0.476387144","","CENPL (interacts with) TELO2",,"0","0","0","1","0.551219512","0.401554775",,"false","interacts with","CENPL (interacts with) TELO2","0","Q8N0S6","","Q9Y4R8",""
"56.076741590204186","","interacts with","0","0.476426219","","COL3A1 (interacts with) PDE7A",,"1","0","1","1","0.551219512","0.401632925",,"false","interacts with","COL3A1 (interacts with) PDE7A","0","P02461","","Q13946",""
"4.988095238095238","","interacts with","0","0.476387102","","RNASEL (interacts with) PSG11",,"0","0","0","1","0.551219512","0.401554692",,"false","interacts with","RNASEL (interacts with) PSG11","0","Q05823","","Q9UQ72",""
"35.08846719193225","","interacts with","0","0.461816206","","CNR2 (interacts with) RIN3",,"1","0","1","1","0.52195122","0.401681192",,"false","interacts with","CNR2 (interacts with) RIN3","0","P34972","","Q8TB24",""
"8.541269841269841","","interacts with","0","0.476387139","","RAMAC (interacts with) ZNF438",,"0","0","0","1","0.551219512","0.401554766",,"false","interacts with","RAMAC (interacts with) ZNF438","0","Q9BTL3","","Q7Z4V0",""
"6.8238095238095235","","interacts with","0","0.476426321","","BMP7 (interacts with) ASXL2",,"1","0","1","1","0.551219512","0.40163313",,"false","interacts with","BMP7 (interacts with) ASXL2","0","P18075","","Q76L83",""
"9.1","","interacts with","0","0.461753115","","RAMAC (interacts with) NEDD1",,"0","0","0","1","0.52195122","0.401555011",,"false","interacts with","RAMAC (interacts with) NEDD1","0","Q9BTL3","","Q8NHV4",""
"12.0","","interacts with","0","0.464231263","","ESCO2 (interacts with) GOLGA3",,"0","0","0","1","0.526829268","0.401633259",,"false","interacts with","ESCO2 (interacts with) GOLGA3","0","Q56NI9","","Q08378",""
"45.51710348924864","","interacts with","0","0.476426197","","COL5A2 (interacts with) NBPF6",,"1","0","1","1","0.551219512","0.401632882",,"false","interacts with","COL5A2 (interacts with) NBPF6","0","P05997","","Q5VWK0",""
"6.0666666666666655","","interacts with","0","0.476387132","","IGHV4-59 (interacts with) GOLGA6D",,"0","0","0","1","0.551219512","0.401554753",,"false","interacts with","IGHV4-59 (interacts with) GOLGA6D","0","P01825","","P0CG33",""
"117.35590178706336","","interacts with","0","0.476426172","","COL5A3 (interacts with) IHH",,"1","0","1","1","0.551219512","0.401632833",,"false","interacts with","COL5A3 (interacts with) IHH","0","P25940","","Q14623",""
"13.0","","interacts with","0","0.593461141","","ESCO2 (interacts with) RABEP1",,"0","0","0","1","0.785365854","0.401556429",,"false","interacts with","ESCO2 (interacts with) RABEP1","0","Q56NI9","","Q15276",""
"7.310317460317462","","interacts with","0","0.469070216","","RAMAC (interacts with) CFAP100",,"0","0","0","1","0.536585366","0.401555067",,"false","interacts with","RAMAC (interacts with) CFAP100","0","Q9BTL3","","Q494V2",""
"11.703846153846154","","interacts with","0","0.47638712","","IGHV4-59 (interacts with) RRBP1",,"0","0","0","1","0.551219512","0.401554727",,"false","interacts with","IGHV4-59 (interacts with) RRBP1","0","P01825","","Q9P2E9",""
"7.986580086580087","","interacts with","0","0.461777166","","TPR (interacts with) FAM184B",,"0","0","0","1","0.52195122","0.401603113",,"false","interacts with","TPR (interacts with) FAM184B","0","P12270","","Q9ULE4",""
"50.153467125612295","","interacts with","0","0.47642625","","COL5A2 (interacts with) RASGEF1A",,"1","0","1","1","0.551219512","0.401632987",,"false","interacts with","COL5A2 (interacts with) RASGEF1A","0","P05997","","Q8N9B8",""
"9.154761904761903","","interacts with","0","0.47638711","","RAMAC (interacts with) ESCO1",,"0","0","0","1","0.551219512","0.401554707",,"false","interacts with","RAMAC (interacts with) ESCO1","0","Q9BTL3","","Q5FWF5",""
"3.933333333333334","","interacts with","0","0.476387408","","FAM20A (interacts with) ADORA3",,"0","0","0","1","0.551219512","0.401555304",,"false","interacts with","FAM20A (interacts with) ADORA3","0","Q96MK3","","P0DMS8",""
"7.07051282051282","","interacts with","0","0.476387031","","RNASEL (interacts with) TRIP11",,"0","0","0","1","0.551219512","0.40155455",,"false","interacts with","RNASEL (interacts with) TRIP11","0","Q05823","","Q15643",""
"81.48496993924412","","interacts with","0","0.476426284","","COL3A1 (interacts with) OTUD1",,"1","0","1","1","0.551219512","0.401633055",,"false","interacts with","COL3A1 (interacts with) OTUD1","0","P02461","","Q5VV17",""
"2.0","","interacts with","0","0.564068399","","ALDH9A1 (interacts with) TNFAIP3",,"0","0","0","1","0.726829268","0.401307529",,"false","interacts with","ALDH9A1 (interacts with) TNFAIP3","0","P49189","","P21580",""
"4.916666666666666","","interacts with","0","0.476387126","","RNASEL (interacts with) DENND2A",,"0","0","0","1","0.551219512","0.401554739",,"false","interacts with","RNASEL (interacts with) DENND2A","0","Q05823","","Q9ULE3",""
"24.92857142857143","","interacts with","0","0.476426273","","CTSK (interacts with) PWWP3A",,"1","0","1","1","0.551219512","0.401633033",,"false","interacts with","CTSK (interacts with) PWWP3A","0","P43235","","Q2TAK8",""
"4.602380952380952","","interacts with","0","0.476387316","","RNASEL (interacts with) SNX33",,"0","0","0","1","0.551219512","0.40155512",,"false","interacts with","RNASEL (interacts with) SNX33","0","Q05823","","Q8WV41",""
"64.0","","interacts with","0","0.564068221","","MIER2 (interacts with) PEX14",,"0","0","0","1","0.726829268","0.401307173",,"false","interacts with","MIER2 (interacts with) PEX14","0","Q8N344","","O75381",""
"27.936540703878165","","interacts with","0","0.464231175","","PHC2 (interacts with) TRAF6",,"0","1","1","1","0.526829268","0.401633082",,"false","interacts with","PHC2 (interacts with) TRAF6","0","Q8IXK0","","Q9Y4K3",""
"18.333333333333336","","interacts with","0","0.476387301","","C6orf118 (interacts with) ZCCHC8",,"0","0","0","1","0.551219512","0.40155509",,"false","interacts with","C6orf118 (interacts with) ZCCHC8","0","Q5T5N4","","Q6NZY4",""
"77.63333333333334","","interacts with","0","0.476426228","","COL5A3 (interacts with) TELO2",,"1","0","1","1","0.551219512","0.401632944",,"false","interacts with","COL5A3 (interacts with) TELO2","0","P25940","","Q9Y4R8",""
"11.76986321736545","","interacts with","0","0.476387212","","CENPL (interacts with) UPK1A",,"0","0","0","1","0.551219512","0.401554913",,"false","interacts with","CENPL (interacts with) UPK1A","0","Q8N0S6","","O00322",""
"4.216666666666667","","interacts with","0","0.476387153","","RNASEL (interacts with) CEP126",,"0","0","0","1","0.551219512","0.401554795",,"false","interacts with","RNASEL (interacts with) CEP126","0","Q05823","","Q9P2H0",""
"58.84340825687085","","interacts with","0","0.476426205","","COL3A1 (interacts with) ZNF221",,"1","0","1","1","0.551219512","0.401632897",,"false","interacts with","COL3A1 (interacts with) ZNF221","0","P02461","","Q9UK13",""
"6.570512820512819","","interacts with","0","0.461777049","","RNASEL (interacts with) ZNF638",,"0","0","0","1","0.52195122","0.401602878",,"false","interacts with","RNASEL (interacts with) ZNF638","0","Q05823","","Q14966",""
"43.20952380952381","","interacts with","0","0.476387044","","SCO1 (interacts with) DGLUCY",,"0","0","0","1","0.551219512","0.401554575",,"false","interacts with","SCO1 (interacts with) DGLUCY","0","O75880","","Q7Z3D6",""
"66.0","","interacts with","0","0.464255253","","COL1A2 (interacts with) RTP3",,"1","0","1","1","0.526829268","0.401681237",,"false","interacts with","COL1A2 (interacts with) RTP3","0","P08123","","Q9BQQ7",""
"4.844444444444445","","interacts with","0","0.476387459","","FAM20A (interacts with) DDX4",,"0","0","0","1","0.551219512","0.401555406",,"false","interacts with","FAM20A (interacts with) DDX4","0","Q96MK3","","Q9NQI0",""
"4.935714285714286","","interacts with","0","0.476387159","","RNASEL (interacts with) PGA4",,"0","0","0","1","0.551219512","0.401554806",,"false","interacts with","RNASEL (interacts with) PGA4","0","Q05823","","P0DJD7",""
"3.8","","interacts with","0","0.469070101","","FAM20A (interacts with) GPR141",,"0","0","0","1","0.536585366","0.401554837",,"false","interacts with","FAM20A (interacts with) GPR141","0","Q96MK3","","Q7Z602",""
"29.133333333333333","","interacts with","0","0.464231261","","VGF (interacts with) PROCR",,"0","1","1","1","0.526829268","0.401633253",,"false","interacts with","VGF (interacts with) PROCR","0","O15240","","Q9UNN8",""
"5.166666666666666","","interacts with","0","0.476387266","","RNASEL (interacts with) LIG1",,"0","0","0","1","0.551219512","0.401555019",,"false","interacts with","RNASEL (interacts with) LIG1","0","Q05823","","P18858",""
"3.1333333333333333","","interacts with","0","0.461753116","","FAM20A (interacts with) OR9A1P",,"0","0","0","1","0.52195122","0.401555013",,"false","interacts with","FAM20A (interacts with) OR9A1P","0","Q96MK3","","Q8NGU1",""
"30.0","","interacts with","0","0.476426394","","BGLAP (interacts with) FAM110C",,"1","0","1","1","0.551219512","0.401633276",,"false","interacts with","BGLAP (interacts with) FAM110C","0","P02818","","Q1W6H9",""
"6.833333333333333","","interacts with","0","0.464231159","","KIF22 (interacts with) HLA-DRB3",,"0","0","0","1","0.526829268","0.401633051",,"false","interacts with","KIF22 (interacts with) HLA-DRB3","0","Q14807","","P79483",""
"29.01992802519118","","interacts with","0","0.464231208","","CC2D1A (interacts with) TRAF6",,"0","1","1","1","0.526829268","0.401633148",,"false","interacts with","CC2D1A (interacts with) TRAF6","0","Q6P1N0","","Q9Y4K3",""
"5.333333333333333","","interacts with","0","0.476387088","","DOC2B (interacts with) SART1",,"0","0","0","1","0.551219512","0.401554664",,"false","interacts with","DOC2B (interacts with) SART1","0","Q14184","","O43290",""
"10.666666666666664","","interacts with","0","0.476387622","","C6orf118 (interacts with) DCDC2C",,"0","0","0","1","0.551219512","0.401555731",,"false","interacts with","C6orf118 (interacts with) DCDC2C","0","Q5T5N4","","A8MYV0",""
"9.9","","interacts with","0","0.476387513","","EFCAB9 (interacts with) ZNF547",,"0","0","0","1","0.551219512","0.401555514",,"false","interacts with","EFCAB9 (interacts with) ZNF547","0","A8MZ26","","Q8IVP9",""
"57.33333333333333","","interacts with","0","0.464231294","","OR52D1 (interacts with) TRAF6",,"0","1","1","1","0.526829268","0.401633319",,"false","interacts with","OR52D1 (interacts with) TRAF6","0","Q9H346","","Q9Y4K3",""
"8.166666666666668","","interacts with","0","0.476387488","","C6orf118 (interacts with) HRC",,"0","0","0","1","0.551219512","0.401555463",,"false","interacts with","C6orf118 (interacts with) HRC","0","Q5T5N4","","P23327",""
"9.376190476190477","","interacts with","0","0.464216028","","TPR (interacts with) SULT1A1",,"0","0","0","1","0.526829268","0.401602787",,"false","interacts with","TPR (interacts with) SULT1A1","0","P12270","","P50225",""
"8.640476190476189","","interacts with","0","0.476387324","","EFCAB9 (interacts with) SAMD15",,"0","0","0","1","0.551219512","0.401555135",,"false","interacts with","EFCAB9 (interacts with) SAMD15","0","A8MZ26","","Q9P1V8",""
"51.253467125612254","","interacts with","0","0.476426255","","COL5A2 (interacts with) CCNQ",,"1","0","1","1","0.551219512","0.401632997",,"false","interacts with","COL5A2 (interacts with) CCNQ","0","P05997","","Q8N1B3",""
"7.269047619047619","","interacts with","0","0.464192211","","EFCAB9 (interacts with) ZNF668",,"0","0","0","1","0.526829268","0.401555154",,"false","interacts with","EFCAB9 (interacts with) ZNF668","0","A8MZ26","","Q96K58",""
"8.333333333333332","","interacts with","0","0.469070204","","C6orf118 (interacts with) RUFY2",,"0","0","0","1","0.536585366","0.401555043",,"false","interacts with","C6orf118 (interacts with) RUFY2","0","Q5T5N4","","Q8WXA3",""
"51.0","","interacts with","0","0.469109238","","PODXL (interacts with) SOST",,"0","1","1","1","0.536585366","0.40163311",,"false","interacts with","PODXL (interacts with) SOST","0","O00592","","Q9BQB4",""
"10.333333333333334","","interacts with","0","0.464192344","","C6orf118 (interacts with) SYN1",,"0","0","0","1","0.526829268","0.40155542",,"false","interacts with","C6orf118 (interacts with) SYN1","0","Q5T5N4","","P17600",""
"18.866666666666667","","interacts with","0","0.461777003","","TPR (interacts with) ACP5",,"0","0","0","1","0.52195122","0.401602786",,"false","interacts with","TPR (interacts with) ACP5","0","P12270","","P13686",""
"9.333333333333332","","interacts with","0","0.476426274","","MIER2 (interacts with) SOBP",,"0","0","0","1","0.551219512","0.401633036",,"false","interacts with","MIER2 (interacts with) SOBP","0","Q8N344","","A7XYQ1",""
"814.556002331967","","interacts with","0","0.46425521","","COL5A3 (interacts with) TPTE2",,"1","0","1","1","0.526829268","0.401681151",,"false","interacts with","COL5A3 (interacts with) TPTE2","0","P25940","","Q6XPS3",""
"11.133333333333333","","interacts with","0","0.476387187","","FLYWCH1 (interacts with) SCAF4",,"0","0","0","1","0.551219512","0.401554862",,"false","interacts with","FLYWCH1 (interacts with) SCAF4","0","Q4VC44","","O95104",""
"10.320289855072463","","interacts with","0","0.461753062","","FLYWCH1 (interacts with) ELAC2",,"0","0","0","1","0.52195122","0.401554905",,"false","interacts with","FLYWCH1 (interacts with) ELAC2","0","Q4VC44","","Q9BQ52",""
"57.360074923537496","","interacts with","0","0.476426229","","COL3A1 (interacts with) AADACL4",,"1","0","1","1","0.551219512","0.401632945",,"false","interacts with","COL3A1 (interacts with) AADACL4","0","P02461","","Q5VUY2",""
"5.999999999999999","","interacts with","0","0.47642631","","KIF22 (interacts with) FRZB",,"0","0","0","1","0.551219512","0.401633107",,"false","interacts with","KIF22 (interacts with) FRZB","0","Q14807","","Q92765",""
"10.0","","interacts with","0","0.47638744","","C6orf118 (interacts with) SOX13",,"0","0","0","1","0.551219512","0.401555367",,"false","interacts with","C6orf118 (interacts with) SOX13","0","Q5T5N4","","Q9UN79",""
"12.0","","interacts with","0","0.464231288","","MAPK1 (interacts with) ZNF382",,"1","0","1","1","0.526829268","0.401633307",,"false","interacts with","MAPK1 (interacts with) ZNF382","0","P28482","","Q96SR6",""
"12.155555555555557","","interacts with","0","0.464216075","","TPR (interacts with) SULT1A4",,"0","0","0","1","0.526829268","0.401602881",,"false","interacts with","TPR (interacts with) SULT1A4","0","P12270","","P0DMN0",""
"7.499999999999999","","interacts with","0","0.469109396","","KIF22 (interacts with) SHISA2",,"0","0","0","1","0.536585366","0.401633426",,"false","interacts with","KIF22 (interacts with) SHISA2","0","Q14807","","Q6UWI4",""
"10.0","","interacts with","0","0.464192566","","C6orf118 (interacts with) ZNF185",,"0","0","0","1","0.526829268","0.401555864",,"false","interacts with","C6orf118 (interacts with) ZNF185","0","Q5T5N4","","O15231",""
"35.333646908646934","","interacts with","0","0.476387088","","REELD1 (interacts with) CGN",,"0","0","0","1","0.551219512","0.401554664",,"false","interacts with","REELD1 (interacts with) CGN","0","A0A1B0GV85","","Q9P2M7",""
"9.242647058823529","","interacts with","0","0.469070351","","PRKCSH (interacts with) RDH16",,"0","0","0","1","0.536585366","0.401555337",,"false","interacts with","PRKCSH (interacts with) RDH16","0","P14314","","O75452",""
"74.66666666666667","","interacts with","0","0.476426206","","COL3A1 (interacts with) ZNF565",,"1","0","1","1","0.551219512","0.4016329",,"false","interacts with","COL3A1 (interacts with) ZNF565","0","P02461","","Q8N9K5",""
"10.988253188253188","","interacts with","0","0.476387194","","FLYWCH1 (interacts with) TNMD",,"0","0","0","1","0.551219512","0.401554875",,"false","interacts with","FLYWCH1 (interacts with) TNMD","0","Q4VC44","","Q9H2S6",""
"7.708333333333334","","interacts with","0","0.461753361","","PRKCSH (interacts with) ST3GAL3",,"0","0","0","1","0.52195122","0.401555503",,"false","interacts with","PRKCSH (interacts with) ST3GAL3","0","P14314","","Q11203",""
"31.166980241980262","","interacts with","0","0.461777089","","REELD1 (interacts with) DCTN1",,"0","0","0","1","0.52195122","0.401602958",,"false","interacts with","REELD1 (interacts with) DCTN1","0","A0A1B0GV85","","Q14203",""
"42.33333333333333","","interacts with","0","0.47642631","","TNFSF11 (interacts with) CCDC183",,"1","0","1","1","0.551219512","0.401633107",,"false","interacts with","TNFSF11 (interacts with) CCDC183","0","O14788","","Q5T5S1",""
"5.0","","interacts with","0","0.476387361","","REELD1 (interacts with) FAM86B2",,"0","0","0","1","0.551219512","0.401555211",,"false","interacts with","REELD1 (interacts with) FAM86B2","0","A0A1B0GV85","","P0C5J1",""
"12.152380952380952","","interacts with","0","0.461777057","","TPR (interacts with) SKI",,"0","0","0","1","0.52195122","0.401602894",,"false","interacts with","TPR (interacts with) SKI","0","P12270","","P12755",""
"50.50000000000001","","interacts with","0","0.476426271","","TP53 (interacts with) KIF22",,"1","0","1","1","0.551219512","0.401633029",,"false","interacts with","TP53 (interacts with) KIF22","0","P04637","","Q14807",""
"10.107516339869282","","interacts with","0","0.469070161","","PRKCSH (interacts with) SCAF4",,"0","0","0","1","0.536585366","0.401554956",,"false","interacts with","PRKCSH (interacts with) SCAF4","0","P14314","","O95104",""
"10.5","","interacts with","0","0.622752907","","RNF112 (interacts with) DCTN1",,"0","0","0","1","0.843902439","0.401603374",,"false","interacts with","RNF112 (interacts with) DCTN1","0","Q9ULX5","","Q14203",""
"16.599999999999998","","interacts with","0","0.461777084","","TPR (interacts with) ATP2C2",,"0","0","0","1","0.52195122","0.401602949",,"false","interacts with","TPR (interacts with) ATP2C2","0","P12270","","O75185",""
"68.0","","interacts with","0","0.476426326","","RELA (interacts with) OR14C36",,"1","0","1","1","0.551219512","0.401633139",,"false","interacts with","RELA (interacts with) OR14C36","0","Q04206","","Q8NHC7",""
"9.230952380952381","","interacts with","0","0.464192141","","EFCAB9 (interacts with) NVL",,"0","0","0","1","0.526829268","0.401555013",,"false","interacts with","EFCAB9 (interacts with) NVL","0","A8MZ26","","O15381",""
"10.333333333333332","","interacts with","0","0.476387204","","C6orf118 (interacts with) SOBP",,"0","0","0","1","0.551219512","0.401554895",,"false","interacts with","C6orf118 (interacts with) SOBP","0","Q5T5N4","","A7XYQ1",""
"57.59791157005671","","interacts with","0","0.464231236","","KIAA0513 (interacts with) COL5A2",,"0","1","1","1","0.526829268","0.401633203",,"false","interacts with","KIAA0513 (interacts with) COL5A2","0","O60268","","P05997",""
"10.666666666666664","","interacts with","0","0.476387168","","C6orf118 (interacts with) SART1",,"0","0","0","1","0.551219512","0.401554823",,"false","interacts with","C6orf118 (interacts with) SART1","0","Q5T5N4","","O43290",""
"9.732400520016617","","interacts with","0","0.464192294","","EFCAB9 (interacts with) TRIM55",,"0","0","0","1","0.526829268","0.401555319",,"false","interacts with","EFCAB9 (interacts with) TRIM55","0","A8MZ26","","Q9BYV6",""
"56.0","","interacts with","0","0.476426262","","SAA1 (interacts with) SOST",,"0","1","1","1","0.551219512","0.401633011",,"false","interacts with","SAA1 (interacts with) SOST","0","P0DJI8","","Q9BQB4",""
"27.243170718170735","","interacts with","0","0.46175335","","REELD1 (interacts with) RNF112",,"0","0","0","1","0.52195122","0.40155548",,"false","interacts with","REELD1 (interacts with) RNF112","0","A0A1B0GV85","","Q9ULX5",""
"11.58333333333333","","interacts with","0","0.476387214","","EFCAB9 (interacts with) PMS2",,"0","0","0","1","0.551219512","0.401554915",,"false","interacts with","EFCAB9 (interacts with) PMS2","0","A8MZ26","","P54278",""
"26.976504051504072","","interacts with","0","0.476387398","","REELD1 (interacts with) GCKR",,"0","0","0","1","0.551219512","0.401555284",,"false","interacts with","REELD1 (interacts with) GCKR","0","A0A1B0GV85","","Q14397",""
"43.16666666666668","","interacts with","0","0.476426189","","TNFSF11 (interacts with) SART1",,"1","0","1","1","0.551219512","0.401632865",,"false","interacts with","TNFSF11 (interacts with) SART1","0","O14788","","O43290",""
"7.55","","interacts with","0","0.464192475","","EFCAB9 (interacts with) MAGEB6B",,"0","0","0","1","0.526829268","0.401555681",,"false","interacts with","EFCAB9 (interacts with) MAGEB6B","0","A8MZ26","","A0A0J9YX57",""
"79.80886335886332","","interacts with","0","0.476387197","","REELD1 (interacts with) SLC48A1",,"0","0","0","1","0.551219512","0.401554882",,"false","interacts with","REELD1 (interacts with) SLC48A1","0","A0A1B0GV85","","Q6P1K1",""
"76.0","","interacts with","0","0.47642632","","SPP1 (interacts with) ODAD1",,"1","0","1","1","0.551219512","0.401633128",,"false","interacts with","SPP1 (interacts with) ODAD1","0","P10451","","Q96M63",""
"10.707142857142854","","interacts with","0","0.464192121","","EFCAB9 (interacts with) PHC2",,"0","0","0","1","0.526829268","0.401554973",,"false","interacts with","EFCAB9 (interacts with) PHC2","0","A8MZ26","","Q8IXK0",""
"0.0","","interacts with","0","0.677821383","","MYC (interacts with) MYC",,"1","1","1","1","0.946341463","0.409301303",,"false","interacts with","MYC (interacts with) MYC","0","P01106","","P01106",""
"11.685714285714285","","interacts with","0","0.461777081","","TPR (interacts with) SYT9",,"0","0","0","1","0.52195122","0.401602943",,"false","interacts with","TPR (interacts with) SYT9","0","P12270","","Q86SS6",""
"18.166666666666668","","interacts with","0","0.461777097","","TPR (interacts with) SH3D19",,"0","0","0","1","0.52195122","0.401602975",,"false","interacts with","TPR (interacts with) SH3D19","0","P12270","","Q5HYK7",""
"200.97776588668464","","interacts with","0","0.461816273","","CTSK (interacts with) DSG2",,"1","0","1","1","0.52195122","0.401681326",,"false","interacts with","CTSK (interacts with) DSG2","0","P43235","","Q14126",""
"4.9","","interacts with","0","0.46419219","","SLC50A1 (interacts with) FAAP100",,"0","0","0","1","0.526829268","0.401555112",,"false","interacts with","SLC50A1 (interacts with) FAAP100","0","Q9BRV3","","Q0VG06",""
"50.744921744921754","","interacts with","0","0.461753258","","SLC50A1 (interacts with) RBM25",,"0","0","0","1","0.52195122","0.401555297",,"false","interacts with","SLC50A1 (interacts with) RBM25","0","Q9BRV3","","P49756",""
"37.107983687108245","","interacts with","0","0.476426203","","COL5A2 (interacts with) TRMT1",,"1","0","1","1","0.551219512","0.401632893",,"false","interacts with","COL5A2 (interacts with) TRMT1","0","P05997","","Q9NXH9",""
"9.785025062656642","","interacts with","0","0.476387149","","TRIM23 (interacts with) RCN1",,"0","0","0","1","0.551219512","0.401554785",,"false","interacts with","TRIM23 (interacts with) RCN1","0","P36406","","Q15293",""
"13.704761904761904","","interacts with","0","0.464216193","","TPR (interacts with) ASXL2",,"0","0","0","1","0.526829268","0.401603117",,"false","interacts with","TPR (interacts with) ASXL2","0","P12270","","Q76L83",""
"12.096929824561403","","interacts with","0","0.476387202","","TRIM23 (interacts with) B3GNT3",,"0","0","0","1","0.551219512","0.401554892",,"false","interacts with","TRIM23 (interacts with) B3GNT3","0","P36406","","Q9Y2A9",""
"64.15","","interacts with","0","0.476426193","","AHRR (interacts with) COL5A2",,"0","1","1","1","0.551219512","0.401632874",,"false","interacts with","AHRR (interacts with) COL5A2","0","A9YTQ3","","P05997",""
"4.333333333333334","","interacts with","0","0.476387199","","TAF4B (interacts with) SMAGP",,"0","0","0","1","0.551219512","0.401554886",,"false","interacts with","TAF4B (interacts with) SMAGP","0","Q92750","","Q0VAQ4",""
"241.40983738483732","","interacts with","0","0.593460866","","RNF112 (interacts with) TARDBP",,"0","0","0","1","0.785365854","0.401555878",,"false","interacts with","RNF112 (interacts with) TARDBP","0","Q9ULX5","","Q13148",""
"52.0","","interacts with","0","0.476426326","","GOLGA6C (interacts with) BMP2",,"0","1","1","1","0.551219512","0.40163314",,"false","interacts with","GOLGA6C (interacts with) BMP2","0","A6NDK9","","P12643",""
"5.333333333333333","","interacts with","0","0.476387246","","TAF4B (interacts with) H2BC18",,"0","0","0","1","0.551219512","0.40155498",,"false","interacts with","TAF4B (interacts with) H2BC18","0","Q92750","","Q5QNW6",""
"8.709313725490196","","interacts with","0","0.464192179","","PRKCSH (interacts with) TNMD",,"0","0","0","1","0.526829268","0.40155509",,"false","interacts with","PRKCSH (interacts with) TNMD","0","P14314","","Q9H2S6",""
"10.988871216502794","","interacts with","0","0.469070253","","TRIM23 (interacts with) NKAIN1",,"0","0","0","1","0.536585366","0.40155514",,"false","interacts with","TRIM23 (interacts with) NKAIN1","0","P36406","","Q4KMZ8",""
"15.9","","interacts with","0","0.461777073","","TPR (interacts with) BTBD16",,"0","0","0","1","0.52195122","0.401602927",,"false","interacts with","TPR (interacts with) BTBD16","0","P12270","","Q32M84",""
"59.5100749235375","","interacts with","0","0.476426206","","IQCM (interacts with) COL3A1",,"0","1","1","1","0.551219512","0.4016329",,"false","interacts with","IQCM (interacts with) COL3A1","0","A0A1B0GVH7","","P02461",""
"26.806796842048247","","interacts with","0","0.461777189","","PRKCSH (interacts with) SMC1B",,"0","0","0","1","0.52195122","0.401603159",,"false","interacts with","PRKCSH (interacts with) SMC1B","0","P14314","","Q8NDV3",""
"13.019047619047619","","interacts with","0","0.461777062","","TPR (interacts with) ZMYM5",,"0","0","0","1","0.52195122","0.401602905",,"false","interacts with","TPR (interacts with) ZMYM5","0","P12270","","Q9UJ78",""
"10.66666666666667","","interacts with","0","0.476426237","","MAPK14 (interacts with) RASEF",,"1","0","1","1","0.551219512","0.401632961",,"false","interacts with","MAPK14 (interacts with) RASEF","0","Q16539","","Q8IZ41",""
"4.0","","interacts with","0","0.464192195","","TAF4B (interacts with) ZFAND5",,"0","0","0","1","0.526829268","0.401555121",,"false","interacts with","TAF4B (interacts with) ZFAND5","0","Q92750","","O76080",""
"52.0","","interacts with","0","0.461816179","","SRC (interacts with) ARID5B",,"1","0","1","1","0.52195122","0.401681138",,"false","interacts with","SRC (interacts with) ARID5B","0","P12931","","Q14865",""
"14.066666666666665","","interacts with","0","0.461777084","","TPR (interacts with) TC2N",,"0","0","0","1","0.52195122","0.401602948",,"false","interacts with","TPR (interacts with) TC2N","0","P12270","","Q8N9U0",""
"42.96666666666668","","interacts with","0","0.476426246","","COL1A2 (interacts with) GID4",,"1","0","1","1","0.551219512","0.40163298",,"false","interacts with","COL1A2 (interacts with) GID4","0","P08123","","Q8IVV7",""
"18.16666666666667","","interacts with","0","0.461777099","","TPR (interacts with) FAM83C",,"0","0","0","1","0.52195122","0.401602978",,"false","interacts with","TPR (interacts with) FAM83C","0","P12270","","Q9BQN1",""
"60.1","","interacts with","0","0.476426385","","COL3A1 (interacts with) EPB41L5",,"1","0","1","1","0.551219512","0.401633257",,"false","interacts with","COL3A1 (interacts with) EPB41L5","0","P02461","","Q9HCM4",""
"20.500000000000004","","interacts with","0","0.461777103","","TPR (interacts with) NMUR1",,"0","0","0","1","0.52195122","0.401602986",,"false","interacts with","TPR (interacts with) NMUR1","0","P12270","","Q9HB89",""
"39.980630826811456","","interacts with","0","0.464216058","","ALDH6A1 (interacts with) BDP1",,"0","0","0","1","0.526829268","0.401602848",,"false","interacts with","ALDH6A1 (interacts with) BDP1","0","Q02252","","A6H8Y1",""
"9.725000000000001","","interacts with","0","0.464192048","","TRIM23 (interacts with) TRIM59",,"0","0","0","1","0.526829268","0.401554828",,"false","interacts with","TRIM23 (interacts with) TRIM59","0","P36406","","Q8IWR1",""
"17.499999999999993","","interacts with","0","0.46177712","","TPR (interacts with) PARP3",,"0","0","0","1","0.52195122","0.40160302",,"false","interacts with","TPR (interacts with) PARP3","0","P12270","","Q9Y6F1",""
"64.0","","interacts with","0","0.464231204","","TNFSF11 (interacts with) ZNF829",,"1","0","1","1","0.526829268","0.40163314",,"false","interacts with","TNFSF11 (interacts with) ZNF829","0","O14788","","Q3KNS6",""
"75.37652219484794","","interacts with","0","0.461777035","","ALDH6A1 (interacts with) BOD1L1",,"0","0","0","1","0.52195122","0.40160285",,"false","interacts with","ALDH6A1 (interacts with) BOD1L1","0","Q02252","","Q8NFC6",""
"11.131128958760534","","interacts with","0","0.464192157","","TRIM23 (interacts with) THRB",,"0","0","0","1","0.526829268","0.401555045",,"false","interacts with","TRIM23 (interacts with) THRB","0","P36406","","P10828",""
"17.499999999999993","","interacts with","0","0.461777145","","TPR (interacts with) MFSD4A",,"0","0","0","1","0.52195122","0.40160307",,"false","interacts with","TPR (interacts with) MFSD4A","0","P12270","","Q8N468",""
"32.333333333333336","","interacts with","0","0.476426197","","TNFSF11 (interacts with) ARMC2",,"1","0","1","1","0.551219512","0.401632882",,"false","interacts with","TNFSF11 (interacts with) ARMC2","0","O14788","","Q8NEN0",""
"12.233333333333334","","interacts with","0","0.464216133","","TPR (interacts with) NXPH1",,"0","0","0","1","0.526829268","0.401602998",,"false","interacts with","TPR (interacts with) NXPH1","0","P12270","","P58417",""
"10.939786967418547","","interacts with","0","0.469069992","","TRIM23 (interacts with) AICDA",,"0","0","0","1","0.536585366","0.401554618",,"false","interacts with","TRIM23 (interacts with) AICDA","0","P36406","","Q9GZX7",""
"76.33155080213905","","interacts with","0","0.476426374","","OR51A2 (interacts with) TRAF6",,"0","1","1","1","0.551219512","0.401633235",,"false","interacts with","OR51A2 (interacts with) TRAF6","0","Q8NGJ7","","Q9Y4K3",""
"15.621428571428568","","interacts with","0","0.464255298","","REST (interacts with) TIMP4",,"0","0","0","1","0.526829268","0.401681327",,"false","interacts with","REST (interacts with) TIMP4","0","Q13127","","Q99727",""
"10.727723475355052","","interacts with","0","0.461752918","","TRIM23 (interacts with) CKMT1B",,"0","0","0","1","0.52195122","0.401554617",,"false","interacts with","TRIM23 (interacts with) CKMT1B","0","P36406","","P12532",""
"133.8047619047619","","interacts with","0","0.476426171","","COL1A1 (interacts with) REEP4",,"1","0","1","1","0.551219512","0.401632829",,"false","interacts with","COL1A1 (interacts with) REEP4","0","P02452","","Q9H6H4",""
"20.333333333333332","","interacts with","0","0.461777088","","TPR (interacts with) RIOX2",,"0","0","0","1","0.52195122","0.401602957",,"false","interacts with","TPR (interacts with) RIOX2","0","P12270","","Q8IUF8",""
"54.58333333333333","","interacts with","0","0.573823456","","REST (interacts with) EIF2S1",,"0","0","0","1","0.746341463","0.401305449",,"false","interacts with","REST (interacts with) EIF2S1","0","Q13127","","P05198",""
"17.97153299916457","","interacts with","0","0.476387129","","TRIM23 (interacts with) IL34",,"0","0","0","1","0.551219512","0.401554747",,"false","interacts with","TRIM23 (interacts with) IL34","0","P36406","","Q6ZMJ4",""
"16.333333333333332","","interacts with","0","0.4764263","","SRC (interacts with) RAD54B",,"1","0","1","1","0.551219512","0.401633087",,"false","interacts with","SRC (interacts with) RAD54B","0","P12931","","Q9Y620",""
"29.547214331026527","","interacts with","0","0.461777042","","TRIM23 (interacts with) BDP1",,"0","0","0","1","0.52195122","0.401602864",,"false","interacts with","TRIM23 (interacts with) BDP1","0","P36406","","A6H8Y1",""
"101.36874783470518","","interacts with","0","0.461777022","","TRIM23 (interacts with) BOD1L1",,"0","0","0","1","0.52195122","0.401602825",,"false","interacts with","TRIM23 (interacts with) BOD1L1","0","P36406","","Q8NFC6",""
"21.66666666666666","","interacts with","0","0.461777073","","TPR (interacts with) RIOK3",,"0","0","0","1","0.52195122","0.401602926",,"false","interacts with","TPR (interacts with) RIOK3","0","P12270","","O14730",""
"29.0","","interacts with","0","0.476426255","","BMP2 (interacts with) ZNF165",,"1","0","1","1","0.551219512","0.401632997",,"false","interacts with","BMP2 (interacts with) ZNF165","0","P12643","","P49910",""
"11.302088554720134","","interacts with","0","0.476387186","","TRIM23 (interacts with) MYLK3",,"0","0","0","1","0.551219512","0.401554861",,"false","interacts with","TRIM23 (interacts with) MYLK3","0","P36406","","Q32MK0",""
"70.22402971547615","","interacts with","0","0.476426288","","COL3A1 (interacts with) UEVLD",,"1","0","1","1","0.551219512","0.401633063",,"false","interacts with","COL3A1 (interacts with) UEVLD","0","P02461","","Q8IX04",""
"23.121929824561395","","interacts with","0","0.476387161","","TRIM23 (interacts with) CADM4",,"0","0","0","1","0.551219512","0.401554809",,"false","interacts with","TRIM23 (interacts with) CADM4","0","P36406","","Q8NFZ8",""
"9.339462292093872","","interacts with","0","0.476387116","","TRIM23 (interacts with) SYPL1",,"0","0","0","1","0.551219512","0.40155472",,"false","interacts with","TRIM23 (interacts with) SYPL1","0","P36406","","Q16563",""
"120.53333333333335","","interacts with","0","0.476426163","","COL5A3 (interacts with) CENPL",,"1","0","1","1","0.551219512","0.401632814",,"false","interacts with","COL5A3 (interacts with) CENPL","0","P25940","","Q8N0S6",""
"17.66666666666667","","interacts with","0","0.461777077","","TPR (interacts with) TIGD4",,"0","0","0","1","0.52195122","0.401602935",,"false","interacts with","TPR (interacts with) TIGD4","0","P12270","","Q8IY51",""
"22.530263157894733","","interacts with","0","0.476387049","","TRIM23 (interacts with) DAPP1",,"0","0","0","1","0.551219512","0.401554587",,"false","interacts with","TRIM23 (interacts with) DAPP1","0","P36406","","Q9UN19",""
"193.53614718614716","","interacts with","0","0.560808582","","GPANK1 (interacts with) CEACAM6",,"0","0","0","1","0.72195122","0.399665944",,"false","interacts with","GPANK1 (interacts with) CEACAM6","0","O95872","","P40199",""
"11.333333333333334","","interacts with","0","0.476426299","","LIG1 (interacts with) AKT1",,"0","1","1","1","0.551219512","0.401633085",,"false","interacts with","LIG1 (interacts with) AKT1","0","P18858","","P31749",""
"9.206453634085213","","interacts with","0","0.476387101","","TRIM23 (interacts with) CEACAM21",,"0","0","0","1","0.551219512","0.401554689",,"false","interacts with","TRIM23 (interacts with) CEACAM21","0","P36406","","Q3KPI0",""
"7.499999999999999","","interacts with","0","0.469070169","","PGA3 (interacts with) ZNF629",,"0","0","0","1","0.536585366","0.401554971",,"false","interacts with","PGA3 (interacts with) ZNF629","0","P0DJD8","","Q9UEG4",""
"10.278748006379583","","interacts with","0","0.476387306","","TRIM23 (interacts with) MAPK1IP1L",,"0","0","0","1","0.551219512","0.4015551",,"false","interacts with","TRIM23 (interacts with) MAPK1IP1L","0","P36406","","Q8NDC0",""
"253.65858585858587","","interacts with","0","0.476426374","","COL1A1 (interacts with) ACOT4",,"1","0","1","1","0.551219512","0.401633235",,"false","interacts with","COL1A1 (interacts with) ACOT4","0","P02452","","Q8N9L9",""
"16.0","","interacts with","0","0.464192139","","TRIT1 (interacts with) GOLGA3",,"0","0","0","1","0.526829268","0.401555009",,"false","interacts with","TRIT1 (interacts with) GOLGA3","0","Q9H3H1","","Q08378",""
"44.10285304903372","","interacts with","0","0.464216228","","AKR1B1 (interacts with) BDP1",,"0","0","0","1","0.526829268","0.401603188",,"false","interacts with","AKR1B1 (interacts with) BDP1","0","P15121","","A6H8Y1",""
"15.738095238095239","","interacts with","0","0.464192393","","TRIM23 (interacts with) UBA2",,"0","0","0","1","0.526829268","0.401555518",,"false","interacts with","TRIM23 (interacts with) UBA2","0","P36406","","Q9UBT2",""
"137.64908424908413","","interacts with","0","0.571416554","","SCO1 (interacts with) LETM1",,"0","0","0","1","0.741463415","0.401369694",,"false","interacts with","SCO1 (interacts with) LETM1","0","O75880","","O95202",""
"62.0","","interacts with","0","0.461792175","","TP53 (interacts with) HSP90AA2P",,"1","0","1","1","0.52195122","0.401633131",,"false","interacts with","TP53 (interacts with) HSP90AA2P","0","P04637","","Q14568",""
"80.9431888615146","","interacts with","0","0.464216144","","AKR1B1 (interacts with) BOD1L1",,"0","0","0","1","0.526829268","0.401603019",,"false","interacts with","AKR1B1 (interacts with) BOD1L1","0","P15121","","Q8NFC6",""
"5.0","","interacts with","0","0.469070176","","AKR1B1 (interacts with) NBPF6",,"0","0","0","1","0.536585366","0.401554986",,"false","interacts with","AKR1B1 (interacts with) NBPF6","0","P15121","","Q5VWK0",""
"15.666666666666666","","interacts with","0","0.476426247","","JUN (interacts with) TAF4B",,"1","0","1","1","0.551219512","0.401632981",,"false","interacts with","JUN (interacts with) TAF4B","0","P05412","","Q92750",""
"10.266843244474824","","interacts with","0","0.464191977","","TRIM23 (interacts with) CALHM2",,"0","0","0","1","0.526829268","0.401554686",,"false","interacts with","TRIM23 (interacts with) CALHM2","0","P36406","","Q9HA72",""
"20.666666666666668","","interacts with","0","0.461777073","","TPR (interacts with) TBKBP1",,"0","0","0","1","0.52195122","0.401602927",,"false","interacts with","TPR (interacts with) TBKBP1","0","P12270","","A7MCY6",""
"11.653846153846155","","interacts with","0","0.461777215","","IGHV4-39 (interacts with) CCDC7",,"0","0","0","1","0.52195122","0.40160321",,"false","interacts with","IGHV4-39 (interacts with) CCDC7","0","P01824","","Q96M83",""
"30.271929824561404","","interacts with","0","0.464192014","","TRIM23 (interacts with) HDHD5",,"0","0","0","1","0.526829268","0.401554759",,"false","interacts with","TRIM23 (interacts with) HDHD5","0","P36406","","Q9BXW7",""
"50.0","","interacts with","0","0.476426311",""," (interacts with) SOST",,"0","1","1","1","0.551219512","0.401633111",,"false","interacts with"," (interacts with) SOST","0","Q6ZVL8","","Q9BQB4",""
"6.153246753246753","","interacts with","0","0.464216142","","TPR (interacts with) IL16",,"0","0","0","1","0.526829268","0.401603015",,"false","interacts with","TPR (interacts with) IL16","0","P12270","","Q14005",""
"24.0","","interacts with","0","0.56406809","","CTDNEP1 (interacts with) TLR5",,"0","0","0","1","0.726829268","0.401306912",,"false","interacts with","CTDNEP1 (interacts with) TLR5","0","O95476","","O60602",""
"9.401266986049594","","interacts with","0","0.476387154","","FLYWCH1 (interacts with) AADACL4",,"0","0","0","1","0.551219512","0.401554797",,"false","interacts with","FLYWCH1 (interacts with) AADACL4","0","Q4VC44","","Q5VUY2",""
"6.366666666666667","","interacts with","0","0.469070075","","MARCHF7 (interacts with) ZFP57",,"0","0","0","1","0.536585366","0.401554783",,"false","interacts with","MARCHF7 (interacts with) ZFP57","0","Q9H992","","Q9NU63",""
"168.0","","interacts with","0","0.476426189","","COL5A3 (interacts with) FBXO47",,"1","0","1","1","0.551219512","0.401632866",,"false","interacts with","COL5A3 (interacts with) FBXO47","0","P25940","","Q5MNV8",""
"75.07983682983684","","interacts with","0","0.476387168","","CHCT1 (interacts with) PHACTR2",,"0","0","0","1","0.551219512","0.401554823",,"false","interacts with","CHCT1 (interacts with) PHACTR2","0","Q86WR6","","O75167",""
"5.45","","interacts with","0","0.461753419","","MARCHF7 (interacts with) CYP26B1",,"0","0","0","1","0.52195122","0.401555619",,"false","interacts with","MARCHF7 (interacts with) CYP26B1","0","Q9H992","","Q9NR63",""
"7.716666666666666","","interacts with","0","0.46419217","","PSMD12 (interacts with) GID4",,"0","0","0","1","0.526829268","0.401555072",,"false","interacts with","PSMD12 (interacts with) GID4","0","O00232","","Q8IVV7",""
"12.0","","interacts with","0","0.476426267","","JUN (interacts with) MRPS6",,"1","0","1","1","0.551219512","0.401633022",,"false","interacts with","JUN (interacts with) MRPS6","0","P05412","","P82932",""
"13.9","","interacts with","0","0.476387488","","CHCT1 (interacts with) TRAV6",,"0","0","0","1","0.551219512","0.401555464",,"false","interacts with","CHCT1 (interacts with) TRAV6","0","Q86WR6","","A0A075B6T7",""
"7.488888888888888","","interacts with","0","0.476387439","","PSMD12 (interacts with) ADORA3",,"0","0","0","1","0.551219512","0.401555367",,"false","interacts with","PSMD12 (interacts with) ADORA3","0","O00232","","P0DMS8",""
"74.44841269841271","","interacts with","0","0.476387752","","CHCT1 (interacts with) TDGF1",,"0","0","0","1","0.551219512","0.401555992",,"false","interacts with","CHCT1 (interacts with) TDGF1","0","Q86WR6","","P13385",""
"48.165762975653514","","interacts with","0","0.476426234","","COL5A2 (interacts with) CKMT1B",,"1","0","1","1","0.551219512","0.401632957",,"false","interacts with","COL5A2 (interacts with) CKMT1B","0","P05997","","P12532",""
"13.133333333333336","","interacts with","0","0.46177703","","TPR (interacts with) ARHGAP28",,"0","0","0","1","0.52195122","0.401602841",,"false","interacts with","TPR (interacts with) ARHGAP28","0","P12270","","Q9P2N2",""
"6.4523809523809526","","interacts with","0","0.464192291","","PSMD12 (interacts with) GTF2H1",,"0","0","0","1","0.526829268","0.401555314",,"false","interacts with","PSMD12 (interacts with) GTF2H1","0","O00232","","P32780",""
"16.769047619047615","","interacts with","0","0.464192554","","CHCT1 (interacts with) SYT14P1",,"0","0","0","1","0.526829268","0.401555839",,"false","interacts with","CHCT1 (interacts with) SYT14P1","0","Q86WR6","","Q58G82",""
"26.999999999999996","","interacts with","0","0.461777031","","TPR (interacts with) NCAPH",,"0","0","0","1","0.52195122","0.401602843",,"false","interacts with","TPR (interacts with) NCAPH","0","P12270","","Q15003",""
"54.0","","interacts with","0","0.476426191","","TNFSF11 (interacts with) KCNA5",,"1","0","1","1","0.551219512","0.40163287",,"false","interacts with","TNFSF11 (interacts with) KCNA5","0","O14788","","P22460",""
"9.215873015873015","","interacts with","0","0.4763872","","PSMD12 (interacts with) PPP2CB",,"0","0","0","1","0.551219512","0.401554887",,"false","interacts with","PSMD12 (interacts with) PPP2CB","0","O00232","","P62714",""
"5.116666666666667","","interacts with","0","0.461753134","","MARCHF7 (interacts with) RASGEF1A",,"0","0","0","1","0.52195122","0.401555049",,"false","interacts with","MARCHF7 (interacts with) RASGEF1A","0","Q9H992","","Q8N9B8",""
"9.319823597455176","","interacts with","0","0.476387064","","TRIM23 (interacts with) ST8SIA4",,"0","0","0","1","0.551219512","0.401554616",,"false","interacts with","TRIM23 (interacts with) ST8SIA4","0","P36406","","Q92187",""
"7.9714285714285715","","interacts with","0","0.469070287","","MARCHF7 (interacts with) AICDA",,"0","0","0","1","0.536585366","0.401555208",,"false","interacts with","MARCHF7 (interacts with) AICDA","0","Q9H992","","Q9GZX7",""
"7.653846153846153","","interacts with","0","0.461777207","","PGA3 (interacts with) ZNF638",,"0","0","0","1","0.52195122","0.401603194",,"false","interacts with","PGA3 (interacts with) ZNF638","0","P0DJD8","","Q14966",""
"39.38063082681147","","interacts with","0","0.461777016","","MARCHF7 (interacts with) BDP1",,"0","0","0","1","0.52195122","0.401602812",,"false","interacts with","MARCHF7 (interacts with) BDP1","0","Q9H992","","A6H8Y1",""
"4.0","","interacts with","0","0.476426159","","CSF1R (interacts with) ABCC11",,"1","0","1","1","0.551219512","0.401632806",,"false","interacts with","CSF1R (interacts with) ABCC11","0","P07333","","Q96J66",""
"16.435714285714283","","interacts with","0","0.464193267","","CHCT1 (interacts with) PRELID2",,"0","0","0","1","0.526829268","0.401557267",,"false","interacts with","CHCT1 (interacts with) PRELID2","0","Q86WR6","","Q8N945",""
"74.37652219484795","","interacts with","0","0.461777016","","MARCHF7 (interacts with) BOD1L1",,"0","0","0","1","0.52195122","0.401602812",,"false","interacts with","MARCHF7 (interacts with) BOD1L1","0","Q9H992","","Q8NFC6",""
"10.500000000000002","","interacts with","0","0.476426197","","PCCA (interacts with) AKT1",,"0","1","1","1","0.551219512","0.401632881",,"false","interacts with","PCCA (interacts with) AKT1","0","P05165","","P31749",""
"8.333333333333334","","interacts with","0","0.461753156","","CHCT1 (interacts with) SFRP2",,"0","0","0","1","0.52195122","0.401555093",,"false","interacts with","CHCT1 (interacts with) SFRP2","0","Q86WR6","","Q96HF1",""
"5.385714285714287","","interacts with","0","0.46175312","","MARCHF7 (interacts with) THRB",,"0","0","0","1","0.52195122","0.40155502",,"false","interacts with","MARCHF7 (interacts with) THRB","0","Q9H992","","P10828",""
"12.876984126984125","","interacts with","0","0.469070245","","CHCT1 (interacts with) FAM237B",,"0","0","0","1","0.536585366","0.401555124",,"false","interacts with","CHCT1 (interacts with) FAM237B","0","Q86WR6","","A0A1B0GVD1",""
"23.666666666666664","","interacts with","0","0.47642621","","PGR (interacts with) PROS1",,"1","0","1","1","0.551219512","0.401632909",,"false","interacts with","PGR (interacts with) PROS1","0","P06401","","P07225",""
"4.800000000000001","","interacts with","0","0.461753431","","MARCHF7 (interacts with) TCP11X2",,"0","0","0","1","0.52195122","0.401555643",,"false","interacts with","MARCHF7 (interacts with) TCP11X2","0","Q9H992","","Q5H9J9",""
"9.757142857142856","","interacts with","0","0.464216042","","QRICH2 (interacts with) PWWP3A",,"0","0","0","1","0.526829268","0.401602815",,"false","interacts with","QRICH2 (interacts with) PWWP3A","0","Q9H0J4","","Q2TAK8",""
"35.12168266516092","","interacts with","0","0.476387148","","MYH16 (interacts with) CD72",,"0","0","0","1","0.551219512","0.401554783",,"false","interacts with","MYH16 (interacts with) CD72","0","Q9H6N6","","P21854",""
"195.52622252647015","","interacts with","0","0.46177705","","QRICH2 (interacts with) TRIM37",,"0","0","0","1","0.52195122","0.40160288",,"false","interacts with","QRICH2 (interacts with) TRIM37","0","Q9H0J4","","O94972",""
"27.33333333333332","","interacts with","0","0.476426204","","IGHV4-38-2 (interacts with) BMP2",,"0","1","1","1","0.551219512","0.401632896",,"false","interacts with","IGHV4-38-2 (interacts with) BMP2","0","P0DP08","","P12643",""
"6.0","","interacts with","0","0.476387236","","BMP2K (interacts with) USP29",,"0","0","0","1","0.551219512","0.401554961",,"false","interacts with","BMP2K (interacts with) USP29","0","Q9NSY1","","Q9HBJ7",""
"13.404541657173233","","interacts with","0","0.47638719","","ELAVL3 (interacts with) SAMD15",,"0","0","0","1","0.551219512","0.401554868",,"false","interacts with","ELAVL3 (interacts with) SAMD15","0","Q14576","","Q9P1V8",""
"26.640947940947942","","interacts with","0","0.464216061","","QRICH2 (interacts with) EPM2AIP1",,"0","0","0","1","0.526829268","0.401602854",,"false","interacts with","QRICH2 (interacts with) EPM2AIP1","0","Q9H0J4","","Q7L775",""
"121.91847421584269","","interacts with","0","0.476426241","","BCL2 (interacts with) MVD",,"1","0","1","1","0.551219512","0.401632969",,"false","interacts with","BCL2 (interacts with) MVD","0","P10415","","P53602",""
"8.233333333333334","","interacts with","0","0.476387233","","ELAVL3 (interacts with) ZNF668",,"0","0","0","1","0.551219512","0.401554954",,"false","interacts with","ELAVL3 (interacts with) ZNF668","0","Q14576","","Q96K58",""
"4.0","","interacts with","0","0.464192179","","C1QL2 (interacts with) KRTAP8-1",,"0","0","0","1","0.526829268","0.401555089",,"false","interacts with","C1QL2 (interacts with) KRTAP8-1","0","Q7Z5L3","","Q8IUC2",""
"42.056834520131055","","interacts with","0","0.476426377","","OR51M1 (interacts with) TRAF6",,"0","1","1","1","0.551219512","0.401633243",,"false","interacts with","OR51M1 (interacts with) TRAF6","0","Q9H341","","Q9Y4K3",""
"56.0","","interacts with","0","0.559199086","","COX6B2 (interacts with) PROP1",,"0","0","0","1","0.717073171","0.401325001","0.075382803","false","interacts with","COX6B2 (interacts with) PROP1","1","Q6YFQ2","","O75360",""
"6.0","","interacts with","0","0.476387065","","C1QL2 (interacts with) CCSER1",,"0","0","0","1","0.551219512","0.401554618",,"false","interacts with","C1QL2 (interacts with) CCSER1","0","Q7Z5L3","","Q9C0I3",""
"226.00597180597177","","interacts with","0","0.47642636","","COL1A1 (interacts with) TRIP10",,"1","0","1","1","0.551219512","0.401633208",,"false","interacts with","COL1A1 (interacts with) TRIP10","0","P02452","","Q15642",""
"32.07889654459004","","interacts with","0","0.476387144","","MYH16 (interacts with) PRSS8",,"0","0","0","1","0.551219512","0.401554775",,"false","interacts with","MYH16 (interacts with) PRSS8","0","Q9H6N6","","Q16651",""
"14.003246753246755","","interacts with","0","0.476426341","","FGF10 (interacts with) ATXN7L1",,"0","0","0","1","0.551219512","0.401633169",,"false","interacts with","FGF10 (interacts with) ATXN7L1","0","O15520","","Q9ULK2",""
"18.460131288721946","","interacts with","0","0.476387151","","ELAVL3 (interacts with) CC2D1A",,"0","0","0","1","0.551219512","0.40155479",,"false","interacts with","ELAVL3 (interacts with) CC2D1A","0","Q14576","","Q6P1N0",""
"2.0","","interacts with","0","0.464192036","","FAM219B (interacts with) POLR2M",,"0","0","0","1","0.526829268","0.401554803",,"false","interacts with","FAM219B (interacts with) POLR2M","0","Q5XKK7","","P0CAP2",""
"7.966666666666667","","interacts with","0","0.476387142","","PSMD12 (interacts with) CARF",,"0","0","0","1","0.551219512","0.401554772",,"false","interacts with","PSMD12 (interacts with) CARF","0","O00232","","Q8N187",""
"8.851266986049595","","interacts with","0","0.476387175","","FLYWCH1 (interacts with) PDE7A",,"0","0","0","1","0.551219512","0.401554837",,"false","interacts with","FLYWCH1 (interacts with) PDE7A","0","Q4VC44","","Q13946",""
"26.64094794094793","","interacts with","0","0.476387042","","QRICH2 (interacts with) ICE2",,"0","0","0","1","0.551219512","0.401554572",,"false","interacts with","QRICH2 (interacts with) ICE2","0","Q9H0J4","","Q659A1",""
"33.00263504611331","","interacts with","0","0.476387184","","MYH16 (interacts with) CCNE2",,"0","0","0","1","0.551219512","0.401554856",,"false","interacts with","MYH16 (interacts with) CCNE2","0","Q9H6N6","","O96020",""
"241.8252525252525","","interacts with","0","0.476426259","","COL1A1 (interacts with) KIR3DL1",,"1","0","1","1","0.551219512","0.401633006",,"false","interacts with","COL1A1 (interacts with) KIR3DL1","0","P02452","","P43629",""
"7.285714285714285","","interacts with","0","0.464193027","","PSMD12 (interacts with) ERF",,"0","0","0","1","0.526829268","0.401556785",,"false","interacts with","PSMD12 (interacts with) ERF","0","O00232","","P50548",""
"10.000000000000002","","interacts with","0","0.46907122","","ELAVL3 (interacts with) OR10A2",,"0","0","0","1","0.536585366","0.401557074",,"false","interacts with","ELAVL3 (interacts with) OR10A2","0","Q14576","","Q9H208",""
"19.668136168383846","","interacts with","0","0.476387075","","QRICH2 (interacts with) FRMPD4",,"0","0","0","1","0.551219512","0.401554637",,"false","interacts with","QRICH2 (interacts with) FRMPD4","0","Q9H0J4","","Q14CM0",""
"46.0","","interacts with","0","0.476426368","","TNFSF11 (interacts with) WEE2",,"1","0","1","1","0.551219512","0.401633223",,"false","interacts with","TNFSF11 (interacts with) WEE2","0","O14788","","P0C1S8",""
"6.383333333333333","","interacts with","0","0.464191983","","PSMD12 (interacts with) MAPK11",,"0","0","0","1","0.526829268","0.401554697",,"false","interacts with","PSMD12 (interacts with) MAPK11","0","O00232","","Q15759",""
"10.022727272727275","","interacts with","0","0.476387214","","ELAVL3 (interacts with) NRG1",,"0","0","0","1","0.551219512","0.401554916",,"false","interacts with","ELAVL3 (interacts with) NRG1","0","Q14576","","Q02297",""
"11.438095238095237","","interacts with","0","0.464216081","","QRICH2 (interacts with) TSPYL2",,"0","0","0","1","0.526829268","0.401602894",,"false","interacts with","QRICH2 (interacts with) TSPYL2","0","Q9H0J4","","Q9H2G4",""
"7.066666666666667","","interacts with","0","0.469070199","","PSMD12 (interacts with) PDZD4",,"0","0","0","1","0.536585366","0.401555033",,"false","interacts with","PSMD12 (interacts with) PDZD4","0","O00232","","Q76G19",""
"40.5","","interacts with","0","0.47642634","","TNFSF11 (interacts with) ZNF485",,"1","0","1","1","0.551219512","0.401633167",,"false","interacts with","TNFSF11 (interacts with) ZNF485","0","O14788","","Q8NCK3",""
"14.274042470743234","","interacts with","0","0.476387161","","ELAVL3 (interacts with) ZNF319",,"0","0","0","1","0.551219512","0.40155481",,"false","interacts with","ELAVL3 (interacts with) ZNF319","0","Q14576","","Q9P2F9",""
"25.50409858673081","","interacts with","0","0.476387102","","MYH16 (interacts with) TLCD3B",,"0","0","0","1","0.551219512","0.401554691",,"false","interacts with","MYH16 (interacts with) TLCD3B","0","Q9H6N6","","Q71RH2",""
"217.4456543456542","","interacts with","0","0.476426235","","COL1A1 (interacts with) UVSSA",,"1","0","1","1","0.551219512","0.401632957",,"false","interacts with","COL1A1 (interacts with) UVSSA","0","P02452","","Q2YD98",""
"7.433333333333334","","interacts with","0","0.464191988","","FGF10 (interacts with) TMEM200C",,"0","0","0","1","0.526829268","0.401554708",,"false","interacts with","FGF10 (interacts with) TMEM200C","0","O15520","","A6NKL6",""
"8.75","","interacts with","0","0.584698583","","ELAVL3 (interacts with) ELAVL2",,"0","0","0","1","0.765853659","0.403543507",,"false","interacts with","ELAVL3 (interacts with) ELAVL2","0","Q14576","","Q12926",""
"8.985714285714286","","interacts with","0","0.476387223","","FGF10 (interacts with) DNAAF1",,"0","0","0","1","0.551219512","0.401554934",,"false","interacts with","FGF10 (interacts with) DNAAF1","0","O15520","","Q8NEP3",""
"186.5666666666667","","interacts with","0","0.561630261","","POF1B (interacts with) GABPA",,"0","0","0","1","0.72195122","0.401309303",,"false","interacts with","POF1B (interacts with) GABPA","0","Q8WVV4","","Q06546",""
"15.376384131166738","","interacts with","0","0.476387152","","ELAVL3 (interacts with) PHC2",,"0","0","0","1","0.551219512","0.401554791",,"false","interacts with","ELAVL3 (interacts with) PHC2","0","Q14576","","Q8IXK0",""
"8.4008658008658","","interacts with","0","0.476387163","","FGF10 (interacts with) RNF168",,"0","0","0","1","0.551219512","0.401554813",,"false","interacts with","FGF10 (interacts with) RNF168","0","O15520","","Q8IYW5",""
"483.1761904761904","","interacts with","0","0.561636955","","POF1B (interacts with) STK16",,"0","0","0","1","0.72195122","0.40132269",,"false","interacts with","POF1B (interacts with) STK16","0","Q8WVV4","","O75716",""
"128.78620481736644","","interacts with","0","0.476426177","","COL5A3 (interacts with) POC1B",,"1","0","1","1","0.551219512","0.401632842",,"false","interacts with","COL5A3 (interacts with) POC1B","0","P25940","","Q8TC44",""
"26.43333333333333","","interacts with","0","0.476387168","","MYH16 (interacts with) CENPL",,"0","0","0","1","0.551219512","0.401554823",,"false","interacts with","MYH16 (interacts with) CENPL","0","Q9H6N6","","Q8N0S6",""
"86.94888444888444","","interacts with","0","0.464192149","","CFAP418 (interacts with) PHACTR2",,"0","0","0","1","0.526829268","0.401555029",,"false","interacts with","CFAP418 (interacts with) PHACTR2","0","Q96NL8","","O75167",""
"20.376614916131043","","interacts with","0","0.476426231","","NFKB1 (interacts with) IRX2",,"1","0","1","1","0.551219512","0.401632949",,"false","interacts with","NFKB1 (interacts with) IRX2","0","P19838","","Q9BZI1",""
"22.66254014517236","","interacts with","0","0.476387105","","MYH16 (interacts with) KCNK10",,"0","0","0","1","0.551219512","0.401554698",,"false","interacts with","MYH16 (interacts with) KCNK10","0","Q9H6N6","","P57789",""
"2.0","","interacts with","0","0.464192201","","STX16 (interacts with) DDI2",,"0","0","0","1","0.526829268","0.401555133",,"false","interacts with","STX16 (interacts with) DDI2","0","O14662","","Q5TDH0",""
"133.51904761904765","","interacts with","0","0.593419831","","POF1B (interacts with) ST6GALNAC6",,"0","0","0","1","0.785365854","0.401473809",,"false","interacts with","POF1B (interacts with) ST6GALNAC6","0","Q8WVV4","","Q969X2",""
"41.66666666666667","","interacts with","0","0.476387181","","AP1M2 (interacts with) STOX2",,"0","0","0","1","0.551219512","0.40155485",,"false","interacts with","AP1M2 (interacts with) STOX2","0","Q9Y6Q5","","Q9P2F5",""
"16.480691395207526","","interacts with","0","0.461816155","","NFKB1 (interacts with) SULT1E1",,"1","0","1","1","0.52195122","0.40168109",,"false","interacts with","NFKB1 (interacts with) SULT1E1","0","P19838","","P49888",""
"7.2","","interacts with","0","0.476426364","","FGF10 (interacts with) TCP11L2",,"0","0","0","1","0.551219512","0.401633215",,"false","interacts with","FGF10 (interacts with) TCP11L2","0","O15520","","Q8N4U5",""
"8.0","","interacts with","0","0.461777231","","FITM2 (interacts with) CEP162",,"0","0","0","1","0.52195122","0.401603242",,"false","interacts with","FITM2 (interacts with) CEP162","0","Q8N6M3","","Q5TB80",""
"27.434981431499914","","interacts with","0","0.464192142","","MYH16 (interacts with) APOBEC3C",,"0","0","0","1","0.526829268","0.401555016",,"false","interacts with","MYH16 (interacts with) APOBEC3C","0","Q9H6N6","","Q9NRW3",""
"7.385714285714286","","interacts with","0","0.476426256","","FGF10 (interacts with) RTF1",,"0","0","0","1","0.551219512","0.401632999",,"false","interacts with","FGF10 (interacts with) RTF1","0","O15520","","Q92541",""
"15.166666666666666","","interacts with","0","0.476426289","","SRC (interacts with) TTC39B",,"1","0","1","1","0.551219512","0.401633065",,"false","interacts with","SRC (interacts with) TTC39B","0","P12931","","Q5VTQ0",""
"25.181203728541824","","interacts with","0","0.476387204","","MYH16 (interacts with) UBTFL6",,"0","0","0","1","0.551219512","0.401554896",,"false","interacts with","MYH16 (interacts with) UBTFL6","0","Q9H6N6","","P0CB48",""
"7.552380952380952","","interacts with","0","0.476426254","","FGF10 (interacts with) RAB11FIP2",,"0","0","0","1","0.551219512","0.401632996",,"false","interacts with","FGF10 (interacts with) RAB11FIP2","0","O15520","","Q7L804",""
"15.7847619047619","","interacts with","0","0.47638709","","ELAVL3 (interacts with) PMS2",,"0","0","0","1","0.551219512","0.401554669",,"false","interacts with","ELAVL3 (interacts with) PMS2","0","Q14576","","P54278",""
"8.071428571428571","","interacts with","0","0.464192106","","FGF10 (interacts with) ZNF526",,"0","0","0","1","0.526829268","0.401554943",,"false","interacts with","FGF10 (interacts with) ZNF526","0","O15520","","Q8TF50",""
"10.653846153846157","","interacts with","0","0.476387131","","PGA3 (interacts with) TRIP11",,"0","0","0","1","0.551219512","0.40155475",,"false","interacts with","PGA3 (interacts with) TRIP11","0","P0DJD8","","Q15643",""
"229.0059718059717","","interacts with","0","0.476426214","","COL1A1 (interacts with) CFHR2",,"1","0","1","1","0.551219512","0.401632917",,"false","interacts with","COL1A1 (interacts with) CFHR2","0","P02452","","P36980",""
"9.833333333333332","","interacts with","0","0.464194792","","ELAVL3 (interacts with) OR52D1",,"0","0","0","1","0.526829268","0.401560316",,"false","interacts with","ELAVL3 (interacts with) OR52D1","0","Q14576","","Q9H346",""
"7.916666666666668","","interacts with","0","0.476426359","","FGF10 (interacts with) GTF2F1",,"0","0","0","1","0.551219512","0.401633205",,"false","interacts with","FGF10 (interacts with) GTF2F1","0","O15520","","P35269",""
"6.816666666666666","","interacts with","0","0.464192241","","PABPC1L2B (interacts with) PRR5",,"0","0","0","1","0.526829268","0.401555214",,"false","interacts with","PABPC1L2B (interacts with) PRR5","0","Q5JQF8","","P85299",""
"90.08333333333334","","interacts with","0","0.476426297","","KLF3 (interacts with) TRAF6",,"0","1","1","1","0.551219512","0.401633083",,"false","interacts with","KLF3 (interacts with) TRAF6","0","P57682","","Q9Y4K3",""
"5.4833333333333325","","interacts with","0","0.476387061","","PABPC1L2B (interacts with) TSC22D2",,"0","0","0","1","0.551219512","0.401554611",,"false","interacts with","PABPC1L2B (interacts with) TSC22D2","0","Q5JQF8","","O75157",""
"27.17076525339748","","interacts with","0","0.476387217","","MYH16 (interacts with) FCN2",,"0","0","0","1","0.551219512","0.401554922",,"false","interacts with","MYH16 (interacts with) FCN2","0","Q9H6N6","","Q15485",""
"6.733333333333333","","interacts with","0","0.476387067","","PABPC1L2B (interacts with) SALL2",,"0","0","0","1","0.551219512","0.401554623",,"false","interacts with","PABPC1L2B (interacts with) SALL2","0","Q5JQF8","","Q9Y467",""
"63.0","","interacts with","0","0.476426242","","RELA (interacts with) KRTAP8-1",,"1","0","1","1","0.551219512","0.401632973",,"false","interacts with","RELA (interacts with) KRTAP8-1","0","Q04206","","Q8IUC2",""
"24.972104224503894","","interacts with","0","0.469070176","","MYH16 (interacts with) SLC17A2",,"0","0","0","1","0.536585366","0.401554987",,"false","interacts with","MYH16 (interacts with) SLC17A2","0","Q9H6N6","","O00624",""
"5.916666666666666","","interacts with","0","0.476387185","","PABPC1L2B (interacts with) ZNF358",,"0","0","0","1","0.551219512","0.401554859",,"false","interacts with","PABPC1L2B (interacts with) ZNF358","0","Q5JQF8","","Q9NW07",""
"24.637878044690645","","interacts with","0","0.464192081","","MYH16 (interacts with) AIG1",,"0","0","0","1","0.526829268","0.401554893",,"false","interacts with","MYH16 (interacts with) AIG1","0","Q9H6N6","","Q9NVV5",""
"117.19397332027381","","interacts with","0","0.464255189","","COL5A3 (interacts with) ZNF570",,"1","0","1","1","0.526829268","0.40168111",,"false","interacts with","COL5A3 (interacts with) ZNF570","0","P25940","","Q96NI8",""
"7.249999999999999","","interacts with","0","0.469070136","","PABPC1L2B (interacts with) GRAMD2B",,"0","0","0","1","0.536585366","0.401554907",,"false","interacts with","PABPC1L2B (interacts with) GRAMD2B","0","Q5JQF8","","Q96HH9",""
"39.424502538296416","","interacts with","0","0.461777118","","FCN2 (interacts with) CROCC2",,"0","0","0","1","0.52195122","0.401603017",,"false","interacts with","FCN2 (interacts with) CROCC2","0","Q15485","","H7BZ55",""
"11.666666666666668","","interacts with","0","0.476426282","","TOM1L1 (interacts with) CASP3",,"0","1","1","1","0.551219512","0.401633052",,"false","interacts with","TOM1L1 (interacts with) CASP3","0","O75674","","P42574",""
"4.0","","interacts with","0","0.461753265","","GPATCH2 (interacts with) TREML4",,"0","0","0","1","0.52195122","0.40155531",,"false","interacts with","GPATCH2 (interacts with) TREML4","0","Q9NW75","","Q6UXN2",""
"56.0","","interacts with","0","0.476426198","","SMTNL1 (interacts with) SOST",,"0","1","1","1","0.551219512","0.401632883",,"false","interacts with","SMTNL1 (interacts with) SOST","0","A8MU46","","Q9BQB4",""
"9.748484848484848","","interacts with","0","0.476387059","","TC2N (interacts with) IL16",,"0","0","0","1","0.551219512","0.401554605",,"false","interacts with","TC2N (interacts with) IL16","0","Q8N9U0","","Q14005",""
"32.245791245791246","","interacts with","0","0.476387182","","MYH16 (interacts with) DAW1",,"0","0","0","1","0.551219512","0.401554851",,"false","interacts with","MYH16 (interacts with) DAW1","0","Q9H6N6","","Q8N136",""
"32.66666666666667","","interacts with","0","0.464231231","","TNFSF11 (interacts with) NEIL3",,"1","0","1","1","0.526829268","0.401633194",,"false","interacts with","TNFSF11 (interacts with) NEIL3","0","O14788","","Q8TAT5",""
"3.8000000000000003","","interacts with","0","0.464192017","","TC2N (interacts with) ARHGAP28",,"0","0","0","1","0.526829268","0.401554766",,"false","interacts with","TC2N (interacts with) ARHGAP28","0","Q8N9U0","","Q9P2N2",""
"4.666666666666667","","interacts with","0","0.476387612","","AP1M2 (interacts with) GPR141",,"0","0","0","1","0.551219512","0.401555711",,"false","interacts with","AP1M2 (interacts with) GPR141","0","Q9Y6Q5","","Q7Z602",""
"9.400000000000002","","interacts with","0","0.47642632","","CNR2 (interacts with) APOBEC3C",,"1","0","1","1","0.551219512","0.401633129",,"false","interacts with","CNR2 (interacts with) APOBEC3C","0","P34972","","Q9NRW3",""
"5.0","","interacts with","0","0.464192019","","TC2N (interacts with) NCAPH",,"0","0","0","1","0.526829268","0.401554769",,"false","interacts with","TC2N (interacts with) NCAPH","0","Q8N9U0","","Q15003",""
"9.0","","interacts with","0","0.47638719","","PABPC1L2B (interacts with) GFY",,"0","0","0","1","0.551219512","0.401554868",,"false","interacts with","PABPC1L2B (interacts with) GFY","0","Q5JQF8","","I3L273",""
"22.66666666666666","","interacts with","0","0.461792283","","MEIS3P2 (interacts with) BMP2",,"0","1","1","1","0.52195122","0.401633347",,"false","interacts with","MEIS3P2 (interacts with) BMP2","0","A8K0S8","","P12643",""
"5.9833333333333325","","interacts with","0","0.46907018","","PABPC1L2B (interacts with) LACC1",,"0","0","0","1","0.536585366","0.401554995",,"false","interacts with","PABPC1L2B (interacts with) LACC1","0","Q5JQF8","","Q8IV20",""
"27.170765253397462","","interacts with","0","0.476387155","","MYH16 (interacts with) IHH",,"0","0","0","1","0.551219512","0.401554797",,"false","interacts with","MYH16 (interacts with) IHH","0","Q9H6N6","","Q14623",""
"79.5","","interacts with","0","0.476426312","","COL1A2 (interacts with) FOXI1",,"1","0","1","1","0.551219512","0.401633112",,"false","interacts with","COL1A2 (interacts with) FOXI1","0","P08123","","Q12951",""
"69.56172467733869","","interacts with","0","0.461777095","","FAM120AOS (interacts with) BOD1L1",,"0","0","0","1","0.52195122","0.401602971",,"false","interacts with","FAM120AOS (interacts with) BOD1L1","0","Q5T036","","Q8NFC6",""
"12.739682539682537","","interacts with","0","0.476387142","","PUM3 (interacts with) HPD",,"0","0","0","1","0.551219512","0.401554772",,"false","interacts with","PUM3 (interacts with) HPD","0","Q15397","","P32754",""
"2.2857142857142856","","interacts with","0","0.461816208","","PTGS2 (interacts with) KIAA1217",,"1","0","1","1","0.52195122","0.401681196",,"false","interacts with","PTGS2 (interacts with) KIAA1217","0","P35354","","Q5T5P2",""
"248.43078785007543","","interacts with","0","0.464216128","","UGDH (interacts with) BOD1L1",,"0","0","0","1","0.526829268","0.401602988",,"false","interacts with","UGDH (interacts with) BOD1L1","0","O60701","","Q8NFC6",""
"34.05325997744036","","interacts with","0","0.461777056","","MYH16 (interacts with) OSGIN2",,"0","0","0","1","0.52195122","0.401602892",,"false","interacts with","MYH16 (interacts with) OSGIN2","0","Q9H6N6","","Q9Y236",""
"392.0","","interacts with","0","0.476426214","","C1QL1 (interacts with) RELA",,"0","1","1","1","0.551219512","0.401632916",,"false","interacts with","C1QL1 (interacts with) RELA","0","O75973","","Q04206",""
"17.86190476190476","","interacts with","0","0.476387202","","PUM3 (interacts with) STOX2",,"0","0","0","1","0.551219512","0.401554892",,"false","interacts with","PUM3 (interacts with) STOX2","0","Q15397","","Q9P2F5",""
"100.30028860028862","","interacts with","0","0.464231109","","LRFN3 (interacts with) RGL4",,"0","0","0","1","0.526829268","0.40163295",,"false","interacts with","LRFN3 (interacts with) RGL4","0","Q9BTN0","","Q8IZJ4",""
"5.333333333333333","","interacts with","0","0.593460977","","CCDC183 (interacts with) CTNNA3",,"0","0","0","1","0.785365854","0.401556101",,"false","interacts with","CCDC183 (interacts with) CTNNA3","0","Q5T5S1","","Q9UI47",""
"53.58604520806134","","interacts with","0","0.476426217","","COL3A1 (interacts with) ERICH6",,"1","0","1","1","0.551219512","0.401632921",,"false","interacts with","COL3A1 (interacts with) ERICH6","0","P02461","","Q7L0X2",""
"17.228571428571428","","interacts with","0","0.46419234","","PUM3 (interacts with) NAP1L3",,"0","0","0","1","0.526829268","0.401555413",,"false","interacts with","PUM3 (interacts with) NAP1L3","0","Q15397","","Q99457",""
"15.700000000000003","","interacts with","0","0.476387234","","PUM3 (interacts with) UAP1",,"0","0","0","1","0.551219512","0.401554955",,"false","interacts with","PUM3 (interacts with) UAP1","0","Q15397","","Q16222",""
"591.3353743198909","","interacts with","0","0.564142826","","LRFN3 (interacts with) TDGF1",,"0","0","0","1","0.726829268","0.401456383",,"false","interacts with","LRFN3 (interacts with) TDGF1","0","Q9BTN0","","P13385",""
"9.333333333333332","","interacts with","0","0.461753189","","STARD3NL (interacts with) FAM161B",,"0","0","0","1","0.52195122","0.401555159",,"false","interacts with","STARD3NL (interacts with) FAM161B","0","O95772","","Q96MY7",""
"270.2309523809525","","interacts with","0","0.476426257","","MYCN (interacts with) SYT14P1",,"1","0","1","1","0.551219512","0.401633001",,"false","interacts with","MYCN (interacts with) SYT14P1","0","P04198","","Q58G82",""
"26.458287535037407","","interacts with","0","0.47638723","","MYH16 (interacts with) COX11",,"0","0","0","1","0.551219512","0.401554947",,"false","interacts with","MYH16 (interacts with) COX11","0","Q9H6N6","","Q9Y6N1",""
"8.952380952380953","","interacts with","0","0.476387229","","STARD3NL (interacts with) SAMD11",,"0","0","0","1","0.551219512","0.401554945",,"false","interacts with","STARD3NL (interacts with) SAMD11","0","O95772","","Q96NU1",""
"21.395238095238085","","interacts with","0","0.47638711","","PUM3 (interacts with) MAP2K5",,"0","0","0","1","0.551219512","0.401554707",,"false","interacts with","PUM3 (interacts with) MAP2K5","0","Q15397","","Q13163",""
"12.693650793650793","","interacts with","0","0.476426262","","BCL9 (interacts with) PROCR",,"0","1","1","1","0.551219512","0.401633011",,"false","interacts with","BCL9 (interacts with) PROCR","0","O00512","","Q9UNN8",""
"261.924458874459","","interacts with","0","0.476426167","","TRIM38 (interacts with) COL1A1",,"0","1","1","1","0.551219512","0.401632821",,"false","interacts with","TRIM38 (interacts with) COL1A1","0","O00635","","P02452",""
"19.588764014993068","","interacts with","0","0.461777206","","RDH16 (interacts with) MED1",,"0","0","0","1","0.52195122","0.401603192",,"false","interacts with","RDH16 (interacts with) MED1","0","O75452","","Q15648",""
"29.0","","interacts with","0","0.476387214","","PUM3 (interacts with) ACP6",,"0","0","0","1","0.551219512","0.401554916",,"false","interacts with","PUM3 (interacts with) ACP6","0","Q15397","","Q9NPH0",""
"53.14161494156422","","interacts with","0","0.46177705","","FAM120AOS (interacts with) BDP1",,"0","0","0","1","0.52195122","0.401602881",,"false","interacts with","FAM120AOS (interacts with) BDP1","0","Q5T036","","A6H8Y1",""
"75.38636363636364","","interacts with","0","0.476426212","","COL3A1 (interacts with) AMZ2",,"1","0","1","1","0.551219512","0.401632912",,"false","interacts with","COL3A1 (interacts with) AMZ2","0","P02461","","Q86W34",""
"22.936507936507937","","interacts with","0","0.464192151","","PUM3 (interacts with) HOXD13",,"0","0","0","1","0.526829268","0.401555034",,"false","interacts with","PUM3 (interacts with) HOXD13","0","Q15397","","P35453",""
"8.174506974506974","","interacts with","0","0.464231097","","KCNK10 (interacts with) SULT1C3",,"0","0","0","1","0.526829268","0.401632925",,"false","interacts with","KCNK10 (interacts with) SULT1C3","0","P57789","","Q6IMI6",""
"15.333333333333334","","interacts with","0","0.47642624","","PDPK1 (interacts with) PGR",,"0","1","1","1","0.551219512","0.401632968",,"false","interacts with","PDPK1 (interacts with) PGR","0","O15530","","P06401",""
"15.061904761904762","","interacts with","0","0.476387103","","PUM3 (interacts with) SLC25A3",,"0","0","0","1","0.551219512","0.401554694",,"false","interacts with","PUM3 (interacts with) SLC25A3","0","Q15397","","Q00325",""
"5.614285714285714","","interacts with","0","0.476426429","","KCNK10 (interacts with) SHF",,"0","0","0","1","0.551219512","0.401633346",,"false","interacts with","KCNK10 (interacts with) SHF","0","P57789","","Q7M4L6",""
"17.166666666666664","","interacts with","0","0.476387113","","PUM3 (interacts with) CAMK1G",,"0","0","0","1","0.551219512","0.401554714",,"false","interacts with","PUM3 (interacts with) CAMK1G","0","Q15397","","Q96NX5",""
"28.0","","interacts with","0","0.46181619","","PPFIA4 (interacts with) VTN",,"0","1","1","1","0.52195122","0.40168116",,"false","interacts with","PPFIA4 (interacts with) VTN","0","O75335","","P04004",""
"15.216738816738815","","interacts with","0","0.476387359","","KCNK10 (interacts with) TELO2",,"0","0","0","1","0.551219512","0.401555205",,"false","interacts with","KCNK10 (interacts with) TELO2","0","P57789","","Q9Y4R8",""
"377.76120084182224","","interacts with","0","0.561636921","","DSG2 (interacts with) JUP",,"0","0","0","1","0.72195122","0.401322623","0.997644287","false","interacts with","DSG2 (interacts with) JUP","1","Q14126","","P14923",""
"16.406349206349205","","interacts with","0","0.476387238","","PUM3 (interacts with) GPR141",,"0","0","0","1","0.551219512","0.401554964",,"false","interacts with","PUM3 (interacts with) GPR141","0","Q15397","","Q7Z602",""
"10.007840307840306","","interacts with","0","0.476387194","","KCNK10 (interacts with) UPK1A",,"0","0","0","1","0.551219512","0.401554875",,"false","interacts with","KCNK10 (interacts with) UPK1A","0","P57789","","O00322",""
"16.666666666666664","","interacts with","0","0.476426238","","PGR (interacts with) PPP2R3C",,"1","0","1","1","0.551219512","0.401632965",,"false","interacts with","PGR (interacts with) PPP2R3C","0","P06401","","Q969Q6",""
"65.18343495513773","","interacts with","0","0.461777179","","DSG2 (interacts with) CPA4",,"0","0","0","1","0.52195122","0.401603139",,"false","interacts with","DSG2 (interacts with) CPA4","0","Q14126","","Q9UI42",""
"19.871428571428567","","interacts with","0","0.476426164","","MYCL (interacts with) ESCO1",,"1","0","1","1","0.551219512","0.401632816",,"false","interacts with","MYCL (interacts with) ESCO1","0","P12524","","Q5FWF5",""
"15.739682539682535","","interacts with","0","0.47638726","","PUM3 (interacts with) OR9A1P",,"0","0","0","1","0.551219512","0.401555008",,"false","interacts with","PUM3 (interacts with) OR9A1P","0","Q15397","","Q8NGU1",""
"13.573015873015867","","interacts with","0","0.46175336","","PUM3 (interacts with) FAM20A",,"0","0","0","1","0.52195122","0.401555501",,"false","interacts with","PUM3 (interacts with) FAM20A","0","Q15397","","Q96MK3",""
"18.0","","interacts with","0","0.476426194","","SRC (interacts with) DDIAS",,"1","0","1","1","0.551219512","0.401632876",,"false","interacts with","SRC (interacts with) DDIAS","0","P12931","","Q8IXT1",""
"11.095238095238097","","interacts with","0","0.476387247","","PUM3 (interacts with) PSMD12",,"0","0","0","1","0.551219512","0.401554982",,"false","interacts with","PUM3 (interacts with) PSMD12","0","Q15397","","O00232",""
"217.78641717759368","","interacts with","0","0.464231477","","LRFN3 (interacts with) TARDBP",,"0","0","0","1","0.526829268","0.401633686",,"false","interacts with","LRFN3 (interacts with) TARDBP","0","Q9BTN0","","Q13148",""
"202.07277706539574","","interacts with","0","0.464216074","","RASEF (interacts with) BOD1L1",,"0","0","0","1","0.526829268","0.401602879",,"false","interacts with","RASEF (interacts with) BOD1L1","0","Q8IZ41","","Q8NFC6",""
"8.666666666666668","","interacts with","0","0.476426276","","JUN (interacts with) H2BC18",,"1","0","1","1","0.551219512","0.40163304",,"false","interacts with","JUN (interacts with) H2BC18","0","P05412","","Q5QNW6",""
"38.26188201629524","","interacts with","0","0.461777064","","MYH16 (interacts with) ST8SIA5",,"0","0","0","1","0.52195122","0.401602909",,"false","interacts with","MYH16 (interacts with) ST8SIA5","0","Q9H6N6","","O15466",""
"8.648148148148149","","interacts with","0","0.476426233","","KCNK10 (interacts with) DAW1",,"0","0","0","1","0.551219512","0.401632953",,"false","interacts with","KCNK10 (interacts with) DAW1","0","P57789","","Q8N136",""
"41.20453898167759","","interacts with","0","0.461777011","","RASEF (interacts with) ANKRD36B",,"0","0","0","1","0.52195122","0.401602803",,"false","interacts with","RASEF (interacts with) ANKRD36B","0","Q8IZ41","","Q8N2N9",""
"8.49177489177489","","interacts with","0","0.476426359","","KCNK10 (interacts with) RGL2",,"0","0","0","1","0.551219512","0.401633206",,"false","interacts with","KCNK10 (interacts with) RGL2","0","P57789","","O15211",""
"16.406349206349205","","interacts with","0","0.476387195","","PUM3 (interacts with) KYNU",,"0","0","0","1","0.551219512","0.401554879",,"false","interacts with","PUM3 (interacts with) KYNU","0","Q15397","","Q16719",""
"34.33445924825312","","interacts with","0","0.464255324","","KCNK10 (interacts with) CROCC2",,"0","0","0","1","0.526829268","0.401681379",,"false","interacts with","KCNK10 (interacts with) CROCC2","0","P57789","","H7BZ55",""
"53.80000000000002","","interacts with","0","0.476426218","","COL1A2 (interacts with) BPIFC",,"1","0","1","1","0.551219512","0.401632924",,"false","interacts with","COL1A2 (interacts with) BPIFC","0","P08123","","Q8NFQ6",""
"24.666666666666664","","interacts with","0","0.476387293","","SLC10A1 (interacts with) PMS2",,"0","0","0","1","0.551219512","0.401555074",,"false","interacts with","SLC10A1 (interacts with) PMS2","0","Q14973","","P54278",""
"16.411111111111108","","interacts with","0","0.476387284","","PUM3 (interacts with) ADORA3",,"0","0","0","1","0.551219512","0.401555056",,"false","interacts with","PUM3 (interacts with) ADORA3","0","Q15397","","P0DMS8",""
"25.333333333333336","","interacts with","0","0.476387204","","SF3A1 (interacts with) FOXI1",,"0","0","0","1","0.551219512","0.401554895",,"false","interacts with","SF3A1 (interacts with) FOXI1","0","Q15459","","Q12951",""
"108.64126576066266","","interacts with","0","0.476426264","","UBTFL6 (interacts with) COL5A3",,"0","1","1","1","0.551219512","0.401633016",,"false","interacts with","UBTFL6 (interacts with) COL5A3","0","P0CB48","","P25940",""
"35.81589267285862","","interacts with","0","0.603457556","","CORO1B (interacts with) CORO1C",,"0","0","0","1","0.804878049","0.402037062",,"false","interacts with","CORO1B (interacts with) CORO1C","0","Q9BR76","","Q9ULV4",""
"32.751857864357866","","interacts with","0","0.600545056","","CORO1B (interacts with) DLAT",,"0","0","0","1","0.8","0.401090111",,"false","interacts with","CORO1B (interacts with) DLAT","0","Q9BR76","","P10515",""
"35.069047619047616","","interacts with","0","0.476426253","","TP53 (interacts with) PLA2G2D",,"1","0","1","1","0.551219512","0.401632994",,"false","interacts with","TP53 (interacts with) PLA2G2D","0","P04637","","Q9UNK4",""
"16.90476190476191","","interacts with","0","0.464192036","","PUM3 (interacts with) GTF2H1",,"0","0","0","1","0.526829268","0.401554803",,"false","interacts with","PUM3 (interacts with) GTF2H1","0","Q15397","","P32780",""
"87.43760754520738","","interacts with","0","0.593460849","","CORO1B (interacts with) TELO2",,"0","0","0","1","0.785365854","0.401555844",,"false","interacts with","CORO1B (interacts with) TELO2","0","Q9BR76","","Q9Y4R8",""
"18.0","","interacts with","0","0.476387147","","DZIP1 (interacts with) TRIM69",,"0","0","0","1","0.551219512","0.401554782",,"false","interacts with","DZIP1 (interacts with) TRIM69","0","Q86YF9","","Q86WT6",""
"108.64680943606172","","interacts with","0","0.464255276","","PAH (interacts with) COL5A2",,"0","1","1","1","0.526829268","0.401681283",,"false","interacts with","PAH (interacts with) COL5A2","0","P00439","","P05997",""
"28.899999999999995","","interacts with","0","0.476387118","","MYH16 (interacts with) MAMLD1",,"0","0","0","1","0.551219512","0.401554724",,"false","interacts with","MYH16 (interacts with) MAMLD1","0","Q9H6N6","","Q13495",""
"13.709401709401714","","interacts with","0","0.476426153","","MAPK14 (interacts with) UNC45A",,"1","0","1","1","0.551219512","0.401632795",,"false","interacts with","MAPK14 (interacts with) UNC45A","0","Q16539","","Q9H3U1",""
"40.0","","interacts with","0","0.559061391","","SDCCAG8 (interacts with) ODAD1",,"0","0","0","1","0.717073171","0.401049611",,"false","interacts with","SDCCAG8 (interacts with) ODAD1","0","Q86SQ7","","Q96M63",""
"17.166666666666664","","interacts with","0","0.476387079","","PUM3 (interacts with) USP17L6P",,"0","0","0","1","0.551219512","0.401554646",,"false","interacts with","PUM3 (interacts with) USP17L6P","0","Q15397","","Q6QN14",""
"20.0","","interacts with","0","0.476426209","","PAM (interacts with) PTGS1",,"0","1","1","1","0.551219512","0.401632906",,"false","interacts with","PAM (interacts with) PTGS1","0","P19021","","P23219",""
"3.185714285714286","","interacts with","0","0.476387158","","SYT9 (interacts with) ASXL2",,"0","0","0","1","0.551219512","0.401554804",,"false","interacts with","SYT9 (interacts with) ASXL2","0","Q86SS6","","Q76L83",""
"15.200000000000001","","interacts with","0","0.461753069","","PUM3 (interacts with) OIT3",,"0","0","0","1","0.52195122","0.401554918",,"false","interacts with","PUM3 (interacts with) OIT3","0","Q15397","","Q8WWZ8",""
"12.818551929997714","","interacts with","0","0.476426302","","CNR2 (interacts with) KAZN",,"1","0","1","1","0.551219512","0.401633092",,"false","interacts with","CNR2 (interacts with) KAZN","0","P34972","","Q674X7",""
"16.566666666666666","","interacts with","0","0.476387081","","PUM3 (interacts with) SNAPC3",,"0","0","0","1","0.551219512","0.401554651",,"false","interacts with","PUM3 (interacts with) SNAPC3","0","Q15397","","Q92966",""
"79.96495037920076","","interacts with","0","0.461777146","","NBPF4 (interacts with) BOD1L1",,"0","0","0","1","0.52195122","0.401603072",,"false","interacts with","NBPF4 (interacts with) BOD1L1","0","Q96M43","","Q8NFC6",""
"61.0","","interacts with","0","0.476426208","","RELA (interacts with) NAA11",,"1","0","1","1","0.551219512","0.401632904",,"false","interacts with","RELA (interacts with) NAA11","0","Q04206","","Q9BSU3",""
"16.728571428571428","","interacts with","0","0.476387094","","PUM3 (interacts with) GID4",,"0","0","0","1","0.551219512","0.401554676",,"false","interacts with","PUM3 (interacts with) GID4","0","Q15397","","Q8IVV7",""
"27.17076525339747","","interacts with","0","0.47638711","","MYH16 (interacts with) LMNTD1",,"0","0","0","1","0.551219512","0.401554707",,"false","interacts with","MYH16 (interacts with) LMNTD1","0","Q9H6N6","","Q8N9Z9",""
"44.966666666666676","","interacts with","0","0.464231252","","COL1A2 (interacts with) MAPK11",,"1","0","1","1","0.526829268","0.401633235",,"false","interacts with","COL1A2 (interacts with) MAPK11","0","P08123","","Q15759",""
"15.395238095238096","","interacts with","0","0.476387139","","PUM3 (interacts with) MAPK11",,"0","0","0","1","0.551219512","0.401554766",,"false","interacts with","PUM3 (interacts with) MAPK11","0","Q15397","","Q15759",""
"17.166666666666664","","interacts with","0","0.461753161","","PUM3 (interacts with) CAMKV",,"0","0","0","1","0.52195122","0.401555103",,"false","interacts with","PUM3 (interacts with) CAMKV","0","Q15397","","Q8NCB2",""
"26.666666666666668","","interacts with","0","0.476387345","","SF3A1 (interacts with) PIPOX",,"0","0","0","1","0.551219512","0.401555178",,"false","interacts with","SF3A1 (interacts with) PIPOX","0","Q15459","","Q9P0Z9",""
"106.51953815069974","","interacts with","0","0.476426181","","COL5A3 (interacts with) LPCAT1",,"1","0","1","1","0.551219512","0.401632849",,"false","interacts with","COL5A3 (interacts with) LPCAT1","0","P25940","","Q8NF37",""
"19.833333333333332","","interacts with","0","0.461753198","","PUM3 (interacts with) PDZD4",,"0","0","0","1","0.52195122","0.401555177",,"false","interacts with","PUM3 (interacts with) PDZD4","0","Q15397","","Q76G19",""
"98.12574305690464","","interacts with","0","0.476426258","","COL5A3 (interacts with) KCNK10",,"1","0","1","1","0.551219512","0.401633005",,"false","interacts with","COL5A3 (interacts with) KCNK10","0","P25940","","P57789",""
"6.439534883720931","","interacts with","0","0.46907009","","RGL2 (interacts with) SLC17A2",,"0","0","0","1","0.536585366","0.401554814",,"false","interacts with","RGL2 (interacts with) SLC17A2","0","O15211","","O00624",""
"34.89215886865183","","interacts with","0","0.476426227","","COL5A2 (interacts with) NKAIN1",,"1","0","1","1","0.551219512","0.401632942",,"false","interacts with","COL5A2 (interacts with) NKAIN1","0","P05997","","Q4KMZ8",""
"4.666666666666666","","interacts with","0","0.476387153","","ZNF277 (interacts with) ARHGAP11A",,"0","0","0","1","0.551219512","0.401554794",,"false","interacts with","ZNF277 (interacts with) ARHGAP11A","0","Q9NRM2","","Q6P4F7",""
"4.0","","interacts with","0","0.464192113","","PABPC4 (interacts with) ANKRD20A8P",,"0","0","0","1","0.526829268","0.401554957",,"false","interacts with","PABPC4 (interacts with) ANKRD20A8P","0","Q13310","","Q5CZ79",""
"60.0","","interacts with","0","0.476426243","","RELA (interacts with) PJVK",,"1","0","1","1","0.551219512","0.401632974",,"false","interacts with","RELA (interacts with) PJVK","0","Q04206","","Q0ZLH3",""
"23.041269841269838","","interacts with","0","0.476387094","","PUM3 (interacts with) PPP2CB",,"0","0","0","1","0.551219512","0.401554676",,"false","interacts with","PUM3 (interacts with) PPP2CB","0","Q15397","","P62714",""
"6.0","","interacts with","0","0.464192185","","PABPC4 (interacts with) ZPBP",,"0","0","0","1","0.526829268","0.401555102",,"false","interacts with","PABPC4 (interacts with) ZPBP","0","Q13310","","Q9BS86",""
"18.499999999999996","","interacts with","0","0.47638742","","PUM3 (interacts with) MKRN4P",,"0","0","0","1","0.551219512","0.401555328",,"false","interacts with","PUM3 (interacts with) MKRN4P","0","Q15397","","Q13434",""
"4.0","","interacts with","0","0.464192007","","PABPC4 (interacts with) ZNF280D",,"0","0","0","1","0.526829268","0.401554746",,"false","interacts with","PABPC4 (interacts with) ZNF280D","0","Q13310","","Q6N043",""
"18.238095238095234","","interacts with","0","0.46907025","","PUM3 (interacts with) ERF",,"0","0","0","1","0.536585366","0.401555134",,"false","interacts with","PUM3 (interacts with) ERF","0","Q15397","","P50548",""
"55.13333333333336","","interacts with","0","0.476426256","","COL1A2 (interacts with) GAL3ST3",,"1","0","1","1","0.551219512","0.401632999",,"false","interacts with","COL1A2 (interacts with) GAL3ST3","0","P08123","","Q96A11",""
"19.13658008658009","","interacts with","0","0.476426231","","TP53 (interacts with) ATXN7L1",,"1","0","1","1","0.551219512","0.401632949",,"false","interacts with","TP53 (interacts with) ATXN7L1","0","P04637","","Q9ULK2",""
"16.406349206349205","","interacts with","0","0.46175311","","PUM3 (interacts with) HOXA13",,"0","0","0","1","0.52195122","0.401555001",,"false","interacts with","PUM3 (interacts with) HOXA13","0","Q15397","","P31271",""
"16.0","","interacts with","0","0.476426167","","GSK3B (interacts with) ANKRD20A8P",,"1","0","1","1","0.551219512","0.401632821",,"false","interacts with","GSK3B (interacts with) ANKRD20A8P","0","P49841","","Q5CZ79",""
"7.403675856307435","","interacts with","0","0.464192215","","GSTP1 (interacts with) SAMD15",,"0","0","0","1","0.526829268","0.401555162",,"false","interacts with","GSTP1 (interacts with) SAMD15","0","P09211","","Q9P1V8",""
"281.0","","interacts with","0","0.476426207","","ACTL6B (interacts with) COL1A1",,"0","1","1","1","0.551219512","0.401632903",,"false","interacts with","ACTL6B (interacts with) COL1A1","0","O94805","","P02452",""
"25.646522829155042","","interacts with","0","0.476387219","","MYH16 (interacts with) SHF",,"0","0","0","1","0.551219512","0.401554925",,"false","interacts with","MYH16 (interacts with) SHF","0","Q9H6N6","","Q7M4L6",""
"10.809523809523807","","interacts with","0","0.476387296","","GSTP1 (interacts with) PMS2",,"0","0","0","1","0.551219512","0.401555079",,"false","interacts with","GSTP1 (interacts with) PMS2","0","P09211","","P54278",""
"7.093023255813953","","interacts with","0","0.469070092","","SLC17A2 (interacts with) ARHGEF15",,"0","0","0","1","0.536585366","0.401554819",,"false","interacts with","SLC17A2 (interacts with) ARHGEF15","0","O00624","","O94989",""
"78.14143007367414","","interacts with","0","0.476426217","","COL5A2 (interacts with) CGAS",,"1","0","1","1","0.551219512","0.401632922",,"false","interacts with","COL5A2 (interacts with) CGAS","0","P05997","","Q8N884",""
"14.248431155407896","","interacts with","0","0.476387203","","SLC17A2 (interacts with) TELO2",,"0","0","0","1","0.551219512","0.401554894",,"false","interacts with","SLC17A2 (interacts with) TELO2","0","O00624","","Q9Y4R8",""
"1091.020516411693","","interacts with","0","0.476426258","","COL1A1 (interacts with) CEACAM6",,"1","0","1","1","0.551219512","0.401633003",,"false","interacts with","COL1A1 (interacts with) CEACAM6","0","P02452","","P40199",""
"22.34741991432369","","interacts with","0","0.461753142","","ZNF277 (interacts with) IMMT",,"0","0","0","1","0.52195122","0.401555064",,"false","interacts with","ZNF277 (interacts with) IMMT","0","Q9NRM2","","Q16891",""
"17.0","","interacts with","0","0.476426228","","VTN (interacts with) USP35",,"1","0","1","1","0.551219512","0.401632944",,"false","interacts with","VTN (interacts with) USP35","0","P04004","","Q9P2H5",""
"4.666666666666666","","interacts with","0","0.476387159","","ZNF277 (interacts with) USO1",,"0","0","0","1","0.551219512","0.401554806",,"false","interacts with","ZNF277 (interacts with) USO1","0","Q9NRM2","","O60763",""
"82.89482728159972","","interacts with","0","0.47642623","","COL5A3 (interacts with) CNR2",,"1","1","1","1","0.551219512","0.401632948",,"false","interacts with","COL5A3 (interacts with) CNR2","0","P25940","","P34972",""
"195.87637362637383","","interacts with","0","0.476426268","","COL1A1 (interacts with) DOK5",,"1","0","1","1","0.551219512","0.401633024",,"false","interacts with","COL1A1 (interacts with) DOK5","0","P02452","","Q9P104",""
"15.0","","interacts with","0","0.464216225","","ZNF165 (interacts with) CCDC7",,"0","0","0","1","0.526829268","0.401603182",,"false","interacts with","ZNF165 (interacts with) CCDC7","0","P49910","","Q96M83",""
"35.45022487797224","","interacts with","0","0.461777163","","SLC17A2 (interacts with) CROCC2",,"0","0","0","1","0.52195122","0.401603107",,"false","interacts with","SLC17A2 (interacts with) CROCC2","0","O00624","","H7BZ55",""
"16.0","","interacts with","0","0.476426262","","GSK3B (interacts with) ZNF175",,"1","0","1","1","0.551219512","0.401633013",,"false","interacts with","GSK3B (interacts with) ZNF175","0","P49841","","Q9Y473",""
"10.342857142857142","","interacts with","0","0.476387205","","RAB24 (interacts with) PMS2",,"0","0","0","1","0.551219512","0.401554899",,"false","interacts with","RAB24 (interacts with) PMS2","0","Q969Q5","","P54278",""
"4.0","","interacts with","0","0.461816168","","CSF1R (interacts with) NCOR2",,"1","0","1","1","0.52195122","0.401681117",,"false","interacts with","CSF1R (interacts with) NCOR2","0","P07333","","Q9Y618",""
"32.5486900118176","","interacts with","0","0.476387216","","MYH16 (interacts with) CORO1C",,"0","0","0","1","0.551219512","0.40155492",,"false","interacts with","MYH16 (interacts with) CORO1C","0","Q9H6N6","","Q9ULV4",""
"7.8119047619047635","","interacts with","0","0.464192233","","RAB24 (interacts with) MAGEB6B",,"0","0","0","1","0.526829268","0.401555198",,"false","interacts with","RAB24 (interacts with) MAGEB6B","0","Q969Q5","","A0A0J9YX57",""
"68.0","","interacts with","0","0.476426343","","RELA (interacts with) OR7G2",,"1","0","1","1","0.551219512","0.401633174",,"false","interacts with","RELA (interacts with) OR7G2","0","Q04206","","Q8NG99",""
"11.033333333333333","","interacts with","0","0.476426231","","RAB24 (interacts with) PHC2",,"0","0","0","1","0.551219512","0.40163295",,"false","interacts with","RAB24 (interacts with) PHC2","0","Q969Q5","","Q8IXK0",""
"6.3","","interacts with","0","0.461777185","","COBLL1 (interacts with) GTF2A1L",,"0","0","0","1","0.52195122","0.40160315",,"false","interacts with","COBLL1 (interacts with) GTF2A1L","0","Q53SF7","","Q9UNN4",""
"14.0","","interacts with","0","0.476426168","","MAPK1 (interacts with) RTN1",,"1","0","1","1","0.551219512","0.401632823",,"false","interacts with","MAPK1 (interacts with) RTN1","0","P28482","","Q16799",""
"35.29260773878834","","interacts with","0","0.464216057","","ZDHHC11 (interacts with) BDP1",,"0","0","0","1","0.526829268","0.401602845",,"false","interacts with","ZDHHC11 (interacts with) BDP1","0","Q9H8X9","","A6H8Y1",""
"23.902078384710595","","interacts with","0","0.476387181","","MYH16 (interacts with) SHC2",,"0","0","0","1","0.551219512","0.401554849",,"false","interacts with","MYH16 (interacts with) SHC2","0","Q9H6N6","","P98077",""
"88.5","","interacts with","0","0.476426285","","COL3A1 (interacts with) NOSTRIN",,"1","0","1","1","0.551219512","0.401633059",,"false","interacts with","COL3A1 (interacts with) NOSTRIN","0","P02461","","Q8IVI9",""
"27.17076525339747","","interacts with","0","0.464192064","","MYH16 (interacts with) KLHL35",,"0","0","0","1","0.526829268","0.40155486",,"false","interacts with","MYH16 (interacts with) KLHL35","0","Q9H6N6","","Q6PF15",""
"68.03409795242379","","interacts with","0","0.464216057","","ZDHHC11 (interacts with) BOD1L1",,"0","0","0","1","0.526829268","0.401602845",,"false","interacts with","ZDHHC11 (interacts with) BOD1L1","0","Q9H8X9","","Q8NFC6",""
"5.499999999999999","","interacts with","0","0.461777305","","COBLL1 (interacts with) TMCO6",,"0","0","0","1","0.52195122","0.401603391",,"false","interacts with","COBLL1 (interacts with) TMCO6","0","Q53SF7","","Q96DC7",""
"109.63596647641597","","interacts with","0","0.476426159","","UBTFL1 (interacts with) COL5A3",,"0","1","1","1","0.551219512","0.401632806",,"false","interacts with","UBTFL1 (interacts with) COL5A3","0","P0CB47","","P25940",""
"0.0","","interacts with","0","0.670084774","","PRKACA (interacts with) PRKACA",,"1","1","1","1","0.941463415","0.398706133",,"false","interacts with","PRKACA (interacts with) PRKACA","0","P17612","","P17612",""
"7.416666666666667","","interacts with","0","0.464216173","","COBLL1 (interacts with) TRAV12-3",,"0","0","0","1","0.526829268","0.401603078",,"false","interacts with","COBLL1 (interacts with) TRAV12-3","0","Q53SF7","","A0A0B4J271",""
"12.133333333333333","","interacts with","0","0.464192191","","GSTP1 (interacts with) PHC2",,"0","0","0","1","0.526829268","0.401555113",,"false","interacts with","GSTP1 (interacts with) PHC2","0","P09211","","Q8IXK0",""
"6.3","","interacts with","0","0.464216277","","COBLL1 (interacts with) TMEM41A",,"0","0","0","1","0.526829268","0.401603285",,"false","interacts with","COBLL1 (interacts with) TMEM41A","0","Q53SF7","","Q96HV5",""
"257.34285714285704","","interacts with","0","0.476426339","","MYCN (interacts with) CNTF",,"1","0","1","1","0.551219512","0.401633165",,"false","interacts with","MYCN (interacts with) CNTF","0","P04198","","P26441",""
"7.752380952380952","","interacts with","0","0.464192106","","RAB24 (interacts with) SAMD15",,"0","0","0","1","0.526829268","0.401554945",,"false","interacts with","RAB24 (interacts with) SAMD15","0","Q969Q5","","Q9P1V8",""
"7.505555555555556","","interacts with","0","0.461777253","","COBLL1 (interacts with) SGCA",,"0","0","0","1","0.52195122","0.401603286",,"false","interacts with","COBLL1 (interacts with) SGCA","0","Q53SF7","","Q16586",""
"41.611111111111114","","interacts with","0","0.476426267","","COL1A2 (interacts with) FAM20A",,"1","0","1","1","0.551219512","0.401633021",,"false","interacts with","COL1A2 (interacts with) FAM20A","0","P08123","","Q96MK3",""
"7.209523809523809","","interacts with","0","0.47638725","","RAB24 (interacts with) NVL",,"0","0","0","1","0.551219512","0.401554988",,"false","interacts with","RAB24 (interacts with) NVL","0","Q969Q5","","O15381",""
"10.788888888888888","","interacts with","0","0.464216143","","COBLL1 (interacts with) SMIM26",,"0","0","0","1","0.526829268","0.401603018",,"false","interacts with","COBLL1 (interacts with) SMIM26","0","Q53SF7","","A0A096LP01",""
"18.0","","interacts with","0","0.464231222","","CASP3 (interacts with) WDR45B",,"1","0","1","1","0.526829268","0.401633175",,"false","interacts with","CASP3 (interacts with) WDR45B","0","P42574","","Q5MNZ6",""
"18.0","","interacts with","0","0.476387068","","ATXN7L1 (interacts with) TBC1D28",,"0","0","0","1","0.551219512","0.401554623",,"false","interacts with","ATXN7L1 (interacts with) TBC1D28","0","Q9ULK2","","Q2M2D7",""
"21.668745051377265","","interacts with","0","0.476387174","","MYH16 (interacts with) THNSL2",,"0","0","0","1","0.551219512","0.401554837",,"false","interacts with","MYH16 (interacts with) THNSL2","0","Q9H6N6","","Q86YJ6",""
"283.0","","interacts with","0","0.476426214","","COL1A1 (interacts with) TRNT1",,"1","0","1","1","0.551219512","0.401632916",,"false","interacts with","COL1A1 (interacts with) TRNT1","0","P02452","","Q96Q11",""
"13.648484848484848","","interacts with","0","0.476387132","","ATXN7L1 (interacts with) MOB2",,"0","0","0","1","0.551219512","0.401554751",,"false","interacts with","ATXN7L1 (interacts with) MOB2","0","Q9ULK2","","Q70IA6",""
"24.23791306946169","","interacts with","0","0.476387061","","MYH16 (interacts with) FCRL6",,"0","0","0","1","0.551219512","0.40155461",,"false","interacts with","MYH16 (interacts with) FCRL6","0","Q9H6N6","","Q6DN72",""
"24.0","","interacts with","0","0.476426233","","PTGS1 (interacts with) CLCN6",,"1","0","1","1","0.551219512","0.401632953",,"false","interacts with","PTGS1 (interacts with) CLCN6","0","P23219","","P51797",""
"25.052198783747407","","interacts with","0","0.476387108","","MYH16 (interacts with) UBTFL1",,"0","0","0","1","0.551219512","0.401554704",,"false","interacts with","MYH16 (interacts with) UBTFL1","0","Q9H6N6","","P0CB47",""
"13.338961038961038","","interacts with","0","0.476387149","","ATXN7L1 (interacts with) TRGV1",,"0","0","0","1","0.551219512","0.401554786",,"false","interacts with","ATXN7L1 (interacts with) TRGV1","0","Q9ULK2","","A0A0A0MS02",""
"36.18892165625912","","interacts with","0","0.476426267","","PSMA4 (interacts with) TRAF6",,"0","1","1","1","0.551219512","0.401633023",,"false","interacts with","PSMA4 (interacts with) TRAF6","0","P25789","","Q9Y4K3",""
"12.867532467532465","","interacts with","0","0.47638713","","ATXN7L1 (interacts with) PSMF1",,"0","0","0","1","0.551219512","0.401554747",,"false","interacts with","ATXN7L1 (interacts with) PSMF1","0","Q9ULK2","","Q92530",""
"8.0","","interacts with","0","0.476387076","","SHTN1 (interacts with) LSM6",,"0","0","0","1","0.551219512","0.401554639",,"false","interacts with","SHTN1 (interacts with) LSM6","0","A0MZ66","","P62312",""
"72.27777777777777","","interacts with","0","0.476426247","","COL5A2 (interacts with) HDHD5",,"1","0","1","1","0.551219512","0.401632982",,"false","interacts with","COL5A2 (interacts with) HDHD5","0","P05997","","Q9BXW7",""
"27.170765253397473","","interacts with","0","0.476387154","","MYH16 (interacts with) ITFG2",,"0","0","0","1","0.551219512","0.401554797",,"false","interacts with","MYH16 (interacts with) ITFG2","0","Q9H6N6","","Q969R8",""
"12.0","","interacts with","0","0.476426262","","TYROBP (interacts with) JUN",,"0","1","1","1","0.551219512","0.401633012",,"false","interacts with","TYROBP (interacts with) JUN","0","O43914","","P05412",""
"4.300000000000001","","interacts with","0","0.469070169","","ZDHHC11 (interacts with) NBPF6",,"0","0","0","1","0.536585366","0.401554971",,"false","interacts with","ZDHHC11 (interacts with) NBPF6","0","Q9H8X9","","Q5VWK0",""
"79.35319056393823","","interacts with","0","0.476387073","","PAH (interacts with) BDP1",,"0","0","0","1","0.551219512","0.401554633",,"false","interacts with","PAH (interacts with) BDP1","0","P00439","","A6H8Y1",""
"0.0","","interacts with","0","0.673191388","","COL5A2 (interacts with) COL5A2",,"1","1","1","1","0.941463415","0.404919361",,"false","interacts with","COL5A2 (interacts with) COL5A2","0","P05997","","P05997",""
"5.0238095238095255","","interacts with","0","0.464192165","","ZDHHC11 (interacts with) UBA2",,"0","0","0","1","0.526829268","0.401555063",,"false","interacts with","ZDHHC11 (interacts with) UBA2","0","Q9H8X9","","Q9UBT2",""
"32.723035439137135","","interacts with","0","0.476387233","","MYH16 (interacts with) PRAMEF27",,"0","0","0","1","0.551219512","0.401554953",,"false","interacts with","MYH16 (interacts with) PRAMEF27","0","Q9H6N6","","A3QJZ7",""
"62.0","","interacts with","0","0.476426228","","RELA (interacts with) C1orf43",,"1","0","1","1","0.551219512","0.401632944",,"false","interacts with","RELA (interacts with) C1orf43","0","Q04206","","Q9BWL3",""
"10.499156399156396","","interacts with","0","0.47638719","","ZDHHC11 (interacts with) MYLK3",,"0","0","0","1","0.551219512","0.401554867",,"false","interacts with","ZDHHC11 (interacts with) MYLK3","0","Q9H8X9","","Q32MK0",""
"8.333333333333332","","interacts with","0","0.469070192","","SHTN1 (interacts with) SMAGP",,"0","0","0","1","0.536585366","0.401555018",,"false","interacts with","SHTN1 (interacts with) SMAGP","0","A0MZ66","","Q0VAQ4",""
"32.805899017849484","","interacts with","0","0.464192064","","ZNF717 (interacts with) FRMPD4",,"0","0","0","1","0.526829268","0.40155486",,"false","interacts with","ZNF717 (interacts with) FRMPD4","0","Q9BY31","","Q14CM0",""
"18.0","","interacts with","0","0.464231485","","CALCA (interacts with) DYNLRB2",,"1","0","1","1","0.526829268","0.401633703",,"false","interacts with","CALCA (interacts with) DYNLRB2","0","P01258","","Q8TF09",""
"7.7333333333333325","","interacts with","0","0.464192131","","SHTN1 (interacts with) H2BC18",,"0","0","0","1","0.526829268","0.401554993",,"false","interacts with","SHTN1 (interacts with) H2BC18","0","A0MZ66","","Q5QNW6",""
"10.234199134199134","","interacts with","0","0.476387055","","ATXN7L1 (interacts with) PLA2G2D",,"0","0","0","1","0.551219512","0.401554597",,"false","interacts with","ATXN7L1 (interacts with) PLA2G2D","0","Q9ULK2","","Q9UNK4",""
"8.0","","interacts with","0","0.476387173","","SHTN1 (interacts with) ZSWIM7",,"0","0","0","1","0.551219512","0.401554833",,"false","interacts with","SHTN1 (interacts with) ZSWIM7","0","A0MZ66","","Q19AV6",""
"11.467532467532468","","interacts with","0","0.476387071","","ATXN7L1 (interacts with) C3orf84",,"0","0","0","1","0.551219512","0.40155463",,"false","interacts with","ATXN7L1 (interacts with) C3orf84","0","Q9ULK2","","H3BNL1",""
"16.566666666666663","","interacts with","0","0.476426358","","BMP2 (interacts with) RPUSD1",,"1","0","1","1","0.551219512","0.401633203",,"false","interacts with","BMP2 (interacts with) RPUSD1","0","P12643","","Q9UJJ7",""
"29.831578947368413","","interacts with","0","0.476387196","","MYH16 (interacts with) TELO2",,"0","0","0","1","0.551219512","0.40155488",,"false","interacts with","MYH16 (interacts with) TELO2","0","Q9H6N6","","Q9Y4R8",""
"15.285714285714286","","interacts with","0","0.476387176","","ATXN7L1 (interacts with) AKAP14",,"0","0","0","1","0.551219512","0.40155484",,"false","interacts with","ATXN7L1 (interacts with) AKAP14","0","Q9ULK2","","Q86UN6",""
"22.41248121929382","","interacts with","0","0.476387079","","MYH16 (interacts with) UPK1A",,"0","0","0","1","0.551219512","0.401554646",,"false","interacts with","MYH16 (interacts with) UPK1A","0","Q9H6N6","","O00322",""
"53.666666666666664","","interacts with","0","0.476426453","","TP53 (interacts with) TCP11L2",,"1","0","1","1","0.551219512","0.401633394",,"false","interacts with","TP53 (interacts with) TCP11L2","0","P04637","","Q8N4U5",""
"12.46904761904762","","interacts with","0","0.476387106","","ATXN7L1 (interacts with) HLA-DRB3",,"0","0","0","1","0.551219512","0.4015547",,"false","interacts with","ATXN7L1 (interacts with) HLA-DRB3","0","Q9ULK2","","P79483",""
"11.000000000000002","","interacts with","0","0.461753559","","ZSCAN22 (interacts with) KCNJ1",,"0","0","0","1","0.52195122","0.401555898",,"false","interacts with","ZSCAN22 (interacts with) KCNJ1","0","P10073","","P48048",""
"15.333333333333332","","interacts with","0","0.476426274","","COL1A2 (interacts with) STOX2",,"1","0","1","1","0.551219512","0.401633035",,"false","interacts with","COL1A2 (interacts with) STOX2","0","P08123","","Q9P2F5",""
"13.11904761904762","","interacts with","0","0.476387285","","ATXN7L1 (interacts with) OR56A4",,"0","0","0","1","0.551219512","0.401555058",,"false","interacts with","ATXN7L1 (interacts with) OR56A4","0","Q9ULK2","","Q8NGH8",""
"10.888888888888888","","interacts with","0","0.47638736","","ZSCAN22 (interacts with) CD82",,"0","0","0","1","0.551219512","0.401555207",,"false","interacts with","ZSCAN22 (interacts with) CD82","0","P10073","","P27701",""
"5.644444444444446","","interacts with","0","0.476387526","","DDX4 (interacts with) KYNU",,"0","0","0","1","0.551219512","0.40155554",,"false","interacts with","DDX4 (interacts with) KYNU","0","Q9NQI0","","Q16719",""
"170.87182539682541","","interacts with","0","0.476426259","","COL1A1 (interacts with) SLC35B4",,"1","0","1","1","0.551219512","0.401633006",,"false","interacts with","COL1A1 (interacts with) SLC35B4","0","P02452","","Q969S0",""
"8.819047619047621","","interacts with","0","0.476387421","","ZSCAN22 (interacts with) SLC25A30",,"0","0","0","1","0.551219512","0.40155533",,"false","interacts with","ZSCAN22 (interacts with) SLC25A30","0","P10073","","Q5SVS4",""
"7.3999999999999995","","interacts with","0","0.476387178","","SHTN1 (interacts with) TYROBP",,"0","0","0","1","0.551219512","0.401554844",,"false","interacts with","SHTN1 (interacts with) TYROBP","0","A0MZ66","","O43914",""
"48.35736304880949","","interacts with","0","0.476426379","","COL3A1 (interacts with) ARHGAP44",,"1","0","1","1","0.551219512","0.401633246",,"false","interacts with","COL3A1 (interacts with) ARHGAP44","0","P02461","","Q17R89",""
"18.0","","interacts with","0","0.476387091","","ATXN7L1 (interacts with) NKX6-3",,"0","0","0","1","0.551219512","0.401554671",,"false","interacts with","ATXN7L1 (interacts with) NKX6-3","0","Q9ULK2","","A6NJ46",""
"15.666666666666668","","interacts with","0","0.476387104","","ATXN7L1 (interacts with) FRZB",,"0","0","0","1","0.551219512","0.401554696",,"false","interacts with","ATXN7L1 (interacts with) FRZB","0","Q9ULK2","","Q92765",""
"155.35905205905203","","interacts with","0","0.461816239","","CTSK (interacts with) ICE2",,"1","0","1","1","0.52195122","0.401681259",,"false","interacts with","CTSK (interacts with) ICE2","0","P43235","","Q659A1",""
"7.3999999999999995","","interacts with","0","0.469070005","","SHTN1 (interacts with) RPL34",,"0","0","0","1","0.536585366","0.401554645",,"false","interacts with","SHTN1 (interacts with) RPL34","0","A0MZ66","","P49207",""
"7.4","","interacts with","0","0.476387083","","SHTN1 (interacts with) MRPS6",,"0","0","0","1","0.551219512","0.401554654",,"false","interacts with","SHTN1 (interacts with) MRPS6","0","A0MZ66","","P82932",""
"10.853246753246752","","interacts with","0","0.476387133","","ATXN7L1 (interacts with) SCN3B",,"0","0","0","1","0.551219512","0.401554754",,"false","interacts with","ATXN7L1 (interacts with) SCN3B","0","Q9ULK2","","Q9NY72",""
"11.353246753246754","","interacts with","0","0.476387079","","ATXN7L1 (interacts with) SHISA2",,"0","0","0","1","0.551219512","0.401554647",,"false","interacts with","ATXN7L1 (interacts with) SHISA2","0","Q9ULK2","","Q6UWI4",""
"47.86666666666666","","interacts with","0","0.476426289","","ZNF547 (interacts with) TRAF6",,"0","1","1","1","0.551219512","0.401633066",,"false","interacts with","ZNF547 (interacts with) TRAF6","0","Q8IVP9","","Q9Y4K3",""
"10.4","","interacts with","0","0.476387245","","DDX4 (interacts with) PPP2CB",,"0","0","0","1","0.551219512","0.401554978",,"false","interacts with","DDX4 (interacts with) PPP2CB","0","Q9NQI0","","P62714",""
"28.407936507936512","","interacts with","0","0.476387075","","MYH16 (interacts with) TBCE",,"0","0","0","1","0.551219512","0.401554638",,"false","interacts with","MYH16 (interacts with) TBCE","0","Q9H6N6","","Q15813",""
"5.644444444444446","","interacts with","0","0.461753038","","DDX4 (interacts with) HOXA13",,"0","0","0","1","0.52195122","0.401554856",,"false","interacts with","DDX4 (interacts with) HOXA13","0","Q9NQI0","","P31271",""
"8.066666666666666","","interacts with","0","0.464192213","","ZSCAN22 (interacts with) NBPF4",,"0","0","0","1","0.526829268","0.401555158",,"false","interacts with","ZSCAN22 (interacts with) NBPF4","0","P10073","","Q96M43",""
"7.166666666666667","","interacts with","0","0.476387153","","ZC3H13 (interacts with) TTC39B",,"0","0","0","1","0.551219512","0.401554793",,"false","interacts with","ZC3H13 (interacts with) TTC39B","0","Q5T200","","Q5VTQ0",""
"39.06666666666667","","interacts with","0","0.476426376","","TP53 (interacts with) HLA-DRB3",,"1","0","1","1","0.551219512","0.40163324",,"false","interacts with","TP53 (interacts with) HLA-DRB3","0","P04637","","P79483",""
"6.166666666666667","","interacts with","0","0.469070062","","ZC3H13 (interacts with) SPEM3",,"0","0","0","1","0.536585366","0.401554759",,"false","interacts with","ZC3H13 (interacts with) SPEM3","0","Q5T200","","A0A1B0GUW6",""
"7.066666666666667","","interacts with","0","0.476387768","","ZSCAN22 (interacts with) OR2A5",,"0","0","0","1","0.551219512","0.401556024",,"false","interacts with","ZSCAN22 (interacts with) OR2A5","0","P10073","","Q96R48",""
"12.654907631068623","","interacts with","0","0.476426373","","MYC (interacts with) GSTP1",,"1","0","1","1","0.551219512","0.401633234",,"false","interacts with","MYC (interacts with) GSTP1","0","P01106","","P09211",""
"6.166666666666666","","interacts with","0","0.461753027","","ZC3H13 (interacts with) COL4A4",,"0","0","0","1","0.52195122","0.401554835",,"false","interacts with","ZC3H13 (interacts with) COL4A4","0","Q5T200","","P53420",""
"24.568745051377256","","interacts with","0","0.476387066","","MYH16 (interacts with) LPCAT1",,"0","0","0","1","0.551219512","0.40155462",,"false","interacts with","MYH16 (interacts with) LPCAT1","0","Q9H6N6","","Q8NF37",""
"10.0","","interacts with","0","0.476387197","","ZC3H13 (interacts with) LRRC8E",,"0","0","0","1","0.551219512","0.401554883",,"false","interacts with","ZC3H13 (interacts with) LRRC8E","0","Q5T200","","Q6NSJ5",""
"54.833333333333336","","interacts with","0","0.476426238","","ELAVL2 (interacts with) TRAF6",,"0","1","1","1","0.551219512","0.401632964",,"false","interacts with","ELAVL2 (interacts with) TRAF6","0","Q12926","","Q9Y4K3",""
"7.433333333333334","","interacts with","0","0.464192203","","DDX4 (interacts with) HOXD13",,"0","0","0","1","0.526829268","0.401555138",,"false","interacts with","DDX4 (interacts with) HOXD13","0","Q9NQI0","","P35453",""
"10.93809523809524","","interacts with","0","0.47638742","","ZSCAN22 (interacts with) NKAIN1",,"0","0","0","1","0.551219512","0.401555327",,"false","interacts with","ZSCAN22 (interacts with) NKAIN1","0","P10073","","Q4KMZ8",""
"83.9","","interacts with","0","0.476426288","","COL5A2 (interacts with) DAPP1",,"1","0","1","1","0.551219512","0.401633063",,"false","interacts with","COL5A2 (interacts with) DAPP1","0","P05997","","Q9UN19",""
"5.744444444444445","","interacts with","0","0.476387399","","DDX4 (interacts with) GPR141",,"0","0","0","1","0.551219512","0.401555285",,"false","interacts with","DDX4 (interacts with) GPR141","0","Q9NQI0","","Q7Z602",""
"20.637373737373732","","interacts with","0","0.476387119","","ZSCAN22 (interacts with) RABL6",,"0","0","0","1","0.551219512","0.401554727",,"false","interacts with","ZSCAN22 (interacts with) RABL6","0","P10073","","Q3YEC7",""
"16.0","","interacts with","0","0.476426378","","JUN (interacts with) ZSWIM7",,"1","0","1","1","0.551219512","0.401633244",,"false","interacts with","JUN (interacts with) ZSWIM7","0","P05412","","Q19AV6",""
"7.066666666666666","","interacts with","0","0.476387302","","ZSCAN22 (interacts with) CCNQ",,"0","0","0","1","0.551219512","0.401555091",,"false","interacts with","ZSCAN22 (interacts with) CCNQ","0","P10073","","Q8N1B3",""
"5.077777777777779","","interacts with","0","0.476387418","","DDX4 (interacts with) OR9A1P",,"0","0","0","1","0.551219512","0.401555323",,"false","interacts with","DDX4 (interacts with) OR9A1P","0","Q9NQI0","","Q8NGU1",""
"51.520133792278926","","interacts with","0","0.476426243","","COL5A2 (interacts with) RCOR2",,"1","0","1","1","0.551219512","0.401632974",,"false","interacts with","COL5A2 (interacts with) RCOR2","0","P05997","","Q8IZ40",""
"9.033333333333333","","interacts with","0","0.464192397","","ZSCAN22 (interacts with) TBX10",,"0","0","0","1","0.526829268","0.401555526",,"false","interacts with","ZSCAN22 (interacts with) TBX10","0","P10073","","O75333",""
"6.144444444444445","","interacts with","0","0.476387559","","DDX4 (interacts with) ADORA3",,"0","0","0","1","0.551219512","0.401555606",,"false","interacts with","DDX4 (interacts with) ADORA3","0","Q9NQI0","","P0DMS8",""
"7.066666666666666","","interacts with","0","0.469070254","","ZSCAN22 (interacts with) AKR1B10",,"0","0","0","1","0.536585366","0.401555143",,"false","interacts with","ZSCAN22 (interacts with) AKR1B10","0","P10073","","O60218",""
"50.06666666666667","","interacts with","0","0.4642312","","TP53 (interacts with) RAB11FIP2",,"1","0","1","1","0.526829268","0.401633131",,"false","interacts with","TP53 (interacts with) RAB11FIP2","0","P04637","","Q7L804",""
"28.351693421398156","","interacts with","0","0.464192214","","GCKR (interacts with) PSMD13",,"0","0","0","1","0.526829268","0.40155516",,"false","interacts with","GCKR (interacts with) PSMD13","0","Q14397","","Q9UNM6",""
"35.0","","interacts with","0","0.476426223","","NTRK1 (interacts with) GCGR",,"1","0","1","1","0.551219512","0.401632934",,"false","interacts with","NTRK1 (interacts with) GCGR","0","P04629","","P47871",""
"264.69486413956884","","interacts with","0","0.464192388","","GCKR (interacts with) TARDBP",,"0","0","0","1","0.526829268","0.401555507",,"false","interacts with","GCKR (interacts with) TARDBP","0","Q14397","","Q13148",""
"16.666666666666664","","interacts with","0","0.469070261","","ZCCHC8 (interacts with) KRT39",,"0","0","0","1","0.536585366","0.401555156",,"false","interacts with","ZCCHC8 (interacts with) KRT39","0","Q6NZY4","","Q6A163",""
"32.83333333333333","","interacts with","0","0.476426211","","DSPP (interacts with) PROCR",,"0","1","1","1","0.551219512","0.401632909",,"false","interacts with","DSPP (interacts with) PROCR","0","Q9NZW4","","Q9UNN8",""
"16.999999999999996","","interacts with","0","0.476387178","","ZCCHC8 (interacts with) HSP90AA4P",,"0","0","0","1","0.551219512","0.401554843",,"false","interacts with","ZCCHC8 (interacts with) HSP90AA4P","0","Q6NZY4","","Q58FG1",""
"18.0","","interacts with","0","0.461792268","","CALCA (interacts with) TAC3",,"1","0","1","1","0.52195122","0.401633317",,"false","interacts with","CALCA (interacts with) TAC3","0","P01258","","Q9UHF0",""
"7.748484848484848","","interacts with","0","0.464192249","","ZSCAN22 (interacts with) MRPL28",,"0","0","0","1","0.526829268","0.401555229",,"false","interacts with","ZSCAN22 (interacts with) MRPL28","0","P10073","","Q13084",""
"16.0","","interacts with","0","0.47642627","","CALCA (interacts with) SREK1",,"1","0","1","1","0.551219512","0.401633029",,"false","interacts with","CALCA (interacts with) SREK1","0","P01258","","Q8WXA9",""
"7.419047619047619","","interacts with","0","0.476387435","","ZSCAN22 (interacts with) CLDN12",,"0","0","0","1","0.551219512","0.401555357",,"false","interacts with","ZSCAN22 (interacts with) CLDN12","0","P10073","","P56749",""
"33.02911567529629","","interacts with","0","0.464216175","","ZSCAN22 (interacts with) BDP1",,"0","0","0","1","0.526829268","0.401603081",,"false","interacts with","ZSCAN22 (interacts with) BDP1","0","P10073","","A6H8Y1",""
"10.0","","interacts with","0","0.469070056","","ZC3H13 (interacts with) DDIAS",,"0","0","0","1","0.536585366","0.401554747",,"false","interacts with","ZC3H13 (interacts with) DDIAS","0","Q5T200","","Q8IXT1",""
"64.06743128575705","","interacts with","0","0.461777133","","ZSCAN22 (interacts with) BOD1L1",,"0","0","0","1","0.52195122","0.401603046",,"false","interacts with","ZSCAN22 (interacts with) BOD1L1","0","P10073","","Q8NFC6",""
"117.35590178706339","","interacts with","0","0.476426234","","COL5A3 (interacts with) FCN2",,"1","0","1","1","0.551219512","0.401632956",,"false","interacts with","COL5A3 (interacts with) FCN2","0","P25940","","Q15485",""
"8.333333333333332","","interacts with","0","0.476387153","","ZC3H13 (interacts with) RAD54B",,"0","0","0","1","0.551219512","0.401554793",,"false","interacts with","ZC3H13 (interacts with) RAD54B","0","Q5T200","","Q9Y620",""
"7.133333333333334","","interacts with","0","0.600546618","","ZSCAN22 (interacts with) ZNF449",,"0","0","0","1","0.8","0.401093235",,"false","interacts with","ZSCAN22 (interacts with) ZNF449","0","P10073","","Q6P9G9",""
"249.60517815517815","","interacts with","0","0.476426272","","COL1A1 (interacts with) SLC9A8",,"1","0","1","1","0.551219512","0.401633032",,"false","interacts with","COL1A1 (interacts with) SLC9A8","0","P02452","","Q9Y2E8",""
"9.5","","interacts with","0","0.461777047","","GCKR (interacts with) DCTN1",,"0","0","0","1","0.52195122","0.401602874",,"false","interacts with","GCKR (interacts with) DCTN1","0","Q14397","","Q14203",""
"18.333333333333332","","interacts with","0","0.476387171","","ZCCHC8 (interacts with) DOC2B",,"0","0","0","1","0.551219512","0.40155483",,"false","interacts with","ZCCHC8 (interacts with) DOC2B","0","Q6NZY4","","Q14184",""
"58.733333333333334","","interacts with","0","0.476426415","","TFAP2A (interacts with) TRAF6",,"0","1","1","1","0.551219512","0.401633318",,"false","interacts with","TFAP2A (interacts with) TRAF6","0","P05549","","Q9Y4K3",""
"18.0","","interacts with","0","0.476387308","","ZCCHC8 (interacts with) STRADA",,"0","0","0","1","0.551219512","0.401555104",,"false","interacts with","ZCCHC8 (interacts with) STRADA","0","Q6NZY4","","Q7RTN6",""
"7.0","","interacts with","0","0.476387153","","PLA2G2D (interacts with) GTF2F1",,"0","0","0","1","0.551219512","0.401554793",,"false","interacts with","PLA2G2D (interacts with) GTF2F1","0","Q9UNK4","","P35269",""
"15.84848484848485","","interacts with","0","0.476426423","","BCL2 (interacts with) SLC48A1",,"1","0","1","1","0.551219512","0.401633335",,"false","interacts with","BCL2 (interacts with) SLC48A1","0","P10415","","Q6P1K1",""
"16.333333333333336","","interacts with","0","0.461753273","","ZCCHC8 (interacts with) CCDC183",,"0","0","0","1","0.52195122","0.401555326",,"false","interacts with","ZCCHC8 (interacts with) CCDC183","0","Q6NZY4","","Q5T5S1",""
"18.0","","interacts with","0","0.476426291","","ACOX3 (interacts with) SRC",,"0","1","1","1","0.551219512","0.401633069",,"false","interacts with","ACOX3 (interacts with) SRC","0","O15254","","P12931",""
"4.404761904761904","","interacts with","0","0.464192187","","PLA2G2D (interacts with) SCN3B",,"0","0","0","1","0.526829268","0.401555106",,"false","interacts with","PLA2G2D (interacts with) SCN3B","0","Q9UNK4","","Q9NY72",""
"114.0","","interacts with","0","0.46425531","","COL3A1 (interacts with) PTGER1",,"1","0","1","1","0.526829268","0.401681351",,"false","interacts with","COL3A1 (interacts with) PTGER1","0","P02461","","P34995",""
"6.119047619047619","","interacts with","0","0.461753176","","PLA2G2D (interacts with) SHISA2",,"0","0","0","1","0.52195122","0.401555132",,"false","interacts with","PLA2G2D (interacts with) SHISA2","0","Q9UNK4","","Q6UWI4",""
"18.0","","interacts with","0","0.476387174","","ZCCHC8 (interacts with) WEE2",,"0","0","0","1","0.551219512","0.401554836",,"false","interacts with","ZCCHC8 (interacts with) WEE2","0","Q6NZY4","","P0C1S8",""
"18.0","","interacts with","0","0.476387225","","ZCCHC8 (interacts with) SERPINB10",,"0","0","0","1","0.551219512","0.401554938",,"false","interacts with","ZCCHC8 (interacts with) SERPINB10","0","Q6NZY4","","P48595",""
"108.0","","interacts with","0","0.476426187","","TSSK6 (interacts with) TRAF6",,"0","1","1","1","0.551219512","0.401632861",,"false","interacts with","TSSK6 (interacts with) TRAF6","0","Q9BXA6","","Q9Y4K3",""
"3.3","","interacts with","0","0.476387249","","PSG11 (interacts with) CEP126",,"0","0","0","1","0.551219512","0.401554987",,"false","interacts with","PSG11 (interacts with) CEP126","0","Q9UQ72","","Q9P2H0",""
"15.166666666666666","","interacts with","0","0.476387195","","ZCCHC8 (interacts with) ZNF485",,"0","0","0","1","0.551219512","0.401554878",,"false","interacts with","ZCCHC8 (interacts with) ZNF485","0","Q6NZY4","","Q8NCK3",""
"5.2252747252747245","","interacts with","0","0.461777118","","PSG11 (interacts with) ZNF638",,"0","0","0","1","0.52195122","0.401603016",,"false","interacts with","PSG11 (interacts with) ZNF638","0","Q9UQ72","","Q14966",""
"57.23333333333334","","interacts with","0","0.464231275","","COL1A2 (interacts with) CARF",,"1","0","1","1","0.526829268","0.401633281",,"false","interacts with","COL1A2 (interacts with) CARF","0","P08123","","Q8N187",""
"14.4","","interacts with","0","0.476387082","","ZCCHC8 (interacts with) NEIL3",,"0","0","0","1","0.551219512","0.401554652",,"false","interacts with","ZCCHC8 (interacts with) NEIL3","0","Q6NZY4","","Q8TAT5",""
"2.0","","interacts with","0","0.56407541","","INTS5 (interacts with) PPP2CA",,"0","0","0","1","0.726829268","0.401321551",,"false","interacts with","INTS5 (interacts with) PPP2CA","0","Q6P9B9","","P67775",""
"0.0","","interacts with","0","0.645816934","","TP53 (interacts with) TP53",,"1","1","1","1","0.87804878","0.413585087",,"false","interacts with","TP53 (interacts with) TP53","0","P04637","","P04637",""
"6.391941391941391","","interacts with","0","0.47638711","","PSG11 (interacts with) TRIP11",,"0","0","0","1","0.551219512","0.401554707",,"false","interacts with","PSG11 (interacts with) TRIP11","0","Q9UQ72","","Q15643",""
"31.333333333333332","","interacts with","0","0.476387089","","ZCCHC8 (interacts with) MIER2",,"0","0","0","1","0.551219512","0.401554665",,"false","interacts with","ZCCHC8 (interacts with) MIER2","0","Q6NZY4","","Q8N344",""
"23.566666666666663","","interacts with","0","0.476426285","","MYCL (interacts with) NEDD1",,"1","0","1","1","0.551219512","0.401633059",,"false","interacts with","MYCL (interacts with) NEDD1","0","P12524","","Q8NHV4",""
"3.6666666666666665","","interacts with","0","0.464192172","","TTC39B (interacts with) COL4A4",,"0","0","0","1","0.526829268","0.401555075",,"false","interacts with","TTC39B (interacts with) COL4A4","0","Q5VTQ0","","P53420",""
"13.9","","interacts with","0","0.464192033","","ZCCHC8 (interacts with) CTNNA3",,"0","0","0","1","0.526829268","0.401554798",,"false","interacts with","ZCCHC8 (interacts with) CTNNA3","0","Q6NZY4","","Q9UI47",""
"58.0","","interacts with","0","0.476426256","","TNFSF11 (interacts with) CUX1",,"1","0","1","1","0.551219512","0.401633",,"false","interacts with","TNFSF11 (interacts with) CUX1","0","O14788","","Q13948",""
"8.316666666666666","","interacts with","0","0.464192533","","PLA2G2D (interacts with) OR56A4",,"0","0","0","1","0.526829268","0.401555798",,"false","interacts with","PLA2G2D (interacts with) OR56A4","0","Q9UNK4","","Q8NGH8",""
"14.9","","interacts with","0","0.476387508","","ZCCHC8 (interacts with) ARMC2",,"0","0","0","1","0.551219512","0.401555503",,"false","interacts with","ZCCHC8 (interacts with) ARMC2","0","Q6NZY4","","Q8NEN0",""
"56.0","","interacts with","0","0.464231135","","CCDC71 (interacts with) SOST",,"0","1","1","1","0.526829268","0.401633002",,"false","interacts with","CCDC71 (interacts with) SOST","0","Q8IV32","","Q9BQB4",""
"10.0","","interacts with","0","0.476387155","","DSPP (interacts with) ZBTB22",,"0","0","0","1","0.551219512","0.401554798",,"false","interacts with","DSPP (interacts with) ZBTB22","0","Q9NZW4","","O15209",""
"142.8048756798757","","interacts with","0","0.464231328","","MYCN (interacts with) ARHGAP11B",,"1","0","1","1","0.526829268","0.401633388",,"false","interacts with","MYCN (interacts with) ARHGAP11B","0","P04198","","Q3KRB8",""
"18.0","","interacts with","0","0.464191971","","ZCCHC8 (interacts with) GSR",,"0","0","0","1","0.526829268","0.401554673",,"false","interacts with","ZCCHC8 (interacts with) GSR","0","Q6NZY4","","P00390",""
"0.0","","interacts with","0","0.582333853","","BCL2 (interacts with) BCL2",,"1","1","1","1","0.765853659","0.398814048",,"false","interacts with","BCL2 (interacts with) BCL2","0","P10415","","P10415",""
"14.233333333333334","","interacts with","0","0.46419213","","ZCCHC8 (interacts with) SOBP",,"0","0","0","1","0.526829268","0.401554992",,"false","interacts with","ZCCHC8 (interacts with) SOBP","0","Q6NZY4","","A7XYQ1",""
"8.502380952380953","","interacts with","0","0.46419197","","PLA2G2D (interacts with) TMEM200C",,"0","0","0","1","0.526829268","0.401554672",,"false","interacts with","PLA2G2D (interacts with) TMEM200C","0","Q9UNK4","","A6NKL6",""
"44.0","","interacts with","0","0.476426261","","MYCL (interacts with) TRIT1",,"1","0","1","1","0.551219512","0.40163301",,"false","interacts with","MYCL (interacts with) TRIT1","0","P12524","","Q9H3H1",""
"6.8579365079365076","","interacts with","0","0.476387056","","PLA2G2D (interacts with) DNAAF1",,"0","0","0","1","0.551219512","0.4015546",,"false","interacts with","PLA2G2D (interacts with) DNAAF1","0","Q9UNK4","","Q8NEP3",""
"29.645758685758686","","interacts with","0","0.476387143","","SCO1 (interacts with) TRIM23",,"0","0","0","1","0.551219512","0.401554774",,"false","interacts with","SCO1 (interacts with) TRIM23","0","O75880","","P36406",""
"22.01545643898585","","interacts with","0","0.476426282","","FILIP1 (interacts with) TRAF6",,"0","1","1","1","0.551219512","0.401633051",,"false","interacts with","FILIP1 (interacts with) TRAF6","0","Q7Z7B0","","Q9Y4K3",""
"5.813492063492063","","interacts with","0","0.47642616","","PLA2G2D (interacts with) MRE11",,"0","0","0","1","0.551219512","0.401632808",,"false","interacts with","PLA2G2D (interacts with) MRE11","0","Q9UNK4","","P49959",""
"10.833333333333332","","interacts with","0","0.476387127","","DSPP (interacts with) ZNF48",,"0","0","0","1","0.551219512","0.401554742",,"false","interacts with","DSPP (interacts with) ZNF48","0","Q9NZW4","","Q96MX3",""
"136.95791245791247","","interacts with","0","0.476426166","","COL5A3 (interacts with) DAW1",,"1","0","1","1","0.551219512","0.40163282",,"false","interacts with","COL5A3 (interacts with) DAW1","0","P25940","","Q8N136",""
"7.173088023088023","","interacts with","0","0.476387103","","PLA2G2D (interacts with) RNF168",,"0","0","0","1","0.551219512","0.401554694",,"false","interacts with","PLA2G2D (interacts with) RNF168","0","Q9UNK4","","Q8IYW5",""
"6.833333333333333","","interacts with","0","0.461753165","","PLA2G2D (interacts with) HLA-DRB3",,"0","0","0","1","0.52195122","0.40155511",,"false","interacts with","PLA2G2D (interacts with) HLA-DRB3","0","Q9UNK4","","P79483",""
"4.153846153846153","","interacts with","0","0.46181614","","AKT1 (interacts with) ZNF638",,"1","0","1","1","0.52195122","0.401681061",,"false","interacts with","AKT1 (interacts with) ZNF638","0","P31749","","Q14966",""
"15.833333333333332","","interacts with","0","0.476387061","","ZCCHC8 (interacts with) DCDC2C",,"0","0","0","1","0.551219512","0.401554609",,"false","interacts with","ZCCHC8 (interacts with) DCDC2C","0","Q6NZY4","","A8MYV0",""
"6.7333333333333325","","interacts with","0","0.476387073","","TRBV10-3 (interacts with) SALL2",,"0","0","0","1","0.551219512","0.401554633",,"false","interacts with","TRBV10-3 (interacts with) SALL2","0","A0A0K0K1G6","","Q9Y467",""
"7.083333333333333","","interacts with","0","0.476387146","","TRBV10-3 (interacts with) ZNF358",,"0","0","0","1","0.551219512","0.40155478",,"false","interacts with","TRBV10-3 (interacts with) ZNF358","0","A0A0K0K1G6","","Q9NW07",""
"14.333333333333334","","interacts with","0","0.476426335","","DSPP (interacts with) SMIM26",,"0","0","0","1","0.551219512","0.401633157",,"false","interacts with","DSPP (interacts with) SMIM26","0","Q9NZW4","","A0A096LP01",""
"11.0","","interacts with","0","0.476387122","","TRBV10-3 (interacts with) GARIN2",,"0","0","0","1","0.551219512","0.401554732",,"false","interacts with","TRBV10-3 (interacts with) GARIN2","0","A0A0K0K1G6","","Q8N9W8",""
"10.460317460317457","","interacts with","0","0.464231272","","MYCL (interacts with) EDDM3A",,"1","0","1","1","0.526829268","0.401633275",,"false","interacts with","MYCL (interacts with) EDDM3A","0","P12524","","Q14507",""
"9.250000000000002","","interacts with","0","0.476387141","","TRBV10-3 (interacts with) GRAMD2B",,"0","0","0","1","0.551219512","0.40155477",,"false","interacts with","TRBV10-3 (interacts with) GRAMD2B","0","A0A0K0K1G6","","Q96HH9",""
"68.0","","interacts with","0","0.476426316","","RELA (interacts with) OR7A2P",,"1","0","1","1","0.551219512","0.401633119",,"false","interacts with","RELA (interacts with) OR7A2P","0","Q04206","","Q8NGA2",""
"7.333333333333332","","interacts with","0","0.46419209","","TRBV10-3 (interacts with) PPP1R8",,"0","0","0","1","0.526829268","0.401554911",,"false","interacts with","TRBV10-3 (interacts with) PPP1R8","0","A0A0K0K1G6","","Q12972",""
"10.001618526401135","","interacts with","0","0.47638714","","MARK1 (interacts with) ST8SIA5",,"0","0","0","1","0.551219512","0.401554768",,"false","interacts with","MARK1 (interacts with) ST8SIA5","0","Q9P0L2","","O15466",""
"63.66666666666667","","interacts with","0","0.476426215","","COL1A2 (interacts with) PDGFD",,"1","0","1","1","0.551219512","0.401632917",,"false","interacts with","COL1A2 (interacts with) PDGFD","0","P08123","","Q9GZP0",""
"3.333333333333333","","interacts with","0","0.461753007","","MARK1 (interacts with) ZNF595",,"0","0","0","1","0.52195122","0.401554794",,"false","interacts with","MARK1 (interacts with) ZNF595","0","Q9P0L2","","Q8IYB9",""
"14.666666666666668","","interacts with","0","0.476426294","","SPP1 (interacts with) ZNF358",,"1","0","1","1","0.551219512","0.401633077",,"false","interacts with","SPP1 (interacts with) ZNF358","0","P10451","","Q9NW07",""
"7.6499999999999995","","interacts with","0","0.476387078","","TRBV10-3 (interacts with) LACC1",,"0","0","0","1","0.551219512","0.401554643",,"false","interacts with","TRBV10-3 (interacts with) LACC1","0","A0A0K0K1G6","","Q8IV20",""
"4.666666666666666","","interacts with","0","0.469070139","","KRT39 (interacts with) HSP90AA4P",,"0","0","0","1","0.536585366","0.401554912",,"false","interacts with","KRT39 (interacts with) HSP90AA4P","0","Q6A163","","Q58FG1",""
"6.65","","interacts with","0","0.476387183","","TRBV10-3 (interacts with) PRR5",,"0","0","0","1","0.551219512","0.401554855",,"false","interacts with","TRBV10-3 (interacts with) PRR5","0","A0A0K0K1G6","","P85299",""
"79.0","","interacts with","0","0.476426237","","COL3A1 (interacts with) RSBN1",,"1","0","1","1","0.551219512","0.401632962",,"false","interacts with","COL3A1 (interacts with) RSBN1","0","P02461","","Q5VWQ0",""
"16.890696382142824","","interacts with","0","0.464255322","","SOCS5 (interacts with) MED1",,"0","0","0","1","0.526829268","0.401681376",,"false","interacts with","SOCS5 (interacts with) MED1","0","O75159","","Q15648",""
"7.666666666666667","","interacts with","0","0.469070318","","TRBV10-3 (interacts with) POLR3GL",,"0","0","0","1","0.536585366","0.40155527",,"false","interacts with","TRBV10-3 (interacts with) POLR3GL","0","A0A0K0K1G6","","Q9BT43",""
"10.400000000000002","","interacts with","0","0.464231215","","PRKACA (interacts with) NXPH1",,"1","0","1","1","0.526829268","0.401633161",,"false","interacts with","PRKACA (interacts with) NXPH1","0","P17612","","P58417",""
"7.15","","interacts with","0","0.476387103","","TRBV10-3 (interacts with) TSC22D2",,"0","0","0","1","0.551219512","0.401554693",,"false","interacts with","TRBV10-3 (interacts with) TSC22D2","0","A0A0K0K1G6","","O75157",""
"164.5737815504817","","interacts with","0","0.4618162","","ARHGAP11A (interacts with) BOD1L1",,"0","0","0","1","0.52195122","0.40168118",,"false","interacts with","ARHGAP11A (interacts with) BOD1L1","0","Q6P4F7","","Q8NFC6",""
"22.0","","interacts with","0","0.464231132","","DEFB4B (interacts with) CALCA",,"0","1","1","1","0.526829268","0.401632996",,"false","interacts with","DEFB4B (interacts with) CALCA","0","O15263","","P01258",""
"101.32472120506317","","interacts with","0","0.476426154","","COL5A3 (interacts with) SULT1C3",,"1","0","1","1","0.551219512","0.401632797",,"false","interacts with","COL5A3 (interacts with) SULT1C3","0","P25940","","Q6IMI6",""
"5.75714285714286","","interacts with","0","0.476387091","","ZKSCAN4 (interacts with) CCDC150",,"0","0","0","1","0.551219512","0.40155467",,"false","interacts with","ZKSCAN4 (interacts with) CCDC150","0","Q969J2","","Q8NCX0",""
"11.722222222222221","","interacts with","0","0.476387155","","SH3D21 (interacts with) BCL9",,"0","0","0","1","0.551219512","0.401554798",,"false","interacts with","SH3D21 (interacts with) BCL9","0","A4FU49","","O00512",""
"17.0","","interacts with","0","0.47642619","","GSK3B (interacts with) SCML1",,"1","0","1","1","0.551219512","0.401632869",,"false","interacts with","GSK3B (interacts with) SCML1","0","P49841","","Q9UN30",""
"5.7","","interacts with","0","0.476387263","","SH3D21 (interacts with) TRAV12-3",,"0","0","0","1","0.551219512","0.401555014",,"false","interacts with","SH3D21 (interacts with) TRAV12-3","0","A4FU49","","A0A0B4J271",""
"0.0","","interacts with","0","0.650830335","","TNFSF11 (interacts with) TNFSF11",,"1","1","1","1","0.907317073","0.394343597",,"false","interacts with","TNFSF11 (interacts with) TNFSF11","0","O14788","","O14788",""
"8.7","","interacts with","0","0.464192109","","SH3D21 (interacts with) SMIM26",,"0","0","0","1","0.526829268","0.40155495",,"false","interacts with","SH3D21 (interacts with) SMIM26","0","A4FU49","","A0A096LP01",""
"4.866666666666667","","interacts with","0","0.476387099","","ZKSCAN4 (interacts with) ZNF438",,"0","0","0","1","0.551219512","0.401554686",,"false","interacts with","ZKSCAN4 (interacts with) ZNF438","0","Q969J2","","Q7Z4V0",""
"83.6929777789479","","interacts with","0","0.464255243","","CTSK (interacts with) FANCI",,"1","0","1","1","0.526829268","0.401681217",,"false","interacts with","CTSK (interacts with) FANCI","0","P43235","","Q9NVI1",""
"6.171428571428573","","interacts with","0","0.476387182","","ZKSCAN4 (interacts with) TIMP4",,"0","0","0","1","0.551219512","0.401554852",,"false","interacts with","ZKSCAN4 (interacts with) TIMP4","0","Q969J2","","Q99727",""
"38.601292824822245","","interacts with","0","0.47642634","","OR2A7 (interacts with) TRAF6",,"0","1","1","1","0.551219512","0.401633168",,"false","interacts with","OR2A7 (interacts with) TRAF6","0","Q96R45","","Q9Y4K3",""
"53.14161494156426","","interacts with","0","0.464216148","","PRPF19 (interacts with) BDP1",,"0","0","0","1","0.526829268","0.401603027",,"false","interacts with","PRPF19 (interacts with) BDP1","0","Q9UMS4","","A6H8Y1",""
"51.500000000000036","","interacts with","0","0.476426159","","COL1A2 (interacts with) MKRN4P",,"1","0","1","1","0.551219512","0.401632806",,"false","interacts with","COL1A2 (interacts with) MKRN4P","0","P08123","","Q13434",""
"69.56172467733872","","interacts with","0","0.461777111","","PRPF19 (interacts with) BOD1L1",,"0","0","0","1","0.52195122","0.401603003",,"false","interacts with","PRPF19 (interacts with) BOD1L1","0","Q9UMS4","","Q8NFC6",""
"11.0","","interacts with","0","0.476426238","","ZNF839 (interacts with) CASP3",,"0","1","1","1","0.551219512","0.401632964",,"false","interacts with","ZNF839 (interacts with) CASP3","0","A8K0R7","","P42574",""
"6.938095238095238","","interacts with","0","0.476387173","","ZKSCAN4 (interacts with) ESCO1",,"0","0","0","1","0.551219512","0.401554834",,"false","interacts with","ZKSCAN4 (interacts with) ESCO1","0","Q969J2","","Q5FWF5",""
"173.13369963369968","","interacts with","0","0.476426263","","COL5A3 (interacts with) MFSD10",,"1","0","1","1","0.551219512","0.401633013",,"false","interacts with","COL5A3 (interacts with) MFSD10","0","P25940","","Q14728",""
"6.0","","interacts with","0","0.571493191","","RPAP3 (interacts with) OFD1",,"0","0","0","1","0.741463415","0.401522968",,"false","interacts with","RPAP3 (interacts with) OFD1","0","Q9H6T3","","O75665",""
"7.0","","interacts with","0","0.476387165","","SEPTIN5 (interacts with) ZBTB48",,"0","0","0","1","0.551219512","0.401554818",,"false","interacts with","SEPTIN5 (interacts with) ZBTB48","0","Q99719","","P10074",""
"9.0","","interacts with","0","0.476387178","","SEPTIN5 (interacts with) ZNF839",,"0","0","0","1","0.551219512","0.401554843",,"false","interacts with","SEPTIN5 (interacts with) ZNF839","0","Q99719","","A8K0R7",""
"53.729292929292946","","interacts with","0","0.476426321","","OR10H4 (interacts with) TRAF6",,"0","1","1","1","0.551219512","0.401633129",,"false","interacts with","OR10H4 (interacts with) TRAF6","0","Q8NGA5","","Q9Y4K3",""
"4.666666666666666","","interacts with","0","0.461753345","","CCNE2 (interacts with) TLCD3B",,"0","0","0","1","0.52195122","0.401555471",,"false","interacts with","CCNE2 (interacts with) TLCD3B","0","O96020","","Q71RH2",""
"44.81376167691957","","interacts with","0","0.476426365","","MYC (interacts with) OR6C2",,"1","0","1","1","0.551219512","0.401633217",,"false","interacts with","MYC (interacts with) OR6C2","0","P01106","","Q9NZP2",""
"11.333333333333332","","interacts with","0","0.476387083","","SEPTIN5 (interacts with) MRTFB",,"0","0","0","1","0.551219512","0.401554653",,"false","interacts with","SEPTIN5 (interacts with) MRTFB","0","Q99719","","Q9ULH7",""
"12.33333333333333","","interacts with","0","0.476387158","","SEPTIN5 (interacts with) TPX2",,"0","0","0","1","0.551219512","0.401554803",,"false","interacts with","SEPTIN5 (interacts with) TPX2","0","Q99719","","Q9ULW0",""
"46.98268398268399","","interacts with","0","0.464231246","","NRG1 (interacts with) TRAF6",,"0","1","1","1","0.526829268","0.401633224",,"false","interacts with","NRG1 (interacts with) TRAF6","0","Q02297","","Q9Y4K3",""
"83.4092019092019","","interacts with","0","0.464192204","","FAM237B (interacts with) PHACTR2",,"0","0","0","1","0.526829268","0.40155514",,"false","interacts with","FAM237B (interacts with) PHACTR2","0","A0A1B0GVD1","","O75167",""
"23.968286182280295","","interacts with","0","0.62753763","","YME1L1 (interacts with) CKMT1B",,"0","0","0","1","0.853658537","0.401416723",,"false","interacts with","YME1L1 (interacts with) CKMT1B","0","Q96TA2","","P12532",""
"193.71381396381386","","interacts with","0","0.476426291","","FAM237B (interacts with) MYCN",,"0","1","1","1","0.551219512","0.40163307",,"false","interacts with","FAM237B (interacts with) MYCN","0","A0A1B0GVD1","","P04198",""
"21.37527472527473","","interacts with","0","0.464192224","","CCDC83 (interacts with) TCTN3",,"0","0","0","1","0.526829268","0.40155518",,"false","interacts with","CCDC83 (interacts with) TCTN3","0","Q8IWF9","","Q6NUS6",""
"140.72978567707406","","interacts with","0","0.464216155","","YME1L1 (interacts with) BOD1L1",,"0","0","0","1","0.526829268","0.401603042",,"false","interacts with","YME1L1 (interacts with) BOD1L1","0","Q96TA2","","Q8NFC6",""
"6.333333333333332","","interacts with","0","0.464192223","","DSPP (interacts with) C10orf67",,"0","0","0","1","0.526829268","0.401555177",,"false","interacts with","DSPP (interacts with) C10orf67","0","Q9NZW4","","Q8IYJ2",""
"27.83333333333333","","interacts with","0","0.47642627","","PAK4 (interacts with) PROCR",,"0","1","1","1","0.551219512","0.401633027",,"false","interacts with","PAK4 (interacts with) PROCR","0","O96013","","Q9UNN8",""
"49.3808524808525","","interacts with","0","0.469070135","","CCDC83 (interacts with) RBM25",,"0","0","0","1","0.536585366","0.401554905",,"false","interacts with","CCDC83 (interacts with) RBM25","0","Q8IWF9","","P49756",""
"41.05253902202751","","interacts with","0","0.476426291","","FAM166C (interacts with) TRAF6",,"0","1","1","1","0.551219512","0.40163307",,"false","interacts with","FAM166C (interacts with) TRAF6","0","A6NJV1","","Q9Y4K3",""
"72.59312909312911","","interacts with","0","0.476387206","","PRXL2A (interacts with) PHACTR2",,"0","0","0","1","0.551219512","0.4015549",,"false","interacts with","PRXL2A (interacts with) PHACTR2","0","Q9BRX8","","O75167",""
"30.522222222222222","","interacts with","0","0.476426304","","TP53 (interacts with) DNAAF1",,"1","0","1","1","0.551219512","0.401633096",,"false","interacts with","TP53 (interacts with) DNAAF1","0","P04637","","Q8NEP3",""
"147.2358114108114","","interacts with","0","0.476387286","","PRXL2A (interacts with) FAM117B",,"0","0","0","1","0.551219512","0.40155506",,"false","interacts with","PRXL2A (interacts with) FAM117B","0","Q9BRX8","","Q6P1L5",""
"26.640476190476182","","interacts with","0","0.476387154","","PRXL2A (interacts with) IGHV3-9",,"0","0","0","1","0.551219512","0.401554796",,"false","interacts with","PRXL2A (interacts with) IGHV3-9","0","Q9BRX8","","P01782",""
"39.91262813004131","","interacts with","0","0.461816189","","CROCC2 (interacts with) CNR2",,"0","1","1","1","0.52195122","0.401681159",,"false","interacts with","CROCC2 (interacts with) CNR2","0","H7BZ55","","P34972",""
"4.0","","interacts with","0","0.46175305","","SPANXN1 (interacts with) SREK1",,"0","0","0","1","0.52195122","0.401554881",,"false","interacts with","SPANXN1 (interacts with) SREK1","0","Q5VSR9","","Q8WXA9",""
"45.76951971570039","","interacts with","0","0.464216095","","NPY4R2 (interacts with) BDP1",,"0","0","0","1","0.526829268","0.401602921",,"false","interacts with","NPY4R2 (interacts with) BDP1","0","P0DQD5","","A6H8Y1",""
"49.10376639757448","","interacts with","0","0.476426329","","CALB2 (interacts with) TRAF6",,"0","1","1","1","0.551219512","0.401633145",,"false","interacts with","CALB2 (interacts with) TRAF6","0","P22676","","Q9Y4K3",""
"82.60985552818121","","interacts with","0","0.464216091","","NPY4R2 (interacts with) BOD1L1",,"0","0","0","1","0.526829268","0.401602915",,"false","interacts with","NPY4R2 (interacts with) BOD1L1","0","P0DQD5","","Q8NFC6",""
"24.83333333333333","","interacts with","0","0.476426304","","TNFSF11 (interacts with) C6orf118",,"1","0","1","1","0.551219512","0.401633095",,"false","interacts with","TNFSF11 (interacts with) C6orf118","0","O14788","","Q5T5N4",""
"30.67343767343765","","interacts with","0","0.464192581","","PRXL2A (interacts with) IGHV1-69",,"0","0","0","1","0.526829268","0.401555894",,"false","interacts with","PRXL2A (interacts with) IGHV1-69","0","Q9BRX8","","P01742",""
"18.0","","interacts with","0","0.464231235","","CASP3 (interacts with) DMRTA2",,"1","0","1","1","0.526829268","0.401633202",,"false","interacts with","CASP3 (interacts with) DMRTA2","0","P42574","","Q96SC8",""
"29.84010434010432","","interacts with","0","0.464192581","","PRXL2A (interacts with) IGHV1-69D",,"0","0","0","1","0.526829268","0.401555895",,"false","interacts with","PRXL2A (interacts with) IGHV1-69D","0","Q9BRX8","","A0A0B4J2H0",""
"28.0","","interacts with","0","0.564067815","","ARID5B (interacts with) H2BC26",,"0","0","0","1","0.726829268","0.401306361",,"false","interacts with","ARID5B (interacts with) H2BC26","0","Q14865","","Q8N257",""
"209.1940680831966","","interacts with","0","0.476426266","","COL5A2 (interacts with) FAM234A",,"1","0","1","1","0.551219512","0.40163302",,"false","interacts with","COL5A2 (interacts with) FAM234A","0","P05997","","Q9H0X4",""
"125.56666666666666","","interacts with","0","0.476426188","","COL5A3 (interacts with) TBCE",,"1","0","1","1","0.551219512","0.401632865",,"false","interacts with","COL5A3 (interacts with) TBCE","0","P25940","","Q15813",""
"59.70204693171103","","interacts with","0","0.588508954","","IMMT (interacts with) CGAS",,"0","0","0","1","0.775609756","0.401408152",,"false","interacts with","IMMT (interacts with) CGAS","0","Q16891","","Q8N884",""
"14.930158730158727","","interacts with","0","0.47642626","","MYCL (interacts with) CFAP100",,"1","0","1","1","0.551219512","0.401633008",,"false","interacts with","MYCL (interacts with) CFAP100","0","P12524","","Q494V2",""
"58.0","","interacts with","0","0.476426316","","RNF13 (interacts with) RELA",,"0","1","1","1","0.551219512","0.401633119",,"false","interacts with","RNF13 (interacts with) RELA","0","O43567","","Q04206",""
"17.333333333333336","","interacts with","0","0.476426269","","VTN (interacts with) STON1",,"1","0","1","1","0.551219512","0.401633026",,"false","interacts with","VTN (interacts with) STON1","0","P04004","","Q9Y6Q2",""
"182.0","","interacts with","0","0.561630632","","SYNE4 (interacts with) TRIM69",,"0","0","0","1","0.72195122","0.401310045",,"false","interacts with","SYNE4 (interacts with) TRIM69","0","Q8N205","","Q86WT6",""
"6.333333333333332","","interacts with","0","0.464192132","","HSP90AA4P (interacts with) SYN1",,"0","0","0","1","0.526829268","0.401554996",,"false","interacts with","HSP90AA4P (interacts with) SYN1","0","Q58FG1","","P17600",""
"290.0","","interacts with","0","0.464255188","","COL1A1 (interacts with) CTRB1",,"1","0","1","1","0.526829268","0.401681107",,"false","interacts with","COL1A1 (interacts with) CTRB1","0","P02452","","P17538",""
"6.333333333333333","","interacts with","0","0.47638719","","HSP90AA4P (interacts with) NEIL3",,"0","0","0","1","0.551219512","0.401554868",,"false","interacts with","HSP90AA4P (interacts with) NEIL3","0","Q58FG1","","Q8TAT5",""
"6.0","","interacts with","0","0.464192046","","HSP90AA4P (interacts with) CUX1",,"0","0","0","1","0.526829268","0.401554824",,"false","interacts with","HSP90AA4P (interacts with) CUX1","0","Q58FG1","","Q13948",""
"186.47667356797783","","interacts with","0","0.476426267","","BCL2 (interacts with) CDY1B",,"1","0","1","1","0.551219512","0.401633022",,"false","interacts with","BCL2 (interacts with) CDY1B","0","P10415","","Q9Y6F8",""
"0.0","","interacts with","0","0.652839731","","GSK3B (interacts with) GSK3B",,"1","1","1","1","0.912195122","0.39348434",,"false","interacts with","GSK3B (interacts with) GSK3B","0","P49841","","P49841",""
"38.7139641601448","","interacts with","0","0.464216042","","STK39 (interacts with) BDP1",,"0","0","0","1","0.526829268","0.401602815",,"false","interacts with","STK39 (interacts with) BDP1","0","Q9UEW8","","A6H8Y1",""
"34.06904761904762","","interacts with","0","0.476426272","","TP53 (interacts with) SCN3B",,"1","0","1","1","0.551219512","0.401633031",,"false","interacts with","TP53 (interacts with) SCN3B","0","P04637","","Q9NY72",""
"74.10985552818127","","interacts with","0","0.46177702","","STK39 (interacts with) BOD1L1",,"0","0","0","1","0.52195122","0.40160282",,"false","interacts with","STK39 (interacts with) BOD1L1","0","Q9UEW8","","Q8NFC6",""
"4.7333333333333325","","interacts with","0","0.591022943","","STK39 (interacts with) ST8SIA4",,"0","0","0","1","0.780487805","0.401558081",,"false","interacts with","STK39 (interacts with) ST8SIA4","0","Q9UEW8","","Q92187",""
"17.0","","interacts with","0","0.476426226","","GSK3B (interacts with) ANKRD20A2P",,"1","0","1","1","0.551219512","0.40163294",,"false","interacts with","GSK3B (interacts with) ANKRD20A2P","0","P49841","","Q5SQ80",""
"18.666666666666664","","interacts with","0","0.476426184","","CASP3 (interacts with) TPX2",,"1","0","1","1","0.551219512","0.401632855",,"false","interacts with","CASP3 (interacts with) TPX2","0","P42574","","Q9ULW0",""
"114.00000000000001","","interacts with","0","0.464255199","","COL3A1 (interacts with) WNT1",,"1","0","1","1","0.526829268","0.401681129",,"false","interacts with","COL3A1 (interacts with) WNT1","0","P02461","","P04628",""
"22.79877690653742","","interacts with","0","0.464192219","","IMMT (interacts with) UGDH",,"0","0","0","1","0.526829268","0.40155517",,"false","interacts with","IMMT (interacts with) UGDH","0","Q16891","","O60701",""
"30.0","","interacts with","0","0.476426374","","BGLAP (interacts with) GSX2",,"1","0","1","1","0.551219512","0.401633236",,"false","interacts with","BGLAP (interacts with) GSX2","0","P02818","","Q9BZM3",""
"9.0","","interacts with","0","0.476387143","","TXNRD3 (interacts with) KIF27",,"0","0","0","1","0.551219512","0.401554774",,"false","interacts with","TXNRD3 (interacts with) KIF27","0","Q86VQ6","","Q86VH2",""
"9.663620071684587","","interacts with","0","0.464192083","","OTUD1 (interacts with) SCAF4",,"0","0","0","1","0.526829268","0.401554897",,"false","interacts with","OTUD1 (interacts with) SCAF4","0","Q5VV17","","O95104",""
"104.0","","interacts with","0","0.476426252","","CEP57L1 (interacts with) SOST",,"0","1","1","1","0.551219512","0.401632992",,"false","interacts with","CEP57L1 (interacts with) SOST","0","Q8IYX8","","Q9BQB4",""
"16.780391830391828","","interacts with","0","0.63959689","","IMMT (interacts with) YME1L1",,"0","0","0","1","0.87804878","0.401145",,"false","interacts with","IMMT (interacts with) YME1L1","0","Q16891","","Q96TA2",""
"27.767944849638404","","interacts with","0","0.464216113","","OTUD1 (interacts with) SMC1B",,"0","0","0","1","0.526829268","0.401602957",,"false","interacts with","OTUD1 (interacts with) SMC1B","0","Q5VV17","","Q8NDV3",""
"11.095238095238095","","interacts with","0","0.476426192","","PRKACA (interacts with) ZMYM5",,"1","0","1","1","0.551219512","0.401632872",,"false","interacts with","PRKACA (interacts with) ZMYM5","0","P17612","","Q9UJ78",""
"290.0","","interacts with","0","0.47642631","","IGLV1-50 (interacts with) MYCN",,"0","1","1","1","0.551219512","0.401633107",,"false","interacts with","IGLV1-50 (interacts with) MYCN","0","A0A075B6I6","","P04198",""
"103.18512043512044","","interacts with","0","0.476426266","","REELD1 (interacts with) BCL2",,"0","1","1","1","0.551219512","0.40163302",,"false","interacts with","REELD1 (interacts with) BCL2","0","A0A1B0GV85","","P10415",""
"5.050000000000001","","interacts with","0","0.469070153","","SLC25A3 (interacts with) PDZD4",,"0","0","0","1","0.536585366","0.40155494",,"false","interacts with","SLC25A3 (interacts with) PDZD4","0","Q00325","","Q76G19",""
"14.333333333333334","","interacts with","0","0.464231348","","SRC (interacts with) N4BP2L2",,"1","0","1","1","0.526829268","0.401633427",,"false","interacts with","SRC (interacts with) N4BP2L2","0","P12931","","Q92802",""
"65.0","","interacts with","0","0.476426248","","RELA (interacts with) DAZAP2",,"1","0","1","1","0.551219512","0.401632984",,"false","interacts with","RELA (interacts with) DAZAP2","0","Q04206","","Q15038",""
"4.0","","interacts with","0","0.591023213","","C1orf43 (interacts with) OR1M1",,"0","0","0","1","0.780487805","0.401558622",,"false","interacts with","C1orf43 (interacts with) OR1M1","0","Q9BWL3","","Q8NGA1",""
"68.0","","interacts with","0","0.47642628","","RELA (interacts with) SCRT2",,"1","0","1","1","0.551219512","0.401633047",,"false","interacts with","RELA (interacts with) SCRT2","0","Q04206","","Q9NQ03",""
"94.39828371253412","","interacts with","0","0.464255273","","KCNJ1 (interacts with) BOD1L1",,"0","0","0","1","0.526829268","0.401681277",,"false","interacts with","KCNJ1 (interacts with) BOD1L1","0","P48048","","Q8NFC6",""
"54.96457823672339","","interacts with","0","0.47642621","","COL5A2 (interacts with) CYP26B1",,"1","0","1","1","0.551219512","0.401632908",,"false","interacts with","COL5A2 (interacts with) CYP26B1","0","P05997","","Q9NR63",""
"11.916566987142005","","interacts with","0","0.476426158","","MAPK14 (interacts with) SRRM2",,"1","0","1","1","0.551219512","0.401632803",,"false","interacts with","MAPK14 (interacts with) SRRM2","0","Q16539","","Q9UQ35",""
"76.42350125626098","","interacts with","0","0.476426219","","COL5A2 (interacts with) PRPF19",,"1","0","1","1","0.551219512","0.401632926",,"false","interacts with","COL5A2 (interacts with) PRPF19","0","P05997","","Q9UMS4",""
"24.0","","interacts with","0","0.464231138","","PTGS1 (interacts with) ABCB9",,"1","0","1","1","0.526829268","0.401633007",,"false","interacts with","PTGS1 (interacts with) ABCB9","0","P23219","","Q9NP78",""
"2.0","","interacts with","0","0.586025033","","SUZ12 (interacts with) UTP15",,"0","0","0","1","0.770731707","0.401318359",,"false","interacts with","SUZ12 (interacts with) UTP15","0","Q15022","","Q8TED0",""
"55.28680045894564","","interacts with","0","0.476426314","","COL5A2 (interacts with) MARCHF7",,"1","0","1","1","0.551219512","0.401633115",,"false","interacts with","COL5A2 (interacts with) MARCHF7","0","P05997","","Q9H992",""
"7.564835164835165","","interacts with","0","0.476426176","","MYCL (interacts with) TMF1",,"1","0","1","1","0.551219512","0.40163284",,"false","interacts with","MYCL (interacts with) TMF1","0","P12524","","P82094",""
"43.60285304903369","","interacts with","0","0.464216122","","PDIA2 (interacts with) BDP1",,"0","0","0","1","0.526829268","0.401602976",,"false","interacts with","PDIA2 (interacts with) BDP1","0","Q13087","","A6H8Y1",""
"64.0","","interacts with","0","0.46423135","","TNFSF11 (interacts with) ALX4",,"1","0","1","1","0.526829268","0.401633433",,"false","interacts with","TNFSF11 (interacts with) ALX4","0","O14788","","Q9H161",""
"80.44318886151464","","interacts with","0","0.46177709","","PDIA2 (interacts with) BOD1L1",,"0","0","0","1","0.52195122","0.401602961",,"false","interacts with","PDIA2 (interacts with) BOD1L1","0","Q13087","","Q8NFC6",""
"26.95035567237179","","interacts with","0","0.464216189","","GOT1L1 (interacts with) SMC1B",,"0","0","0","1","0.526829268","0.40160311",,"false","interacts with","GOT1L1 (interacts with) SMC1B","0","Q8NHS2","","Q8NDV3",""
"3.265079365079365","","interacts with","0","0.461816119","","TPR (interacts with) PRKACA",,"0","1","1","1","0.52195122","0.401681019","0.02237927","false","interacts with","TPR (interacts with) PRKACA","1","P12270","","P17612",""
"2.0","","interacts with","0","0.564068131","","SUZ12 (interacts with) RNF2",,"0","0","0","1","0.726829268","0.401306994",,"false","interacts with","SUZ12 (interacts with) RNF2","0","Q15022","","Q99496",""
"23.602380952380948","","interacts with","0","0.476426265","","GOLGA6B (interacts with) BMP2",,"0","1","1","1","0.551219512","0.401633017",,"false","interacts with","GOLGA6B (interacts with) BMP2","0","A6NDN3","","P12643",""
"4.966666666666667","","interacts with","0","0.464192094","","MOB2 (interacts with) TMEM200C",,"0","0","0","1","0.526829268","0.401554919",,"false","interacts with","MOB2 (interacts with) TMEM200C","0","Q70IA6","","A6NKL6",""
"1649.0601793276967","","interacts with","0","0.476426173","","COL1A1 (interacts with) ST6GALNAC6",,"1","0","1","1","0.551219512","0.401632833",,"false","interacts with","COL1A1 (interacts with) ST6GALNAC6","0","P02452","","Q969X2",""
"8.148484848484848","","interacts with","0","0.476387198","","MOB2 (interacts with) RNF168",,"0","0","0","1","0.551219512","0.401554883",,"false","interacts with","MOB2 (interacts with) RNF168","0","Q70IA6","","Q8IYW5",""
"17.31904761904762","","interacts with","0","0.476426481","","MYCL (interacts with) KCNA7",,"1","0","1","1","0.551219512","0.401633449",,"false","interacts with","MYCL (interacts with) KCNA7","0","P12524","","Q96RP8",""
"5.8","","interacts with","0","0.464193338","","MOB2 (interacts with) OR56A4",,"0","0","0","1","0.526829268","0.401557407",,"false","interacts with","MOB2 (interacts with) OR56A4","0","Q70IA6","","Q8NGH8",""
"108.0","","interacts with","0","0.564068432","","ZRSR2 (interacts with) SNRNP48",,"0","0","0","1","0.726829268","0.401307596",,"false","interacts with","ZRSR2 (interacts with) SNRNP48","0","Q15696","","Q6IEG0",""
"137.9048756798756","","interacts with","0","0.476426286","","TRAV6 (interacts with) MYCN",,"0","1","1","1","0.551219512","0.401633059",,"false","interacts with","TRAV6 (interacts with) MYCN","0","A0A075B6T7","","P04198",""
"4.285714285714286","","interacts with","0","0.47638709","","PRR14L (interacts with) PCDHGA11",,"0","0","0","1","0.551219512","0.401554667",,"false","interacts with","PRR14L (interacts with) PCDHGA11","0","Q5THK1","","Q9Y5H2",""
"222.00597180597177","","interacts with","0","0.476426183","","WNT7A (interacts with) COL1A1",,"0","1","1","1","0.551219512","0.401632854",,"false","interacts with","WNT7A (interacts with) COL1A1","0","O00755","","P02452",""
"4.785714285714286","","interacts with","0","0.476387084","","PRR14L (interacts with) EPB41L3",,"0","0","0","1","0.551219512","0.401554656",,"false","interacts with","PRR14L (interacts with) EPB41L3","0","Q5THK1","","Q9Y2J2",""
"5.619047619047619","","interacts with","0","0.476387077","","PRR14L (interacts with) CFAP221",,"0","0","0","1","0.551219512","0.401554641",,"false","interacts with","PRR14L (interacts with) CFAP221","0","Q5THK1","","Q4G0U5",""
"17.16998649588041","","interacts with","0","0.476387133","","SRRM2 (interacts with) ZNF277",,"0","0","0","1","0.551219512","0.401554753",,"false","interacts with","SRRM2 (interacts with) ZNF277","0","Q9UQ35","","Q9NRM2",""
"136.95636798752963","","interacts with","0","0.476426223","","COL5A3 (interacts with) CLEC4M",,"1","0","1","1","0.551219512","0.401632934",,"false","interacts with","COL5A3 (interacts with) CLEC4M","0","P25940","","Q9H2X3",""
"2185.403908329347","","interacts with","0","0.464255327","","HNRNPDL (interacts with) COL1A1",,"0","1","1","1","0.526829268","0.401681386",,"false","interacts with","HNRNPDL (interacts with) COL1A1","0","O14979","","P02452",""
"11.57765567765568","","interacts with","0","0.590884707","","ZNF438 (interacts with) RABEP1",,"0","0","0","1","0.780487805","0.40128161",,"false","interacts with","ZNF438 (interacts with) RABEP1","0","Q7Z4V0","","Q15276",""
"4.0","","interacts with","0","0.566514397","","ALPK2 (interacts with) NAA16",,"0","0","0","1","0.731707317","0.401321477",,"false","interacts with","ALPK2 (interacts with) NAA16","0","Q86TB3","","Q6N069",""
"260.1598956598956","","interacts with","0","0.476426183","","IGHV1-69D (interacts with) MYCN",,"0","1","1","1","0.551219512","0.401632854",,"false","interacts with","IGHV1-69D (interacts with) MYCN","0","A0A0B4J2H0","","P04198",""
"253.65858585858595","","interacts with","0","0.476426288","","TRMU (interacts with) COL1A1",,"0","1","1","1","0.551219512","0.401633064",,"false","interacts with","TRMU (interacts with) COL1A1","0","O75648","","P02452",""
"21.1466480862133","","interacts with","0","0.476387142","","SRRM2 (interacts with) IMMT",,"0","0","0","1","0.551219512","0.401554771",,"false","interacts with","SRRM2 (interacts with) IMMT","0","Q9UQ35","","Q16891",""
"52.0","","interacts with","0","0.469109347","","IGKV3D-11 (interacts with) SOST",,"0","1","1","1","0.536585366","0.401633328",,"false","interacts with","IGKV3D-11 (interacts with) SOST","0","A0A0A0MRZ8","","Q9BQB4",""
"10.0","","interacts with","0","0.464192236","","NPAS1 (interacts with) TMEM231",,"0","0","0","1","0.526829268","0.401555204",,"false","interacts with","NPAS1 (interacts with) TMEM231","0","Q99742","","Q9H6L2",""
"17.299999999999997","","interacts with","0","0.476426302","","ZNF48 (interacts with) PROCR",,"0","1","1","1","0.551219512","0.401633092",,"false","interacts with","ZNF48 (interacts with) PROCR","0","Q96MX3","","Q9UNN8",""
"42.666666666666664","","interacts with","0","0.461816319","","COL5A1 (interacts with) CERS4",,"1","0","1","1","0.52195122","0.401681418",,"false","interacts with","COL5A1 (interacts with) CERS4","0","P20908","","Q9HA82",""
"3.1666666666666665","","interacts with","0","0.598133906","","MAP2K5 (interacts with) SLC25A3",,"0","0","0","1","0.795121951","0.40114586",,"false","interacts with","MAP2K5 (interacts with) SLC25A3","0","Q13163","","Q00325",""
"20.61125779035427","","interacts with","0","0.476387157","","SRRM2 (interacts with) RAPGEFL1",,"0","0","0","1","0.551219512","0.401554801",,"false","interacts with","SRRM2 (interacts with) RAPGEFL1","0","Q9UQ35","","Q9UHV5",""
"144.33069828722","","interacts with","0","0.476426247","","CCNE2 (interacts with) COL5A3",,"0","1","1","1","0.551219512","0.401632982",,"false","interacts with","CCNE2 (interacts with) COL5A3","0","O96020","","P25940",""
"2.0","","interacts with","0","0.461753215","","TLNRD1 (interacts with) TRBJ1-2",,"0","0","0","1","0.52195122","0.401555211",,"false","interacts with","TLNRD1 (interacts with) TRBJ1-2","0","Q9H1K6","","A0A0J9YX06",""
"4.785714285714286","","interacts with","0","0.476387064","","PRR14L (interacts with) TRIM36",,"0","0","0","1","0.551219512","0.401554615",,"false","interacts with","PRR14L (interacts with) TRIM36","0","Q5THK1","","Q9NQ86",""
"79.35319056393821","","interacts with","0","0.476387106","","ZNF257 (interacts with) BDP1",,"0","0","0","1","0.551219512","0.401554699",,"false","interacts with","ZNF257 (interacts with) BDP1","0","Q9Y2Q1","","A6H8Y1",""
"41.458229030374206","","interacts with","0","0.476426192","","COL5A2 (interacts with) ZNF449",,"1","0","1","1","0.551219512","0.401632873",,"false","interacts with","COL5A2 (interacts with) ZNF449","0","P05997","","Q6P9G9",""
"5.619047619047618","","interacts with","0","0.4763871","","PRR14L (interacts with) ERCC4",,"0","0","0","1","0.551219512","0.401554688",,"false","interacts with","PRR14L (interacts with) ERCC4","0","Q5THK1","","Q92889",""
"18.239047656924214","","interacts with","0","0.476387164","","SRRM2 (interacts with) ARHGAP11A",,"0","0","0","1","0.551219512","0.401554815",,"false","interacts with","SRRM2 (interacts with) ARHGAP11A","0","Q9UQ35","","Q6P4F7",""
"29.4","","interacts with","0","0.476426349","","ATMIN (interacts with) PROCR",,"0","1","1","1","0.551219512","0.401633186",,"false","interacts with","ATMIN (interacts with) PROCR","0","O43313","","Q9UNN8",""
"45.81622072789243","","interacts with","0","0.593484434","","SRRM2 (interacts with) PRPF19",,"0","0","0","1","0.785365854","0.401603014",,"false","interacts with","SRRM2 (interacts with) PRPF19","0","Q9UQ35","","Q9UMS4",""
"5.619047619047618","","interacts with","0","0.476387076","","PRR14L (interacts with) ZFR2",,"0","0","0","1","0.551219512","0.401554639",,"false","interacts with","PRR14L (interacts with) ZFR2","0","Q5THK1","","Q9UPR6",""
"202.0727770653955","","interacts with","0","0.464216095","","RAPGEFL1 (interacts with) BOD1L1",,"0","0","0","1","0.526829268","0.401602922",,"false","interacts with","RAPGEFL1 (interacts with) BOD1L1","0","Q9UHV5","","Q8NFC6",""
"28.0","","interacts with","0","0.476426239","","BGLAP (interacts with) FAM219B",,"1","0","1","1","0.551219512","0.401632965",,"false","interacts with","BGLAP (interacts with) FAM219B","0","P02818","","Q5XKK7",""
"41.20453898167758","","interacts with","0","0.461777183","","RAPGEFL1 (interacts with) ANKRD36B",,"0","0","0","1","0.52195122","0.401603146",,"false","interacts with","RAPGEFL1 (interacts with) ANKRD36B","0","Q9UHV5","","Q8N2N9",""
"18.333333333333332","","interacts with","0","0.476426568","","SPP1 (interacts with) PPP1R8",,"1","0","1","1","0.551219512","0.401633624",,"false","interacts with","SPP1 (interacts with) PPP1R8","0","P10451","","Q12972",""
"44.0","","interacts with","0","0.461777123","","CLEC4A (interacts with) STOX2",,"0","0","0","1","0.52195122","0.401603026",,"false","interacts with","CLEC4A (interacts with) STOX2","0","Q9UMR7","","Q9P2F5",""
"29.166666666666664","","interacts with","0","0.469109173","","BMP2 (interacts with) IZUMO1",,"1","0","1","1","0.536585366","0.401632981",,"false","interacts with","BMP2 (interacts with) IZUMO1","0","P12643","","Q8IYV9",""
"12.0","","interacts with","0","0.464231308","","ZNF716 (interacts with) MAPK1",,"0","1","1","1","0.526829268","0.401633347",,"false","interacts with","ZNF716 (interacts with) MAPK1","0","A6NP11","","P28482",""
"33.0","","interacts with","0","0.464192204","","GCGR (interacts with) PCARE",,"0","0","0","1","0.526829268","0.40155514",,"false","interacts with","GCGR (interacts with) PCARE","0","P47871","","A6NGG8",""
"5.185714285714286","","interacts with","0","0.476387328","","ZNF629 (interacts with) PPWD1",,"0","0","0","1","0.551219512","0.401555143",,"false","interacts with","ZNF629 (interacts with) PPWD1","0","Q9UEG4","","Q96BP3",""
"66.0","","interacts with","0","0.464255355","","KLK1 (interacts with) COL1A2",,"0","1","1","1","0.526829268","0.401681442",,"false","interacts with","KLK1 (interacts with) COL1A2","0","P06870","","P08123",""
"19.572380990257557","","interacts with","0","0.476387155","","SRRM2 (interacts with) PSD2",,"0","0","0","1","0.551219512","0.401554798",,"false","interacts with","SRRM2 (interacts with) PSD2","0","Q9UQ35","","Q9BQI7",""
"7.359967979533197","","interacts with","0","0.464192272","","ZNF565 (interacts with) C9orf64",,"0","0","0","1","0.526829268","0.401555277",,"false","interacts with","ZNF565 (interacts with) C9orf64","0","Q8N9K5","","Q5T6V5",""
"65.35859422766922","","interacts with","0","0.46423127","","COL3A1 (interacts with) PRKCSH",,"1","0","1","1","0.526829268","0.401633271",,"false","interacts with","COL3A1 (interacts with) PRKCSH","0","P02461","","P14314",""
"18.239047656924225","","interacts with","0","0.476387178","","SRRM2 (interacts with) USO1",,"0","0","0","1","0.551219512","0.401554843",,"false","interacts with","SRRM2 (interacts with) USO1","0","Q9UQ35","","O60763",""
"7.236838430386817","","interacts with","0","0.461792661","","ZNF565 (interacts with) UTS2R",,"0","0","0","1","0.52195122","0.401634103",,"false","interacts with","ZNF565 (interacts with) UTS2R","0","Q8N9K5","","Q9UKP6",""
"56.0","","interacts with","0","0.61515097","","MEX3D (interacts with) DCP2",,"0","0","0","1","0.829268293","0.401033648",,"false","interacts with","MEX3D (interacts with) DCP2","0","Q86XN8","","Q8IU60",""
"5.0","","interacts with","0","0.464192036","","ZNF565 (interacts with) RSBN1",,"0","0","0","1","0.526829268","0.401554805",,"false","interacts with","ZNF565 (interacts with) RSBN1","0","Q8N9K5","","Q5VWQ0",""
"24.723575302392874","","interacts with","0","0.476387132","","SRRM2 (interacts with) SARS1",,"0","0","0","1","0.551219512","0.401554753",,"false","interacts with","SRRM2 (interacts with) SARS1","0","Q9UQ35","","P49591",""
"9.887344886643623","","interacts with","0","0.464192299","","ZNF565 (interacts with) RDH16",,"0","0","0","1","0.526829268","0.401555331",,"false","interacts with","ZNF565 (interacts with) RDH16","0","Q8N9K5","","O75452",""
"11.876623376623378","","interacts with","0","0.464231678","","CNR2 (interacts with) SULT1C3",,"1","0","1","1","0.526829268","0.401634087",,"false","interacts with","CNR2 (interacts with) SULT1C3","0","P34972","","Q6IMI6",""
"45.81622072789242","","interacts with","0","0.46177705","","SRRM2 (interacts with) FAM120AOS",,"0","0","0","1","0.52195122","0.401602881",,"false","interacts with","SRRM2 (interacts with) FAM120AOS","0","Q9UQ35","","Q5T036",""
"8.433333333333334","","interacts with","0","0.476426281","","ATP2C2 (interacts with) BMP7",,"0","1","1","1","0.551219512","0.40163305",,"false","interacts with","ATP2C2 (interacts with) BMP7","0","O75185","","P18075",""
"7.5","","interacts with","0","0.461753151","","ZNF629 (interacts with) PCCA",,"0","0","0","1","0.52195122","0.401555082",,"false","interacts with","ZNF629 (interacts with) PCCA","0","Q9UEG4","","P05165",""
"23.377542103157122","","interacts with","0","0.476387074","","SRRM2 (interacts with) UGDH",,"0","0","0","1","0.551219512","0.401554635",,"false","interacts with","SRRM2 (interacts with) UGDH","0","Q9UQ35","","O60701",""
"6.516666666666667","","interacts with","0","0.47638714","","ZNF629 (interacts with) CEP126",,"0","0","0","1","0.551219512","0.401554769",,"false","interacts with","ZNF629 (interacts with) CEP126","0","Q9UEG4","","Q9P2H0",""
"17.7","","interacts with","0","0.476426354","","MYCL (interacts with) TRAPPC14",,"1","0","1","1","0.551219512","0.401633196",,"false","interacts with","MYCL (interacts with) TRAPPC14","0","P12524","","Q8WVR3",""
"20.61125779035428","","interacts with","0","0.476387084","","SRRM2 (interacts with) RASEF",,"0","0","0","1","0.551219512","0.401554655",,"false","interacts with","SRRM2 (interacts with) RASEF","0","Q9UQ35","","Q8IZ41",""
"4.97051282051282","","interacts with","0","0.464216052","","ZNF629 (interacts with) ZNF638",,"0","0","0","1","0.526829268","0.401602835",,"false","interacts with","ZNF629 (interacts with) ZNF638","0","Q9UEG4","","Q14966",""
"5.56904761904762","","interacts with","0","0.476387136","","ZNF629 (interacts with) PGA4",,"0","0","0","1","0.551219512","0.40155476",,"false","interacts with","ZNF629 (interacts with) PGA4","0","Q9UEG4","","P0DJD7",""
"18.158629336941356","","interacts with","0","0.476426165","","MYC (interacts with) PHC2",,"1","0","1","1","0.551219512","0.401632818",,"false","interacts with","MYC (interacts with) PHC2","0","P01106","","Q8IXK0",""
"8.166666666666666","","interacts with","0","0.4617532","","NPAS1 (interacts with) UVSSA",,"0","0","0","1","0.52195122","0.401555181",,"false","interacts with","NPAS1 (interacts with) UVSSA","0","Q99742","","Q2YD98",""
"71.35191454572261","","interacts with","0","0.476426191","","GCA (interacts with) TRAF6",,"0","1","1","1","0.551219512","0.40163287",,"false","interacts with","GCA (interacts with) TRAF6","0","P28676","","Q9Y4K3",""
"8.0","","interacts with","0","0.464192207","","ZNF629 (interacts with) KLHL40",,"0","0","0","1","0.526829268","0.401555145",,"false","interacts with","ZNF629 (interacts with) KLHL40","0","Q9UEG4","","Q2TBA0",""
"6.166666666666666","","interacts with","0","0.464192185","","NPAS1 (interacts with) KIR3DL1",,"0","0","0","1","0.526829268","0.401555102",,"false","interacts with","NPAS1 (interacts with) KIR3DL1","0","Q99742","","P43629",""
"290.0","","interacts with","0","0.464255207","","RNF225 (interacts with) COL1A1",,"0","1","1","1","0.526829268","0.401681145",,"false","interacts with","RNF225 (interacts with) COL1A1","0","M0QZC1","","P02452",""
"4.821428571428571","","interacts with","0","0.476387156","","ZNF629 (interacts with) PSG11",,"0","0","0","1","0.551219512","0.4015548",,"false","interacts with","ZNF629 (interacts with) PSG11","0","Q9UEG4","","Q9UQ72",""
"20.167959491488897","","interacts with","0","0.464231281","","MYC (interacts with) MITD1",,"1","0","1","1","0.526829268","0.401633293",,"false","interacts with","MYC (interacts with) MITD1","0","P01106","","Q8WV92",""
"42.64511599511599","","interacts with","0","0.476426219","","MYCL (interacts with) ALDH18A1",,"1","0","1","1","0.551219512","0.401632927",,"false","interacts with","MYCL (interacts with) ALDH18A1","0","P12524","","P54886",""
"97.10997114031316","","interacts with","0","0.476426156","","COL5A3 (interacts with) RGR",,"1","0","1","1","0.551219512","0.401632799",,"false","interacts with","COL5A3 (interacts with) RGR","0","P25940","","P47804",""
"11.122222222222225","","interacts with","0","0.476387131","","BCL9 (interacts with) PAK4",,"0","0","0","1","0.551219512","0.401554749",,"false","interacts with","BCL9 (interacts with) PAK4","0","O00512","","O96013",""
"6.222222222222222","","interacts with","0","0.4691094","","CD82 (interacts with) SPATA18",,"0","0","0","1","0.536585366","0.401633435",,"false","interacts with","CD82 (interacts with) SPATA18","0","P27701","","Q8TC71",""
"93.47481359421052","","interacts with","0","0.476426275","","COL5A3 (interacts with) CORO1C",,"1","0","1","1","0.551219512","0.401633037",,"false","interacts with","COL5A3 (interacts with) CORO1C","0","P25940","","Q9ULV4",""
"12.555555555555557","","interacts with","0","0.476387146","","BCL9 (interacts with) RTL5",,"0","0","0","1","0.551219512","0.401554781",,"false","interacts with","BCL9 (interacts with) RTL5","0","O00512","","Q5HYW3",""
"6.5","","interacts with","0","0.464231247","","CD82 (interacts with) PDIA2",,"0","0","0","1","0.526829268","0.401633225",,"false","interacts with","CD82 (interacts with) PDIA2","0","P27701","","Q13087",""
"13.304761904761904","","interacts with","0","0.469070102","","BCL9 (interacts with) RBMX2",,"0","0","0","1","0.536585366","0.401554839",,"false","interacts with","BCL9 (interacts with) RBMX2","0","O00512","","Q9Y388",""
"6.222222222222223","","interacts with","0","0.476426375","","CD82 (interacts with) RCOR2",,"0","0","0","1","0.551219512","0.401633238",,"false","interacts with","CD82 (interacts with) RCOR2","0","P27701","","Q8IZ40",""
"8.888888888888888","","interacts with","0","0.464192149","","BCL9 (interacts with) DHRS13",,"0","0","0","1","0.526829268","0.40155503",,"false","interacts with","BCL9 (interacts with) DHRS13","0","O00512","","Q6UX07",""
"7.0","","interacts with","0","0.461792229","","NPAS1 (interacts with) TRNT1",,"0","0","0","1","0.52195122","0.401633239",,"false","interacts with","NPAS1 (interacts with) TRNT1","0","Q99742","","Q96Q11",""
"0.0","","interacts with","0","0.604224617","","PTGS1 (interacts with) PTGS1",,"1","1","1","1","0.785365854","0.42308338",,"false","interacts with","PTGS1 (interacts with) PTGS1","0","P23219","","P23219",""
"14.666666666666668","","interacts with","0","0.469070029","","BCL9 (interacts with) SRRM5",,"0","0","0","1","0.536585366","0.401554691",,"false","interacts with","BCL9 (interacts with) SRRM5","0","O00512","","B3KS81",""
"6.38888888888889","","interacts with","0","0.476426373","","CD82 (interacts with) RASGEF1A",,"0","0","0","1","0.551219512","0.401633233",,"false","interacts with","CD82 (interacts with) RASGEF1A","0","P27701","","Q8N9B8",""
"39.41666666666667","","interacts with","0","0.464231302","","TP53 (interacts with) GTF2F1",,"1","0","1","1","0.526829268","0.401633335",,"false","interacts with","TP53 (interacts with) GTF2F1","0","P04637","","P35269",""
"35.0","","interacts with","0","0.469109652","","TP53 (interacts with) OR56A4",,"1","0","1","1","0.536585366","0.401633939",,"false","interacts with","TP53 (interacts with) OR56A4","0","P04637","","Q8NGH8",""
"3.9705128205128206","","interacts with","0","0.47638707","","ZNF629 (interacts with) TRIP11",,"0","0","0","1","0.551219512","0.401554628",,"false","interacts with","ZNF629 (interacts with) TRIP11","0","Q9UEG4","","Q15643",""
"173.4713786213786","","interacts with","0","0.46423117","","MYCN (interacts with) PDCL2",,"1","0","1","1","0.526829268","0.401633073",,"false","interacts with","MYCN (interacts with) PDCL2","0","P04198","","Q8N4E4",""
"7.916666666666666","","interacts with","0","0.46175325","","ZNF629 (interacts with) DENND2A",,"0","0","0","1","0.52195122","0.401555281",,"false","interacts with","ZNF629 (interacts with) DENND2A","0","Q9UEG4","","Q9ULE3",""
"22.395089551943112","","interacts with","0","0.47638712","","SRRM2 (interacts with) YME1L1",,"0","0","0","1","0.551219512","0.401554727",,"false","interacts with","SRRM2 (interacts with) YME1L1","0","Q9UQ35","","Q96TA2",""
"51.0","","interacts with","0","0.476426271","","CCDC166 (interacts with) SOST",,"0","1","1","1","0.551219512","0.40163303",,"false","interacts with","CCDC166 (interacts with) SOST","0","P0CW27","","Q9BQB4",""
"290.0","","interacts with","0","0.476426208","","COL1A1 (interacts with) SP7",,"1","0","1","1","0.551219512","0.401632904",,"false","interacts with","COL1A1 (interacts with) SP7","0","P02452","","Q8TDD2",""
"6.0547619047619055","","interacts with","0","0.476387148","","ZNF629 (interacts with) SNX33",,"0","0","0","1","0.551219512","0.401554785",,"false","interacts with","ZNF629 (interacts with) SNX33","0","Q9UEG4","","Q8WV41",""
"8.743650793650794","","interacts with","0","0.476387141","","BCL9 (interacts with) TRAV12-3",,"0","0","0","1","0.551219512","0.40155477",,"false","interacts with","BCL9 (interacts with) TRAV12-3","0","O00512","","A0A0B4J271",""
"6.800000000000001","","interacts with","0","0.476426395","","CD82 (interacts with) TCP11X1",,"0","0","0","1","0.551219512","0.401633278",,"false","interacts with","CD82 (interacts with) TCP11X1","0","P27701","","B4DZS4",""
"8.0","","interacts with","0","0.47642649","","NPAS1 (interacts with) WNT7A",,"0","0","0","1","0.551219512","0.401633468",,"false","interacts with","NPAS1 (interacts with) WNT7A","0","Q99742","","O00755",""
"43.333333333333336","","interacts with","0","0.476426251","","TP53 (interacts with) FRZB",,"1","0","1","1","0.551219512","0.401632989",,"false","interacts with","TP53 (interacts with) FRZB","0","P04637","","Q92765",""
"14.000000000000002","","interacts with","0","0.476387161","","BCL9 (interacts with) C10orf67",,"0","0","0","1","0.551219512","0.40155481",,"false","interacts with","BCL9 (interacts with) C10orf67","0","O00512","","Q8IYJ2",""
"6.874603174603176","","interacts with","0","0.476426302","","CD82 (interacts with) ZNF449",,"0","0","0","1","0.551219512","0.401633093",,"false","interacts with","CD82 (interacts with) ZNF449","0","P27701","","Q6P9G9",""
"36.65129282482224","","interacts with","0","0.476426321","","RAB24 (interacts with) TRAF6",,"0","1","1","1","0.551219512","0.40163313",,"false","interacts with","RAB24 (interacts with) TRAF6","0","Q969Q5","","Q9Y4K3",""
"45.81622072789244","","interacts with","0","0.461777148","","SRRM2 (interacts with) ANKRD65",,"0","0","0","1","0.52195122","0.401603076",,"false","interacts with","SRRM2 (interacts with) ANKRD65","0","Q9UQ35","","E5RJM6",""
"10.585714285714285","","interacts with","0","0.476387245","","CD82 (interacts with) THBD",,"0","0","0","1","0.551219512","0.401554978",,"false","interacts with","CD82 (interacts with) THBD","0","P27701","","P07204",""
"59.95346712561226","","interacts with","0","0.476426245","","TCP11X1 (interacts with) COL5A2",,"0","1","1","1","0.551219512","0.401632978",,"false","interacts with","TCP11X1 (interacts with) COL5A2","0","B4DZS4","","P05997",""
"22.615116032992603","","interacts with","0","0.476387207","","SRRM2 (interacts with) UNC45A",,"0","0","0","1","0.551219512","0.401554902",,"false","interacts with","SRRM2 (interacts with) UNC45A","0","Q9UQ35","","Q9H3U1",""
"288.0","taxid:9606(Homo sapiens)","interacts with","1","0.571477684","""psi-mi:""""MI:2222""""(inference by socio-affinity scoring)""","INPP5E (interacts with) CGN","2","0","0","0","1","0.741463415","0.401491953",,"false","interacts with","INPP5E (interacts with) CGN","0","Q9NRR6","Q9NRR6","Q9P2M7","Q9P2M7"
"47.333333333333336","","interacts with","0","0.476426254","","TNFSF11 (interacts with) RUFY2",,"1","0","1","1","0.551219512","0.401632995",,"false","interacts with","TNFSF11 (interacts with) RUFY2","0","O14788","","Q8WXA3",""
"35.55840860458922","","interacts with","0","0.464255373","","CD82 (interacts with) BDP1",,"0","0","0","1","0.526829268","0.401681478",,"false","interacts with","CD82 (interacts with) BDP1","0","P27701","","A6H8Y1",""
"13.174603174603174","","interacts with","0","0.476387209","","BCL9 (interacts with) TMEM41A",,"0","0","0","1","0.551219512","0.401554906",,"false","interacts with","BCL9 (interacts with) TMEM41A","0","O00512","","Q96HV5",""
"58.0","","interacts with","0","0.464231251","","NKX6-3 (interacts with) TP53",,"0","1","1","1","0.526829268","0.401633234",,"false","interacts with","NKX6-3 (interacts with) TP53","0","A6NJ46","","P04637",""
"71.39874441707019","","interacts with","0","0.464255329","","CD82 (interacts with) BOD1L1",,"0","0","0","1","0.526829268","0.401681389",,"false","interacts with","CD82 (interacts with) BOD1L1","0","P27701","","Q8NFC6",""
"13.733333333333333","","interacts with","0","0.476426281","","CNR2 (interacts with) TBCE",,"1","0","1","1","0.551219512","0.40163305",,"false","interacts with","CNR2 (interacts with) TBCE","0","P34972","","Q15813",""
"9.965873015873015","","interacts with","0","0.476387241","","BCL9 (interacts with) SGCA",,"0","0","0","1","0.551219512","0.40155497",,"false","interacts with","BCL9 (interacts with) SGCA","0","O00512","","Q16586",""
"7.055555555555555","","interacts with","0","0.469109307","","CD82 (interacts with) THRB",,"0","0","0","1","0.536585366","0.401633249",,"false","interacts with","CD82 (interacts with) THRB","0","P27701","","P10828",""
"9.182539682539684","","interacts with","0","0.476387096","","BCL9 (interacts with) SMIM26",,"0","0","0","1","0.551219512","0.401554679",,"false","interacts with","BCL9 (interacts with) SMIM26","0","O00512","","A0A096LP01",""
"31.333333333333332","","interacts with","0","0.47642634","","RTL5 (interacts with) PROCR",,"0","1","1","1","0.551219512","0.401633168",,"false","interacts with","RTL5 (interacts with) PROCR","0","Q5HYW3","","Q9UNN8",""
"6.933333333333334","","interacts with","0","0.476426397","","CD82 (interacts with) TCP11X2",,"0","0","0","1","0.551219512","0.401633281",,"false","interacts with","CD82 (interacts with) TCP11X2","0","P27701","","Q5H9J9",""
"15.619047619047619","","interacts with","0","0.476387119","","BCL9 (interacts with) UBXN11",,"0","0","0","1","0.551219512","0.401554727",,"false","interacts with","BCL9 (interacts with) UBXN11","0","O00512","","Q5T124",""
"7.0","","interacts with","0","0.476426424","","NPAS1 (interacts with) VGLL3",,"0","0","0","1","0.551219512","0.401633336",,"false","interacts with","NPAS1 (interacts with) VGLL3","0","Q99742","","A8MV65",""
"56.0","","interacts with","0","0.469109272","","SOST (interacts with) AMDHD2",,"1","0","1","1","0.536585366","0.401633179",,"false","interacts with","SOST (interacts with) AMDHD2","0","Q9BQB4","","Q9Y303",""
"13.866666666666667","","interacts with","0","0.476387121","","BCL9 (interacts with) GTF2A1L",,"0","0","0","1","0.551219512","0.401554729",,"false","interacts with","BCL9 (interacts with) GTF2A1L","0","O00512","","Q9UNN4",""
"24.0","taxid:9606(Homo sapiens)","interacts with","1","0.564068069","""psi-mi:""""MI:2222""""(inference by socio-affinity scoring)""","CLUH (interacts with) GKAP1","2","0","0","0","1","0.726829268","0.40130687","0.18138987","false","interacts with","CLUH (interacts with) GKAP1","1","O75153","O75153","Q5VSY0","Q5VSY0"
"20.0","","interacts with","0","0.464231389","","ZFAND5 (interacts with) JUN",,"0","1","1","1","0.526829268","0.401633509",,"false","interacts with","ZFAND5 (interacts with) JUN","0","O76080","","P05412",""
"12.415873015873013","","interacts with","0","0.476387377","","SLC25A30 (interacts with) MYLK3",,"0","0","0","1","0.551219512","0.401555241",,"false","interacts with","SLC25A30 (interacts with) MYLK3","0","Q5SVS4","","Q32MK0",""
"43.405252436414074","","interacts with","0","0.461777084","","POC1B (interacts with) CROCC2",,"0","0","0","1","0.52195122","0.401602949",,"false","interacts with","POC1B (interacts with) CROCC2","0","Q8TC44","","H7BZ55",""
"40.10129282482224","","interacts with","0","0.476426401","","GSTP1 (interacts with) TRAF6",,"0","1","1","1","0.551219512","0.401633289",,"false","interacts with","GSTP1 (interacts with) TRAF6","0","P09211","","Q9Y4K3",""
"435.12672340867766","","interacts with","0","0.476426193","","COL5A3 (interacts with) B3GAT1",,"1","0","1","1","0.551219512","0.401632875",,"false","interacts with","COL5A3 (interacts with) B3GAT1","0","P25940","","Q9P2W7",""
"11.318024267086148","","interacts with","0","0.476387205","","DZIP1 (interacts with) FCRL6",,"0","0","0","1","0.551219512","0.401554898",,"false","interacts with","DZIP1 (interacts with) FCRL6","0","Q86YF9","","Q6DN72",""
"137.5140044013957","","interacts with","0","0.461816182","","COL5A3 (interacts with) SLC26A3",,"1","0","1","1","0.52195122","0.401681145",,"false","interacts with","COL5A3 (interacts with) SLC26A3","0","P25940","","P40879",""
"19.572380990257567","","interacts with","0","0.47638713","","SRRM2 (interacts with) PALS1",,"0","0","0","1","0.551219512","0.401554748",,"false","interacts with","SRRM2 (interacts with) PALS1","0","Q9UQ35","","Q8N3R9",""
"22.0","","interacts with","0","0.464231219","","CALCA (interacts with) LINC00208",,"1","0","1","1","0.526829268","0.40163317",,"false","interacts with","CALCA (interacts with) LINC00208","0","P01258","","Q96KT6",""
"5.833333333333333","","interacts with","0","0.464192209","","LACC1 (interacts with) RFESD",,"0","0","0","1","0.526829268","0.401555149",,"false","interacts with","LACC1 (interacts with) RFESD","0","Q8IV20","","Q8TAC1",""
"43.77777777777778","","interacts with","0","0.476426212","","COL1A2 (interacts with) GPR141",,"1","0","1","1","0.551219512","0.401632911",,"false","interacts with","COL1A2 (interacts with) GPR141","0","P08123","","Q7Z602",""
"39.363170509351136","","interacts with","0","0.464216149","","SLC25A30 (interacts with) BDP1",,"0","0","0","1","0.526829268","0.401603029",,"false","interacts with","SLC25A30 (interacts with) BDP1","0","Q5SVS4","","A6H8Y1",""
"3.8","","interacts with","0","0.464192142","","LACC1 (interacts with) TSC22D2",,"0","0","0","1","0.526829268","0.401555015",,"false","interacts with","LACC1 (interacts with) TSC22D2","0","Q8IV20","","O75157",""
"72.6955698138956","","interacts with","0","0.464216117","","SLC25A30 (interacts with) BOD1L1",,"0","0","0","1","0.526829268","0.401602965",,"false","interacts with","SLC25A30 (interacts with) BOD1L1","0","Q5SVS4","","Q8NFC6",""
"144.42526964560864","","interacts with","0","0.476426208","","PRAMEF27 (interacts with) COL5A3",,"0","1","1","1","0.551219512","0.401632904",,"false","interacts with","PRAMEF27 (interacts with) COL5A3","0","A3QJZ7","","P25940",""
"7.966666666666667","","interacts with","0","0.476387077","","LACC1 (interacts with) SALL2",,"0","0","0","1","0.551219512","0.401554643",,"false","interacts with","LACC1 (interacts with) SALL2","0","Q8IV20","","Q9Y467",""
"5.4857142857142875","","interacts with","0","0.476387258","","SLC25A30 (interacts with) NBPF6",,"0","0","0","1","0.551219512","0.401555003",,"false","interacts with","SLC25A30 (interacts with) NBPF6","0","Q5SVS4","","Q5VWK0",""
"41.45043682258198","","interacts with","0","0.476426204","","COL5A2 (interacts with) ZSCAN22",,"1","0","1","1","0.551219512","0.401632895",,"false","interacts with","COL5A2 (interacts with) ZSCAN22","0","P05997","","P10073",""
"19.572380990257546","","interacts with","0","0.476387099","","SRRM2 (interacts with) PRDM8",,"0","0","0","1","0.551219512","0.401554686",,"false","interacts with","SRRM2 (interacts with) PRDM8","0","Q9UQ35","","Q9NQV8",""
"5.723809523809525","","interacts with","0","0.464192164","","SLC25A30 (interacts with) UBA2",,"0","0","0","1","0.526829268","0.40155506",,"false","interacts with","SLC25A30 (interacts with) UBA2","0","Q5SVS4","","Q9UBT2",""
"868.8238222561755","","interacts with","0","0.47642623","","MYCN (interacts with) UBE2W",,"1","0","1","1","0.551219512","0.401632947",,"false","interacts with","MYCN (interacts with) UBE2W","0","P04198","","Q96B02",""
"5.2333333333333325","","interacts with","0","0.476387022","","KCNA7 (interacts with) TIMP4",,"0","0","0","1","0.551219512","0.401554531",,"false","interacts with","KCNA7 (interacts with) TIMP4","0","Q96RP8","","Q99727",""
"27.000644043940586","","interacts with","0","0.476426262","","MYC (interacts with) FILIP1",,"1","0","1","1","0.551219512","0.401633012",,"false","interacts with","MYC (interacts with) FILIP1","0","P01106","","Q7Z7B0",""
"4.838095238095238","","interacts with","0","0.476387512","","KCNA7 (interacts with) CFAP100",,"0","0","0","1","0.551219512","0.401555512",,"false","interacts with","KCNA7 (interacts with) CFAP100","0","Q96RP8","","Q494V2",""
"53.1416149415643","","interacts with","0","0.464216163","","ANKRD65 (interacts with) BDP1",,"0","0","0","1","0.526829268","0.401603057",,"false","interacts with","ANKRD65 (interacts with) BDP1","0","E5RJM6","","A6H8Y1",""
"7.557142857142857","","interacts with","0","0.476387021","","KCNA7 (interacts with) CCDC150",,"0","0","0","1","0.551219512","0.401554531",,"false","interacts with","KCNA7 (interacts with) CCDC150","0","Q96RP8","","Q8NCX0",""
"17.666666666666668","","interacts with","0","0.476426329","","RIOK3 (interacts with) PRKACA",,"0","1","1","1","0.551219512","0.401633147",,"false","interacts with","RIOK3 (interacts with) PRKACA","0","O14730","","P17612",""
"69.56172467733873","","interacts with","0","0.461777179","","ANKRD65 (interacts with) BOD1L1",,"0","0","0","1","0.52195122","0.401603138",,"false","interacts with","ANKRD65 (interacts with) BOD1L1","0","E5RJM6","","Q8NFC6",""
"14.041666666666664","","interacts with","0","0.476387156","","RUBCNL (interacts with) ST3GAL3",,"0","0","0","1","0.551219512","0.401554799",,"false","interacts with","RUBCNL (interacts with) ST3GAL3","0","Q9H714","","Q11203",""
"76.0","","interacts with","0","0.476426321","","TP53 (interacts with) TM2D2",,"1","0","1","1","0.551219512","0.401633129",,"false","interacts with","TP53 (interacts with) TM2D2","0","P04637","","Q9BX73",""
"15.302298850574715","","interacts with","0","0.476387406","","RUBCNL (interacts with) NOSTRIN",,"0","0","0","1","0.551219512","0.401555299",,"false","interacts with","RUBCNL (interacts with) NOSTRIN","0","Q9H714","","Q8IVI9",""
"28.333333333333325","","interacts with","0","0.461816248","","MYCL (interacts with) EFCAB13",,"1","0","1","1","0.52195122","0.401681276",,"false","interacts with","MYCL (interacts with) EFCAB13","0","P12524","","Q8IY85",""
"13.6","","interacts with","0","0.476426319","","CNR2 (interacts with) THNSL2",,"1","0","1","1","0.551219512","0.401633127",,"false","interacts with","CNR2 (interacts with) THNSL2","0","P34972","","Q86YJ6",""
"16.710986237215288","","interacts with","0","0.464216242","","UEVLD (interacts with) MED1",,"0","0","0","1","0.526829268","0.401603216",,"false","interacts with","UEVLD (interacts with) MED1","0","Q8IX04","","Q15648",""
"11.204761904761904","","interacts with","0","0.476387169","","KCNA7 (interacts with) GOLGA3",,"0","0","0","1","0.551219512","0.401554826",,"false","interacts with","KCNA7 (interacts with) GOLGA3","0","Q96RP8","","Q08378",""
"17.0","","interacts with","0","0.461816176","","COL5A1 (interacts with) RAPGEF4",,"1","0","1","1","0.52195122","0.401681133",,"false","interacts with","COL5A1 (interacts with) RAPGEF4","0","P20908","","Q8WZA2",""
"9.504761904761905","","interacts with","0","0.461777155","","KCNA7 (interacts with) REST",,"0","0","0","1","0.52195122","0.40160309",,"false","interacts with","KCNA7 (interacts with) REST","0","Q96RP8","","Q13127",""
"66.0","","interacts with","0","0.464255308","","COL1A2 (interacts with) CD38",,"1","0","1","1","0.526829268","0.401681349",,"false","interacts with","COL1A2 (interacts with) CD38","0","P08123","","P28907",""
"5.138095238095238","","interacts with","0","0.464192606","","KCNA7 (interacts with) ZKSCAN4",,"0","0","0","1","0.526829268","0.401555944",,"false","interacts with","KCNA7 (interacts with) ZKSCAN4","0","Q96RP8","","Q969J2",""
"0.0","","interacts with","0","0.55832244","","PTGS2 (interacts with) PTGS2",,"1","1","1","1","0.702439024","0.414205856",,"false","interacts with","PTGS2 (interacts with) PTGS2","0","P35354","","P35354",""
"8.666666666666666","","interacts with","0","0.476387277","","RUBCNL (interacts with) PRKCSH",,"0","0","0","1","0.551219512","0.401555041",,"false","interacts with","RUBCNL (interacts with) PRKCSH","0","Q9H714","","P14314",""
"53.3534671256123","","interacts with","0","0.476426204","","COL5A2 (interacts with) WDR13",,"1","0","1","1","0.551219512","0.401632896",,"false","interacts with","COL5A2 (interacts with) WDR13","0","P05997","","Q9H1Z4",""
"85.32036602678448","","interacts with","0","0.46419203","","SLC48A1 (interacts with) PSMD13",,"0","0","0","1","0.526829268","0.401554792",,"false","interacts with","SLC48A1 (interacts with) PSMD13","0","Q6P1K1","","Q9UNM6",""
"16.903392479553474","","interacts with","0","0.47642647","","MYC (interacts with) OR2A7",,"1","0","1","1","0.551219512","0.401633427",,"false","interacts with","MYC (interacts with) OR2A7","0","P01106","","Q96R45",""
"299.6776415901632","","interacts with","0","0.476387322","","SLC48A1 (interacts with) CAPG",,"0","0","0","1","0.551219512","0.401555132",,"false","interacts with","SLC48A1 (interacts with) CAPG","0","Q6P1K1","","P40121",""
"13.295556133317703","","interacts with","0","0.464192127","","DZIP1 (interacts with) UPK1A",,"0","0","0","1","0.526829268","0.401554986",,"false","interacts with","DZIP1 (interacts with) UPK1A","0","Q86YF9","","O00322",""
"142.70197123138297","","interacts with","0","0.476426273","","BCL2 (interacts with) VWA1",,"1","0","1","1","0.551219512","0.401633034",,"false","interacts with","BCL2 (interacts with) VWA1","0","P10415","","Q6PCB0",""
"9.018581212389261","","interacts with","0","0.476387237","","GCA (interacts with) TRIM55",,"0","0","0","1","0.551219512","0.401554963",,"false","interacts with","GCA (interacts with) TRIM55","0","P28676","","Q9BYV6",""
"396.2164332961203","","interacts with","0","0.464216149","","SLC48A1 (interacts with) NCAPG",,"0","0","0","1","0.526829268","0.401603029",,"false","interacts with","SLC48A1 (interacts with) NCAPG","0","Q6P1K1","","Q9BPX3",""
"66.0","","interacts with","0","0.464255207","","COL1A2 (interacts with) CLEC4A",,"1","0","1","1","0.526829268","0.401681145",,"false","interacts with","COL1A2 (interacts with) CLEC4A","0","P08123","","Q9UMR7",""
"17.000000000000004","","interacts with","0","0.476387164","","GCA (interacts with) PMS2",,"0","0","0","1","0.551219512","0.401554815",,"false","interacts with","GCA (interacts with) PMS2","0","P28676","","P54278",""
"105.66387599328777","","interacts with","0","0.464192149","","SLC48A1 (interacts with) LRRC71",,"0","0","0","1","0.526829268","0.401555031",,"false","interacts with","SLC48A1 (interacts with) LRRC71","0","Q6P1K1","","Q8N4P6",""
"18.593367416896825","","interacts with","0","0.46423127","","MYC (interacts with) STAP1",,"1","0","1","1","0.526829268","0.401633272",,"false","interacts with","MYC (interacts with) STAP1","0","P01106","","Q9ULZ2",""
"11.833333333333336","","interacts with","0","0.476387288","","RUBCNL (interacts with) GOT1L1",,"0","0","0","1","0.551219512","0.401555063",,"false","interacts with","RUBCNL (interacts with) GOT1L1","0","Q9H714","","Q8NHS2",""
"106.0","","interacts with","0","0.461816308","","COL1A2 (interacts with) GPATCH2",,"1","0","1","1","0.52195122","0.401681397",,"false","interacts with","COL1A2 (interacts with) GPATCH2","0","P08123","","Q9NW75",""
"66.51428571428572","","interacts with","0","0.476387167","","SLC48A1 (interacts with) CGN",,"0","0","0","1","0.551219512","0.401554821",,"false","interacts with","SLC48A1 (interacts with) CGN","0","Q6P1K1","","Q9P2M7",""
"101.99720932662109","","interacts with","0","0.476387181","","SLC48A1 (interacts with) VWA1",,"0","0","0","1","0.551219512","0.40155485",,"false","interacts with","SLC48A1 (interacts with) VWA1","0","Q6P1K1","","Q6PCB0",""
"65.16795949148893","","interacts with","0","0.476426314","","MITD1 (interacts with) TRAF6",,"0","1","1","1","0.551219512","0.401633116",,"false","interacts with","MITD1 (interacts with) TRAF6","0","Q8WV92","","Q9Y4K3",""
"101.33054265995443","","interacts with","0","0.476387169","","SLC48A1 (interacts with) FAM86B2",,"0","0","0","1","0.551219512","0.401554826",,"false","interacts with","SLC48A1 (interacts with) FAM86B2","0","Q6P1K1","","P0C5J1",""
"120.94702380952383","","interacts with","0","0.476387184","","SLC48A1 (interacts with) ZNF219",,"0","0","0","1","0.551219512","0.401554855",,"false","interacts with","SLC48A1 (interacts with) ZNF219","0","Q6P1K1","","Q9P2Y4",""
"136.95636798752963","","interacts with","0","0.47642618","","COL5A3 (interacts with) TMEM143",,"1","0","1","1","0.551219512","0.401632847",,"false","interacts with","COL5A3 (interacts with) TMEM143","0","P25940","","Q96AN5",""
"120.94702380952381","","interacts with","0","0.464192262","","SLC48A1 (interacts with) CDY2B",,"0","0","0","1","0.526829268","0.401555255",,"false","interacts with","SLC48A1 (interacts with) CDY2B","0","Q6P1K1","","Q9Y6F7",""
"10.336272573888674","","interacts with","0","0.464192269","","TRIM55 (interacts with) CALB2",,"0","0","0","1","0.526829268","0.401555271",,"false","interacts with","TRIM55 (interacts with) CALB2","0","Q9BYV6","","P22676",""
"0.0","","interacts with","0","0.529450212","","AKT1 (interacts with) AKT1",,"1","1","1","1","0.63902439","0.419876033",,"false","interacts with","AKT1 (interacts with) AKT1","0","P31749","","P31749",""
"17.36999389499389","","interacts with","0","0.476387249","","NKAIN1 (interacts with) RABL6",,"0","0","0","1","0.551219512","0.401554986",,"false","interacts with","NKAIN1 (interacts with) RABL6","0","Q4KMZ8","","Q3YEC7",""
"18.61623510648278","","interacts with","0","0.593460499","","TRIM55 (interacts with) PHC2",,"0","0","0","1","0.785365854","0.401555145",,"false","interacts with","TRIM55 (interacts with) PHC2","0","Q9BYV6","","Q8IXK0",""
"150.6068627450981","","interacts with","0","0.476426205","","COL1A1 (interacts with) LPAR2",,"1","0","1","1","0.551219512","0.401632898",,"false","interacts with","COL1A1 (interacts with) LPAR2","0","P02452","","Q9HBW0",""
"10.566666666666668","","interacts with","0","0.476387265","","NKAIN1 (interacts with) NBPF4",,"0","0","0","1","0.551219512","0.401555018",,"false","interacts with","NKAIN1 (interacts with) NBPF4","0","Q4KMZ8","","Q96M43",""
"70.51031746031748","","interacts with","0","0.476426259","","COL5A2 (interacts with) IL34",,"1","0","1","1","0.551219512","0.401633005",,"false","interacts with","COL5A2 (interacts with) IL34","0","P05997","","Q6ZMJ4",""
"6.866666666666669","","interacts with","0","0.476387294","","NKAIN1 (interacts with) ZDHHC11",,"0","0","0","1","0.551219512","0.401555076",,"false","interacts with","NKAIN1 (interacts with) ZDHHC11","0","Q4KMZ8","","Q9H8X9",""
"10.0","","interacts with","0","0.464192048","","ZNF133 (interacts with) DCDC2C",,"0","0","0","1","0.526829268","0.401554827",,"false","interacts with","ZNF133 (interacts with) DCDC2C","0","P52736","","A8MYV0",""
"117.35590178706339","","interacts with","0","0.476426177","","COL5A3 (interacts with) LMNTD1",,"1","0","1","1","0.551219512","0.401632841",,"false","interacts with","COL5A3 (interacts with) LMNTD1","0","P25940","","Q8N9Z9",""
"412.93432975651115","","interacts with","0","0.464192389","","SLC48A1 (interacts with) TARDBP",,"0","0","0","1","0.526829268","0.40155551",,"false","interacts with","SLC48A1 (interacts with) TARDBP","0","Q6P1K1","","Q13148",""
"19.09668623430233","","interacts with","0","0.476387322","","TRIM55 (interacts with) PSMA4",,"0","0","0","1","0.551219512","0.401555132",,"false","interacts with","TRIM55 (interacts with) PSMA4","0","Q9BYV6","","P25789",""
"0.0","","interacts with","0","0.552806146","","TRAF6 (interacts with) TRAF6",,"1","1","1","1","0.707317073","0.398295219",,"false","interacts with","TRAF6 (interacts with) TRAF6","0","Q9Y4K3","","Q9Y4K3",""
"92.0080162527532","","interacts with","0","0.476387407","","SLC48A1 (interacts with) MVD",,"0","0","0","1","0.551219512","0.401555302",,"false","interacts with","SLC48A1 (interacts with) MVD","0","Q6P1K1","","P53602",""
"18.850001340249012","","interacts with","0","0.464192117","","TRIM55 (interacts with) PMS2",,"0","0","0","1","0.526829268","0.401554965",,"false","interacts with","TRIM55 (interacts with) PMS2","0","Q9BYV6","","P54278",""
"3.0","","interacts with","0","0.464192143","","GABRB2 (interacts with) SEMA4G",,"0","0","0","1","0.526829268","0.401555018",,"false","interacts with","GABRB2 (interacts with) SEMA4G","0","P47870","","Q9NTN9",""
"36.05238095238095","","interacts with","0","0.461816149","","MYCL (interacts with) REST",,"1","0","1","1","0.52195122","0.401681078",,"false","interacts with","MYCL (interacts with) REST","0","P12524","","Q13127",""
"12.172518848102829","","interacts with","0","0.476387155","","RUBCNL (interacts with) SCAF4",,"0","0","0","1","0.551219512","0.401554797",,"false","interacts with","RUBCNL (interacts with) SCAF4","0","Q9H714","","O95104",""
"20.0","","interacts with","0","0.476426208","","VTN (interacts with) THBS4",,"1","0","1","1","0.551219512","0.401632904",,"false","interacts with","VTN (interacts with) THBS4","0","P04004","","P35443",""
"6.666666666666666","","interacts with","0","0.476387071","","GABRB2 (interacts with) RAPGEF4",,"0","0","0","1","0.551219512","0.40155463",,"false","interacts with","GABRB2 (interacts with) RAPGEF4","0","P47870","","Q8WZA2",""
"10.417009189640764","","interacts with","0","0.464192167","","EPB41L5 (interacts with) TMPPE",,"0","0","0","1","0.526829268","0.401555065",,"false","interacts with","EPB41L5 (interacts with) TMPPE","0","Q9HCM4","","Q6ZT21",""
"7.300000000000002","","interacts with","0","0.464192033","","NKAIN1 (interacts with) TRIM59",,"0","0","0","1","0.526829268","0.401554798",,"false","interacts with","NKAIN1 (interacts with) TRIM59","0","Q4KMZ8","","Q8IWR1",""
"8.469047619047618","","interacts with","0","0.46907035","","NKAIN1 (interacts with) ZFP57",,"0","0","0","1","0.536585366","0.401555334",,"false","interacts with","NKAIN1 (interacts with) ZFP57","0","Q4KMZ8","","Q9NU63",""
"53.0","","interacts with","0","0.476426241","","BCL2 (interacts with) RNF112",,"1","0","1","1","0.551219512","0.401632969",,"false","interacts with","BCL2 (interacts with) RNF112","0","P10415","","Q9ULX5",""
"8.919047619047616","","interacts with","0","0.476387156","","NKAIN1 (interacts with) NBPF6",,"0","0","0","1","0.551219512","0.4015548",,"false","interacts with","NKAIN1 (interacts with) NBPF6","0","Q4KMZ8","","Q5VWK0",""
"10.58238095238095","","interacts with","0","0.476387178","","EPB41L5 (interacts with) SULT1E1",,"0","0","0","1","0.551219512","0.401554844",,"false","interacts with","EPB41L5 (interacts with) SULT1E1","0","Q9HCM4","","P49888",""
"7.754761904761906","","interacts with","0","0.476387218","","NKAIN1 (interacts with) ZNF449",,"0","0","0","1","0.551219512","0.401554924",,"false","interacts with","NKAIN1 (interacts with) ZNF449","0","Q4KMZ8","","Q6P9G9",""
"145.79999999999998","","interacts with","0","0.476426204","","RGL2 (interacts with) COL5A3",,"0","1","1","1","0.551219512","0.401632896",,"false","interacts with","RGL2 (interacts with) COL5A3","0","O15211","","P25940",""
"6.238095238095238","","interacts with","0","0.476426302","","AKT1 (interacts with) PSG11",,"1","0","1","1","0.551219512","0.401633091",,"false","interacts with","AKT1 (interacts with) PSG11","0","P31749","","Q9UQ72",""
"39.65018227386649","","interacts with","0","0.476387312","","OR6C2 (interacts with) SAMD15",,"0","0","0","1","0.551219512","0.401555111",,"false","interacts with","OR6C2 (interacts with) SAMD15","0","Q9NZP2","","Q9P1V8",""
"9.133333333333333","","interacts with","0","0.464192241","","NKAIN1 (interacts with) TNFRSF11B",,"0","0","0","1","0.526829268","0.401555213",,"false","interacts with","NKAIN1 (interacts with) TNFRSF11B","0","Q4KMZ8","","O00300",""
"6.0","","interacts with","0","0.476426342","","ESR1 (interacts with) BMP2K",,"1","0","1","1","0.551219512","0.401633171",,"false","interacts with","ESR1 (interacts with) BMP2K","0","P03372","","Q9NSY1",""
"25.036056049213933","","interacts with","0","0.476387164","","OR6C2 (interacts with) NVL",,"0","0","0","1","0.551219512","0.401554816",,"false","interacts with","OR6C2 (interacts with) NVL","0","Q9NZP2","","O15381",""
"11.72113617376775","","interacts with","0","0.469070225","","NKAIN1 (interacts with) TRMT1",,"0","0","0","1","0.536585366","0.401555085",,"false","interacts with","NKAIN1 (interacts with) TRMT1","0","Q4KMZ8","","Q9NXH9",""
"22.501292824822233","","interacts with","0","0.476426451","","MYC (interacts with) OR10A2",,"1","0","1","1","0.551219512","0.401633389",,"false","interacts with","MYC (interacts with) OR10A2","0","P01106","","Q9H208",""
"10.633333333333333","","interacts with","0","0.476387253","","EPB41L5 (interacts with) SCAF4",,"0","0","0","1","0.551219512","0.401554994",,"false","interacts with","EPB41L5 (interacts with) SCAF4","0","Q9HCM4","","O95104",""
"8.374136008918619","","interacts with","0","0.46175325","","NKAIN1 (interacts with) CKMT1B",,"0","0","0","1","0.52195122","0.40155528",,"false","interacts with","NKAIN1 (interacts with) CKMT1B","0","Q4KMZ8","","P12532",""
"10.13578947368421","","interacts with","0","0.464192031","","EPB41L5 (interacts with) P2RY11",,"0","0","0","1","0.526829268","0.401554794",,"false","interacts with","EPB41L5 (interacts with) P2RY11","0","Q9HCM4","","Q96G91",""
"30.0","","interacts with","0","0.464231215","","BGLAP (interacts with) PSME3IP1",,"1","0","1","1","0.526829268","0.401633161",,"false","interacts with","BGLAP (interacts with) PSME3IP1","0","P02818","","Q9GZU8",""
"27.578968479496904","","interacts with","0","0.464216207","","NKAIN1 (interacts with) BDP1",,"0","0","0","1","0.526829268","0.401603145",,"false","interacts with","NKAIN1 (interacts with) BDP1","0","Q4KMZ8","","A6H8Y1",""
"9.161904761904761","","interacts with","0","0.476387208","","EPB41L5 (interacts with) TNMD",,"0","0","0","1","0.551219512","0.401554904",,"false","interacts with","EPB41L5 (interacts with) TNMD","0","Q9HCM4","","Q9H2S6",""
"58.5292151540627","","interacts with","0","0.464216132","","NKAIN1 (interacts with) BOD1L1",,"0","0","0","1","0.526829268","0.401602996",,"false","interacts with","NKAIN1 (interacts with) BOD1L1","0","Q4KMZ8","","Q8NFC6",""
"208.75792540792543","","interacts with","0","0.476426195","","COL1A1 (interacts with) RCOR3",,"1","0","1","1","0.551219512","0.401632878",,"false","interacts with","COL1A1 (interacts with) RCOR3","0","P02452","","Q9P2K3",""
"10.61404151404151","","interacts with","0","0.476387157","","NKAIN1 (interacts with) MYLK3",,"0","0","0","1","0.551219512","0.401554802",,"false","interacts with","NKAIN1 (interacts with) MYLK3","0","Q4KMZ8","","Q32MK0",""
"8.023809523809524","","interacts with","0","0.476387179","","TIMP4 (interacts with) ESCO1",,"0","0","0","1","0.551219512","0.401554847",,"false","interacts with","TIMP4 (interacts with) ESCO1","0","Q99727","","Q5FWF5",""
"7.4333333333333345","","interacts with","0","0.461753851","","NKAIN1 (interacts with) SYPL1",,"0","0","0","1","0.52195122","0.401556482",,"false","interacts with","NKAIN1 (interacts with) SYPL1","0","Q4KMZ8","","Q16563",""
"49.51710348924867","","interacts with","0","0.476426202","","BECN2 (interacts with) COL5A2",,"0","1","1","1","0.551219512","0.401632892",,"false","interacts with","BECN2 (interacts with) COL5A2","0","A8MW95","","P05997",""
"7.011904761904763","","interacts with","0","0.476387073","","TIMP4 (interacts with) CCDC150",,"0","0","0","1","0.551219512","0.401554634",,"false","interacts with","TIMP4 (interacts with) CCDC150","0","Q99727","","Q8NCX0",""
"20.1815782628005","","interacts with","0","0.476387089","","OR4X1 (interacts with) CC2D1A",,"0","0","0","1","0.551219512","0.401554665",,"false","interacts with","OR4X1 (interacts with) CC2D1A","0","Q8NH49","","Q6P1N0",""
"56.666666666666664","","interacts with","0","0.476426288","","TP53 (interacts with) EFNA1",,"1","0","1","1","0.551219512","0.401633064",,"false","interacts with","TP53 (interacts with) EFNA1","0","P04637","","P20827",""
"9.752380952380953","","interacts with","0","0.476387141","","TIMP4 (interacts with) FOXP1",,"0","0","0","1","0.551219512","0.401554769",,"false","interacts with","TIMP4 (interacts with) FOXP1","0","Q99727","","Q9H334",""
"13.698795840175151","","interacts with","0","0.464192107","","RUBCNL (interacts with) ARHGAP44",,"0","0","0","1","0.526829268","0.401554946",,"false","interacts with","RUBCNL (interacts with) ARHGAP44","0","Q9H714","","Q17R89",""
"38.380630826811434","","interacts with","0","0.464216191","","OR2A5 (interacts with) BDP1",,"0","0","0","1","0.526829268","0.401603113",,"false","interacts with","OR2A5 (interacts with) BDP1","0","Q96R48","","A6H8Y1",""
"9.671264367816091","","interacts with","0","0.464192238","","RUBCNL (interacts with) TMPPE",,"0","0","0","1","0.526829268","0.401555207",,"false","interacts with","RUBCNL (interacts with) TMPPE","0","Q9H714","","Q6ZT21",""
"73.276522194848","","interacts with","0","0.464216176","","OR2A5 (interacts with) BOD1L1",,"0","0","0","1","0.526829268","0.401603083",,"false","interacts with","OR2A5 (interacts with) BOD1L1","0","Q96R48","","Q8NFC6",""
"12.456926406926407","","interacts with","0","0.476387309","","OR4X1 (interacts with) NRG1",,"0","0","0","1","0.551219512","0.401555105",,"false","interacts with","OR4X1 (interacts with) NRG1","0","Q8NH49","","Q02297",""
"50.07536231884061","","interacts with","0","0.476426386","","OR7D2 (interacts with) TRAF6",,"0","1","1","1","0.551219512","0.40163326",,"false","interacts with","OR7D2 (interacts with) TRAF6","0","Q96RA2","","Q9Y4K3",""
"61.46476915803723","","interacts with","0","0.464255208","","MAPK14 (interacts with) ANKRD36B",,"1","0","1","1","0.526829268","0.401681147",,"false","interacts with","MAPK14 (interacts with) ANKRD36B","0","Q16539","","Q8N2N9",""
"7.844786967418546","","interacts with","0","0.464192113","","EPB41L5 (interacts with) AADACL4",,"0","0","0","1","0.526829268","0.401554958",,"false","interacts with","EPB41L5 (interacts with) AADACL4","0","Q9HCM4","","Q5VUY2",""
"9.333333333333332","","interacts with","0","0.469070309","","NKAIN1 (interacts with) PUS1",,"0","0","0","1","0.536585366","0.401555251",,"false","interacts with","NKAIN1 (interacts with) PUS1","0","Q4KMZ8","","Q9Y606",""
"10.711904761904762","","interacts with","0","0.476387173","","NKAIN1 (interacts with) UBA2",,"0","0","0","1","0.551219512","0.401554833",,"false","interacts with","NKAIN1 (interacts with) UBA2","0","Q4KMZ8","","Q9UBT2",""
"7.81904761904762","","interacts with","0","0.464192199","","TIMP4 (interacts with) ZNF350",,"0","0","0","1","0.526829268","0.401555131",,"false","interacts with","TIMP4 (interacts with) ZNF350","0","Q99727","","Q9GZX5",""
"8.785714285714283","","interacts with","0","0.476387261","","NKAIN1 (interacts with) THBD",,"0","0","0","1","0.551219512","0.401555009",,"false","interacts with","NKAIN1 (interacts with) THBD","0","Q4KMZ8","","P07204",""
"24.80368595967055","","interacts with","0","0.476426257","","NFKB1 (interacts with) SMC1B",,"1","0","1","1","0.551219512","0.401633002",,"false","interacts with","NFKB1 (interacts with) SMC1B","0","P19838","","Q8NDV3",""
"7.766666666666665","","interacts with","0","0.476387211","","TIMP4 (interacts with) NEDD1",,"0","0","0","1","0.551219512","0.401554909",,"false","interacts with","TIMP4 (interacts with) NEDD1","0","Q99727","","Q8NHV4",""
"11.884874608150472","","interacts with","0","0.476387097","","RUBCNL (interacts with) TNMD",,"0","0","0","1","0.551219512","0.401554682",,"false","interacts with","RUBCNL (interacts with) TNMD","0","Q9H714","","Q9H2S6",""
"182.29826839826836","","interacts with","0","0.476426267","","COL1A1 (interacts with) CXCR1",,"1","0","1","1","0.551219512","0.401633021",,"false","interacts with","COL1A1 (interacts with) CXCR1","0","P02452","","P25024",""
"14.006060606060606","","interacts with","0","0.476387081","","RUBCNL (interacts with) AMZ2",,"0","0","0","1","0.551219512","0.401554651",,"false","interacts with","RUBCNL (interacts with) AMZ2","0","Q9H714","","Q86W34",""
"5.890476190476191","","interacts with","0","0.469070124","","TIMP4 (interacts with) CFAP100",,"0","0","0","1","0.536585366","0.401554882",,"false","interacts with","TIMP4 (interacts with) CFAP100","0","Q99727","","Q494V2",""
"8.913333333333334","","interacts with","0","0.461792694","","OR4X1 (interacts with) RAB24",,"0","0","0","1","0.52195122","0.401634168",,"false","interacts with","OR4X1 (interacts with) RAB24","0","Q8NH49","","Q969Q5",""
"63.05581448372939","","interacts with","0","0.476426235","","COL3A1 (interacts with) ZNF772",,"1","0","1","1","0.551219512","0.401632957",,"false","interacts with","COL3A1 (interacts with) ZNF772","0","P02461","","Q68DY9",""
"4.0","","interacts with","0","0.464192205","","CEP57L1 (interacts with) IGKV3D-11",,"0","0","0","1","0.526829268","0.401555142",,"false","interacts with","CEP57L1 (interacts with) IGKV3D-11","0","Q8IYX8","","A0A0A0MRZ8",""
"9.537874990506568","","interacts with","0","0.476387196","","OR4X1 (interacts with) SAMD15",,"0","0","0","1","0.551219512","0.40155488",,"false","interacts with","OR4X1 (interacts with) SAMD15","0","Q8NH49","","Q9P1V8",""
"22.619047619047613","","interacts with","0","0.476426272","","TP53 (interacts with) LYG1",,"1","0","1","1","0.551219512","0.401633032",,"false","interacts with","TP53 (interacts with) LYG1","0","P04637","","Q8N1E2",""
"6.633333333333333","","interacts with","0","0.476387197","","CNTLN (interacts with) ZNF629",,"0","0","0","1","0.551219512","0.401554882",,"false","interacts with","CNTLN (interacts with) ZNF629","0","Q9NXG0","","Q9UEG4",""
"10.283333333333333","","interacts with","0","0.46907026","","OR4X1 (interacts with) ZNF668",,"0","0","0","1","0.536585366","0.401555154",,"false","interacts with","OR4X1 (interacts with) ZNF668","0","Q8NH49","","Q96K58",""
"76.82991267365674","","interacts with","0","0.476387398","","XRCC1 (interacts with) MCHR1",,"0","0","0","1","0.551219512","0.401555284",,"false","interacts with","XRCC1 (interacts with) MCHR1","0","P18887","","Q99705",""
"29.0","","interacts with","0","0.476426414","","SPP1 (interacts with) GARIN2",,"1","0","1","1","0.551219512","0.401633315",,"false","interacts with","SPP1 (interacts with) GARIN2","0","P10451","","Q8N9W8",""
"11.433748006379586","","interacts with","0","0.476387085","","OR4X1 (interacts with) NVL",,"0","0","0","1","0.551219512","0.401554658",,"false","interacts with","OR4X1 (interacts with) NVL","0","Q8NH49","","O15381",""
"13.333333333333336","","interacts with","0","0.464231684","","OR4X1 (interacts with) GCA",,"0","0","0","1","0.526829268","0.401634099",,"false","interacts with","OR4X1 (interacts with) GCA","0","Q8NH49","","P28676",""
"70.63324420677363","","interacts with","0","0.47638753","","XRCC1 (interacts with) LPAR2",,"0","0","0","1","0.551219512","0.401555548",,"false","interacts with","XRCC1 (interacts with) LPAR2","0","P18887","","Q9HBW0",""
"16.76507702773687","","interacts with","0","0.476426371","","OR4X1 (interacts with) ZNF319",,"0","0","0","1","0.551219512","0.401633229",,"false","interacts with","OR4X1 (interacts with) ZNF319","0","Q8NH49","","Q9P2F9",""
"198.71778221778217","","interacts with","0","0.464231189","","RFPL4AL1 (interacts with) MYCN",,"0","1","1","1","0.526829268","0.40163311",,"false","interacts with","RFPL4AL1 (interacts with) MYCN","0","F8VTS6","","P04198",""
"938.0718151129918","","interacts with","0","0.561669933","","CEACAM6 (interacts with) TLX3",,"0","0","0","1","0.72195122","0.401388647",,"false","interacts with","CEACAM6 (interacts with) TLX3","0","P40199","","O43711",""
"18.088911658678786","","interacts with","0","0.476387059","","OR4X1 (interacts with) FILIP1",,"0","0","0","1","0.551219512","0.401554606",,"false","interacts with","OR4X1 (interacts with) FILIP1","0","Q8NH49","","Q7Z7B0",""
"51.2534671256123","","interacts with","0","0.47642623","","COL5A2 (interacts with) OR2A5",,"1","0","1","1","0.551219512","0.401632947",,"false","interacts with","COL5A2 (interacts with) OR2A5","0","P05997","","Q96R48",""
"7.653846153846153","","interacts with","0","0.461777092","","PCCA (interacts with) ZNF638",,"0","0","0","1","0.52195122","0.401602964",,"false","interacts with","PCCA (interacts with) ZNF638","0","P05165","","Q14966",""
"8.519047619047619","","interacts with","0","0.476387182","","DZIP1 (interacts with) TBCE",,"0","0","0","1","0.551219512","0.401554852",,"false","interacts with","DZIP1 (interacts with) TBCE","0","Q86YF9","","Q15813",""
"10.653846153846153","","interacts with","0","0.476387118","","PCCA (interacts with) TRIP11",,"0","0","0","1","0.551219512","0.401554723",,"false","interacts with","PCCA (interacts with) TRIP11","0","P05165","","Q15643",""
"286.0","","interacts with","0","0.464255281","","COL1A1 (interacts with) TMBIM1",,"1","0","1","1","0.526829268","0.401681294",,"false","interacts with","COL1A1 (interacts with) TMBIM1","0","P02452","","Q969X1",""
"9.933333333333334","","interacts with","0","0.461753303","","OR4X1 (interacts with) METTL15P1",,"0","0","0","1","0.52195122","0.401555387",,"false","interacts with","OR4X1 (interacts with) METTL15P1","0","Q8NH49","","P0C7V9",""
"0.0","taxid:9606(Homo sapiens)","interacts with","1","0.641337556","""psi-mi:""""MI:0809""""(bimolecular fluorescence complementation)""","NTRK1 (interacts with) NTRK1","2","1","1","1","1","0.873170732","0.40950438",,"false","interacts with","NTRK1 (interacts with) NTRK1","0","P04629","P04629","P04629","P04629"
"7.3","","interacts with","0","0.476387476","","OR4X1 (interacts with) GSTP1",,"0","0","0","1","0.551219512","0.40155544",,"false","interacts with","OR4X1 (interacts with) GSTP1","0","Q8NH49","","P09211",""
"17.0","","interacts with","0","0.476426152","","PTGS1 (interacts with) MAGI3",,"1","0","1","1","0.551219512","0.401632792",,"false","interacts with","PTGS1 (interacts with) MAGI3","0","P23219","","Q5TCQ9",""
"11.393050797833407","","interacts with","0","0.464231263","","OR4X1 (interacts with) PHC2",,"0","0","0","1","0.526829268","0.401633257",,"false","interacts with","OR4X1 (interacts with) PHC2","0","Q8NH49","","Q8IXK0",""
"223.53333333333333","","interacts with","0","0.564067795","","XRCC1 (interacts with) POLB",,"0","0","0","1","0.726829268","0.401306322",,"false","interacts with","XRCC1 (interacts with) POLB","0","P18887","","P06746",""
"22.818183573297983","","interacts with","0","0.464216128","","RUBCNL (interacts with) MED1",,"0","0","0","1","0.526829268","0.401602988",,"false","interacts with","RUBCNL (interacts with) MED1","0","Q9H714","","Q15648",""
"28.0","","interacts with","0","0.47642622","","VTN (interacts with) JMY",,"1","0","1","1","0.551219512","0.401632927",,"false","interacts with","VTN (interacts with) JMY","0","P04004","","Q8N9B5",""
"70.0835090772531","","interacts with","0","0.476387221","","XRCC1 (interacts with) REEP4",,"0","0","0","1","0.551219512","0.401554931",,"false","interacts with","XRCC1 (interacts with) REEP4","0","P18887","","Q9H6H4",""
"4.833333333333334","","interacts with","0","0.464192185","","ZNF485 (interacts with) CTNNA3",,"0","0","0","1","0.526829268","0.401555101",,"false","interacts with","ZNF485 (interacts with) CTNNA3","0","Q8NCK3","","Q9UI47",""
"66.60793650793651","","interacts with","0","0.47642622","","COL1A2 (interacts with) HOXD13",,"1","0","1","1","0.551219512","0.401632927",,"false","interacts with","COL1A2 (interacts with) HOXD13","0","P08123","","P35453",""
"66.26753246753246","","interacts with","0","0.476387568","","XRCC1 (interacts with) CXCR1",,"0","0","0","1","0.551219512","0.401555625",,"false","interacts with","XRCC1 (interacts with) CXCR1","0","P18887","","P25024",""
"4.166666666666667","","interacts with","0","0.476387405","","ZNF485 (interacts with) ARMC2",,"0","0","0","1","0.551219512","0.401555298",,"false","interacts with","ZNF485 (interacts with) ARMC2","0","Q8NCK3","","Q8NEN0",""
"6.087179487179487","","interacts with","0","0.464216206","","CEP126 (interacts with) ZNF638",,"0","0","0","1","0.526829268","0.401603144",,"false","interacts with","CEP126 (interacts with) ZNF638","0","Q9P2H0","","Q14966",""
"378.4638528138528","","interacts with","0","0.46181623","","COL1A1 (interacts with) SPATA2",,"1","0","1","1","0.52195122","0.401681241",,"false","interacts with","COL1A1 (interacts with) SPATA2","0","P02452","","Q9UM82",""
"4.333333333333334","","interacts with","0","0.464192213","","RCOR3 (interacts with) FAAP100",,"0","0","0","1","0.526829268","0.401555158",,"false","interacts with","RCOR3 (interacts with) FAAP100","0","Q9P2K3","","Q0VG06",""
"11.547383684999781","","interacts with","0","0.476426463","","OR4X1 (interacts with) TRIM55",,"0","0","0","1","0.551219512","0.401633413",,"false","interacts with","OR4X1 (interacts with) TRIM55","0","Q8NH49","","Q9BYV6",""
"68.0","","interacts with","0","0.476426387","","RELA (interacts with) OR10T2",,"1","0","1","1","0.551219512","0.401633262",,"false","interacts with","RELA (interacts with) OR10T2","0","Q04206","","Q8NGX3",""
"1246.4029800394653","","interacts with","0","0.57149798","","XRCC1 (interacts with) NCAPG",,"0","0","0","1","0.741463415","0.401532545",,"false","interacts with","XRCC1 (interacts with) NCAPG","0","P18887","","Q9BPX3",""
"8.902298850574713","","interacts with","0","0.464192339","","RUBCNL (interacts with) OTUD5",,"0","0","0","1","0.526829268","0.40155541",,"false","interacts with","RUBCNL (interacts with) OTUD5","0","Q9H714","","Q96G74",""
"225.986404118757","","interacts with","0","0.46419206","","XRCC1 (interacts with) ST6GALNAC6",,"0","0","0","1","0.526829268","0.401554852",,"false","interacts with","XRCC1 (interacts with) ST6GALNAC6","0","P18887","","Q969X2",""
"5.333333333333333","","interacts with","0","0.476426247","","PTGS2 (interacts with) CFAP221",,"1","0","1","1","0.551219512","0.401632982",,"false","interacts with","PTGS2 (interacts with) CFAP221","0","P35354","","Q4G0U5",""
"9.818095238095236","","interacts with","0","0.476387121","","OR4X1 (interacts with) PMS2",,"0","0","0","1","0.551219512","0.40155473",,"false","interacts with","OR4X1 (interacts with) PMS2","0","Q8NH49","","P54278",""
"62.29246031746033","","interacts with","0","0.476387352","","XRCC1 (interacts with) NDUFAF6",,"0","0","0","1","0.551219512","0.401555191",,"false","interacts with","XRCC1 (interacts with) NDUFAF6","0","P18887","","Q330K2",""
"40.44687371901885","","interacts with","0","0.476426159","","COL5A2 (interacts with) ST8SIA4",,"1","0","1","1","0.551219512","0.401632805",,"false","interacts with","COL5A2 (interacts with) ST8SIA4","0","P05997","","Q92187",""
"71.46876548750949","","interacts with","0","0.46907042","","XRCC1 (interacts with) SLC35B4",,"0","0","0","1","0.536585366","0.401555474",,"false","interacts with","XRCC1 (interacts with) SLC35B4","0","P18887","","Q969S0",""
"4.252380952380952","","interacts with","0","0.476387168","","CNTLN (interacts with) PPWD1",,"0","0","0","1","0.551219512","0.401554824",,"false","interacts with","CNTLN (interacts with) PPWD1","0","Q9NXG0","","Q96BP3",""
"39.33333333333334","","interacts with","0","0.476426194","","UBXN11 (interacts with) PROCR",,"0","1","1","1","0.551219512","0.401632875",,"false","interacts with","UBXN11 (interacts with) PROCR","0","Q5T124","","Q9UNN8",""
"23.450920502399928","","interacts with","0","0.461777143","","RUBCNL (interacts with) SMC1B",,"0","0","0","1","0.52195122","0.401603067",,"false","interacts with","RUBCNL (interacts with) SMC1B","0","Q9H714","","Q8NDV3",""
"29.0","","interacts with","0","0.476426307","","IGLV8-61 (interacts with) SPP1",,"0","1","1","1","0.551219512","0.401633102",,"false","interacts with","IGLV8-61 (interacts with) SPP1","0","A0A075B6I0","","P10451",""
"10.519047619047619","","interacts with","0","0.476387128","","ZNF48 (interacts with) BCL9",,"0","0","0","1","0.551219512","0.401554743",,"false","interacts with","ZNF48 (interacts with) BCL9","0","Q96MX3","","O00512",""
"7.583333333333334","","interacts with","0","0.476387232","","ZNF48 (interacts with) TRAV12-3",,"0","0","0","1","0.551219512","0.401554952",,"false","interacts with","ZNF48 (interacts with) TRAV12-3","0","Q96MX3","","A0A0B4J271",""
"8.066666666666666","","interacts with","0","0.464192235","","ZNF48 (interacts with) DHRS13",,"0","0","0","1","0.526829268","0.401555202",,"false","interacts with","ZNF48 (interacts with) DHRS13","0","Q96MX3","","Q6UX07",""
"28.0","","interacts with","0","0.476426258","","BGLAP (interacts with) EP400P1",,"1","0","1","1","0.551219512","0.401633004",,"false","interacts with","BGLAP (interacts with) EP400P1","0","P02818","","Q6ZTU2",""
"10.066666666666666","","interacts with","0","0.476387208","","ZNF350 (interacts with) NEDD1",,"0","0","0","1","0.551219512","0.401554903",,"false","interacts with","ZNF350 (interacts with) NEDD1","0","Q9GZX5","","Q8NHV4",""
"7.233333333333333","","interacts with","0","0.476387525","","ZNF48 (interacts with) TMEM41A",,"0","0","0","1","0.551219512","0.401555539",,"false","interacts with","ZNF48 (interacts with) TMEM41A","0","Q96MX3","","Q96HV5",""
"51.9","","interacts with","0","0.469109309","","SCAF4 (interacts with) COL3A1",,"0","1","1","1","0.536585366","0.401633252",,"false","interacts with","SCAF4 (interacts with) COL3A1","0","O95104","","P02461",""
"6.527777777777779","","interacts with","0","0.461753223","","ZNF350 (interacts with) CFAP100",,"0","0","0","1","0.52195122","0.401555226",,"false","interacts with","ZNF350 (interacts with) CFAP100","0","Q9GZX5","","Q494V2",""
"103.88118451467172","","interacts with","0","0.476426157","","SLC17A2 (interacts with) COL5A3",,"0","1","1","1","0.551219512","0.401632801",,"false","interacts with","SLC17A2 (interacts with) COL5A3","0","O00624","","P25940",""
"8.42051282051282","","interacts with","0","0.476387252","","CEP126 (interacts with) TRIP11",,"0","0","0","1","0.551219512","0.401554993",,"false","interacts with","CEP126 (interacts with) TRIP11","0","Q9P2H0","","Q15643",""
"49.62534132534134","","interacts with","0","0.461753024","","RCOR3 (interacts with) RBM25",,"0","0","0","1","0.52195122","0.401554828",,"false","interacts with","RCOR3 (interacts with) RBM25","0","Q9P2K3","","P49756",""
"53.353467125612255","","interacts with","0","0.47642633","","COL5A2 (interacts with) ALDH6A1",,"1","0","1","1","0.551219512","0.401633147",,"false","interacts with","COL5A2 (interacts with) ALDH6A1","0","P05997","","Q02252",""
"165.57378155048153","","interacts with","0","0.464216127","","PSD2 (interacts with) BOD1L1",,"0","0","0","1","0.526829268","0.401602985",,"false","interacts with","PSD2 (interacts with) BOD1L1","0","Q9BQI7","","Q8NFC6",""
"49.51710348924863","","interacts with","0","0.476426345","","KPNA6 (interacts with) COL5A2",,"0","1","1","1","0.551219512","0.401633178",,"false","interacts with","KPNA6 (interacts with) COL5A2","0","O60684","","P05997",""
"16.092735042735043","","interacts with","0","0.476387242","","ZNF350 (interacts with) ALDH18A1",,"0","0","0","1","0.551219512","0.401554972",,"false","interacts with","ZNF350 (interacts with) ALDH18A1","0","Q9GZX5","","P54886",""
"6.0","","interacts with","0","0.461816176","","NOS3 (interacts with) ATRX",,"1","0","1","1","0.52195122","0.401681133",,"false","interacts with","NOS3 (interacts with) ATRX","0","P29474","","P46100",""
"22.853609570310336","","interacts with","0","0.47638714","","ODF3 (interacts with) ZNF319",,"0","0","0","1","0.551219512","0.401554768",,"false","interacts with","ODF3 (interacts with) ZNF319","0","Q96PU9","","Q9P2F9",""
"6.333333333333332","","interacts with","0","0.476387348","","PRR5 (interacts with) POLR3GL",,"0","0","0","1","0.551219512","0.401555183",,"false","interacts with","PRR5 (interacts with) POLR3GL","0","P85299","","Q9BT43",""
"15.118755221386797","","interacts with","0","0.464192043","","ODF3 (interacts with) SAMD15",,"0","0","0","1","0.526829268","0.401554818",,"false","interacts with","ODF3 (interacts with) SAMD15","0","Q96PU9","","Q9P1V8",""
"17.9","","interacts with","0","0.476426129","","TSC22D2 (interacts with) SPP1",,"0","1","1","1","0.551219512","0.401632747",,"false","interacts with","TSC22D2 (interacts with) SPP1","0","O75157","","P10451",""
"11.690476190476192","","interacts with","0","0.47638711","","ODF3 (interacts with) ZNF668",,"0","0","0","1","0.551219512","0.401554708",,"false","interacts with","ODF3 (interacts with) ZNF668","0","Q96PU9","","Q96K58",""
"290.0","","interacts with","0","0.464255185","","COL1A1 (interacts with) MRNIP",,"1","0","1","1","0.526829268","0.401681102",,"false","interacts with","COL1A1 (interacts with) MRNIP","0","P02452","","Q6NTE8",""
"6.966666666666667","","interacts with","0","0.464192071","","PRR5 (interacts with) TSC22D2",,"0","0","0","1","0.526829268","0.401554874",,"false","interacts with","PRR5 (interacts with) TSC22D2","0","P85299","","O75157",""
"15.87097744360902","","interacts with","0","0.476387209","","ODF3 (interacts with) NVL",,"0","0","0","1","0.551219512","0.401554906",,"false","interacts with","ODF3 (interacts with) NVL","0","Q96PU9","","O15381",""
"12.596031746031743","","interacts with","0","0.476426214","","MYCL (interacts with) RAMAC",,"1","0","1","1","0.551219512","0.401632916",,"false","interacts with","MYCL (interacts with) RAMAC","0","P12524","","Q9BTL3",""
"11.91919191919192","","interacts with","0","0.476387301","","DZIP1 (interacts with) PRAMEF19",,"0","0","0","1","0.551219512","0.401555089",,"false","interacts with","DZIP1 (interacts with) PRAMEF19","0","Q86YF9","","Q5SWL8",""
"4.550000000000001","","interacts with","0","0.476387231","","PRR5 (interacts with) SALL2",,"0","0","0","1","0.551219512","0.40155495",,"false","interacts with","PRR5 (interacts with) SALL2","0","P85299","","Q9Y467",""
"13.187271607386123","","interacts with","0","0.476426314","","CNR2 (interacts with) DZIP1",,"1","0","1","1","0.551219512","0.401633115",,"false","interacts with","CNR2 (interacts with) DZIP1","0","P34972","","Q86YF9",""
"9.12142857142857","","interacts with","0","0.476387086","","ZNF350 (interacts with) ESCO1",,"0","0","0","1","0.551219512","0.401554659",,"false","interacts with","ZNF350 (interacts with) ESCO1","0","Q9GZX5","","Q5FWF5",""
"7.872222222222222","","interacts with","0","0.469070515","","ZNF48 (interacts with) SGCA",,"0","0","0","1","0.536585366","0.401555665",,"false","interacts with","ZNF48 (interacts with) SGCA","0","Q96MX3","","Q16586",""
"223.50597180597177","","interacts with","0","0.464231298","","COL1A1 (interacts with) FAAP100",,"1","0","1","1","0.526829268","0.401633328",,"false","interacts with","COL1A1 (interacts with) FAAP100","0","P02452","","Q0VG06",""
"6.635714285714286","","interacts with","0","0.476387151","","ZNF350 (interacts with) CCDC150",,"0","0","0","1","0.551219512","0.401554789",,"false","interacts with","ZNF350 (interacts with) CCDC150","0","Q9GZX5","","Q8NCX0",""
"8.222222222222223","","interacts with","0","0.476387185","","ZNF48 (interacts with) SMIM26",,"0","0","0","1","0.551219512","0.401554857",,"false","interacts with","ZNF48 (interacts with) SMIM26","0","Q96MX3","","A0A096LP01",""
"290.0","","interacts with","0","0.469109212","","MYCN (interacts with) RRAD",,"1","0","1","1","0.536585366","0.401633058",,"false","interacts with","MYCN (interacts with) RRAD","0","P04198","","P55042",""
"8.549999999999999","","interacts with","0","0.476387246","","ZNF350 (interacts with) FOXP1",,"0","0","0","1","0.551219512","0.401554979",,"false","interacts with","ZNF350 (interacts with) FOXP1","0","Q9GZX5","","Q9H334",""
"68.0","","interacts with","0","0.461816309","","NTRK1 (interacts with) FYCO1",,"1","0","1","1","0.52195122","0.401681399",,"false","interacts with","NTRK1 (interacts with) FYCO1","0","P04629","","Q9BQS8",""
"16.63083028083028","","interacts with","0","0.47638722","","ZNF350 (interacts with) RABEP1",,"0","0","0","1","0.551219512","0.401554927",,"false","interacts with","ZNF350 (interacts with) RABEP1","0","Q9GZX5","","Q15276",""
"17.484442065664304","","interacts with","0","0.464192135","","ODF3 (interacts with) CC2D1A",,"0","0","0","1","0.526829268","0.401555001",,"false","interacts with","ODF3 (interacts with) CC2D1A","0","Q96PU9","","Q6P1N0",""
"72.90839968438428","","interacts with","0","0.476426199","","COL3A1 (interacts with) GLYATL1",,"1","0","1","1","0.551219512","0.401632886",,"false","interacts with","COL3A1 (interacts with) GLYATL1","0","P02461","","Q969I3",""
"13.0","","interacts with","0","0.476387256","","CAPZB (interacts with) TRGV1",,"0","0","0","1","0.551219512","0.401554999",,"false","interacts with","CAPZB (interacts with) TRGV1","0","P47756","","A0A0A0MS02",""
"14.766081871345031","","interacts with","0","0.476387688","","ODF3 (interacts with) ANXA3",,"0","0","0","1","0.551219512","0.401555864",,"false","interacts with","ODF3 (interacts with) ANXA3","0","Q96PU9","","P12429",""
"5.3999999999999995","","interacts with","0","0.476387171","","CAPZB (interacts with) RAB11FIP2",,"0","0","0","1","0.551219512","0.401554829",,"false","interacts with","CAPZB (interacts with) RAB11FIP2","0","P47756","","Q7L804",""
"54.665630479093075","","interacts with","0","0.47642625","","COL3A1 (interacts with) TMPPE",,"1","0","1","1","0.551219512","0.401632987",,"false","interacts with","COL3A1 (interacts with) TMPPE","0","P02461","","Q6ZT21",""
"11.276984126984125","","interacts with","0","0.476387276","","ODF3 (interacts with) MAGEB6B",,"0","0","0","1","0.551219512","0.40155504",,"false","interacts with","ODF3 (interacts with) MAGEB6B","0","Q96PU9","","A0A0J9YX57",""
"7.3999999999999995","","interacts with","0","0.476387132","","CAPZB (interacts with) ZNF526",,"0","0","0","1","0.551219512","0.401554752",,"false","interacts with","CAPZB (interacts with) ZNF526","0","P47756","","Q8TF50",""
"17.046726654140844","","interacts with","0","0.476387179","","ODF3 (interacts with) PHC2",,"0","0","0","1","0.551219512","0.401554845",,"false","interacts with","ODF3 (interacts with) PHC2","0","Q96PU9","","Q8IXK0",""
"63.66666666666667","","interacts with","0","0.464255241","","COL1A2 (interacts with) PRG2",,"1","0","1","1","0.526829268","0.401681214",,"false","interacts with","COL1A2 (interacts with) PRG2","0","P08123","","P13727",""
"23.333333333333336","","interacts with","0","0.476387161","","RABL6 (interacts with) CCNQ",,"0","0","0","1","0.551219512","0.401554809",,"false","interacts with","RABL6 (interacts with) CCNQ","0","Q3YEC7","","Q8N1B3",""
"4.4523809523809526","","interacts with","0","0.476387153","","CNTLN (interacts with) PSG11",,"0","0","0","1","0.551219512","0.401554793",,"false","interacts with","CNTLN (interacts with) PSG11","0","Q9NXG0","","Q9UQ72",""
"36.679526029526016","","interacts with","0","0.476387298","","RABL6 (interacts with) CGAS",,"0","0","0","1","0.551219512","0.401555084",,"false","interacts with","RABL6 (interacts with) CGAS","0","Q3YEC7","","Q8N884",""
"15.361904761904762","","interacts with","0","0.476387299","","ODF3 (interacts with) GNAT2",,"0","0","0","1","0.551219512","0.401555086",,"false","interacts with","ODF3 (interacts with) GNAT2","0","Q96PU9","","P19087",""
"23.0","","interacts with","0","0.464231305","","SPP1 (interacts with) RAC3",,"1","0","1","1","0.526829268","0.401633341",,"false","interacts with","SPP1 (interacts with) RAC3","0","P10451","","P60763",""
"5.833333333333333","","interacts with","0","0.476387218","","PRR5 (interacts with) ANKRD22",,"0","0","0","1","0.551219512","0.401554923",,"false","interacts with","PRR5 (interacts with) ANKRD22","0","P85299","","Q5VYY1",""
"11.843650793650792","","interacts with","0","0.476387337","","ODF3 (interacts with) TRIB1",,"0","0","0","1","0.551219512","0.401555162",,"false","interacts with","ODF3 (interacts with) TRIB1","0","Q96PU9","","Q96RU8",""
"4.0","","interacts with","0","0.476426268","","PTGS2 (interacts with) PCDHGA11",,"1","0","1","1","0.551219512","0.401633024",,"false","interacts with","PTGS2 (interacts with) PCDHGA11","0","P35354","","Q9Y5H2",""
"5.833333333333333","","interacts with","0","0.46907004","","PRR5 (interacts with) LCN15",,"0","0","0","1","0.536585366","0.401554715",,"false","interacts with","PRR5 (interacts with) LCN15","0","P85299","","Q6UWW0",""
"16.955104427736007","","interacts with","0","0.476387111","","ODF3 (interacts with) PMS2",,"0","0","0","1","0.551219512","0.40155471",,"false","interacts with","ODF3 (interacts with) PMS2","0","Q96PU9","","P54278",""
"7.333333333333333","","interacts with","0","0.476387192","","PRR5 (interacts with) RAC3",,"0","0","0","1","0.551219512","0.401554871",,"false","interacts with","PRR5 (interacts with) RAC3","0","P85299","","P60763",""
"37.68684751334048","","interacts with","0","0.476426199","","COL5A2 (interacts with) AICDA",,"1","0","1","1","0.551219512","0.401632886",,"false","interacts with","COL5A2 (interacts with) AICDA","0","P05997","","Q9GZX7",""
"11.243650793650794","","interacts with","0","0.461753238","","ODF3 (interacts with) MAGEB17",,"0","0","0","1","0.52195122","0.401555256",,"false","interacts with","ODF3 (interacts with) MAGEB17","0","Q96PU9","","A8MXT2",""
"11.333333333333336","","interacts with","0","0.476387584","","ODF3 (interacts with) ELAVL2",,"0","0","0","1","0.551219512","0.401555655",,"false","interacts with","ODF3 (interacts with) ELAVL2","0","Q96PU9","","Q12926",""
"22.03373176270022","","interacts with","0","0.461816273","","NFKB1 (interacts with) TNMD",,"1","0","1","1","0.52195122","0.401681326",,"false","interacts with","NFKB1 (interacts with) TNMD","0","P19838","","Q9H2S6",""
"9.976984126984126","","interacts with","0","0.464192518","","ODF3 (interacts with) UCP3",,"0","0","0","1","0.526829268","0.401555768",,"false","interacts with","ODF3 (interacts with) UCP3","0","Q96PU9","","P55916",""
"23.435664335664324","","interacts with","0","0.476387422","","RABL6 (interacts with) BECN2",,"0","0","0","1","0.551219512","0.401555332",,"false","interacts with","RABL6 (interacts with) BECN2","0","Q3YEC7","","A8MW95",""
"22.666666666666664","","interacts with","0","0.464231247","","PGR (interacts with) DBR1",,"1","0","1","1","0.526829268","0.401633226",,"false","interacts with","PGR (interacts with) DBR1","0","P06401","","Q9UK59",""
"4.666666666666666","","interacts with","0","0.461753274","","ADARB2-AS1 (interacts with) PRXL2A",,"0","0","0","1","0.52195122","0.401555328",,"false","interacts with","ADARB2-AS1 (interacts with) PRXL2A","0","A8MUL3","","Q9BRX8",""
"15.0","","interacts with","0","0.47642618","","ZBTB48 (interacts with) CASP3",,"0","1","1","1","0.551219512","0.401632849",,"false","interacts with","ZBTB48 (interacts with) CASP3","0","P10074","","P42574",""
"24.322222222222223","","interacts with","0","0.476387277","","RABL6 (interacts with) SPATA18",,"0","0","0","1","0.551219512","0.401555042",,"false","interacts with","RABL6 (interacts with) SPATA18","0","Q3YEC7","","Q8TC71",""
"24.6","","interacts with","0","0.476387304","","RABL6 (interacts with) ALDH6A1",,"0","0","0","1","0.551219512","0.401555096",,"false","interacts with","RABL6 (interacts with) ALDH6A1","0","Q3YEC7","","Q02252",""
"30.0","","interacts with","0","0.464231176","","BGLAP (interacts with) PPP4R2",,"1","0","1","1","0.526829268","0.401633085",,"false","interacts with","BGLAP (interacts with) PPP4R2","0","P02818","","Q9NY27",""
"26.788888888888877","","interacts with","0","0.464192624","","RABL6 (interacts with) NBPF4",,"0","0","0","1","0.526829268","0.40155598",,"false","interacts with","RABL6 (interacts with) NBPF4","0","Q3YEC7","","Q96M43",""
"74.2623224728488","","interacts with","0","0.47642623","","COL5A3 (interacts with) MYH16",,"1","0","1","1","0.551219512","0.401632948",,"false","interacts with","COL5A3 (interacts with) MYH16","0","P25940","","Q9H6N6",""
"21.588045288045276","","interacts with","0","0.476387254","","RABL6 (interacts with) ZDHHC11",,"0","0","0","1","0.551219512","0.401554996",,"false","interacts with","RABL6 (interacts with) ZDHHC11","0","Q3YEC7","","Q9H8X9",""
"61.0","","interacts with","0","0.476426221","","RELA (interacts with) CXorf66",,"1","0","1","1","0.551219512","0.40163293",,"false","interacts with","RELA (interacts with) CXorf66","0","Q04206","","Q5JRM2",""
"23.435664335664335","","interacts with","0","0.476387418","","RABL6 (interacts with) KPNA6",,"0","0","0","1","0.551219512","0.401555324",,"false","interacts with","RABL6 (interacts with) KPNA6","0","Q3YEC7","","O60684",""
"24.599999999999994","","interacts with","0","0.47638722","","RABL6 (interacts with) WDR13",,"0","0","0","1","0.551219512","0.401554928",,"false","interacts with","RABL6 (interacts with) WDR13","0","Q3YEC7","","Q9H1Z4",""
"25.852380952380955","","interacts with","0","0.476426207","","PROCR (interacts with) DDX52",,"1","0","1","1","0.551219512","0.401632902",,"false","interacts with","PROCR (interacts with) DDX52","0","Q9UNN8","","Q9Y2R4",""
"64.0","","interacts with","0","0.476387497","","RABL6 (interacts with) MFSD9",,"0","0","0","1","0.551219512","0.401555482",,"false","interacts with","RABL6 (interacts with) MFSD9","0","Q3YEC7","","Q8NBP5",""
"62.297406519551714","","interacts with","0","0.476426217","","COL5A2 (interacts with) ZNF454",,"1","0","1","1","0.551219512","0.401632922",,"false","interacts with","COL5A2 (interacts with) ZNF454","0","P05997","","Q8N9F8",""
"23.333333333333332","","interacts with","0","0.476387148","","RABL6 (interacts with) AKR1B10",,"0","0","0","1","0.551219512","0.401554784",,"false","interacts with","RABL6 (interacts with) AKR1B10","0","Q3YEC7","","O60218",""
"6.999999999999999","","interacts with","0","0.476387175","","RASGEF1B (interacts with) CEP162",,"0","0","0","1","0.551219512","0.401554837",,"false","interacts with","RASGEF1B (interacts with) CEP162","0","Q0VAM2","","Q5TB80",""
"116.20622710622709","","interacts with","0","0.476387496","","RABL6 (interacts with) FAM234A",,"0","0","0","1","0.551219512","0.40155548",,"false","interacts with","RABL6 (interacts with) FAM234A","0","Q3YEC7","","Q9H0X4",""
"290.0","","interacts with","0","0.464231282","","IGHV3-74 (interacts with) MYCN",,"0","1","1","1","0.526829268","0.401633295",,"false","interacts with","IGHV3-74 (interacts with) MYCN","0","A0A0B4J1X5","","P04198",""
"7.999999999999999","","interacts with","0","0.47638717","","RASGEF1B (interacts with) KIF27",,"0","0","0","1","0.551219512","0.401554829",,"false","interacts with","RASGEF1B (interacts with) KIF27","0","Q0VAM2","","Q86VH2",""
"75.33333333333334","","interacts with","0","0.476387172","","RABL6 (interacts with) PDSS1",,"0","0","0","1","0.551219512","0.401554832",,"false","interacts with","RABL6 (interacts with) PDSS1","0","Q3YEC7","","Q5T2R2",""
"44.900000000000006","","interacts with","0","0.4764263","","TNFSF11 (interacts with) ZDHHC14",,"1","0","1","1","0.551219512","0.401633088",,"false","interacts with","TNFSF11 (interacts with) ZDHHC14","0","O14788","","Q8IZN3",""
"22.107092907092902","","interacts with","0","0.476387234","","RABL6 (interacts with) CLDN12",,"0","0","0","1","0.551219512","0.401554956",,"false","interacts with","RABL6 (interacts with) CLDN12","0","Q3YEC7","","P56749",""
"17.404761904761905","","interacts with","0","0.476426346","","SARS1 (interacts with) MAPK14",,"0","1","1","1","0.551219512","0.40163318",,"false","interacts with","SARS1 (interacts with) MAPK14","0","P49591","","Q16539",""
"24.322222222222223","","interacts with","0","0.476387313","","RABL6 (interacts with) RCOR2",,"0","0","0","1","0.551219512","0.401555113",,"false","interacts with","RABL6 (interacts with) RCOR2","0","Q3YEC7","","Q8IZ40",""
"14.901292824822237","","interacts with","0","0.476426301","","MYC (interacts with) METTL15P1",,"1","0","1","1","0.551219512","0.40163309",,"false","interacts with","MYC (interacts with) METTL15P1","0","P01106","","P0C7V9",""
"7.8999999999999995","","interacts with","0","0.476387112","","CNTLN (interacts with) TRIP11",,"0","0","0","1","0.551219512","0.401554711",,"false","interacts with","CNTLN (interacts with) TRIP11","0","Q9NXG0","","Q15643",""
"24.138888888888882","","interacts with","0","0.476387273","","RABL6 (interacts with) RASGEF1A",,"0","0","0","1","0.551219512","0.401555034",,"false","interacts with","RABL6 (interacts with) RASGEF1A","0","Q3YEC7","","Q8N9B8",""
"26.319378541394666","","interacts with","0","0.461777022","","MINDY2 (interacts with) SMC1B",,"0","0","0","1","0.52195122","0.401602824",,"false","interacts with","MINDY2 (interacts with) SMC1B","0","Q8NBR6","","Q8NDV3",""
"159.57378155048153","","interacts with","0","0.461777174","","UNC45A (interacts with) BOD1L1",,"0","0","0","1","0.52195122","0.401603128",,"false","interacts with","UNC45A (interacts with) BOD1L1","0","Q9H3U1","","Q8NFC6",""
"23.999999999999996","","interacts with","0","0.464192216","","RABL6 (interacts with) STK39",,"0","0","0","1","0.526829268","0.401555164",,"false","interacts with","RABL6 (interacts with) STK39","0","Q3YEC7","","Q9UEW8",""
"63.460000000000015","","interacts with","0","0.464231224","","EVX1 (interacts with) TRAF6",,"0","1","1","1","0.526829268","0.401633179",,"false","interacts with","EVX1 (interacts with) TRAF6","0","P49640","","Q9Y4K3",""
"23.33333333333333","","interacts with","0","0.476387342","","RABL6 (interacts with) OR2A5",,"0","0","0","1","0.551219512","0.401555172",,"false","interacts with","RABL6 (interacts with) OR2A5","0","Q3YEC7","","Q96R48",""
"14.976190476190476","","interacts with","0","0.47642628","","PRKACA (interacts with) PARP3",,"1","0","1","1","0.551219512","0.401633048",,"false","interacts with","PRKACA (interacts with) PARP3","0","P17612","","Q9Y6F1",""
"23.23333333333333","","interacts with","0","0.476387204","","RABL6 (interacts with) TNFRSF11B",,"0","0","0","1","0.551219512","0.401554895",,"false","interacts with","RABL6 (interacts with) TNFRSF11B","0","Q3YEC7","","O00300",""
"175.63804528804528","","interacts with","0","0.464231188","","MYCN (interacts with) SINHCAF",,"1","0","1","1","0.526829268","0.401633108",,"false","interacts with","MYCN (interacts with) SINHCAF","0","P04198","","Q9NP50",""
"7.78458781362007","","interacts with","0","0.469070263","","SCAF4 (interacts with) AADACL4",,"0","0","0","1","0.536585366","0.40155516",,"false","interacts with","SCAF4 (interacts with) AADACL4","0","O95104","","Q5VUY2",""
"22.36666666666666","","interacts with","0","0.476387182","","RABL6 (interacts with) MRPL28",,"0","0","0","1","0.551219512","0.401554852",,"false","interacts with","RABL6 (interacts with) MRPL28","0","Q3YEC7","","Q13084",""
"8.369047619047617","","interacts with","0","0.476387352","","TRGV1 (interacts with) SCN3B",,"0","0","0","1","0.551219512","0.401555192",,"false","interacts with","TRGV1 (interacts with) SCN3B","0","A0A0A0MS02","","Q9NY72",""
"156.76748956081528","","interacts with","0","0.461777029","","RABL6 (interacts with) BOD1L1",,"0","0","0","1","0.52195122","0.401602838",,"false","interacts with","RABL6 (interacts with) BOD1L1","0","Q3YEC7","","Q8NFC6",""
"56.0","","interacts with","0","0.461792254","","IGKV3D-15 (interacts with) SOST",,"0","1","1","1","0.52195122","0.401633289",,"false","interacts with","IGKV3D-15 (interacts with) SOST","0","A0A087WSY6","","Q9BQB4",""
"8.416666666666666","","interacts with","0","0.476387456","","TRGV1 (interacts with) C3orf84",,"0","0","0","1","0.551219512","0.4015554",,"false","interacts with","TRGV1 (interacts with) C3orf84","0","A0A0A0MS02","","H3BNL1",""
"20.912179487179476","","interacts with","0","0.464192187","","RABL6 (interacts with) TRIM59",,"0","0","0","1","0.526829268","0.401555105",,"false","interacts with","RABL6 (interacts with) TRIM59","0","Q3YEC7","","Q8IWR1",""
"11.138095238095236","","interacts with","0","0.464192113","","TRGV1 (interacts with) TMEM200C",,"0","0","0","1","0.526829268","0.401554958",,"false","interacts with","TRGV1 (interacts with) TMEM200C","0","A0A0A0MS02","","A6NKL6",""
"51.314744736889885","","interacts with","0","0.476426352","","COL5A2 (interacts with) MYLK3",,"1","0","1","1","0.551219512","0.401633192",,"false","interacts with","COL5A2 (interacts with) MYLK3","0","P05997","","Q32MK0",""
"10.666666666666666","","interacts with","0","0.461753841","","TRGV1 (interacts with) AKAP14",,"0","0","0","1","0.52195122","0.401556462",,"false","interacts with","TRGV1 (interacts with) AKAP14","0","A0A0A0MS02","","Q86UN6",""
"21.409199134199127","","interacts with","0","0.476387215","","RABL6 (interacts with) THRB",,"0","0","0","1","0.551219512","0.401554918",,"false","interacts with","RABL6 (interacts with) THRB","0","Q3YEC7","","P10828",""
"51.0","","interacts with","0","0.476426176","","SOST (interacts with) SPZ1",,"1","0","1","1","0.551219512","0.401632839",,"false","interacts with","SOST (interacts with) SPZ1","0","Q9BQB4","","Q9BXG8",""
"8.993650793650794","","interacts with","0","0.47638716","","TRGV1 (interacts with) DNAAF1",,"0","0","0","1","0.551219512","0.401554808",,"false","interacts with","TRGV1 (interacts with) DNAAF1","0","A0A0A0MS02","","Q8NEP3",""
"20.71349206349206","","interacts with","0","0.476387123","","RABL6 (interacts with) ZFP57",,"0","0","0","1","0.551219512","0.401554734",,"false","interacts with","RABL6 (interacts with) ZFP57","0","Q3YEC7","","Q9NU63",""
"35.0","","interacts with","0","0.46423123","","MYCL (interacts with) ESCO2",,"1","0","1","1","0.526829268","0.401633192",,"false","interacts with","MYCL (interacts with) ESCO2","0","P12524","","Q56NI9",""
"21.41138583638583","","interacts with","0","0.476387127","","RABL6 (interacts with) RCN1",,"0","0","0","1","0.551219512","0.401554742",,"false","interacts with","RABL6 (interacts with) RCN1","0","Q3YEC7","","Q15293",""
"8.333333333333332","","interacts with","0","0.464192247","","MINDY2 (interacts with) ZNF772",,"0","0","0","1","0.526829268","0.401555226",,"false","interacts with","MINDY2 (interacts with) ZNF772","0","Q8NBR6","","Q68DY9",""
"26.26944444444443","","interacts with","0","0.47638731","","RABL6 (interacts with) B3GNT3",,"0","0","0","1","0.551219512","0.401555108",,"false","interacts with","RABL6 (interacts with) B3GNT3","0","Q3YEC7","","Q9Y2A9",""
"14.0","","interacts with","0","0.476426223","","MAPK1 (interacts with) NR4A3",,"1","0","1","1","0.551219512","0.401632933",,"false","interacts with","MAPK1 (interacts with) NR4A3","0","P28482","","Q92570",""
"11.804761904761904","","interacts with","0","0.476387191","","TRGV1 (interacts with) ZNF526",,"0","0","0","1","0.551219512","0.40155487",,"false","interacts with","TRGV1 (interacts with) ZNF526","0","A0A0A0MS02","","Q8TF50",""
"20.56706349206349","","interacts with","0","0.476387181","","RABL6 (interacts with) AICDA",,"0","0","0","1","0.551219512","0.40155485",,"false","interacts with","RABL6 (interacts with) AICDA","0","Q3YEC7","","Q9GZX7",""
"20.0","","interacts with","0","0.476426225","","TLR4 (interacts with) VTN",,"0","1","1","1","0.551219512","0.401632937",,"false","interacts with","TLR4 (interacts with) VTN","0","O00206","","P04004",""
"11.999999999999998","","interacts with","0","0.464192814","","TRGV1 (interacts with) B9D1",,"0","0","0","1","0.526829268","0.40155636",,"false","interacts with","TRGV1 (interacts with) B9D1","0","A0A0A0MS02","","Q9UPM9",""
"23.01468253968254","","interacts with","0","0.47638723","","RABL6 (interacts with) CKMT1B",,"0","0","0","1","0.551219512","0.401554949",,"false","interacts with","RABL6 (interacts with) CKMT1B","0","Q3YEC7","","P12532",""
"4.533333333333334","","interacts with","0","0.476387024","","CNTLN (interacts with) PDE4B",,"0","0","0","1","0.551219512","0.401554536",,"false","interacts with","CNTLN (interacts with) PDE4B","0","Q9NXG0","","Q07343",""
"35.771703296703315","","interacts with","0","0.476387228","","RABL6 (interacts with) IL34",,"0","0","0","1","0.551219512","0.401554943",,"false","interacts with","RABL6 (interacts with) IL34","0","Q3YEC7","","Q6ZMJ4",""
"22.68888888888889","","interacts with","0","0.476426317","","ATXN7L2 (interacts with) PROCR",,"0","1","1","1","0.551219512","0.401633121",,"false","interacts with","ATXN7L2 (interacts with) PROCR","0","Q5T6C5","","Q9UNN8",""
"13.333333333333334","","interacts with","0","0.476387229","","TRGV1 (interacts with) EFNA1",,"0","0","0","1","0.551219512","0.401554946",,"false","interacts with","TRGV1 (interacts with) EFNA1","0","A0A0A0MS02","","P20827",""
"25.321792442973052","","interacts with","0","0.461777051","","RABL6 (interacts with) BDP1",,"0","0","0","1","0.52195122","0.401602882",,"false","interacts with","RABL6 (interacts with) BDP1","0","Q3YEC7","","A6H8Y1",""
"20.93043345543345","","interacts with","0","0.464231329","","RABL6 (interacts with) CEACAM21",,"0","0","0","1","0.526829268","0.40163339",,"false","interacts with","RABL6 (interacts with) CEACAM21","0","Q3YEC7","","Q3KPI0",""
"805.2414010825771","","interacts with","0","0.476426241","","PRICKLE3 (interacts with) COL1A1",,"0","1","1","1","0.551219512","0.40163297",,"false","interacts with","PRICKLE3 (interacts with) COL1A1","0","O43900","","P02452",""
"9.487179487179487","","interacts with","0","0.461777243","","ZNF638 (interacts with) PDXDC1",,"0","0","0","1","0.52195122","0.401603265",,"false","interacts with","ZNF638 (interacts with) PDXDC1","0","Q14966","","Q6P996",""
"19.912851037851034","","interacts with","0","0.46419226","","RABL6 (interacts with) ST8SIA4",,"0","0","0","1","0.526829268","0.401555252",,"false","interacts with","RABL6 (interacts with) ST8SIA4","0","Q3YEC7","","Q92187",""
"25.0","","interacts with","0","0.464255214","","COL5A1 (interacts with) SEMA4G",,"1","0","1","1","0.526829268","0.401681161",,"false","interacts with","COL5A1 (interacts with) SEMA4G","0","P20908","","Q9NTN9",""
"7.953846153846153","","interacts with","0","0.461777217","","ZNF638 (interacts with) PDE4B",,"0","0","0","1","0.52195122","0.401603214",,"false","interacts with","ZNF638 (interacts with) PDE4B","0","Q14966","","Q07343",""
"32.49898079349077","","interacts with","0","0.461816285","","AIG1 (interacts with) CROCC2",,"0","0","0","1","0.52195122","0.401681351",,"false","interacts with","AIG1 (interacts with) CROCC2","0","Q9NVV5","","H7BZ55",""
"6.458608058608059","","interacts with","0","0.461777173","","ZNF638 (interacts with) SNX33",,"0","0","0","1","0.52195122","0.401603126",,"false","interacts with","ZNF638 (interacts with) SNX33","0","Q14966","","Q8WV41",""
"100.0","","interacts with","0","0.464231222","","ODAPH (interacts with) SOST",,"0","1","1","1","0.526829268","0.401633175",,"false","interacts with","ODAPH (interacts with) SOST","0","Q17RF5","","Q9BQB4",""
"27.22644463478437","","interacts with","0","0.461816278","","AIG1 (interacts with) RIN3",,"0","0","0","1","0.52195122","0.401681336",,"false","interacts with","AIG1 (interacts with) RIN3","0","Q9NVV5","","Q8TB24",""
"197.9805749805749","","interacts with","0","0.476426224","","COL1A1 (interacts with) SLC30A6",,"1","0","1","1","0.551219512","0.401632936",,"false","interacts with","COL1A1 (interacts with) SLC30A6","0","P02452","","Q6NXT4",""
"38.568773119301575","","interacts with","0","0.464255246","","MRPL28 (interacts with) BDP1",,"0","0","0","1","0.526829268","0.401681223",,"false","interacts with","MRPL28 (interacts with) BDP1","0","Q13084","","A6H8Y1",""
"28.47142857142857","","interacts with","0","0.476426249","","TRGV1 (interacts with) TP53",,"0","1","1","1","0.551219512","0.401632986",,"false","interacts with","TRGV1 (interacts with) TP53","0","A0A0A0MS02","","P04637",""
"9.849206349206346","","interacts with","0","0.476387189","","TRGV1 (interacts with) MRE11",,"0","0","0","1","0.551219512","0.401554866",,"false","interacts with","TRGV1 (interacts with) MRE11","0","A0A0A0MS02","","P49959",""
"22.381818181818172","","interacts with","0","0.464192647","","RABL6 (interacts with) NBPF6",,"0","0","0","1","0.526829268","0.401556026",,"false","interacts with","RABL6 (interacts with) NBPF6","0","Q3YEC7","","Q5VWK0",""
"9.742135642135642","","interacts with","0","0.476387194","","TRGV1 (interacts with) RNF168",,"0","0","0","1","0.551219512","0.401554875",,"false","interacts with","TRGV1 (interacts with) RNF168","0","A0A0A0MS02","","Q8IYW5",""
"25.63333333333333","","interacts with","0","0.476426233","","MYCL (interacts with) FOXP1",,"1","0","1","1","0.551219512","0.401632955",,"false","interacts with","MYCL (interacts with) FOXP1","0","P12524","","Q9H334",""
"19.652380952380938","","interacts with","0","0.464192161","","RABL6 (interacts with) ZNF449",,"0","0","0","1","0.526829268","0.401555054",,"false","interacts with","RABL6 (interacts with) ZNF449","0","Q3YEC7","","Q6P9G9",""
"37.94729749347811","","interacts with","0","0.464255215","","TNFRSF11B (interacts with) BDP1",,"0","0","0","1","0.526829268","0.401681161",,"false","interacts with","TNFRSF11B (interacts with) BDP1","0","O00300","","A6H8Y1",""
"21.684595959595956","","interacts with","0","0.476387097","","RABL6 (interacts with) MAPK1IP1L",,"0","0","0","1","0.551219512","0.401554681",,"false","interacts with","RABL6 (interacts with) MAPK1IP1L","0","Q3YEC7","","Q8NDC0",""
"40.900000000000006","","interacts with","0","0.476426308","","TP53 (interacts with) PIGP",,"1","0","1","1","0.551219512","0.401633104",,"false","interacts with","TP53 (interacts with) PIGP","0","P04637","","P57054",""
"72.50985552818132","","interacts with","0","0.464255196","","TNFRSF11B (interacts with) BOD1L1",,"0","0","0","1","0.526829268","0.401681123",,"false","interacts with","TNFRSF11B (interacts with) BOD1L1","0","O00300","","Q8NFC6",""
"20.95602453102452","","interacts with","0","0.46423143","","RABL6 (interacts with) CALHM2",,"0","0","0","1","0.526829268","0.401633591",,"false","interacts with","RABL6 (interacts with) CALHM2","0","Q3YEC7","","Q9HA72",""
"4.5","","interacts with","0","0.476426246","","PTGS2 (interacts with) TRIM36",,"1","0","1","1","0.551219512","0.401632981",,"false","interacts with","PTGS2 (interacts with) TRIM36","0","P35354","","Q9NQ86",""
"4.738095238095239","","interacts with","0","0.476426314","","CNTLN (interacts with) SNX33",,"0","0","0","1","0.551219512","0.401633115",,"false","interacts with","CNTLN (interacts with) SNX33","0","Q9NXG0","","Q8WV41",""
"43.05277777777778","","interacts with","0","0.464192231","","RABL6 (interacts with) DAPP1",,"0","0","0","1","0.526829268","0.401555194",,"false","interacts with","RABL6 (interacts with) DAPP1","0","Q3YEC7","","Q9UN19",""
"5.339560439560438","","interacts with","0","0.461816201","","ZNF638 (interacts with) PGA4",,"0","0","0","1","0.52195122","0.401681183",,"false","interacts with","ZNF638 (interacts with) PGA4","0","Q14966","","P0DJD7",""
"68.57460317460317","","interacts with","0","0.476426203","","COL1A2 (interacts with) PPP2CB",,"1","0","1","1","0.551219512","0.401632893",,"false","interacts with","COL1A2 (interacts with) PPP2CB","0","P08123","","P62714",""
"8.617460317460317","","interacts with","0","0.476426206","","PRKACA (interacts with) BMP7",,"1","1","1","1","0.551219512","0.401632899","0.115429918","false","interacts with","PRKACA (interacts with) BMP7","1","P17612","","P18075",""
"114.0","","interacts with","0","0.561683891","","RUNDC3B (interacts with) STK3",,"0","0","0","1","0.72195122","0.401416563",,"false","interacts with","RUNDC3B (interacts with) STK3","0","Q96NL0","","Q13188",""
"106.0","","interacts with","0","0.461816204","","NPIPB7 (interacts with) COL1A2",,"0","1","1","1","0.52195122","0.401681188",,"false","interacts with","NPIPB7 (interacts with) COL1A2","0","O75200","","P08123",""
"156.5401043401043","","interacts with","0","0.469070257","","TLX3 (interacts with) SMIM44",,"0","0","0","1","0.536585366","0.401555147",,"false","interacts with","TLX3 (interacts with) SMIM44","0","O43711","","A0A286YF18",""
"33.30238095238096","","interacts with","0","0.47642623","","SOCS2 (interacts with) TP53",,"0","1","1","1","0.551219512","0.401632949",,"false","interacts with","SOCS2 (interacts with) TP53","0","O14508","","P04637",""
"70.42646242646249","","interacts with","0","0.4763871","","IGLV1-36 (interacts with) PHACTR2",,"0","0","0","1","0.551219512","0.401554687",,"false","interacts with","IGLV1-36 (interacts with) PHACTR2","0","A0A0B4J1U3","","O75167",""
"72.42646242646244","","interacts with","0","0.464191987","","ADARB2-AS1 (interacts with) PHACTR2",,"0","0","0","1","0.526829268","0.401554706",,"false","interacts with","ADARB2-AS1 (interacts with) PHACTR2","0","A8MUL3","","O75167",""
"114.00000000000001","","interacts with","0","0.464255332","","LEFTY2 (interacts with) COL3A1",,"0","1","1","1","0.526829268","0.401681395",,"false","interacts with","LEFTY2 (interacts with) COL3A1","0","O00292","","P02461",""
"142.927503052503","","interacts with","0","0.476387153","","IGLV1-36 (interacts with) FAM117B",,"0","0","0","1","0.551219512","0.401554794",,"false","interacts with","IGLV1-36 (interacts with) FAM117B","0","A0A0B4J1U3","","Q6P1L5",""
"16.300000000000004","","interacts with","0","0.476426225","","IGHV4-59 (interacts with) BMP2",,"0","1","1","1","0.551219512","0.401632937",,"false","interacts with","IGHV4-59 (interacts with) BMP2","0","P01825","","P12643",""
"70.9132810881286","","interacts with","0","0.464255237","","MRPL28 (interacts with) BOD1L1",,"0","0","0","1","0.526829268","0.401681206",,"false","interacts with","MRPL28 (interacts with) BOD1L1","0","Q13084","","Q8NFC6",""
"12.377368429907154","","interacts with","0","0.464192072","","AIG1 (interacts with) TELO2",,"0","0","0","1","0.526829268","0.401554876",,"false","interacts with","AIG1 (interacts with) TELO2","0","Q9NVV5","","Q9Y4R8",""
"71.12463202137164","","interacts with","0","0.590951677","","SCO1 (interacts with) IMMT",,"0","0","0","1","0.780487805","0.40141555",,"false","interacts with","SCO1 (interacts with) IMMT","0","O75880","","Q16891",""
"55.79194139194139","","interacts with","0","0.571361803","","FAM234A (interacts with) LETM1",,"0","0","0","1","0.741463415","0.40126019",,"false","interacts with","FAM234A (interacts with) LETM1","0","Q9H0X4","","O95202",""
"632.3160788557848","","interacts with","0","0.469070154","","RAB38 (interacts with) PHACTR2",,"0","0","0","1","0.536585366","0.401554942",,"false","interacts with","RAB38 (interacts with) PHACTR2","0","P57729","","O75167",""
"24.0","","interacts with","0","0.461816242","","SLITRK3 (interacts with) COL5A1",,"0","1","1","1","0.52195122","0.401681265",,"false","interacts with","SLITRK3 (interacts with) COL5A1","0","O94933","","P20908",""
"1803.3732832526957","","interacts with","0","0.564068036","","RAB38 (interacts with) ST6GALNAC6",,"0","0","0","1","0.726829268","0.401306804",,"false","interacts with","RAB38 (interacts with) ST6GALNAC6","0","P57729","","Q969X2",""
"4.666666666666666","","interacts with","0","0.461753149","","PDPK1 (interacts with) HMGCS2",,"0","0","0","1","0.52195122","0.401555079",,"false","interacts with","PDPK1 (interacts with) HMGCS2","0","O15530","","P54868",""
"42.00129282482227","","interacts with","0","0.476426237","","UCP3 (interacts with) TRAF6",,"0","1","1","1","0.551219512","0.401632962",,"false","interacts with","UCP3 (interacts with) TRAF6","0","P55916","","Q9Y4K3",""
"21.452775486629303","","interacts with","0","0.476387147","","CC2D1A (interacts with) OR51M1",,"0","0","0","1","0.551219512","0.401554781",,"false","interacts with","CC2D1A (interacts with) OR51M1","0","Q6P1N0","","Q9H341",""
"40.533333333333324","","interacts with","0","0.464192087","","CC2D1A (interacts with) SNRNP48",,"0","0","0","1","0.526829268","0.401554905",,"false","interacts with","CC2D1A (interacts with) SNRNP48","0","Q6P1N0","","Q6IEG0",""
"6.333333333333332","","interacts with","0","0.476387113","","PDPK1 (interacts with) CPSF3",,"0","0","0","1","0.551219512","0.401554714",,"false","interacts with","PDPK1 (interacts with) CPSF3","0","O15530","","Q9UKF6",""
"22.35081585081585","","interacts with","0","0.476387146","","CC2D1A (interacts with) OR10H4",,"0","0","0","1","0.551219512","0.401554779",,"false","interacts with","CC2D1A (interacts with) OR10H4","0","Q6P1N0","","Q8NGA5",""
"10.18956043956044","","interacts with","0","0.476426212","","BMP2 (interacts with) RRBP1",,"1","0","1","1","0.551219512","0.401632911",,"false","interacts with","BMP2 (interacts with) RRBP1","0","P12643","","Q9P2E9",""
"4.333333333333333","","interacts with","0","0.464192379","","PDPK1 (interacts with) PPP2R3C",,"0","0","0","1","0.526829268","0.40155549",,"false","interacts with","PDPK1 (interacts with) PPP2R3C","0","O15530","","Q969Q6",""
"19.653846153846153","","interacts with","0","0.476387071","","CC2D1A (interacts with) ZNF547",,"0","0","0","1","0.551219512","0.401554631",,"false","interacts with","CC2D1A (interacts with) ZNF547","0","Q6P1N0","","Q8IVP9",""
"6.666666666666666","","interacts with","0","0.476387026","","PDPK1 (interacts with) KIF27",,"0","0","0","1","0.551219512","0.401554541",,"false","interacts with","PDPK1 (interacts with) KIF27","0","O15530","","Q86VH2",""
"51.52013379227893","","interacts with","0","0.476426229","","COL5A2 (interacts with) SPATA18",,"1","0","1","1","0.551219512","0.401632946",,"false","interacts with","COL5A2 (interacts with) SPATA18","0","P05997","","Q8TC71",""
"18.547766853030012","","interacts with","0","0.476387124","","CC2D1A (interacts with) GSTP1",,"0","0","0","1","0.551219512","0.401554737",,"false","interacts with","CC2D1A (interacts with) GSTP1","0","Q6P1N0","","P09211",""
"25.307142857142853","","interacts with","0","0.461752994","","IGLV1-36 (interacts with) ARPIN",,"0","0","0","1","0.52195122","0.401554769",,"false","interacts with","IGLV1-36 (interacts with) ARPIN","0","A0A0B4J1U3","","Q7Z6K5",""
"20.0","","interacts with","0","0.47642623","","GSK3B (interacts with) PCDHB4",,"1","0","1","1","0.551219512","0.401632948",,"false","interacts with","GSK3B (interacts with) PCDHB4","0","P49841","","Q9Y5E5",""
"26.646520146520146","","interacts with","0","0.47638715","","CC2D1A (interacts with) OR52K2",,"0","0","0","1","0.551219512","0.401554788",,"false","interacts with","CC2D1A (interacts with) OR52K2","0","Q6P1N0","","Q8NGK3",""
"25.807142857142853","","interacts with","0","0.464192459","","IGLV1-36 (interacts with) HDGFL1",,"0","0","0","1","0.526829268","0.40155565",,"false","interacts with","IGLV1-36 (interacts with) HDGFL1","0","A0A0B4J1U3","","Q5TGJ6",""
"22.574014221073043","","interacts with","0","0.476387166","","CC2D1A (interacts with) OR4K15",,"0","0","0","1","0.551219512","0.40155482",,"false","interacts with","CC2D1A (interacts with) OR4K15","0","Q6P1N0","","Q8NH41",""
"25.56475746475747","","interacts with","0","0.464192046","","IGLV1-36 (interacts with) PDCL2",,"0","0","0","1","0.526829268","0.401554824",,"false","interacts with","IGLV1-36 (interacts with) PDCL2","0","A0A0B4J1U3","","Q8N4E4",""
"17.326315104905767","","interacts with","0","0.476387169","","CC2D1A (interacts with) OR12D2",,"0","0","0","1","0.551219512","0.401554825",,"false","interacts with","CC2D1A (interacts with) OR12D2","0","Q6P1N0","","P58182",""
"9.272893772893774","","interacts with","0","0.464255214","","BMP2 (interacts with) CCDC7",,"1","0","1","1","0.526829268","0.40168116",,"false","interacts with","BMP2 (interacts with) CCDC7","0","P12643","","Q96M83",""
"7.999999999999999","","interacts with","0","0.476387024","","PDPK1 (interacts with) CEP162",,"0","0","0","1","0.551219512","0.401554537",,"false","interacts with","PDPK1 (interacts with) CEP162","0","O15530","","Q5TB80",""
"20.166666666666664","","interacts with","0","0.476387138","","CC2D1A (interacts with) NRG1",,"0","0","0","1","0.551219512","0.401554763",,"false","interacts with","CC2D1A (interacts with) NRG1","0","Q6P1N0","","Q02297",""
"19.308539228747957","","interacts with","0","0.461816237","","RDH16 (interacts with) NFKB1",,"0","1","1","1","0.52195122","0.401681254",,"false","interacts with","RDH16 (interacts with) NFKB1","0","O75452","","P19838",""
"20.499999999999996","","interacts with","0","0.4763872","","CC2D1A (interacts with) OR52D1",,"0","0","0","1","0.551219512","0.401554888",,"false","interacts with","CC2D1A (interacts with) OR52D1","0","Q6P1N0","","Q9H346",""
"59.4965293265692","","interacts with","0","0.476426305","","COL5A2 (interacts with) B3GNT3",,"1","0","1","1","0.551219512","0.401633097",,"false","interacts with","COL5A2 (interacts with) B3GNT3","0","P05997","","Q9Y2A9",""
"208.7948057929465","","interacts with","0","0.476387178","","PHACTR2 (interacts with) TDGF1",,"0","0","0","1","0.551219512","0.401554844",,"false","interacts with","PHACTR2 (interacts with) TDGF1","0","O75167","","P13385",""
"73.42646242646249","","interacts with","0","0.476387262","","PHACTR2 (interacts with) TRAV12-1",,"0","0","0","1","0.551219512","0.401555011",,"false","interacts with","PHACTR2 (interacts with) TRAV12-1","0","O75167","","A0A0B4J245",""
"140.03530456471628","","interacts with","0","0.464231265","","BCL2 (interacts with) LRRC71",,"1","0","1","1","0.526829268","0.401633261",,"false","interacts with","BCL2 (interacts with) LRRC71","0","P10415","","Q8N4P6",""
"77.5817932067932","","interacts with","0","0.464192079","","ADARB2-AS1 (interacts with) FAM117B",,"0","0","0","1","0.526829268","0.401554889",,"false","interacts with","ADARB2-AS1 (interacts with) FAM117B","0","A8MUL3","","Q6P1L5",""
"82.90602730602728","","interacts with","0","0.476387221","","PHACTR2 (interacts with) ARPIN",,"0","0","0","1","0.551219512","0.401554929",,"false","interacts with","PHACTR2 (interacts with) ARPIN","0","O75167","","Q7Z6K5",""
"19.95384615384615","","interacts with","0","0.476387097","","CC2D1A (interacts with) MAGEB17",,"0","0","0","1","0.551219512","0.401554682",,"false","interacts with","CC2D1A (interacts with) MAGEB17","0","Q6P1N0","","A8MXT2",""
"12.459956709956709","","interacts with","0","0.476426503","","UPK1A (interacts with) CNR2",,"0","1","1","1","0.551219512","0.401633494",,"false","interacts with","UPK1A (interacts with) CNR2","0","O00322","","P34972",""
"83.0758685758686","","interacts with","0","0.476387281","","PHACTR2 (interacts with) ARF5",,"0","0","0","1","0.551219512","0.40155505",,"false","interacts with","PHACTR2 (interacts with) ARF5","0","O75167","","P84085",""
"20.5","","interacts with","0","0.476387114","","CC2D1A (interacts with) ELAVL2",,"0","0","0","1","0.551219512","0.401554715",,"false","interacts with","CC2D1A (interacts with) ELAVL2","0","Q6P1N0","","Q12926",""
"114.6892351203967","","interacts with","0","0.476426155","","COL5A3 (interacts with) TLCD3B",,"1","0","1","1","0.551219512","0.401632799",,"false","interacts with","COL5A3 (interacts with) TLCD3B","0","P25940","","Q71RH2",""
"86.94888444888447","","interacts with","0","0.464192117","","PHACTR2 (interacts with) NKX2-8",,"0","0","0","1","0.526829268","0.401554965",,"false","interacts with","PHACTR2 (interacts with) NKX2-8","0","O75167","","O15522",""
"18.840794293425866","","interacts with","0","0.476387122","","CC2D1A (interacts with) UCP3",,"0","0","0","1","0.551219512","0.401554732",,"false","interacts with","CC2D1A (interacts with) UCP3","0","Q6P1N0","","P55916",""
"46.47142857142857","","interacts with","0","0.47642619","","COL1A2 (interacts with) SNAPC3",,"1","0","1","1","0.551219512","0.401632867",,"false","interacts with","COL1A2 (interacts with) SNAPC3","0","P08123","","Q92966",""
"192.04304029304026","","interacts with","0","0.476426252","","COL1A1 (interacts with) NPBWR2",,"1","0","1","1","0.551219512","0.401632993",,"false","interacts with","COL1A1 (interacts with) NPBWR2","0","P02452","","P48146",""
"500.96595789831076","","interacts with","0","0.476387099","","PHACTR2 (interacts with) UBE2W",,"0","0","0","1","0.551219512","0.401554686",,"false","interacts with","PHACTR2 (interacts with) UBE2W","0","O75167","","Q96B02",""
"23.557142857142857","","interacts with","0","0.476387062","","CC2D1A (interacts with) GNAT2",,"0","0","0","1","0.551219512","0.401554612",,"false","interacts with","CC2D1A (interacts with) GNAT2","0","Q6P1N0","","P19087",""
"83.33296148296152","","interacts with","0","0.476387178","","PHACTR2 (interacts with) SINHCAF",,"0","0","0","1","0.551219512","0.401554843",,"false","interacts with","PHACTR2 (interacts with) SINHCAF","0","O75167","","Q9NP50",""
"12.283333333333331","","interacts with","0","0.476426285","","MYCL (interacts with) ZNF350",,"1","0","1","1","0.551219512","0.401633057",,"false","interacts with","MYCL (interacts with) ZNF350","0","P12524","","Q9GZX5",""
"19.287179487179486","","interacts with","0","0.476387045","","CC2D1A (interacts with) TRIB1",,"0","0","0","1","0.551219512","0.401554577",,"false","interacts with","CC2D1A (interacts with) TRIB1","0","Q6P1N0","","Q96RU8",""
"71.5264624264625","","interacts with","0","0.476387236","","PHACTR2 (interacts with) TRAV6",,"0","0","0","1","0.551219512","0.401554959",,"false","interacts with","PHACTR2 (interacts with) TRAV6","0","O75167","","A0A075B6T7",""
"51.753467125612275","","interacts with","0","0.476426199","","COL5A2 (interacts with) STK39",,"1","0","1","1","0.551219512","0.401632886",,"false","interacts with","COL5A2 (interacts with) STK39","0","P05997","","Q9UEW8",""
"83.23936063936063","","interacts with","0","0.476387208","","PHACTR2 (interacts with) IGHV3-9",,"0","0","0","1","0.551219512","0.401554903",,"false","interacts with","PHACTR2 (interacts with) IGHV3-9","0","O75167","","P01782",""
"54.22597402597405","","interacts with","0","0.469070128","","KCNJ2 (interacts with) RBM25",,"0","0","0","1","0.536585366","0.401554889",,"false","interacts with","KCNJ2 (interacts with) RBM25","0","P63252","","P49756",""
"4.419047619047619","","interacts with","0","0.469070201","","PPWD1 (interacts with) PGA4",,"0","0","0","1","0.536585366","0.401555036",,"false","interacts with","PPWD1 (interacts with) PGA4","0","Q96BP3","","P0DJD7",""
"1105.3487362310893","","interacts with","0","0.476426197","","COL1A1 (interacts with) TRIM17",,"1","0","1","1","0.551219512","0.401632882",,"false","interacts with","COL1A1 (interacts with) TRIM17","0","P02452","","Q9Y577",""
"7.41904761904762","","interacts with","0","0.464192065","","PSMF1 (interacts with) ZNF526",,"0","0","0","1","0.526829268","0.401554861",,"false","interacts with","PSMF1 (interacts with) ZNF526","0","Q92530","","Q8TF50",""
"5.619047619047619","","interacts with","0","0.4641922","","PPWD1 (interacts with) LIG1",,"0","0","0","1","0.526829268","0.401555132",,"false","interacts with","PPWD1 (interacts with) LIG1","0","Q96BP3","","P18858",""
"5.971428571428572","","interacts with","0","0.464231184","","BMP7 (interacts with) SYT9",,"1","0","1","1","0.526829268","0.4016331",,"false","interacts with","BMP7 (interacts with) SYT9","0","P18075","","Q86SS6",""
"6.955555555555557","","interacts with","0","0.476387145","","PSMF1 (interacts with) DNAAF1",,"0","0","0","1","0.551219512","0.401554777",,"false","interacts with","PSMF1 (interacts with) DNAAF1","0","Q92530","","Q8NEP3",""
"6.23956043956044","","interacts with","0","0.47638717","","PPWD1 (interacts with) TRIP11",,"0","0","0","1","0.551219512","0.401554828",,"false","interacts with","PPWD1 (interacts with) TRIP11","0","Q96BP3","","Q15643",""
"6.311111111111111","","interacts with","0","0.476387163","","PSMF1 (interacts with) MRE11",,"0","0","0","1","0.551219512","0.401554814",,"false","interacts with","PSMF1 (interacts with) MRE11","0","Q92530","","P49959",""
"30.0","","interacts with","0","0.461792308","","C5orf52 (interacts with) BGLAP",,"0","1","1","1","0.52195122","0.401633396",,"false","interacts with","C5orf52 (interacts with) BGLAP","0","A6NGY3","","P02818",""
"6.604040404040403","","interacts with","0","0.464192163","","PSMF1 (interacts with) RNF168",,"0","0","0","1","0.526829268","0.401555057",,"false","interacts with","PSMF1 (interacts with) RNF168","0","Q92530","","Q8IYW5",""
"15.238095238095237","","interacts with","0","0.47642629","","BMP2 (interacts with) SAMD11",,"1","0","1","1","0.551219512","0.401633069",,"false","interacts with","BMP2 (interacts with) SAMD11","0","P12643","","Q96NU1",""
"6.666666666666666","","interacts with","0","0.476387084","","PROS1 (interacts with) CEP162",,"0","0","0","1","0.551219512","0.401554656",,"false","interacts with","PROS1 (interacts with) CEP162","0","P07225","","Q5TB80",""
"82.90602730602728","","interacts with","0","0.464192086","","PHACTR2 (interacts with) HDGFL1",,"0","0","0","1","0.526829268","0.401554903",,"false","interacts with","PHACTR2 (interacts with) HDGFL1","0","O75167","","Q5TGJ6",""
"19.50891861761426","","interacts with","0","0.476387198","","CC2D1A (interacts with) OR7D2",,"0","0","0","1","0.551219512","0.401554885",,"false","interacts with","CC2D1A (interacts with) OR7D2","0","Q6P1N0","","Q96RA2",""
"80.66629481629482","","interacts with","0","0.476387208","","PHACTR2 (interacts with) PDCL2",,"0","0","0","1","0.551219512","0.401554903",,"false","interacts with","PHACTR2 (interacts with) PDCL2","0","O75167","","Q8N4E4",""
"19.96062826062825","","interacts with","0","0.464192042","","CC2D1A (interacts with) CALB2",,"0","0","0","1","0.526829268","0.401554816",,"false","interacts with","CC2D1A (interacts with) CALB2","0","Q6P1N0","","P22676",""
"13.000000000000004","","interacts with","0","0.476426239","","MAPK14 (interacts with) PALS1",,"1","0","1","1","0.551219512","0.401632966",,"false","interacts with","MAPK14 (interacts with) PALS1","0","Q16539","","Q8N3R9",""
"126.03372585980763","","interacts with","0","0.476387097","","PHACTR2 (interacts with) CYB5A",,"0","0","0","1","0.551219512","0.401554682",,"false","interacts with","PHACTR2 (interacts with) CYB5A","0","O75167","","P00167",""
"17.007460960092537","","interacts with","0","0.476387234","","CC2D1A (interacts with) OR2A7",,"0","0","0","1","0.551219512","0.401554955",,"false","interacts with","CC2D1A (interacts with) OR2A7","0","Q6P1N0","","Q96R45",""
"64.0","","interacts with","0","0.476426334","","TNFSF11 (interacts with) ZBTB18",,"1","0","1","1","0.551219512","0.401633157",,"false","interacts with","TNFSF11 (interacts with) ZBTB18","0","O14788","","Q99592",""
"37.23989898989902","","interacts with","0","0.476387172","","PHACTR2 (interacts with) SMIM44",,"0","0","0","1","0.551219512","0.401554832",,"false","interacts with","PHACTR2 (interacts with) SMIM44","0","O75167","","A0A286YF18",""
"3.519047619047619","","interacts with","0","0.476387296","","PPWD1 (interacts with) PSG11",,"0","0","0","1","0.551219512","0.40155508",,"false","interacts with","PPWD1 (interacts with) PSG11","0","Q96BP3","","Q9UQ72",""
"46.03615110829628","","interacts with","0","0.476426228","","COL5A2 (interacts with) CLDN12",,"1","0","1","1","0.551219512","0.401632943",,"false","interacts with","COL5A2 (interacts with) CLDN12","0","P05997","","P56749",""
"6.072893772893773","","interacts with","0","0.461777034","","PPWD1 (interacts with) ZNF638",,"0","0","0","1","0.52195122","0.401602849",,"false","interacts with","PPWD1 (interacts with) ZNF638","0","Q96BP3","","Q14966",""
"16.966666666666665","","interacts with","0","0.476426202","","MYOCD (interacts with) PROCR",,"0","1","1","1","0.551219512","0.401632891",,"false","interacts with","MYOCD (interacts with) PROCR","0","Q8IZQ8","","Q9UNN8",""
"44.63415277532933","","interacts with","0","0.476387119","","CGN (interacts with) FAM86B2",,"0","0","0","1","0.551219512","0.401554727",,"false","interacts with","CGN (interacts with) FAM86B2","0","Q9P2M7","","P0C5J1",""
"18.26666666666667","","interacts with","0","0.476426184","","TRGV5 (interacts with) BMP2",,"0","1","1","1","0.551219512","0.401632857",,"false","interacts with","TRGV5 (interacts with) BMP2","0","A0A0B4J1U4","","P12643",""
"36.87550294520776","","interacts with","0","0.476387131","","CGN (interacts with) PSMD13",,"0","0","0","1","0.551219512","0.401554749",,"false","interacts with","CGN (interacts with) PSMD13","0","Q9P2M7","","Q9UNM6",""
"182.00000000000003","","interacts with","0","0.47642616","","AQP7 (interacts with) COL5A3",,"0","1","1","1","0.551219512","0.401632807",,"false","interacts with","AQP7 (interacts with) COL5A3","0","O14520","","P25940",""
"52.0","","interacts with","0","0.476426234","","ZSCAN5C (interacts with) SOST",,"0","1","1","1","0.551219512","0.401632957",,"false","interacts with","ZSCAN5C (interacts with) SOST","0","A6NGD5","","Q9BQB4",""
"8.659956709956708","","interacts with","0","0.464231204","","ELAC2 (interacts with) TNMD",,"0","0","0","1","0.526829268","0.40163314",,"false","interacts with","ELAC2 (interacts with) TNMD","0","Q9BQ52","","Q9H2S6",""
"65.70764043768033","","interacts with","0","0.476426279","","COL5A2 (interacts with) NBPF4",,"1","0","1","1","0.551219512","0.401633047",,"false","interacts with","COL5A2 (interacts with) NBPF4","0","P05997","","Q96M43",""
"8.971969696969698","","interacts with","0","0.476387162","","ELAC2 (interacts with) AMZ2",,"0","0","0","1","0.551219512","0.401554813",,"false","interacts with","ELAC2 (interacts with) AMZ2","0","Q9BQ52","","Q86W34",""
"38.380630826811455","","interacts with","0","0.464216176","","CCNQ (interacts with) BDP1",,"0","0","0","1","0.526829268","0.401603083",,"false","interacts with","CCNQ (interacts with) BDP1","0","Q8N1B3","","A6H8Y1",""
"223.86349206349206","","interacts with","0","0.476426218","","TACC1 (interacts with) BCL2",,"0","1","1","1","0.551219512","0.401632923",,"false","interacts with","TACC1 (interacts with) BCL2","0","O75410","","P10415",""
"8.805555555555554","","interacts with","0","0.464192151","","ELAC2 (interacts with) TMPPE",,"0","0","0","1","0.526829268","0.401555034",,"false","interacts with","ELAC2 (interacts with) TMPPE","0","Q9BQ52","","Q6ZT21",""
"25.647679844198326","","interacts with","0","0.476426226","","CNR2 (interacts with) MYH16",,"1","0","1","1","0.551219512","0.401632939",,"false","interacts with","CNR2 (interacts with) MYH16","0","P34972","","Q9H6N6",""
"73.27652219484791","","interacts with","0","0.464216214","","CCNQ (interacts with) BOD1L1",,"0","0","0","1","0.526829268","0.40160316",,"false","interacts with","CCNQ (interacts with) BOD1L1","0","Q8N1B3","","Q8NFC6",""
"16.51856199479105","","interacts with","0","0.461777124","","ELAC2 (interacts with) MED1",,"0","0","0","1","0.52195122","0.401603029",,"false","interacts with","ELAC2 (interacts with) MED1","0","Q9BQ52","","Q15648",""
"60.0","","interacts with","0","0.561630038","","ZBTB22 (interacts with) CCDC13",,"0","0","0","1","0.72195122","0.401308856",,"false","interacts with","ZBTB22 (interacts with) CCDC13","0","O15209","","Q8IYE1",""
"9.382575757575758","","interacts with","0","0.464231179","","ELAC2 (interacts with) SULT1E1",,"0","0","0","1","0.526829268","0.40163309",,"false","interacts with","ELAC2 (interacts with) SULT1E1","0","Q9BQ52","","P49888",""
"45.300819441995934","","interacts with","0","0.476387152","","CGN (interacts with) VWA1",,"0","0","0","1","0.551219512","0.401554791",,"false","interacts with","CGN (interacts with) VWA1","0","Q9P2M7","","Q6PCB0",""
"39.393897622845","","interacts with","0","0.476387135","","CGN (interacts with) MVD",,"0","0","0","1","0.551219512","0.401554758",,"false","interacts with","CGN (interacts with) MVD","0","Q9P2M7","","P53602",""
"45.519047619047626","","interacts with","0","0.476426308","","MAGEB6B (interacts with) TRAF6",,"0","1","1","1","0.551219512","0.401633104",,"false","interacts with","MAGEB6B (interacts with) TRAF6","0","A0A0J9YX57","","Q9Y4K3",""
"7.455555555555556","","interacts with","0","0.464192143","","KAZN (interacts with) TBCE",,"0","0","0","1","0.526829268","0.401555017",,"false","interacts with","KAZN (interacts with) TBCE","0","Q674X7","","Q15813",""
"2.0","","interacts with","0","0.564067946","","DPH1 (interacts with) TP63",,"0","0","0","1","0.726829268","0.401306625",,"false","interacts with","DPH1 (interacts with) TP63","0","Q9BZG8","","Q9H3D4",""
"13.000000000000005","","interacts with","0","0.476426237","","MAPK14 (interacts with) PSD2",,"1","0","1","1","0.551219512","0.401632963",,"false","interacts with","MAPK14 (interacts with) PSD2","0","Q16539","","Q9BQI7",""
"8.524096385542167","","interacts with","0","0.476387169","","KAZN (interacts with) LPCAT1",,"0","0","0","1","0.551219512","0.401554825",,"false","interacts with","KAZN (interacts with) LPCAT1","0","Q674X7","","Q8NF37",""
"182.00000000000003","","interacts with","0","0.464255216","","COL5A3 (interacts with) ASB2",,"1","0","1","1","0.526829268","0.401681164",,"false","interacts with","COL5A3 (interacts with) ASB2","0","P25940","","Q96Q27",""
"10.963636363636365","","interacts with","0","0.464192193","","KAZN (interacts with) PRAMEF19",,"0","0","0","1","0.526829268","0.401555118",,"false","interacts with","KAZN (interacts with) PRAMEF19","0","Q674X7","","Q5SWL8",""
"12.0","","interacts with","0","0.46423125","","ESR1 (interacts with) ZZZ3",,"1","0","1","1","0.526829268","0.401633231",,"false","interacts with","ESR1 (interacts with) ZZZ3","0","P03372","","Q8IYH5",""
"5.2333333333333325","","interacts with","0","0.461752998","","PAK4 (interacts with) ATMIN",,"0","0","0","1","0.52195122","0.401554777",,"false","interacts with","PAK4 (interacts with) ATMIN","0","O96013","","O43313",""
"4.538095238095239","","interacts with","0","0.461753086","","SKI (interacts with) SYT9",,"0","0","0","1","0.52195122","0.401554952",,"false","interacts with","SKI (interacts with) SYT9","0","P12755","","Q86SS6",""
"11.539053650499433","","interacts with","0","0.469070246","","KAZN (interacts with) RGR",,"0","0","0","1","0.536585366","0.401555125",,"false","interacts with","KAZN (interacts with) RGR","0","Q674X7","","P47804",""
"210.8974358974359","","interacts with","0","0.476426236","","COL1A1 (interacts with) CXCR3",,"1","0","1","1","0.551219512","0.40163296",,"false","interacts with","COL1A1 (interacts with) CXCR3","0","P02452","","P49682",""
"53.61880607315396","","interacts with","0","0.469070171","","CGN (interacts with) CDY1B",,"0","0","0","1","0.536585366","0.401554976",,"false","interacts with","CGN (interacts with) CDY1B","0","Q9P2M7","","Q9Y6F8",""
"9.524096385542169","","interacts with","0","0.476387195","","KAZN (interacts with) SHC2",,"0","0","0","1","0.551219512","0.401554878",,"false","interacts with","KAZN (interacts with) SHC2","0","Q674X7","","P98077",""
"83.33333333333334","","interacts with","0","0.476426232","","COL1A2 (interacts with) PIPOX",,"1","0","1","1","0.551219512","0.401632951",,"false","interacts with","COL1A2 (interacts with) PIPOX","0","P08123","","Q9P0Z9",""
"66.13650793650795","","interacts with","0","0.476387139","","CGN (interacts with) TACC1",,"0","0","0","1","0.551219512","0.401554767",,"false","interacts with","CGN (interacts with) TACC1","0","Q9P2M7","","O75410",""
"7.690763052208835","","interacts with","0","0.476387177","","KAZN (interacts with) THNSL2",,"0","0","0","1","0.551219512","0.401554841",,"false","interacts with","KAZN (interacts with) THNSL2","0","Q674X7","","Q86YJ6",""
"51.0","","interacts with","0","0.476426178","","TRAF3IP1 (interacts with) SOST",,"0","1","1","1","0.551219512","0.401632845",,"false","interacts with","TRAF3IP1 (interacts with) SOST","0","Q8TDR0","","Q9BQB4",""
"10.884126984126985","","interacts with","0","0.476426323","","PRKACA (interacts with) SYT9",,"1","0","1","1","0.551219512","0.401633135",,"false","interacts with","PRKACA (interacts with) SYT9","0","P17612","","Q86SS6",""
"18.92222222222222","","interacts with","0","0.464193487","","KAZN (interacts with) TELO2",,"0","0","0","1","0.526829268","0.401557706",,"false","interacts with","KAZN (interacts with) TELO2","0","Q674X7","","Q9Y4R8",""
"913.721663586365","","interacts with","0","0.476387168","","CGN (interacts with) TARDBP",,"0","0","0","1","0.551219512","0.401554823",,"false","interacts with","CGN (interacts with) TARDBP","0","Q9P2M7","","Q13148",""
"10.5074297188755","","interacts with","0","0.476387263","","KAZN (interacts with) UPK1A",,"0","0","0","1","0.551219512","0.401555014",,"false","interacts with","KAZN (interacts with) UPK1A","0","Q674X7","","O00322",""
"17.439388062917473","","interacts with","0","0.476426303","","MYC (interacts with) ZNF668",,"1","0","1","1","0.551219512","0.401633095",,"false","interacts with","MYC (interacts with) ZNF668","0","P01106","","Q96K58",""
"8.91904761904762","","interacts with","0","0.464231146","","SKI (interacts with) IL16",,"0","0","0","1","0.526829268","0.401633024",,"false","interacts with","SKI (interacts with) IL16","0","P12755","","Q14005",""
"3.6666666666666665","","interacts with","0","0.476387315","","PROS1 (interacts with) PPP2R3C",,"0","0","0","1","0.551219512","0.401555118",,"false","interacts with","PROS1 (interacts with) PPP2R3C","0","P07225","","Q969Q6",""
"6.085714285714286","","interacts with","0","0.476426344","","AKT1 (interacts with) PPWD1",,"1","0","1","1","0.551219512","0.401633176",,"false","interacts with","AKT1 (interacts with) PPWD1","0","P31749","","Q96BP3",""
"3.833333333333333","","interacts with","0","0.476387132","","SEC23B (interacts with) RPS6KC1",,"0","0","0","1","0.551219512","0.401554751",,"false","interacts with","SEC23B (interacts with) RPS6KC1","0","Q15437","","Q96S38",""
"209.91037296037294","","interacts with","0","0.476426214","","COL1A1 (interacts with) SLC50A1",,"1","0","1","1","0.551219512","0.401632915",,"false","interacts with","COL1A1 (interacts with) SLC50A1","0","P02452","","Q9BRV3",""
"4.333333333333333","","interacts with","0","0.461777237","","SEC23B (interacts with) FGD5",,"0","0","0","1","0.52195122","0.401603254",,"false","interacts with","SEC23B (interacts with) FGD5","0","Q15437","","Q6ZNL6",""
"4.0","","interacts with","0","0.464192369","","N4BP2L2 (interacts with) TTC7A",,"0","0","0","1","0.526829268","0.401555469",,"false","interacts with","N4BP2L2 (interacts with) TTC7A","0","Q92802","","Q9ULT0",""
"12.504761904761905","","interacts with","0","0.47642637","","MYCL (interacts with) TIMP4",,"1","0","1","1","0.551219512","0.401633228",,"false","interacts with","MYCL (interacts with) TIMP4","0","P12524","","Q99727",""
"117.35590178706337","","interacts with","0","0.476426171","","COL5A3 (interacts with) KLHL35",,"1","0","1","1","0.551219512","0.40163283",,"false","interacts with","COL5A3 (interacts with) KLHL35","0","P25940","","Q6PF15",""
"6.3999999999999995","","interacts with","0","0.464192152","","PAK4 (interacts with) RBMX2",,"0","0","0","1","0.526829268","0.401555035",,"false","interacts with","PAK4 (interacts with) RBMX2","0","O96013","","Q9Y388",""
"5.333333333333332","","interacts with","0","0.464192261","","PAK4 (interacts with) DHRS13",,"0","0","0","1","0.526829268","0.401555253",,"false","interacts with","PAK4 (interacts with) DHRS13","0","O96013","","Q6UX07",""
"114.0","","interacts with","0","0.464255229","","IQCF5 (interacts with) COL3A1",,"0","1","1","1","0.526829268","0.40168119",,"false","interacts with","IQCF5 (interacts with) COL3A1","0","A8MTL0","","P02461",""
"5.1190476190476195","","interacts with","0","0.464231338","","SKI (interacts with) NMUR1",,"0","0","0","1","0.526829268","0.401633407",,"false","interacts with","SKI (interacts with) NMUR1","0","P12755","","Q9HB89",""
"4.0","","interacts with","0","0.476426197","","SYNJ2 (interacts with) NOS3",,"0","1","1","1","0.551219512","0.401632882",,"false","interacts with","SYNJ2 (interacts with) NOS3","0","O15056","","P29474",""
"6.066666666666666","","interacts with","0","0.476387513","","PAK4 (interacts with) SGCA",,"0","0","0","1","0.551219512","0.401555514",,"false","interacts with","PAK4 (interacts with) SGCA","0","O96013","","Q16586",""
"4.185714285714286","","interacts with","0","0.464192046","","SKI (interacts with) NXPH1",,"0","0","0","1","0.526829268","0.401554824",,"false","interacts with","SKI (interacts with) NXPH1","0","P12755","","P58417",""
"258.9244588744589","","interacts with","0","0.476426219","","SH2D7 (interacts with) COL1A1",,"0","1","1","1","0.551219512","0.401632926",,"false","interacts with","SH2D7 (interacts with) COL1A1","0","A6NKC9","","P02452",""
"0.0","taxid:9606(Homo sapiens)","interacts with","1","0.672821408","""psi-mi:""""MI:0007""""(anti tag coimmunoprecipitation)""","MAPK1 (interacts with) MAPK1","2","1","1","1","1","0.941463415","0.404179401",,"false","interacts with","MAPK1 (interacts with) MAPK1","0","P28482","P28482","P28482","P28482"
"12.0","","interacts with","0","0.476387169","","MYOCD (interacts with) CRTC3",,"0","0","0","1","0.551219512","0.401554826",,"false","interacts with","MYOCD (interacts with) CRTC3","0","Q8IZQ8","","Q6UUV7",""
"10.9","","interacts with","0","0.464192251","","MYOCD (interacts with) TMCO6",,"0","0","0","1","0.526829268","0.401555234",,"false","interacts with","MYOCD (interacts with) TMCO6","0","Q8IZQ8","","Q96DC7",""
"142.2376920658198","","interacts with","0","0.464255342","","COL5A3 (interacts with) ESRP2",,"1","0","1","1","0.526829268","0.401681416",,"false","interacts with","COL5A3 (interacts with) ESRP2","0","P25940","","Q9H6T0",""
"9.019047619047617","","interacts with","0","0.476387243","","MYOCD (interacts with) BCL9",,"0","0","0","1","0.551219512","0.401554973",,"false","interacts with","MYOCD (interacts with) BCL9","0","Q8IZQ8","","O00512",""
"10.666666666666668","","interacts with","0","0.476426236","","MAPK14 (interacts with) RAPGEFL1",,"1","0","1","1","0.551219512","0.401632959",,"false","interacts with","MAPK14 (interacts with) RAPGEFL1","0","Q16539","","Q9UHV5",""
"52.0","","interacts with","0","0.563834933","","FAM161B (interacts with) GOLGA6A",,"0","0","0","1","0.726829268","0.400840597",,"false","interacts with","FAM161B (interacts with) GOLGA6A","0","Q96MY7","","Q9NYA3",""
"8.249999999999998","","interacts with","0","0.4763871","","MYOCD (interacts with) TRAV12-3",,"0","0","0","1","0.551219512","0.401554688",,"false","interacts with","MYOCD (interacts with) TRAV12-3","0","Q8IZQ8","","A0A0B4J271",""
"9.333333333333334","","interacts with","0","0.476387043","","N4BP2L2 (interacts with) ZC3H13",,"0","0","0","1","0.551219512","0.401554574",,"false","interacts with","N4BP2L2 (interacts with) ZC3H13","0","Q92802","","Q5T200",""
"11.233333333333338","","interacts with","0","0.476426149","","PRKACA (interacts with) ARHGAP28",,"1","0","1","1","0.551219512","0.401632786",,"false","interacts with","PRKACA (interacts with) ARHGAP28","0","P17612","","Q9P2N2",""
"4.0","","interacts with","0","0.464231322","","ZPBP (interacts with) ZNF175",,"0","0","0","1","0.526829268","0.401633376",,"false","interacts with","ZPBP (interacts with) ZNF175","0","Q9BS86","","Q9Y473",""
"16.0","","interacts with","0","0.476426235","","GSK3B (interacts with) ZNF280D",,"1","0","1","1","0.551219512","0.401632957",,"false","interacts with","GSK3B (interacts with) ZNF280D","0","P49841","","Q6N043",""
"4.333333333333333","","interacts with","0","0.464192114","","N4BP2L2 (interacts with) SPEM3",,"0","0","0","1","0.526829268","0.401554961",,"false","interacts with","N4BP2L2 (interacts with) SPEM3","0","Q92802","","A0A1B0GUW6",""
"4.0","","interacts with","0","0.476387209","","ZPBP (interacts with) POLI",,"0","0","0","1","0.551219512","0.401554907",,"false","interacts with","ZPBP (interacts with) POLI","0","Q9BS86","","Q9UNA4",""
"65.63333333333337","","interacts with","0","0.47642633","","COL5A2 (interacts with) CADM4",,"1","0","1","1","0.551219512","0.401633148",,"false","interacts with","COL5A2 (interacts with) CADM4","0","P05997","","Q8NFZ8",""
"46.0","","interacts with","0","0.461816198","","COL5A1 (interacts with) RUBCN",,"1","0","1","1","0.52195122","0.401681177",,"false","interacts with","COL5A1 (interacts with) RUBCN","0","P20908","","Q92622",""
"9.619047619047619","","interacts with","0","0.469070123","","MYOCD (interacts with) DDX52",,"0","0","0","1","0.536585366","0.401554881",,"false","interacts with","MYOCD (interacts with) DDX52","0","Q8IZQ8","","Q9Y2R4",""
"9.799999999999999","","interacts with","0","0.476387083","","MYOCD (interacts with) GTF2A1L",,"0","0","0","1","0.551219512","0.401554654",,"false","interacts with","MYOCD (interacts with) GTF2A1L","0","Q8IZQ8","","Q9UNN4",""
"16.071428571428573","","interacts with","0","0.47642635","","UGDH (interacts with) MAPK14",,"0","1","1","1","0.551219512","0.401633187",,"false","interacts with","UGDH (interacts with) MAPK14","0","O60701","","Q16539",""
"9.499999999999998","","interacts with","0","0.476387094","","MYOCD (interacts with) C10orf67",,"0","0","0","1","0.551219512","0.401554676",,"false","interacts with","MYOCD (interacts with) C10orf67","0","Q8IZQ8","","Q8IYJ2",""
"28.0","","interacts with","0","0.464255223","","COL5A1 (interacts with) IL1RAPL2",,"1","0","1","1","0.526829268","0.401681178",,"false","interacts with","COL5A1 (interacts with) IL1RAPL2","0","P20908","","Q9NP60",""
"2.0","","interacts with","0","0.561629726","","RTCB (interacts with) HNRNPM",,"0","0","0","1","0.72195122","0.401308233",,"false","interacts with","RTCB (interacts with) HNRNPM","0","Q9Y3I0","","P52272",""
"8.333333333333332","","interacts with","0","0.461753177","","MS4A14 (interacts with) RAMAC",,"0","0","0","1","0.52195122","0.401555134",,"false","interacts with","MS4A14 (interacts with) RAMAC","0","Q96JA4","","Q9BTL3",""
"8.0","","interacts with","0","0.476387027","","MS4A14 (interacts with) TIMP4",,"0","0","0","1","0.551219512","0.401554542",,"false","interacts with","MS4A14 (interacts with) TIMP4","0","Q96JA4","","Q99727",""
"4.0","","interacts with","0","0.464255239","","CASR (interacts with) ALPK2",,"1","0","1","1","0.526829268","0.401681209",,"false","interacts with","CASR (interacts with) ALPK2","0","P41180","","Q86TB3",""
"9.299999999999999","","interacts with","0","0.476387284","","MS4A14 (interacts with) CCDC150",,"0","0","0","1","0.551219512","0.401555057",,"false","interacts with","MS4A14 (interacts with) CCDC150","0","Q96JA4","","Q8NCX0",""
"11.166666666666666","","interacts with","0","0.476426177","","VTN (interacts with) NHS",,"1","0","1","1","0.551219512","0.401632843",,"false","interacts with","VTN (interacts with) NHS","0","P04004","","Q6T4R5",""
"158.87182539682541","","interacts with","0","0.476426257","","COL1A1 (interacts with) NDUFAF6",,"1","0","1","1","0.551219512","0.401633001",,"false","interacts with","COL1A1 (interacts with) NDUFAF6","0","P02452","","Q330K2",""
"8.666666666666666","","interacts with","0","0.461753111","","MYOCD (interacts with) RTL5",,"0","0","0","1","0.52195122","0.401555002",,"false","interacts with","MYOCD (interacts with) RTL5","0","Q8IZQ8","","Q5HYW3",""
"9.399999999999999","","interacts with","0","0.47638711","","MYOCD (interacts with) DHRS13",,"0","0","0","1","0.551219512","0.401554709",,"false","interacts with","MYOCD (interacts with) DHRS13","0","Q8IZQ8","","Q6UX07",""
"11.820512820512823","","interacts with","0","0.464216183","","MEIS3P2 (interacts with) CCDC7",,"0","0","0","1","0.526829268","0.401603097",,"false","interacts with","MEIS3P2 (interacts with) CCDC7","0","A8K0S8","","Q96M83",""
"8.272222222222222","","interacts with","0","0.476387296","","MYOCD (interacts with) SGCA",,"0","0","0","1","0.551219512","0.401555081",,"false","interacts with","MYOCD (interacts with) SGCA","0","Q8IZQ8","","Q16586",""
"108.77527767840829","","interacts with","0","0.476426262","","FCER1A (interacts with) COL5A3",,"0","1","1","1","0.551219512","0.401633013",,"false","interacts with","FCER1A (interacts with) COL5A3","0","P12319","","P25940",""
"10.788888888888888","","interacts with","0","0.476387259","","MYOCD (interacts with) SMIM26",,"0","0","0","1","0.551219512","0.401555006",,"false","interacts with","MYOCD (interacts with) SMIM26","0","Q8IZQ8","","A0A096LP01",""
"12.666666666666666","","interacts with","0","0.476426237","","JUN (interacts with) SMAGP",,"1","0","1","1","0.551219512","0.401632962",,"false","interacts with","JUN (interacts with) SMAGP","0","P05412","","Q0VAQ4",""
"5.50952380952381","","interacts with","0","0.476387354","","CLDN12 (interacts with) UBA2",,"0","0","0","1","0.551219512","0.401555196",,"false","interacts with","CLDN12 (interacts with) UBA2","0","P56749","","Q9UBT2",""
"19.07062937062937","","interacts with","0","0.476426288","","CGAS (interacts with) MYLK3",,"0","0","0","1","0.551219512","0.401633064",,"false","interacts with","CGAS (interacts with) MYLK3","0","Q8N884","","Q32MK0",""
"195.8763736263738","","interacts with","0","0.476426209","","COL1A1 (interacts with) MPPED2",,"1","0","1","1","0.551219512","0.401632905",,"false","interacts with","COL1A1 (interacts with) MPPED2","0","P02452","","Q15777",""
"11.05153735153735","","interacts with","0","0.476387385","","CLDN12 (interacts with) MYLK3",,"0","0","0","1","0.551219512","0.401555257",,"false","interacts with","CLDN12 (interacts with) MYLK3","0","P56749","","Q32MK0",""
"18.62507890357671","","interacts with","0","0.47642617","","CNR2 (interacts with) TELO2",,"1","0","1","1","0.551219512","0.401632828",,"false","interacts with","CNR2 (interacts with) TELO2","0","P34972","","Q9Y4R8",""
"38.14729749347811","","interacts with","0","0.464216124","","RCOR2 (interacts with) BDP1",,"0","0","0","1","0.526829268","0.401602981",,"false","interacts with","RCOR2 (interacts with) BDP1","0","Q8IZ40","","A6H8Y1",""
"179.28682983682978","","interacts with","0","0.476426418","","MYCN (interacts with) HDGFL1",,"1","0","1","1","0.551219512","0.401633324",,"false","interacts with","MYCN (interacts with) HDGFL1","0","P04198","","Q5TGJ6",""
"73.5431888615146","","interacts with","0","0.461777091","","RCOR2 (interacts with) BOD1L1",,"0","0","0","1","0.52195122","0.401602962",,"false","interacts with","RCOR2 (interacts with) BOD1L1","0","Q8IZ40","","Q8NFC6",""
"16.0","","interacts with","0","0.464191983","","KIAA0513 (interacts with) TRMT1",,"0","0","0","1","0.526829268","0.401554698",,"false","interacts with","KIAA0513 (interacts with) TRMT1","0","O60268","","Q9NXH9",""
"12.0","","interacts with","0","0.476426238","","GSK3B (interacts with) PABPC4",,"1","0","1","1","0.551219512","0.401632964",,"false","interacts with","GSK3B (interacts with) PABPC4","0","P49841","","Q13310",""
"61.0","","interacts with","0","0.47642629","","SHISAL2B (interacts with) RELA",,"0","1","1","1","0.551219512","0.401633067",,"false","interacts with","SHISAL2B (interacts with) RELA","0","A6NKW6","","Q04206",""
"6.335441370223979","","interacts with","0","0.464192129","","CGAS (interacts with) MRPL28",,"0","0","0","1","0.526829268","0.401554989",,"false","interacts with","CGAS (interacts with) MRPL28","0","Q8N884","","Q13084",""
"44.41648351648354","","interacts with","0","0.46175309","","MSTN (interacts with) RBM25",,"0","0","0","1","0.52195122","0.40155496",,"false","interacts with","MSTN (interacts with) RBM25","0","O14793","","P49756",""
"12.689287524070133","","interacts with","0","0.47638722","","CGAS (interacts with) AICDA",,"0","0","0","1","0.551219512","0.401554928",,"false","interacts with","CGAS (interacts with) AICDA","0","Q8N884","","Q9GZX7",""
"41.27965760180274","","interacts with","0","0.476426272","","COL5A2 (interacts with) CEACAM21",,"1","0","1","1","0.551219512","0.401633031",,"false","interacts with","COL5A2 (interacts with) CEACAM21","0","P05997","","Q3KPI0",""
"36.24498869116932","","interacts with","0","0.464216114","","CLDN12 (interacts with) BDP1",,"0","0","0","1","0.526829268","0.40160296",,"false","interacts with","CLDN12 (interacts with) BDP1","0","P56749","","A6H8Y1",""
"68.65314557147136","","interacts with","0","0.464216176","","CLDN12 (interacts with) BOD1L1",,"0","0","0","1","0.526829268","0.401603083",,"false","interacts with","CLDN12 (interacts with) BOD1L1","0","P56749","","Q8NFC6",""
"80.1882379103831","","interacts with","0","0.461777071","","CGAS (interacts with) BOD1L1",,"0","0","0","1","0.52195122","0.401602923",,"false","interacts with","CGAS (interacts with) BOD1L1","0","Q8N884","","Q8NFC6",""
"13.166666666666666","","interacts with","0","0.476426229","","SPEM3 (interacts with) SRC",,"0","1","1","1","0.551219512","0.401632945",,"false","interacts with","SPEM3 (interacts with) SRC","0","A0A1B0GUW6","","P12931",""
"41.436186382367026","","interacts with","0","0.464216059","","KIAA0513 (interacts with) BDP1",,"0","0","0","1","0.526829268","0.401602849",,"false","interacts with","KIAA0513 (interacts with) BDP1","0","O60268","","A6H8Y1",""
"30.0","","interacts with","0","0.564068108","","BAHD1 (interacts with) ZNF275",,"0","0","0","1","0.726829268","0.401306947",,"false","interacts with","BAHD1 (interacts with) ZNF275","0","Q8TBE0","","Q9NSD4",""
"76.42350125626098","","interacts with","0","0.464255269","","ANKRD65 (interacts with) COL5A2",,"0","1","1","1","0.526829268","0.40168127",,"false","interacts with","ANKRD65 (interacts with) COL5A2","0","E5RJM6","","P05997",""
"78.27652219484793","","interacts with","0","0.464216048","","KIAA0513 (interacts with) BOD1L1",,"0","0","0","1","0.526829268","0.401602828",,"false","interacts with","KIAA0513 (interacts with) BOD1L1","0","O60268","","Q8NFC6",""
"6.239560439560439","","interacts with","0","0.476387057","","PGA4 (interacts with) TRIP11",,"0","0","0","1","0.551219512","0.401554603",,"false","interacts with","PGA4 (interacts with) TRIP11","0","P0DJD7","","Q15643",""
"11.4","","interacts with","0","0.476426261","","JUN (interacts with) ZNF853",,"1","0","1","1","0.551219512","0.401633009","0.015312132","false","interacts with","JUN (interacts with) ZNF853","1","P05412","","P0CG23",""
"4.166666666666666","","interacts with","0","0.469070145","","PGA4 (interacts with) DENND2A",,"0","0","0","1","0.536585366","0.401554925",,"false","interacts with","PGA4 (interacts with) DENND2A","0","P0DJD7","","Q9ULE3",""
"10.133333333333333","","interacts with","0","0.476426357","","AKT1 (interacts with) PDE4B",,"1","0","1","1","0.551219512","0.401633202",,"false","interacts with","AKT1 (interacts with) PDE4B","0","P31749","","Q07343",""
"4.866666666666667","","interacts with","0","0.469070173","","PGA4 (interacts with) PDE4B",,"0","0","0","1","0.536585366","0.40155498",,"false","interacts with","PGA4 (interacts with) PDE4B","0","P0DJD7","","Q07343",""
"15.0","","interacts with","0","0.476426257","","PTGS1 (interacts with) MANEAL",,"1","0","1","1","0.551219512","0.401633002",,"false","interacts with","PTGS1 (interacts with) MANEAL","0","P23219","","Q5VSG8",""
"10.666666666666668","","interacts with","0","0.476426191","","MAPK14 (interacts with) ARHGAP11A",,"1","0","1","1","0.551219512","0.401632869",,"false","interacts with","MAPK14 (interacts with) ARHGAP11A","0","Q16539","","Q6P4F7",""
"62.0","","interacts with","0","0.464255206","","COL1A2 (interacts with) TREML4",,"1","0","1","1","0.526829268","0.401681144",,"false","interacts with","COL1A2 (interacts with) TREML4","0","P08123","","Q6UXN2",""
"16.0","","interacts with","0","0.476426323","","HMMR (interacts with) CASP3",,"0","1","1","1","0.551219512","0.401633134",,"false","interacts with","HMMR (interacts with) CASP3","0","O75330","","P42574",""
"7.0","","interacts with","0","0.476387113","","CEP162 (interacts with) SNX27",,"0","0","0","1","0.551219512","0.401554714",,"false","interacts with","CEP162 (interacts with) SNX27","0","Q5TB80","","Q96L92",""
"0.0","","interacts with","0","0.599708751","","CSF1R (interacts with) CSF1R",,"1","1","1","1","0.809756098","0.389661404",,"false","interacts with","CSF1R (interacts with) CSF1R","0","P07333","","P07333",""
"5.333333333333333","","interacts with","0","0.476387159","","CEP162 (interacts with) PPP2R3C",,"0","0","0","1","0.551219512","0.401554807",,"false","interacts with","CEP162 (interacts with) PPP2R3C","0","Q5TB80","","Q969Q6",""
"83.89909606652711","","interacts with","0","0.464255288","","COL3A1 (interacts with) LRP2BP",,"1","0","1","1","0.526829268","0.401681308",,"false","interacts with","COL3A1 (interacts with) LRP2BP","0","P02461","","Q9P2M1",""
"5.833333333333333","","interacts with","0","0.469070286","","NPBWR2 (interacts with) UVSSA",,"0","0","0","1","0.536585366","0.401555206",,"false","interacts with","NPBWR2 (interacts with) UVSSA","0","P48146","","Q2YD98",""
"64.93124490339004","","interacts with","0","0.464255227","","COL5A2 (interacts with) ZMYND12",,"1","0","1","1","0.526829268","0.401681186",,"false","interacts with","COL5A2 (interacts with) ZMYND12","0","P05997","","Q9H0C1",""
"155.35905205905206","","interacts with","0","0.476426372","","CTSK (interacts with) EPM2AIP1",,"1","0","1","1","0.551219512","0.401633231",,"false","interacts with","CTSK (interacts with) EPM2AIP1","0","P43235","","Q7L775",""
"44.416483516483524","","interacts with","0","0.469070237","","NPBWR2 (interacts with) RBM25",,"0","0","0","1","0.536585366","0.401555108",,"false","interacts with","NPBWR2 (interacts with) RBM25","0","P48146","","P49756",""
"286.70657474678626","","interacts with","0","0.564067995","","MLEC (interacts with) TCTN3",,"0","0","0","1","0.726829268","0.401306721",,"false","interacts with","MLEC (interacts with) TCTN3","0","Q14165","","Q6NUS6",""
"120.0","","interacts with","0","0.476387094","","IFNLR1 (interacts with) PCARE",,"0","0","0","1","0.551219512","0.401554676",,"false","interacts with","IFNLR1 (interacts with) PCARE","0","Q8IU57","","A6NGG8",""
"216.27402597402585","","interacts with","0","0.476426197","","COL1A1 (interacts with) TMEM231",,"1","0","1","1","0.551219512","0.401632882",,"false","interacts with","COL1A1 (interacts with) TMEM231","0","P02452","","Q9H6L2",""
"7.566666666666666","","interacts with","0","0.469070073","","PIGP (interacts with) KIF22",,"0","0","0","1","0.536585366","0.401554779",,"false","interacts with","PIGP (interacts with) KIF22","0","P57054","","Q14807",""
"37.15238095238095","","interacts with","0","0.464231204","","TP53 (interacts with) SHISA2",,"1","0","1","1","0.526829268","0.401633141",,"false","interacts with","TP53 (interacts with) SHISA2","0","P04637","","Q6UWI4",""
"15.002380952380953","","interacts with","0","0.476387186","","PIGP (interacts with) ATXN7L1",,"0","0","0","1","0.551219512","0.401554859",,"false","interacts with","PIGP (interacts with) ATXN7L1","0","P57054","","Q9ULK2",""
"110.0","","interacts with","0","0.476426197","","COL1A2 (interacts with) ZNF718",,"1","0","1","1","0.551219512","0.401632881",,"false","interacts with","COL1A2 (interacts with) ZNF718","0","P08123","","Q3SXZ3",""
"83.33333333333333","","interacts with","0","0.476426307","","SLC10A1 (interacts with) TRAF6",,"0","1","1","1","0.551219512","0.401633102",,"false","interacts with","SLC10A1 (interacts with) TRAF6","0","Q14973","","Q9Y4K3",""
"164.5737815504815","","interacts with","0","0.461777153","","USO1 (interacts with) BOD1L1",,"0","0","0","1","0.52195122","0.401603086",,"false","interacts with","USO1 (interacts with) BOD1L1","0","O60763","","Q8NFC6",""
"16.859669535830523","","interacts with","0","0.476426267","","FAM166C (interacts with) MYC",,"0","1","1","1","0.551219512","0.401633021",,"false","interacts with","FAM166C (interacts with) MYC","0","A6NJV1","","P01106",""
"56.0","","interacts with","0","0.47642623","","CREB3L4 (interacts with) SOST",,"0","1","1","1","0.551219512","0.401632947",,"false","interacts with","CREB3L4 (interacts with) SOST","0","Q8TEY5","","Q9BQB4",""
"7.352380952380953","","interacts with","0","0.461816136","","TPR (interacts with) BMP7",,"0","1","1","1","0.52195122","0.401681052",,"false","interacts with","TPR (interacts with) BMP7","0","P12270","","P18075",""
"31.554072452679847","","interacts with","0","0.46177701","","PRSS8 (interacts with) RIN3",,"0","0","0","1","0.52195122","0.401602801",,"false","interacts with","PRSS8 (interacts with) RIN3","0","Q16651","","Q8TB24",""
"290.0","","interacts with","0","0.476426221","","COL1A1 (interacts with) CBLIF",,"1","0","1","1","0.551219512","0.401632931",,"false","interacts with","COL1A1 (interacts with) CBLIF","0","P02452","","P27352",""
"11.502380952380951","","interacts with","0","0.461752951","","PSMA4 (interacts with) TRIB1",,"0","0","0","1","0.52195122","0.401554683",,"false","interacts with","PSMA4 (interacts with) TRIB1","0","P25789","","Q96RU8",""
"16.70238095238095","","interacts with","0","0.476387053","","PSMA4 (interacts with) PMS2",,"0","0","0","1","0.551219512","0.401554594",,"false","interacts with","PSMA4 (interacts with) PMS2","0","P25789","","P54278",""
"107.52906196022359","","interacts with","0","0.476426175","","COL5A3 (interacts with) DPEP2",,"1","0","1","1","0.551219512","0.401632837",,"false","interacts with","COL5A3 (interacts with) DPEP2","0","P25940","","Q9H4A9",""
"10.90238095238095","","interacts with","0","0.461753265","","PSMA4 (interacts with) MAGEB17",,"0","0","0","1","0.52195122","0.40155531",,"false","interacts with","PSMA4 (interacts with) MAGEB17","0","P25789","","A8MXT2",""
"18.53440637793579","","interacts with","0","0.476426152","","MYC (interacts with) PMS2",,"1","0","1","1","0.551219512","0.401632792",,"false","interacts with","MYC (interacts with) PMS2","0","P01106","","P54278",""
"229.512056469424","","interacts with","0","0.561918971","","MLEC (interacts with) SLC25A4",,"0","0","0","1","0.72195122","0.401886722",,"false","interacts with","MLEC (interacts with) SLC25A4","0","Q14165","","P12235",""
"5.666666666666666","","interacts with","0","0.476387172","","PIGP (interacts with) TCP11L2",,"0","0","0","1","0.551219512","0.401554832",,"false","interacts with","PIGP (interacts with) TCP11L2","0","P57054","","Q8N4U5",""
"409.01970822212917","","interacts with","0","0.576133445","","MLEC (interacts with) CYB5A",,"0","0","0","1","0.751219512","0.401047377",,"false","interacts with","MLEC (interacts with) CYB5A","0","Q14165","","P00167",""
"98.08324869290104","","interacts with","0","0.476426183","","COL5A3 (interacts with) AIG1",,"1","0","1","1","0.551219512","0.401632854",,"false","interacts with","COL5A3 (interacts with) AIG1","0","P25940","","Q9NVV5",""
"86.94888444888441","","interacts with","0","0.476387297","","C11orf40 (interacts with) PHACTR2",,"0","0","0","1","0.551219512","0.401555081",,"false","interacts with","C11orf40 (interacts with) PHACTR2","0","Q8WZ69","","O75167",""
"6.133333333333334","","interacts with","0","0.476387251","","PIGP (interacts with) RTF1",,"0","0","0","1","0.551219512","0.401554991",,"false","interacts with","PIGP (interacts with) RTF1","0","P57054","","Q92541",""
"64.93124490339005","","interacts with","0","0.476426224","","COL5A2 (interacts with) NPY4R2",,"1","0","1","1","0.551219512","0.401632936",,"false","interacts with","COL5A2 (interacts with) NPY4R2","0","P05997","","P0DQD5",""
"8.352380952380951","","interacts with","0","0.476387232","","PIGP (interacts with) ZNF526",,"0","0","0","1","0.551219512","0.401554951",,"false","interacts with","PIGP (interacts with) ZNF526","0","P57054","","Q8TF50",""
"28.0","","interacts with","0","0.476426313","","ABCB7 (interacts with) VTN",,"0","1","1","1","0.551219512","0.401633114",,"false","interacts with","ABCB7 (interacts with) VTN","0","O75027","","P04004",""
"7.583333333333333","","interacts with","0","0.469070342","","PIGP (interacts with) GTF2F1",,"0","0","0","1","0.536585366","0.401555318",,"false","interacts with","PIGP (interacts with) GTF2F1","0","P57054","","P35269",""
"8.578571428571427","","interacts with","0","0.47638729","","PSMA4 (interacts with) MAGEB6B",,"0","0","0","1","0.551219512","0.401555068",,"false","interacts with","PSMA4 (interacts with) MAGEB6B","0","P25789","","A0A0J9YX57",""
"39.158408604589226","","interacts with","0","0.464216036","","TBX10 (interacts with) BDP1",,"0","0","0","1","0.526829268","0.401602804",,"false","interacts with","TBX10 (interacts with) BDP1","0","O75333","","A6H8Y1",""
"6.153246753246754","","interacts with","0","0.476426233","","BMP7 (interacts with) FAM184B",,"1","0","1","1","0.551219512","0.401632953",,"false","interacts with","BMP7 (interacts with) FAM184B","0","P18075","","Q9ULE4",""
"79.68128409960984","","interacts with","0","0.464216039","","TBX10 (interacts with) BOD1L1",,"0","0","0","1","0.526829268","0.40160281",,"false","interacts with","TBX10 (interacts with) BOD1L1","0","O75333","","Q8NFC6",""
"114.4671571983188","","interacts with","0","0.47642615","","COL5A3 (interacts with) SHF",,"1","0","1","1","0.551219512","0.401632787",,"false","interacts with","COL5A3 (interacts with) SHF","0","P25940","","Q7M4L6",""
"5.50057372346529","","interacts with","0","0.476387087","","PRSS8 (interacts with) MAMLD1",,"0","0","0","1","0.551219512","0.401554663",,"false","interacts with","PRSS8 (interacts with) MAMLD1","0","Q16651","","Q13495",""
"11.588095238095235","","interacts with","0","0.476387184","","TBX10 (interacts with) AHRR",,"0","0","0","1","0.551219512","0.401554855",,"false","interacts with","TBX10 (interacts with) AHRR","0","O75333","","A9YTQ3",""
"11.435714285714285","","interacts with","0","0.476387049","","PSMA4 (interacts with) PHC2",,"0","0","0","1","0.551219512","0.401554585",,"false","interacts with","PSMA4 (interacts with) PHC2","0","P25789","","Q8IXK0",""
"11.527777777777773","","interacts with","0","0.476387152","","TBX10 (interacts with) MYLK3",,"0","0","0","1","0.551219512","0.401554792",,"false","interacts with","TBX10 (interacts with) MYLK3","0","O75333","","Q32MK0",""
"58.61111111111113","","interacts with","0","0.476426334","","C17orf75 (interacts with) TRAF6",,"0","1","1","1","0.551219512","0.401633156",,"false","interacts with","C17orf75 (interacts with) TRAF6","0","Q9HAS0","","Q9Y4K3",""
"10.824242424242426","","interacts with","0","0.476387539","","PSMA4 (interacts with) MSI1",,"0","0","0","1","0.551219512","0.401555566",,"false","interacts with","PSMA4 (interacts with) MSI1","0","P25789","","O43347",""
"8.866300366300365","","interacts with","0","0.622735641","","MFSD10 (interacts with) PECAM1",,"0","0","0","1","0.843902439","0.401568842",,"false","interacts with","MFSD10 (interacts with) PECAM1","0","Q14728","","P16284",""
"58.50000000000001","","interacts with","0","0.476426201","","COL1A2 (interacts with) B4GALNT2",,"1","0","1","1","0.551219512","0.40163289",,"false","interacts with","COL1A2 (interacts with) B4GALNT2","0","P08123","","Q8NHY0",""
"32.028571428571425","","interacts with","0","0.47642626","","COL1A2 (interacts with) PUM3",,"1","0","1","1","0.551219512","0.401633008",,"false","interacts with","COL1A2 (interacts with) PUM3","0","P08123","","Q15397",""
"15.249999999999998","","interacts with","0","0.464192195","","PSMA4 (interacts with) ELAVL2",,"0","0","0","1","0.526829268","0.401555122",,"false","interacts with","PSMA4 (interacts with) ELAVL2","0","P25789","","Q12926",""
"46.66666666666667","","interacts with","0","0.476426378","","BRIX1 (interacts with) PROCR",,"0","1","1","1","0.551219512","0.401633243",,"false","interacts with","BRIX1 (interacts with) PROCR","0","Q8TDN6","","Q9UNN8",""
"17.916666666666664","","interacts with","0","0.461753467","","PSMA4 (interacts with) KLF3",,"0","0","0","1","0.52195122","0.401555715",,"false","interacts with","PSMA4 (interacts with) KLF3","0","P25789","","P57682",""
"95.97142857142858","","interacts with","0","0.476426166","","BCL2 (interacts with) CGN",,"1","0","1","1","0.551219512","0.401632819",,"false","interacts with","BCL2 (interacts with) CGN","0","P10415","","Q9P2M7",""
"8.916666666666666","","interacts with","0","0.469109671","","PSMA4 (interacts with) UCP3",,"0","0","0","1","0.536585366","0.401633975",,"false","interacts with","PSMA4 (interacts with) UCP3","0","P25789","","P55916",""
"58.58680045894564","","interacts with","0","0.476426251","","COL5A2 (interacts with) TCP11X2",,"1","0","1","1","0.551219512","0.40163299",,"false","interacts with","COL5A2 (interacts with) TCP11X2","0","P05997","","Q5H9J9",""
"23.06672771672771","","interacts with","0","0.561809214","","ARF1 (interacts with) AGR2",,"0","0","0","1","0.72195122","0.401667208",,"false","interacts with","ARF1 (interacts with) AGR2","0","P84077","","O95994",""
"25.800915750915753","","interacts with","0","0.595255701","","PECAM1 (interacts with) JUP",,"0","0","0","1","0.790243902","0.4002675",,"false","interacts with","PECAM1 (interacts with) JUP","0","P16284","","P14923",""
"14.00174348915767","","interacts with","0","0.476387131","","TRMT1 (interacts with) CKMT1B",,"0","0","0","1","0.551219512","0.401554749",,"false","interacts with","TRMT1 (interacts with) CKMT1B","0","Q9NXH9","","P12532",""
"63.26457823672343","","interacts with","0","0.476426288","","COL5A2 (interacts with) AKR1B1",,"1","0","1","1","0.551219512","0.401633063",,"false","interacts with","COL5A2 (interacts with) AKR1B1","0","P05997","","P15121",""
"17.998120300751875","","interacts with","0","0.476387173","","TRMT1 (interacts with) IL34",,"0","0","0","1","0.551219512","0.401554833",,"false","interacts with","TRMT1 (interacts with) IL34","0","Q9NXH9","","Q6ZMJ4",""
"2.0","","interacts with","0","0.578707439","","PDX1 (interacts with) XRCC5",,"0","0","0","1","0.756097561","0.401317317",,"false","interacts with","PDX1 (interacts with) XRCC5","0","P52945","","P13010",""
"66.0","","interacts with","0","0.464255232","","COL1A2 (interacts with) MS4A10",,"1","0","1","1","0.526829268","0.401681195",,"false","interacts with","COL1A2 (interacts with) MS4A10","0","P08123","","Q96PG2",""
"28.06848072164073","","interacts with","0","0.461777003","","TRMT1 (interacts with) BDP1",,"0","0","0","1","0.52195122","0.401602786",,"false","interacts with","TRMT1 (interacts with) BDP1","0","Q9NXH9","","A6H8Y1",""
"27.719672484378368","","interacts with","0","0.476387255","","OR4K15 (interacts with) FILIP1",,"0","0","0","1","0.551219512","0.401554997",,"false","interacts with","OR4K15 (interacts with) FILIP1","0","Q8NH41","","Q7Z7B0",""
"45.590365907796944","","interacts with","0","0.476426179","","COL3A1 (interacts with) POPDC3",,"1","0","1","1","0.551219512","0.401632845",,"false","interacts with","COL3A1 (interacts with) POPDC3","0","P02461","","Q9HBV1",""
"105.58759186507092","","interacts with","0","0.461777007","","TRMT1 (interacts with) BOD1L1",,"0","0","0","1","0.52195122","0.401602794",,"false","interacts with","TRMT1 (interacts with) BOD1L1","0","Q9NXH9","","Q8NFC6",""
"12.75208855472013","","interacts with","0","0.464191959","","TRMT1 (interacts with) THRB",,"0","0","0","1","0.526829268","0.401554649",,"false","interacts with","TRMT1 (interacts with) THRB","0","Q9NXH9","","P10828",""
"253.3265623265623","","interacts with","0","0.476426269","","IGHV1-69 (interacts with) MYCN",,"0","1","1","1","0.551219512","0.401633026",,"false","interacts with","IGHV1-69 (interacts with) MYCN","0","P01742","","P04198",""
"10.277777777777779","","interacts with","0","0.464191986","","PSMA4 (interacts with) C17orf75",,"0","0","0","1","0.526829268","0.401554704",,"false","interacts with","PSMA4 (interacts with) C17orf75","0","P25789","","Q9HAS0",""
"8.633333333333333","","interacts with","0","0.461754737","","PSMA4 (interacts with) OR2A7",,"0","0","0","1","0.52195122","0.401558255",,"false","interacts with","PSMA4 (interacts with) OR2A7","0","P25789","","Q96R45",""
"10.021136173767749","","interacts with","0","0.476387029","","TRMT1 (interacts with) RCN1",,"0","0","0","1","0.551219512","0.401554545",,"false","interacts with","TRMT1 (interacts with) RCN1","0","Q9NXH9","","Q15293",""
"5.333333333333333","","interacts with","0","0.476426253","","PTGS2 (interacts with) ERCC4",,"1","0","1","1","0.551219512","0.401632993",,"false","interacts with","PTGS2 (interacts with) ERCC4","0","P35354","","Q92889",""
"15.483040935672514","","interacts with","0","0.476387247","","TRMT1 (interacts with) B3GNT3",,"0","0","0","1","0.551219512","0.401554982",,"false","interacts with","TRMT1 (interacts with) B3GNT3","0","Q9NXH9","","Q9Y2A9",""
"242.8337818914542","","interacts with","0","0.464216143","","SARS1 (interacts with) BOD1L1",,"0","0","0","1","0.526829268","0.401603017",,"false","interacts with","SARS1 (interacts with) BOD1L1","0","P49591","","Q8NFC6",""
"44.43809523809525","","interacts with","0","0.476426354","","COL1A2 (interacts with) OIT3",,"1","0","1","1","0.551219512","0.401633196",,"false","interacts with","COL1A2 (interacts with) OIT3","0","P08123","","Q8WWZ8",""
"14.233333333333333","","interacts with","0","0.464192192","","TRMT1 (interacts with) NPY4R",,"0","0","0","1","0.526829268","0.401555115",,"false","interacts with","TRMT1 (interacts with) NPY4R","0","Q9NXH9","","P50391",""
"36.252380952380946","","interacts with","0","0.476426252","","TP53 (interacts with) ZNF526",,"1","0","1","1","0.551219512","0.401632991",,"false","interacts with","TP53 (interacts with) ZNF526","0","P04637","","Q8TF50",""
"13.278279030910607","","interacts with","0","0.476387121","","TRMT1 (interacts with) AICDA",,"0","0","0","1","0.551219512","0.401554731",,"false","interacts with","TRMT1 (interacts with) AICDA","0","Q9NXH9","","Q9GZX7",""
"11.937802840434419","","interacts with","0","0.476387167","","TRMT1 (interacts with) CALHM2",,"0","0","0","1","0.551219512","0.401554821",,"false","interacts with","TRMT1 (interacts with) CALHM2","0","Q9NXH9","","Q9HA72",""
"46.0","","interacts with","0","0.464231237","","TNFSF11 (interacts with) STRADA",,"1","0","1","1","0.526829268","0.401633206",,"false","interacts with","TNFSF11 (interacts with) STRADA","0","O14788","","Q7RTN6",""
"18.869111451487658","","interacts with","0","0.461777067","","PRSS8 (interacts with) BRDT",,"0","0","0","1","0.52195122","0.401602915",,"false","interacts with","PRSS8 (interacts with) BRDT","0","Q16651","","Q58F21",""
"33.04970760233918","","interacts with","0","0.476387185","","TRMT1 (interacts with) HDHD5",,"0","0","0","1","0.551219512","0.401554857",,"false","interacts with","TRMT1 (interacts with) HDHD5","0","Q9NXH9","","Q9BXW7",""
"142.80487567987558","","interacts with","0","0.476426261","","TRAV12-1 (interacts with) MYCN",,"0","1","1","1","0.551219512","0.40163301",,"false","interacts with","TRAV12-1 (interacts with) MYCN","0","A0A0B4J245","","P04198",""
"14.950000000000001","","interacts with","0","0.46419239","","TRMT1 (interacts with) CYP26B1",,"0","0","0","1","0.526829268","0.401555512",,"false","interacts with","TRMT1 (interacts with) CYP26B1","0","Q9NXH9","","Q9NR63",""
"18.12142857142856","","interacts with","0","0.461753381","","TRMT1 (interacts with) AHRR",,"0","0","0","1","0.52195122","0.401555542",,"false","interacts with","TRMT1 (interacts with) AHRR","0","Q9NXH9","","A9YTQ3",""
"9.25165945165945","","interacts with","0","0.476426219","","PRKACA (interacts with) FAM184B",,"1","0","1","1","0.551219512","0.401632925",,"false","interacts with","PRKACA (interacts with) FAM184B","0","P17612","","Q9ULE4",""
"13.26637426900585","","interacts with","0","0.476387076","","TRMT1 (interacts with) MYLK3",,"0","0","0","1","0.551219512","0.40155464",,"false","interacts with","TRMT1 (interacts with) MYLK3","0","Q9NXH9","","Q32MK0",""
"11.980158730158728","","interacts with","0","0.464191923","","TRMT1 (interacts with) ZFP57",,"0","0","0","1","0.526829268","0.401554579",,"false","interacts with","TRMT1 (interacts with) ZFP57","0","Q9NXH9","","Q9NU63",""
"48.27777777777779","","interacts with","0","0.476426221","","COL1A2 (interacts with) ADORA3",,"1","0","1","1","0.551219512","0.40163293",,"false","interacts with","COL1A2 (interacts with) ADORA3","0","P08123","","P0DMS8",""
"12.682539682539678","","interacts with","0","0.461752978","","TRMT1 (interacts with) ZNF449",,"0","0","0","1","0.52195122","0.401554736",,"false","interacts with","TRMT1 (interacts with) ZNF449","0","Q9NXH9","","Q6P9G9",""
"24.266666666666666","","interacts with","0","0.476426286","","MYCL (interacts with) HNF1B",,"1","0","1","1","0.551219512","0.401633059",,"false","interacts with","MYCL (interacts with) HNF1B","0","P12524","","P35680",""
"12.649707602339177","","interacts with","0","0.476387166","","TRMT1 (interacts with) MAPK1IP1L",,"0","0","0","1","0.551219512","0.401554819",,"false","interacts with","TRMT1 (interacts with) MAPK1IP1L","0","Q9NXH9","","Q8NDC0",""
"103.8642105263158","","interacts with","0","0.476426217","","COL3A1 (interacts with) P2RY11",,"1","0","1","1","0.551219512","0.401632921",,"false","interacts with","COL3A1 (interacts with) P2RY11","0","P02461","","Q96G91",""
"14.833333333333334","","interacts with","0","0.476387022","","TRMT1 (interacts with) PUS1",,"0","0","0","1","0.551219512","0.401554532",,"false","interacts with","TRMT1 (interacts with) PUS1","0","Q9NXH9","","Q9Y606",""
"10.252380952380953","","interacts with","0","0.461752942","","TRMT1 (interacts with) THBD",,"0","0","0","1","0.52195122","0.401554664",,"false","interacts with","TRMT1 (interacts with) THBD","0","Q9NXH9","","P07204",""
"266.60123143433265","","interacts with","0","0.476426305","","COL1A1 (interacts with) SLC25A4",,"1","0","1","1","0.551219512","0.401633099",,"false","interacts with","COL1A1 (interacts with) SLC25A4","0","P02452","","P12235",""
"48.10281777496295","","interacts with","0","0.476426196","","COL5A2 (interacts with) SYPL1",,"1","0","1","1","0.551219512","0.401632879",,"false","interacts with","COL5A2 (interacts with) SYPL1","0","P05997","","Q16563",""
"34.0","","interacts with","0","0.476426254","","PGR (interacts with) SESN1",,"1","0","1","1","0.551219512","0.401632995",,"false","interacts with","PGR (interacts with) SESN1","0","P06401","","Q9Y6P5",""
"2.4","","interacts with","0","0.464191969","","OIT3 (interacts with) SNAPC3",,"0","0","0","1","0.526829268","0.401554669",,"false","interacts with","OIT3 (interacts with) SNAPC3","0","Q8WWZ8","","Q92966",""
"25.133333333333326","","interacts with","0","0.476426272","","MYCL (interacts with) MS4A14",,"1","0","1","1","0.551219512","0.401633031",,"false","interacts with","MYCL (interacts with) MS4A14","0","P12524","","Q96JA4",""
"75.80000000000001","","interacts with","0","0.564068551","","GABPA (interacts with) STK16",,"0","0","0","1","0.726829268","0.401307834",,"false","interacts with","GABPA (interacts with) STK16","0","Q06546","","O75716",""
"362.0","","interacts with","0","0.476426227","","COL1A1 (interacts with) YARS2",,"1","0","1","1","0.551219512","0.401632941",,"false","interacts with","COL1A1 (interacts with) YARS2","0","P02452","","Q9Y2Z4",""
"44.16666666666667","","interacts with","0","0.590743804","","YARS2 (interacts with) HNRNPDL",,"0","0","0","1","0.780487805","0.400999803",,"false","interacts with","YARS2 (interacts with) HNRNPDL","0","Q9Y2Z4","","O14979",""
"66.30000000000003","","interacts with","0","0.464231266","","COL1A2 (interacts with) MAP2K5",,"1","0","1","1","0.526829268","0.401633265",,"false","interacts with","COL1A2 (interacts with) MAP2K5","0","P08123","","Q13163",""
"24.605263157894722","","interacts with","0","0.476387066","","TRMT1 (interacts with) CADM4",,"0","0","0","1","0.551219512","0.401554619",,"false","interacts with","TRMT1 (interacts with) CADM4","0","Q9NXH9","","Q8NFZ8",""
"11.157644110275688","","interacts with","0","0.476387093","","TRMT1 (interacts with) SYPL1",,"0","0","0","1","0.551219512","0.401554674",,"false","interacts with","TRMT1 (interacts with) SYPL1","0","Q9NXH9","","Q16563",""
"38.833333333333336","","interacts with","0","0.476426233","","TMCO6 (interacts with) PROCR",,"0","1","1","1","0.551219512","0.401632953",,"false","interacts with","TMCO6 (interacts with) PROCR","0","Q96DC7","","Q9UNN8",""
"25.449707602339174","","interacts with","0","0.476387108","","TRMT1 (interacts with) DAPP1",,"0","0","0","1","0.551219512","0.401554704",,"false","interacts with","TRMT1 (interacts with) DAPP1","0","Q9NXH9","","Q9UN19",""
"57.95271187472804","","interacts with","0","0.476426215","","COL3A1 (interacts with) OTUD5",,"1","0","1","1","0.551219512","0.401632917",,"false","interacts with","COL3A1 (interacts with) OTUD5","0","P02461","","Q96G74",""
"9.842564745196324","","interacts with","0","0.476387086","","TRMT1 (interacts with) CEACAM21",,"0","0","0","1","0.551219512","0.401554659",,"false","interacts with","TRMT1 (interacts with) CEACAM21","0","Q9NXH9","","Q3KPI0",""
"10.735421888053466","","interacts with","0","0.464192001","","TRMT1 (interacts with) ST8SIA4",,"0","0","0","1","0.526829268","0.401554733",,"false","interacts with","TRMT1 (interacts with) ST8SIA4","0","Q9NXH9","","Q92187",""
"11.333333333333334","","interacts with","0","0.464192064","","KLHL40 (interacts with) TRIP11",,"0","0","0","1","0.526829268","0.40155486",,"false","interacts with","KLHL40 (interacts with) TRIP11","0","Q2TBA0","","Q15643",""
"22.066666666666666","","interacts with","0","0.476426177","","CTSK (interacts with) CPA4",,"1","0","1","1","0.551219512","0.401632842",,"false","interacts with","CTSK (interacts with) CPA4","0","P43235","","Q9UI42",""
"10.394589413264113","","interacts with","0","0.476387132","","PRSS8 (interacts with) KAZN",,"0","0","0","1","0.551219512","0.401554752",,"false","interacts with","PRSS8 (interacts with) KAZN","0","Q16651","","Q674X7",""
"202.49999999999994","","interacts with","0","0.561525322","","YARS2 (interacts with) IGF2BP3",,"0","0","0","1","0.72195122","0.401099424",,"false","interacts with","YARS2 (interacts with) IGF2BP3","0","Q9Y2Z4","","O00425",""
"4.333333333333333","","interacts with","0","0.464192468","","IGHV1-69 (interacts with) HDGFL1",,"0","0","0","1","0.526829268","0.401555668",,"false","interacts with","IGHV1-69 (interacts with) HDGFL1","0","P01742","","Q5TGJ6",""
"5.333333333333333","","interacts with","0","0.461753395","","IGHV1-69 (interacts with) PDCL2",,"0","0","0","1","0.52195122","0.40155557",,"false","interacts with","IGHV1-69 (interacts with) PDCL2","0","P01742","","Q8N4E4",""
"31.0","","interacts with","0","0.476426248","","GFY (interacts with) SPP1",,"0","1","1","1","0.551219512","0.401632984",,"false","interacts with","GFY (interacts with) SPP1","0","I3L273","","P10451",""
"2.5","","interacts with","0","0.476387337","","PCDHGA11 (interacts with) EPB41L3",,"0","0","0","1","0.551219512","0.401555161",,"false","interacts with","PCDHGA11 (interacts with) EPB41L3","0","Q9Y5H2","","Q9Y2J2",""
"14.166666666666666","","interacts with","0","0.469109348","","VTN (interacts with) LIPK",,"1","0","1","1","0.536585366","0.401633331",,"false","interacts with","VTN (interacts with) LIPK","0","P04004","","Q5VXJ0",""
"4.285714285714286","","interacts with","0","0.464216097","","PCDHGA11 (interacts with) KIAA1217",,"0","0","0","1","0.526829268","0.401602926",,"false","interacts with","PCDHGA11 (interacts with) KIAA1217","0","Q9Y5H2","","Q5T5P2",""
"24.166666666666657","","interacts with","0","0.464231162","","BMP2 (interacts with) TPMT",,"1","0","1","1","0.526829268","0.401633055",,"false","interacts with","BMP2 (interacts with) TPMT","0","P12643","","P51580",""
"18.0","","interacts with","0","0.46423137","","CALCA (interacts with) SPANXN1",,"1","0","1","1","0.526829268","0.401633472",,"false","interacts with","CALCA (interacts with) SPANXN1","0","P01258","","Q5VSR9",""
"81.48496993924412","","interacts with","0","0.476426254","","COL3A1 (interacts with) NUAK2",,"1","0","1","1","0.551219512","0.401632995",,"false","interacts with","COL3A1 (interacts with) NUAK2","0","P02461","","Q9H093",""
"52.0","","interacts with","0","0.476426227","","SOST (interacts with) RANBP3",,"1","0","1","1","0.551219512","0.401632942",,"false","interacts with","SOST (interacts with) RANBP3","0","Q9BQB4","","Q9H6Z4",""
"8.733333333333334","","interacts with","0","0.476387318","","DCDC2C (interacts with) ARMC2",,"0","0","0","1","0.551219512","0.401555123",,"false","interacts with","DCDC2C (interacts with) ARMC2","0","A8MYV0","","Q8NEN0",""
"42.046484292443374","","interacts with","0","0.464231193","","ELAVL3 (interacts with) TRAF6",,"0","1","1","1","0.526829268","0.401633118",,"false","interacts with","ELAVL3 (interacts with) TRAF6","0","Q14576","","Q9Y4K3",""
"9.0","","interacts with","0","0.461753818","","TMEM231 (interacts with) ACTL6B",,"0","0","0","1","0.52195122","0.401556416",,"false","interacts with","TMEM231 (interacts with) ACTL6B","0","Q9H6L2","","O94805",""
"7.7333333333333325","","interacts with","0","0.464192206","","DCDC2C (interacts with) HRC",,"0","0","0","1","0.526829268","0.401555143",,"false","interacts with","DCDC2C (interacts with) HRC","0","A8MYV0","","P23327",""
"22.0","","interacts with","0","0.464231218","","CALCA (interacts with) C12orf60",,"1","0","1","1","0.526829268","0.401633167",,"false","interacts with","CALCA (interacts with) C12orf60","0","P01258","","Q5U649",""
"2.5","","interacts with","0","0.464192185","","PCDHGA11 (interacts with) TRIM36",,"0","0","0","1","0.526829268","0.401555101",,"false","interacts with","PCDHGA11 (interacts with) TRIM36","0","Q9Y5H2","","Q9NQ86",""
"8.333333333333332","","interacts with","0","0.476387403","","DCDC2C (interacts with) RUFY2",,"0","0","0","1","0.551219512","0.401555293",,"false","interacts with","DCDC2C (interacts with) RUFY2","0","A8MYV0","","Q8WXA3",""
"41.666666666666664","","interacts with","0","0.476426228","","TNFSF11 (interacts with) DOC2B",,"1","0","1","1","0.551219512","0.401632944",,"false","interacts with","TNFSF11 (interacts with) DOC2B","0","O14788","","Q14184",""
"28.0","","interacts with","0","0.564286587","","CERS4 (interacts with) SLC29A2",,"0","0","0","1","0.726829268","0.401743906",,"false","interacts with","CERS4 (interacts with) SLC29A2","0","Q9HA82","","Q14542",""
"13.999999999999998","","interacts with","0","0.476426167","","PGR (interacts with) KIF27",,"1","0","1","1","0.551219512","0.401632821",,"false","interacts with","PGR (interacts with) KIF27","0","P06401","","Q86VH2",""
"1387.1231134878199","","interacts with","0","0.564067927","","UBE2W (interacts with) TRIM17",,"0","0","0","1","0.726829268","0.401306585",,"false","interacts with","UBE2W (interacts with) TRIM17","0","Q96B02","","Q9Y577",""
"7.666666666666666","","interacts with","0","0.46419268","","TMEM231 (interacts with) KIR3DL1",,"0","0","0","1","0.526829268","0.401556092",,"false","interacts with","TMEM231 (interacts with) KIR3DL1","0","Q9H6L2","","P43629",""
"253.6585858585858","","interacts with","0","0.476426331","","COL1A1 (interacts with) CYP20A1",,"1","0","1","1","0.551219512","0.401633151",,"false","interacts with","COL1A1 (interacts with) CYP20A1","0","P02452","","Q6UW02",""
"8.0","","interacts with","0","0.476387781","","TMEM231 (interacts with) KCNJ2",,"0","0","0","1","0.551219512","0.401556049",,"false","interacts with","TMEM231 (interacts with) KCNJ2","0","Q9H6L2","","P63252",""
"15.641458541458542","","interacts with","0","0.464192146","","MCHR1 (interacts with) SLC9A8",,"0","0","0","1","0.526829268","0.401555024",,"false","interacts with","MCHR1 (interacts with) SLC9A8","0","Q99705","","Q9Y2E8",""
"77.1679594914889","","interacts with","0","0.476426324","","OR10A2 (interacts with) TRAF6",,"0","1","1","1","0.551219512","0.401633135",,"false","interacts with","OR10A2 (interacts with) TRAF6","0","Q9H208","","Q9Y4K3",""
"9.166666666666668","","interacts with","0","0.46419272","","TMEM231 (interacts with) CLNK",,"0","0","0","1","0.526829268","0.401556172",,"false","interacts with","TMEM231 (interacts with) CLNK","0","Q9H6L2","","Q7Z7G1",""
"29.22178746553148","","interacts with","0","0.46419215","","MCHR1 (interacts with) TCTN3",,"0","0","0","1","0.526829268","0.401555032",,"false","interacts with","MCHR1 (interacts with) TCTN3","0","Q99705","","Q6NUS6",""
"9.0","","interacts with","0","0.476387257","","TMEM231 (interacts with) SLC2A1",,"0","0","0","1","0.551219512","0.401555002",,"false","interacts with","TMEM231 (interacts with) SLC2A1","0","Q9H6L2","","P11166",""
"86.20833333333334","","interacts with","0","0.476426194","","COL3A1 (interacts with) ST3GAL3",,"1","0","1","1","0.551219512","0.401632877",,"false","interacts with","COL3A1 (interacts with) ST3GAL3","0","P02461","","Q11203",""
"9.4","","interacts with","0","0.476387183","","DCDC2C (interacts with) CTNNA3",,"0","0","0","1","0.551219512","0.401554854",,"false","interacts with","DCDC2C (interacts with) CTNNA3","0","A8MYV0","","Q9UI47",""
"8.5","","interacts with","0","0.476387247","","TMEM231 (interacts with) UVSSA",,"0","0","0","1","0.551219512","0.401554983",,"false","interacts with","TMEM231 (interacts with) UVSSA","0","Q9H6L2","","Q2YD98",""
"7.533333333333334","","interacts with","0","0.476387171","","CTNNA3 (interacts with) KCNK18",,"0","0","0","1","0.551219512","0.401554829",,"false","interacts with","CTNNA3 (interacts with) KCNK18","0","Q9UI47","","Q7Z418",""
"37.77356011974076","","interacts with","0","0.464216215","","KPNA6 (interacts with) BDP1",,"0","0","0","1","0.526829268","0.401603163",,"false","interacts with","KPNA6 (interacts with) BDP1","0","O60684","","A6H8Y1",""
"44.95107257723356","","interacts with","0","0.476426255","","SAMD15 (interacts with) TRAF6",,"0","1","1","1","0.551219512","0.401632997",,"false","interacts with","SAMD15 (interacts with) TRAF6","0","Q9P1V8","","Q9Y4K3",""
"6.533333333333334","","interacts with","0","0.476387237","","ARMC2 (interacts with) KCNK18",,"0","0","0","1","0.551219512","0.401554962",,"false","interacts with","ARMC2 (interacts with) KCNK18","0","Q8NEN0","","Q7Z418",""
"72.13409795242372","","interacts with","0","0.461777216","","KPNA6 (interacts with) BOD1L1",,"0","0","0","1","0.52195122","0.401603213",,"false","interacts with","KPNA6 (interacts with) BOD1L1","0","O60684","","Q8NFC6",""
"10.98010878010878","","interacts with","0","0.476387329","","KPNA6 (interacts with) MYLK3",,"0","0","0","1","0.551219512","0.401555146",,"false","interacts with","KPNA6 (interacts with) MYLK3","0","O60684","","Q32MK0",""
"19.666666666666668","","interacts with","0","0.476426217","","PGR (interacts with) SNX27",,"1","0","1","1","0.551219512","0.401632921",,"false","interacts with","PGR (interacts with) SNX27","0","P06401","","Q96L92",""
"9.566666666666668","","interacts with","0","0.476387162","","BTBD16 (interacts with) IL16",,"0","0","0","1","0.551219512","0.401554812",,"false","interacts with","BTBD16 (interacts with) IL16","0","Q32M84","","Q14005",""
"24.0","","interacts with","0","0.476426224","","SRC (interacts with) TTC7A",,"1","0","1","1","0.551219512","0.401632935",,"false","interacts with","SRC (interacts with) TTC7A","0","P12931","","Q9ULT0",""
"10.919047619047618","","interacts with","0","0.461816135","","BDP1 (interacts with) COL5A2",,"0","1","1","1","0.52195122","0.401681051",,"false","interacts with","BDP1 (interacts with) COL5A2","0","A6H8Y1","","P05997",""
"9.333333333333332","","interacts with","0","0.461777168","","CERS4 (interacts with) RAPGEF4",,"0","0","0","1","0.52195122","0.401603117",,"false","interacts with","CERS4 (interacts with) RAPGEF4","0","Q9HA82","","Q8WZA2",""
"263.28888888888883","","interacts with","0","0.4618163","","COL1A1 (interacts with) ASIC1",,"1","0","1","1","0.52195122","0.401681381",,"false","interacts with","COL1A1 (interacts with) ASIC1","0","P02452","","P78348",""
"15.880258494774624","","interacts with","0","0.461816175","","NFKB1 (interacts with) GLYATL1",,"1","0","1","1","0.52195122","0.401681131",,"false","interacts with","NFKB1 (interacts with) GLYATL1","0","P19838","","Q969I3",""
"151.4809523809524","","interacts with","0","0.464216209","","PDE5A (interacts with) CDK5RAP2",,"0","0","0","1","0.526829268","0.40160315",,"false","interacts with","PDE5A (interacts with) CDK5RAP2","0","O76074","","Q96SN8",""
"221.33333333333331","","interacts with","0","0.464231201","","MYCN (interacts with) SFRP2",,"1","0","1","1","0.526829268","0.401633133",,"false","interacts with","MYCN (interacts with) SFRP2","0","P04198","","Q96HF1",""
"0.0","","interacts with","0","0.692131552","","MAPK14 (interacts with) MAPK14",,"1","1","1","1","0.970731707","0.413531396",,"false","interacts with","MAPK14 (interacts with) MAPK14","0","Q16539","","Q16539",""
"14.0","","interacts with","0","0.476426263","","MAPK1 (interacts with) MYT1",,"1","0","1","1","0.551219512","0.401633014",,"false","interacts with","MAPK1 (interacts with) MYT1","0","P28482","","Q01538",""
"10.538095238095236","","interacts with","0","0.476387141","","DPEP2 (interacts with) ARHGEF15",,"0","0","0","1","0.551219512","0.40155477",,"false","interacts with","DPEP2 (interacts with) ARHGEF15","0","Q9H4A9","","O94989",""
"78.6499153595677","","interacts with","0","0.476426176","","UPK1A (interacts with) COL5A3",,"0","1","1","1","0.551219512","0.401632839",,"false","interacts with","UPK1A (interacts with) COL5A3","0","O00322","","P25940",""
"12.4191343139619","","interacts with","0","0.476387286","","DPEP2 (interacts with) UPK1A",,"0","0","0","1","0.551219512","0.401555059",,"false","interacts with","DPEP2 (interacts with) UPK1A","0","Q9H4A9","","O00322",""
"95.88333333333333","","interacts with","0","0.469109266","","COL1A1 (interacts with) RBM25",,"1","0","1","1","0.536585366","0.401633166",,"false","interacts with","COL1A1 (interacts with) RBM25","0","P02452","","P49756",""
"13.487179487179485","","interacts with","0","0.464192085","","PDXDC1 (interacts with) TRIP11",,"0","0","0","1","0.526829268","0.401554902",,"false","interacts with","PDXDC1 (interacts with) TRIP11","0","Q6P996","","Q15643",""
"16.26666666666667","","interacts with","0","0.476426242","","PDCD6 (interacts with) BMP2",,"0","1","1","1","0.551219512","0.401632972",,"false","interacts with","PDCD6 (interacts with) BMP2","0","O75340","","P12643",""
"1081.7176274856379","","interacts with","0","0.561655388","","CAPG (interacts with) ST6GALNAC6",,"0","0","0","1","0.72195122","0.401359556",,"false","interacts with","CAPG (interacts with) ST6GALNAC6","0","P40121","","Q969X2",""
"15.000000000000004","","interacts with","0","0.47642626","","PRKACA (interacts with) TIGD4",,"1","0","1","1","0.551219512","0.401633008",,"false","interacts with","PRKACA (interacts with) TIGD4","0","P17612","","Q8IY51",""
"3.833333333333333","","interacts with","0","0.461777068","","FGD5 (interacts with) STON1",,"0","0","0","1","0.52195122","0.401602916",,"false","interacts with","FGD5 (interacts with) STON1","0","Q6ZNL6","","Q9Y6Q2",""
"53.03636363636364","","interacts with","0","0.464231212","","MSI1 (interacts with) TRAF6",,"0","1","1","1","0.526829268","0.401633157",,"false","interacts with","MSI1 (interacts with) TRAF6","0","O43347","","Q9Y4K3",""
"6.519047619047619","","interacts with","0","0.464192241","","MCAM (interacts with) TNMD",,"0","0","0","1","0.526829268","0.401555214",,"false","interacts with","MCAM (interacts with) TNMD","0","P43121","","Q9H2S6",""
"35.66239529355694","","interacts with","0","0.461777098","","DPEP2 (interacts with) CROCC2",,"0","0","0","1","0.52195122","0.401602976",,"false","interacts with","DPEP2 (interacts with) CROCC2","0","Q9H4A9","","H7BZ55",""
"14.0","","interacts with","0","0.464231212","","ESR1 (interacts with) USP29",,"1","0","1","1","0.526829268","0.401633155",,"false","interacts with","ESR1 (interacts with) USP29","0","P03372","","Q9HBJ7",""
"58.39264069264072","","interacts with","0","0.469070221","","TMEM231 (interacts with) RBM25",,"0","0","0","1","0.536585366","0.401555076",,"false","interacts with","TMEM231 (interacts with) RBM25","0","Q9H6L2","","P49756",""
"20.21937854139467","","interacts with","0","0.46177707","","MCAM (interacts with) SMC1B",,"0","0","0","1","0.52195122","0.40160292",,"false","interacts with","MCAM (interacts with) SMC1B","0","P43121","","Q8NDV3",""
"66.96232920184532","","interacts with","0","0.476426179","","COL3A1 (interacts with) TNMD",,"1","0","1","1","0.551219512","0.401632845",,"false","interacts with","COL3A1 (interacts with) TNMD","0","P02461","","Q9H2S6",""
"35.62389621872381","","interacts with","0","0.461753174","","DPEP2 (interacts with) B3GAT1",,"0","0","0","1","0.52195122","0.401555128",,"false","interacts with","DPEP2 (interacts with) B3GAT1","0","Q9H4A9","","Q9P2W7",""
"6.699999999999999","","interacts with","0","0.46419221","","MCAM (interacts with) SULT1E1",,"0","0","0","1","0.526829268","0.401555151",,"false","interacts with","MCAM (interacts with) SULT1E1","0","P43121","","P49888",""
"7.022222222222223","","interacts with","0","0.464192401","","ERICH6 (interacts with) TMPPE",,"0","0","0","1","0.526829268","0.401555534",,"false","interacts with","ERICH6 (interacts with) TMPPE","0","Q7L0X2","","Q6ZT21",""
"6.952380952380952","","interacts with","0","0.464231188","","BMP7 (interacts with) NXPH1",,"1","0","1","1","0.526829268","0.401633108",,"false","interacts with","BMP7 (interacts with) NXPH1","0","P18075","","P58417",""
"17.597589219605343","","interacts with","0","0.461777028","","ERICH6 (interacts with) SMC1B",,"0","0","0","1","0.52195122","0.401602836",,"false","interacts with","ERICH6 (interacts with) SMC1B","0","Q7L0X2","","Q8NDV3",""
"639.5204097748168","","interacts with","0","0.464231235","","BCL2 (interacts with) TARDBP",,"1","0","1","1","0.526829268","0.401633202",,"false","interacts with","BCL2 (interacts with) TARDBP","0","P10415","","Q13148",""
"10.833333333333336","","interacts with","0","0.476426319","","LIG1 (interacts with) TRIP11",,"0","0","0","1","0.551219512","0.401633126",,"false","interacts with","LIG1 (interacts with) TRIP11","0","P18858","","Q15643",""
"7.991666666666666","","interacts with","0","0.476387222","","ERICH6 (interacts with) ZNF772",,"0","0","0","1","0.551219512","0.401554932",,"false","interacts with","ERICH6 (interacts with) ZNF772","0","Q7L0X2","","Q68DY9",""
"41.4582290303742","","interacts with","0","0.47642618","","COL5A2 (interacts with) RCN1",,"1","0","1","1","0.551219512","0.401632848",,"false","interacts with","COL5A2 (interacts with) RCN1","0","P05997","","Q15293",""
"6.9","","interacts with","0","0.461752941","","ERICH6 (interacts with) IQCM",,"0","0","0","1","0.52195122","0.401554662",,"false","interacts with","ERICH6 (interacts with) IQCM","0","Q7L0X2","","A0A1B0GVH7",""
"4.285714285714286","","interacts with","0","0.464231202","","LIG1 (interacts with) SNX33",,"0","0","0","1","0.526829268","0.401633135",,"false","interacts with","LIG1 (interacts with) SNX33","0","P18858","","Q8WV41",""
"6.9325757575757585","","interacts with","0","0.47638707","","ERICH6 (interacts with) SULT1E1",,"0","0","0","1","0.551219512","0.401554628",,"false","interacts with","ERICH6 (interacts with) SULT1E1","0","Q7L0X2","","P49888",""
"73.26007326007327","","interacts with","0","0.476426356","","OR52K2 (interacts with) TRAF6",,"0","1","1","1","0.551219512","0.4016332",,"false","interacts with","OR52K2 (interacts with) TRAF6","0","Q8NGK3","","Q9Y4K3",""
"2175.509968935408","","interacts with","0","0.561669799","","HNRNPDL (interacts with) TARDBP",,"0","0","0","1","0.72195122","0.401388379",,"false","interacts with","HNRNPDL (interacts with) TARDBP","0","O14979","","Q13148",""
"159.78383838383843","","interacts with","0","0.476426211","","COL5A3 (interacts with) PRAMEF19",,"1","0","1","1","0.551219512","0.40163291",,"false","interacts with","COL5A3 (interacts with) PRAMEF19","0","P25940","","Q5SWL8",""
"6.166666666666666","","interacts with","0","0.461753912","","ERICH6 (interacts with) MCAM",,"0","0","0","1","0.52195122","0.401556604",,"false","interacts with","ERICH6 (interacts with) MCAM","0","Q7L0X2","","P43121",""
"26.053719715894005","","interacts with","0","0.476426269","","MAPK14 (interacts with) IMMT",,"1","0","1","1","0.551219512","0.401633026",,"false","interacts with","MAPK14 (interacts with) IMMT","0","Q16539","","Q16891",""
"36.94729749347811","","interacts with","0","0.464216167","","RASGEF1A (interacts with) BDP1",,"0","0","0","1","0.526829268","0.401603065",,"false","interacts with","RASGEF1A (interacts with) BDP1","0","Q8N9B8","","A6H8Y1",""
"10.643290043290042","","interacts with","0","0.476387099","","ERICH6 (interacts with) TNMD",,"0","0","0","1","0.551219512","0.401554686",,"false","interacts with","ERICH6 (interacts with) TNMD","0","Q7L0X2","","Q9H2S6",""
"72.17652219484802","","interacts with","0","0.461777128","","RASGEF1A (interacts with) BOD1L1",,"0","0","0","1","0.52195122","0.401603036",,"false","interacts with","RASGEF1A (interacts with) BOD1L1","0","Q8N9B8","","Q8NFC6",""
"11.323809523809523","","interacts with","0","0.47642627","","MYCL (interacts with) CCDC150",,"1","0","1","1","0.551219512","0.401633028",,"false","interacts with","MYCL (interacts with) CCDC150","0","P12524","","Q8NCX0",""
"13.354545454545455","","interacts with","0","0.476387118","","ERICH6 (interacts with) AMZ2",,"0","0","0","1","0.551219512","0.401554723",,"false","interacts with","ERICH6 (interacts with) AMZ2","0","Q7L0X2","","Q86W34",""
"8.053968253968254","","interacts with","0","0.464192133","","ERICH6 (interacts with) ARHGAP44",,"0","0","0","1","0.526829268","0.401554999",,"false","interacts with","ERICH6 (interacts with) ARHGAP44","0","Q7L0X2","","Q17R89",""
"10.240476190476187","","interacts with","0","0.464231161","","RCN1 (interacts with) AHRR",,"0","0","0","1","0.526829268","0.401633053",,"false","interacts with","RCN1 (interacts with) AHRR","0","Q15293","","A9YTQ3",""
"92.99572862689024","","interacts with","0","0.476426322","","DLAT (interacts with) COL5A3",,"0","1","1","1","0.551219512","0.401633131",,"false","interacts with","DLAT (interacts with) COL5A3","0","P10515","","P25940",""
"8.342857142857143","","interacts with","0","0.476387047","","ARHGAP30 (interacts with) PWWP3A",,"0","0","0","1","0.551219512","0.401554582",,"false","interacts with","ARHGAP30 (interacts with) PWWP3A","0","Q7Z6I6","","Q2TAK8",""
"9.10067155067155","","interacts with","0","0.464231166","","RCN1 (interacts with) MYLK3",,"0","0","0","1","0.526829268","0.401633064",,"false","interacts with","RCN1 (interacts with) MYLK3","0","Q15293","","Q32MK0",""
"45.35043682258197","","interacts with","0","0.476426264","","COL5A2 (interacts with) MAPK1IP1L",,"1","0","1","1","0.551219512","0.401633015",,"false","interacts with","COL5A2 (interacts with) MAPK1IP1L","0","P05997","","Q8NDC0",""
"8.0","","interacts with","0","0.464231203","","B9D1 (interacts with) PKLR",,"0","0","0","1","0.526829268","0.401633138",,"false","interacts with","B9D1 (interacts with) PKLR","0","Q9UPM9","","P30613",""
"89.15194354107204","","interacts with","0","0.564067823","","FAM83H (interacts with) NOP9",,"0","0","0","1","0.726829268","0.401306378",,"false","interacts with","FAM83H (interacts with) NOP9","0","Q6ZRV2","","Q86U38",""
"50.48680045894564","","interacts with","0","0.476426218","","TNFRSF11B (interacts with) COL5A2",,"0","1","1","1","0.551219512","0.401632924",,"false","interacts with","TNFRSF11B (interacts with) COL5A2","0","O00300","","P05997",""
"7.804761904761905","","interacts with","0","0.476387182","","SAMD11 (interacts with) IGHV7-81",,"0","0","0","1","0.551219512","0.401554851",,"false","interacts with","SAMD11 (interacts with) IGHV7-81","0","Q96NU1","","A0A0B4J1V7",""
"15.461538461538462","taxid:9606(Homo sapiens)","interacts with","1","0.564068304","""psi-mi:""""MI:0007""""(anti tag coimmunoprecipitation)""","FAM83H (interacts with) UNC45A","2","0","0","0","1","0.726829268","0.401307339",,"false","interacts with","FAM83H (interacts with) UNC45A","0","Q6ZRV2","Q6ZRV2","Q9H3U1","Q9H3U1"
"136.4715423465424","","interacts with","0","0.476426356","","MYCN (interacts with) PRXL2A",,"1","0","1","1","0.551219512","0.4016332",,"false","interacts with","MYCN (interacts with) PRXL2A","0","P04198","","Q9BRX8",""
"5.752380952380953","","interacts with","0","0.476387104","","SAMD11 (interacts with) APOBEC3A",,"0","0","0","1","0.551219512","0.401554695",,"false","interacts with","SAMD11 (interacts with) APOBEC3A","0","Q96NU1","","P31941",""
"7.91590909090909","","interacts with","0","0.476387192","","ERICH6 (interacts with) GLYATL1",,"0","0","0","1","0.551219512","0.401554871",,"false","interacts with","ERICH6 (interacts with) GLYATL1","0","Q7L0X2","","Q969I3",""
"0.0","","interacts with","0","0.472835082","","ESR1 (interacts with) ESR1",,"1","1","1","1","0.536585366","0.409084799",,"false","interacts with","ESR1 (interacts with) ESR1","0","P03372","","P03372",""
"31.496503842684444","","interacts with","0","0.464255273","","RCN1 (interacts with) BDP1",,"0","0","0","1","0.526829268","0.401681277",,"false","interacts with","RCN1 (interacts with) BDP1","0","Q15293","","A6H8Y1",""
"7.066666666666666","","interacts with","0","0.476387302","","ERICH6 (interacts with) PDE7A",,"0","0","0","1","0.551219512","0.401555092",,"false","interacts with","ERICH6 (interacts with) PDE7A","0","Q7L0X2","","Q13946",""
"71.48604600437177","","interacts with","0","0.464255262","","RCN1 (interacts with) BOD1L1",,"0","0","0","1","0.526829268","0.401681255",,"false","interacts with","RCN1 (interacts with) BOD1L1","0","Q15293","","Q8NFC6",""
"11.416666666666666","","interacts with","0","0.476426335","","TRBV10-3 (interacts with) SPP1",,"0","1","1","1","0.551219512","0.401633158",,"false","interacts with","TRBV10-3 (interacts with) SPP1","0","A0A0K0K1G6","","P10451",""
"52.76904761904765","","interacts with","0","0.476387526","","ARHGAP30 (interacts with) CASKIN2",,"0","0","0","1","0.551219512","0.401555541",,"false","interacts with","ARHGAP30 (interacts with) CASKIN2","0","Q7Z6I6","","Q8WXE0",""
"109.22380952380955","","interacts with","0","0.464216076","","ARHGAP30 (interacts with) CDK5RAP2",,"0","0","0","1","0.526829268","0.401602884",,"false","interacts with","ARHGAP30 (interacts with) CDK5RAP2","0","Q7Z6I6","","Q96SN8",""
"56.0","","interacts with","0","0.476426237","","UNCX (interacts with) SOST",,"0","1","1","1","0.551219512","0.401632961",,"false","interacts with","UNCX (interacts with) SOST","0","A6NJT0","","Q9BQB4",""
"6.619047619047619","","interacts with","0","0.461752903","","MED15 (interacts with) ZNF48",,"0","0","0","1","0.52195122","0.401554586",,"false","interacts with","MED15 (interacts with) ZNF48","0","Q96RN5","","Q96MX3",""
"42.469484441629604","","interacts with","0","0.476426203","","COL5A2 (interacts with) THRB",,"1","0","1","1","0.551219512","0.401632895",,"false","interacts with","COL5A2 (interacts with) THRB","0","P05997","","P10828",""
"4.5","","interacts with","0","0.464192404","","RCN1 (interacts with) CYP26B1",,"0","0","0","1","0.526829268","0.401555541",,"false","interacts with","RCN1 (interacts with) CYP26B1","0","Q15293","","Q9NR63",""
"4.233333333333333","","interacts with","0","0.476387178","","ARHGAP30 (interacts with) TSPYL2",,"0","0","0","1","0.551219512","0.401554844",,"false","interacts with","ARHGAP30 (interacts with) TSPYL2","0","Q7Z6I6","","Q9H2G4",""
"7.133333333333333","","interacts with","0","0.47638737","","NEIL3 (interacts with) KCNK18",,"0","0","0","1","0.551219512","0.401555228",,"false","interacts with","NEIL3 (interacts with) KCNK18","0","Q8TAT5","","Q7Z418",""
"36.0","","interacts with","0","0.461816185","","CLUH (interacts with) PTGS1",,"0","1","1","1","0.52195122","0.40168115",,"false","interacts with","CLUH (interacts with) PTGS1","0","O75153","","P23219",""
"14.590231990231986","","interacts with","0","0.476426246","","SLC2A11 (interacts with) TELO2",,"0","0","0","1","0.551219512","0.401632981",,"false","interacts with","SLC2A11 (interacts with) TELO2","0","Q9BYW1","","Q9Y4R8",""
"229.00597180597177","","interacts with","0","0.476426351","","AKR7A3 (interacts with) COL1A1",,"0","1","1","1","0.551219512","0.40163319",,"false","interacts with","AKR7A3 (interacts with) COL1A1","0","O95154","","P02452",""
"10.78956043956044","","interacts with","0","0.476387055","","PDCD6 (interacts with) RRBP1",,"0","0","0","1","0.551219512","0.401554598",,"false","interacts with","PDCD6 (interacts with) RRBP1","0","O75340","","Q9P2E9",""
"78.43161704586743","","interacts with","0","0.464255316","","B3GNT3 (interacts with) BOD1L1",,"0","0","0","1","0.526829268","0.401681364",,"false","interacts with","B3GNT3 (interacts with) BOD1L1","0","Q9Y2A9","","Q8NFC6",""
"23.96024525005337","","interacts with","0","0.476426281","","NFKB1 (interacts with) MED1",,"1","0","1","1","0.551219512","0.40163305",,"false","interacts with","NFKB1 (interacts with) MED1","0","P19838","","Q15648",""
"107.10740557739504","","interacts with","0","0.476426154","","SCO1 (interacts with) COL5A2",,"0","1","1","1","0.551219512","0.401632795",,"false","interacts with","SCO1 (interacts with) COL5A2","0","O75880","","P05997",""
"39.42507527125589","","interacts with","0","0.464255243","","NPY4R (interacts with) BDP1",,"0","0","0","1","0.526829268","0.401681218",,"false","interacts with","NPY4R (interacts with) BDP1","0","P50391","","A6H8Y1",""
"51.333333333333336","","interacts with","0","0.464231226","","BCL2 (interacts with) GCKR",,"1","0","1","1","0.526829268","0.401633185",,"false","interacts with","BCL2 (interacts with) GCKR","0","P10415","","Q14397",""
"251.4890820999538","","interacts with","0","0.571403271","","FAM83H (interacts with) BOD1L1",,"0","0","0","1","0.741463415","0.401343128",,"false","interacts with","FAM83H (interacts with) BOD1L1","0","Q6ZRV2","","Q8NFC6",""
"5.704761904761906","","interacts with","0","0.476387086","","SAMD11 (interacts with) TMEM61",,"0","0","0","1","0.551219512","0.40155466",,"false","interacts with","SAMD11 (interacts with) TMEM61","0","Q96NU1","","Q8N0U2",""
"104.0","","interacts with","0","0.464231251","","COX6B2 (interacts with) SOST",,"0","1","1","1","0.526829268","0.401633235",,"false","interacts with","COX6B2 (interacts with) SOST","0","Q6YFQ2","","Q9BQB4",""
"10.785714285714286","","interacts with","0","0.46177713","","SAMD11 (interacts with) CCDC7",,"0","0","0","1","0.52195122","0.401603041",,"false","interacts with","SAMD11 (interacts with) CCDC7","0","Q96NU1","","Q96M83",""
"122.18067106806235","","interacts with","0","0.461816301","","COL5A3 (interacts with) NIBAN1",,"1","0","1","1","0.52195122","0.401681383",,"false","interacts with","COL5A3 (interacts with) NIBAN1","0","P25940","","Q9BZQ8",""
"5.504761904761905","","interacts with","0","0.4763871","","SAMD11 (interacts with) TRGV5",,"0","0","0","1","0.551219512","0.401554687",,"false","interacts with","SAMD11 (interacts with) TRGV5","0","Q96NU1","","A0A0B4J1U4",""
"8.4","","interacts with","0","0.476387164","","NEIL3 (interacts with) DCDC2C",,"0","0","0","1","0.551219512","0.401554816",,"false","interacts with","NEIL3 (interacts with) DCDC2C","0","Q8TAT5","","A8MYV0",""
"84.61512654012655","","interacts with","0","0.476387421","","TRAV6 (interacts with) FAM117B",,"0","0","0","1","0.551219512","0.40155533",,"false","interacts with","TRAV6 (interacts with) FAM117B","0","A0A075B6T7","","Q6P1L5",""
"28.0","","interacts with","0","0.476426283","","BGLAP (interacts with) DDI2",,"1","0","1","1","0.551219512","0.401633053",,"false","interacts with","BGLAP (interacts with) DDI2","0","P02818","","Q5TDH0",""
"7.333333333333334","","interacts with","0","0.461753067","","SLC2A11 (interacts with) RGR",,"0","0","0","1","0.52195122","0.401554914",,"false","interacts with","SLC2A11 (interacts with) RGR","0","Q9BYW1","","P47804",""
"203.0511155511155","","interacts with","0","0.476426318","","MYCN (interacts with) C11orf40",,"1","0","1","1","0.551219512","0.401633124",,"false","interacts with","MYCN (interacts with) C11orf40","0","P04198","","Q8WZ69",""
"8.017532467532467","","interacts with","0","0.469109213","","AICDA (interacts with) NBPF6",,"0","0","0","1","0.536585366","0.40163306",,"false","interacts with","AICDA (interacts with) NBPF6","0","Q9GZX7","","Q5VWK0",""
"11.872893772893773","","interacts with","0","0.461777104","","PDCD6 (interacts with) CCDC7",,"0","0","0","1","0.52195122","0.401602988",,"false","interacts with","PDCD6 (interacts with) CCDC7","0","O75340","","Q96M83",""
"42.68571428571429","","interacts with","0","0.464231146","","TP53 (interacts with) PKLR",,"1","0","1","1","0.526829268","0.401633025",,"false","interacts with","TP53 (interacts with) PKLR","0","P04637","","P30613",""
"8.84047619047619","","interacts with","0","0.461792166","","AICDA (interacts with) UBA2",,"0","0","0","1","0.52195122","0.401633112",,"false","interacts with","AICDA (interacts with) UBA2","0","Q9GZX7","","Q9UBT2",""
"108.0","","interacts with","0","0.476426266","","SOST (interacts with) HEYL",,"1","0","1","1","0.551219512","0.40163302",,"false","interacts with","SOST (interacts with) HEYL","0","Q9BQB4","","Q9NQ87",""
"14.06190476190476","","interacts with","0","0.476387116","","AICDA (interacts with) AHRR",,"0","0","0","1","0.551219512","0.40155472",,"false","interacts with","AICDA (interacts with) AHRR","0","Q9GZX7","","A9YTQ3",""
"15.166666666666666","","interacts with","0","0.476426242","","VTN (interacts with) SEC23B",,"1","0","1","1","0.551219512","0.401632973",,"false","interacts with","VTN (interacts with) SEC23B","0","P04004","","Q15437",""
"5.687179487179488","","interacts with","0","0.461753032","","AICDA (interacts with) ST8SIA4",,"0","0","0","1","0.52195122","0.401554844",,"false","interacts with","AICDA (interacts with) ST8SIA4","0","Q9GZX7","","Q92187",""
"13.742182623577973","","interacts with","0","0.476426263","","RGL2 (interacts with) CNR2",,"0","1","1","1","0.551219512","0.401633014",,"false","interacts with","RGL2 (interacts with) CNR2","0","O15211","","P34972",""
"75.20985552818134","","interacts with","0","0.464255226","","NPY4R (interacts with) BOD1L1",,"0","0","0","1","0.526829268","0.401681184",,"false","interacts with","NPY4R (interacts with) BOD1L1","0","P50391","","Q8NFC6",""
"9.799999999999999","","interacts with","0","0.476387127","","PDCD6 (interacts with) FAM161B",,"0","0","0","1","0.551219512","0.401554742",,"false","interacts with","PDCD6 (interacts with) FAM161B","0","O75340","","Q96MY7",""
"113.65866677706495","","interacts with","0","0.47642616","","COL5A3 (interacts with) PRSS8",,"1","0","1","1","0.551219512","0.401632807",,"false","interacts with","COL5A3 (interacts with) PRSS8","0","P25940","","Q16651",""
"10.54444444444444","","interacts with","0","0.476426407","","NPY4R (interacts with) MYLK3",,"0","0","0","1","0.551219512","0.401633302",,"false","interacts with","NPY4R (interacts with) MYLK3","0","P50391","","Q32MK0",""
"6.985714285714287","","interacts with","0","0.476387166","","PDCD6 (interacts with) SAMD11",,"0","0","0","1","0.551219512","0.401554819",,"false","interacts with","PDCD6 (interacts with) SAMD11","0","O75340","","Q96NU1",""
"29.44734454787298","","interacts with","0","0.464255338","","AICDA (interacts with) BDP1",,"0","0","0","1","0.526829268","0.401681408",,"false","interacts with","AICDA (interacts with) BDP1","0","Q9GZX7","","A6H8Y1",""
"290.0","","interacts with","0","0.476426288","","COL1A1 (interacts with) NDUFAF5",,"1","0","1","1","0.551219512","0.401633064",,"false","interacts with","COL1A1 (interacts with) NDUFAF5","0","P02452","","Q5TEU4",""
"66.8632810881286","","interacts with","0","0.464255214","","AICDA (interacts with) BOD1L1",,"0","0","0","1","0.526829268","0.40168116",,"false","interacts with","AICDA (interacts with) BOD1L1","0","Q9GZX7","","Q8NFC6",""
"44.96666666666667","","interacts with","0","0.476426296","","COL1A2 (interacts with) SLC25A3",,"1","0","1","1","0.551219512","0.40163308",,"false","interacts with","COL1A2 (interacts with) SLC25A3","0","P08123","","Q00325",""
"7.499999999999999","","interacts with","0","0.461792138","","AICDA (interacts with) TCP11X2",,"0","0","0","1","0.52195122","0.401633056",,"false","interacts with","AICDA (interacts with) TCP11X2","0","Q9GZX7","","Q5H9J9",""
"7.56904761904762","","interacts with","0","0.47638729","","PDCD6 (interacts with) GOLGA6B",,"0","0","0","1","0.551219512","0.401555067",,"false","interacts with","PDCD6 (interacts with) GOLGA6B","0","O75340","","A6NDN3",""
"42.66666666666667","","interacts with","0","0.476426283","","TNFSF11 (interacts with) KRT39",,"1","0","1","1","0.551219512","0.401633054",,"false","interacts with","TNFSF11 (interacts with) KRT39","0","O14788","","Q6A163",""
"6.376190476190476","","interacts with","0","0.476387254","","ARHGAP44 (interacts with) TMPPE",,"0","0","0","1","0.551219512","0.401554997",,"false","interacts with","ARHGAP44 (interacts with) TMPPE","0","Q17R89","","Q6ZT21",""
"8.475108225108226","","interacts with","0","0.476387402","","OR12D2 (interacts with) NRG1",,"0","0","0","1","0.551219512","0.401555291",,"false","interacts with","OR12D2 (interacts with) NRG1","0","P58182","","Q02297",""
"53.77251474465994","","interacts with","0","0.476426232","","COL5A2 (interacts with) SLC25A30",,"1","0","1","1","0.551219512","0.401632951",,"false","interacts with","COL5A2 (interacts with) SLC25A30","0","P05997","","Q5SVS4",""
"8.72063492063492","","interacts with","0","0.476387266","","ARHGAP44 (interacts with) OTUD5",,"0","0","0","1","0.551219512","0.40155502",,"false","interacts with","ARHGAP44 (interacts with) OTUD5","0","Q17R89","","Q96G74",""
"11.895359563236799","","interacts with","0","0.464231399","","OR12D2 (interacts with) ZNF319",,"0","0","0","1","0.526829268","0.40163353",,"false","interacts with","OR12D2 (interacts with) ZNF319","0","P58182","","Q9P2F9",""
"9.306267104542968","","interacts with","0","0.476387183","","ARHGAP44 (interacts with) ZNF772",,"0","0","0","1","0.551219512","0.401554854",,"false","interacts with","ARHGAP44 (interacts with) ZNF772","0","Q17R89","","Q68DY9",""
"54.0","","interacts with","0","0.476426304","","TNFSF11 (interacts with) SOX13",,"1","0","1","1","0.551219512","0.401633096",,"false","interacts with","TNFSF11 (interacts with) SOX13","0","O14788","","Q9UN79",""
"19.522244992012116","","interacts with","0","0.47638719","","OR12D2 (interacts with) FILIP1",,"0","0","0","1","0.551219512","0.401554868",,"false","interacts with","OR12D2 (interacts with) FILIP1","0","P58182","","Q7Z7B0",""
"7.153968253968255","","interacts with","0","0.464192213","","ARHGAP44 (interacts with) ZNF221",,"0","0","0","1","0.526829268","0.401555158",,"false","interacts with","ARHGAP44 (interacts with) ZNF221","0","Q17R89","","Q9UK13",""
"6.333333333333333","","interacts with","0","0.461792948","","OR12D2 (interacts with) ZNF547",,"0","0","0","1","0.52195122","0.401634676",,"false","interacts with","OR12D2 (interacts with) ZNF547","0","P58182","","Q8IVP9",""
"108.0","","interacts with","0","0.476426187","","MEX3D (interacts with) SOST",,"0","1","1","1","0.551219512","0.401632862",,"false","interacts with","MEX3D (interacts with) SOST","0","Q86XN8","","Q9BQB4",""
"12.50180749325394","","interacts with","0","0.461777043","","ARHGAP44 (interacts with) MED1",,"0","0","0","1","0.52195122","0.401602867",,"false","interacts with","ARHGAP44 (interacts with) MED1","0","Q17R89","","Q15648",""
"10.487874990506567","","interacts with","0","0.476387389","","OR12D2 (interacts with) SAMD15",,"0","0","0","1","0.551219512","0.401555267",,"false","interacts with","OR12D2 (interacts with) SAMD15","0","P58182","","Q9P1V8",""
"7.135714285714285","","interacts with","0","0.476387069","","DDX52 (interacts with) TRAV12-3",,"0","0","0","1","0.551219512","0.401554626",,"false","interacts with","DDX52 (interacts with) TRAV12-3","0","Q9Y2R4","","A0A0B4J271",""
"6.085714285714285","","interacts with","0","0.469070165","","DDX52 (interacts with) RBMX2",,"0","0","0","1","0.536585366","0.401554964",,"false","interacts with","DDX52 (interacts with) RBMX2","0","Q9Y2R4","","Q9Y388",""
"138.84733773472902","","interacts with","0","0.464255254","","COL5A3 (interacts with) HLCS",,"1","0","1","1","0.526829268","0.401681239",,"false","interacts with","COL5A3 (interacts with) HLCS","0","P25940","","P50747",""
"2.0","","interacts with","0","0.476387191","","ZNF716 (interacts with) ZNF382",,"0","0","0","1","0.551219512","0.401554869",,"false","interacts with","ZNF716 (interacts with) ZNF382","0","A6NP11","","Q96SR6",""
"7.057936507936509","","interacts with","0","0.476387359","","DDX52 (interacts with) SGCA",,"0","0","0","1","0.551219512","0.401555206",,"false","interacts with","DDX52 (interacts with) SGCA","0","Q9Y2R4","","Q16586",""
"68.0","","interacts with","0","0.476426463","","RELA (interacts with) OR10G6",,"1","0","1","1","0.551219512","0.401633413",,"false","interacts with","RELA (interacts with) OR10G6","0","Q04206","","Q8NH81",""
"3.0","","interacts with","0","0.469070667","","IGHV7-81 (interacts with) TMEM61",,"0","0","0","1","0.536585366","0.401555968",,"false","interacts with","IGHV7-81 (interacts with) TMEM61","0","A0A0B4J1V7","","Q8N0U2",""
"6.8999999999999995","","interacts with","0","0.476387347","","MED15 (interacts with) TMCO6",,"0","0","0","1","0.551219512","0.401555182",,"false","interacts with","MED15 (interacts with) TMCO6","0","Q96RN5","","Q96DC7",""
"5.716666666666666","","interacts with","0","0.476387139","","IGHV7-81 (interacts with) GOLGA6B",,"0","0","0","1","0.551219512","0.401554765",,"false","interacts with","IGHV7-81 (interacts with) GOLGA6B","0","A0A0B4J1V7","","A6NDN3",""
"81.0","","interacts with","0","0.476426207","","COL1A2 (interacts with) ACP6",,"1","0","1","1","0.551219512","0.401632902",,"false","interacts with","COL1A2 (interacts with) ACP6","0","P08123","","Q9NPH0",""
"10.774603174603174","","interacts with","0","0.464192147","","DDX52 (interacts with) SMIM26",,"0","0","0","1","0.526829268","0.401555026",,"false","interacts with","DDX52 (interacts with) SMIM26","0","Q9Y2R4","","A0A096LP01",""
"4.5","","interacts with","0","0.476387304","","IGHV7-81 (interacts with) IZUMO1",,"0","0","0","1","0.551219512","0.401555096",,"false","interacts with","IGHV7-81 (interacts with) IZUMO1","0","A0A0B4J1V7","","Q8IYV9",""
"5.6190476190476195","","interacts with","0","0.47638724","","DDX52 (interacts with) UBXN11",,"0","0","0","1","0.551219512","0.401554967",,"false","interacts with","DDX52 (interacts with) UBXN11","0","Q9Y2R4","","Q5T124",""
"12.75","","interacts with","0","0.476426216","","SPP1 (interacts with) PABPC1L2B",,"1","0","1","1","0.551219512","0.401632921",,"false","interacts with","SPP1 (interacts with) PABPC1L2B","0","P10451","","Q5JQF8",""
"8.453968253968254","","interacts with","0","0.47638714","","ARHGAP44 (interacts with) PDE7A",,"0","0","0","1","0.551219512","0.401554767",,"false","interacts with","ARHGAP44 (interacts with) PDE7A","0","Q17R89","","Q13946",""
"5.855555555555555","","interacts with","0","0.476388296","","TMPPE (interacts with) OTUD5",,"0","0","0","1","0.551219512","0.401557079",,"false","interacts with","TMPPE (interacts with) OTUD5","0","Q6ZT21","","Q96G74",""
"13.000000000000002","","interacts with","0","0.476426227","","MAPK14 (interacts with) PRDM8",,"1","0","1","1","0.551219512","0.401632941",,"false","interacts with","MAPK14 (interacts with) PRDM8","0","Q16539","","Q9NQV8",""
"17.008443266991648","","interacts with","0","0.464216083","","TMPPE (interacts with) SMC1B",,"0","0","0","1","0.526829268","0.401602897",,"false","interacts with","TMPPE (interacts with) SMC1B","0","Q6ZT21","","Q8NDV3",""
"5.888888888888889","","interacts with","0","0.461753422","","TMPPE (interacts with) ZNF221",,"0","0","0","1","0.52195122","0.401555624",,"false","interacts with","TMPPE (interacts with) ZNF221","0","Q6ZT21","","Q9UK13",""
"60.0","","interacts with","0","0.476426233","","RELA (interacts with) C1QL2",,"1","0","1","1","0.551219512","0.401632954",,"false","interacts with","RELA (interacts with) C1QL2","0","Q04206","","Q7Z5L3",""
"14.191532202142483","","interacts with","0","0.464216119","","TMPPE (interacts with) MED1",,"0","0","0","1","0.526829268","0.40160297",,"false","interacts with","TMPPE (interacts with) MED1","0","Q6ZT21","","Q15648",""
"12.0","","interacts with","0","0.476426232","","JUN (interacts with) RPL34",,"1","0","1","1","0.551219512","0.401632951","0.043580683","false","interacts with","JUN (interacts with) RPL34","1","P05412","","P49207",""
"8.053968253968254","","interacts with","0","0.464192032","","ARHGAP44 (interacts with) IQCM",,"0","0","0","1","0.526829268","0.401554795",,"false","interacts with","ARHGAP44 (interacts with) IQCM","0","Q17R89","","A0A1B0GVH7",""
"11.597383684999782","","interacts with","0","0.464231675","","OR12D2 (interacts with) TRIM55",,"0","0","0","1","0.526829268","0.401634082",,"false","interacts with","OR12D2 (interacts with) TRIM55","0","P58182","","Q9BYV6",""
"11.434044882320741","","interacts with","0","0.476387106","","ARHGAP44 (interacts with) SULT1E1",,"0","0","0","1","0.551219512","0.401554701",,"false","interacts with","ARHGAP44 (interacts with) SULT1E1","0","Q17R89","","P49888",""
"6.935714285714285","","interacts with","0","0.476387159","","MED15 (interacts with) TRAV12-3",,"0","0","0","1","0.551219512","0.401554806",,"false","interacts with","MED15 (interacts with) TRAV12-3","0","Q96RN5","","A0A0B4J271",""
"139.03530456471626","","interacts with","0","0.464231364","","FAM86B2 (interacts with) BCL2",,"0","1","1","1","0.526829268","0.401633459",,"false","interacts with","FAM86B2 (interacts with) BCL2","0","P0C5J1","","P10415",""
"9.517378215654078","","interacts with","0","0.476387073","","ARHGAP44 (interacts with) GLYATL1",,"0","0","0","1","0.551219512","0.401554634",,"false","interacts with","ARHGAP44 (interacts with) GLYATL1","0","Q17R89","","Q969I3",""
"12.301428571428568","","interacts with","0","0.469070306","","OR12D2 (interacts with) PMS2",,"0","0","0","1","0.536585366","0.401555247",,"false","interacts with","OR12D2 (interacts with) PMS2","0","P58182","","P54278",""
"44.33333333333334","","interacts with","0","0.47642631","","TP53 (interacts with) AKAP14",,"1","0","1","1","0.551219512","0.401633108",,"false","interacts with","TP53 (interacts with) AKAP14","0","P04637","","Q86UN6",""
"4.785714285714286","","interacts with","0","0.464216217","","EPB41L3 (interacts with) KIAA1217",,"0","0","0","1","0.526829268","0.401603166",,"false","interacts with","EPB41L3 (interacts with) KIAA1217","0","Q9Y2J2","","Q5T5P2",""
"16.733333333333334","","interacts with","0","0.464231347","","SPP1 (interacts with) LACC1",,"1","0","1","1","0.526829268","0.401633425",,"false","interacts with","SPP1 (interacts with) LACC1","0","P10451","","Q8IV20",""
"11.303968253968254","","interacts with","0","0.476387145","","ARHGAP44 (interacts with) AADACL4",,"0","0","0","1","0.551219512","0.401554778",,"false","interacts with","ARHGAP44 (interacts with) AADACL4","0","Q17R89","","Q5VUY2",""
"11.333333333333334","","interacts with","0","0.464192283","","ARHGAP44 (interacts with) ZNF311",,"0","0","0","1","0.526829268","0.401555297",,"false","interacts with","ARHGAP44 (interacts with) ZNF311","0","Q17R89","","Q5JNZ3",""
"169.0529761904762","","interacts with","0","0.476426161","","BCL2 (interacts with) ZNF219",,"1","0","1","1","0.551219512","0.401632811",,"false","interacts with","BCL2 (interacts with) ZNF219","0","P10415","","Q9P2Y4",""
"5.333333333333333","","interacts with","0","0.476387371","","ZMYM5 (interacts with) RIOX2",,"0","0","0","1","0.551219512","0.40155523",,"false","interacts with","ZMYM5 (interacts with) RIOX2","0","Q9UJ78","","Q8IUF8",""
"78.24845987345994","","interacts with","0","0.464192383","","FAM117B (interacts with) TRAV12-1",,"0","0","0","1","0.526829268","0.401555498",,"false","interacts with","FAM117B (interacts with) TRAV12-1","0","Q6P1L5","","A0A0B4J245",""
"43.66666666666668","","interacts with","0","0.476426255","","TNFSF11 (interacts with) HRC",,"1","0","1","1","0.551219512","0.401632998",,"false","interacts with","TNFSF11 (interacts with) HRC","0","O14788","","P23327",""
"1767.1042156544734","","interacts with","0","0.617726794","","FAM117B (interacts with) TARDBP",,"0","0","0","1","0.834146341","0.401307246",,"false","interacts with","FAM117B (interacts with) TARDBP","0","Q6P1L5","","Q13148",""
"5.1190476190476195","","interacts with","0","0.464192115","","ZMYM5 (interacts with) NXPH1",,"0","0","0","1","0.526829268","0.401554961",,"false","interacts with","ZMYM5 (interacts with) NXPH1","0","Q9UJ78","","P58417",""
"181.78682983682978","","interacts with","0","0.476426307","","MYCN (interacts with) ARPIN",,"1","0","1","1","0.551219512","0.401633101",,"false","interacts with","MYCN (interacts with) ARPIN","0","P04198","","Q7Z6K5",""
"9.923809523809524","","interacts with","0","0.476426267","","ZMYM5 (interacts with) IL16",,"0","0","0","1","0.551219512","0.401633021",,"false","interacts with","ZMYM5 (interacts with) IL16","0","Q9UJ78","","Q14005",""
"87.58000333000334","","interacts with","0","0.46419233","","FAM117B (interacts with) SMIM44",,"0","0","0","1","0.526829268","0.401555391",,"false","interacts with","FAM117B (interacts with) SMIM44","0","Q6P1L5","","A0A286YF18",""
"6.022222222222221","","interacts with","0","0.469070346","","ATMIN (interacts with) SGCA",,"0","0","0","1","0.536585366","0.401555325",,"false","interacts with","ATMIN (interacts with) SGCA","0","O43313","","Q16586",""
"30.0","","interacts with","0","0.46423117","","BGLAP (interacts with) C18orf21",,"1","0","1","1","0.526829268","0.401633073",,"false","interacts with","BGLAP (interacts with) C18orf21","0","P02818","","Q32NC0",""
"4.0","","interacts with","0","0.469070191","","TAOK3 (interacts with) BMP2K",,"0","0","0","1","0.536585366","0.401555017",,"false","interacts with","TAOK3 (interacts with) BMP2K","0","Q9H2K8","","Q9NSY1",""
"6.985632183908045","","interacts with","0","0.461753505","","TMPPE (interacts with) SULT1E1",,"0","0","0","1","0.52195122","0.401555791",,"false","interacts with","TMPPE (interacts with) SULT1E1","0","Q6ZT21","","P49888",""
"7.085714285714285","","interacts with","0","0.469070021","","MED15 (interacts with) RBMX2",,"0","0","0","1","0.536585366","0.401554675",,"false","interacts with","MED15 (interacts with) RBMX2","0","Q96RN5","","Q9Y388",""
"9.31896551724138","","interacts with","0","0.461753448","","TMPPE (interacts with) GLYATL1",,"0","0","0","1","0.52195122","0.401555677",,"false","interacts with","TMPPE (interacts with) GLYATL1","0","Q6ZT21","","Q969I3",""
"6.916666666666667","","interacts with","0","0.476426167","","AKT1 (interacts with) RNASEL",,"1","0","1","1","0.551219512","0.401632822",,"false","interacts with","AKT1 (interacts with) RNASEL","0","P31749","","Q05823",""
"6.352380952380952","","interacts with","0","0.476387259","","MED15 (interacts with) TMEM41A",,"0","0","0","1","0.551219512","0.401555006",,"false","interacts with","MED15 (interacts with) TMEM41A","0","Q96RN5","","Q96HV5",""
"4.4714285714285715","","interacts with","0","0.461753199","","ZMYM5 (interacts with) SYT9",,"0","0","0","1","0.52195122","0.401555178",,"false","interacts with","ZMYM5 (interacts with) SYT9","0","Q9UJ78","","Q86SS6",""
"4.8047619047619055","","interacts with","0","0.476387047","","ZMYM5 (interacts with) ASXL2",,"0","0","0","1","0.551219512","0.401554582",,"false","interacts with","ZMYM5 (interacts with) ASXL2","0","Q9UJ78","","Q76L83",""
"45.271428571428594","","interacts with","0","0.476426285","","MAGEB17 (interacts with) TRAF6",,"0","1","1","1","0.551219512","0.401633059",,"false","interacts with","MAGEB17 (interacts with) TRAF6","0","A8MXT2","","Q9Y4K3",""
"8.4","","interacts with","0","0.464192073","","SOCS2 (interacts with) KIF22",,"0","0","0","1","0.526829268","0.401554879",,"false","interacts with","SOCS2 (interacts with) KIF22","0","O14508","","Q14807",""
"122.45245803618434","","interacts with","0","0.47642622","","TRIM37 (interacts with) CTSK",,"0","1","1","1","0.551219512","0.401632928",,"false","interacts with","TRIM37 (interacts with) CTSK","0","O94972","","P43235",""
"13.069913419913421","","interacts with","0","0.476387189","","SOCS2 (interacts with) ATXN7L1",,"0","0","0","1","0.551219512","0.401554866",,"false","interacts with","SOCS2 (interacts with) ATXN7L1","0","O14508","","Q9ULK2",""
"38.00000000000001","","interacts with","0","0.476426251","","PSMD12 (interacts with) COL1A2",,"0","1","1","1","0.551219512","0.40163299",,"false","interacts with","PSMD12 (interacts with) COL1A2","0","O00232","","P08123",""
"7.16904761904762","","interacts with","0","0.476387258","","SOCS2 (interacts with) RTF1",,"0","0","0","1","0.551219512","0.401555004",,"false","interacts with","SOCS2 (interacts with) RTF1","0","O14508","","Q92541",""
"45.52251474465991","","interacts with","0","0.476426248","","COL5A2 (interacts with) THBD",,"1","0","1","1","0.551219512","0.401632984",,"false","interacts with","COL5A2 (interacts with) THBD","0","P05997","","P07204",""
"7.269047619047619","","interacts with","0","0.464192198","","SOCS2 (interacts with) RAB11FIP2",,"0","0","0","1","0.526829268","0.401555127",,"false","interacts with","SOCS2 (interacts with) RAB11FIP2","0","O14508","","Q7L804",""
"25.0","","interacts with","0","0.476426245","","PGR (interacts with) TXNRD3",,"1","0","1","1","0.551219512","0.401632977",,"false","interacts with","PGR (interacts with) TXNRD3","0","P06401","","Q86VQ6",""
"6.857936507936508","","interacts with","0","0.469070226","","MED15 (interacts with) SGCA",,"0","0","0","1","0.536585366","0.401555086",,"false","interacts with","MED15 (interacts with) SGCA","0","Q96RN5","","Q16586",""
"10.855555555555556","","interacts with","0","0.464192194","","ATMIN (interacts with) SMIM26",,"0","0","0","1","0.526829268","0.40155512",,"false","interacts with","ATMIN (interacts with) SMIM26","0","O43313","","A0A096LP01",""
"10.24126984126984","","interacts with","0","0.476387146","","MED15 (interacts with) SMIM26",,"0","0","0","1","0.551219512","0.401554779",,"false","interacts with","MED15 (interacts with) SMIM26","0","Q96RN5","","A0A096LP01",""
"65.79999999999998","","interacts with","0","0.476426349","","COL3A1 (interacts with) LNX2",,"1","0","1","1","0.551219512","0.401633186",,"false","interacts with","COL3A1 (interacts with) LNX2","0","P02461","","Q8N448",""
"6.866666666666667","","interacts with","0","0.46419231","","ATMIN (interacts with) GTF2A1L",,"0","0","0","1","0.526829268","0.401555351",,"false","interacts with","ATMIN (interacts with) GTF2A1L","0","O43313","","Q9UNN4",""
"39.98063082681147","","interacts with","0","0.464216061","","WDR13 (interacts with) BDP1",,"0","0","0","1","0.526829268","0.401602853",,"false","interacts with","WDR13 (interacts with) BDP1","0","Q9H1Z4","","A6H8Y1",""
"45.43333333333334","","interacts with","0","0.476426293","","COL1A2 (interacts with) DDX4",,"1","0","1","1","0.551219512","0.401633073",,"false","interacts with","COL1A2 (interacts with) DDX4","0","P08123","","Q9NQI0",""
"75.37652219484795","","interacts with","0","0.461777037","","WDR13 (interacts with) BOD1L1",,"0","0","0","1","0.52195122","0.401602854",,"false","interacts with","WDR13 (interacts with) BOD1L1","0","Q9H1Z4","","Q8NFC6",""
"112.66666666666666","","interacts with","0","0.476426275","","COL5A2 (interacts with) PDSS1",,"1","0","1","1","0.551219512","0.401633038",,"false","interacts with","COL5A2 (interacts with) PDSS1","0","P05997","","Q5T2R2",""
"30.16188132685118","","interacts with","0","0.464192131","","ESRP2 (interacts with) RIN3",,"0","0","0","1","0.526829268","0.401554994",,"false","interacts with","ESRP2 (interacts with) RIN3","0","Q9H6T0","","Q8TB24",""
"40.73333333333334","","interacts with","0","0.464231156","","TMEM200C (interacts with) TP53",,"0","1","1","1","0.526829268","0.401633043",,"false","interacts with","TMEM200C (interacts with) TP53","0","A6NKL6","","P04637",""
"7.304761904761906","","interacts with","0","0.476387094","","PKLR (interacts with) SHISA2",,"0","0","0","1","0.551219512","0.401554675",,"false","interacts with","PKLR (interacts with) SHISA2","0","P30613","","Q6UWI4",""
"0.0","","interacts with","0","0.621471331","","CALCA (interacts with) CALCA",,"1","1","1","1","0.834146341","0.408796321",,"false","interacts with","CALCA (interacts with) CALCA","0","P01258","","P01258",""
"6.835714285714285","","interacts with","0","0.476387041","","PKLR (interacts with) C3orf84",,"0","0","0","1","0.551219512","0.40155457",,"false","interacts with","PKLR (interacts with) C3orf84","0","P30613","","H3BNL1",""
"8.0","","interacts with","0","0.464216288","","MANEAL (interacts with) CLUH",,"0","0","0","1","0.526829268","0.401603307",,"false","interacts with","MANEAL (interacts with) CLUH","0","Q5VSG8","","O75153",""
"225.86349206349223","","interacts with","0","0.4764262","","CCT8L1P (interacts with) BCL2",,"0","1","1","1","0.551219512","0.401632888",,"false","interacts with","CCT8L1P (interacts with) BCL2","0","A6NM43","","P10415",""
"6.166666666666667","","interacts with","0","0.476387055","","ARMH4 (interacts with) TPMT",,"0","0","0","1","0.551219512","0.401554597",,"false","interacts with","ARMH4 (interacts with) TPMT","0","Q86TY3","","P51580",""
"9.0","","interacts with","0","0.46419221","","MANEAL (interacts with) TLR5",,"0","0","0","1","0.526829268","0.401555151",,"false","interacts with","MANEAL (interacts with) TLR5","0","Q5VSG8","","O60602",""
"10.211549235078646","","interacts with","0","0.464231204","","MYC (interacts with) SAMD15",,"1","0","1","1","0.526829268","0.401633139",,"false","interacts with","MYC (interacts with) SAMD15","0","P01106","","Q9P1V8",""
"6.952380952380952","","interacts with","0","0.476387086","","PKLR (interacts with) AKAP14",,"0","0","0","1","0.551219512","0.40155466",,"false","interacts with","PKLR (interacts with) AKAP14","0","P30613","","Q86UN6",""
"8.833333333333332","","interacts with","0","0.464192067","","PKLR (interacts with) DNAAF1",,"0","0","0","1","0.526829268","0.401554866",,"false","interacts with","PKLR (interacts with) DNAAF1","0","P30613","","Q8NEP3",""
"137.47154234654232","","interacts with","0","0.476426305","","IGLV1-36 (interacts with) MYCN",,"0","1","1","1","0.551219512","0.401633099",,"false","interacts with","IGLV1-36 (interacts with) MYCN","0","A0A0B4J1U3","","P04198",""
"41.0","","interacts with","0","0.476426278","","TP53 (interacts with) PSMF1",,"1","0","1","1","0.551219512","0.401633043",,"false","interacts with","TP53 (interacts with) PSMF1","0","P04637","","Q92530",""
"7.688095238095239","","interacts with","0","0.464192116","","SOCS2 (interacts with) ZNF526",,"0","0","0","1","0.526829268","0.401554963",,"false","interacts with","SOCS2 (interacts with) ZNF526","0","O14508","","Q8TF50",""
"6.9190476190476184","","interacts with","0","0.476387068","","ARMH4 (interacts with) RPUSD1",,"0","0","0","1","0.551219512","0.401554625",,"false","interacts with","ARMH4 (interacts with) RPUSD1","0","Q86TY3","","Q9UJJ7",""
"14.652331002331003","","interacts with","0","0.476426301","","CTSK (interacts with) TSPYL2",,"1","0","1","1","0.551219512","0.40163309",,"false","interacts with","CTSK (interacts with) TSPYL2","0","P43235","","Q9H2G4",""
"6.2333333333333325","","interacts with","0","0.476387485","","HRC (interacts with) KCNK18",,"0","0","0","1","0.551219512","0.401555459",,"false","interacts with","HRC (interacts with) KCNK18","0","P23327","","Q7Z418",""
"8.357936507936508","","interacts with","0","0.476387178","","SOCS2 (interacts with) DNAAF1",,"0","0","0","1","0.551219512","0.401554843",,"false","interacts with","SOCS2 (interacts with) DNAAF1","0","O14508","","Q8NEP3",""
"13.433333333333334","","interacts with","0","0.476426334","","TRGV3 (interacts with) BMP2",,"0","1","1","1","0.551219512","0.401633157",,"false","interacts with","TRGV3 (interacts with) BMP2","0","P03979","","P12643",""
"7.827777777777777","","interacts with","0","0.476387211","","SOCS2 (interacts with) MRE11",,"0","0","0","1","0.551219512","0.401554909",,"false","interacts with","SOCS2 (interacts with) MRE11","0","O14508","","P49959",""
"51.253467125612275","","interacts with","0","0.476426196","","AKR1B10 (interacts with) COL5A2",,"0","1","1","1","0.551219512","0.40163288",,"false","interacts with","AKR1B10 (interacts with) COL5A2","0","O60218","","P05997",""
"8.006421356421356","","interacts with","0","0.464192207","","SOCS2 (interacts with) RNF168",,"0","0","0","1","0.526829268","0.401555145",,"false","interacts with","SOCS2 (interacts with) RNF168","0","O14508","","Q8IYW5",""
"6.888095238095239","","interacts with","0","0.476387055","","PKLR (interacts with) SCN3B",,"0","0","0","1","0.551219512","0.401554598",,"false","interacts with","PKLR (interacts with) SCN3B","0","P30613","","Q9NY72",""
"6.75","","interacts with","0","0.476387099","","SALL2 (interacts with) ANKRD22",,"0","0","0","1","0.551219512","0.401554686",,"false","interacts with","SALL2 (interacts with) ANKRD22","0","Q9Y467","","Q5VYY1",""
"11.487179487179489","","interacts with","0","0.464192079","","IGHV4-61 (interacts with) RRBP1",,"0","0","0","1","0.526829268","0.401554891",,"false","interacts with","IGHV4-61 (interacts with) RRBP1","0","A0A0C4DH41","","Q9P2E9",""
"18.35238095238095","","interacts with","0","0.469109262","","BMP2 (interacts with) ARMH4",,"1","0","1","1","0.536585366","0.401633158",,"false","interacts with","BMP2 (interacts with) ARMH4","0","P12643","","Q86TY3",""
"6.75","","interacts with","0","0.476387074","","SALL2 (interacts with) LCN15",,"0","0","0","1","0.551219512","0.401554635",,"false","interacts with","SALL2 (interacts with) LCN15","0","Q9Y467","","Q6UWW0",""
"13.487179487179489","","interacts with","0","0.461777159","","IGHV4-61 (interacts with) CCDC7",,"0","0","0","1","0.52195122","0.401603098",,"false","interacts with","IGHV4-61 (interacts with) CCDC7","0","A0A0C4DH41","","Q96M83",""
"154.0448773448772","","interacts with","0","0.464231206","","BCL2 (interacts with) RGL4",,"1","0","1","1","0.526829268","0.401633143",,"false","interacts with","BCL2 (interacts with) RGL4","0","P10415","","Q8IZJ4",""
"4.916666666666666","","interacts with","0","0.476387194","","SALL2 (interacts with) ZNF358",,"0","0","0","1","0.551219512","0.401554875",,"false","interacts with","SALL2 (interacts with) ZNF358","0","Q9Y467","","Q9NW07",""
"36.93327228327229","","interacts with","0","0.561424658","","RAB11A (interacts with) ARF1",,"0","0","0","1","0.72195122","0.400898096",,"false","interacts with","RAB11A (interacts with) ARF1","0","P62491","","P84077",""
"154.42136752136759","","interacts with","0","0.464231265","","COL1A1 (interacts with) MCHR1",,"1","0","1","1","0.526829268","0.401633262",,"false","interacts with","COL1A1 (interacts with) MCHR1","0","P02452","","Q99705",""
"6.333333333333333","","interacts with","0","0.476387162","","SALL2 (interacts with) RAC3",,"0","0","0","1","0.551219512","0.401554812",,"false","interacts with","SALL2 (interacts with) RAC3","0","Q9Y467","","P60763",""
"8.085714285714285","","interacts with","0","0.464191977","","PKLR (interacts with) HLA-DRB3",,"0","0","0","1","0.526829268","0.401554686",,"false","interacts with","PKLR (interacts with) HLA-DRB3","0","P30613","","P79483",""
"11.785714285714281","","interacts with","0","0.464231248","","MYCL (interacts with) ZKSCAN4",,"1","0","1","1","0.526829268","0.401633227",,"false","interacts with","MYCL (interacts with) ZKSCAN4","0","P12524","","Q969J2",""
"9.619047619047619","","interacts with","0","0.476387431","","PKLR (interacts with) OR56A4",,"0","0","0","1","0.551219512","0.40155535",,"false","interacts with","PKLR (interacts with) OR56A4","0","P30613","","Q8NGH8",""
"93.06986304880948","","interacts with","0","0.464255204","","GSG1L2 (interacts with) COL3A1",,"0","1","1","1","0.526829268","0.401681139",,"false","interacts with","GSG1L2 (interacts with) COL3A1","0","A8MUP6","","P02461",""
"4.0","","interacts with","0","0.464231602","","OR1M1 (interacts with) RNF13",,"0","0","0","1","0.526829268","0.401633935",,"false","interacts with","OR1M1 (interacts with) RNF13","0","Q8NGA1","","O43567",""
"68.0","","interacts with","0","0.476426245","","RELA (interacts with) EAPP",,"1","0","1","1","0.551219512","0.401632977",,"false","interacts with","RELA (interacts with) EAPP","0","Q04206","","Q56P03",""
"6.166666666666667","","interacts with","0","0.476387079","","ARMH4 (interacts with) IGHV4-39",,"0","0","0","1","0.551219512","0.401554646",,"false","interacts with","ARMH4 (interacts with) IGHV4-39","0","Q86TY3","","P01824",""
"9.619047619047619","","interacts with","0","0.476387126","","ARMH4 (interacts with) STARD3NL",,"0","0","0","1","0.551219512","0.401554739",,"false","interacts with","ARMH4 (interacts with) STARD3NL","0","Q86TY3","","O95772",""
"281.0","","interacts with","0","0.476426318","","COL1A1 (interacts with) SLC2A1",,"1","0","1","1","0.551219512","0.401633125",,"false","interacts with","COL1A1 (interacts with) SLC2A1","0","P02452","","P11166",""
"150.65349650349646","","interacts with","0","0.464231198","","MYCN (interacts with) CHCT1",,"1","0","1","1","0.526829268","0.401633128",,"false","interacts with","MYCN (interacts with) CHCT1","0","P04198","","Q86WR6",""
"87.66044036458898","","interacts with","0","0.464255221","","CTSK (interacts with) FRMPD4",,"1","0","1","1","0.526829268","0.401681173",,"false","interacts with","CTSK (interacts with) FRMPD4","0","P43235","","Q14CM0",""
"2.1538461538461537","","interacts with","0","0.476426148","","AKT1 (interacts with) TRIP11",,"1","0","1","1","0.551219512","0.401632783",,"false","interacts with","AKT1 (interacts with) TRIP11","0","P31749","","Q15643",""
"12.0","","interacts with","0","0.56406862","","ZEB1 (interacts with) USP29",,"0","0","0","1","0.726829268","0.401307971",,"false","interacts with","ZEB1 (interacts with) USP29","0","P37275","","Q9HBJ7",""
"23.753313026842434","","interacts with","0","0.476426321","","MYC (interacts with) PSMA4",,"1","0","1","1","0.551219512","0.40163313",,"false","interacts with","MYC (interacts with) PSMA4","0","P01106","","P25789",""
"53.00000000000001","","interacts with","0","0.464216152","","MFSD9 (interacts with) BDP1",,"0","0","0","1","0.526829268","0.401603035",,"false","interacts with","MFSD9 (interacts with) BDP1","0","Q8NBP5","","A6H8Y1",""
"10.0","","interacts with","0","0.476426282","","AKT1 (interacts with) DENND2A",,"1","0","1","1","0.551219512","0.401633053",,"false","interacts with","AKT1 (interacts with) DENND2A","0","P31749","","Q9ULE3",""
"16.333333333333336","","interacts with","0","0.476426198","","PGR (interacts with) CEP162",,"1","0","1","1","0.551219512","0.401632883",,"false","interacts with","PGR (interacts with) CEP162","0","P06401","","Q5TB80",""
"6.916666666666665","","interacts with","0","0.476387157","","SALL2 (interacts with) PPP1R8",,"0","0","0","1","0.551219512","0.401554802",,"false","interacts with","SALL2 (interacts with) PPP1R8","0","Q9Y467","","Q12972",""
"4.0","","interacts with","0","0.476387194","","ZNF839 (interacts with) WDR45B",,"0","0","0","1","0.551219512","0.401554876",,"false","interacts with","ZNF839 (interacts with) WDR45B","0","A8K0R7","","Q5MNZ6",""
"42.072294372294365","","interacts with","0","0.464255189","","BCL2 (interacts with) DCTN1",,"1","0","1","1","0.526829268","0.401681109",,"false","interacts with","BCL2 (interacts with) DCTN1","0","P10415","","Q14203",""
"10.287179487179488","","interacts with","0","0.461777058","","APOBEC3A (interacts with) CCDC7",,"0","0","0","1","0.52195122","0.401602896",,"false","interacts with","APOBEC3A (interacts with) CCDC7","0","P31941","","Q96M83",""
"9.0","","interacts with","0","0.46177721","","CLN5 (interacts with) RAPGEF4",,"0","0","0","1","0.52195122","0.401603201",,"false","interacts with","CLN5 (interacts with) RAPGEF4","0","O75503","","Q8WZA2",""
"76.42350125626093","","interacts with","0","0.464255249","","COL5A2 (interacts with) FAM120AOS",,"1","0","1","1","0.526829268","0.40168123",,"false","interacts with","COL5A2 (interacts with) FAM120AOS","0","P05997","","Q5T036",""
"4.0","","interacts with","0","0.461753108","","ZNF839 (interacts with) DMRTA2",,"0","0","0","1","0.52195122","0.401554997",,"false","interacts with","ZNF839 (interacts with) DMRTA2","0","A8K0R7","","Q96SC8",""
"24.16666666666666","","interacts with","0","0.476426304","","IGHV4-39 (interacts with) BMP2",,"0","1","1","1","0.551219512","0.401633096",,"false","interacts with","IGHV4-39 (interacts with) BMP2","0","P01824","","P12643",""
"9.04935064935065","","interacts with","0","0.46419209","","NRG1 (interacts with) MSI1",,"0","0","0","1","0.526829268","0.401554911",,"false","interacts with","NRG1 (interacts with) MSI1","0","Q02297","","O43347",""
"10.500000000000002","","interacts with","0","0.476387275","","MFSD4A (interacts with) IL16",,"0","0","0","1","0.551219512","0.401555037",,"false","interacts with","MFSD4A (interacts with) IL16","0","Q8N468","","Q14005",""
"8.167532467532467","","interacts with","0","0.476387514","","NRG1 (interacts with) OR2A7",,"0","0","0","1","0.551219512","0.401555516",,"false","interacts with","NRG1 (interacts with) OR2A7","0","Q02297","","Q96R45",""
"15.166666666666666","","interacts with","0","0.476426197","","DLGAP1 (interacts with) SRC",,"0","1","1","1","0.551219512","0.401632881",,"false","interacts with","DLGAP1 (interacts with) SRC","0","O14490","","P12931",""
"18.754761904761907","","interacts with","0","0.576223486","","RAB11A (interacts with) EIF2S1",,"0","0","0","1","0.751219512","0.40122746",,"false","interacts with","RAB11A (interacts with) EIF2S1","0","P62491","","P05198",""
"80.43397796494055","","interacts with","0","0.476426206","","RDH16 (interacts with) COL3A1",,"0","1","1","1","0.551219512","0.401632899",,"false","interacts with","RDH16 (interacts with) COL3A1","0","O75452","","P02461",""
"55.57142857142858","","interacts with","0","0.622565233","","FOXC1 (interacts with) HOXD13",,"0","0","0","1","0.843902439","0.401228026","0.25795053","false","interacts with","FOXC1 (interacts with) HOXD13","1","Q12948","","P35453",""
"51.386800458945636","","interacts with","0","0.476426286","","COL5A2 (interacts with) CD82",,"1","0","1","1","0.551219512","0.40163306",,"false","interacts with","COL5A2 (interacts with) CD82","0","P05997","","P27701",""
"28.0","","interacts with","0","0.476426281","","BGLAP (interacts with) SP2",,"1","0","1","1","0.551219512","0.401633049",,"false","interacts with","BGLAP (interacts with) SP2","0","P02818","","Q02086",""
"22.0","","interacts with","0","0.476426251","","CALCA (interacts with) COL9A3",,"1","0","1","1","0.551219512","0.401632989",,"false","interacts with","CALCA (interacts with) COL9A3","0","P01258","","Q14050",""
"10.5","","interacts with","0","0.476387188","","PARP3 (interacts with) IL16",,"0","0","0","1","0.551219512","0.401554864",,"false","interacts with","PARP3 (interacts with) IL16","0","Q9Y6F1","","Q14005",""
"28.0","","interacts with","0","0.47642621","","VTN (interacts with) MAP4K5",,"1","0","1","1","0.551219512","0.401632907",,"false","interacts with","VTN (interacts with) MAP4K5","0","P04004","","Q9Y4K4",""
"7.333333333333332","","interacts with","0","0.469070822","","EFNA1 (interacts with) OR56A4",,"0","0","0","1","0.536585366","0.401556279",,"false","interacts with","EFNA1 (interacts with) OR56A4","0","P20827","","Q8NGH8",""
"187.99999999999991","","interacts with","0","0.47642619","","COL5A2 (interacts with) GLYAT",,"1","0","1","1","0.551219512","0.401632867",,"false","interacts with","COL5A2 (interacts with) GLYAT","0","P05997","","Q6IB77",""
"35.531820114684244","","interacts with","0","0.46421618","","CKMT1B (interacts with) BDP1",,"0","0","0","1","0.526829268","0.401603092",,"false","interacts with","CKMT1B (interacts with) BDP1","0","P12532","","A6H8Y1",""
"415.8597422269743","","interacts with","0","0.476426197","","COL5A3 (interacts with) CORO1B",,"1","0","1","1","0.551219512","0.401632881",,"false","interacts with","COL5A3 (interacts with) CORO1B","0","P25940","","Q9BR76",""
"61.9743576926835","","interacts with","0","0.464216196","","CKMT1B (interacts with) BOD1L1",,"0","0","0","1","0.526829268","0.401603124",,"false","interacts with","CKMT1B (interacts with) BOD1L1","0","P12532","","Q8NFC6",""
"7.4190476190476184","","interacts with","0","0.46419212","","ARMH4 (interacts with) IGHV7-81",,"0","0","0","1","0.526829268","0.401554973",,"false","interacts with","ARMH4 (interacts with) IGHV7-81","0","Q86TY3","","A0A0B4J1V7",""
"977.1467271290797","","interacts with","0","0.476426301","","MYCN (interacts with) TSR3",,"1","0","1","1","0.551219512","0.40163309",,"false","interacts with","MYCN (interacts with) TSR3","0","P04198","","Q9UJK0",""
"7.581818181818183","","interacts with","0","0.476387088","","NXPH1 (interacts with) IL16",,"0","0","0","1","0.551219512","0.401554664",,"false","interacts with","NXPH1 (interacts with) IL16","0","P58417","","Q14005",""
"106.0","","interacts with","0","0.47642629","","ZBTB22 (interacts with) PROCR",,"0","1","1","1","0.551219512","0.401633068",,"false","interacts with","ZBTB22 (interacts with) PROCR","0","O15209","","Q9UNN8",""
"22.0","","interacts with","0","0.571292245","","MRTFA (interacts with) MRTFB",,"0","0","0","1","0.741463415","0.401121075",,"false","interacts with","MRTFA (interacts with) MRTFB","0","Q969V6","","Q9ULH7",""
"12.798911872441282","","interacts with","0","0.476426371","","EFCAB9 (interacts with) MYC",,"0","1","1","1","0.551219512","0.401633231",,"false","interacts with","EFCAB9 (interacts with) MYC","0","A8MZ26","","P01106",""
"3.3","","interacts with","0","0.464192044","","NXPH1 (interacts with) ARHGAP28",,"0","0","0","1","0.526829268","0.40155482",,"false","interacts with","NXPH1 (interacts with) ARHGAP28","0","P58417","","Q9P2N2",""
"56.0","","interacts with","0","0.461792166","","IGLV1-51 (interacts with) SOST",,"0","1","1","1","0.52195122","0.401633112",,"false","interacts with","IGLV1-51 (interacts with) SOST","0","P01701","","Q9BQB4",""
"87.74993894993895","","interacts with","0","0.566514511","","RAB11A (interacts with) RABEP1",,"0","0","0","1","0.731707317","0.401321705",,"false","interacts with","RAB11A (interacts with) RABEP1","0","P62491","","Q15276",""
"5.419047619047619","","interacts with","0","0.476387159","","ARMH4 (interacts with) TMEM61",,"0","0","0","1","0.551219512","0.401554805",,"false","interacts with","ARMH4 (interacts with) TMEM61","0","Q86TY3","","Q8N0U2",""
"8.266666666666667","","interacts with","0","0.476426261","","AKT1 (interacts with) CEP126",,"1","0","1","1","0.551219512","0.401633011",,"false","interacts with","AKT1 (interacts with) CEP126","0","P31749","","Q9P2H0",""
"4.0","","interacts with","0","0.476426236","","XPNPEP2 (interacts with) NOS3",,"0","1","1","1","0.551219512","0.401632959",,"false","interacts with","XPNPEP2 (interacts with) NOS3","0","O43895","","P29474",""
"61.152711874728034","","interacts with","0","0.464231263","","COL3A1 (interacts with) MCAM",,"1","0","1","1","0.526829268","0.401633258",,"false","interacts with","COL3A1 (interacts with) MCAM","0","P02461","","P43121",""
"8.0","","interacts with","0","0.568926567","","OFD1 (interacts with) FBF1",,"0","0","0","1","0.736585366","0.401267768",,"false","interacts with","OFD1 (interacts with) FBF1","0","O75665","","Q8TES7",""
"55.228571428571435","","interacts with","0","0.622565397","","FOXC1 (interacts with) PPP2CB",,"0","0","0","1","0.843902439","0.401228355",,"false","interacts with","FOXC1 (interacts with) PPP2CB","0","Q12948","","P62714",""
"12.000000000000002","","interacts with","0","0.464231269","","AKT1 (interacts with) KLHL40",,"1","0","1","1","0.526829268","0.40163327",,"false","interacts with","AKT1 (interacts with) KLHL40","0","P31749","","Q2TBA0",""
"60.666666666666664","","interacts with","0","0.476426241","","RELA (interacts with) OR51A4",,"1","0","1","1","0.551219512","0.401632969",,"false","interacts with","RELA (interacts with) OR51A4","0","Q04206","","Q8NGJ6",""
"10.4","","interacts with","0","0.598133967","","RAB11A (interacts with) AGR2",,"0","0","0","1","0.795121951","0.401145983",,"false","interacts with","RAB11A (interacts with) AGR2","0","P62491","","O95994",""
"30.51904761904762","","interacts with","0","0.476426227","","PDE5A (interacts with) CTSK",,"0","1","1","1","0.551219512","0.401632942",,"false","interacts with","PDE5A (interacts with) CTSK","0","O76074","","P43235",""
"9.5","","interacts with","0","0.47642622","","BMP7 (interacts with) FAM83C",,"1","0","1","1","0.551219512","0.401632929",,"false","interacts with","BMP7 (interacts with) FAM83C","0","P18075","","Q9BQN1",""
"68.0","","interacts with","0","0.47642638","","RELA (interacts with) OR51I2",,"1","0","1","1","0.551219512","0.401633249",,"false","interacts with","RELA (interacts with) OR51I2","0","Q04206","","Q9H344",""
"65.28070175438597","","interacts with","0","0.476426301","","ANXA3 (interacts with) TRAF6",,"0","1","1","1","0.551219512","0.401633091",,"false","interacts with","ANXA3 (interacts with) TRAF6","0","P12429","","Q9Y4K3",""
"34.73333333333332","","interacts with","0","0.476387064","","CFAP107 (interacts with) SYT17",,"0","0","0","1","0.551219512","0.401554616",,"false","interacts with","CFAP107 (interacts with) SYT17","0","Q8N1D5","","Q9BSW7",""
"36.98720803832605","","interacts with","0","0.461816251","","CNR2 (interacts with) BRDT",,"1","0","1","1","0.52195122","0.401681282",,"false","interacts with","CNR2 (interacts with) BRDT","0","P34972","","Q58F21",""
"5.419047619047619","","interacts with","0","0.476387259","","ARMH4 (interacts with) TRGV5",,"0","0","0","1","0.551219512","0.401555005",,"false","interacts with","ARMH4 (interacts with) TRGV5","0","Q86TY3","","A0A0B4J1U4",""
"613.6952380952382","","interacts with","0","0.461816229","","COL1A1 (interacts with) POF1B",,"1","0","1","1","0.52195122","0.401681239",,"false","interacts with","COL1A1 (interacts with) POF1B","0","P02452","","Q8WVV4",""
"14.0","","interacts with","0","0.461753068","","LYG1 (interacts with) HSP90AA2P",,"0","0","0","1","0.52195122","0.401554917",,"false","interacts with","LYG1 (interacts with) HSP90AA2P","0","Q8N1E2","","Q14568",""
"20.0","","interacts with","0","0.476426223","","CALCA (interacts with) TLNRD1",,"1","0","1","1","0.551219512","0.401632933",,"false","interacts with","CALCA (interacts with) TLNRD1","0","P01258","","Q9H1K6",""
"12.46991341991342","","interacts with","0","0.47638714","","LYG1 (interacts with) ATXN7L1",,"0","0","0","1","0.551219512","0.401554769",,"false","interacts with","LYG1 (interacts with) ATXN7L1","0","Q8N1E2","","Q9ULK2",""
"10.772222222222217","","interacts with","0","0.469070455","","IL34 (interacts with) ZFP57",,"0","0","0","1","0.536585366","0.401555544",,"false","interacts with","IL34 (interacts with) ZFP57","0","Q6ZMJ4","","Q9NU63",""
"11.200000000000001","","interacts with","0","0.47638721","","LYG1 (interacts with) TCP11L2",,"0","0","0","1","0.551219512","0.401554907",,"false","interacts with","LYG1 (interacts with) TCP11L2","0","Q8N1E2","","Q8N4U5",""
"11.057936507936502","","interacts with","0","0.476387349","","IL34 (interacts with) ZNF449",,"0","0","0","1","0.551219512","0.401555186",,"false","interacts with","IL34 (interacts with) ZNF449","0","Q6ZMJ4","","Q6P9G9",""
"114.0","","interacts with","0","0.47642626","","COL3A1 (interacts with) PTPN18",,"1","0","1","1","0.551219512","0.401633008",,"false","interacts with","COL3A1 (interacts with) PTPN18","0","P02461","","Q99952",""
"11.016666666666666","","interacts with","0","0.476387177","","LYG1 (interacts with) RTF1",,"0","0","0","1","0.551219512","0.401554841",,"false","interacts with","LYG1 (interacts with) RTF1","0","Q8N1E2","","Q92541",""
"30.666666666666668","","interacts with","0","0.469109326","","STARD3NL (interacts with) BMP2",,"0","1","1","1","0.536585366","0.401633287",,"false","interacts with","STARD3NL (interacts with) BMP2","0","O95772","","P12643",""
"31.685714285714287","","interacts with","0","0.476426318","","FGF10 (interacts with) TP53",,"0","1","1","1","0.551219512","0.401633124",,"false","interacts with","FGF10 (interacts with) TP53","0","O15520","","P04637",""
"146.8783173348391","","interacts with","0","0.476426184","","CD72 (interacts with) COL5A3",,"0","1","1","1","0.551219512","0.401632856",,"false","interacts with","CD72 (interacts with) COL5A3","0","P21854","","P25940",""
"36.34141414141414","","interacts with","0","0.464191969","","CFAP107 (interacts with) TRMU",,"0","0","0","1","0.526829268","0.40155467",,"false","interacts with","CFAP107 (interacts with) TRMU","0","Q8N1D5","","O75648",""
"12.502380952380951","","interacts with","0","0.464231183","","RAMACL (interacts with) MYCL",,"0","1","1","1","0.526829268","0.401633097",,"false","interacts with","RAMACL (interacts with) MYCL","0","A0A3B3IU46","","P12524",""
"76.0","","interacts with","0","0.4764263","","TP53 (interacts with) HEBP1",,"1","0","1","1","0.551219512","0.401633087",,"false","interacts with","TP53 (interacts with) HEBP1","0","P04637","","Q9NRV9",""
"107.68517282562235","","interacts with","0","0.476426164","","COL5A3 (interacts with) FCRL6",,"1","0","1","1","0.551219512","0.401632815",,"false","interacts with","COL5A3 (interacts with) FCRL6","0","P25940","","Q6DN72",""
"45.733333333333334","","interacts with","0","0.476426282","","COL1A2 (interacts with) NAP1L3",,"1","0","1","1","0.551219512","0.401633051",,"false","interacts with","COL1A2 (interacts with) NAP1L3","0","P08123","","Q99457",""
"11.785714285714285","","interacts with","0","0.461777145","","ARMH4 (interacts with) CCDC7",,"0","0","0","1","0.52195122","0.401603071",,"false","interacts with","ARMH4 (interacts with) CCDC7","0","Q86TY3","","Q96M83",""
"36.34141414141414","","interacts with","0","0.464192081","","CFAP107 (interacts with) CCKAR",,"0","0","0","1","0.526829268","0.401554893",,"false","interacts with","CFAP107 (interacts with) CCKAR","0","Q8N1D5","","P32238",""
"198.40652680652673","","interacts with","0","0.476426206","","COL1A1 (interacts with) CLNK",,"1","0","1","1","0.551219512","0.4016329",,"false","interacts with","COL1A1 (interacts with) CLNK","0","P02452","","Q7Z7G1",""
"10.202380952380953","","interacts with","0","0.46419215","","LYG1 (interacts with) TMEM200C",,"0","0","0","1","0.526829268","0.401555031",,"false","interacts with","LYG1 (interacts with) TMEM200C","0","Q8N1E2","","A6NKL6",""
"95.95959641611815","","interacts with","0","0.476426241","","COL3A1 (interacts with) C9orf64",,"1","0","1","1","0.551219512","0.401632971",,"false","interacts with","COL3A1 (interacts with) C9orf64","0","P02461","","Q5T6V5",""
"11.967647058823529","","interacts with","0","0.469110574","","LPAR2 (interacts with) REEP4",,"0","0","0","1","0.536585366","0.401635783",,"false","interacts with","LPAR2 (interacts with) REEP4","0","Q9HBW0","","Q9H6H4",""
"54.924029715476166","","interacts with","0","0.476426263","","COL3A1 (interacts with) ELAC2",,"1","0","1","1","0.551219512","0.401633014",,"false","interacts with","COL3A1 (interacts with) ELAC2","0","P02461","","Q9BQ52",""
"10.907936507936508","","interacts with","0","0.476387138","","LYG1 (interacts with) DNAAF1",,"0","0","0","1","0.551219512","0.401554764",,"false","interacts with","LYG1 (interacts with) DNAAF1","0","Q8N1E2","","Q8NEP3",""
"35.15392156862746","","interacts with","0","0.476426436","","LPAR2 (interacts with) RBM25",,"0","0","0","1","0.551219512","0.401633359",,"false","interacts with","LPAR2 (interacts with) RBM25","0","Q9HBW0","","P49756",""
"68.0","","interacts with","0","0.464231291","","RELA (interacts with) OR6C1",,"1","0","1","1","0.526829268","0.401633313",,"false","interacts with","RELA (interacts with) OR6C1","0","Q04206","","Q96RD1",""
"11.563492063492065","","interacts with","0","0.464192093","","LYG1 (interacts with) MRE11",,"0","0","0","1","0.526829268","0.401554918",,"false","interacts with","LYG1 (interacts with) MRE11","0","Q8N1E2","","P49959",""
"14.630303030303033","","interacts with","0","0.464231789","","LPAR2 (interacts with) D2HGDH",,"0","0","0","1","0.526829268","0.401634311",,"false","interacts with","LPAR2 (interacts with) D2HGDH","0","Q9HBW0","","Q8N465",""
"10.556421356421357","","interacts with","0","0.476387296","","LYG1 (interacts with) RNF168",,"0","0","0","1","0.551219512","0.40155508",,"false","interacts with","LYG1 (interacts with) RNF168","0","Q8N1E2","","Q8IYW5",""
"275.3696969696969","","interacts with","0","0.476426226","","COL1A1 (interacts with) D2HGDH",,"1","0","1","1","0.551219512","0.401632939",,"false","interacts with","COL1A1 (interacts with) D2HGDH","0","P02452","","Q8N465",""
"20.66666666666666","","interacts with","0","0.476426426","","OR52D1 (interacts with) PHC2",,"0","0","0","1","0.551219512","0.40163334",,"false","interacts with","OR52D1 (interacts with) PHC2","0","Q9H346","","Q8IXK0",""
"12.816666666666666","","interacts with","0","0.469070614","","LYG1 (interacts with) OR56A4",,"0","0","0","1","0.536585366","0.401555861",,"false","interacts with","LYG1 (interacts with) OR56A4","0","Q8N1E2","","Q8NGH8",""
"20.333333333333332","","interacts with","0","0.464255278","","COL5A1 (interacts with) GABRB2",,"1","0","1","1","0.526829268","0.401681288",,"false","interacts with","COL5A1 (interacts with) GABRB2","0","P20908","","P47870",""
"6.0","","interacts with","0","0.476387068","","PJVK (interacts with) CCSER1",,"0","0","0","1","0.551219512","0.401554623",,"false","interacts with","PJVK (interacts with) CCSER1","0","Q0ZLH3","","Q9C0I3",""
"24.333333333333332","","interacts with","0","0.47642633","","SPP1 (interacts with) RFESD",,"1","0","1","1","0.551219512","0.401633148",,"false","interacts with","SPP1 (interacts with) RFESD","0","P10451","","Q8TAC1",""
"11.474603174603173","","interacts with","0","0.464192341","","IL34 (interacts with) THBD",,"0","0","0","1","0.526829268","0.401555414",,"false","interacts with","IL34 (interacts with) THBD","0","Q6ZMJ4","","P07204",""
"11.183333333333334","","interacts with","0","0.476387213","","LYG1 (interacts with) RAB11FIP2",,"0","0","0","1","0.551219512","0.401554913",,"false","interacts with","LYG1 (interacts with) RAB11FIP2","0","Q8N1E2","","Q7L804",""
"54.0","","interacts with","0","0.47642622","","TNFSF11 (interacts with) ZNF133",,"1","0","1","1","0.551219512","0.401632928",,"false","interacts with","TNFSF11 (interacts with) ZNF133","0","O14788","","P52736",""
"7.957936507936508","","interacts with","0","0.476387397","","IL34 (interacts with) AHRR",,"0","0","0","1","0.551219512","0.401555282",,"false","interacts with","IL34 (interacts with) AHRR","0","Q6ZMJ4","","A9YTQ3",""
"24.73142413142412","","interacts with","0","0.46419244","","IGKV2D-30 (interacts with) SINHCAF",,"0","0","0","1","0.526829268","0.401555611",,"false","interacts with","IGKV2D-30 (interacts with) SINHCAF","0","A0A075B6S6","","Q9NP50",""
"33.66666666666667","","interacts with","0","0.476426232","","SRRM5 (interacts with) PROCR",,"0","1","1","1","0.551219512","0.401632952",,"false","interacts with","SRRM5 (interacts with) PROCR","0","B3KS81","","Q9UNN8",""
"16.0","","interacts with","0","0.47642622","","GSK3B (interacts with) POLI",,"1","0","1","1","0.551219512","0.401632928",,"false","interacts with","GSK3B (interacts with) POLI","0","P49841","","Q9UNA4",""
"17.420512820512815","","interacts with","0","0.4763873","","IL34 (interacts with) MYLK3",,"0","0","0","1","0.551219512","0.401555087",,"false","interacts with","IL34 (interacts with) MYLK3","0","Q6ZMJ4","","Q32MK0",""
"13.666666666666666","","interacts with","0","0.476387074","","LYG1 (interacts with) FRZB",,"0","0","0","1","0.551219512","0.401554635",,"false","interacts with","LYG1 (interacts with) FRZB","0","Q8N1E2","","Q92765",""
"4.333333333333333","","interacts with","0","0.464192269","","SPEM3 (interacts with) COL4A4",,"0","0","0","1","0.526829268","0.40155527",,"false","interacts with","SPEM3 (interacts with) COL4A4","0","A0A1B0GUW6","","P53420",""
"1069.0572043969112","","interacts with","0","0.476426267","","MYCN (interacts with) RAB38",,"1","0","1","1","0.551219512","0.401633023",,"false","interacts with","MYCN (interacts with) RAB38","0","P04198","","P57729",""
"11.32142857142857","","interacts with","0","0.476387171","","LYG1 (interacts with) ZNF526",,"0","0","0","1","0.551219512","0.40155483",,"false","interacts with","LYG1 (interacts with) ZNF526","0","Q8N1E2","","Q8TF50",""
"75.22402971547616","","interacts with","0","0.476426256","","SOCS5 (interacts with) COL3A1",,"0","1","1","1","0.551219512","0.401633",,"false","interacts with","SOCS5 (interacts with) COL3A1","0","O75159","","P02461",""
"211.6256815080344","","interacts with","0","0.461753177","","TRIM17 (interacts with) RBM25",,"0","0","0","1","0.52195122","0.401555134",,"false","interacts with","TRIM17 (interacts with) RBM25","0","Q9Y577","","P49756",""
"10.533333333333333","","interacts with","0","0.476387338","","LYG1 (interacts with) GTF2F1",,"0","0","0","1","0.551219512","0.401555164",,"false","interacts with","LYG1 (interacts with) GTF2F1","0","Q8N1E2","","P35269",""
"30.0","","interacts with","0","0.461816283","","CLN5 (interacts with) COL5A1",,"0","1","1","1","0.52195122","0.401681347",,"false","interacts with","CLN5 (interacts with) COL5A1","0","O75503","","P20908",""
"28.0","","interacts with","0","0.464231254","","BGLAP (interacts with) POLR2M",,"1","0","1","1","0.526829268","0.401633239",,"false","interacts with","BGLAP (interacts with) POLR2M","0","P02818","","P0CAP2",""
"2.0","","interacts with","0","0.476387126","","SYNJ2 (interacts with) XPNPEP2",,"0","0","0","1","0.551219512","0.40155474",,"false","interacts with","SYNJ2 (interacts with) XPNPEP2","0","O15056","","O43895",""
"38.30100301077974","","interacts with","0","0.476426203","","COL5A2 (interacts with) TRIM23",,"1","0","1","1","0.551219512","0.401632894",,"false","interacts with","COL5A2 (interacts with) TRIM23","0","P05997","","P36406",""
"33.15523400141462","","interacts with","0","0.464216082","","BDP1 (interacts with) ZFP57",,"0","0","0","1","0.526829268","0.401602897",,"false","interacts with","BDP1 (interacts with) ZFP57","0","A6H8Y1","","Q9NU63",""
"33.76244900862961","","interacts with","0","0.461777088","","BDP1 (interacts with) NBPF6",,"0","0","0","1","0.52195122","0.401602956",,"false","interacts with","BDP1 (interacts with) NBPF6","0","A6H8Y1","","Q5VWK0",""
"36.34141414141414","","interacts with","0","0.464192073","","CFAP107 (interacts with) ACOT4",,"0","0","0","1","0.526829268","0.401554878",,"false","interacts with","CFAP107 (interacts with) ACOT4","0","Q8N1D5","","Q8N9L9",""
"16.0","","interacts with","0","0.476426248","","JUN (interacts with) LSM6",,"1","0","1","1","0.551219512","0.401632985",,"false","interacts with","JUN (interacts with) LSM6","0","P05412","","P62312",""
"31.50761495379554","","interacts with","0","0.464216092","","BDP1 (interacts with) ZNF449",,"0","0","0","1","0.526829268","0.401602916",,"false","interacts with","BDP1 (interacts with) ZNF449","0","A6H8Y1","","Q6P9G9",""
"3.816666666666667","","interacts with","0","0.47642623","","AKT1 (interacts with) ZNF629",,"1","0","1","1","0.551219512","0.401632948",,"false","interacts with","AKT1 (interacts with) ZNF629","0","P31749","","Q9UEG4",""
"34.32911567529628","","interacts with","0","0.464216111","","BDP1 (interacts with) MAPK1IP1L",,"0","0","0","1","0.526829268","0.401602954",,"false","interacts with","BDP1 (interacts with) MAPK1IP1L","0","A6H8Y1","","Q8NDC0",""
"4.785714285714286","","interacts with","0","0.461777069","","KIAA1217 (interacts with) TRIM36",,"0","0","0","1","0.52195122","0.401602918",,"false","interacts with","KIAA1217 (interacts with) TRIM36","0","Q5T5P2","","Q9NQ86",""
"28.0","","interacts with","0","0.461816179","","COL5A1 (interacts with) CTSC",,"1","0","1","1","0.52195122","0.401681139",,"false","interacts with","COL5A1 (interacts with) CTSC","0","P20908","","P53634",""
"0.0","taxid:9606(Homo sapiens)","interacts with","1","0.675575862","""psi-mi:""""MI:0364""""(inferred by curator)""","NFKB1 (interacts with) NFKB1","2","1","1","1","1","0.951219512","0.399932211",,"false","interacts with","NFKB1 (interacts with) NFKB1","0","P19838","P19838","P19838","P19838"
"39.26951971570035","","interacts with","0","0.464216058","","BDP1 (interacts with) PUS1",,"0","0","0","1","0.526829268","0.401602849",,"false","interacts with","BDP1 (interacts with) PUS1","0","A6H8Y1","","Q9Y606",""
"5.619047619047619","","interacts with","0","0.464216141","","KIAA1217 (interacts with) ERCC4",,"0","0","0","1","0.526829268","0.401603015",,"false","interacts with","KIAA1217 (interacts with) ERCC4","0","Q5T5P2","","Q92889",""
"33.78301177919241","","interacts with","0","0.464216067","","BDP1 (interacts with) THBD",,"0","0","0","1","0.526829268","0.401602866",,"false","interacts with","BDP1 (interacts with) THBD","0","A6H8Y1","","P07204",""
"14.965079365079365","","interacts with","0","0.476426169","","ATP2C2 (interacts with) PRKACA",,"0","1","1","1","0.551219512","0.401632827",,"false","interacts with","ATP2C2 (interacts with) PRKACA","0","O75185","","P17612",""
"18.54001346202959","","interacts with","0","0.461777186","","OTUD5 (interacts with) SMC1B",,"0","0","0","1","0.52195122","0.401603152",,"false","interacts with","OTUD5 (interacts with) SMC1B","0","Q96G74","","Q8NDV3",""
"4.0","","interacts with","0","0.464192266","","PJVK (interacts with) C1orf43",,"0","0","0","1","0.526829268","0.401555264",,"false","interacts with","PJVK (interacts with) C1orf43","0","Q0ZLH3","","Q9BWL3",""
"34.25840860458919","","interacts with","0","0.464216082","","BDP1 (interacts with) TRIM59",,"0","0","0","1","0.526829268","0.401602895",,"false","interacts with","BDP1 (interacts with) TRIM59","0","A6H8Y1","","Q8IWR1",""
"124.42222222222222","","interacts with","0","0.476426243","","COL5A3 (interacts with) KAZN",,"1","0","1","1","0.551219512","0.401632974",,"false","interacts with","COL5A3 (interacts with) KAZN","0","P25940","","Q674X7",""
"30.416733266733274","","interacts with","0","0.464192045","","CFAP107 (interacts with) RCOR3",,"0","0","0","1","0.526829268","0.401554822",,"false","interacts with","CFAP107 (interacts with) RCOR3","0","Q8N1D5","","Q9P2K3",""
"31.5481632943439","","interacts with","0","0.464216093","","BDP1 (interacts with) THRB",,"0","0","0","1","0.526829268","0.401602917",,"false","interacts with","BDP1 (interacts with) THRB","0","A6H8Y1","","P10828",""
"36.341414141414134","","interacts with","0","0.476387219","","CFAP107 (interacts with) CYP20A1",,"0","0","0","1","0.551219512","0.401554925",,"false","interacts with","CFAP107 (interacts with) CYP20A1","0","Q8N1D5","","Q6UW02",""
"34.0","","interacts with","0","0.476426212","","PGR (interacts with) NT5DC4",,"1","0","1","1","0.551219512","0.401632911",,"false","interacts with","PGR (interacts with) NT5DC4","0","P06401","","Q86YG4",""
"40.447297493478125","","interacts with","0","0.464216123","","BDP1 (interacts with) TCP11X2",,"0","0","0","1","0.526829268","0.401602977",,"false","interacts with","BDP1 (interacts with) TCP11X2","0","A6H8Y1","","Q5H9J9",""
"5.619047619047619","","interacts with","0","0.464216067","","KIAA1217 (interacts with) CFAP221",,"0","0","0","1","0.526829268","0.401602865",,"false","interacts with","KIAA1217 (interacts with) CFAP221","0","Q5T5P2","","Q4G0U5",""
"24.0","","interacts with","0","0.476426295","","MAPK1 (interacts with) RNF157",,"1","0","1","1","0.551219512","0.401633078",,"false","interacts with","MAPK1 (interacts with) RNF157","0","P28482","","Q96PX1",""
"24.0","","interacts with","0","0.476426317","","PTGS1 (interacts with) NCOA7",,"1","0","1","1","0.551219512","0.401633122",,"false","interacts with","PTGS1 (interacts with) NCOA7","0","P23219","","Q8NI08",""
"40.48513708513712","","interacts with","0","0.464216109","","DCTN1 (interacts with) RGL4",,"0","0","0","1","0.526829268","0.401602949",,"false","interacts with","DCTN1 (interacts with) RGL4","0","Q14203","","Q8IZJ4",""
"48.444444444444464","","interacts with","0","0.464216186","","BDP1 (interacts with) CADM4",,"0","0","0","1","0.526829268","0.401603103",,"false","interacts with","BDP1 (interacts with) CADM4","0","A6H8Y1","","Q8NFZ8",""
"0.0","","interacts with","0","0.607495679","","BMP7 (interacts with) BMP7",,"1","1","1","1","0.814634146","0.400357211",,"false","interacts with","BMP7 (interacts with) BMP7","0","P18075","","P18075",""
"21.56666666666666","","interacts with","0","0.476426308","","IGHV7-81 (interacts with) BMP2",,"0","1","1","1","0.551219512","0.401633103",,"false","interacts with","IGHV7-81 (interacts with) BMP2","0","A0A0B4J1V7","","P12643",""
"35.29260773878835","","interacts with","0","0.464216166","","BDP1 (interacts with) SYPL1",,"0","0","0","1","0.526829268","0.401603064",,"false","interacts with","BDP1 (interacts with) SYPL1","0","A6H8Y1","","Q16563",""
"36.094287374932534","","interacts with","0","0.476426255","","NFKB1 (interacts with) MCM8",,"1","0","1","1","0.551219512","0.401632997",,"false","interacts with","NFKB1 (interacts with) MCM8","0","P19838","","Q9UJA3",""
"15.642857142857146","","interacts with","0","0.476426257","","PRKACA (interacts with) FAM83C",,"1","0","1","1","0.551219512","0.401633002",,"false","interacts with","PRKACA (interacts with) FAM83C","0","P17612","","Q9BQN1",""
"31.465551461732076","","interacts with","0","0.464216137","","BDP1 (interacts with) CEACAM21",,"0","0","0","1","0.526829268","0.401603005",,"false","interacts with","BDP1 (interacts with) CEACAM21","0","A6H8Y1","","Q3KPI0",""
"34.04216961187439","","interacts with","0","0.464216124","","DCTN1 (interacts with) PSMD13",,"0","0","0","1","0.526829268","0.401602981",,"false","interacts with","DCTN1 (interacts with) PSMD13","0","Q14203","","Q9UNM6",""
"56.0","","interacts with","0","0.476426262","","BGLAP (interacts with) ZNF275",,"1","0","1","1","0.551219512","0.401633012",,"false","interacts with","BGLAP (interacts with) ZNF275","0","P02818","","Q9NSD4",""
"30.76463571081633","","interacts with","0","0.464216102","","BDP1 (interacts with) ST8SIA4",,"0","0","0","1","0.526829268","0.401602935",,"false","interacts with","BDP1 (interacts with) ST8SIA4","0","A6H8Y1","","Q92187",""
"6.4714285714285715","","interacts with","0","0.464231202","","AKT1 (interacts with) SNX33",,"1","0","1","1","0.526829268","0.401633135",,"false","interacts with","AKT1 (interacts with) SNX33","0","P31749","","Q8WV41",""
"5.619047619047619","","interacts with","0","0.464216087","","KIAA1217 (interacts with) ZFR2",,"0","0","0","1","0.526829268","0.401602905",,"false","interacts with","KIAA1217 (interacts with) ZFR2","0","Q5T5P2","","Q9UPR6",""
"32.48387758005818","","interacts with","0","0.464216083","","BDP1 (interacts with) CALHM2",,"0","0","0","1","0.526829268","0.401602898",,"false","interacts with","BDP1 (interacts with) CALHM2","0","A6H8Y1","","Q9HA72",""
"106.03459873459883","","interacts with","0","0.464192202","","IGKV2D-30 (interacts with) FAM117B",,"0","0","0","1","0.526829268","0.401555136",,"false","interacts with","IGKV2D-30 (interacts with) FAM117B","0","A0A075B6S6","","Q6P1L5",""
"0.0","","interacts with","0","0.625823843","","CASP3 (interacts with) CASP3",,"1","1","1","1","0.83902439","0.412623296",,"false","interacts with","CASP3 (interacts with) CASP3","0","P42574","","P42574",""
"21.666666666666668","","interacts with","0","0.476426252","","PGR (interacts with) HMGCS2",,"1","0","1","1","0.551219512","0.401632992",,"false","interacts with","PGR (interacts with) HMGCS2","0","P06401","","P54868",""
"45.76951971570037","","interacts with","0","0.476387104","","BDP1 (interacts with) ZMYND12",,"0","0","0","1","0.551219512","0.401554697",,"false","interacts with","BDP1 (interacts with) ZMYND12","0","A6H8Y1","","Q9H0C1",""
"38.380630826811455","","interacts with","0","0.464216211","","AKR1B10 (interacts with) BDP1",,"0","0","0","1","0.526829268","0.401603153",,"false","interacts with","AKR1B10 (interacts with) BDP1","0","O60218","","A6H8Y1",""
"10.561904761904762","","interacts with","0","0.476426224","","SKI (interacts with) PRKACA",,"0","1","1","1","0.551219512","0.401632936","0.014134276","false","interacts with","SKI (interacts with) PRKACA","1","P12755","","P17612",""
"76.0","","interacts with","0","0.476426335","","TP53 (interacts with) IFNK",,"1","0","1","1","0.551219512","0.401633158",,"false","interacts with","TP53 (interacts with) IFNK","0","P04637","","Q9P0W0",""
"52.61111111111111","","interacts with","0","0.464216172","","BDP1 (interacts with) HDHD5",,"0","0","0","1","0.526829268","0.401603075",,"false","interacts with","BDP1 (interacts with) HDHD5","0","A6H8Y1","","Q9BXW7",""
"73.27652219484791","","interacts with","0","0.464216234","","AKR1B10 (interacts with) BOD1L1",,"0","0","0","1","0.526829268","0.4016032",,"false","interacts with","AKR1B10 (interacts with) BOD1L1","0","O60218","","Q8NFC6",""
"48.233333333333334","","interacts with","0","0.476426145","","TP53 (interacts with) RTF1",,"1","0","1","1","0.551219512","0.401632779",,"false","interacts with","TP53 (interacts with) RTF1","0","P04637","","Q92541",""
"39.13618638236702","","interacts with","0","0.464216199","","BDP1 (interacts with) CYP26B1",,"0","0","0","1","0.526829268","0.401603129",,"false","interacts with","BDP1 (interacts with) CYP26B1","0","A6H8Y1","","Q9NR63",""
"10.583333333333332","","interacts with","0","0.476426202","","SPP1 (interacts with) CC2D1B",,"1","0","1","1","0.551219512","0.401632893",,"false","interacts with","SPP1 (interacts with) CC2D1B","0","P10451","","Q5T0F9",""
"0.0","","interacts with","0","0.639946906","","AR (interacts with) AR",,"1","1","1","1","0.868292683","0.41160113",,"false","interacts with","AR (interacts with) AR","0","P10275","","P10275",""
"47.6888888888889","","interacts with","0","0.461777113","","BDP1 (interacts with) AHRR",,"0","0","0","1","0.52195122","0.401603007",,"false","interacts with","BDP1 (interacts with) AHRR","0","A6H8Y1","","A9YTQ3",""
"10.333333333333334","","interacts with","0","0.464231275","","TBKBP1 (interacts with) BMP7",,"0","1","1","1","0.526829268","0.401633281",,"false","interacts with","TBKBP1 (interacts with) BMP7","0","A7MCY6","","P18075",""
"18.666666666666664","","interacts with","0","0.476426194","","SPP1 (interacts with) POLR3GL",,"1","0","1","1","0.551219512","0.401632875",,"false","interacts with","SPP1 (interacts with) POLR3GL","0","P10451","","Q9BT43",""
"44.967486108662584","","interacts with","0","0.461777093","","DCTN1 (interacts with) LRRC71",,"0","0","0","1","0.52195122","0.401602967",,"false","interacts with","DCTN1 (interacts with) LRRC71","0","Q14203","","Q8N4P6",""
"273.56428571428575","","interacts with","0","0.46423124","","MYCN (interacts with) PRELID2",,"1","0","1","1","0.526829268","0.401633212",,"false","interacts with","MYCN (interacts with) PRELID2","0","P04198","","Q8N945",""
"24.333333333333332","","interacts with","0","0.476426718","","TMEM41A (interacts with) PROCR",,"0","1","1","1","0.551219512","0.401633924",,"false","interacts with","TMEM41A (interacts with) PROCR","0","Q96HV5","","Q9UNN8",""
"533.9589393824634","","interacts with","0","0.464216151","","DCTN1 (interacts with) TARDBP",,"0","0","0","1","0.526829268","0.401603033",,"false","interacts with","DCTN1 (interacts with) TARDBP","0","Q14203","","Q13148",""
"22.0","","interacts with","0","0.464231159","","CALCA (interacts with) RPS27L",,"1","0","1","1","0.526829268","0.401633049",,"false","interacts with","CALCA (interacts with) RPS27L","0","P01258","","Q71UM5",""
"4.562091503267974","","interacts with","0","0.591022394","","CORO1C (interacts with) DLAT",,"0","0","0","1","0.780487805","0.401556983",,"false","interacts with","CORO1C (interacts with) DLAT","0","Q9ULV4","","P10515",""
"39.06056428951166","","interacts with","0","0.464216154","","DCTN1 (interacts with) MVD",,"0","0","0","1","0.526829268","0.401603039",,"false","interacts with","DCTN1 (interacts with) MVD","0","Q14203","","P53602",""
"14.166666666666666","","interacts with","0","0.476426187","","SRC (interacts with) COL4A4",,"1","0","1","1","0.551219512","0.401632861",,"false","interacts with","SRC (interacts with) COL4A4","0","P12931","","P53420",""
"45.44444444444445","","interacts with","0","0.476426357","","COL1A2 (interacts with) KYNU",,"1","0","1","1","0.551219512","0.401633201",,"false","interacts with","COL1A2 (interacts with) KYNU","0","P08123","","Q16719",""
"4.666666666666666","","interacts with","0","0.588372024","","GID4 (interacts with) PRG2",,"0","0","0","1","0.775609756","0.401134293",,"false","interacts with","GID4 (interacts with) PRG2","0","Q8IVV7","","P13727",""
"64.13650793650794","","interacts with","0","0.461777077","","DCTN1 (interacts with) NPEPL1",,"0","0","0","1","0.52195122","0.401602935",,"false","interacts with","DCTN1 (interacts with) NPEPL1","0","Q14203","","Q8NDH3",""
"3.333333333333333","","interacts with","0","0.464192189","","COL4A4 (interacts with) RAD54B",,"0","0","0","1","0.526829268","0.401555109",,"false","interacts with","COL4A4 (interacts with) RAD54B","0","P53420","","Q9Y620",""
"306.02594552994395","","interacts with","0","0.461816202","","CTSK (interacts with) CDK5RAP2",,"1","0","1","1","0.52195122","0.401681185",,"false","interacts with","CTSK (interacts with) CDK5RAP2","0","P43235","","Q96SN8",""
"144.96666666666667","","interacts with","0","0.464231273","","COL1A1 (interacts with) GPR146",,"1","0","1","1","0.526829268","0.401633277",,"false","interacts with","COL1A1 (interacts with) GPR146","0","P02452","","Q96CH1",""
"51.61880607315396","","interacts with","0","0.461777132","","DCTN1 (interacts with) CDY1B",,"0","0","0","1","0.52195122","0.401603044",,"false","interacts with","DCTN1 (interacts with) CDY1B","0","Q14203","","Q9Y6F8",""
"52.666666666666664","","interacts with","0","0.476426257","","RELA (interacts with) CCSER1",,"1","0","1","1","0.551219512","0.401633003",,"false","interacts with","RELA (interacts with) CCSER1","0","Q04206","","Q9C0I3",""
"4.5","","interacts with","0","0.476426226","","PTGS2 (interacts with) EPB41L3",,"1","0","1","1","0.551219512","0.40163294",,"false","interacts with","PTGS2 (interacts with) EPB41L3","0","P35354","","Q9Y2J2",""
"20.0","","interacts with","0","0.476426234","","VTN (interacts with) PFKL",,"1","0","1","1","0.551219512","0.401632955",,"false","interacts with","VTN (interacts with) PFKL","0","P04004","","P17858",""
"71.02890314722895","","interacts with","0","0.461777037","","BOD1L1 (interacts with) ZNF449",,"0","0","0","1","0.52195122","0.401602854",,"false","interacts with","BOD1L1 (interacts with) ZNF449","0","Q8NFC6","","Q6P9G9",""
"73.42646242646244","","interacts with","0","0.476387354","","ARHGAP11B (interacts with) PHACTR2",,"0","0","0","1","0.551219512","0.401555196",,"false","interacts with","ARHGAP11B (interacts with) PHACTR2","0","Q3KRB8","","O75167",""
"69.70076461909044","","interacts with","0","0.464216168","","BOD1L1 (interacts with) MAPK1IP1L",,"0","0","0","1","0.526829268","0.401603068",,"false","interacts with","BOD1L1 (interacts with) MAPK1IP1L","0","Q8NFC6","","Q8NDC0",""
"78.24845987345986","","interacts with","0","0.476387482","","ARHGAP11B (interacts with) FAM117B",,"0","0","0","1","0.551219512","0.401555452",,"false","interacts with","ARHGAP11B (interacts with) FAM117B","0","Q3KRB8","","Q6P1L5",""
"203.5745449287787","","interacts with","0","0.46421607","","ZNF277 (interacts with) BOD1L1",,"0","0","0","1","0.526829268","0.401602872",,"false","interacts with","ZNF277 (interacts with) BOD1L1","0","Q9NRM2","","Q8NFC6",""
"165.57378155048175","","interacts with","0","0.464216088","","BOD1L1 (interacts with) PRDM8",,"0","0","0","1","0.526829268","0.401602907",,"false","interacts with","BOD1L1 (interacts with) PRDM8","0","Q8NFC6","","Q9NQV8",""
"33.56050616050616","","interacts with","0","0.476387136","","CFAP107 (interacts with) UVSSA",,"0","0","0","1","0.551219512","0.40155476",,"false","interacts with","CFAP107 (interacts with) UVSSA","0","Q8N1D5","","Q2YD98",""
"47.12615287860767","","interacts with","0","0.464216121","","ZNF277 (interacts with) ANKRD36B",,"0","0","0","1","0.526829268","0.401602974",,"false","interacts with","ZNF277 (interacts with) ANKRD36B","0","Q9NRM2","","Q8N2N9",""
"114.00000000000001","","interacts with","0","0.464255206","","COL3A1 (interacts with) KLK9",,"1","0","1","1","0.526829268","0.401681144",,"false","interacts with","COL3A1 (interacts with) KLK9","0","P02461","","Q9UKQ9",""
"75.27652219484794","","interacts with","0","0.464216067","","BOD1L1 (interacts with) PUS1",,"0","0","0","1","0.526829268","0.401602866",,"false","interacts with","BOD1L1 (interacts with) PUS1","0","Q8NFC6","","Q9Y606",""
"124.15025530025528","","interacts with","0","0.476426561","","KCNK13 (interacts with) PRICKLE3",,"0","0","0","1","0.551219512","0.401633609",,"false","interacts with","KCNK13 (interacts with) PRICKLE3","0","Q9HB14","","O43900",""
"80.80304561729604","","interacts with","0","0.46177705","","BOD1L1 (interacts with) UBA2",,"0","0","0","1","0.52195122","0.40160288",,"false","interacts with","BOD1L1 (interacts with) UBA2","0","Q8NFC6","","Q9UBT2",""
"290.0","","interacts with","0","0.464255176","","COL1A1 (interacts with) IKBKE-AS1",,"1","0","1","1","0.526829268","0.401681083",,"false","interacts with","COL1A1 (interacts with) IKBKE-AS1","0","P02452","","Q96MC9",""
"26.378038628038627","","interacts with","0","0.469109582","","KCNK13 (interacts with) SLC50A1",,"0","0","0","1","0.536585366","0.401633799",,"false","interacts with","KCNK13 (interacts with) SLC50A1","0","Q9HB14","","Q9BRV3",""
"81.79318886151458","","interacts with","0","0.461777032","","BOD1L1 (interacts with) THBD",,"0","0","0","1","0.52195122","0.401602845",,"false","interacts with","BOD1L1 (interacts with) THBD","0","Q8NFC6","","P07204",""
"683.7801133152794","","interacts with","0","0.476426166","","COL1A1 (interacts with) XRCC1",,"1","0","1","1","0.551219512","0.40163282",,"false","interacts with","COL1A1 (interacts with) XRCC1","0","P02452","","P18887",""
"68.20985552818138","","interacts with","0","0.464216086","","BOD1L1 (interacts with) TRIM59",,"0","0","0","1","0.526829268","0.401602903",,"false","interacts with","BOD1L1 (interacts with) TRIM59","0","Q8NFC6","","Q8IWR1",""
"65.80000000000001","","interacts with","0","0.47642622","","SMIM44 (interacts with) MYCN",,"0","1","1","1","0.551219512","0.401632928",,"false","interacts with","SMIM44 (interacts with) MYCN","0","A0A286YF18","","P04198",""
"66.81981223813807","","interacts with","0","0.461777039","","BOD1L1 (interacts with) THRB",,"0","0","0","1","0.52195122","0.401602859",,"false","interacts with","BOD1L1 (interacts with) THRB","0","Q8NFC6","","P10828",""
"43.43918141132659","","interacts with","0","0.476426152","","COL5A2 (interacts with) ZFP57",,"1","0","1","1","0.551219512","0.401632792",,"false","interacts with","COL5A2 (interacts with) ZFP57","0","P05997","","Q9NU63",""
"145.486457986458","","interacts with","0","0.464192091","","CFAP107 (interacts with) XRCC1",,"0","0","0","1","0.526829268","0.401554914",,"false","interacts with","CFAP107 (interacts with) XRCC1","0","Q8N1D5","","P18887",""
"61.00000000000001","","interacts with","0","0.476426198","","COL1A2 (interacts with) ZNF669",,"1","0","1","1","0.551219512","0.401632884",,"false","interacts with","COL1A2 (interacts with) ZNF669","0","P08123","","Q96BR6",""
"76.50985552818129","","interacts with","0","0.461777061","","BOD1L1 (interacts with) TCP11X2",,"0","0","0","1","0.52195122","0.401602903",,"false","interacts with","BOD1L1 (interacts with) TCP11X2","0","Q8NFC6","","Q5H9J9",""
"36.67474747474748","","interacts with","0","0.464192159","","CFAP107 (interacts with) KIR3DL1",,"0","0","0","1","0.526829268","0.401555049",,"false","interacts with","CFAP107 (interacts with) KIR3DL1","0","Q8N1D5","","P43629",""
"73.00985552818129","","interacts with","0","0.461777033","","BOD1L1 (interacts with) ZFP57",,"0","0","0","1","0.52195122","0.401602847",,"false","interacts with","BOD1L1 (interacts with) ZFP57","0","Q8NFC6","","Q9NU63",""
"105.28336725966771","","interacts with","0","0.464255252","","COL5A3 (interacts with) RARS1",,"1","0","1","1","0.526829268","0.401681236",,"false","interacts with","COL5A3 (interacts with) RARS1","0","P25940","","P54136",""
"67.80076461909046","","interacts with","0","0.46177705","","BOD1L1 (interacts with) NBPF6",,"0","0","0","1","0.52195122","0.401602881",,"false","interacts with","BOD1L1 (interacts with) NBPF6","0","Q8NFC6","","Q5VWK0",""
"29.630436230436242","","interacts with","0","0.476387305","","CFAP107 (interacts with) CLNK",,"0","0","0","1","0.551219512","0.401555098",,"false","interacts with","CFAP107 (interacts with) CLNK","0","Q8N1D5","","Q7Z7G1",""
"7.709401709401709","","interacts with","0","0.464192101","","ZNF277 (interacts with) UNC45A",,"0","0","0","1","0.526829268","0.401554934",,"false","interacts with","ZNF277 (interacts with) UNC45A","0","Q9NRM2","","Q9H3U1",""
"7.0","","interacts with","0","0.461753401","","OR6C76 (interacts with) SHISAL2B",,"0","0","0","1","0.52195122","0.401555582",,"false","interacts with","OR6C76 (interacts with) SHISAL2B","0","A6NM76","","A6NKW6",""
"70.25314557147139","","interacts with","0","0.464216106","","BOD1L1 (interacts with) SYPL1",,"0","0","0","1","0.526829268","0.401602943",,"false","interacts with","BOD1L1 (interacts with) SYPL1","0","Q8NFC6","","Q16563",""
"24.0","","interacts with","0","0.476426261","","PTGS1 (interacts with) CLCA2",,"1","0","1","1","0.551219512","0.401633009",,"false","interacts with","PTGS1 (interacts with) CLCA2","0","P23219","","Q9UQC9",""
"21.48333333333333","","interacts with","0","0.476426377","","KCNK13 (interacts with) RBM25",,"0","0","0","1","0.551219512","0.401633242",,"false","interacts with","KCNK13 (interacts with) RBM25","0","Q9HB14","","P49756",""
"9.333333333333334","","interacts with","0","0.476387125","","OR6C76 (interacts with) CCSER1",,"0","0","0","1","0.551219512","0.401554737",,"false","interacts with","OR6C76 (interacts with) CCSER1","0","A6NM76","","Q9C0I3",""
"71.45509362341937","","interacts with","0","0.464216171","","BOD1L1 (interacts with) CEACAM21",,"0","0","0","1","0.526829268","0.401603073",,"false","interacts with","BOD1L1 (interacts with) CEACAM21","0","Q8NFC6","","Q3KPI0",""
"26.0","","interacts with","0","0.461816252","","PGR (interacts with) FITM2",,"1","0","1","1","0.52195122","0.401681284",,"false","interacts with","PGR (interacts with) FITM2","0","P06401","","Q8N6M3",""
"70.4234086417344","","interacts with","0","0.464216097","","BOD1L1 (interacts with) ST8SIA4",,"0","0","0","1","0.526829268","0.401602925",,"false","interacts with","BOD1L1 (interacts with) ST8SIA4","0","Q8NFC6","","Q92187",""
"7.0","","interacts with","0","0.469070862","","OR6C76 (interacts with) NAA11",,"0","0","0","1","0.536585366","0.401556357",,"false","interacts with","OR6C76 (interacts with) NAA11","0","A6NM76","","Q9BSU3",""
"268.6666666666667","","interacts with","0","0.476426243","","COL1A1 (interacts with) NPAS1",,"1","0","1","1","0.551219512","0.401632974",,"false","interacts with","COL1A1 (interacts with) NPAS1","0","P02452","","Q99742",""
"15.217460317460317","","interacts with","0","0.476387102","","SF3A1 (interacts with) HPD",,"0","0","0","1","0.551219512","0.401554691",,"false","interacts with","SF3A1 (interacts with) HPD","0","Q15459","","P32754",""
"11.666666666666668","","interacts with","0","0.461753159","","SRRM5 (interacts with) SMIM26",,"0","0","0","1","0.52195122","0.401555098",,"false","interacts with","SRRM5 (interacts with) SMIM26","0","B3KS81","","A0A096LP01",""
"207.39314019314023","","interacts with","0","0.476426197","","CFAP107 (interacts with) TRIM17",,"0","0","0","1","0.551219512","0.401632882",,"false","interacts with","CFAP107 (interacts with) TRIM17","0","Q8N1D5","","Q9Y577",""
"11.899999999999999","","interacts with","0","0.469109368","","SPP1 (interacts with) PRR5",,"1","0","1","1","0.536585366","0.40163337",,"false","interacts with","SPP1 (interacts with) PRR5","0","P10451","","P85299",""
"8.0","","interacts with","0","0.476387753","","OR6C76 (interacts with) RNF13",,"0","0","0","1","0.551219512","0.401555993",,"false","interacts with","OR6C76 (interacts with) RNF13","0","A6NM76","","O43567",""
"99.96028230402636","","interacts with","0","0.47642641","","KCNK13 (interacts with) XRCC1",,"0","0","0","1","0.551219512","0.401633307",,"false","interacts with","KCNK13 (interacts with) XRCC1","0","Q9HB14","","P18887",""
"23.345300292445426","","interacts with","0","0.476426198","","COL5A2 (interacts with) RABL6",,"1","0","1","1","0.551219512","0.401632885",,"false","interacts with","COL5A2 (interacts with) RABL6","0","P05997","","Q3YEC7",""
"67.75552652385237","","interacts with","0","0.464216183","","BOD1L1 (interacts with) CALHM2",,"0","0","0","1","0.526829268","0.401603097",,"false","interacts with","BOD1L1 (interacts with) CALHM2","0","Q8NFC6","","Q9HA72",""
"28.827172827172838","","interacts with","0","0.476426259","","KCNK13 (interacts with) UVSSA",,"0","0","0","1","0.551219512","0.401633006",,"false","interacts with","KCNK13 (interacts with) UVSSA","0","Q9HB14","","Q2YD98",""
"19.328571428571426","","interacts with","0","0.464192192","","SF3A1 (interacts with) MAP2K5",,"0","0","0","1","0.526829268","0.401555117",,"false","interacts with","SF3A1 (interacts with) MAP2K5","0","Q15459","","Q13163",""
"165.57378155048156","","interacts with","0","0.464216063","","BOD1L1 (interacts with) PALS1",,"0","0","0","1","0.526829268","0.401602857",,"false","interacts with","BOD1L1 (interacts with) PALS1","0","Q8NFC6","","Q8N3R9",""
"104.7900653768378","","interacts with","0","0.476426192","","NCR1 (interacts with) COL5A3",,"0","1","1","1","0.551219512","0.401632871",,"false","interacts with","NCR1 (interacts with) COL5A3","0","O76036","","P25940",""
"14.64218559218559","","interacts with","0","0.461753463","","KCNK13 (interacts with) MCHR1",,"0","0","0","1","0.52195122","0.401555706",,"false","interacts with","KCNK13 (interacts with) MCHR1","0","Q9HB14","","Q99705",""
"82.60985552818121","","interacts with","0","0.461777086","","BOD1L1 (interacts with) ZMYND12",,"0","0","0","1","0.52195122","0.401602952",,"false","interacts with","BOD1L1 (interacts with) ZMYND12","0","Q8NFC6","","Q9H0C1",""
"28.559638503382523","","interacts with","0","0.469070053","","KCNK13 (interacts with) TCTN3",,"0","0","0","1","0.536585366","0.401554741",,"false","interacts with","KCNK13 (interacts with) TCTN3","0","Q9HB14","","Q6NUS6",""
"3.333333333333333","","interacts with","0","0.469070625","","DBR1 (interacts with) CPSF3",,"0","0","0","1","0.536585366","0.401555885",,"false","interacts with","DBR1 (interacts with) CPSF3","0","Q9UK59","","Q9UKF6",""
"75.80985552818123","","interacts with","0","0.461777159","","BOD1L1 (interacts with) CYP26B1",,"0","0","0","1","0.52195122","0.401603099",,"false","interacts with","BOD1L1 (interacts with) CYP26B1","0","Q8NFC6","","Q9NR63",""
"24.351648351648354","","interacts with","0","0.461754834","","KCNK13 (interacts with) CXCR3",,"0","0","0","1","0.52195122","0.401558449",,"false","interacts with","KCNK13 (interacts with) CXCR3","0","Q9HB14","","P49682",""
"9.333333333333332","","interacts with","0","0.476387177","","DBR1 (interacts with) KIF27",,"0","0","0","1","0.551219512","0.401554841",,"false","interacts with","DBR1 (interacts with) KIF27","0","Q9UK59","","Q86VH2",""
"7.8","","interacts with","0","0.476426264","","BMP7 (interacts with) ARHGAP28",,"1","0","1","1","0.551219512","0.401633017",,"false","interacts with","BMP7 (interacts with) ARHGAP28","0","P18075","","Q9P2N2",""
"85.1679193400645","","interacts with","0","0.461777092","","BOD1L1 (interacts with) MYLK3",,"0","0","0","1","0.52195122","0.401602965",,"false","interacts with","BOD1L1 (interacts with) MYLK3","0","Q8NFC6","","Q32MK0",""
"31.075541125541122","","interacts with","0","0.464231902","","KCNK13 (interacts with) SH2D7",,"0","0","0","1","0.526829268","0.401634535",,"false","interacts with","KCNK13 (interacts with) SH2D7","0","Q9HB14","","A6NKC9",""
"24.149425212468692","","interacts with","0","0.476387339","","RARS1 (interacts with) MARK1",,"0","0","0","1","0.551219512","0.401555167",,"false","interacts with","RARS1 (interacts with) MARK1","0","P54136","","Q9P0L2",""
"24.044863048809493","","interacts with","0","0.461777114","","GSG1L2 (interacts with) MED1",,"0","0","0","1","0.52195122","0.401603009",,"false","interacts with","GSG1L2 (interacts with) MED1","0","A8MUP6","","Q15648",""
"629.3733192288078","","interacts with","0","0.476426209","","BCL2 (interacts with) CAPG",,"1","0","1","1","0.551219512","0.401632906",,"false","interacts with","BCL2 (interacts with) CAPG","0","P10415","","P40121",""
"19.337179487179487","","interacts with","0","0.461753488","","RARS1 (interacts with) PECAM1",,"0","0","0","1","0.52195122","0.401555757",,"false","interacts with","RARS1 (interacts with) PECAM1","0","P54136","","P16284",""
"9.301254480286737","","interacts with","0","0.464192184","","RIPK2 (interacts with) SCAF4",,"0","0","0","1","0.526829268","0.401555101",,"false","interacts with","RIPK2 (interacts with) SCAF4","0","O43353","","O95104",""
"14.747619047619047","","interacts with","0","0.476387167","","SF3A1 (interacts with) UAP1",,"0","0","0","1","0.551219512","0.401554821",,"false","interacts with","SF3A1 (interacts with) UAP1","0","Q15459","","Q16222",""
"16.0","","interacts with","0","0.476426263","","GSK3B (interacts with) ZNF710",,"1","0","1","1","0.551219512","0.401633015",,"false","interacts with","GSK3B (interacts with) ZNF710","0","P49841","","Q8N1W2",""
"25.10904944353219","","interacts with","0","0.47638703","","RARS1 (interacts with) OSGIN2",,"0","0","0","1","0.551219512","0.401554548",,"false","interacts with","RARS1 (interacts with) OSGIN2","0","P54136","","Q9Y236",""
"106.76316156961319","","interacts with","0","0.476426195","","COL3A1 (interacts with) UTS2R",,"1","0","1","1","0.551219512","0.401632878",,"false","interacts with","COL3A1 (interacts with) UTS2R","0","P02461","","Q9UKP6",""
"11.913303138303137","","interacts with","0","0.47638707","","RARS1 (interacts with) ST8SIA5",,"0","0","0","1","0.551219512","0.401554627",,"false","interacts with","RARS1 (interacts with) ST8SIA5","0","P54136","","O15466",""
"200.69682539682572","","interacts with","0","0.476426204","","IGKV2D-30 (interacts with) MYCN",,"0","1","1","1","0.551219512","0.401632895",,"false","interacts with","IGKV2D-30 (interacts with) MYCN","0","A0A075B6S6","","P04198",""
"7.0","","interacts with","0","0.469071677","","OR6C76 (interacts with) CXorf66",,"0","0","0","1","0.536585366","0.401557987",,"false","interacts with","OR6C76 (interacts with) CXorf66","0","A6NM76","","Q5JRM2",""
"18.495238095238093","","interacts with","0","0.469070069","","SF3A1 (interacts with) STOX2",,"0","0","0","1","0.536585366","0.401554772",,"false","interacts with","SF3A1 (interacts with) STOX2","0","Q15459","","Q9P2F5",""
"38.333333333333336","","interacts with","0","0.476426333","","TNFSF11 (interacts with) HSP90AA4P",,"1","0","1","1","0.551219512","0.401633153",,"false","interacts with","TNFSF11 (interacts with) HSP90AA4P","0","O14788","","Q58FG1",""
"15.911904761904763","","interacts with","0","0.47638699","","SF3A1 (interacts with) NAP1L3",,"0","0","0","1","0.551219512","0.401554469",,"false","interacts with","SF3A1 (interacts with) NAP1L3","0","Q15459","","Q99457",""
"11.178787878787878","","interacts with","0","0.476387332","","RARS1 (interacts with) ZNF570",,"0","0","0","1","0.551219512","0.401555153",,"false","interacts with","RARS1 (interacts with) ZNF570","0","P54136","","Q96NI8",""
"68.0","","interacts with","0","0.476426183","","RELA (interacts with) EGR3",,"1","0","1","1","0.551219512","0.401632855",,"false","interacts with","RELA (interacts with) EGR3","0","Q04206","","Q06889",""
"456.78863968197976","","interacts with","0","0.476426359","","BCL2 (interacts with) LRFN3",,"1","0","1","1","0.551219512","0.401633207",,"false","interacts with","BCL2 (interacts with) LRFN3","0","P10415","","Q9BTN0",""
"23.48275854580202","","interacts with","0","0.461753183","","RARS1 (interacts with) HLCS",,"0","0","0","1","0.52195122","0.401555147",,"false","interacts with","RARS1 (interacts with) HLCS","0","P54136","","P50747",""
"32.22478842478843","","interacts with","0","0.464192569","","RARS1 (interacts with) ZNF136",,"0","0","0","1","0.526829268","0.401555869",,"false","interacts with","RARS1 (interacts with) ZNF136","0","P54136","","P52737",""
"8.0","","interacts with","0","0.476426338","","ESR1 (interacts with) TAOK3",,"1","0","1","1","0.551219512","0.401633164",,"false","interacts with","ESR1 (interacts with) TAOK3","0","P03372","","Q9H2K8",""
"10.870634920634917","","interacts with","0","0.464192203","","RIPK2 (interacts with) ARHGAP44",,"0","0","0","1","0.526829268","0.401555138",,"false","interacts with","RIPK2 (interacts with) ARHGAP44","0","O43353","","Q17R89",""
"22.316091879135353","","interacts with","0","0.469070132","","RARS1 (interacts with) SLC26A3",,"0","0","0","1","0.536585366","0.401554899",,"false","interacts with","RARS1 (interacts with) SLC26A3","0","P54136","","P40879",""
"110.0","","interacts with","0","0.464255225","","COL1A2 (interacts with) FRMD6-AS1",,"1","0","1","1","0.526829268","0.401681181",,"false","interacts with","COL1A2 (interacts with) FRMD6-AS1","0","P08123","","P0C7T7",""
"33.569042316448616","","interacts with","0","0.461753231","","RARS1 (interacts with) JUP",,"0","0","0","1","0.52195122","0.401555242",,"false","interacts with","RARS1 (interacts with) JUP","0","P54136","","P14923",""
"25.566666666666663","","interacts with","0","0.476426316","","DCDC2C (interacts with) TNFSF11",,"0","1","1","1","0.551219512","0.40163312",,"false","interacts with","DCDC2C (interacts with) TNFSF11","0","A8MYV0","","O14788",""
"44.77777777777778","","interacts with","0","0.476426243","","COL1A2 (interacts with) OR9A1P",,"1","0","1","1","0.551219512","0.401632973",,"false","interacts with","COL1A2 (interacts with) OR9A1P","0","P08123","","Q8NGU1",""
"23.721883808478378","","interacts with","0","0.593460305","","RARS1 (interacts with) RIN3",,"0","0","0","1","0.785365854","0.401554757",,"false","interacts with","RARS1 (interacts with) RIN3","0","P54136","","Q8TB24",""
"51.755587789889226","","interacts with","0","0.47638715","","RARS1 (interacts with) BRDT",,"0","0","0","1","0.551219512","0.401554788",,"false","interacts with","RARS1 (interacts with) BRDT","0","P54136","","Q58F21",""
"35.0","","interacts with","0","0.464255234","","COL5A1 (interacts with) FOXRED2",,"1","0","1","1","0.526829268","0.4016812",,"false","interacts with","COL5A1 (interacts with) FOXRED2","0","P20908","","Q8IWF2",""
"68.57674159020418","","interacts with","0","0.47642629","","RIPK2 (interacts with) COL3A1",,"0","1","1","1","0.551219512","0.401633067",,"false","interacts with","RIPK2 (interacts with) COL3A1","0","O43353","","P02461",""
"13.050793650793647","","interacts with","0","0.476387359","","SF3A1 (interacts with) FAM20A",,"0","0","0","1","0.551219512","0.401555206",,"false","interacts with","SF3A1 (interacts with) FAM20A","0","Q15459","","Q96MK3",""
"62.04160250999785","","interacts with","0","0.593390687","","RARS1 (interacts with) CORO1B",,"0","0","0","1","0.785365854","0.401415521",,"false","interacts with","RARS1 (interacts with) CORO1B","0","P54136","","Q9BR76",""
"180.0","","interacts with","0","0.47642635","","NTRK1 (interacts with) IFNLR1",,"1","0","1","1","0.551219512","0.401633187",,"false","interacts with","NTRK1 (interacts with) IFNLR1","0","P04629","","Q8IU57",""
"66.46666666666667","","interacts with","0","0.566514766","","NCAPG (interacts with) POLB",,"0","0","0","1","0.731707317","0.401322216",,"false","interacts with","NCAPG (interacts with) POLB","0","Q9BPX3","","P06746",""
"60.39402819402822","","interacts with","0","0.464192163","","SYT17 (interacts with) TRIP10",,"0","0","0","1","0.526829268","0.401555058",,"false","interacts with","SYT17 (interacts with) TRIP10","0","Q9BSW7","","Q15642",""
"21.20225279080117","","interacts with","0","0.461777089","","RIPK2 (interacts with) SMC1B",,"0","0","0","1","0.52195122","0.401602959",,"false","interacts with","RIPK2 (interacts with) SMC1B","0","O43353","","Q8NDV3",""
"203.05111555111554","","interacts with","0","0.476426162","","NKX2-8 (interacts with) MYCN",,"0","1","1","1","0.551219512","0.401632813",,"false","interacts with","NKX2-8 (interacts with) MYCN","0","O15522","","P04198",""
"16.215750915750917","","interacts with","0","0.47638716","","GOLGA3 (interacts with) RABEP1",,"0","0","0","1","0.551219512","0.401554809",,"false","interacts with","GOLGA3 (interacts with) RABEP1","0","Q08378","","Q15276",""
"9.098290598290594","","interacts with","0","0.464192195","","TRIM59 (interacts with) MYLK3",,"0","0","0","1","0.526829268","0.401555122",,"false","interacts with","TRIM59 (interacts with) MYLK3","0","Q8IWR1","","Q32MK0",""
"114.39999999999993","","interacts with","0","0.476426234","","COL1A1 (interacts with) CFAP107",,"1","0","1","1","0.551219512","0.401632956",,"false","interacts with","COL1A1 (interacts with) CFAP107","0","P02452","","Q8N1D5",""
"20.89194139194139","","interacts with","0","0.476387133","","GOLGA3 (interacts with) ALDH18A1",,"0","0","0","1","0.551219512","0.401554754",,"false","interacts with","GOLGA3 (interacts with) ALDH18A1","0","Q08378","","P54886",""
"49.70714285714284","","interacts with","0","0.464192314","","SYT17 (interacts with) NPBWR2",,"0","0","0","1","0.526829268","0.401555361",,"false","interacts with","SYT17 (interacts with) NPBWR2","0","Q9BSW7","","P48146",""
"11.51766983016983","","interacts with","0","0.47638744","","RGR (interacts with) DLAT",,"0","0","0","1","0.551219512","0.401555368",,"false","interacts with","RGR (interacts with) DLAT","0","P47804","","P10515",""
"6.7333333333333325","","interacts with","0","0.464192085","","ZDHHC14 (interacts with) CTNNA3",,"0","0","0","1","0.526829268","0.401554901",,"false","interacts with","ZDHHC14 (interacts with) CTNNA3","0","Q8IZN3","","Q9UI47",""
"0.0","","interacts with","0","0.650217941","","SRC (interacts with) SRC",,"1","1","1","1","0.892682927","0.407752955",,"false","interacts with","SRC (interacts with) SRC","0","P12931","","P12931",""
"10.120585701981051","","interacts with","0","0.469070175","","RGR (interacts with) ARHGEF15",,"0","0","0","1","0.536585366","0.401554984",,"false","interacts with","RGR (interacts with) ARHGEF15","0","P47804","","O94989",""
"5.733333333333333","","interacts with","0","0.464192167","","ZDHHC14 (interacts with) ARMC2",,"0","0","0","1","0.526829268","0.401555065",,"false","interacts with","ZDHHC14 (interacts with) ARMC2","0","Q8IZN3","","Q8NEN0",""
"6.085714285714285","","interacts with","0","0.469109274","","PGA4 (interacts with) AKT1",,"0","1","1","1","0.536585366","0.401633182",,"false","interacts with","PGA4 (interacts with) AKT1","0","P0DJD7","","P31749",""
"14.8","","interacts with","0","0.461753014","","SF3A1 (interacts with) DDX4",,"0","0","0","1","0.52195122","0.401554808",,"false","interacts with","SF3A1 (interacts with) DDX4","0","Q15459","","Q9NQI0",""
"9.13076923076923","","interacts with","0","0.46177714","","RGR (interacts with) NIBAN1",,"0","0","0","1","0.52195122","0.40160306",,"false","interacts with","RGR (interacts with) NIBAN1","0","P47804","","Q9BZQ8",""
"7.066666666666666","","interacts with","0","0.464192193","","ZDHHC14 (interacts with) SOBP",,"0","0","0","1","0.526829268","0.401555118",,"false","interacts with","ZDHHC14 (interacts with) SOBP","0","Q8IZN3","","A7XYQ1",""
"26.483333333333334","","interacts with","0","0.461752982","","SYT17 (interacts with) KCNK13",,"0","0","0","1","0.52195122","0.401554745",,"false","interacts with","SYT17 (interacts with) KCNK13","0","Q9BSW7","","Q9HB14",""
"57.39335472339465","","interacts with","0","0.476426247","","COL5A2 (interacts with) CYB5RL",,"1","0","1","1","0.551219512","0.401632982",,"false","interacts with","COL5A2 (interacts with) CYB5RL","0","P05997","","Q6IPT4",""
"15.995238095238093","","interacts with","0","0.476387247","","SF3A1 (interacts with) PSMD12",,"0","0","0","1","0.551219512","0.401554982",,"false","interacts with","SF3A1 (interacts with) PSMD12","0","Q15459","","O00232",""
"6.3999999999999995","","interacts with","0","0.469109487","","GTF2F1 (interacts with) SCN3B",,"0","0","0","1","0.536585366","0.401633608",,"false","interacts with","GTF2F1 (interacts with) SCN3B","0","P35269","","Q9NY72",""
"11.792857142857143","","interacts with","0","0.476387173","","GOLGA3 (interacts with) RAMAC",,"0","0","0","1","0.551219512","0.401554834",,"false","interacts with","GOLGA3 (interacts with) RAMAC","0","Q08378","","Q9BTL3",""
"19.659033225209694","","interacts with","0","0.588508752","","RARS1 (interacts with) DLAT",,"0","0","0","1","0.775609756","0.401407748",,"false","interacts with","RARS1 (interacts with) DLAT","0","P54136","","P10515",""
"54.120133792278985","","interacts with","0","0.476426228","","COL5A2 (interacts with) NPY4R",,"1","0","1","1","0.551219512","0.401632944",,"false","interacts with","COL5A2 (interacts with) NPY4R","0","P05997","","P50391",""
"6.8","","interacts with","0","0.476387364","","GTF2F1 (interacts with) C3orf84",,"0","0","0","1","0.551219512","0.401555215",,"false","interacts with","GTF2F1 (interacts with) C3orf84","0","P35269","","H3BNL1",""
"8.171428571428574","","interacts with","0","0.464192113","","GOLGA3 (interacts with) ZKSCAN4",,"0","0","0","1","0.526829268","0.401554957",,"false","interacts with","GOLGA3 (interacts with) ZKSCAN4","0","Q08378","","Q969J2",""
"101.77874739341047","","interacts with","0","0.464191977","","RARS1 (interacts with) TPTE2",,"0","0","0","1","0.526829268","0.401554687",,"false","interacts with","RARS1 (interacts with) TPTE2","0","P54136","","Q6XPS3",""
"290.0","","interacts with","0","0.476426258","","COL1A1 (interacts with) PPM1J",,"1","0","1","1","0.551219512","0.401633004",,"false","interacts with","COL1A1 (interacts with) PPM1J","0","P02452","","Q5JR12",""
"7.085714285714286","","interacts with","0","0.476426287","","GOLGA3 (interacts with) ZNF438",,"0","0","0","1","0.551219512","0.401633062",,"false","interacts with","GOLGA3 (interacts with) ZNF438","0","Q08378","","Q7Z4V0",""
"24.813304811130894","","interacts with","0","0.476387093","","RARS1 (interacts with) NIBAN1",,"0","0","0","1","0.551219512","0.401554674",,"false","interacts with","RARS1 (interacts with) NIBAN1","0","P54136","","Q9BZQ8",""
"6.15","","interacts with","0","0.464192447","","GTF2F1 (interacts with) HLA-DRB3",,"0","0","0","1","0.526829268","0.401555625",,"false","interacts with","GTF2F1 (interacts with) HLA-DRB3","0","P35269","","P79483",""
"12.371428571428572","","interacts with","0","0.476426243","","GOLGA3 (interacts with) TIMP4",,"0","0","0","1","0.551219512","0.401632974",,"false","interacts with","GOLGA3 (interacts with) TIMP4","0","Q08378","","Q99727",""
"35.016666666666666","","interacts with","0","0.47642626","","C3orf84 (interacts with) TP53",,"0","1","1","1","0.551219512","0.401633008",,"false","interacts with","C3orf84 (interacts with) TP53","0","H3BNL1","","P04637",""
