"__mclCluster","AverageShortestPathLength","BetweennessCentrality","ClosenessCentrality","ClusteringCoefficient","Degree","Eccentricity","IsSingleNode","name","NeighborhoodConnectivity","NumberOfDirectedEdges","NumberOfUndirectedEdges","OP_A","OP_B","OP_check","PartnerOfMultiEdgedNodePairs","Radiality","selected","SelfLoops","shared name","Stress","TopologicalCoefficient"
"5","1.74","0.04309393040146705","0.5747126436781609","0.24183006535947713","20","3","false","MYC","10.222222222222221","0","19","1","1","1","0","0.9839130434782608","false","1","MYC","346","0.23106060606060605"
"5","1.76","0.013989558967109985","0.5681818181818182","0.38461538461538464","13","3","false","PSMA4","13.384615384615385","0","13","0","0","0","0","0.9834782608695652","false","0","PSMA4","122","0.2731554160125589"
"28","1.0","0.8472222222222222","1.0","0.1111111111111111","11","1","false","CALCA","1.8888888888888888","0","10","1","1","1","0","1.0","false","1","CALCA","64","0.25925925925925924"
"28","1.8888888888888888","0.0","0.5294117647058824","0.0","1","2","false","COL9A3","9.0","0","1",,"0","0","0","0.9012345679012346","false","0","COL9A3","0","0.0"
"39","1.0","0.0","1.0","1.0","2","1","false","XPNPEP2","2.0","0","2","0","0","0","0","1.0","false","0","XPNPEP2","0","1.0"
"39","1.0","0.0","1.0","1.0","4","1","false","NOS3","2.0","0","3","1","1","1","0","1.0","false","1","NOS3","0","1.0"
"15","2.0","0.0","0.5","0.0","1","3","false","IGLV1-51","20.0","0","1","0",,"0","0","0.95","false","0","IGLV1-51","0","0.0"
"15","1.0476190476190477","0.9452380952380953","0.9545454545454545","0.042105263157894736","20","2","false","SOST","1.85","0","20","1","1","1","0","0.9976190476190476","false","0","SOST","400","0.11666666666666667"
"8","1.0294117647058822","0.6368835412953059","0.9714285714285715","0.09848484848484848","33","2","false","MYCN","4.181818181818182","0","33","1","1","1","0","0.999108734402852","false","0","MYCN","1006","0.13196480938416422"
"61","1.0","0.0","1.0","0.0","1","1","false","TSR3","1.0","0","1",,"0","0","0","1.0","false","0","TSR3","0","0.0"
"10","1.3846153846153846","0.05424064824064824","0.7222222222222222","0.45","18","2","false","BMP7","10.375","0","17","1","1","1","0","0.985207100591716","false","1","BMP7","132","0.39903846153846156"
"10","1.8461538461538463","2.1978021978021978E-4","0.5416666666666666","0.8333333333333334","4","2","false","FAM83C","19.75","0","4",,"0","0","0","0.9674556213017751","false","0","FAM83C","2","0.7596153846153846"
"13","1.0","0.9110671936758893","1.0","0.04743083003952569","25","1","false","RELA","2.0434782608695654","0","24","1","1","1","0","1.0","false","1","RELA","482","0.13043478260869565"
"13","1.9130434782608696","0.0","0.5227272727272727","1.0","2","2","false","OR51A4","14.0","0","2","0","0","0","0","0.9603024574669187","false","0","OR51A4","0","0.6086956521739131"
"19","1.0","0.13711309523809523","1.0","0.4666666666666667","18","1","false","AKT1","8.0","0","17","1","1","1","0","1.0","false","1","AKT1","128","0.5"
,"0.0","0.0","0.0","0.0","0","0","true","KLHL40","0.0","0","0","0","0","0","0","Infinity","false","0","KLHL40","0","0.0"
"6","1.1224489795918366","0.5980804481519351","0.890909090909091","0.08139534883720931","44","3","false","COL3A1","5.568181818181818","0","44","1","1","1","0","0.9972170686456401","false","0","COL3A1","3288","0.14055023923444976"
"52","1.0","0.0","1.0","0.0","1","1","false","PTPN18","1.0","0","1","0","0","0","0","1.0","false","0","PTPN18","0","0.0"
"75","1.0","0.0","1.0","0.0","1","1","false","POLB","1.0","0","1","0","0","0","0","1.0","false","0","POLB","0","0.0"
"3","1.0338983050847457","0.7999958253318861","0.9672131147540984","0.05576441102756892","59","2","false","COL1A1","4.157894736842105","0","58","1","1","1","0","0.9994052928932501","false","1","COL1A1","3236","0.08"
"36","0.0","0.0","0.0","0.0","0","0","true","POF1B","0.0","0","0","0","0","0","0","Infinity","false","0","POF1B","0","0.0"
"5","1.98","9.070294784580499E-5","0.5050505050505051","0.6666666666666666","3","3","false","ANXA3","29.0","0","3","0","0","0","0","0.9786956521739131","false","0","ANXA3","2","0.6041666666666666"
"5","1.08","0.449716059283592","0.9259259259259258","0.13719806763285025","48","2","false","TRAF6","7.739130434782608","0","47","1","1","1","0","0.9982608695652174","false","1","TRAF6","2258","0.16032608695652173"
"4","1.02","0.5374239169351951","0.9803921568627451","0.0977891156462585","49","2","false","COL1A2","5.714285714285714","0","49","1","1","1","0","0.9995918367346938","false","0","COL1A2","2210","0.12244897959183673"
"4","1.92","4.5112781954887213E-4","0.5208333333333334","0.7","5","3","false","NAP1L3","27.8","0","5","0","0","0","0","0.9812244897959184","false","0","NAP1L3","6","0.5673469387755102"
"12","1.625","0.02634575569358178","0.6153846153846154","0.35555555555555557","10","3","false","RAMACL","10.4","0","10","0","0","0","0","0.9728260869565217","false","0","RAMACL","58","0.45217391304347826"
"12","1.0416666666666667","0.2854252933057281","0.96","0.31620553359683795","23","2","false","MYCL","8.0","0","23","1","1","1","0","0.9981884057971014","false","0","MYCL","370","0.3333333333333333"
"7","1.7142857142857142","0.013796245771035687","0.5833333333333334","0.2","10","2","false","FGF10","11.1","0","10","0",,"0","0","0.9795918367346939","false","0","FGF10","72","0.3171428571428571"
"7","1.0","0.5512945784374356","1.0","0.16806722689075632","37","1","false","TP53","6.714285714285714","0","36","1","1","1","0","1.0","false","1","TP53","990","0.20714285714285716"
,"0.0","0.0","0.0","0.0","0","0","true","BMI1","0.0","0","0","0","0","0","0","Infinity","false","0","BMI1","0","0.0"
"6","1.836734693877551","0.006976295412393534","0.5444444444444444","0.3333333333333333","9","3","false","ELAC2","14.555555555555555","0","9","0","0","0","0","0.9809833024118738","false","0","ELAC2","86","0.30324074074074076"
,"0.0","0.0","0.0","0.0","0","0","true","CLN5","0.0","0","0","0","0","0","0","Infinity","false","0","CLN5","0","0.0"
"26","1.0","0.8555555555555556","1.0","0.1111111111111111","10","1","false","COL5A1","2.0","0","10","1","1","1","0","1.0","false","0","COL5A1","80","0.24285714285714285"
"8","1.9705882352941178","0.0","0.5074626865671642","1.0","2","3","false","RAB38","28.0","0","2","0","0","0","0","0.9705882352941178","false","0","RAB38","0","0.8484848484848485"
"9","1.8888888888888888","0.0","0.5294117647058824","1.0","3","2","false","SRRM5","19.0","0","3","0","0","0","0","0.9670781893004116","false","0","SRRM5","0","0.7037037037037037"
"9","1.0","0.43007619952064385","1.0","0.21937321937321938","27","1","false","PROCR","6.703703703703703","0","27","1","1","1","0","1.0","false","0","PROCR","548","0.24828532235939643"
"17","1.0","0.38986928104575164","1.0","0.2679738562091503","18","1","false","SPP1","5.555555555555555","0","18","1","1","1","0","1.0","false","0","SPP1","224","0.30864197530864196"
"17","1.8333333333333333","0.0016339869281045752","0.5454545454545455","0.6666666666666666","3","2","false","RFESD","11.666666666666666","0","3",,"0","0","0","0.9537037037037037","false","0","RFESD","2","0.6481481481481481"
"6","2.020408163265306","0.025967393051700913","0.494949494949495","0.21818181818181817","13","3","false","NFKB1","9.272727272727273","0","12","1","1","1","0","0.9768089053803339","false","1","NFKB1","304","0.2597402597402597"
"10","1.1538461538461537","0.17945188145188146","0.8666666666666667","0.2554112554112554","24","2","false","PRKACA","7.818181818181818","0","23","1","1","1","0","0.9940828402366864","false","1","PRKACA","344","0.3006993006993007"
"14","1.6956521739130435","0.008968567664219837","0.5897435897435898","0.5714285714285714","7","2","false","IGHV7-81","10.571428571428571","0","7","0","0","0","0","0.9697542533081286","false","0","IGHV7-81","18","0.45962732919254656"
"14","1.0","0.41114248070769815","1.0","0.22924901185770752","25","1","false","BMP2","6.043478260869565","0","24","1","1","1","0","1.0","false","1","BMP2","390","0.2727272727272727"
"31","1.0","0.9333333333333333","1.0","0.06666666666666667","8","1","false","MAPK1","1.3333333333333333","0","7","1","1","1","0","1.0","false","1","MAPK1","28","0.3333333333333333"
"31","1.8333333333333333","0.0","0.5454545454545455","0.0","1","2","false","RNF157","6.0","0","1",,"0","0","0","0.8611111111111112","false","0","RNF157","0","0.0"
"17","1.3888888888888888","0.08850762527233115","0.72","0.34545454545454546","11","2","false","CC2D1B","6.818181818181818","0","11","0","0","0","0","0.9783950617283951","false","0","CC2D1B","72","0.3787878787878788"
"7","1.9714285714285715","0.0","0.5072463768115941","0.0","1","2","false","IFNK","35.0","0","1",,"0","0","0","0.9722448979591836","false","0","IFNK","0","0.0"
"29","1.1111111111111112","0.5277777777777778","0.8999999999999999","0.2857142857142857","10","2","false","CASP3","3.125","0","9","1","1","1","0","0.9861111111111112","false","1","CASP3","50","0.3472222222222222"
"23","1.0","0.396969696969697","1.0","0.2909090909090909","13","1","false","SRC","3.909090909090909","0","12","1","1","1","0","1.0","false","1","SRC","78","0.35537190082644626"
"23","1.5454545454545454","0.016666666666666663","0.6470588235294118","0.7","5","2","false","COL4A4","6.6","0","5","0","0","0","0","0.9504132231404959","false","0","COL4A4","6","0.6"
"40","1.0","0.0","1.0","1.0","2","1","false","RPS27L","2.0","0","2","0","0","0","0","1.0","false","0","RPS27L","0","1.0"
"9","1.7407407407407407","0.010030298919187807","0.574468085106383","0.38095238095238093","7","2","false","TMEM41A","11.571428571428571","0","7","0","0","0","0","0.9725651577503429","false","0","TMEM41A","26","0.42857142857142855"
"17","1.7777777777777777","0.0","0.5625","1.0","4","2","false","POLR3GL","12.5","0","4",,"0","0","0","0.95679012345679","false","0","POLR3GL","0","0.6944444444444444"
"30","1.0","0.12444444444444444","1.0","0.6","8","1","false","PTGS2","4.0","0","7","1","1","1","0","1.0","false","1","PTGS2","12","0.6666666666666666"
,"0.0","0.0","0.0","0.0","0","0","true","EPB41L3","0.0","0","0","0","0","0","0","Infinity","false","0","EPB41L3","0","0.0"
"3","1.9322033898305084","0.002240405221118254","0.5175438596491229","0.4","6","3","false","GPR146","14.166666666666666","0","6","0","0","0","0","0.9836455545643771","false","0","GPR146","18","0.24853801169590642"
,"0.0","0.0","0.0","0.0","0","0","true","STK3","0.0","0","0","0","0","0","0","Infinity","false","0","STK3","0","0.0"
"18","1.0","0.6666666666666667","1.0","0.15833333333333333","18","1","false","PGR","3.375","0","17","1","1","1","0","1.0","false","1","PGR","202","0.2604166666666667"
,"0.0","0.0","0.0","0.0","0","0","true","ERLEC1","0.0","0","0","0","0","0","0","Infinity","false","0","ERLEC1","0","0.0"
"3","2.016949152542373","0.0","0.4957983193277311","0.0","1","3","false","IKBKE-AS1","57.0","0","1",,"0","0","0","0.9821587867975022","false","0","IKBKE-AS1","0","0.0"
"6","2.1020408163265305","0.0","0.47572815533980584","0.0","1","4","false","KLK9","44.0","0","1",,"0","0","0","0.9749536178107607","false","0","KLK9","0","0.0"
"69","1.0","0.0","1.0","0.0","1","1","false","DPH1","1.0","0","1","0","0","0","0","1.0","false","0","DPH1","0","0.0"
"24","1.0","0.7030303030303031","1.0","0.16363636363636364","11","1","false","VTN","2.6363636363636362","0","11","1","1","1","0","1.0","false","0","VTN","92","0.29545454545454547"
"24","1.8181818181818181","0.0","0.55","1.0","2","2","false","PFKL","8.5","0","2","0","0","0","0","0.9256198347107438","false","0","PFKL","0","0.7727272727272727"
"2","1.0476190476190477","0.6324037209674005","0.9545454545454545","0.0655367231638418","60","2","false","COL5A3","5.666666666666667","0","60","1","1","1","0","0.9992063492063491","false","0","COL5A3","4924","0.09626436781609195"
"2","1.7777777777777777","0.016872827618734917","0.5625","0.3076923076923077","14","2","false","RARS1","10.285714285714286","0","14","0","0","0","0","0.987037037037037","false","0","RARS1","262","0.16326530612244897"
"4","1.96","0.0","0.5102040816326531","1.0","3","3","false","ZNF669","33.333333333333336","0","3",,"0","0","0","0.9804081632653061","false","0","ZNF669","0","0.6802721088435374"
"8","1.9411764705882353","2.228163992869875E-4","0.5151515151515151","0.6666666666666666","3","3","false","SMIM44","21.666666666666668","0","3","0","0","0","0","0.9714795008912657","false","0","SMIM44","2","0.6565656565656566"
"17","1.4444444444444444","0.04651416122004357","0.6923076923076923","0.4888888888888889","10","2","false","PRR5","8.0","0","10","0","0","0","0","0.9753086419753088","false","0","PRR5","46","0.4444444444444444"
"3","1.9152542372881356","0.003652834599649328","0.5221238938053098","0.38095238095238093","7","3","false","NPAS1","11.714285714285714","0","7","0","0","0","0","0.983942908117752","false","0","NPAS1","26","0.20551378446115287"
,"0.0","0.0","0.0","0.0","0","0","true","FITM2","0.0","0","0","0","0","0","0","Infinity","false","0","FITM2","0","0.0"
"25","1.0","0.8777777777777778","1.0","0.08888888888888889","12","1","false","PTGS1","1.8","0","11","1","1","1","0","1.0","false","1","PTGS1","82","0.26"
"25","1.9","0.0","0.5263157894736842","0.0","1","2","false","CLCA2","10.0","0","1",,"0","0","0","0.9099999999999999","false","0","CLCA2","0","0.0"
"10","1.7307692307692308","0.0014079254079254078","0.5777777777777777","0.8571428571428571","7","2","false","ARHGAP28","15.714285714285714","0","7",,"0","0","0","0.9718934911242604","false","0","ARHGAP28","6","0.6043956043956044"
"15","2.8095238095238093","0.0","0.35593220338983056","0.0","1","3","false","SNAP47","3.0","0","1","0","0","0","0","0.9095238095238095","false","0","SNAP47","0","0.0"
"2","1.8253968253968254","0.01458546362815821","0.5478260869565218","0.18181818181818182","11","2","false","NCR1","13.181818181818182","0","11","0",,"0","0","0.9862433862433863","false","0","NCR1","314","0.21311475409836064"
"1","1.3703703703703705","0.25474304561271355","0.7297297297297297","0.09771825396825397","66","4","false","COL5A2","8.046875","0","65","1","1","1","0","0.9942129629629629","false","1","COL5A2","11152","0.11810661764705882"
"1","1.6296296296296295","0.0516950876326309","0.6136363636363636","0.18319327731092436","35","3","false","RABL6","11.542857142857143","0","35","0","0","0","0","0.9901620370370371","false","0","RABL6","1408","0.1518796992481203"
"6","2.0816326530612246","0.0","0.48039215686274506","1.0","2","4","false","UTS2R","24.5","0","2",,"0","0","0","0.975417439703154","false","0","UTS2R","0","0.5568181818181818"
"27","1.0","0.861111111111111","1.0","0.1111111111111111","11","1","false","GSK3B","1.8888888888888888","0","10","1","1","1","0","1.0","false","1","GSK3B","64","0.25925925925925924"
"27","1.6666666666666667","0.013888888888888888","0.6","0.6666666666666666","3","2","false","ZNF710","4.333333333333333","0","3","0","0","0","0","0.925925925925926","false","0","ZNF710","2","0.48148148148148145"
"16","1.105263157894737","0.6310916179337231","0.9047619047619047","0.13970588235294118","19","2","false","BCL2","3.3529411764705883","0","18","1","1","1","0","0.9938080495356038","false","1","BCL2","270","0.1903114186851211"
,"0.0","0.0","0.0","0.0","0","0","true","CAPG","0.0","0","0","0","0","0","0","Infinity","false","0","CAPG","0","0.0"
"13","1.9565217391304348","0.0","0.5111111111111111","0.0","1","2","false","EGR3","23.0","0","1",,"0","0","0","0.9584120982986768","false","0","EGR3","0","0.0"
"11","1.0","0.6276410256410255","1.0","0.13230769230769232","28","1","false","TNFSF11","4.3076923076923075","0","27","1","1","1","0","1.0","false","1","TNFSF11","564","0.1762820512820513"
"11","1.7692307692307692","0.011282051282051281","0.5652173913043479","0.4666666666666667","6","2","false","HSP90AA4P","9.166666666666666","0","6","0","0","0","0","0.9704142011834319","false","0","HSP90AA4P","16","0.3525641025641026"
,"0.0","0.0","0.0","0.0","0","0","true","TCEANC","0.0","0","0","0","0","0","0","Infinity","false","0","TCEANC","0","0.0"
"8","1.9411764705882353","8.9126559714795E-4","0.5151515151515151","0.6666666666666666","3","3","false","IGKV2D-30","15.333333333333334","0","3","0",,"0","0","0.9714795008912657","false","0","IGKV2D-30","2","0.46464646464646464"
"11","1.6923076923076923","0.015897435897435894","0.5909090909090909","0.4642857142857143","8","2","false","DCDC2C","9.5","0","8","0","0","0","0","0.9733727810650887","false","0","DCDC2C","30","0.36538461538461536"
"4","2.0","0.0","0.5","0.0","1","3","false","FRMD6-AS1","49.0","0","1",,"0","0","0","0.9795918367346939","false","0","FRMD6-AS1","0","0.0"
"32","1.0","0.75","1.0","0.2","7","1","false","ESR1","1.8","0","6","1","1","1","0","1.0","false","1","ESR1","16","0.4666666666666667"
"32","1.6","0.0","0.625","1.0","2","2","false","TAOK3","4.0","0","2","0","0","0","0","0.8800000000000001","false","0","TAOK3","0","0.8"
"16","2.0","0.0","0.5","1.0","2","3","false","LRFN3","9.5","0","2","0","0","0","0","0.9411764705882353","false","0","LRFN3","0","0.5588235294117647"
"33","1.2","0.25","0.8333333333333334","0.5","6","2","false","NTRK1","2.75","0","5","1","1","1","0","0.95","false","1","NTRK1","10","0.55"
"33","1.4","0.4","0.7142857142857143","0.3333333333333333","3","2","false","IFNLR1","3.0","0","3","0","0","0","0","0.9","false","0","IFNLR1","12","0.6666666666666666"
,"0.0","0.0","0.0","0.0","0","0","true","RIPK2","0.0","0","0","0",,"0","0","Infinity","false","0","RIPK2","0","0.0"
"26","1.9","0.0","0.5263157894736842","0.0","1","2","false","FOXRED2","10.0","0","1",,"0","0","0","0.9099999999999999","false","0","FOXRED2","0","0.0"
"4","1.9","1.4500537056928034E-4","0.5263157894736842","0.8666666666666667","6","3","false","OR9A1P","25.5","0","6",,"0","0","0","0.9816326530612245","false","0","OR9A1P","4","0.5204081632653061"
"19","1.4375","0.02104166666666667","0.6956521739130435","0.6666666666666666","9","2","false","PGA4","10.222222222222221","0","9","0","0","0","0","0.97265625","false","0","PGA4","24","0.6388888888888888"
"3","1.8305084745762712","0.013978180401324756","0.5462962962962963","0.21818181818181817","11","3","false","CFAP107","10.818181818181818","0","11","0","0","0","0","0.9854296758846268","false","0","CFAP107","104","0.1865203761755486"
"8","1.9705882352941178","0.0","0.5074626865671642","1.0","2","3","false","NKX2-8","28.0","0","2","0","0","0","0","0.9705882352941178","false","0","NKX2-8","0","0.8484848484848485"
"7","1.7714285714285714","0.004393818133313933","0.5645161290322581","0.42857142857142855","8","2","false","C3orf84","14.0","0","8","0","0","0","0","0.9779591836734693","false","0","C3orf84","32","0.4"
"73","1.0","0.0","1.0","0.0","1","1","false","PPM1J","1.0","0","1","0","0","0","0","1.0","false","0","PPM1J","0","0.0"
"1","2.0","4.761375255490865E-4","0.5","0.7","5","3","false","NPY4R","45.2","0","5","0","0","0","0","0.984375","false","0","NPY4R","290","0.5947368421052631"
"1","1.9876543209876543","0.0011504072815945435","0.5031055900621119","0.5333333333333333","6","3","false","CYB5RL","34.5","0","6","0","0","0","0","0.9845679012345679","false","0","CYB5RL","202","0.45394736842105265"
"7","1.9428571428571428","0.0","0.5147058823529412","1.0","2","2","false","TBC1D28","26.5","0","2",,"0","0","0","0.9730612244897959","false","0","TBC1D28","0","0.7571428571428571"
"9","1.9259259259259258","0.0","0.5192307692307693","1.0","2","2","false","CRTC3","19.5","0","2","0","0","0","0","0.9657064471879286","false","0","CRTC3","0","0.7222222222222222"
"4","1.92","4.296455424274973E-5","0.5208333333333334","0.9","5","3","false","UAP1","29.4","0","5","0","0","0","0","0.9812244897959184","false","0","UAP1","2","0.6"
"75","1.0","0.0","1.0","0.0","1","1","false","NCAPG","1.0","0","1","0","0","0","0","1.0","false","0","NCAPG","0","0.0"
,"0.0","0.0","0.0","0.0","0","0","true","PDXDC1","0.0","0","0","0","0","0","0","Infinity","false","0","PDXDC1","0","0.0"
"21","1.0","0.5207070707070707","1.0","0.22727272727272727","14","1","false","JUN","3.5","0","13","1","1","1","0","1.0","false","1","JUN","102","0.2916666666666667"
"21","1.8333333333333333","0.0","0.5454545454545455","1.0","2","2","false","TPPP2","9.0","0","2","0","0","0","0","0.9305555555555555","false","0","TPPP2","0","0.75"
"2","1.9523809523809523","7.083119986345793E-4","0.5121951219512195","0.6666666666666666","4","3","false","PECAM1","21.75","0","4","0","0","0","0","0.9841269841269842","false","0","PECAM1","12","0.35080645161290325"
"11","1.9230769230769231","0.0","0.52","1.0","2","2","false","ZNF185","17.5","0","2",,"0","0","0","0.9644970414201184","false","0","ZNF185","0","0.6730769230769231"
,"0.0","0.0","0.0","0.0","0","0","true","GABPA","0.0","0","0","0","0","0","0","Infinity","false","0","GABPA","0","0.0"
"8","1.9705882352941178","0.0","0.5074626865671642","1.0","2","3","false","CYB5A","28.0","0","2","0","0","0","0","0.9705882352941178","false","0","CYB5A","0","0.8484848484848485"
"5","1.82","0.005841621186087852","0.5494505494505494","0.37777777777777777","10","3","false","OR51M1","17.1","0","10","0","0","0","0","0.9821739130434782","false","0","OR51M1","122","0.3489795918367347"
"7","1.8571428571428572","0.0015533486121721415","0.5384615384615384","0.5","5","2","false","MOB2","15.4","0","5","0","0","0","0","0.9755102040816327","false","0","MOB2","10","0.44"
"20","1.0","0.5455555555555556","1.0","0.22857142857142856","15","1","false","CTSK","4.2","0","15","1","1","1","0","1.0","false","0","CTSK","162","0.29523809523809524"
"20","1.6666666666666667","0.0074603174603174605","0.6","0.7","5","2","false","CASKIN2","7.4","0","5","0","0","0","0","0.9555555555555556","false","0","CASKIN2","6","0.49333333333333335"
"11","1.7307692307692308","0.011743589743589742","0.5777777777777777","0.42857142857142855","7","2","false","CTNNA3","9.571428571428571","0","7","0","0","0","0","0.9718934911242604","false","0","CTNNA3","24","0.36813186813186816"
"53","1.0","0.0","1.0","0.0","1","1","false","CHPF2","1.0","0","1",,"0","0","0","1.0","false","0","CHPF2","0","0.0"
"3","2.0","0.0","0.5","1.0","2","3","false","VGLL3","32.0","0","2","0","0","0","0","0.9824561403508771","false","0","VGLL3","0","0.5614035087719298"
"22","1.9166666666666667","0.0","0.5217391304347826","0.0","1","2","false","OOSP4A","12.0","0","1","0",,"0","0","0.9236111111111112","false","0","OOSP4A","0","0.0"
"22","1.0","0.9545454545454546","1.0","0.045454545454545456","12","1","false","BGLAP","1.5","0","12","1","1","1","0","1.0","false","0","BGLAP","126","0.16666666666666666"
"6","1.9795918367346939","0.0","0.5051546391752577","1.0","2","3","false","RUNDC3B","32.5","0","2","0","0","0","0","0.9777365491651206","false","0","RUNDC3B","0","0.6770833333333334"
"5","2.06","0.0","0.4854368932038835","0.0","1","3","false","OR13C8","46.0","0","1","0",,"0","0","0.9769565217391304","false","0","OR13C8","0","0.0"
"24","1.8181818181818181","0.0","0.55","1.0","2","2","false","RPS6KC1","8.0","0","2",,"0","0","0","0.9256198347107438","false","0","RPS6KC1","0","0.7272727272727273"
"1","2.0617283950617282","0.012533424575908251","0.4850299401197605","0.32051282051282054","15","4","false","MAPK14","9.153846153846153","0","14","1","1","1","0","0.9834104938271605","false","1","MAPK14","1324","0.13662456946039037"
"1","2.185185185185185","9.593505018341619E-4","0.4576271186440678","0.6666666666666666","3","4","false","YME1L1","30.333333333333332","0","3","0","0","0","0","0.9814814814814815","false","0","YME1L1","104","0.4527363184079602"
"9","1.7407407407407407","0.005967078189300411","0.574468085106383","0.5238095238095238","7","2","false","DHRS13","12.428571428571429","0","7","0","0","0","0","0.9725651577503429","false","0","DHRS13","20","0.4603174603174603"
"6","1.9183673469387754","3.978377065111759E-4","0.5212765957446809","0.7","5","3","false","ZNF311","19.6","0","5",,"0","0","0","0.9791280148423006","false","0","ZNF311","6","0.4083333333333333"
"22","1.8333333333333333","0.0","0.5454545454545455","1.0","2","2","false","STX16","7.0","0","2","0",,"0","0","0.9305555555555555","false","0","STX16","0","0.5833333333333334"
"5","1.64","0.0323169893598465","0.6097560975609756","0.24183006535947713","18","2","false","PMS2","12.555555555555555","0","18","0","0","0","0","0.9860869565217392","false","0","PMS2","294","0.2511111111111111"
"3","2.0","0.0","0.5","1.0","2","3","false","CCKAR","34.0","0","2",,"0","0","0","0.9824561403508771","false","0","CCKAR","0","0.5964912280701754"
"18","1.9375","0.0","0.5161290322580645","0.0","1","2","false","ZNF582","16.0","0","1",,"0","0","0","0.94140625","false","0","ZNF582","0","0.0"
"2","1.9523809523809523","2.4450684807714423E-4","0.5121951219512195","0.6666666666666666","4","3","false","SLC2A11","27.5","0","4","0","0","0","0","0.9841269841269842","false","0","SLC2A11","28","0.4435483870967742"
"2","1.9841269841269842","2.4597423716309546E-4","0.504","0.3333333333333333","3","3","false","ITFG2","39.333333333333336","0","3",,"0","0","0","0.9835978835978836","false","0","ITFG2","36","0.65"
"18","1.8125","0.0013888888888888887","0.5517241379310345","0.6666666666666666","3","2","false","RHOBTB3","10.666666666666666","0","3","0","0","0","0","0.94921875","false","0","RHOBTB3","2","0.6666666666666666"
"9","1.6296296296296295","0.01862479084701307","0.6136363636363636","0.37777777777777777","10","2","false","SGCA","10.9","0","10","0","0","0","0","0.9766803840877915","false","0","SGCA","56","0.40370370370370373"
"58","1.0","0.0","1.0","0.0","1","1","false","FKBP10","1.0","0","1","0","0","0","0","1.0","false","0","FKBP10","0","0.0"
"18","1.8125","0.0013888888888888887","0.5517241379310345","0.6666666666666666","3","2","false","RASGEF1B","10.666666666666666","0","3","0","0","0","0","0.94921875","false","0","RASGEF1B","2","0.6666666666666666"
,"0.0","0.0","0.0","0.0","0","0","true","KAT5","0.0","0","0","0","0","0","0","Infinity","false","0","KAT5","0","0.0"
"18","1.9375","0.0","0.5161290322580645","0.0","1","2","false","PLCZ1","16.0","0","1",,"0","0","0","0.94140625","false","0","PLCZ1","0","0.0"
,"0.0","0.0","0.0","0.0","0","0","true","UBA2","0.0","0","0",,"0","0","0","Infinity","false","0","UBA2","0","0.0"
,"0.0","0.0","0.0","0.0","0","0","true","AP3B1","0.0","0","0","0","0","0","0","Infinity","false","0","AP3B1","0","0.0"
"9","1.7777777777777777","0.007692307692307692","0.5625","0.4","6","2","false","GTF2A1L","11.833333333333334","0","6","0","0","0","0","0.9711934156378601","false","0","GTF2A1L","18","0.4382716049382716"
"2","1.9047619047619047","0.0011236781450553015","0.525","0.4666666666666667","6","2","false","SHC2","24.0","0","6",,"0","0","0","0.9849206349206349","false","0","SHC2","56","0.38095238095238093"
"4","1.98","0.0","0.5050505050505051","1.0","2","3","false","TMIGD2","44.0","0","2",,"0","0","0","0.9800000000000001","false","0","TMIGD2","0","0.8979591836734694"
"74","1.0","0.0","1.0","0.0","3","1","false","AR","1.0","0","2","1","1","1","0","1.0","false","1","AR","0","0.0"
"74","1.0","0.0","1.0","0.0","1","1","false","RBL2","1.0","0","1","0","0","0","0","1.0","false","0","RBL2","0","0.0"
,"0.0","0.0","0.0","0.0","0","0","true","GTF2H1","0.0","0","0","0","0","0","0","Infinity","false","0","GTF2H1","0","0.0"
"3","2.9661016949152543","0.0","0.33714285714285713","0.0","1","4","false","GPANK1","2.0","0","1","0","0","0","0","0.9655069878085043","false","0","GPANK1","0","0.0"
"10","1.8846153846153846","0.0","0.5306122448979592","1.0","3","2","false","NCAPH","18.333333333333332","0","3",,"0","0","0","0.9659763313609468","false","0","NCAPH","0","0.7051282051282052"
"3","1.8644067796610169","0.006843672594695386","0.5363636363636364","0.35555555555555557","10","3","false","KCNK13","13.9","0","10","0","0","0","0","0.9848349687778769","false","0","KCNK13","58","0.24385964912280703"
"8","1.911764705882353","2.228163992869875E-4","0.5230769230769231","0.8333333333333334","4","3","false","ADARB2-AS1","18.0","0","4","0",,"0","0","0.9723707664884135","false","0","ADARB2-AS1","2","0.5454545454545454"
"10","1.8461538461538463","2.1978021978021978E-4","0.5416666666666666","0.8333333333333334","4","2","false","MFSD4A","20.0","0","4","0","0","0","0","0.9674556213017751","false","0","MFSD4A","2","0.7692307692307693"
,"0.0","0.0","0.0","0.0","0","0","true","MSI2","0.0","0","0","0","0","0","0","Infinity","false","0","MSI2","0","0.0"
"25","1.9","0.0","0.5263157894736842","0.0","1","2","false","KLHL13","10.0","0","1",,"0","0","0","0.9099999999999999","false","0","KLHL13","0","0.0"
,"0.0","0.0","0.0","0.0","0","0","true","HELLS","0.0","0","0","0","0","0","0","Infinity","false","0","HELLS","0","0.0"
"2","1.9047619047619047","8.589382387383342E-4","0.525","0.5333333333333333","6","2","false","THNSL2","25.0","0","6",,"0","0","0","0.9849206349206349","false","0","THNSL2","54","0.3968253968253968"
,"0.0","0.0","0.0","0.0","0","0","true","TRIM59","0.0","0","0","0","0","0","0","Infinity","false","0","TRIM59","0","0.0"
"5","2.1","0.004249408188183698","0.47619047619047616","0.10714285714285714","8","3","false","ZNF319","10.875","0","8","0","0","0","0","0.976086956521739","false","0","ZNF319","52","0.3143939393939394"
"71","1.0","0.0","1.0","0.0","1","1","false","TLX3","1.0","0","1","0","0","0","0","1.0","false","0","TLX3","0","0.0"
,"0.0","0.0","0.0","0.0","0","0","true","TCTN1","0.0","0","0","0","0","0","0","Infinity","false","0","TCTN1","0","0.0"
"16","1.7894736842105263","0.007797270955165692","0.5588235294117647","0.6666666666666666","4","2","false","PSMD13","9.75","0","4","0","0","0","0","0.9535603715170278","false","0","PSMD13","8","0.5131578947368421"
"1","2.0123456790123457","4.5684740209229644E-4","0.4969325153374233","0.6666666666666666","4","3","false","PDIA2","49.0","0","4","0","0","0","0","0.9841820987654321","false","0","PDIA2","288","0.6447368421052632"
"9","1.8888888888888888","7.122507122507123E-4","0.5294117647058824","0.6666666666666666","3","2","false","AKAP17A","13.333333333333334","0","3","0","0","0","0","0.9670781893004116","false","0","AKAP17A","2","0.49382716049382713"
"73","1.0","0.0","1.0","0.0","1","1","false","UBE2I","1.0","0","1","0","0","0","0","1.0","false","0","UBE2I","0","0.0"
"12","1.7083333333333333","0.009213250517598344","0.5853658536585367","0.5714285714285714","7","2","false","KCNJ12","12.285714285714286","0","7","0","0","0","0","0.9692028985507247","false","0","KCNJ12","22","0.5119047619047619"
"21","1.3333333333333333","0.14141414141414144","0.75","0.25","8","2","false","SHTN1","4.0","0","8","0","0","0","0","0.9722222222222222","false","0","SHTN1","42","0.3333333333333333"
"5","1.84","0.0029485879915525453","0.5434782608695652","0.4444444444444444","9","3","false","RASSF2","20.0","0","9","0","0","0","0","0.9817391304347826","false","0","RASSF2","48","0.40816326530612246"
"20","1.9333333333333333","0.0","0.5172413793103449","0.0","1","2","false","CARD14","15.0","0","1",,"0","0","0","0.9377777777777777","false","0","CARD14","0","0.0"
"3","1.9830508474576272","0.0","0.5042735042735043","1.0","3","3","false","KCNJ2","27.666666666666668","0","3","0","0","0","0","0.9827534939042522","false","0","KCNJ2","0","0.4853801169590643"
"16","1.894736842105263","0.0","0.5277777777777778","1.0","2","2","false","WNT9A","13.5","0","2","0",,"0","0","0.9473684210526315","false","0","WNT9A","0","0.7105263157894737"
"9","1.8148148148148149","0.0033509700176366846","0.5510204081632653","0.5","5","2","false","RBMX2","12.8","0","5",,"0","0","0","0.9698216735253772","false","0","RBMX2","10","0.4740740740740741"
"8","1.8823529411764706","5.941770647653E-4","0.53125","0.8333333333333334","4","2","false","TDGF1","17.75","0","4","0","0","0","0","0.9732620320855615","false","0","TDGF1","4","0.5220588235294118"
"12","1.5","0.052182539682539685","0.6666666666666666","0.4393939393939394","12","2","false","GOLGA3","9.833333333333334","0","12","0","0","0","0","0.9782608695652174","false","0","GOLGA3","84","0.4097222222222222"
"6","2.204081632653061","0.003148283122772918","0.4537037037037038","0.23809523809523808","7","3","false","ZCCHC2","10.142857142857142","0","7",,"0","0","0","0.9726345083487942","false","0","ZCCHC2","34","0.3225806451612903"
"1","1.271604938271605","0.3833311019412597","0.7864077669902912","0.06502816180235535","63","3","false","BOD1L1","7.317460317460317","0","63","0","0","0","0","0.9957561728395061","false","0","BOD1L1","20218","0.10052910052910052"
"8","1.8823529411764706","0.0023767082590612","0.53125","0.6666666666666666","4","2","false","ARF5","16.75","0","4","0","0","0","0","0.9732620320855615","false","0","ARF5","8","0.49264705882352944"
"64","1.0","0.0","1.0","0.0","1","1","false","FAM161B","1.0","0","1","0","0","0","0","1.0","false","0","FAM161B","0","0.0"
"19","1.5","0.005654761904761904","0.6666666666666666","0.8214285714285714","8","2","false","MIDEAS","11.375","0","8","0","0","0","0","0.96875","false","0","MIDEAS","10","0.7109375"
"43","1.0","0.0","1.0","0.0","1","1","false","PPM1B","1.0","0","1","0","0","0","0","1.0","false","0","PPM1B","0","0.0"
"7","1.9142857142857144","2.8011204481792715E-4","0.5223880597014925","0.6666666666666666","3","2","false","NXPH3","16.333333333333332","0","3","0",,"0","0","0.9738775510204083","false","0","NXPH3","2","0.4666666666666667"
"2","1.9841269841269842","0.0","0.504","1.0","2","3","false","ZNF136","37.0","0","2",,"0","0","0","0.9835978835978836","false","0","ZNF136","0","0.5967741935483871"
"19","1.5625","0.009880952380952381","0.64","0.7142857142857143","7","2","false","CNTLN","10.714285714285714","0","7","0","0","0","0","0.96484375","false","0","CNTLN","12","0.6696428571428571"
"1","2.0246913580246915","2.626941716592115E-4","0.49390243902439024","0.6666666666666666","3","3","false","KCNJ1","47.666666666666664","0","3","0","0","0","0","0.9839891975308642","false","0","KCNJ1","160","0.6271929824561403"
,"0.0","0.0","0.0","0.0","0","0","true","CAPZB","0.0","0","0","0","0","0","0","Infinity","false","0","CAPZB","0","0.0"
"10","1.8461538461538463","5.128205128205128E-4","0.5416666666666666","0.8333333333333334","4","2","false","RIOX2","17.5","0","4","0","0","0","0","0.9674556213017751","false","0","RIOX2","2","0.6730769230769231"
"17","1.7777777777777777","8.169934640522876E-4","0.5625","0.8333333333333334","4","2","false","ANKRD22","12.25","0","4",,"0","0","0","0.95679012345679","false","0","ANKRD22","2","0.6805555555555556"
"10","1.8076923076923077","0.0011588411588411588","0.5531914893617021","0.7","5","2","false","ACP5","16.2","0","5","0","0","0","0","0.9689349112426036","false","0","ACP5","6","0.6230769230769231"
"5","1.86","0.004142560418012109","0.5376344086021505","0.39285714285714285","8","3","false","OR12D2","19.25","0","8","0","0","0","0","0.981304347826087","false","0","OR12D2","92","0.3984375"
"2","1.9682539682539681","2.4597423716309546E-4","0.5080645161290323","0.6666666666666666","4","3","false","COX11","31.0","0","4","0","0","0","0","0.9838624338624339","false","0","COX11","36","0.5081967213114754"
"8","1.3529411764705883","0.18612596553773025","0.7391304347826086","0.1225296442687747","23","3","false","PHACTR2","5.0","0","23","0","0","0","0","0.9893048128342247","false","0","PHACTR2","444","0.15151515151515152"
"10","1.6923076923076923","0.006043956043956043","0.5909090909090909","0.6785714285714286","8","2","false","SKI","14.625","0","8","0","0","0","0","0.9733727810650887","false","0","SKI","18","0.5625"
"4","1.92","1.4500537056928034E-4","0.5208333333333334","0.8","5","3","false","HOXA13","28.8","0","5",,"0","0","0","0.9812244897959184","false","0","HOXA13","4","0.5877551020408164"
"23","1.0909090909090908","0.2515151515151515","0.9166666666666667","0.3333333333333333","10","2","false","ZC3H13","4.2","0","10","0","0","0","0","0.9917355371900828","false","0","ZC3H13","60","0.38181818181818183"
"7","1.6857142857142857","0.013607442977190878","0.5932203389830508","0.2545454545454545","11","2","false","RNF168","11.454545454545455","0","11",,"0","0","0","0.9804081632653062","false","0","RNF168","82","0.32727272727272727"
"40","1.0","0.0","1.0","1.0","2","1","false","EIF2S1","2.0","0","2","0","0","0","0","1.0","false","0","EIF2S1","0","1.0"
"12","1.9583333333333333","0.0","0.5106382978723405","1.0","2","3","false","FBXL18","19.5","0","2",,"0","0","0","0.9583333333333334","false","0","FBXL18","0","0.8478260869565217"
"9","1.8518518518518519","0.0016619183285849952","0.54","0.6666666666666666","4","2","false","C10orf67","15.0","0","4","0","0","0","0","0.9684499314128944","false","0","C10orf67","4","0.5555555555555556"
"3","1.9830508474576272","0.0","0.5042735042735043","1.0","3","3","false","MSTN","32.666666666666664","0","3","0","0","0","0","0.9827534939042522","false","0","MSTN","0","0.5730994152046783"
"13","1.8695652173913044","0.001976284584980237","0.5348837209302325","0.6666666666666666","3","2","false","OR1M1","9.666666666666666","0","3","0","0","0","0","0.9621928166351607","false","0","OR1M1","2","0.42028985507246375"
"3","2.016949152542373","0.0","0.4957983193277311","0.0","1","3","false","CHN1","57.0","0","1",,"0","0","0","0.9821587867975022","false","0","CHN1","0","0.0"
"57","1.0","0.0","1.0","0.0","1","1","false","TAPT1","1.0","0","1","0","0","0","0","1.0","false","0","TAPT1","0","0.0"
"1","2.1728395061728394","9.593505018341619E-4","0.46022727272727276","0.8333333333333334","4","4","false","USO1","24.25","0","4","0","0","0","0","0.9816743827160493","false","0","USO1","104","0.3619402985074627"
"1","2.0","4.5684740209229644E-4","0.5","0.8","5","3","false","PUS1","45.0","0","5",,"0","0","0","0.984375","false","0","PUS1","288","0.5921052631578947"
"9","1.8148148148148149","6.014561570117125E-4","0.5510204081632653","0.8","5","2","false","SH3D21","15.6","0","5","0","0","0","0","0.9698216735253772","false","0","SH3D21","4","0.5777777777777777"
"14","1.826086956521739","0.0015527950310559005","0.5476190476190477","0.5","4","2","false","IGHV1-45","15.25","0","4","0",,"0","0","0.9640831758034026","false","0","IGHV1-45","6","0.6630434782608695"
"18","1.8125","0.0027777777777777775","0.5517241379310345","0.6666666666666666","3","2","false","CPSF3","8.333333333333334","0","3",,"0","0","0","0.94921875","false","0","CPSF3","2","0.5208333333333334"
"4","1.96","0.0","0.5102040816326531","1.0","3","3","false","AP1M2","31.666666666666668","0","3","0","0","0","0","0.9804081632653061","false","0","AP1M2","0","0.6462585034013606"
"2","1.9206349206349207","3.911332820270316E-4","0.5206611570247933","0.6","5","2","false","MAMLD1","24.2","0","5",,"0","0","0","0.9846560846560847","false","0","MAMLD1","12","0.38412698412698415"
"19","1.75","6.944444444444444E-4","0.5714285714285714","0.8333333333333334","4","2","false","PGA3","14.0","0","4","0",,"0","0","0.953125","false","0","PGA3","2","0.875"
"17","1.7777777777777777","8.169934640522876E-4","0.5625","0.8333333333333334","4","2","false","LCN15","12.25","0","4",,"0","0","0","0.95679012345679","false","0","LCN15","2","0.6805555555555556"
"2","1.8412698412698412","0.00687447790757802","0.5431034482758621","0.26666666666666666","10","2","false","DZIP1","11.8","0","10","0","0","0","0","0.985978835978836","false","0","DZIP1","144","0.1873015873015873"
"10","1.6153846153846154","0.012624042624042623","0.6190476190476191","0.5777777777777777","10","2","false","SULT1A4","12.2","0","10","0","0","0","0","0.9763313609467456","false","0","SULT1A4","38","0.46923076923076923"
"6","1.816326530612245","0.009051850020910968","0.550561797752809","0.4166666666666667","9","2","false","SULT1E1","15.333333333333334","0","9","0","0","0","0","0.9814471243042672","false","0","SULT1E1","192","0.3129251700680272"
"17","1.8333333333333333","8.169934640522876E-4","0.5454545454545455","0.6666666666666666","3","2","false","GRAMD2B","12.666666666666666","0","3",,"0","0","0","0.9537037037037037","false","0","GRAMD2B","2","0.7037037037037037"
,"0.0","0.0","0.0","0.0","0","0","true","TRIM69","0.0","0","0","0","0","0","0","Infinity","false","0","TRIM69","0","0.0"
,"0.0","0.0","0.0","0.0","0","0","true","TRIM55","0.0","0","0","0","0","0","0","Infinity","false","0","TRIM55","0","0.0"
"10","1.8076923076923077","5.616605616605617E-4","0.5531914893617021","0.8","5","2","false","BTBD16","18.0","0","5","0","0","0","0","0.9689349112426036","false","0","BTBD16","4","0.6923076923076923"
"1","1.9876543209876543","0.0013432745037971758","0.5031055900621119","0.5333333333333333","6","3","false","TBX10","37.833333333333336","0","6","0","0","0","0","0.9845679012345679","false","0","TBX10","328","0.49780701754385964"
,"0.0","0.0","0.0","0.0","0","0","true","CTDNEP1","0.0","0","0","0","0","0","0","Infinity","false","0","CTDNEP1","0","0.0"
"29","1.5555555555555556","0.060185185185185175","0.6428571428571428","0.5","4","2","false","SEPTIN5","5.0","0","4","0","0","0","0","0.9305555555555556","false","0","SEPTIN5","10","0.5555555555555556"
"4","1.94","0.0","0.5154639175257733","1.0","4","3","false","ERF","30.75","0","4",,"0","0","0","0.9808163265306122","false","0","ERF","0","0.6275510204081632"
"3","2.0","0.0","0.5","1.0","2","3","false","CNMD","40.0","0","2","0","0","0","0","0.9824561403508771","false","0","CNMD","0","0.7017543859649122"
"1","1.9753086419753085","5.68730118141679E-4","0.50625","0.7619047619047619","7","3","false","ZDHHC11","37.57142857142857","0","7","0","0","0","0","0.9847608024691358","false","0","ZDHHC11","294","0.4943609022556391"
"8","1.7647058823529411","0.01812240047534165","0.5666666666666667","0.25","9","3","false","FAM117B","7.333333333333333","0","9","0","0","0","0","0.9768270944741533","false","0","FAM117B","54","0.2222222222222222"
"10","1.3461538461538463","0.08346275946275948","0.7428571428571428","0.3382352941176471","17","2","false","IL16","9.176470588235293","0","17","0","0","0","0","0.9866863905325444","false","0","IL16","180","0.35294117647058826"
"6","1.9591836734693877","0.0016595142449340747","0.5104166666666666","0.0","2","2","false","IRX2","27.5","0","2",,"0","0","0","0.9782003710575139","false","0","IRX2","46","0.5638297872340425"
"5","1.9","0.001115434714468012","0.5263157894736842","0.5333333333333333","6","3","false","UCP3","23.5","0","6","0","0","0","0","0.9804347826086957","false","0","UCP3","30","0.47959183673469385"
"2","2.015873015873016","0.0","0.49606299212598426","1.0","2","3","false","WNT2B","35.0","0","2",,"0","0","0","0.9830687830687831","false","0","WNT2B","0","0.5833333333333334"
"11","1.3846153846153846","0.13410256410256408","0.7222222222222222","0.21666666666666667","16","2","false","ZCCHC8","5.875","0","16","0","0","0","0","0.985207100591716","false","0","ZCCHC8","188","0.22596153846153846"
"11","1.7692307692307692","0.008717948717948718","0.5652173913043479","0.3333333333333333","6","2","false","KCNK18","9.0","0","6","0","0","0","0","0.9704142011834319","false","0","KCNK18","20","0.34615384615384615"
"26","1.7","0.011111111111111112","0.5882352941176471","0.6666666666666666","3","2","false","DEGS2","4.666666666666667","0","3",,"0","0","0","0.93","false","0","DEGS2","2","0.4666666666666667"
"11","1.9230769230769231","0.0","0.52","1.0","2","2","false","SERPINB10","21.0","0","2",,"0","0","0","0.9644970414201184","false","0","SERPINB10","0","0.8076923076923077"
"2","1.9206349206349207","3.4135518006485745E-4","0.5206611570247933","0.8","5","2","false","MARK1","20.0","0","5","0","0","0","0","0.9846560846560847","false","0","MARK1","4","0.31746031746031744"
"54","1.0","0.0","1.0","0.0","1","1","false","KRTAP10-9","1.0","0","1","0","0","0","0","1.0","false","0","KRTAP10-9","0","0.0"
"9","1.8888888888888888","0.0","0.5294117647058824","1.0","3","2","false","MYLK2","17.333333333333332","0","3","0","0","0","0","0.9670781893004116","false","0","MYLK2","0","0.6419753086419753"
,"0.0","0.0","0.0","0.0","0","0","true","ZNF668","0.0","0","0","0","0","0","0","Infinity","false","0","ZNF668","0","0.0"
"70","1.0","0.0","1.0","0.0","1","1","false","RPAP3","1.0","0","1","0","0","0","0","1.0","false","0","RPAP3","0","0.0"
"37","1.0","0.0","1.0","1.0","2","1","false","GSR","2.0","0","2","0","0","0","0","1.0","false","0","GSR","0","1.0"
"3","1.6440677966101696","0.05682419081016393","0.6082474226804123","0.1541501976284585","23","3","false","SYT17","7.260869565217392","0","23","0","0","0","0","0.9887005649717513","false","0","SYT17","428","0.12738367658276126"
"13","1.7391304347826086","0.01976284584980237","0.5750000000000001","0.3333333333333333","6","2","false","OR6C76","6.166666666666667","0","6","0","0","0","0","0.9678638941398866","false","0","OR6C76","20","0.26811594202898553"
"17","1.4444444444444444","0.05005446623093682","0.6923076923076923","0.4444444444444444","10","2","false","SALL2","7.6","0","10","0","0","0","0","0.9753086419753088","false","0","SALL2","50","0.4222222222222222"
"36","1.0","0.0","1.0","1.0","2","1","false","JUP","2.0","0","2","0","0","0","0","1.0","false","0","JUP","0","1.0"
"4","2.0","0.0","0.5","0.0","1","3","false","SLC2A4RG","49.0","0","1",,"0","0","0","0.9795918367346939","false","0","SLC2A4RG","0","0.0"
"36","1.0","0.0","1.0","1.0","2","1","false","DUSP4","2.0","0","2","0","0","0","0","1.0","false","0","DUSP4","0","1.0"
"8","1.9705882352941178","0.0","0.5074626865671642","1.0","2","3","false","CFAP418","28.0","0","2","0","0","0","0","0.9705882352941178","false","0","CFAP418","0","0.8484848484848485"
"13","1.9565217391304348","0.0","0.5111111111111111","0.0","1","2","false","OR10D3","23.0","0","1",,"0","0","0","0.9584120982986768","false","0","OR10D3","0","0.0"
"6","1.7755102040816326","0.02169004556595028","0.5632183908045977","0.25757575757575757","12","3","false","RUBCNL","11.833333333333334","0","12","0","0","0","0","0.9823747680890538","false","0","RUBCNL","198","0.2465277777777778"
"1","2.3333333333333335","3.4293552812071325E-5","0.42857142857142855","0.6666666666666666","3","5","false","DGLUCY","43.333333333333336","0","3","0","0","0","0","0.9791666666666666","false","0","DGLUCY","2","0.6770833333333334"
"12","1.6666666666666667","0.005741028295376122","0.6","0.7142857142857143","8","2","false","ZNF438","12.625","0","8","0","0","0","0","0.9710144927536232","false","0","ZNF438","18","0.5260416666666666"
"15","2.0","0.0","0.5","0.0","1","3","false","TCFL5","20.0","0","1",,"0","0","0","0.95","false","0","TCFL5","0","0.0"
"4","1.92","3.26530612244898E-4","0.5208333333333334","0.8","5","3","false","PDZD4","20.4","0","5",,"0","0","0","0.9812244897959184","false","0","PDZD4","4","0.4163265306122449"
"4","1.94","4.296455424274973E-5","0.5154639175257733","0.8333333333333334","4","3","false","USP17L6P","33.75","0","4",,"0","0","0","0.9808163265306122","false","0","USP17L6P","2","0.6887755102040817"
"5","1.92","5.45909645909646E-4","0.5208333333333334","0.6","5","3","false","METTL15P1","23.0","0","5","0","0","0","0","0.98","false","0","METTL15P1","16","0.46938775510204084"
"16","2.0526315789473686","0.0","0.4871794871794871","0.0","1","3","false","NPEPL1","17.0","0","1",,"0","0","0","0.9380804953560372","false","0","NPEPL1","0","0.0"
"10","1.4230769230769231","0.05227239427239426","0.7027027027027026","0.37142857142857144","15","2","false","SULT1A1","9.466666666666667","0","15","0","0","0","0","0.9837278106508875","false","0","SULT1A1","132","0.3641025641025641"
"14","1.6956521739130435","0.006004140786749481","0.5897435897435898","0.5714285714285714","7","2","false","TMEM61","12.285714285714286","0","7","0","0","0","0","0.9697542533081286","false","0","TMEM61","18","0.5341614906832298"
"6","1.9387755102040816","7.805684963866749E-4","0.5157894736842106","0.6666666666666666","3","2","false","MINDY2","24.333333333333332","0","3","0","0","0","0","0.9786641929499073","false","0","MINDY2","42","0.4965986394557823"
,"0.0","0.0","0.0","0.0","0","0","true","H2BC26","0.0","0","0","0","0","0","0","Infinity","false","0","H2BC26","0","0.0"
"33","1.8","0.0","0.5555555555555556","1.0","2","3","false","P2RX6","4.0","0","2","0",,"0","0","0.8","false","0","P2RX6","0","1.0"
"35","1.6666666666666667","0.0","0.6","0.0","1","2","false","RPIA","3.0","0","1","0","0","0","0","0.7777777777777777","false","0","RPIA","0","0.0"
"20","1.7333333333333334","0.011111111111111112","0.5769230769230769","0.5","4","2","false","ZNF717","7.5","0","4","0","0","0","0","0.951111111111111","false","0","ZNF717","6","0.5"
"14","1.8695652173913044","9.881422924901185E-4","0.5348837209302325","0.6666666666666666","3","2","false","GOLGA6D","12.0","0","3","0","0","0","0","0.9621928166351607","false","0","GOLGA6D","2","0.5217391304347826"
,"0.0","0.0","0.0","0.0","0","0","true","PCBP1","0.0","0","0","0","0","0","0","Infinity","false","0","PCBP1","0","0.0"
"7","1.7142857142857142","0.009753901560624249","0.5833333333333334","0.3111111111111111","10","2","false","MRE11","11.8","0","10","0","0","0","0","0.9795918367346939","false","0","MRE11","62","0.33714285714285713"
"4","1.78","0.00836949516648765","0.5617977528089888","0.4696969696969697","12","3","false","HPD","15.166666666666666","0","12","0","0","0","0","0.9840816326530613","false","0","HPD","70","0.30952380952380953"
"10","1.6923076923076923","0.005257631257631258","0.5909090909090909","0.6785714285714286","8","2","false","ASXL2","13.875","0","8",,"0","0","0","0.9733727810650887","false","0","ASXL2","18","0.5336538461538461"
"2","1.9365079365079365","0.0014536959942673935","0.5163934426229508","0.5","5","3","false","OSGIN2","24.2","0","5","0","0","0","0","0.9843915343915344","false","0","OSGIN2","84","0.3903225806451613"
"12","1.6666666666666667","0.01791752933057281","0.6","0.5","9","3","false","RABEP1","10.666666666666666","0","9",,"0","0","0","0.9710144927536232","false","0","RABEP1","36","0.463768115942029"
"9","1.6296296296296295","0.018719757608646498","0.6136363636363636","0.35555555555555557","10","2","false","TRAV12-3","10.6","0","10","0","0","0","0","0.9766803840877915","false","0","TRAV12-3","58","0.3925925925925926"
"47","1.0","0.0","1.0","0.0","1","1","false","DCP2","1.0","0","1",,"0","0","0","1.0","false","0","DCP2","0","0.0"
"30","1.5","0.013333333333333334","0.6666666666666666","0.6666666666666666","3","2","false","ZFR2","5.333333333333333","0","3",,"0","0","0","0.9166666666666666","false","0","ZFR2","2","0.8888888888888888"
"15","2.0","0.0","0.5","0.0","1","3","false","ATXN10","20.0","0","1","0","0","0","0","0.95","false","0","ATXN10","0","0.0"
"48","1.0","0.0","1.0","0.0","1","1","false","GRAP2","1.0","0","1","0",,"0","0","1.0","false","0","GRAP2","0","0.0"
"23","1.8181818181818181","0.0","0.55","1.0","2","2","false","LRRC8E","10.5","0","2","0","0","0","0","0.9256198347107438","false","0","LRRC8E","0","0.9545454545454546"
,"0.0","0.0","0.0","0.0","0","0","true","B9D1","0.0","0","0","0","0","0","0","Infinity","false","0","B9D1","0","0.0"
"2","1.9523809523809523","5.159118062343868E-4","0.5121951219512195","0.5","4","3","false","ARHGEF15","21.0","0","4","0","0","0","0","0.9841269841269842","false","0","ARHGEF15","10","0.3387096774193548"
,"0.0","0.0","0.0","0.0","0","0","true","CMKLR1","0.0","0","0",,"0","0","0","Infinity","false","0","CMKLR1","0","0.0"
,"0.0","0.0","0.0","0.0","0","0","true","PROP1","0.0","0","0","0","0","0","0","Infinity","false","0","PROP1","0","0.0"
"3","2.016949152542373","0.0","0.4957983193277311","0.0","1","3","false","ALDH1A2","57.0","0","1","0",,"0","0","0.9821587867975022","false","0","ALDH1A2","0","0.0"
"9","1.7407407407407407","0.00898227287116176","0.574468085106383","0.2857142857142857","7","2","false","COBLL1","11.142857142857142","0","7","0","0","0","0","0.9725651577503429","false","0","COBLL1","30","0.4126984126984127"
"14","1.7826086956521738","0.001976284584980237","0.5609756097560976","0.7","5","2","false","APOBEC3A","14.0","0","5","0","0","0","0","0.9659735349716447","false","0","APOBEC3A","6","0.6086956521739131"
"20","1.5333333333333334","0.062222222222222234","0.6521739130434783","0.3333333333333333","7","2","false","QRICH2","5.714285714285714","0","7","0","0","0","0","0.9644444444444444","false","0","QRICH2","28","0.38095238095238093"
"2","1.7777777777777777","0.017663138292130936","0.5625","0.2967032967032967","14","2","false","CNR2","14.785714285714286","0","14","1","1","1","0","0.987037037037037","false","0","CNR2","462","0.23732718894009217"
"5","1.92","0.04008163265306122","0.5208333333333334","0.5","5","3","false","SNRNP48","19.6","0","5","0","0","0","0","0.98","false","0","SNRNP48","186","0.4041666666666667"
"11","1.8846153846153846","0.0010256410256410256","0.5306122448979592","0.6666666666666666","3","2","false","SYN1","13.666666666666666","0","3",,"0","0","0","0.9659763313609468","false","0","SYN1","2","0.5256410256410257"
"9","1.7037037037037037","0.012211142766698324","0.5869565217391304","0.39285714285714285","8","2","false","MED15","10.75","0","8","0",,"0","0","0.9739368998628258","false","0","MED15","34","0.39814814814814814"
"5","1.94","4.333806782786375E-4","0.5154639175257733","0.6","5","3","false","TRIB1","24.6","0","5","0","0","0","0","0.9795652173913044","false","0","TRIB1","8","0.5125"
"27","1.6666666666666667","0.013888888888888888","0.6","0.6666666666666666","3","2","false","ZPBP","4.333333333333333","0","3","0","0","0","0","0.925925925925926","false","0","ZPBP","2","0.48148148148148145"
"3","2.0","0.0","0.5","1.0","2","3","false","UBE2Q2","40.0","0","2","0","0","0","0","0.9824561403508771","false","0","UBE2Q2","0","0.7017543859649122"
"5","2.0","0.0","0.5","1.0","3","3","false","GNAT2","27.333333333333332","0","3","0","0","0","0","0.9782608695652174","false","0","GNAT2","0","0.5815602836879432"
"10","1.8461538461538463","4.3956043956043956E-4","0.5416666666666666","0.8333333333333334","4","2","false","NMUR1","17.5","0","4",,"0","0","0","0.9674556213017751","false","0","NMUR1","2","0.6730769230769231"
,"0.0","0.0","0.0","0.0","0","0","true","TTYH1","0.0","0","0",,"0","0","0","Infinity","false","0","TTYH1","0","0.0"
"1","2.1481481481481484","0.006746387538871208","0.4655172413793103","0.6","6","4","false","ZNF277","17.166666666666668","0","6","0","0","0","0","0.9820601851851852","false","0","ZNF277","1230","0.2562189054726368"
"33","1.2","0.25","0.8333333333333334","0.5","4","2","false","PCARE","2.75","0","4","0","0","0","0","0.95","false","0","PCARE","10","0.55"
"6","1.8979591836734695","0.005829165018277141","0.5268817204301075","0.3","5","2","false","LRP2BP","19.8","0","5","0","0","0","0","0.9795918367346939","false","0","LRP2BP","176","0.4083333333333333"
"6","1.816326530612245","0.011545961176131304","0.550561797752809","0.25","9","2","false","HTR1E","13.333333333333334","0","9","0","0","0","0","0.9814471243042672","false","0","HTR1E","168","0.27546296296296297"
"5","1.9","0.0037390552723137933","0.5263157894736842","0.4","6","3","false","STAP1","19.666666666666668","0","6","0","0","0","0","0.9804347826086957","false","0","STAP1","74","0.4013605442176871"
,"0.0","0.0","0.0","0.0","0","0","true","CAMKV","0.0","0","0",,"0","0","0","Infinity","false","0","CAMKV","0","0.0"
"24","1.7272727272727273","0.00606060606060606","0.5789473684210527","0.6666666666666666","3","2","false","FGD5","6.333333333333333","0","3","0","0","0","0","0.9338842975206613","false","0","FGD5","2","0.5757575757575758"
"3","1.9830508474576272","0.0","0.5042735042735043","1.0","3","3","false","ZNF397","22.333333333333332","0","3","0","0","0","0","0.9827534939042522","false","0","ZNF397","0","0.391812865497076"
"5","1.8","0.005640629438588623","0.5555555555555556","0.509090909090909","11","3","false","RAB24","17.181818181818183","0","11","0","0","0","0","0.982608695652174","false","0","RAB24","74","0.35064935064935066"
"3","1.9830508474576272","0.0","0.5042735042735043","1.0","3","3","false","OR2J1","32.666666666666664","0","3","0","0","0","0","0.9827534939042522","false","0","OR2J1","0","0.5730994152046783"
,"0.0","0.0","0.0","0.0","0","0","true","CYB5R1","0.0","0","0","0","0","0","0","Infinity","false","0","CYB5R1","0","0.0"
"34","1.0","0.16666666666666666","1.0","0.6666666666666666","3","1","false","PNMA8A","2.3333333333333335","0","3","0","0","0","0","1.0","false","0","PNMA8A","2","0.7777777777777778"
"11","1.8846153846153846","0.0","0.5306122448979592","1.0","3","2","false","MIER2","16.0","0","3","0","0","0","0","0.9659763313609468","false","0","MIER2","0","0.6153846153846154"
"5","2.0","6.279434850863423E-5","0.5","0.6666666666666666","3","3","false","OR4K15","32.333333333333336","0","3","0","0","0","0","0.9782608695652174","false","0","OR4K15","2","0.6879432624113475"
"16","2.3684210526315788","0.0","0.4222222222222223","1.0","2","3","false","SH3RF3","6.0","0","2","0","0","0","0","0.9195046439628483","false","0","SH3RF3","0","0.6"
"68","1.0","0.0","1.0","0.0","1","1","false","HNRNPM","1.0","0","1","0","0","0","0","1.0","false","0","HNRNPM","0","0.0"
,"0.0","0.0","0.0","0.0","0","0","true","CALU","0.0","0","0","0","0","0","0","Infinity","false","0","CALU","0","0.0"
"28","1.7777777777777777","0.0","0.5625","1.0","2","2","false","TRBJ1-2","5.5","0","2","0","0","0","0","0.9135802469135802","false","0","TRBJ1-2","0","0.6111111111111112"
"1","2.1728395061728394","0.0","0.46022727272727276","1.0","3","4","false","MFSD9","51.666666666666664","0","3","0","0","0","0","0.9816743827160493","false","0","MFSD9","0","0.7948717948717948"
,"0.0","0.0","0.0","0.0","0","0","true","APOBEC3C","0.0","0","0","0","0","0","0","Infinity","false","0","APOBEC3C","0","0.0"
"6","1.5714285714285714","0.06782559594760429","0.6363636363636364","0.23809523809523808","21","2","false","POPDC3","10.19047619047619","0","21","0","0","0","0","0.987012987012987","false","0","POPDC3","584","0.20796890184645286"
"5","1.84","0.003644711071241684","0.5434782608695652","0.4722222222222222","9","3","false","EFCAB9","18.77777777777778","0","9","0","0","0","0","0.9817391304347826","false","0","EFCAB9","58","0.3832199546485261"
"9","1.4814814814814814","0.06416135305024195","0.675","0.26373626373626374","14","2","false","SMIM26","8.785714285714286","0","14","0","0","0","0","0.9821673525377229","false","0","SMIM26","134","0.3253968253968254"
"4","1.98","0.0","0.5050505050505051","1.0","2","3","false","IL32","44.0","0","2",,"0","0","0","0.9800000000000001","false","0","IL32","0","0.8979591836734694"
"6","2.1020408163265305","0.0","0.47572815533980584","0.0","1","4","false","ENTPD5","44.0","0","1","0",,"0","0","0.9749536178107607","false","0","ENTPD5","0","0.0"
"10","1.8461538461538463","2.1978021978021978E-4","0.5416666666666666","0.8333333333333334","4","2","false","SH3D19","19.75","0","4",,"0","0","0","0.9674556213017751","false","0","SH3D19","2","0.7596153846153846"
"16","2.0","0.0","0.5","1.0","2","3","false","CDY2B","13.0","0","2",,"0","0","0","0.9411764705882353","false","0","CDY2B","0","0.7647058823529411"
"2","1.9523809523809523","0.0","0.5121951219512195","1.0","3","2","false","ZNF595","25.666666666666668","0","3",,"0","0","0","0.9841269841269842","false","0","ZNF595","0","0.4074074074074074"
"13","1.9565217391304348","0.0","0.5111111111111111","0.0","1","2","false","BEAN1","23.0","0","1",,"0","0","0","0.9584120982986768","false","0","BEAN1","0","0.0"
"4","1.54","0.05149659863945578","0.6493506493506493","0.22529644268774704","23","2","false","SF3A1","9.347826086956522","0","23","0","0","0","0","0.9889795918367347","false","0","SF3A1","430","0.18695652173913044"
"32","1.8","0.0","0.5555555555555556","0.0","1","2","false","CNNM2","5.0","0","1",,"0","0","0","0.8400000000000001","false","0","CNNM2","0","0.0"
"1","2.0","4.5684740209229644E-4","0.5","0.8","5","3","false","MRPL28","46.8","0","5","0","0","0","0","0.984375","false","0","MRPL28","288","0.6157894736842106"
"5","1.76","0.019740564383956945","0.5681818181818182","0.21794871794871795","13","3","false","ODF3","13.153846153846153","0","13","0",,"0","0","0.9834782608695652","false","0","ODF3","204","0.2724358974358974"
"3","1.9830508474576272","1.1689070718877848E-4","0.5042735042735043","0.6666666666666666","3","3","false","CCDC83","27.666666666666668","0","3","0","0","0","0","0.9827534939042522","false","0","CCDC83","2","0.4853801169590643"
"5","1.76","0.01377352847028498","0.5681818181818182","0.3333333333333333","13","3","false","OR4X1","15.76923076923077","0","13","0",,"0","0","0.9834782608695652","false","0","OR4X1","182","0.3269230769230769"
"67","1.0","0.0","1.0","0.0","1","1","false","CRTAC1","1.0","0","1","0","0","0","0","1.0","false","0","CRTAC1","0","0.0"
"7","1.9714285714285715","0.0","0.5072463768115941","0.0","1","2","false","FGF7","35.0","0","1",,"0","0","0","0.9722448979591836","false","0","FGF7","0","0.0"
"10","1.7307692307692308","0.005852369852369852","0.5777777777777777","0.6666666666666666","7","2","false","TC2N","14.142857142857142","0","7","0","0","0","0","0.9718934911242604","false","0","TC2N","14","0.5439560439560439"
"20","1.6666666666666667","0.009047619047619047","0.6","0.7","5","2","false","ARHGAP30","7.8","0","5","0","0","0","0","0.9555555555555556","false","0","ARHGAP30","6","0.52"
"3","1.8983050847457628","0.004480810442236508","0.5267857142857143","0.2857142857142857","8","3","false","TCTN3","11.625","0","8","0","0","0","0","0.9842402616711269","false","0","TCTN3","40","0.20394736842105263"
"25","1.7","0.011111111111111112","0.5882352941176471","0.6666666666666666","3","2","false","TLR5","5.333333333333333","0","3","0","0","0","0","0.93","false","0","TLR5","2","0.5333333333333333"
"4","1.94","4.296455424274973E-5","0.5154639175257733","0.8333333333333334","4","3","false","CAMK1G","33.75","0","4",,"0","0","0","0.9808163265306122","false","0","CAMK1G","2","0.6887755102040817"
"30","1.1666666666666667","0.1111111111111111","0.8571428571428571","0.5","5","2","false","PRR14L","4.0","0","5","0","0","0","0","0.9722222222222222","false","0","PRR14L","10","0.6666666666666666"
"6","1.816326530612245","0.010218493241452423","0.550561797752809","0.3333333333333333","10","3","false","FLYWCH1","11.3","0","10","0","0","0","0","0.9814471243042672","false","0","FLYWCH1","100","0.23541666666666666"
"4","2.0","0.0","0.5","0.0","1","3","false","SMIM23","49.0","0","1","0",,"0","0","0.9795918367346939","false","0","SMIM23","0","0.0"
,"0.0","0.0","0.0","0.0","0","0","true","WDR77","0.0","0","0","0","0","0","0","Infinity","false","0","WDR77","0","0.0"
"5","2.9","0.0","0.3448275862068966","0.0","1","4","false","ZRSR2","5.0","0","1","0","0","0","0","0.9586956521739131","false","0","ZRSR2","0","0.0"
"51","1.0","0.0","1.0","0.0","1","1","false","UBE2G1","1.0","0","1","0","0","0","0","1.0","false","0","UBE2G1","0","0.0"
,"0.0","0.0","0.0","0.0","0","0","true","FGF13","0.0","0","0","0","0","0","0","Infinity","false","0","FGF13","0","0.0"
"2","1.8095238095238095","0.013709696713850326","0.5526315789473684","0.3333333333333333","12","2","false","ST8SIA5","15.5","0","12","0","0","0","0","0.9865079365079364","false","0","ST8SIA5","378","0.24865591397849462"
"11","1.7692307692307692","0.00882051282051282","0.5652173913043479","0.4666666666666667","6","2","false","SOBP","10.666666666666666","0","6","0","0","0","0","0.9704142011834319","false","0","SOBP","16","0.41025641025641024"
"50","1.0","0.0","1.0","0.0","1","1","false","IGF2BP3","1.0","0","1","0","0","0","0","1.0","false","0","IGF2BP3","0","0.0"
,"0.0","0.0","0.0","0.0","0","0","true","MLEC","0.0","0","0","0","0","0","0","Infinity","false","0","MLEC","0","0.0"
"5","1.84","0.011463825922257713","0.5434782608695652","0.25","9","3","false","NVL","13.222222222222221","0","9","0","0","0","0","0.9817391304347826","false","0","NVL","136","0.27314814814814814"
"6","1.9387755102040816","0.0014071881918839215","0.5157894736842106","0.5","4","3","false","GOT1L1","21.75","0","4","0","0","0","0","0.9786641929499073","false","0","GOT1L1","52","0.453125"
"29","1.5555555555555556","0.23148148148148143","0.6428571428571428","0.3333333333333333","4","2","false","MRTFB","4.0","0","4",,"0","0","0","0.9305555555555556","false","0","MRTFB","24","0.46875"
"14","1.8695652173913044","3.293807641633728E-4","0.5348837209302325","0.6666666666666666","3","2","false","IGHV4-61","17.666666666666668","0","3","0",,"0","0","0.9621928166351607","false","0","IGHV4-61","2","0.7681159420289855"
"3","2.016949152542373","0.0","0.4957983193277311","0.0","1","3","false","CLDN22","57.0","0","1",,"0","0","0","0.9821587867975022","false","0","CLDN22","0","0.0"
"6","2.1020408163265305","0.0","0.47572815533980584","0.0","1","4","false","CCDC78","44.0","0","1","0",,"0","0","0.9749536178107607","false","0","CCDC78","0","0.0"
"2","2.142857142857143","0.013307072594332562","0.4666666666666667","0.08974358974358974","13","3","false","RIN3","8.538461538461538","0","13","0","0","0","0","0.9809523809523809","false","0","RIN3","226","0.2264957264957265"
"1","1.9259259259259258","0.0019622118935678987","0.5192307692307693","0.6","10","3","false","NBPF6","27.3","0","10","0","0","0","0","0.9855324074074074","false","0","NBPF6","332","0.35454545454545455"
"2","1.9841269841269842","2.4597423716309546E-4","0.504","0.3333333333333333","3","3","false","IHH","39.333333333333336","0","3","0","0","0","0","0.9835978835978836","false","0","IHH","36","0.65"
"1","1.9876543209876543","5.811615310360549E-4","0.5031055900621119","0.6666666666666666","6","3","false","RASGEF1A","40.166666666666664","0","6","0","0","0","0","0.9845679012345679","false","0","RASGEF1A","294","0.5285087719298246"
"8","1.9411764705882353","0.0","0.5151515151515151","1.0","3","3","false","IGHV3-9","21.0","0","3","0","0","0","0","0.9714795008912657","false","0","IGHV3-9","0","0.6363636363636364"
"1","1.962962962962963","7.564873197877697E-4","0.5094339622641509","0.6428571428571429","8","3","false","CALHM2","35.125","0","8",,"0","0","0","0.9849537037037037","false","0","CALHM2","304","0.4621710526315789"
"1","2.345679012345679","0.0","0.42631578947368415","1.0","2","5","false","ZNF257","60.0","0","2","0","0","0","0","0.9789737654320988","false","0","ZNF257","0","0.9375"
"6","1.8571428571428572","0.002863667042337604","0.5384615384615384","0.5714285714285714","7","2","false","PDE7A","20.142857142857142","0","7",,"0","0","0","0.9805194805194806","false","0","PDE7A","96","0.4110787172011662"
"6","1.8571428571428572","0.002340118878483317","0.5384615384615384","0.6190476190476191","7","2","false","ZNF221","19.714285714285715","0","7","0","0","0","0","0.9805194805194806","false","0","ZNF221","86","0.40233236151603496"
"4","1.98","0.0","0.5050505050505051","1.0","2","3","false","RTP3","44.0","0","2","0","0","0","0","0.9800000000000001","false","0","RTP3","0","0.8979591836734694"
"9","1.8148148148148149","0.001234567901234568","0.5510204081632653","0.7","5","2","false","VGF","14.8","0","5","0","0","0","0","0.9698216735253772","false","0","VGF","6","0.5481481481481482"
"22","1.9166666666666667","0.0","0.5217391304347826","0.0","1","2","false","FAM110C","12.0","0","1",,"0","0","0","0.9236111111111112","false","0","FAM110C","0","0.0"
"6","1.9795918367346939","0.0010437690146892342","0.5051546391752577","0.3333333333333333","3","3","false","OTUD1","24.333333333333332","0","3","0","0","0","0","0.9777365491651206","false","0","OTUD1","46","0.5217391304347826"
"20","1.6666666666666667","0.01507936507936508","0.6","0.5","5","2","false","PWWP3A","7.2","0","5",,"0","0","0","0.9555555555555556","false","0","PWWP3A","10","0.48"
"5","1.6","0.041045999834730985","0.625","0.24285714285714285","21","3","false","PHC2","11.333333333333334","0","21","0","0","0","0","0.9869565217391304","false","0","PHC2","400","0.23129251700680273"
"2","1.8095238095238095","0.008673876689638396","0.5526315789473684","0.2727272727272727","12","2","false","TELO2","14.0","0","12",,"0","0","0","0.9865079365079364","false","0","TELO2","128","0.2222222222222222"
,"0.0","0.0","0.0","0.0","0","0","true","TPTE2","0.0","0","0","0","0","0","0","Infinity","false","0","TPTE2","0","0.0"
"6","1.8979591836734695","0.003286812490993256","0.5268817204301075","0.3333333333333333","6","3","false","AADACL4","19.166666666666668","0","6",,"0","0","0","0.9795918367346939","false","0","AADACL4","104","0.40425531914893614"
"31","1.6666666666666667","0.0","0.6","1.0","2","2","false","ZNF382","4.0","0","2",,"0","0","0","0.8888888888888888","false","0","ZNF382","0","0.6666666666666666"
,"0.0","0.0","0.0","0.0","0","0","true","MECP2","0.0","0","0","0","0","0","0","Infinity","false","0","MECP2","0","0.0"
"5","1.56","0.07334363775769903","0.641025641025641","0.15019762845849802","23","3","false","CC2D1A","8.521739130434783","0","23","0","0","0","0","0.9878260869565217","false","0","CC2D1A","550","0.17391304347826086"
"5","1.96","6.802721088435374E-5","0.5102040816326531","0.8333333333333334","4","3","false","OR52D1","24.75","0","4","0","0","0","0","0.9791304347826086","false","0","OR52D1","2","0.515625"
"1","2.0","4.5684740209229644E-4","0.5","0.8","5","3","false","CCNQ","46.8","0","5","0","0","0","0","0.984375","false","0","CCNQ","288","0.6157894736842106"
"15","1.9523809523809523","0.0","0.5121951219512195","1.0","2","3","false","PODXL","11.5","0","2","0","0","0","0","0.9523809523809523","false","0","PODXL","0","0.575"
"1","2.0123456790123457","4.5684740209229644E-4","0.4969325153374233","0.6666666666666666","4","3","false","KIAA0513","52.0","0","4","0",,"0","0","0.9841820987654321","false","0","KIAA0513","288","0.6842105263157895"
"15","2.0","0.0","0.5","0.0","1","3","false","SAA1","20.0","0","1","0",,"0","0","0.95","false","0","SAA1","0","0.0"
,"0.0","0.0","0.0","0.0","0","0","true","SART1","0.0","0","0",,"0","0","0","Infinity","false","0","SART1","0","0.0"
"60","1.0","0.0","1.0","0.0","1","1","false","ODAD1","1.0","0","1",,"0","0","0","1.0","false","0","ODAD1","0","0.0"
"6","1.9183673469387754","0.0031841974984749334","0.5212765957446809","0.4","5","3","false","ZNF565","14.8","0","5","0","0","0","0","0.9791280148423006","false","0","ZNF565","48","0.30833333333333335"
"11","1.8846153846153846","0.0","0.5306122448979592","1.0","3","2","false","CCDC183","16.333333333333332","0","3","0","0","0","0","0.9659763313609468","false","0","CCDC183","0","0.6282051282051282"
"7","1.8285714285714285","0.004537815126050421","0.546875","0.3333333333333333","6","2","false","KIF22","11.666666666666666","0","6","0","0","0","0","0.9763265306122448","false","0","KIF22","20","0.3333333333333333"
"13","1.9565217391304348","0.0","0.5111111111111111","0.0","1","2","false","OR14C36","23.0","0","1",,"0","0","0","0.9584120982986768","false","0","OR14C36","0","0.0"
"14","1.9565217391304348","0.0","0.5111111111111111","0.0","1","2","false","GOLGA6C","23.0","0","1","0",,"0","0","0.9584120982986768","false","0","GOLGA6C","0","0.0"
"6","1.8775510204081634","0.0018157424612497565","0.5326086956521738","0.6666666666666666","6","2","false","IQCM","21.833333333333332","0","6","0","0","0","0","0.9800556586270872","false","0","IQCM","80","0.445578231292517"
"1","2.1728395061728394","0.006360585069735404","0.46022727272727276","0.5","4","4","false","RASEF","23.75","0","4","0","0","0","0","0.9816743827160493","false","0","RASEF","1224","0.35447761194029853"
,"0.0","0.0","0.0","0.0","0","0","true","ARID5B","0.0","0","0","0","0","0","0","Infinity","false","0","ARID5B","0","0.0"
"36","1.0","0.0","1.0","1.0","2","1","false","DSG2","2.0","0","2","0","0","0","0","1.0","false","0","DSG2","0","1.0"
"1","1.7530864197530864","0.021898093217580936","0.5704225352112676","0.2833333333333333","25","3","false","TRMT1","14.72","0","25","0","0","0","0","0.988233024691358","false","0","TRMT1","896","0.1936842105263158"
"1","2.0864197530864197","0.0014624975504605136","0.47928994082840237","0.4888888888888889","10","4","false","AHRR","20.4","0","10","0","0","0","0","0.9830246913580247","false","0","AHRR","46","0.31384615384615383"
"5","2.02","0.0","0.49504950495049505","1.0","2","3","false","OR51A2","37.0","0","2","0","0","0","0","0.9778260869565216","false","0","OR51A2","0","0.7872340425531915"
"3","1.9491525423728813","5.90019760095739E-4","0.5130434782608696","0.6","5","3","false","REEP4","20.0","0","5","0","0","0","0","0.9833482010110022","false","0","REEP4","8","0.3508771929824561"
"23","1.7272727272727273","0.0","0.5789473684210527","1.0","3","2","false","RAD54B","8.666666666666666","0","3",,"0","0","0","0.9338842975206613","false","0","RAD54B","0","0.7878787878787878"
"31","1.8333333333333333","0.0","0.5454545454545455","0.0","1","2","false","MYT1","6.0","0","1",,"0","0","0","0.8611111111111112","false","0","MYT1","0","0.0"
"4","1.88","0.0019477264590046545","0.5319148936170213","0.6190476190476191","7","3","false","GID4","21.714285714285715","0","7","0","0","0","0","0.9820408163265305","false","0","GID4","16","0.44314868804664725"
,"0.0","0.0","0.0","0.0","0","0","true","EPB41L5","0.0","0","0","0","0","0","0","Infinity","false","0","EPB41L5","0","0.0"
"65","1.0","0.0","1.0","0.0","1","1","false","ZNF829","1.0","0","1","0","0","0","0","1.0","false","0","ZNF829","0","0.0"
"11","1.7692307692307692","0.006615384615384614","0.5652173913043479","0.4666666666666667","6","2","false","ARMC2","10.666666666666666","0","6","0","0","0","0","0.9704142011834319","false","0","ARMC2","16","0.41025641025641024"
"3","2.0","0.0","0.5","1.0","2","3","false","ACOT4","34.0","0","2",,"0","0","0","0.9824561403508771","false","0","ACOT4","0","0.5964912280701754"
"7","1.9428571428571428","0.0","0.5147058823529412","1.0","2","2","false","HSP90AA2P","24.5","0","2",,"0","0","0","0.9730612244897959","false","0","HSP90AA2P","0","0.7"
"21","1.6666666666666667","0.0202020202020202","0.6","0.5","4","2","false","TAF4B","5.25","0","4","0","0","0","0","0.9444444444444445","false","0","TAF4B","6","0.4375"
"15","1.8571428571428572","0.004761904761904762","0.5384615384615384","0.6666666666666666","4","3","false","","7.0","0","4","0","0","0","0","0.9571428571428571","false","0","","4","0.35"
"14","1.8695652173913044","0.0","0.5348837209302325","1.0","3","2","false","ZNF165","15.666666666666666","0","3","0","0","0","0","0.9621928166351607","false","0","ZNF165","0","0.6811594202898551"
"6","1.9387755102040816","8.116450043220752E-4","0.5157894736842106","0.6666666666666666","4","3","false","UEVLD","22.75","0","4","0","0","0","0","0.9786641929499073","false","0","UEVLD","28","0.4739583333333333"
"2","1.9047619047619047","0.001431075086258831","0.525","0.5238095238095238","7","3","false","CENPL","18.0","0","7","0","0","0","0","0.9849206349206349","false","0","CENPL","30","0.2903225806451613"
"19","1.6875","0.0025793650793650793","0.5925925925925926","0.8","5","2","false","LIG1","11.4","0","5","0","0","0","0","0.95703125","false","0","LIG1","4","0.7125"
"66","1.0","0.0","1.0","0.0","1","1","false","TNFAIP3","1.0","0","1","0","0","0","0","1.0","false","0","TNFAIP3","0","0.0"
"72","1.0","0.0","1.0","0.0","3","1","false","CSF1R","1.0","0","2","1","1","1","0","1.0","false","1","CSF1R","0","0.0"
"72","1.0","0.0","1.0","0.0","1","1","false","ABCC11","1.0","0","1",,"0","0","0","1.0","false","0","ABCC11","0","0.0"
"19","1.75","6.944444444444444E-4","0.5714285714285714","0.8333333333333334","4","2","false","PCCA","14.0","0","4","0","0","0","0","0.953125","false","0","PCCA","2","0.875"
"18","1.8125","0.0","0.5517241379310345","1.0","3","2","false","PROS1","9.333333333333334","0","3","0","0","0","0","0.94921875","false","0","PROS1","0","0.5833333333333334"
"2","1.9682539682539681","0.0","0.5080645161290323","1.0","2","2","false","FBXO47","35.5","0","2",,"0","0","0","0.9838624338624339","false","0","FBXO47","0","0.5634920634920635"
"21","1.75","0.0030303030303030307","0.5714285714285714","0.6666666666666666","3","2","false","MRPS6","8.666666666666666","0","3","0","0","0","0","0.9375","false","0","MRPS6","2","0.7222222222222222"
,"0.0","0.0","0.0","0.0","0","0","true","CKMT1B","0.0","0","0","0","0","0","0","Infinity","false","0","CKMT1B","0","0.0"
,"0.0","0.0","0.0","0.0","0","0","true","KCNA5","0.0","0","0","0","0","0","0","Infinity","false","0","KCNA5","0","0.0"
"41","1.0","0.0","1.0","0.0","1","1","false","FBF1","1.0","0","1",,"0","0","0","1.0","false","0","FBF1","0","0.0"
"3","1.9661016949152543","3.409312293006039E-4","0.5086206896551724","0.6666666666666666","4","3","false","KIR3DL1","20.75","0","4",,"0","0","0","0.9830508474576272","false","0","KIR3DL1","4","0.36403508771929827"
"11","1.9230769230769231","0.0","0.52","1.0","2","2","false","WEE2","21.0","0","2",,"0","0","0","0.9644970414201184","false","0","WEE2","0","0.8076923076923077"
"11","1.8461538461538463","5.128205128205128E-4","0.5416666666666666","0.8333333333333334","4","2","false","ZNF485","13.75","0","4","0","0","0","0","0.9674556213017751","false","0","ZNF485","2","0.5288461538461539"
"14","1.8695652173913044","3.293807641633728E-4","0.5348837209302325","0.6666666666666666","3","2","false","IGHV4-38-2","17.666666666666668","0","3","0",,"0","0","0.9621928166351607","false","0","IGHV4-38-2","2","0.7681159420289855"
"37","1.0","0.0","1.0","1.0","2","1","false","MVD","2.0","0","2","0","0","0","0","1.0","false","0","MVD","0","1.0"
"3","1.9830508474576272","1.1689070718877848E-4","0.5042735042735043","0.6666666666666666","3","3","false","TRIP10","28.333333333333332","0","3","0","0","0","0","0.9827534939042522","false","0","TRIP10","2","0.49707602339181284"
"23","1.6363636363636365","0.004545454545454545","0.611111111111111","0.8333333333333334","4","2","false","TTC39B","7.5","0","4","0","0","0","0","0.9421487603305785","false","0","TTC39B","2","0.6818181818181818"
"16","2.3684210526315788","0.0","0.4222222222222223","1.0","2","3","false","INPP5E","6.0","0","2","0","0","0","0","0.9195046439628483","false","0","INPP5E","0","0.6"
"3","2.0","0.0","0.5","1.0","2","3","false","CFHR2","40.0","0","2",,"0","0","0","0.9824561403508771","false","0","CFHR2","0","0.7017543859649122"
"3","1.9322033898305084","0.0018020650691603348","0.5175438596491229","0.4","6","3","false","UVSSA","16.166666666666668","0","6","0","0","0","0","0.9836455545643771","false","0","UVSSA","18","0.28362573099415206"
"29","2.4444444444444446","0.0","0.40909090909090906","0.0","1","3","false","MRTFA","4.0","0","1","0","0","0","0","0.8194444444444444","false","0","MRTFA","0","0.0"
"2","1.9523809523809523","1.8050275181498342E-4","0.5121951219512195","0.6666666666666666","3","2","false","POC1B","33.333333333333336","0","3","0","0","0","0","0.9841269841269842","false","0","POC1B","26","0.5291005291005291"
"15","2.0","0.0","0.5","0.0","1","3","false","SMTNL1","20.0","0","1","0",,"0","0","0.95","false","0","SMTNL1","0","0.0"
"11","1.8076923076923077","0.003794871794871795","0.5531914893617021","0.6","5","2","false","NEIL3","12.4","0","5","0","0","0","0","0.9689349112426036","false","0","NEIL3","8","0.47692307692307695"
"14","1.826086956521739","3.293807641633728E-4","0.5476190476190477","0.8333333333333334","4","2","false","MEIS3P2","15.25","0","4","0","0","0","0","0.9640831758034026","false","0","MEIS3P2","2","0.6630434782608695"
"4","1.94","4.7619047619047614E-4","0.5154639175257733","0.6666666666666666","4","3","false","FOXI1","20.0","0","4","0","0","0","0","0.9808163265306122","false","0","FOXI1","4","0.40816326530612246"
"5","2.02","0.0","0.49504950495049505","1.0","2","3","false","KLF3","29.5","0","2","0","0","0","0","0.9778260869565216","false","0","KLF3","0","0.6276595744680851"
"13","1.9130434782608696","0.0","0.5227272727272727","1.0","2","2","false","KRTAP8-1","13.0","0","2","0","0","0","0","0.9603024574669187","false","0","KRTAP8-1","0","0.5652173913043478"
"2","1.8253968253968254","0.007909335901908303","0.5478260869565218","0.41818181818181815","11","2","false","ZNF570","12.090909090909092","0","11","0","0","0","0","0.9862433862433863","false","0","ZNF570","184","0.1919191919191919"
"29","1.6666666666666667","0.018518518518518517","0.6","0.6666666666666666","3","2","false","TOM1L1","5.333333333333333","0","3","0",,"0","0","0.9166666666666666","false","0","TOM1L1","4","0.5925925925925926"
"8","1.9411764705882353","5.941770647653E-4","0.5151515151515151","0.6666666666666666","3","3","false","SYT14P1","15.0","0","3",,"0","0","0","0.9714795008912657","false","0","SYT14P1","2","0.45454545454545453"
"9","1.4074074074074074","0.081204495093384","0.7105263157894737","0.3","16","2","false","BCL9","8.4375","0","16","0","0","0","0","0.9849108367626885","false","0","BCL9","168","0.3125"
"3","2.0","0.0","0.5","1.0","2","3","false","TRIM38","31.5","0","2","0","0","0","0","0.9824561403508771","false","0","TRIM38","0","0.5526315789473685"
"6","1.9795918367346939","4.535147392290249E-4","0.5051546391752577","0.5","4","3","false","AMZ2","19.5","0","4",,"0","0","0","0.9777365491651206","false","0","AMZ2","6","0.42391304347826086"
"30","1.1666666666666667","0.1111111111111111","0.8571428571428571","0.5","5","2","false","KIAA1217","4.0","0","5","0","0","0","0","0.9722222222222222","false","0","KIAA1217","10","0.6666666666666666"
"33","2.2","0.0","0.45454545454545453","0.0","1","3","false","C1QL1","3.0","0","1","0",,"0","0","0.7","false","0","C1QL1","0","0.0"
"6","1.7346938775510203","0.011998520107337589","0.5764705882352942","0.4358974358974359","13","2","false","ERICH6","12.923076923076923","0","13","0","0","0","0","0.9833024118738404","false","0","ERICH6","150","0.26373626373626374"
,"0.0","0.0","0.0","0.0","0","0","true","DLST","0.0","0","0","0","0","0","0","Infinity","false","0","DLST","0","0.0"
"23","1.8181818181818181","0.0","0.55","1.0","2","2","false","DDIAS","10.5","0","2",,"0","0","0","0.9256198347107438","false","0","DDIAS","0","0.9545454545454546"
"21","1.6666666666666667","0.015656565656565657","0.6","0.5","4","2","false","H2BC18","7.5","0","4","0","0","0","0","0.9444444444444445","false","0","H2BC18","6","0.625"
,"0.0","0.0","0.0","0.0","0","0","true","RTCB","0.0","0","0","0","0","0","0","Infinity","false","0","RTCB","0","0.0"
"4","1.94","2.0408163265306123E-4","0.5154639175257733","0.8333333333333334","4","3","false","BPIFC","28.75","0","4",,"0","0","0","0.9808163265306122","false","0","BPIFC","2","0.5867346938775511"
"18","1.625","0.023611111111111107","0.6153846153846154","0.5333333333333333","6","2","false","PDPK1","7.166666666666667","0","6","0","0","0","0","0.9609375","false","0","PDPK1","14","0.4479166666666667"
"24","1.9090909090909092","0.0","0.5238095238095238","0.0","1","2","false","PPFIA4","11.0","0","1","0",,"0","0","0.9173553719008264","false","0","PPFIA4","0","0.0"
"18","1.6875","0.008333333333333333","0.5925925925925926","0.7","5","2","false","PPP2R3C","8.2","0","5","0","0","0","0","0.95703125","false","0","PPP2R3C","6","0.5125"
"12","1.7083333333333333","0.010213940648723257","0.5853658536585367","0.42857142857142855","7","2","false","ESCO1","11.571428571428571","0","7","0","0","0","0","0.9692028985507247","false","0","ESCO1","30","0.48214285714285715"
"25","1.8","0.0","0.5555555555555556","1.0","2","2","false","PAM","6.5","0","2","0","0","0","0","0.9199999999999999","false","0","PAM","0","0.65"
"2","1.8253968253968254","0.006539407866867718","0.5478260869565218","0.2727272727272727","11","2","false","KAZN","12.545454545454545","0","11","0","0","0","0","0.9862433862433863","false","0","KAZN","120","0.19913419913419914"
"13","1.9130434782608696","0.0","0.5227272727272727","1.0","2","2","false","NAA11","14.5","0","2","0","0","0","0","0.9603024574669187","false","0","NAA11","0","0.6304347826086957"
"4","1.92","4.296455424274973E-5","0.5208333333333334","0.9","5","3","false","MAPK11","29.2","0","5",,"0","0","0","0.9812244897959184","false","0","MAPK11","2","0.5959183673469388"
"2","1.9523809523809523","7.126170505810567E-4","0.5121951219512195","0.5","5","3","false","UBTFL6","26.6","0","5","0","0","0","0","0.9841269841269842","false","0","UBTFL6","48","0.4360655737704918"
"7","1.6857142857142857","0.012741157068888162","0.5932203389830508","0.41818181818181815","11","2","false","PLA2G2D","11.818181818181818","0","11","0","0","0","0","0.9804081632653062","false","0","PLA2G2D","64","0.33766233766233766"
"1","2.345679012345679","0.0","0.42631578947368415","1.0","2","5","false","PAH","60.0","0","2","0",,"0","0","0.9789737654320988","false","0","PAH","0","0.9375"
,"0.0","0.0","0.0","0.0","0","0","true","UNC45A","0.0","0","0","0","0","0","0","Infinity","false","0","UNC45A","0","0.0"
"13","1.8695652173913044","0.001976284584980237","0.5348837209302325","0.6666666666666666","3","2","false","PJVK","10.333333333333334","0","3","0","0","0","0","0.9621928166351607","false","0","PJVK","2","0.4492753623188406"
"59","1.0","0.0","1.0","0.0","1","1","false","CARD8","1.0","0","1",,"0","0","0","1.0","false","0","CARD8","0","0.0"
"4","1.96","0.0","0.5102040816326531","1.0","3","3","false","GAL3ST3","37.0","0","3",,"0","0","0","0.9804081632653061","false","0","GAL3ST3","0","0.7551020408163265"
"7","1.4857142857142858","0.07310324129651859","0.673076923076923","0.17647058823529413","18","2","false","ATXN7L1","8.833333333333334","0","18","0","0","0","0","0.9861224489795918","false","0","ATXN7L1","252","0.2523809523809524"
,"0.0","0.0","0.0","0.0","0","0","true","PDIA3","0.0","0","0","0","0","0","0","Infinity","false","0","PDIA3","0","0.0"
"2","1.9206349206349207","6.386328571426301E-4","0.5206611570247933","0.4","5","2","false","LPCAT1","28.0","0","5",,"0","0","0","0.9846560846560847","false","0","LPCAT1","48","0.4444444444444444"
"2","1.873015873015873","0.003934660529536024","0.5338983050847458","0.3888888888888889","9","3","false","KCNK10","17.666666666666668","0","9","0","0","0","0","0.9854497354497355","false","0","KCNK10","84","0.2849462365591398"
"1","1.8518518518518519","0.0051026439923333305","0.54","0.4632352941176471","17","3","false","NKAIN1","21.294117647058822","0","17","0","0","0","0","0.9866898148148148","false","0","NKAIN1","430","0.2801857585139319"
"24","1.7272727272727273","0.0","0.5789473684210527","1.0","3","2","false","USP35","7.333333333333333","0","3",,"0","0","0","0.9338842975206613","false","0","USP35","0","0.6666666666666666"
"3","1.9830508474576272","0.0","0.5042735042735043","1.0","3","3","false","DOK5","32.666666666666664","0","3","0","0","0","0","0.9827534939042522","false","0","DOK5","0","0.5730994152046783"
"27","1.7777777777777777","0.0","0.5625","1.0","2","2","false","ZNF175","6.0","0","2",,"0","0","0","0.9135802469135802","false","0","ZNF175","0","0.6666666666666666"
"27","1.8888888888888888","0.0","0.5294117647058824","0.0","1","2","false","ANKRD20A8P","9.0","0","1",,"0","0","0","0.9012345679012346","false","0","ANKRD20A8P","0","0.0"
"3","2.0","0.0","0.5","1.0","2","3","false","ACTL6B","32.5","0","2","0","0","0","0","0.9824561403508771","false","0","ACTL6B","0","0.5701754385964912"
,"0.0","0.0","0.0","0.0","0","0","true","CGAS","0.0","0","0","0","0","0","0","Infinity","false","0","CGAS","0","0.0"
"71","1.0","0.0","1.0","0.0","1","1","false","CEACAM6","1.0","0","1","0","0","0","0","1.0","false","0","CEACAM6","0","0.0"
"2","1.9682539682539681","3.0997833342525624E-4","0.5080645161290323","0.5","4","3","false","UBTFL1","32.5","0","4","0","0","0","0","0.9838624338624339","false","0","UBTFL1","38","0.5375"
"35","1.6666666666666667","0.0","0.6","0.0","1","2","false","CNTF","3.0","0","1","0","0","0","0","0.7777777777777777","false","0","CNTF","0","0.0"
"4","1.84","0.001464733261725743","0.5434782608695652","0.7222222222222222","9","3","false","FAM20A","19.444444444444443","0","9","0","0","0","0","0.9828571428571428","false","0","FAM20A","20","0.3968253968253968"
,"0.0","0.0","0.0","0.0","0","0","true","NCOR2","0.0","0","0","0","0","0","0","Infinity","false","0","NCOR2","0","0.0"
"13","1.9565217391304348","0.0","0.5111111111111111","0.0","1","2","false","OR7G2","23.0","0","1",,"0","0","0","0.9584120982986768","false","0","OR7G2","0","0.0"
"31","1.8333333333333333","0.0","0.5454545454545455","0.0","1","2","false","RTN1","6.0","0","1",,"0","0","0","0.8611111111111112","false","0","RTN1","0","0.0"
"6","1.9795918367346939","1.993901008679334E-4","0.5051546391752577","0.6666666666666666","3","3","false","NOSTRIN","21.666666666666668","0","3",,"0","0","0","0.9777365491651206","false","0","NOSTRIN","4","0.46099290780141844"
"21","1.75","0.0030303030303030307","0.5714285714285714","0.6666666666666666","3","2","false","TYROBP","8.666666666666666","0","3","0","0","0","0","0.9375","false","0","TYROBP","2","0.7222222222222222"
"13","1.8695652173913044","0.001976284584980237","0.5348837209302325","0.6666666666666666","3","2","false","C1orf43","9.666666666666666","0","3","0","0","0","0","0.9621928166351607","false","0","C1orf43","2","0.42028985507246375"
"28","1.7777777777777777","0.0","0.5625","1.0","2","2","false","DYNLRB2","6.5","0","2","0","0","0","0","0.9135802469135802","false","0","DYNLRB2","0","0.7222222222222222"
"29","1.8888888888888888","0.0","0.5294117647058824","1.0","2","3","false","WDR45B","6.0","0","2","0","0","0","0","0.8888888888888888","false","0","WDR45B","0","0.75"
"3","2.0","0.0","0.5","1.0","2","3","false","TRNT1","32.0","0","2","0","0","0","0","0.9824561403508771","false","0","TRNT1","0","0.5614035087719298"
"25","1.9","0.0","0.5263157894736842","0.0","1","2","false","CLCN6","10.0","0","1",,"0","0","0","0.9099999999999999","false","0","CLCN6","0","0.0"
"1","2.1604938271604937","1.9290123456790123E-5","0.4628571428571429","0.8333333333333334","4","4","false","HDHD5","40.25","0","4",,"0","0","0","0.9818672839506173","false","0","HDHD5","2","0.6192307692307693"
"6","1.6938775510204083","0.0170143152424427","0.5903614457831325","0.36666666666666664","16","3","false","ARHGAP44","11.75","0","16","0","0","0","0","0.9842300556586271","false","0","ARHGAP44","194","0.24479166666666666"
"20","1.8666666666666667","0.0","0.5357142857142857","1.0","2","2","false","ICE2","11.0","0","2","0","0","0","0","0.9422222222222222","false","0","ICE2","0","0.7333333333333333"
"70","1.0","0.0","1.0","0.0","1","1","false","RPAP2","1.0","0","1","0","0","0","0","1.0","false","0","RPAP2","0","0.0"
"5","1.92","0.00102294983927637","0.5208333333333334","0.6","6","3","false","ZNF547","20.666666666666668","0","6","0","0","0","0","0.98","false","0","ZNF547","12","0.4305555555555556"
"14","1.6521739130434783","0.011763598720120456","0.6052631578947368","0.6071428571428571","8","2","false","RPUSD1","10.625","0","8","0","0","0","0","0.9716446124763706","false","0","RPUSD1","22","0.46195652173913043"
"7","1.8857142857142857","7.282913165266107E-4","0.5303030303030303","0.5","4","2","false","TCP11L2","16.5","0","4",,"0","0","0","0.9746938775510204","false","0","TCP11L2","6","0.4714285714285714"
"4","1.22","0.22712459720730396","0.819672131147541","0.13765182186234817","39","2","false","STOX2","6.846153846153846","0","39","0","0","0","0","0.9955102040816327","false","0","STOX2","1346","0.13692307692307693"
"3","1.9661016949152543","2.977929921237928E-4","0.5086206896551724","0.5","4","3","false","SLC35B4","23.5","0","4","0","0","0","0","0.9830508474576272","false","0","SLC35B4","6","0.41228070175438597"
"1","2.1481481481481484","1.3503086419753085E-4","0.4655172413793103","0.5","5","4","false","DAPP1","30.4","0","5",,"0","0","0","0.9820601851851852","false","0","DAPP1","10","0.4676923076923077"
"21","1.8333333333333333","0.0","0.5454545454545455","1.0","2","2","false","ZSWIM7","10.0","0","2",,"0","0","0","0.9305555555555555","false","0","ZSWIM7","0","0.8333333333333334"
"1","2.0","4.911409549043678E-4","0.5","0.7","5","3","false","RCOR2","46.2","0","5","0","0","0","0","0.984375","false","0","RCOR2","290","0.6078947368421053"
"7","1.8857142857142857","6.182472989195679E-4","0.5303030303030303","0.5","4","2","false","RAB11FIP2","17.0","0","4","0","0","0","0","0.9746938775510204","false","0","RAB11FIP2","6","0.4857142857142857"
,"0.0","0.0","0.0","0.0","0","0","true","PHF10","0.0","0","0","0","0","0","0","Infinity","false","0","PHF10","0","0.0"
"7","1.8","0.004315726290516207","0.5555555555555556","0.42857142857142855","7","2","false","HLA-DRB3","13.714285714285714","0","7",,"0","0","0","0.9771428571428572","false","0","HLA-DRB3","24","0.39183673469387753"
"5","1.86","0.00114810797270518","0.5376344086021505","0.6428571428571429","8","3","false","GSTP1","20.5","0","8","0","0","0","0","0.981304347826087","false","0","GSTP1","36","0.41836734693877553"
,"0.0","0.0","0.0","0.0","0","0","true","ELAVL2","0.0","0","0","0","0","0","0","Infinity","false","0","ELAVL2","0","0.0"
"28","1.5555555555555556","0.041666666666666664","0.6428571428571428","0.5","4","2","false","SREK1","3.75","0","4","0","0","0","0","0.9382716049382717","false","0","SREK1","6","0.4166666666666667"
,"0.0","0.0","0.0","0.0","0","0","true","DNAJA2","0.0","0","0","0",,"0","0","Infinity","false","0","DNAJA2","0","0.0"
"2","1.9841269841269842","2.4597423716309546E-4","0.504","0.3333333333333333","3","3","false","FCN2","39.333333333333336","0","3","0","0","0","0","0.9835978835978836","false","0","FCN2","36","0.65"
"3","1.9661016949152543","4.383401519579193E-4","0.5086206896551724","0.6666666666666666","4","3","false","SLC9A8","18.0","0","4",,"0","0","0","0.9830508474576272","false","0","SLC9A8","4","0.3157894736842105"
,"0.0","0.0","0.0","0.0","0","0","true","BMP4","0.0","0","0","0","0","0","0","Infinity","false","0","BMP4","0","0.0"
"33","1.8","0.0","0.5555555555555556","1.0","2","3","false","GCGR","4.0","0","2","0","0","0","0","0.8","false","0","GCGR","0","1.0"
"9","1.8148148148148149","0.005935422602089268","0.5510204081632653","0.5","5","2","false","DSPP","11.2","0","5","0",,"0","0","0.9698216735253772","false","0","DSPP","10","0.4148148148148148"
"28","1.7777777777777777","0.0","0.5625","1.0","2","2","false","TAC3","6.5","0","2","0","0","0","0","0.9135802469135802","false","0","TAC3","0","0.7222222222222222"
"5","2.06","0.0","0.4854368932038835","0.0","1","3","false","TSSK6","46.0","0","1","0",,"0","0","0.9769565217391304","false","0","TSSK6","0","0.0"
"4","1.94","1.63265306122449E-4","0.5154639175257733","0.8333333333333334","4","3","false","CARF","26.0","0","4",,"0","0","0","0.9808163265306122","false","0","CARF","2","0.5306122448979592"
,"0.0","0.0","0.0","0.0","0","0","true","NEDD1","0.0","0","0","0","0","0","0","Infinity","false","0","NEDD1","0","0.0"
"5","1.86","0.005496044998085814","0.5376344086021505","0.35714285714285715","8","3","false","TFAP2A","14.125","0","8","0","0","0","0","0.981304347826087","false","0","TFAP2A","54","0.288265306122449"
"16","1.5263157894736843","0.07943469785575048","0.6551724137931034","0.3611111111111111","9","2","false","SLC48A1","5.555555555555555","0","9","0","0","0","0","0.9690402476780186","false","0","SLC48A1","58","0.29239766081871343"
"23","1.8181818181818181","0.0","0.55","1.0","2","2","false","ACOX3","10.5","0","2","0",,"0","0","0.9256198347107438","false","0","ACOX3","0","0.9545454545454546"
"6","2.1020408163265305","0.0","0.47572815533980584","0.0","1","4","false","PTGER1","44.0","0","1",,"0","0","0","0.9749536178107607","false","0","PTGER1","0","0.0"
"12","1.9583333333333333","0.0","0.5106382978723405","1.0","2","3","false","TRIT1","17.5","0","2","0","0","0","0","0.9583333333333334","false","0","TRIT1","0","0.7608695652173914"
"5","1.46","0.0975488278092224","0.684931506849315","0.1931216931216931","28","3","false","FILIP1","9.357142857142858","0","28","0","0","0","0","0.99","false","0","FILIP1","722","0.19096209912536444"
"2","1.9682539682539681","3.4135518006485745E-4","0.5080645161290323","0.6666666666666666","4","3","false","DAW1","25.5","0","4","0","0","0","0","0.9838624338624339","false","0","DAW1","4","0.4180327868852459"
"19","1.25","0.06808531746031746","0.8","0.4696969696969697","12","2","false","ZNF638","8.333333333333334","0","12","0","0","0","0","0.984375","false","0","ZNF638","70","0.5208333333333334"
"11","1.9230769230769231","0.0","0.52","1.0","2","2","false","CUX1","16.0","0","2","0","0","0","0","0.9644970414201184","false","0","CUX1","0","0.6153846153846154"
"62","1.0","0.0","1.0","0.0","1","1","false","CCDC71","1.0","0","1","0",,"0","0","1.0","false","0","CCDC71","0","0.0"
"8","1.9411764705882353","2.228163992869875E-4","0.5151515151515151","0.6666666666666666","3","3","false","ARHGAP11B","21.666666666666668","0","3","0","0","0","0","0.9714795008912657","false","0","ARHGAP11B","2","0.6565656565656566"
"4","1.96","0.0","0.5102040816326531","1.0","3","3","false","PDGFD","31.666666666666668","0","3","0","0","0","0","0.9804081632653061","false","0","PDGFD","0","0.6462585034013606"
"17","1.6666666666666667","0.007080610021786492","0.6","0.6666666666666666","6","2","false","ZNF358","10.5","0","6","0","0","0","0","0.9629629629629629","false","0","ZNF358","10","0.5833333333333334"
,"0.0","0.0","0.0","0.0","0","0","true","RSBN1","0.0","0","0","0","0","0","0","Infinity","false","0","RSBN1","0","0.0"
"10","1.6923076923076923","0.003569097569097569","0.5909090909090909","0.75","8","2","false","NXPH1","14.75","0","8","0","0","0","0","0.9733727810650887","false","0","NXPH1","14","0.5673076923076923"
,"0.0","0.0","0.0","0.0","0","0","true","FAM83H","0.0","0","0","0","0","0","0","Infinity","false","0","FAM83H","0","0.0"
"63","1.0","0.0","1.0","0.0","1","1","false","INTS5","1.0","0","1","0","0","0","0","1.0","false","0","INTS5","0","0.0"
"12","1.5416666666666667","0.032108350586611455","0.6486486486486486","0.45454545454545453","11","2","false","EDDM3A","10.363636363636363","0","11","0","0","0","0","0.9764492753623187","false","0","EDDM3A","72","0.4318181818181818"
"13","1.9565217391304348","0.0","0.5111111111111111","0.0","1","2","false","OR7A2P","23.0","0","1",,"0","0","0","0.9584120982986768","false","0","OR7A2P","0","0.0"
"20","1.7333333333333334","0.009841269841269842","0.5769230769230769","0.5","4","2","false","FANCI","7.75","0","4","0","0","0","0","0.951111111111111","false","0","FANCI","6","0.5166666666666667"
"5","1.88","0.001788634530524971","0.5319148936170213","0.5714285714285714","7","3","false","OR2A7","22.714285714285715","0","7","0","0","0","0","0.9808695652173912","false","0","OR2A7","34","0.46355685131195334"
"4","1.94","0.0","0.5154639175257733","1.0","4","3","false","MKRN4P","31.0","0","4",,"0","0","0","0.9808163265306122","false","0","MKRN4P","0","0.6326530612244898"
"29","1.6666666666666667","0.041666666666666664","0.6","0.5","4","3","false","ZNF839","4.0","0","4","0","0","0","0","0.9166666666666666","false","0","ZNF839","6","0.5"
"46","1.0","0.0","1.0","0.0","1","1","false","DEFB4B","1.0","0","1","0",,"0","0","1.0","false","0","DEFB4B","0","0.0"
"2","1.9047619047619047","0.0020208698938857495","0.525","0.4666666666666667","6","2","false","SULT1C3","22.5","0","6",,"0","0","0","0.9849206349206349","false","0","SULT1C3","136","0.35714285714285715"
"27","1.7777777777777777","0.0","0.5625","1.0","2","2","false","SCML1","6.0","0","2",,"0","0","0","0.9135802469135802","false","0","SCML1","0","0.6666666666666666"
"5","1.84","0.006783019701387048","0.5434782608695652","0.3333333333333333","10","3","false","NRG1","13.4","0","10","0","0","0","0","0.9817391304347826","false","0","NRG1","68","0.2791666666666667"
"8","1.9411764705882353","0.0","0.5151515151515151","1.0","3","3","false","FAM237B","21.333333333333332","0","3","0","0","0","0","0.9714795008912657","false","0","FAM237B","0","0.6464646464646465"
"9","1.7407407407407407","0.006679328901551123","0.574468085106383","0.6190476190476191","7","2","false","PAK4","11.714285714285714","0","7","0","0","0","0","0.9725651577503429","false","0","PAK4","16","0.43386243386243384"
"45","1.0","0.0","1.0","0.0","1","1","false","PDX1","1.0","0","1","0","0","0","0","1.0","false","0","PDX1","0","0.0"
"2","2.015873015873016","0.0","0.49606299212598426","1.0","2","3","false","MFSD10","32.0","0","2","0","0","0","0","0.9830687830687831","false","0","MFSD10","0","0.5333333333333333"
"5","1.98","4.02930402930403E-4","0.5050505050505051","0.5","4","3","false","OR10H4","26.25","0","4","0","0","0","0","0.9786956521739131","false","0","OR10H4","6","0.5585106382978723"
"5","2.42","3.061224489795918E-4","0.4132231404958678","0.3333333333333333","3","4","false","OR6C2","14.0","0","3","0","0","0","0","0.9691304347826086","false","0","OR6C2","4","0.5256410256410257"
"69","1.0","0.0","1.0","0.0","1","1","false","TP63","1.0","0","1","0","0","0","0","1.0","false","0","TP63","0","0.0"
"2","1.7301587301587302","0.08547224940478318","0.5779816513761468","0.034482758620689655","29","3","false","CROCC2","5.517241379310345","0","29","0","0","0","0","0.9878306878306878","false","0","CROCC2","1100","0.13085764809902742"
"5","1.98","1.3082155939298794E-4","0.5050505050505051","0.6666666666666666","4","3","false","CALB2","29.5","0","4","0","0","0","0","0.9786956521739131","false","0","CALB2","4","0.6276595744680851"
"11","1.6538461538461537","0.033846153846153845","0.6046511627906977","0.3333333333333333","9","2","false","C6orf118","7.777777777777778","0","9","0","0","0","0","0.9748520710059172","false","0","C6orf118","48","0.29914529914529914"
"29","1.8888888888888888","0.0","0.5294117647058824","1.0","2","3","false","DMRTA2","6.0","0","2",,"0","0","0","0.8888888888888888","false","0","DMRTA2","0","0.75"
,"0.0","0.0","0.0","0.0","0","0","true","GTF2A1","0.0","0","0","0",,"0","0","Infinity","false","0","GTF2A1","0","0.0"
"5","1.8","0.011010901529804286","0.5555555555555556","0.4","10","2","false","FAM166C","16.9","0","10","0",,"0","0","0.982608695652174","false","0","FAM166C","140","0.338"
"7","1.6857142857142857","0.012991196478591439","0.5932203389830508","0.3090909090909091","11","2","false","DNAAF1","11.727272727272727","0","11",,"0","0","0","0.9804081632653062","false","0","DNAAF1","76","0.33506493506493507"
,"0.0","0.0","0.0","0.0","0","0","true","FN1","0.0","0","0","1","1","1","0","Infinity","false","0","FN1","0","0.0"
"24","1.7272727272727273","0.00606060606060606","0.5789473684210527","0.6666666666666666","3","2","false","STON1","6.666666666666667","0","3",,"0","0","0","0.9338842975206613","false","0","STON1","2","0.6060606060606061"
"3","2.016949152542373","0.0","0.4957983193277311","0.0","1","3","false","CTRB1","57.0","0","1",,"0","0","0","0.9821587867975022","false","0","CTRB1","0","0.0"
"16","1.4736842105263157","0.24025341130604286","0.6785714285714286","0.28888888888888886","10","2","false","CGN","5.1","0","10","0","0","0","0","0.9721362229102167","false","0","CGN","124","0.26842105263157895"
"16","1.894736842105263","0.0","0.5277777777777778","1.0","2","2","false","CDY1B","13.5","0","2",,"0","0","0","0.9473684210526315","false","0","CDY1B","0","0.7105263157894737"
,"0.0","0.0","0.0","0.0","0","0","true","FAM234A","0.0","0","0","0","0","0","0","Infinity","false","0","FAM234A","0","0.0"
"2","1.9206349206349207","2.1537886361235056E-4","0.5206611570247933","0.7","5","2","false","TBCE","24.8","0","5",,"0","0","0","0.9846560846560847","false","0","TBCE","6","0.39365079365079364"
"12","1.6666666666666667","0.007319703243616289","0.6","0.6388888888888888","9","3","false","CFAP100","12.333333333333334","0","9","0","0","0","0","0.9710144927536232","false","0","CFAP100","26","0.5362318840579711"
"13","1.8695652173913044","0.001976284584980237","0.5348837209302325","0.6666666666666666","3","2","false","RNF13","10.666666666666666","0","3","0","0","0","0","0.9621928166351607","false","0","RNF13","2","0.463768115942029"
"22","1.9166666666666667","0.0","0.5217391304347826","0.0","1","2","false","GSX2","12.0","0","1",,"0","0","0","0.9236111111111112","false","0","GSX2","0","0.0"
"15","1.8571428571428572","0.09523809523809525","0.5384615384615384","0.3333333333333333","3","2","false","CEP57L1","7.666666666666667","0","3","0","0","0","0","0.9571428571428571","false","0","CEP57L1","40","0.36666666666666664"
"10","1.6923076923076923","0.0075091575091575085","0.5909090909090909","0.6071428571428571","8","2","false","ZMYM5","13.625","0","8","0","0","0","0","0.9733727810650887","false","0","ZMYM5","22","0.5240384615384616"
"8","2.0","0.0","0.5","0.0","1","3","false","IGLV1-50","33.0","0","1","0",,"0","0","0.9696969696969697","false","0","IGLV1-50","0","0.0"
"7","1.7428571428571429","0.004914026216547225","0.5737704918032787","0.5","9","2","false","SCN3B","13.666666666666666","0","9","0","0","0","0","0.9787755102040817","false","0","SCN3B","36","0.3904761904761905"
"27","1.7777777777777777","0.0","0.5625","1.0","2","2","false","ANKRD20A2P","6.0","0","2",,"0","0","0","0.9135802469135802","false","0","ANKRD20A2P","0","0.6666666666666666"
"29","1.6666666666666667","0.037037037037037035","0.6","0.5","4","3","false","TPX2","4.25","0","4",,"0","0","0","0.9166666666666666","false","0","TPX2","6","0.53125"
"8","2.764705882352941","0.0","0.3617021276595745","0.0","1","3","false","WNT1","7.0","0","1","0","0","0","0","0.946524064171123","false","0","WNT1","0","0.0"
"1","2.0","4.954276490058766E-4","0.5","0.7","5","3","false","CYP26B1","43.6","0","5",,"0","0","0","0.984375","false","0","CYP26B1","290","0.5736842105263158"
"1","2.5925925925925926","0.017121727853209333","0.38571428571428573","0.13333333333333333","15","4","false","SRRM2","4.266666666666667","0","15","0","0","0","0","0.9751157407407407","false","0","SRRM2","754","0.23333333333333334"
"1","1.9506172839506173","0.04590949344515232","0.5126582278481012","0.2","6","3","false","PRPF19","33.666666666666664","0","6","0","0","0","0","0.9851466049382716","false","0","PRPF19","1580","0.42948717948717946"
"25","1.9","0.0","0.5263157894736842","0.0","1","2","false","ABCB9","10.0","0","1","0","0","0","0","0.9099999999999999","false","0","ABCB9","0","0.0"
"16","1.6842105263157894","0.028265107212475632","0.59375","0.5333333333333333","6","2","false","REELD1","7.5","0","6","0",,"0","0","0.9597523219814242","false","0","REELD1","22","0.39473684210526316"
"23","1.6363636363636365","0.01818181818181818","0.611111111111111","0.6666666666666666","4","2","false","N4BP2L2","7.0","0","4","0","0","0","0","0.9421487603305785","false","0","N4BP2L2","4","0.6363636363636364"
,"0.0","0.0","0.0","0.0","0","0","true","DAZAP2","0.0","0","0","0","0","0","0","Infinity","false","0","DAZAP2","0","0.0"
"13","1.9565217391304348","0.0","0.5111111111111111","0.0","1","2","false","SCRT2","23.0","0","1",,"0","0","0","0.9584120982986768","false","0","SCRT2","0","0.0"
"14","1.6521739130434783","0.020355731225296436","0.6052631578947368","0.35714285714285715","8","2","false","GOLGA6B","8.125","0","8","0","0","0","0","0.9716446124763706","false","0","GOLGA6B","36","0.3532608695652174"
,"0.0","0.0","0.0","0.0","0","0","true","ST6GALNAC6","0.0","0","0","0","0","0","0","Infinity","false","0","ST6GALNAC6","0","0.0"
"12","1.7083333333333333","0.0024585921325051756","0.5853658536585367","0.8095238095238095","7","2","false","KCNA7","13.714285714285714","0","7","0","0","0","0","0.9692028985507247","false","0","KCNA7","10","0.5714285714285714"
"8","1.911764705882353","0.0011140819964349374","0.5230769230769231","0.6666666666666666","4","3","false","TRAV6","18.25","0","4","0","0","0","0","0.9723707664884135","false","0","TRAV6","4","0.553030303030303"
"1","1.9382716049382716","0.0018126675079124018","0.5159235668789809","0.4888888888888889","10","3","false","MARCHF7","23.4","0","10","0","0","0","0","0.9853395061728395","false","0","MARCHF7","330","0.3078947368421053"
"12","1.3333333333333333","0.08377760524499654","0.75","0.38333333333333336","16","2","false","TMF1","9.25","0","16","0","0","0","0","0.9855072463768116","false","0","TMF1","162","0.3854166666666667"
"11","1.9615384615384615","0.0","0.5098039215686275","0.0","1","2","false","ALX4","26.0","0","1",,"0","0","0","0.96301775147929","false","0","ALX4","0","0.0"
"10","1.0","0.25755200355200353","1.0","0.27076923076923076","26","1","false","TPR","7.769230769230769","0","26","0",,"0","0","1.0","false","0","TPR","474","0.2988165680473373"
"68","1.0","0.0","1.0","0.0","1","1","false","HNRNPDL","1.0","0","1","0","0","0","0","1.0","false","0","HNRNPDL","0","0.0"
"44","1.0","0.0","1.0","0.0","1","1","false","TRPC4AP","1.0","0","1","0","0","0","0","1.0","false","0","TRPC4AP","0","0.0"
"8","1.9705882352941178","0.0","0.5074626865671642","1.0","2","3","false","IGHV1-69D","20.0","0","2","0","0","0","0","0.9705882352941178","false","0","IGHV1-69D","0","0.6060606060606061"
,"0.0","0.0","0.0","0.0","0","0","true","TRMU","0.0","0","0","0","0","0","0","Infinity","false","0","TRMU","0","0.0"
"3","1.9830508474576272","2.922267679719462E-4","0.5042735042735043","0.6666666666666666","3","3","false","WNT7A","29.0","0","3","0","0","0","0","0.9827534939042522","false","0","WNT7A","2","0.5087719298245614"
"38","1.0","1.0","1.0","0.0","2","1","false","CSGALNACT2","1.0","0","2","0","0","0","0","1.0","false","0","CSGALNACT2","2","0.0"
"67","1.0","0.0","1.0","0.0","1","1","false","NOCT","1.0","0","1","0","0","0","0","1.0","false","0","NOCT","0","0.0"
"2","2.0","1.8050275181498342E-4","0.5","0.0","2","3","false","CLEC4M","44.5","0","2","0","0","0","0","0.9833333333333333","false","0","CLEC4M","26","0.7372881355932204"
"1","1.9506172839506173","0.001564404701022042","0.5126582278481012","0.6666666666666666","9","3","false","ZNF449","33.22222222222222","0","9",,"0","0","0","0.9851466049382716","false","0","ZNF449","370","0.4371345029239766"
"9","1.7777777777777777","0.004542576764798987","0.5625","0.6","6","2","false","ATMIN","12.5","0","6","0","0","0","0","0.9711934156378601","false","0","ATMIN","12","0.46296296296296297"
"22","1.8333333333333333","0.0","0.5454545454545455","1.0","2","2","false","FAM219B","7.0","0","2","0","0","0","0","0.9305555555555555","false","0","FAM219B","0","0.5833333333333334"
"15","1.9047619047619047","0.0","0.525","1.0","2","2","false","IGKV3D-11","11.5","0","2","0","0","0","0","0.9547619047619047","false","0","IGKV3D-11","0","0.5476190476190477"
"9","1.6666666666666667","0.013710260932483157","0.6","0.5","9","2","false","ZNF48","11.555555555555555","0","9","0","0","0","0","0.9753086419753086","false","0","ZNF48","36","0.4279835390946502"
"26","1.8","0.0","0.5555555555555556","1.0","2","2","false","CERS4","6.5","0","2","0","0","0","0","0.9199999999999999","false","0","CERS4","0","0.65"
"2","1.9841269841269842","0.0","0.504","1.0","3","3","false","CCNE2","31.333333333333332","0","3","0","0","0","0","0.9835978835978836","false","0","CCNE2","0","0.5136612021857924"
,"0.0","0.0","0.0","0.0","0","0","true","PRKCSH","0.0","0","0","0","0","0","0","Infinity","false","0","PRKCSH","0","0.0"
,"0.0","0.0","0.0","0.0","0","0","true","SLC25A13","0.0","0","0","0","0","0","0","Infinity","false","0","SLC25A13","0","0.0"
"34","1.0","0.16666666666666666","1.0","0.6666666666666666","3","1","false","RPL3","2.3333333333333335","0","3","0","0","0","0","1.0","false","0","RPL3","2","0.7777777777777778"
"17","1.7777777777777777","8.169934640522876E-4","0.5625","0.8333333333333334","4","2","false","PPP1R8","12.5","0","4",,"0","0","0","0.95679012345679","false","0","PPP1R8","2","0.6944444444444444"
"14","1.826086956521739","5.64652738565782E-4","0.5476190476190477","0.8333333333333334","4","2","false","IZUMO1","13.0","0","4",,"0","0","0","0.9640831758034026","false","0","IZUMO1","2","0.5652173913043478"
"31","1.6666666666666667","0.0","0.6","1.0","2","2","false","ZNF716","4.0","0","2","0",,"0","0","0.8888888888888888","false","0","ZNF716","0","0.6666666666666666"
"4","1.98","0.0","0.5050505050505051","1.0","2","3","false","KLK1","44.0","0","2","0","0","0","0","0.9800000000000001","false","0","KLK1","0","0.8979591836734694"
"5","1.98","0.0","0.5050505050505051","1.0","3","3","false","GCA","25.666666666666668","0","3","0","0","0","0","0.9786956521739131","false","0","GCA","0","0.5347222222222222"
"3","2.016949152542373","0.0","0.4957983193277311","0.0","1","3","false","RNF225","57.0","0","1","0",,"0","0","0.9821587867975022","false","0","RNF225","0","0.0"
"5","1.96","2.1711145996860284E-4","0.5102040816326531","0.6666666666666666","3","3","false","MITD1","30.666666666666668","0","3","0","0","0","0","0.9791304347826086","false","0","MITD1","10","0.6258503401360545"
,"0.0","0.0","0.0","0.0","0","0","true","ALDH18A1","0.0","0","0",,"0","0","0","Infinity","false","0","ALDH18A1","0","0.0"
"10","1.8076923076923077","5.616605616605617E-4","0.5531914893617021","0.8","5","2","false","ATP2C2","17.8","0","5","0","0","0","0","0.9689349112426036","false","0","ATP2C2","4","0.6846153846153846"
"12","1.7916666666666667","0.0020272601794340925","0.5581395348837209","0.7333333333333333","6","3","false","TRAPPC14","13.833333333333334","0","6","0","0","0","0","0.9655797101449275","false","0","TRAPPC14","8","0.6014492753623188"
"66","1.0","0.0","1.0","0.0","1","1","false","ALDH9A1","1.0","0","1","0","0","0","0","1.0","false","0","ALDH9A1","0","0.0"
"7","1.8","0.0067246898759503815","0.5555555555555556","0.42857142857142855","7","2","false","OR56A4","13.428571428571429","0","7",,"0","0","0","0.9771428571428572","false","0","OR56A4","24","0.3836734693877551"
"8","1.8529411764705883","0.005199049316696375","0.5396825396825397","0.5","5","2","false","PDCL2","14.6","0","5",,"0","0","0","0.9741532976827095","false","0","PDCL2","16","0.4294117647058823"
"15","1.9523809523809523","0.0","0.5121951219512195","1.0","2","3","false","CCDC166","11.5","0","2","0","0","0","0","0.9523809523809523","false","0","CCDC166","0","0.575"
"3","2.016949152542373","0.0","0.4957983193277311","0.0","1","3","false","SP7","57.0","0","1",,"0","0","0","0.9821587867975022","false","0","SP7","0","0.0"
"2","1.873015873015873","0.005726474770437675","0.5338983050847458","0.2777777777777778","9","3","false","RGR","16.11111111111111","0","9","0","0","0","0","0.9854497354497355","false","0","RGR","162","0.26229508196721313"
,"0.0","0.0","0.0","0.0","0","0","true","CORO1C","0.0","0","0","0","0","0","0","Infinity","false","0","CORO1C","0","0.0"
,"0.0","0.0","0.0","0.0","0","0","true","ABI1","0.0","0","0","0","0","0","0","Infinity","false","0","ABI1","0","0.0"
"7","1.7714285714285714","0.006638655462184875","0.5645161290322581","0.32142857142857145","8","2","false","GTF2F1","12.625","0","8","0","0","0","0","0.9779591836734693","false","0","GTF2F1","38","0.3607142857142857"
"7","1.9428571428571428","0.0","0.5147058823529412","1.0","2","2","false","NKX6-3","26.5","0","2","0","0","0","0","0.9730612244897959","false","0","NKX6-3","0","0.7571428571428571"
"9","1.8518518518518519","7.913896802785692E-4","0.54","0.6666666666666666","4","2","false","RTL5","16.5","0","4","0","0","0","0","0.9684499314128944","false","0","RTL5","4","0.6111111111111112"
"15","2.0","0.0","0.5","0.0","1","3","false","AMDHD2","20.0","0","1",,"0","0","0","0.95","false","0","AMDHD2","0","0.0"
"7","1.8857142857142857","0.0011204481792717086","0.5303030303030303","0.6666666666666666","4","2","false","FRZB","18.25","0","4",,"0","0","0","0.9746938775510204","false","0","FRZB","4","0.5214285714285715"
"1","2.0","5.185757971540247E-4","0.5","0.7","5","3","false","TCP11X1","41.6","0","5","0","0","0","0","0.984375","false","0","TCP11X1","290","0.5473684210526316"
"11","1.8846153846153846","0.0","0.5306122448979592","1.0","3","2","false","RUFY2","14.333333333333334","0","3",,"0","0","0","0.9659763313609468","false","0","RUFY2","0","0.5512820512820513"
"28","1.8888888888888888","0.0","0.5294117647058824","0.0","1","2","false","LINC00208","9.0","0","1",,"0","0","0","0.9012345679012346","false","0","LINC00208","0","0.0"
"4","1.88","0.00123344074471894","0.5319148936170213","0.7142857142857143","7","3","false","GPR141","22.285714285714285","0","7",,"0","0","0","0.9820408163265305","false","0","GPR141","12","0.45481049562682213"
"2","2.0","0.0","0.5","1.0","3","3","false","PRAMEF27","32.0","0","3","0","0","0","0","0.9833333333333333","false","0","PRAMEF27","0","0.5333333333333333"
"1","1.8641975308641976","0.0057380545351512794","0.5364238410596026","0.4083333333333333","16","3","false","ZSCAN22","18.9375","0","16","0","0","0","0","0.9864969135802469","false","0","ZSCAN22","426","0.24917763157894737"
"21","1.8333333333333333","0.0","0.5454545454545455","1.0","2","2","false","ZFAND5","8.0","0","2","0","0","0","0","0.9305555555555555","false","0","ZFAND5","0","0.6666666666666666"
"2","1.9682539682539681","0.0010974468987279043","0.5080645161290323","0.0","3","3","false","B3GAT1","34.0","0","3",,"0","0","0","0.9838624338624339","false","0","B3GAT1","106","0.559322033898305"
"2","1.9206349206349207","2.3909326807085147E-4","0.5206611570247933","0.8","5","2","false","SLC26A3","20.4","0","5",,"0","0","0","0.9846560846560847","false","0","SLC26A3","6","0.3238095238095238"
"12","1.875","0.0014233954451345753","0.5333333333333333","0.5","4","3","false","EFCAB13","13.75","0","4",,"0","0","0","0.9619565217391305","false","0","EFCAB13","6","0.5978260869565217"
"26","1.7","0.011111111111111112","0.5882352941176471","0.6666666666666666","3","2","false","RAPGEF4","5.0","0","3",,"0","0","0","0.93","false","0","RAPGEF4","2","0.5"
"4","1.98","0.0","0.5050505050505051","1.0","2","3","false","CD38","44.0","0","2",,"0","0","0","0.9800000000000001","false","0","CD38","0","0.8979591836734694"
"3","2.9322033898305087","0.0","0.34104046242774566","0.0","1","4","false","UBE2W","4.0","0","1","0","0","0","0","0.9661016949152543","false","0","UBE2W","0","0.0"
"10","1.8846153846153846","0.0","0.5306122448979592","1.0","3","2","false","RIOK3","21.666666666666668","0","3","0","0","0","0","0.9659763313609468","false","0","RIOK3","0","0.8333333333333334"
"7","1.9714285714285715","0.0","0.5072463768115941","0.0","1","2","false","TM2D2","35.0","0","1",,"0","0","0","0.9722448979591836","false","0","TM2D2","0","0.0"
"4","1.98","0.0","0.5050505050505051","1.0","2","3","false","GPATCH2","26.5","0","2","0","0","0","0","0.9800000000000001","false","0","GPATCH2","0","0.5408163265306123"
"65","1.0","0.0","1.0","0.0","1","1","false","SH3GLB1","1.0","0","1","0","0","0","0","1.0","false","0","SH3GLB1","0","0.0"
"2","2.0","1.8050275181498342E-4","0.5","0.0","2","3","false","TMEM143","44.5","0","2","0","0","0","0","0.9833333333333333","false","0","TMEM143","26","0.7372881355932204"
"1","2.0123456790123457","4.5684740209229644E-4","0.4969325153374233","0.6666666666666666","4","3","false","WDR13","54.5","0","4","0","0","0","0","0.9841820987654321","false","0","WDR13","288","0.7171052631578947"
"16","1.8421052631578947","0.0","0.5428571428571428","1.0","3","2","false","VWA1","12.0","0","3","0","0","0","0","0.9504643962848298","false","0","VWA1","0","0.631578947368421"
"4","1.98","0.0","0.5050505050505051","1.0","2","3","false","CLEC4A","44.0","0","2","0","0","0","0","0.9800000000000001","false","0","CLEC4A","0","0.8979591836734694"
"2","1.9841269841269842","2.4597423716309546E-4","0.504","0.3333333333333333","3","3","false","LMNTD1","39.333333333333336","0","3",,"0","0","0","0.9835978835978836","false","0","LMNTD1","36","0.65"
"40","1.0","0.0","1.0","1.0","2","1","false","REST","2.0","0","2","0","0","0","0","1.0","false","0","REST","0","1.0"
"24","1.8181818181818181","0.0","0.55","1.0","2","2","false","THBS4","8.5","0","2",,"0","0","0","0.9256198347107438","false","0","THBS4","0","0.7727272727272727"
"64","1.0","0.0","1.0","0.0","1","1","false","GOLGA6A","1.0","0","1",,"0","0","0","1.0","false","0","GOLGA6A","0","0.0"
"3","1.9322033898305084","0.0013985138181514568","0.5175438596491229","0.6","6","3","false","LPAR2","19.333333333333332","0","6","0","0","0","0","0.9836455545643771","false","0","LPAR2","12","0.3391812865497076"
"1","2.0864197530864197","0.002029000935737696","0.47928994082840237","0.4","10","4","false","IL34","20.0","0","10","0","0","0","0","0.9830246913580247","false","0","IL34","278","0.3076923076923077"
"19","1.4375","0.014791666666666667","0.6956521739130435","0.7222222222222222","9","2","false","PSG11","10.555555555555555","0","9","0","0","0","0","0.97265625","false","0","PSG11","20","0.6597222222222222"
"32","1.4","0.05","0.7142857142857143","0.6666666666666666","3","2","false","BMP2K","3.0","0","3","0","0","0","0","0.9199999999999999","false","0","BMP2K","2","0.6"
"5","1.96","3.803767660910518E-4","0.5102040816326531","0.3333333333333333","3","3","false","OR10A2","24.333333333333332","0","3","0","0","0","0","0.9791304347826086","false","0","OR10A2","12","0.5"
"22","1.9166666666666667","0.0","0.5217391304347826","0.0","1","2","false","PSME3IP1","12.0","0","1",,"0","0","0","0.9236111111111112","false","0","PSME3IP1","0","0.0"
,"0.0","0.0","0.0","0.0","0","0","true","NCBP2","0.0","0","0","0","0","0","0","Infinity","false","0","NCBP2","0","0.0"
"49","1.0","0.0","1.0","0.0","1","1","false","PDK1","1.0","0","1","0","0","0","0","1.0","false","0","PDK1","0","0.0"
"16","2.0","0.0","0.5","1.0","2","3","false","RNF112","11.5","0","2","0","0","0","0","0.9411764705882353","false","0","RNF112","0","0.6764705882352942"
"2","1.9365079365079365","3.311957997057843E-4","0.5163934426229508","0.5","4","2","false","RGL2","23.5","0","4","0","0","0","0","0.9843915343915344","false","0","RGL2","10","0.373015873015873"
"1","3.0123456790123457","2.314814814814815E-4","0.3319672131147541","0.5","4","5","false","ANKRD36B","6.75","0","4","0","0","0","0","0.9685570987654321","false","0","ANKRD36B","6","0.5192307692307693"
"63","1.0","0.0","1.0","0.0","1","1","false","PPP2CA","1.0","0","1","0","0","0","0","1.0","false","0","PPP2CA","0","0.0"
"6","1.7755102040816326","0.07977183773697613","0.5632183908045977","0.1380952380952381","21","3","false","SMC1B","7.619047619047619","0","21","0","0","0","0","0.9823747680890538","false","0","SMC1B","952","0.20767195767195767"
"3","1.9830508474576272","0.0","0.5042735042735043","1.0","3","3","false","CXCR1","30.333333333333332","0","3",,"0","0","0","0.9827534939042522","false","0","CXCR1","0","0.5321637426900585"
"3","1.9661016949152543","4.8704461328657697E-4","0.5086206896551724","0.5","4","3","false","RCOR3","22.5","0","4","0","0","0","0","0.9830508474576272","false","0","RCOR3","6","0.39473684210526316"
"1","2.0","5.070017230799507E-4","0.5","0.6","5","3","false","BECN2","47.2","0","5","0","0","0","0","0.984375","false","0","BECN2","292","0.6210526315789474"
"7","1.9142857142857144","5.602240896358543E-4","0.5223880597014925","0.6666666666666666","3","2","false","EFNA1","17.666666666666668","0","3","0","0","0","0","0.9738775510204083","false","0","EFNA1","2","0.5047619047619047"
"5","1.98","1.3082155939298794E-4","0.5050505050505051","0.6666666666666666","4","3","false","OR7D2","29.5","0","4","0","0","0","0","0.9786956521739131","false","0","OR7D2","4","0.6276595744680851"
"8","1.911764705882353","0.00148544266191325","0.5230769230769231","0.6666666666666666","4","3","false","RFPL4AL1","15.75","0","4","0",,"0","0","0.9723707664884135","false","0","RFPL4AL1","4","0.4772727272727273"
"1","2.0","4.5684740209229644E-4","0.5","0.8","5","3","false","OR2A5","46.8","0","5","0","0","0","0","0.984375","false","0","OR2A5","288","0.6157894736842106"
"55","1.0","0.0","1.0","0.0","1","1","false","TMBIM1","1.0","0","1",,"0","0","0","1.0","false","0","TMBIM1","0","0.0"
"6","1.836734693877551","0.007630948201244377","0.5444444444444444","0.4642857142857143","8","2","false","ZNF772","17.625","0","8","0","0","0","0","0.9809833024118738","false","0","ZNF772","156","0.3596938775510204"
"7","1.6","0.04128457443583494","0.625","0.16483516483516483","14","2","false","LYG1","9.571428571428571","0","14","0","0","0","0","0.9828571428571428","false","0","LYG1","152","0.27346938775510204"
"17","1.8888888888888888","0.0","0.5294117647058824","1.0","2","2","false","GARIN2","14.5","0","2",,"0","0","0","0.9506172839506173","false","0","GARIN2","0","0.8055555555555556"
,"0.0","0.0","0.0","0.0","0","0","true","ZEB1","0.0","0","0","0","0","0","0","Infinity","false","0","ZEB1","0","0.0"
"13","1.9565217391304348","0.0","0.5111111111111111","0.0","1","2","false","OR10T2","23.0","0","1",,"0","0","0","0.9584120982986768","false","0","OR10T2","0","0.0"
"30","1.5","0.013333333333333334","0.6666666666666666","0.6666666666666666","3","2","false","CFAP221","5.333333333333333","0","3",,"0","0","0","0.9166666666666666","false","0","CFAP221","2","0.8888888888888888"
"1","1.9382716049382716","0.0018571266495937668","0.5159235668789809","0.6222222222222222","10","3","false","ST8SIA4","30.4","0","10",,"0","0","0","0.9853395061728395","false","0","ST8SIA4","348","0.4"
,"0.0","0.0","0.0","0.0","0","0","true","UBXN11","0.0","0","0","0","0","0","0","Infinity","false","0","UBXN11","0","0.0"
"25","1.7","0.011111111111111112","0.5882352941176471","0.6666666666666666","3","2","false","MAGI3","5.0","0","3","0","0","0","0","0.93","false","0","MAGI3","2","0.5"
"24","1.9090909090909092","0.0","0.5238095238095238","0.0","1","2","false","JMY","11.0","0","1",,"0","0","0","0.9173553719008264","false","0","JMY","0","0.0"
"4","1.88","0.040145005370569274","0.5319148936170213","0.5333333333333333","6","2","false","HOXD13","24.166666666666668","0","6","0","0","0","0","0.9820408163265305","false","0","HOXD13","260","0.4897959183673469"
"3","1.9830508474576272","0.03389830508474576","0.5042735042735043","0.0","2","3","false","SPATA2","29.0","0","2","0","0","0","0","0.9827534939042522","false","0","SPATA2","116","0.5"
,"0.0","0.0","0.0","0.0","0","0","true","SLC17A2","0.0","0","0","0","0","0","0","Infinity","false","0","SLC17A2","0","0.0"
"4","2.86","0.0","0.3496503496503497","0.0","1","3","false","FOXC1","6.0","0","1","0","0","0","0","0.9620408163265306","false","0","FOXC1","0","0.0"
"1","2.0123456790123457","4.5684740209229644E-4","0.4969325153374233","0.6666666666666666","4","3","false","ALDH6A1","54.5","0","4","0","0","0","0","0.9841820987654321","false","0","ALDH6A1","288","0.7171052631578947"
"1","2.0","5.070017230799507E-4","0.5","0.6","5","3","false","KPNA6","47.2","0","5","0","0","0","0","0.984375","false","0","KPNA6","292","0.6210526315789474"
"17","1.8888888888888888","0.0","0.5294117647058824","1.0","2","2","false","IGLV8-61","14.5","0","2","0","0","0","0","0.9506172839506173","false","0","IGLV8-61","0","0.8055555555555556"
,"0.0","0.0","0.0","0.0","0","0","true","OR2A4","0.0","0","0","0","0","0","0","Infinity","false","0","OR2A4","0","0.0"
"22","1.8333333333333333","0.0","0.5454545454545455","1.0","2","2","false","EP400P1","7.0","0","2","0","0","0","0","0.9305555555555555","false","0","EP400P1","0","0.5833333333333334"
"6","1.8571428571428572","0.005375497078962947","0.5384615384615384","0.32142857142857145","8","3","false","SCAF4","13.5","0","8","0","0","0","0","0.9805194805194806","false","0","SCAF4","66","0.28125"
"3","1.9661016949152543","4.5782193648938237E-4","0.5086206896551724","0.5","4","3","false","FAAP100","22.25","0","4",,"0","0","0","0.9830508474576272","false","0","FAAP100","6","0.39035087719298245"
"8","2.0","0.0","0.5","0.0","1","3","false","RRAD","33.0","0","1",,"0","0","0","0.9696969696969697","false","0","RRAD","0","0.0"
"62","1.0","0.0","1.0","0.0","1","1","false","FYCO1","1.0","0","1",,"0","0","0","1.0","false","0","FYCO1","0","0.0"
,"0.0","0.0","0.0","0.0","0","0","true","ATRX","0.0","0","0","0","0","0","0","Infinity","false","0","ATRX","0","0.0"
"17","1.7222222222222223","0.002124183006535948","0.5806451612903225","0.8","5","2","false","TSC22D2","10.8","0","5","0","0","0","0","0.9598765432098766","false","0","TSC22D2","4","0.6"
"3","2.016949152542373","0.0","0.4957983193277311","0.0","1","3","false","MRNIP","57.0","0","1",,"0","0","0","0.9821587867975022","false","0","MRNIP","0","0.0"
"12","1.5416666666666667","0.03084886128364389","0.6486486486486486","0.43636363636363634","11","2","false","RAMAC","10.454545454545455","0","11","0","0","0","0","0.9764492753623187","false","0","RAMAC","70","0.4356060606060606"
"17","1.7777777777777777","0.0010893246187363833","0.5625","0.8333333333333334","4","2","false","RAC3","11.0","0","4","0","0","0","0","0.95679012345679","false","0","RAC3","2","0.6111111111111112"
"30","1.3333333333333333","0.013333333333333334","0.75","0.8333333333333334","4","2","false","PCDHGA11","5.0","0","4","0","0","0","0","0.9444444444444445","false","0","PCDHGA11","2","0.8333333333333334"
"1","1.9135802469135803","0.003033456749534978","0.5225806451612903","0.5151515151515151","12","3","false","AICDA","25.833333333333332","0","12","0","0","0","0","0.9857253086419753","false","0","AICDA","378","0.3399122807017544"
"6","1.8571428571428572","0.005290629337006054","0.5384615384615384","0.3333333333333333","7","2","false","TNMD","15.0","0","7","0","0","0","0","0.9805194805194806","false","0","TNMD","92","0.30952380952380953"
"6","1.836734693877551","0.008289757059569884","0.5444444444444444","0.42857142857142855","8","2","false","GLYATL1","16.0","0","8","0","0","0","0","0.9809833024118738","false","0","GLYATL1","178","0.32653061224489793"
"6","1.7755102040816326","0.006453063317342602","0.5632183908045977","0.509090909090909","11","2","false","TMPPE","14.636363636363637","0","11","0","0","0","0","0.9823747680890538","false","0","TMPPE","130","0.2987012987012987"
"4","1.96","0.0","0.5102040816326531","1.0","3","3","false","PRG2","31.666666666666668","0","3",,"0","0","0","0.9804081632653061","false","0","PRG2","0","0.6462585034013606"
,"0.0","0.0","0.0","0.0","0","0","true","PEX14","0.0","0","0","0","0","0","0","Infinity","false","0","PEX14","0","0.0"
"13","1.9130434782608696","0.0","0.5227272727272727","1.0","2","2","false","CXorf66","14.5","0","2",,"0","0","0","0.9603024574669187","false","0","CXorf66","0","0.6304347826086957"
"9","1.7777777777777777","0.0039015511237733462","0.5625","0.5333333333333333","6","2","false","DDX52","13.0","0","6","0","0","0","0","0.9711934156378601","false","0","DDX52","14","0.48148148148148145"
,"0.0","0.0","0.0","0.0","0","0","true","AP1B1","0.0","0","0","0","0","0","0","Infinity","false","0","AP1B1","0","0.0"
"1","2.0246913580246915","4.5684740209229644E-4","0.49390243902439024","0.3333333333333333","3","3","false","ZNF454","61.0","0","3","0","0","0","0","0.9839891975308642","false","0","ZNF454","288","0.8088888888888889"
"18","1.8125","0.0027777777777777775","0.5517241379310345","0.6666666666666666","3","2","false","DBR1","9.333333333333334","0","3","0","0","0","0","0.94921875","false","0","DBR1","2","0.5833333333333334"
,"0.0","0.0","0.0","0.0","0","0","true","ZBTB48","0.0","0","0","0","0","0","0","Infinity","false","0","ZBTB48","0","0.0"
"1","2.765432098765432","0.0","0.3616071428571429","1.0","2","4","false","PPP4R2","10.5","0","2",,"0","0","0","0.9724151234567902","false","0","PPP4R2","0","0.5833333333333334"
"2","1.5396825396825398","0.07811055150390132","0.6494845360824741","0.11576354679802955","29","2","false","MYH16","7.517241379310345","0","29","0","0","0","0","0.991005291005291","false","0","MYH16","1114","0.11932129173508484"
"12","2.4583333333333335","0.0","0.4067796610169491","0.0","1","3","false","ZNF213","12.0","0","1","0","0","0","0","0.9365942028985508","false","0","ZNF213","0","0.0"
"5","1.94","2.623906705539358E-4","0.5154639175257733","0.7","5","3","false","EVX1","21.0","0","5","0",,"0","0","0.9795652173913044","false","0","EVX1","6","0.4375"
"10","1.8461538461538463","2.1978021978021978E-4","0.5416666666666666","0.8333333333333334","4","2","false","PARP3","20.0","0","4","0","0","0","0","0.9674556213017751","false","0","PARP3","2","0.7692307692307693"
"8","1.8823529411764706","0.00326797385620915","0.53125","0.5","4","2","false","SINHCAF","16.5","0","4",,"0","0","0","0.9732620320855615","false","0","SINHCAF","10","0.4852941176470588"
"8","2.0","0.0","0.5","0.0","1","3","false","IGHV3-74","33.0","0","1","0",,"0","0","0.9696969696969697","false","0","IGHV3-74","0","0.0"
"11","1.8461538461538463","0.0020512820512820513","0.5416666666666666","0.5","4","2","false","ZDHHC14","11.25","0","4","0","0","0","0","0.9674556213017751","false","0","ZDHHC14","6","0.4326923076923077"
,"0.0","0.0","0.0","0.0","0","0","true","SARS1","0.0","0","0","0","0","0","0","Infinity","false","0","SARS1","0","0.0"
"12","1.9166666666666667","0.0","0.5217391304347826","1.0","3","3","false","ESCO2","14.666666666666666","0","3","0","0","0","0","0.9601449275362318","false","0","ESCO2","0","0.6376811594202898"
"31","1.8333333333333333","0.0","0.5454545454545455","0.0","1","2","false","NR4A3","6.0","0","1",,"0","0","0","0.8611111111111112","false","0","NR4A3","0","0.0"
,"0.0","0.0","0.0","0.0","0","0","true","TLR4","0.0","0","0","0","0","0","0","Infinity","false","0","TLR4","0","0.0"
"9","1.5925925925925926","0.03324628046850269","0.627906976744186","0.32727272727272727","11","2","false","ATXN7L2","9.090909090909092","0","11","0",,"0","0","0.9780521262002744","false","0","ATXN7L2","74","0.3367003367003367"
,"0.0","0.0","0.0","0.0","0","0","true","SMAP2","0.0","0","0",,"0","0","0","Infinity","false","0","SMAP2","0","0.0"
"15","2.0","0.0","0.5","0.0","1","3","false","IGKV3D-15","20.0","0","1","0",,"0","0","0.95","false","0","IGKV3D-15","0","0.0"
"1","1.8395061728395061","0.009225863365552702","0.5436241610738255","0.32679738562091504","18","3","false","MYLK3","15.555555555555555","0","18","0","0","0","0","0.9868827160493827","false","0","MYLK3","456","0.2046783625730994"
"15","1.9047619047619047","0.0","0.525","1.0","3","3","false","SPZ1","9.0","0","3",,"0","0","0","0.9547619047619047","false","0","SPZ1","0","0.45"
"7","1.6857142857142857","0.019239756508664076","0.5932203389830508","0.34545454545454546","11","2","false","TRGV1","11.181818181818182","0","11","0","0","0","0","0.9804081632653062","false","0","TRGV1","72","0.3194805194805195"
"12","1.8333333333333333","0.0032091097308488614","0.5454545454545455","0.5","5","3","false","FOXP1","12.0","0","5",,"0","0","0","0.963768115942029","false","0","FOXP1","10","0.5217391304347826"
"7","1.8","0.0063885554221688665","0.5555555555555556","0.2857142857142857","7","2","false","PIGP","12.142857142857142","0","7","0","0","0","0","0.9771428571428572","false","0","PIGP","30","0.3469387755102041"
"30","1.3333333333333333","0.013333333333333334","0.75","0.8333333333333334","4","2","false","TRIM36","5.0","0","4",,"0","0","0","0.9444444444444445","false","0","TRIM36","2","0.8333333333333334"
"61","1.0","0.0","1.0","0.0","1","1","false","PRICKLE3","1.0","0","1","0","0","0","0","1.0","false","0","PRICKLE3","0","0.0"
"26","1.8","0.0","0.5555555555555556","1.0","2","2","false","SEMA4G","6.5","0","2",,"0","0","0","0.9199999999999999","false","0","SEMA4G","0","0.65"
"15","1.9047619047619047","0.002380952380952381","0.525","0.6666666666666666","3","3","false","ODAPH","8.0","0","3","0",,"0","0","0.9547619047619047","false","0","ODAPH","2","0.4"
,"0.0","0.0","0.0","0.0","0","0","true","SLC30A6","0.0","0","0","0","0","0","0","Infinity","false","0","SLC30A6","0","0.0"
"14","1.7826086956521738","0.006164125729343119","0.5609756097560976","0.4","5","2","false","IGHV4-59","12.8","0","5","0",,"0","0","0.9659735349716447","false","0","IGHV4-59","12","0.5565217391304348"
,"0.0","0.0","0.0","0.0","0","0","true","SUZ12","0.0","0","0","0","0","0","0","Infinity","false","0","SUZ12","0","0.0"
"60","1.0","0.0","1.0","0.0","1","1","false","SDCCAG8","1.0","0","1","0","0","0","0","1.0","false","0","SDCCAG8","0","0.0"
"26","1.8","0.0","0.5555555555555556","1.0","2","2","false","SLITRK3","6.5","0","2","0",,"0","0","0.9199999999999999","false","0","SLITRK3","0","0.65"
,"0.0","0.0","0.0","0.0","0","0","true","PPP2CB","0.0","0","0","0","0","0","0","Infinity","false","0","PPP2CB","0","0.0"
"4","1.98","0.0","0.5050505050505051","1.0","2","3","false","NPIPB7","26.5","0","2","0",,"0","0","0.9800000000000001","false","0","NPIPB7","0","0.5408163265306123"
"7","1.7428571428571429","0.010626311130512812","0.5737704918032787","0.2222222222222222","9","2","false","SOCS2","12.11111111111111","0","9","0",,"0","0","0.9787755102040817","false","0","SOCS2","56","0.346031746031746"
"6","2.1020408163265305","0.0","0.47572815533980584","0.0","1","4","false","LEFTY2","44.0","0","1","0",,"0","0","0.9749536178107607","false","0","LEFTY2","0","0.0"
"27","1.8888888888888888","0.0","0.5294117647058824","0.0","1","2","false","PCDHB4","9.0","0","1",,"0","0","0","0.9012345679012346","false","0","PCDHB4","0","0.0"
,"0.0","0.0","0.0","0.0","0","0","true","SUV39H1","0.0","0","0","0","0","0","0","Infinity","false","0","SUV39H1","0","0.0"
"14","1.3043478260869565","0.12592697157914548","0.7666666666666666","0.25","16","2","false","CCDC7","6.625","0","16","0","0","0","0","0.9867674858223062","false","0","CCDC7","180","0.28804347826086957"
"6","1.9183673469387754","0.003710301470308377","0.5212765957446809","0.3333333333333333","4","2","false","RDH16","19.0","0","4","0","0","0","0","0.9791280148423006","false","0","RDH16","88","0.3877551020408163"
,"0.0","0.0","0.0","0.0","0","0","true","FUBP1","0.0","0","0","0","0","0","0","Infinity","false","0","FUBP1","0","0.0"
"14","1.391304347826087","0.09802371541501978","0.71875","0.17582417582417584","14","2","false","RRBP1","6.285714285714286","0","14","0","0","0","0","0.9829867674858224","false","0","RRBP1","150","0.2732919254658385"
"1","2.0","4.911409549043678E-4","0.5","0.7","5","3","false","SPATA18","46.2","0","5","0","0","0","0","0.984375","false","0","SPATA18","290","0.6078947368421053"
"4","1.92","4.296455424274973E-5","0.5208333333333334","0.9","5","3","false","SNAPC3","28.2","0","5","0","0","0","0","0.9812244897959184","false","0","SNAPC3","2","0.5755102040816327"
"3","1.9661016949152543","2.922267679719462E-4","0.5086206896551724","0.6666666666666666","4","3","false","NPBWR2","26.0","0","4","0","0","0","0","0.9830508474576272","false","0","NPBWR2","4","0.45614035087719296"
"12","1.6666666666666667","0.012905452035886819","0.6","0.5555555555555556","9","3","false","ZNF350","11.555555555555555","0","9","0","0","0","0","0.9710144927536232","false","0","ZNF350","32","0.5024154589371981"
"1","2.0","4.5684740209229644E-4","0.5","0.8","5","3","false","STK39","45.6","0","5","0","0","0","0","0.984375","false","0","STK39","288","0.6"
"38","1.5","0.0","0.6666666666666666","0.0","1","2","false","B3GNT3","2.0","0","1","0","0","0","0","0.75","false","0","B3GNT3","0","0.0"
"16","2.0","0.0","0.5","1.0","2","3","false","LRRC71","13.0","0","2",,"0","0","0","0.9411764705882353","false","0","LRRC71","0","0.7647058823529411"
"2","1.8253968253968254","0.008088614158314352","0.5478260869565218","0.2909090909090909","11","2","false","UPK1A","17.545454545454547","0","11","0","0","0","0","0.9862433862433863","false","0","UPK1A","254","0.2784992784992785"
"2","1.9523809523809523","9.286845972928103E-4","0.5121951219512195","0.6","5","3","false","TLCD3B","25.2","0","5","0","0","0","0","0.9841269841269842","false","0","TLCD3B","40","0.4131147540983607"
,"0.0","0.0","0.0","0.0","0","0","true","TFCP2","0.0","0","0","0","0","0","0","Infinity","false","0","TFCP2","0","0.0"
"1","2.185185185185185","9.593505018341619E-4","0.4576271186440678","0.6666666666666666","3","4","false","PALS1","30.333333333333332","0","3",,"0","0","0","0.9814814814814815","false","0","PALS1","104","0.4527363184079602"
"11","1.9615384615384615","0.0","0.5098039215686275","0.0","1","2","false","ZBTB18","26.0","0","1",,"0","0","0","0.96301775147929","false","0","ZBTB18","0","0.0"
"1","1.9876543209876543","5.584420522980576E-4","0.5031055900621119","0.6666666666666666","6","3","false","CLDN12","42.0","0","6","0","0","0","0","0.9845679012345679","false","0","CLDN12","294","0.5526315789473685"
"3","1.9491525423728813","0.034044418468731734","0.5130434782608696","0.3333333333333333","4","3","false","TRIM17","21.75","0","4","0","0","0","0","0.9833482010110022","false","0","TRIM17","168","0.37719298245614036"
"10","1.6538461538461537","0.004752136752136753","0.6046511627906977","0.7222222222222222","9","2","false","SYT9","14.11111111111111","0","9","0","0","0","0","0.9748520710059172","false","0","SYT9","20","0.5427350427350427"
"22","1.9166666666666667","0.0","0.5217391304347826","0.0","1","2","false","C5orf52","12.0","0","1","0",,"0","0","0.9236111111111112","false","0","C5orf52","0","0.0"
"14","1.608695652173913","0.021739130434782605","0.6216216216216216","0.4722222222222222","9","2","false","SAMD11","9.333333333333334","0","9","0","0","0","0","0.9735349716446124","false","0","SAMD11","38","0.4057971014492754"
"1","2.0","2.626941716592115E-4","0.5","0.9","5","3","false","NBPF4","39.0","0","5","0","0","0","0","0.984375","false","0","NBPF4","160","0.5131578947368421"
,"0.0","0.0","0.0","0.0","0","0","true","TACC1","0.0","0","0","0","0","0","0","Infinity","false","0","TACC1","0","0.0"
,"0.0","0.0","0.0","0.0","0","0","true","PPP1R13B","0.0","0","0","0","0","0","0","Infinity","false","0","PPP1R13B","0","0.0"
"9","1.5555555555555556","0.045069642291864526","0.6428571428571428","0.3181818181818182","12","2","false","MYOCD","9.166666666666666","0","12","0",,"0","0","0.9794238683127572","false","0","MYOCD","90","0.3395061728395062"
"14","1.6956521739130435","0.006004140786749481","0.5897435897435898","0.5714285714285714","7","2","false","TRGV5","12.428571428571429","0","7","0","0","0","0","0.9697542533081286","false","0","TRGV5","18","0.5403726708074534"
"2","2.0317460317460316","0.0","0.4921875","0.0","1","3","false","AQP7","60.0","0","1","0",,"0","0","0.9828042328042328","false","0","AQP7","0","0.0"
"15","1.9523809523809523","0.0","0.5121951219512195","1.0","2","3","false","ZSCAN5C","11.0","0","2","0",,"0","0","0.9523809523809523","false","0","ZSCAN5C","0","0.55"
"3","1.9830508474576272","0.0","0.5042735042735043","1.0","3","3","false","CXCR3","30.0","0","3",,"0","0","0","0.9827534939042522","false","0","CXCR3","0","0.5263157894736842"
"59","1.0","0.0","1.0","0.0","1","1","false","PIPOX","1.0","0","1","0","0","0","0","1.0","false","0","PIPOX","0","0.0"
"15","1.9047619047619047","0.0","0.525","1.0","3","3","false","TRAF3IP1","9.0","0","3","0","0","0","0","0.9547619047619047","false","0","TRAF3IP1","0","0.45"
"5","1.88","0.0015610625202461936","0.5319148936170213","0.6428571428571429","8","3","false","MAGEB6B","18.375","0","8","0","0","0","0","0.9808695652173912","false","0","MAGEB6B","20","0.3828125"
"1","2.185185185185185","9.593505018341619E-4","0.4576271186440678","0.6666666666666666","3","4","false","PSD2","30.333333333333332","0","3","0","0","0","0","0.9814814814814815","false","0","PSD2","104","0.4527363184079602"
"2","2.0317460317460316","0.0","0.4921875","0.0","1","3","false","ASB2","60.0","0","1",,"0","0","0","0.9828042328042328","false","0","ASB2","0","0.0"
"32","1.8","0.0","0.5555555555555556","0.0","1","2","false","ZZZ3","5.0","0","1","0","0","0","0","0.8400000000000001","false","0","ZZZ3","0","0.0"
"12","1.5416666666666667","0.025595238095238095","0.6486486486486486","0.5272727272727272","11","2","false","TIMP4","10.727272727272727","0","11","0","0","0","0","0.9764492753623187","false","0","TIMP4","60","0.44696969696969696"
"2","1.9841269841269842","2.4597423716309546E-4","0.504","0.3333333333333333","3","3","false","KLHL35","39.333333333333336","0","3",,"0","0","0","0.9835978835978836","false","0","KLHL35","36","0.65"
"6","2.1020408163265305","0.0","0.47572815533980584","0.0","1","4","false","IQCF5","44.0","0","1","0",,"0","0","0.9749536178107607","false","0","IQCF5","0","0.0"
"39","1.0","0.0","1.0","1.0","2","1","false","SYNJ2","2.0","0","2","0","0","0","0","1.0","false","0","SYNJ2","0","1.0"
"58","1.0","0.0","1.0","0.0","1","1","false","COA7","1.0","0","1","0","0","0","0","1.0","false","0","COA7","0","0.0"
"19","1.4375","0.018829365079365078","0.6956521739130435","0.6944444444444444","9","2","false","PPWD1","10.444444444444445","0","9","0","0","0","0","0.97265625","false","0","PPWD1","22","0.6527777777777778"
"3","1.9491525423728813","9.253847652444963E-4","0.5130434782608696","0.5","5","3","false","SLC50A1","18.4","0","5","0","0","0","0","0.9833482010110022","false","0","SLC50A1","10","0.32280701754385965"
"57","1.0","0.0","1.0","0.0","1","1","false","KRTAP9-2","1.0","0","1","0","0","0","0","1.0","false","0","KRTAP9-2","0","0.0"
"27","1.8888888888888888","0.0","0.5294117647058824","0.0","1","2","false","ZNF280D","9.0","0","1",,"0","0","0","0.9012345679012346","false","0","ZNF280D","0","0.0"
"1","2.1358024691358026","1.267636684303351E-4","0.4682080924855491","0.7333333333333333","6","4","false","CADM4","31.5","0","6",,"0","0","0","0.9822530864197531","false","0","CADM4","8","0.4846153846153846"
"26","1.8","0.0","0.5555555555555556","1.0","2","2","false","RUBCN","6.5","0","2","0","0","0","0","0.9199999999999999","false","0","RUBCN","0","0.65"
"3","2.0","0.0","0.5","1.0","2","3","false","SH2D7","33.5","0","2","0","0","0","0","0.9824561403508771","false","0","SH2D7","0","0.5877192982456141"
"2","1.9682539682539681","5.687450537230822E-4","0.5080645161290323","0.6666666666666666","3","3","false","ESRP2","28.0","0","3","0","0","0","0","0.9838624338624339","false","0","ESRP2","46","0.45161290322580644"
"1","2.1728395061728394","0.006360585069735404","0.46022727272727276","0.5","4","4","false","RAPGEFL1","23.75","0","4","0","0","0","0","0.9816743827160493","false","0","RAPGEFL1","1224","0.35447761194029853"
"3","1.9661016949152543","8.349336227769891E-5","0.5086206896551724","0.8333333333333334","4","3","false","NDUFAF6","27.25","0","4","0","0","0","0","0.9830508474576272","false","0","NDUFAF6","2","0.4780701754385965"
,"0.0","0.0","0.0","0.0","0","0","true","SLC25A11","0.0","0","0","0","0","0","0","Infinity","false","0","SLC25A11","0","0.0"
"2","1.9365079365079365","0.0016905515240905934","0.5163934426229508","0.2","5","3","false","FCER1A","24.2","0","5","0","0","0","0","0.9843915343915344","false","0","FCER1A","118","0.39666666666666667"
"21","1.75","0.00505050505050505","0.5714285714285714","0.6666666666666666","3","2","false","SMAGP","8.0","0","3","0","0","0","0","0.9375","false","0","SMAGP","2","0.6666666666666666"
"1","2.185185185185185","9.593505018341619E-4","0.4576271186440678","0.6666666666666666","3","4","false","UGDH","30.333333333333332","0","3","0","0","0","0","0.9814814814814815","false","0","UGDH","104","0.4527363184079602"
"26","1.9","0.0","0.5263157894736842","0.0","1","2","false","IL1RAPL2","10.0","0","1",,"0","0","0","0.9099999999999999","false","0","IL1RAPL2","0","0.0"
"56","1.0","0.0","1.0","0.0","1","1","false","CASR","1.0","0","1","1",,"1","0","1.0","false","0","CASR","0","0.0"
"56","1.0","0.0","1.0","0.0","1","1","false","ALPK2","1.0","0","1","0","0","0","0","1.0","false","0","ALPK2","0","0.0"
"24","1.4545454545454546","0.07878787878787878","0.6875","0.4","6","2","false","NHS","4.333333333333333","0","6","0","0","0","0","0.9586776859504131","false","0","NHS","18","0.3939393939393939"
"13","1.9130434782608696","0.0","0.5227272727272727","1.0","2","2","false","SHISAL2B","14.5","0","2","0","0","0","0","0.9603024574669187","false","0","SHISAL2B","0","0.6304347826086957"
,"0.0","0.0","0.0","0.0","0","0","true","DCTN1","0.0","0","0","0","0","0","0","Infinity","false","0","DCTN1","0","0.0"
"1","1.9506172839506173","0.0015047603944497335","0.5126582278481012","0.6111111111111112","9","3","false","CEACAM21","33.22222222222222","0","9",,"0","0","0","0.9851466049382716","false","0","CEACAM21","342","0.4371345029239766"
"23","1.5454545454545454","0.016666666666666666","0.6470588235294118","0.7","5","2","false","SPEM3","6.8","0","5","0","0","0","0","0.9504132231404959","false","0","SPEM3","6","0.6181818181818182"
"3","1.9830508474576272","0.0","0.5042735042735043","1.0","3","3","false","MPPED2","32.666666666666664","0","3","0","0","0","0","0.9827534939042522","false","0","MPPED2","0","0.5730994152046783"
"8","1.911764705882353","0.001039809863339275","0.5230769230769231","0.6666666666666666","4","3","false","HDGFL1","16.5","0","4",,"0","0","0","0.9723707664884135","false","0","HDGFL1","4","0.5"
,"0.0","0.0","0.0","0.0","0","0","true","PABPC4","0.0","0","0","0","0","0","0","Infinity","false","0","PABPC4","0","0.0"
"1","2.1728395061728394","9.593505018341619E-4","0.46022727272727276","0.8333333333333334","4","4","false","ARHGAP11A","24.25","0","4","0","0","0","0","0.9816743827160493","false","0","ARHGAP11A","104","0.3619402985074627"
"4","1.94","0.0012244897959183673","0.5154639175257733","0.5","4","3","false","TREML4","23.0","0","4",,"0","0","0","0.9808163265306122","false","0","TREML4","6","0.46938775510204084"
"29","1.8888888888888888","0.0","0.5294117647058824","1.0","2","3","false","HMMR","6.0","0","2","0",,"0","0","0.8888888888888888","false","0","HMMR","0","0.75"
"1","1.9753086419753085","0.005631715667374503","0.50625","0.16666666666666666","4","3","false","ANKRD65","49.5","0","4","0","0","0","0","0.9847608024691358","false","0","ANKRD65","898","0.6363636363636364"
"21","1.5","0.0606060606060606","0.6666666666666666","0.3333333333333333","6","2","false","ZNF853","4.5","0","6",,"0","0","0","0.9583333333333334","false","0","ZNF853","20","0.375"
"19","1.6875","0.00375","0.5925925925925926","0.7","5","2","false","PDE4B","11.8","0","5",,"0","0","0","0.95703125","false","0","PDE4B","6","0.7375"
"25","1.7","0.011111111111111112","0.5882352941176471","0.6666666666666666","3","2","false","MANEAL","5.0","0","3","0","0","0","0","0.93","false","0","MANEAL","2","0.5"
"4","2.0","0.0","0.5","0.0","1","3","false","ZNF718","49.0","0","1",,"0","0","0","0.9795918367346939","false","0","ZNF718","0","0.0"
"55","1.0","0.0","1.0","0.0","1","1","false","SLC10A1","1.0","0","1","0",,"0","0","1.0","false","0","SLC10A1","0","0.0"
"35","1.0","1.0","1.0","0.0","3","1","false","STK16","1.0","0","3","0","0","0","0","1.0","false","0","STK16","6","0.0"
"1","2.0246913580246915","4.5684740209229644E-4","0.49390243902439024","0.3333333333333333","3","3","false","ZMYND12","61.0","0","3",,"0","0","0","0.9839891975308642","false","0","ZMYND12","288","0.8088888888888889"
"20","1.8666666666666667","0.0","0.5357142857142857","1.0","2","2","false","EPM2AIP1","11.0","0","2",,"0","0","0","0.9422222222222222","false","0","EPM2AIP1","0","0.7333333333333333"
"3","1.8983050847457628","0.004675628287551139","0.5267857142857143","0.35714285714285715","8","3","false","TMEM231","12.625","0","8","0","0","0","0","0.9842402616711269","false","0","TMEM231","36","0.22149122807017543"
"7","1.7714285714285714","0.005248159870008609","0.5645161290322581","0.42857142857142855","8","2","false","SHISA2","13.75","0","8","0","0","0","0","0.9779591836734693","false","0","SHISA2","32","0.39285714285714285"
,"0.0","0.0","0.0","0.0","0","0","true","AIG1","0.0","0","0","0","0","0","0","Infinity","false","0","AIG1","0","0.0"
"1","2.0246913580246915","4.5684740209229644E-4","0.49390243902439024","0.3333333333333333","3","3","false","NPY4R2","61.0","0","3","0","0","0","0","0.9839891975308642","false","0","NPY4R2","288","0.8088888888888889"
"24","1.9090909090909092","0.0","0.5238095238095238","0.0","1","2","false","ABCB7","11.0","0","1","0","0","0","0","0.9173553719008264","false","0","ABCB7","0","0.0"
"15","2.0","0.0","0.5","0.0","1","3","false","CREB3L4","20.0","0","1","0",,"0","0","0.95","false","0","CREB3L4","0","0.0"
"54","1.0","0.0","1.0","0.0","1","1","false","CBLIF","1.0","0","1","0","0","0","0","1.0","false","0","CBLIF","0","0.0"
"53","1.0","0.0","1.0","0.0","1","1","false","DPEP2","1.0","0","1","0","0","0","0","1.0","false","0","DPEP2","0","0.0"
"52","1.0","0.0","1.0","0.0","1","1","false","ARF1","1.0","0","1","0","0","0","0","1.0","false","0","ARF1","0","0.0"
"4","1.52","0.05840816326530614","0.6578947368421053","0.213768115942029","24","2","false","PUM3","9.0","0","24","0","0","0","0","0.9893877551020408","false","0","PUM3","476","0.18"
,"0.0","0.0","0.0","0.0","0","0","true","BRIX1","0.0","0","0","0",,"0","0","Infinity","false","0","BRIX1","0","0.0"
"1","1.9876543209876543","5.700161263721317E-4","0.5031055900621119","0.7333333333333333","6","3","false","TCP11X2","36.333333333333336","0","6",,"0","0","0","0.9845679012345679","false","0","TCP11X2","292","0.4780701754385965"
"10","1.4615384615384615","0.05056166056166057","0.6842105263157895","0.37362637362637363","14","2","false","FAM184B","10.071428571428571","0","14","0","0","0","0","0.9822485207100592","false","0","FAM184B","114","0.3873626373626374"
"2","1.9682539682539681","2.4597423716309546E-4","0.5080645161290323","0.6666666666666666","4","3","false","SHF","31.75","0","4",,"0","0","0","0.9838624338624339","false","0","SHF","36","0.5204918032786885"
"5","1.98","0.0","0.5050505050505051","1.0","4","3","false","C17orf75","27.0","0","4","0","0","0","0","0.9786956521739131","false","0","C17orf75","0","0.574468085106383"
"4","1.94","4.7619047619047614E-4","0.5154639175257733","0.6666666666666666","4","3","false","B4GALNT2","26.0","0","4",,"0","0","0","0.9808163265306122","false","0","B4GALNT2","4","0.5306122448979592"
,"0.0","0.0","0.0","0.0","0","0","true","NAA16","0.0","0","0","0","0","0","0","Infinity","false","0","NAA16","0","0.0"
,"0.0","0.0","0.0","0.0","0","0","true","ERCC4","0.0","0","0","0","0","0","0","Infinity","false","0","ERCC4","0","0.0"
"4","1.9","2.0622986036519873E-4","0.5263157894736842","0.8666666666666667","6","3","false","OIT3","25.333333333333332","0","6","0","0","0","0","0.9816326530612245","false","0","OIT3","4","0.5170068027210885"
"7","1.7714285714285714","0.008533413365346139","0.5645161290322581","0.25","8","2","false","ZNF526","11.875","0","8","0","0","0","0","0.9779591836734693","false","0","ZNF526","42","0.3392857142857143"
"1","1.9876543209876543","0.025148205426783653","0.5031055900621119","0.4","5","3","false","AKR1B1","38.8","0","5","0","0","0","0","0.9845679012345679","false","0","AKR1B1","712","0.5078947368421053"
"4","1.98","0.0","0.5050505050505051","1.0","2","3","false","MS4A10","44.0","0","2",,"0","0","0","0.9800000000000001","false","0","MS4A10","0","0.8979591836734694"
"8","1.911764705882353","0.001633986928104575","0.5230769230769231","0.5","4","3","false","IGHV1-69","12.25","0","4","0","0","0","0","0.9723707664884135","false","0","IGHV1-69","6","0.3712121212121212"
"4","1.9","4.421768707482993E-4","0.5263157894736842","0.8","6","3","false","ADORA3","23.5","0","6",,"0","0","0","0.9816326530612245","false","0","ADORA3","6","0.47959183673469385"
"12","1.8333333333333333","0.0022429261559696345","0.5454545454545455","0.6","5","3","false","HNF1B","14.0","0","5","0","0","0","0","0.963768115942029","false","0","HNF1B","8","0.6086956521739131"
"6","2.1020408163265305","0.0","0.47572815533980584","0.0","1","4","false","P2RY11","44.0","0","1",,"0","0","0","0.9749536178107607","false","0","P2RY11","0","0.0"
,"0.0","0.0","0.0","0.0","0","0","true","SLC25A4","0.0","0","0","0","0","0","0","Infinity","false","0","SLC25A4","0","0.0"
"11","1.9230769230769231","0.0","0.52","1.0","2","2","false","STRADA","21.0","0","2",,"0","0","0","0.9644970414201184","false","0","STRADA","0","0.8076923076923077"
"8","1.9411764705882353","2.228163992869875E-4","0.5151515151515151","0.6666666666666666","3","3","false","TRAV12-1","21.666666666666668","0","3","0","0","0","0","0.9714795008912657","false","0","TRAV12-1","2","0.6565656565656566"
"51","1.0","0.0","1.0","0.0","1","1","false","SYVN1","1.0","0","1","0","0","0","0","1.0","false","0","SYVN1","0","0.0"
"4","1.94","4.296455424274973E-5","0.5154639175257733","0.8333333333333334","4","3","false","MAP2K5","25.5","0","4","0","0","0","0","0.9808163265306122","false","0","MAP2K5","2","0.5204081632653061"
"9","1.8518518518518519","0.001519468186134853","0.54","0.5","4","2","false","TMCO6","13.5","0","4","0","0","0","0","0.9684499314128944","false","0","TMCO6","6","0.5"
"6","1.8775510204081634","0.001173337230759292","0.5326086956521738","0.7333333333333333","6","2","false","OTUD5","20.833333333333332","0","6","0","0","0","0","0.9800556586270872","false","0","OTUD5","52","0.42517006802721086"
,"0.0","0.0","0.0","0.0","0","0","true","LETM1","0.0","0","0","0","0","0","0","Infinity","false","0","LETM1","0","0.0"
"1","1.962962962962963","5.262918465367408E-4","0.5094339622641509","0.8214285714285714","8","3","false","SYPL1","33.875","0","8",,"0","0","0","0.9849537037037037","false","0","SYPL1","294","0.4457236842105263"
"18","1.9375","0.0","0.5161290322580645","0.0","1","2","false","SESN1","16.0","0","1",,"0","0","0","0.94140625","false","0","SESN1","0","0.0"
"12","1.8333333333333333","7.548309178743961E-4","0.5454545454545455","0.8","5","3","false","MS4A14","14.8","0","5","0","0","0","0","0.963768115942029","false","0","MS4A14","4","0.6434782608695652"
,"0.0","0.0","0.0","0.0","0","0","true","YARS2","0.0","0","0","0","0","0","0","Infinity","false","0","YARS2","0","0.0"
"14","1.826086956521739","9.881422924901185E-4","0.5476190476190477","0.6666666666666666","4","2","false","TPMT","15.5","0","4","0","0","0","0","0.9640831758034026","false","0","TPMT","4","0.6739130434782609"
"28","1.7777777777777777","0.0","0.5625","1.0","2","2","false","SPANXN1","6.5","0","2","0","0","0","0","0.9135802469135802","false","0","SPANXN1","0","0.7222222222222222"
"6","1.9795918367346939","0.0010437690146892342","0.5051546391752577","0.3333333333333333","3","3","false","NUAK2","24.333333333333332","0","3","0","0","0","0","0.9777365491651206","false","0","NUAK2","46","0.5217391304347826"
"15","1.9523809523809523","0.0","0.5121951219512195","1.0","2","3","false","RANBP3","12.0","0","2",,"0","0","0","0.9523809523809523","false","0","RANBP3","0","0.6"
"20","1.8","0.0031746031746031746","0.5555555555555556","0.6666666666666666","3","2","false","CPA4","8.666666666666666","0","3",,"0","0","0","0.9466666666666667","false","0","CPA4","2","0.5777777777777777"
"35","1.6666666666666667","0.0","0.6","0.0","1","2","false","NCCRP1","3.0","0","1","0","0","0","0","0.7777777777777777","false","0","NCCRP1","0","0.0"
"17","1.8888888888888888","0.0","0.5294117647058824","1.0","2","2","false","GFY","13.5","0","2","0","0","0","0","0.9506172839506173","false","0","GFY","0","0.75"
"24","1.5454545454545454","0.04242424242424242","0.6470588235294118","0.5","5","2","false","LIPK","5.0","0","5","0","0","0","0","0.9504132231404959","false","0","LIPK","10","0.45454545454545453"
"18","1.4375","0.09305555555555554","0.6956521739130435","0.2777777777777778","9","2","false","KIF27","4.888888888888889","0","9",,"0","0","0","0.97265625","false","0","KIF27","52","0.3055555555555556"
"3","2.0","0.0","0.5","1.0","2","3","false","CYP20A1","34.0","0","2",,"0","0","0","0.9824561403508771","false","0","CYP20A1","0","0.5964912280701754"
"6","2.020408163265306","0.0","0.494949494949495","1.0","2","3","false","ST3GAL3","28.0","0","2","0","0","0","0","0.9768089053803339","false","0","ST3GAL3","0","0.6086956521739131"
"5","1.84","0.007559997296193283","0.5434782608695652","0.2777777777777778","9","3","false","ELAVL3","16.444444444444443","0","9","0",,"0","0","0.9817391304347826","false","0","ELAVL3","106","0.3402777777777778"
"28","1.8888888888888888","0.0","0.5294117647058824","0.0","1","2","false","C12orf60","9.0","0","1","0","0","0","0","0.9012345679012346","false","0","C12orf60","0","0.0"
,"0.0","0.0","0.0","0.0","0","0","true","YWHAH","0.0","0","0","0","0","0","0","Infinity","false","0","YWHAH","0","0.0"
"11","1.9230769230769231","0.0","0.52","1.0","2","2","false","DOC2B","21.0","0","2","0","0","0","0","0.9644970414201184","false","0","DOC2B","0","0.8076923076923077"
"1","1.4691358024691359","0.16332620880307208","0.6806722689075629","0.1038961038961039","56","4","false","BDP1","8.446428571428571","0","56","0","0","0","0","0.9926697530864198","false","0","BDP1","8086","0.1224120082815735"
"3","2.0","0.0","0.5","1.0","2","3","false","ASIC1","32.5","0","2",,"0","0","0","0.9824561403508771","false","0","ASIC1","0","0.5701754385964912"
"8","1.7941176470588236","0.0641711229946524","0.5573770491803278","0.2857142857142857","7","2","false","SFRP2","8.428571428571429","0","7","0","0","0","0","0.9759358288770053","false","0","SFRP2","110","0.2510822510822511"
"5","1.72","0.024788200783582095","0.5813953488372093","0.2761904761904762","15","3","false","SAMD15","13.533333333333333","0","15","0","0","0","0","0.9843478260869566","false","0","SAMD15","292","0.2761904761904762"
,"0.0","0.0","0.0","0.0","0","0","true","AGR2","0.0","0","0","0","0","0","0","Infinity","false","0","AGR2","0","0.0"
"18","1.8125","0.0013888888888888887","0.5517241379310345","0.6666666666666666","3","2","false","SNX27","10.666666666666666","0","3","0","0","0","0","0.94921875","false","0","SNX27","2","0.6666666666666666"
"23","1.8181818181818181","0.0","0.55","1.0","2","2","false","TTC7A","7.5","0","2","0","0","0","0","0.9256198347107438","false","0","TTC7A","0","0.6818181818181818"
"5","1.96","5.247813411078716E-4","0.5102040816326531","0.7","5","3","false","MSI1","23.6","0","5","0","0","0","0","0.9791304347826086","false","0","MSI1","6","0.502127659574468"
,"0.0","0.0","0.0","0.0","0","0","true","RUFY1","0.0","0","0","0","0","0","0","Infinity","false","0","RUFY1","0","0.0"
"32","1.6","0.0","0.625","1.0","2","2","false","USP29","4.0","0","2",,"0","0","0","0.8800000000000001","false","0","USP29","0","0.8"
"3","1.7118644067796611","0.035914669783752184","0.5841584158415841","0.1830065359477124","18","3","false","RBM25","8.444444444444445","0","18","0","0","0","0","0.9875111507582516","false","0","RBM25","282","0.14559386973180077"
,"0.0","0.0","0.0","0.0","0","0","true","PDCD6","0.0","0","0","0","0","0","0","Infinity","false","0","PDCD6","0","0.0"
"10","1.8461538461538463","2.797202797202797E-4","0.5416666666666666","0.8333333333333334","4","2","false","TIGD4","19.75","0","4",,"0","0","0","0.9674556213017751","false","0","TIGD4","2","0.7596153846153846"
"2","2.0","8.533879501621436E-5","0.5","0.6666666666666666","3","3","false","PRAMEF19","27.0","0","3",,"0","0","0","0.9833333333333333","false","0","PRAMEF19","2","0.45"
,"0.0","0.0","0.0","0.0","0","0","true","IMMT","0.0","0","0","0","0","0","0","Infinity","false","0","IMMT","0","0.0"
"12","1.4583333333333333","0.04132591442374051","0.6857142857142857","0.4230769230769231","13","2","false","CCDC150","9.923076923076923","0","13","0","0","0","0","0.980072463768116","false","0","CCDC150","102","0.41346153846153844"
"34","1.3333333333333333","0.0","0.75","1.0","2","2","false","NOM1","3.0","0","2","0","0","0","0","0.888888888888889","false","0","NOM1","0","1.0"
"50","1.0","0.0","1.0","0.0","1","1","false","TARDBP","1.0","0","1","0","0","0","0","1.0","false","0","TARDBP","0","0.0"
,"0.0","0.0","0.0","0.0","0","0","true","RCN1","0.0","0","0","0","0","0","0","Infinity","false","0","RCN1","0","0.0"
"5","2.02","2.0408163265306123E-4","0.49504950495049505","0.6666666666666666","3","3","false","OR52K2","25.666666666666668","0","3","0","0","0","0","0.9778260869565216","false","0","OR52K2","2","0.5579710144927537"
"17","1.3888888888888888","0.08131808278867102","0.72","0.38181818181818183","11","2","false","TRBV10-3","7.181818181818182","0","11","0","0","0","0","0.9783950617283951","false","0","TRBV10-3","68","0.398989898989899"
"15","2.0","0.0","0.5","0.0","1","3","false","UNCX","20.0","0","1","0",,"0","0","0.95","false","0","UNCX","0","0.0"
"1","1.962962962962963","8.756574158097177E-4","0.5094339622641509","0.5714285714285714","8","3","false","THRB","35.25","0","8","0","0","0","0","0.9849537037037037","false","0","THRB","308","0.46381578947368424"
"2","1.9206349206349207","6.696547113891266E-4","0.5206611570247933","0.6","5","2","false","DLAT","23.4","0","5","0","0","0","0","0.9846560846560847","false","0","DLAT","40","0.37142857142857144"
"1","1.9876543209876543","5.224338218453828E-4","0.5031055900621119","0.6666666666666666","6","3","false","MAPK1IP1L","43.166666666666664","0","6",,"0","0","0","0.9845679012345679","false","0","MAPK1IP1L","294","0.5679824561403509"
"1","2.0","4.5684740209229644E-4","0.5","0.8","5","3","false","TNFRSF11B","47.0","0","5","0","0","0","0","0.984375","false","0","TNFRSF11B","288","0.618421052631579"
"8","1.8235294117647058","0.009284016636957812","0.5483870967741935","0.42857142857142855","7","3","false","PRXL2A","11.142857142857142","0","7","0","0","0","0","0.9750445632798574","false","0","PRXL2A","24","0.33766233766233766"
"16","1.9473684210526316","0.0014619883040935672","0.5135135135135135","0.6666666666666666","3","3","false","GCKR","9.0","0","3","0","0","0","0","0.9442724458204336","false","0","GCKR","2","0.5294117647058824"
"15","1.9523809523809523","0.0","0.5121951219512195","1.0","2","3","false","COX6B2","11.0","0","2","0","0","0","0","0.9523809523809523","false","0","COX6B2","0","0.55"
"2","1.8888888888888888","0.0017991644218853192","0.5294117647058824","0.42857142857142855","7","2","false","NIBAN1","17.428571428571427","0","7","0","0","0","0","0.9851851851851853","false","0","NIBAN1","36","0.2766439909297052"
"22","1.8333333333333333","0.0","0.5454545454545455","1.0","2","2","false","DDI2","7.0","0","2","0","0","0","0","0.9305555555555555","false","0","DDI2","0","0.5833333333333334"
"25","1.8","0.0","0.5555555555555556","1.0","2","2","false","CLUH","6.5","0","2","0","0","0","0","0.9199999999999999","false","0","CLUH","0","0.65"
"3","2.0","0.0","0.5","1.0","2","3","false","AKR7A3","40.0","0","2","0","0","0","0","0.9824561403508771","false","0","AKR7A3","0","0.7017543859649122"
"6","1.8979591836734695","0.03305570746144799","0.5268817204301075","0.175","16","3","false","MED1","8.25","0","16","0","0","0","0","0.9795918367346939","false","0","MED1","260","0.22128378378378377"
,"0.0","0.0","0.0","0.0","0","0","true","SCO1","0.0","0","0","0",,"0","0","Infinity","false","0","SCO1","0","0.0"
"2","1.9047619047619047","0.0055998806985781665","0.525","0.23809523809523808","7","3","false","PRSS8","19.142857142857142","0","7","0","0","0","0","0.9849206349206349","false","0","PRSS8","226","0.3142857142857143"
"49","1.0","0.0","1.0","0.0","1","1","false","NDUFAF5","1.0","0","1",,"0","0","0","1.0","false","0","NDUFAF5","0","0.0"
"4","1.9","8.86501969208736E-4","0.5263157894736842","0.6666666666666666","6","3","false","SLC25A3","24.0","0","6","0","0","0","0","0.9816326530612245","false","0","SLC25A3","10","0.4897959183673469"
"8","1.9705882352941178","0.0","0.5074626865671642","1.0","2","3","false","C11orf40","28.0","0","2","0","0","0","0","0.9705882352941178","false","0","C11orf40","0","0.8484848484848485"
"7","1.7714285714285714","0.007509003601440576","0.5645161290322581","0.35714285714285715","8","2","false","PKLR","11.125","0","8","0","0","0","0","0.9779591836734693","false","0","PKLR","36","0.31785714285714284"
"48","1.0","0.0","1.0","0.0","1","1","false","HEYL","1.0","0","1",,"0","0","0","1.0","false","0","HEYL","0","0.0"
,"0.0","0.0","0.0","0.0","0","0","true","SEC23B","0.0","0","0","0","0","0","0","Infinity","false","0","SEC23B","0","0.0"
,"0.0","0.0","0.0","0.0","0","0","true","MRPS24","0.0","0","0","0","0","0","0","Infinity","false","0","MRPS24","0","0.0"
"2","1.9365079365079365","0.0","0.5163934426229508","1.0","4","2","false","HLCS","24.25","0","4","0","0","0","0","0.9843915343915344","false","0","HLCS","0","0.38492063492063494"
"13","1.9565217391304348","0.0","0.5111111111111111","0.0","1","2","false","OR10G6","23.0","0","1",,"0","0","0","0.9584120982986768","false","0","OR10G6","0","0.0"
"4","1.98","0.0","0.5050505050505051","1.0","2","3","false","ACP6","36.5","0","2",,"0","0","0","0.9800000000000001","false","0","ACP6","0","0.7448979591836735"
"11","1.8846153846153846","0.0","0.5306122448979592","1.0","3","2","false","KRT39","16.0","0","3","0","0","0","0","0.9659763313609468","false","0","KRT39","0","0.6153846153846154"
"1","1.9876543209876543","6.40746579047029E-4","0.5031055900621119","0.6","6","3","false","SLC25A30","37.833333333333336","0","6","0","0","0","0","0.9845679012345679","false","0","SLC25A30","296","0.49780701754385964"
"11","1.9230769230769231","0.0","0.52","1.0","2","2","false","SOX13","17.5","0","2",,"0","0","0","0.9644970414201184","false","0","SOX13","0","0.6730769230769231"
"47","1.0","0.0","1.0","0.0","1","1","false","MEX3D","1.0","0","1","0","0","0","0","1.0","false","0","MEX3D","0","0.0"
"21","1.75","0.0030303030303030307","0.5714285714285714","0.6666666666666666","3","2","false","RPL34","8.666666666666666","0","3","0","0","0","0","0.9375","false","0","RPL34","2","0.7222222222222222"
"16","1.7894736842105263","0.0","0.5588235294117647","1.0","4","2","false","FAM86B2","10.5","0","4","0","0","0","0","0.9535603715170278","false","0","FAM86B2","0","0.5526315789473685"
"7","1.8857142857142857","5.762304921968788E-4","0.5303030303030303","0.6666666666666666","4","2","false","AKAP14","18.0","0","4",,"0","0","0","0.9746938775510204","false","0","AKAP14","4","0.5142857142857142"
"17","1.6666666666666667","0.013017429193899784","0.6","0.6","6","2","false","LACC1","9.333333333333334","0","6","0","0","0","0","0.9629629629629629","false","0","LACC1","12","0.5185185185185185"
"17","1.5","0.04754901960784314","0.6666666666666666","0.4166666666666667","9","2","false","PABPC1L2B","7.888888888888889","0","9","0","0","0","0","0.9722222222222222","false","0","PABPC1L2B","42","0.4382716049382716"
"46","1.0","0.0","1.0","0.0","1","1","false","CCR6","1.0","0","1",,"0","0","0","1.0","false","0","CCR6","0","0.0"
"1","2.185185185185185","9.593505018341619E-4","0.4576271186440678","0.6666666666666666","3","4","false","PRDM8","30.333333333333332","0","3",,"0","0","0","0.9814814814814815","false","0","PRDM8","104","0.4527363184079602"
"13","1.8695652173913044","0.001976284584980237","0.5348837209302325","0.6666666666666666","3","2","false","C1QL2","10.0","0","3","0","0","0","0","0.9621928166351607","false","0","C1QL2","2","0.43478260869565216"
"22","1.9166666666666667","0.0","0.5217391304347826","0.0","1","2","false","C18orf21","12.0","0","1","0","0","0","0","0.9236111111111112","false","0","C18orf21","0","0.0"
,"0.0","0.0","0.0","0.0","0","0","true","RAB11A","0.0","0","0","0","0","0","0","Infinity","false","0","RAB11A","0","0.0"
"19","1.4375","0.027936507936507933","0.6956521739130435","0.5833333333333334","9","2","false","RNASEL","9.444444444444445","0","9","0","0","0","0","0.97265625","false","0","RNASEL","30","0.5902777777777778"
,"0.0","0.0","0.0","0.0","0","0","true","SLC29A2","0.0","0","0","0","0","0","0","Infinity","false","0","SLC29A2","0","0.0"
"16","2.0","0.0","0.5","1.0","2","3","false","ZNF219","13.0","0","2",,"0","0","0","0.9411764705882353","false","0","ZNF219","0","0.7647058823529411"
"11","1.8461538461538463","0.001641025641025641","0.5416666666666666","0.6666666666666666","4","2","false","HRC","12.25","0","4","0","0","0","0","0.9674556213017751","false","0","HRC","4","0.47115384615384615"
"8","1.9411764705882353","0.0","0.5151515151515151","1.0","3","3","false","ARPIN","20.666666666666668","0","3",,"0","0","0","0.9714795008912657","false","0","ARPIN","0","0.6262626262626263"
"45","1.0","0.0","1.0","0.0","1","1","false","XRCC5","1.0","0","1","0","0","0","0","1.0","false","0","XRCC5","0","0.0"
"18","1.875","0.0","0.5333333333333333","1.0","2","2","false","TXNRD3","12.5","0","2","0","0","0","0","0.9453125","false","0","TXNRD3","0","0.78125"
,"0.0","0.0","0.0","0.0","0","0","true","LNX2","0.0","0","0","0","0","0","0","Infinity","false","0","LNX2","0","0.0"
"4","1.82","0.003034013605442177","0.5494505494505494","0.6388888888888888","9","2","false","DDX4","16.666666666666668","0","9","0","0","0","0","0.983265306122449","false","0","DDX4","36","0.3333333333333333"
"1","2.185185185185185","0.0","0.4576271186440678","1.0","2","4","false","PDSS1","49.5","0","2",,"0","0","0","0.9814814814814815","false","0","PDSS1","0","0.7615384615384615"
"5","1.92","7.054895218160525E-4","0.5208333333333334","0.6666666666666666","6","3","false","MAGEB17","21.833333333333332","0","6","0","0","0","0","0.98","false","0","MAGEB17","10","0.4548611111111111"
"20","1.6666666666666667","0.007936507936507936","0.6","0.7","5","2","false","TRIM37","8.2","0","5","0","0","0","0","0.9555555555555556","false","0","TRIM37","6","0.5466666666666666"
"4","1.8","0.005988542785535266","0.5555555555555556","0.509090909090909","11","3","false","PSMD12","16.181818181818183","0","11","0","0","0","0","0.9836734693877551","false","0","PSMD12","54","0.3302411873840445"
"1","1.9135802469135803","0.0037650097372752267","0.5225806451612903","0.5303030303030303","12","3","false","THBD","24.666666666666668","0","12","0","0","0","0","0.9857253086419753","false","0","THBD","438","0.32456140350877194"
"7","1.8285714285714285","0.0021669273770114107","0.546875","0.3333333333333333","6","2","false","PSMF1","15.5","0","6","0","0","0","0","0.9763265306122448","false","0","PSMF1","20","0.44285714285714284"
"20","1.5333333333333334","0.030952380952380953","0.6521739130434783","0.5238095238095238","7","2","false","TSPYL2","6.857142857142857","0","7","0","0","0","0","0.9644444444444444","false","0","TSPYL2","20","0.45714285714285713"
"14","1.6521739130434783","0.02108036890645586","0.6052631578947368","0.4642857142857143","8","2","false","TRGV3","10.0","0","8","0",,"0","0","0.9716446124763706","false","0","TRGV3","30","0.43478260869565216"
"1","2.0","4.5684740209229644E-4","0.5","0.8","5","3","false","AKR1B10","46.8","0","5","0","0","0","0","0.984375","false","0","AKR1B10","288","0.6157894736842106"
"7","1.8285714285714285","0.002931172468987595","0.546875","0.3333333333333333","6","2","false","TMEM200C","14.333333333333334","0","6","0","0","0","0","0.9763265306122448","false","0","TMEM200C","20","0.4095238095238095"
"16","2.0526315789473686","0.0","0.4871794871794871","0.0","1","3","false","CCT8L1P","17.0","0","1","0",,"0","0","0.9380804953560372","false","0","CCT8L1P","0","0.0"
"8","1.8529411764705883","0.004530600118835412","0.5396825396825397","0.5333333333333333","6","3","false","IGLV1-36","12.833333333333334","0","6","0",,"0","0","0.9741532976827095","false","0","IGLV1-36","14","0.3888888888888889"
"12","1.5","0.10058661145617667","0.6666666666666666","0.48484848484848486","12","2","false","ZKSCAN4","10.583333333333334","0","12","0","0","0","0","0.9782608695652174","false","0","ZKSCAN4","170","0.45652173913043476"
"6","2.020408163265306","6.029251527450807E-4","0.494949494949495","0.0","2","3","false","GSG1L2","30.0","0","2","0",,"0","0","0.9768089053803339","false","0","GSG1L2","24","0.6590909090909091"
"1","2.765432098765432","0.0","0.3616071428571429","1.0","2","4","false","EAPP","10.5","0","2",,"0","0","0","0.9724151234567902","false","0","EAPP","0","0.5833333333333334"
,"0.0","0.0","0.0","0.0","0","0","true","SLC2A1","0.0","0","0","0","0","0","0","Infinity","false","0","SLC2A1","0","0.0"
"14","1.608695652173913","0.024967061923583656","0.6216216216216216","0.4166666666666667","9","2","false","ARMH4","8.777777777777779","0","9","0","0","0","0","0.9735349716446124","false","0","ARMH4","42","0.38164251207729466"
"16","2.0","0.0","0.5","1.0","2","3","false","RGL4","9.5","0","2",,"0","0","0","0.9411764705882353","false","0","RGL4","0","0.5588235294117647"
"3","1.9322033898305084","0.0012663159945451002","0.5175438596491229","0.6","6","3","false","MCHR1","18.833333333333332","0","6","0","0","0","0","0.9836455545643771","false","0","MCHR1","12","0.3304093567251462"
"19","1.6875","0.0010416666666666667","0.5925925925925926","0.9","5","2","false","DENND2A","12.4","0","5",,"0","0","0","0.95703125","false","0","DENND2A","2","0.775"
"18","1.5625","0.040277777777777767","0.64","0.38095238095238093","7","2","false","CEP162","5.571428571428571","0","7","0","0","0","0","0.96484375","false","0","CEP162","26","0.3482142857142857"
"44","1.0","0.0","1.0","0.0","1","1","false","FAM120AOS","1.0","0","1","0","0","0","0","1.0","false","0","FAM120AOS","0","0.0"
"8","1.7647058823529411","0.0172311348781937","0.5666666666666667","0.39285714285714285","8","2","false","CHCT1","9.875","0","8","0","0","0","0","0.9768270944741533","false","0","CHCT1","44","0.29044117647058826"
"20","1.7333333333333334","0.012698412698412698","0.5769230769230769","0.5","4","2","false","FRMPD4","7.25","0","4","0","0","0","0","0.951111111111111","false","0","FRMPD4","6","0.48333333333333334"
"19","1.0625","0.13086309523809525","0.9411764705882353","0.42857142857142855","15","2","false","TRIP11","7.8","0","15","0","0","0","0","0.99609375","false","0","TRIP11","120","0.4875"
,"0.0","0.0","0.0","0.0","0","0","true","NONO","0.0","0","0","0","0","0","0","Infinity","false","0","NONO","0","0.0"
"22","1.8333333333333333","0.0","0.5454545454545455","1.0","2","2","false","SP2","7.0","0","2",,"0","0","0","0.9305555555555555","false","0","SP2","0","0.5833333333333334"
"43","1.0","0.0","1.0","0.0","1","1","false","MAP4K5","1.0","0","1","0","0","0","0","1.0","false","0","MAP4K5","0","0.0"
"1","2.3580246913580245","0.0","0.4240837696335079","0.0","1","5","false","GLYAT","64.0","0","1",,"0","0","0","0.9787808641975309","false","0","GLYAT","0","0.0"
"2","1.9206349206349207","8.820741033316602E-4","0.5206611570247933","0.5","5","2","false","CORO1B","24.0","0","5","0","0","0","0","0.9846560846560847","false","0","CORO1B","40","0.38095238095238093"
"14","1.826086956521739","9.881422924901185E-4","0.5476190476190477","0.6666666666666666","4","2","false","IGHV4-39","15.5","0","4","0","0","0","0","0.9640831758034026","false","0","IGHV4-39","4","0.6739130434782609"
"34","1.3333333333333333","0.0","0.75","1.0","2","2","false","BMS1","3.0","0","2","0","0","0","0","0.888888888888889","false","0","BMS1","0","1.0"
"23","1.6363636363636365","0.004545454545454545","0.611111111111111","0.8333333333333334","4","2","false","DLGAP1","7.5","0","4","0",,"0","0","0.9421487603305785","false","0","DLGAP1","2","0.6818181818181818"
"1","1.9012345679012346","0.003505054339188122","0.525974025974026","0.41025641025641024","13","3","false","CD82","19.923076923076923","0","13","0","0","0","0","0.9859182098765432","false","0","CD82","376","0.26214574898785425"
,"0.0","0.0","0.0","0.0","0","0","true","RNF2","0.0","0","0","0","0","0","0","Infinity","false","0","RNF2","0","0.0"
,"0.0","0.0","0.0","0.0","0","0","true","SYNE4","0.0","0","0","0","0","0","0","Infinity","false","0","SYNE4","0","0.0"
"20","1.8666666666666667","0.0","0.5357142857142857","1.0","2","2","false","PDE5A","11.0","0","2","0",,"0","0","0.9422222222222222","false","0","PDE5A","0","0.7333333333333333"
"13","1.9565217391304348","0.0","0.5111111111111111","0.0","1","2","false","OR51I2","23.0","0","1",,"0","0","0","0.9584120982986768","false","0","OR51I2","0","0.0"
"9","1.9259259259259258","0.0","0.5192307692307693","1.0","2","2","false","ZBTB22","16.0","0","2","0","0","0","0","0.9657064471879286","false","0","ZBTB22","0","0.5925925925925926"
"19","1.625","0.001736111111111111","0.6153846153846154","0.8666666666666667","6","2","false","CEP126","12.333333333333334","0","6","0","0","0","0","0.9609375","false","0","CEP126","4","0.7708333333333334"
"6","1.8775510204081634","0.0014112374306270378","0.5326086956521738","0.6666666666666666","6","2","false","MCAM","19.166666666666668","0","6","0","0","0","0","0.9800556586270872","false","0","MCAM","50","0.391156462585034"
"2","2.015873015873016","0.0","0.49606299212598426","1.0","2","3","false","CD72","44.5","0","2","0","0","0","0","0.9830687830687831","false","0","CD72","0","0.7416666666666667"
"1","2.9753086419753085","0.0","0.3360995850622407","0.0","1","4","false","HEBP1","5.0","0","1","0","0","0","0","0.9691358024691358","false","0","HEBP1","0","0.0"
"2","1.9523809523809523","8.08196500999217E-4","0.5121951219512195","0.4","5","3","false","FCRL6","27.0","0","5",,"0","0","0","0.9841269841269842","false","0","FCRL6","52","0.44666666666666666"
"3","1.9661016949152543","3.409312293006039E-4","0.5086206896551724","0.6666666666666666","4","3","false","CLNK","24.75","0","4",,"0","0","0","0.9830508474576272","false","0","CLNK","4","0.4342105263157895"
"2","2.365079365079365","0.001678426936426547","0.4228187919463087","0.2","6","3","false","BRDT","11.5","0","6",,"0","0","0","0.9772486772486773","false","0","BRDT","30","0.3548387096774194"
"28","1.7777777777777777","0.0","0.5625","1.0","2","2","false","TLNRD1","5.5","0","2","0","0","0","0","0.9135802469135802","false","0","TLNRD1","0","0.6111111111111112"
,"0.0","0.0","0.0","0.0","0","0","true","GKAP1","0.0","0","0","0","0","0","0","Infinity","false","0","GKAP1","0","0.0"
"14","1.8695652173913044","5.64652738565782E-4","0.5348837209302325","0.6666666666666666","3","2","false","STARD3NL","13.666666666666666","0","3","0","0","0","0","0.9621928166351607","false","0","STARD3NL","2","0.5942028985507246"
,"0.0","0.0","0.0","0.0","0","0","true","ZNF133","0.0","0","0","0","0","0","0","Infinity","false","0","ZNF133","0","0.0"
"27","1.7777777777777777","0.0","0.5625","1.0","2","2","false","POLI","6.0","0","2",,"0","0","0","0.9135802469135802","false","0","POLI","0","0.6666666666666666"
"6","1.9591836734693877","6.029251527450807E-4","0.5104166666666666","0.6666666666666666","3","3","false","SOCS5","27.0","0","3","0","0","0","0","0.9782003710575139","false","0","SOCS5","24","0.5625"
"22","1.8333333333333333","0.0","0.5454545454545455","1.0","2","2","false","POLR2M","7.0","0","2","0","0","0","0","0.9305555555555555","false","0","POLR2M","0","0.5833333333333334"
"6","2.061224489795918","2.8344671201814054E-4","0.4851485148514852","0.6666666666666666","3","4","false","C9orf64","19.666666666666668","0","3",,"0","0","0","0.9758812615955473","false","0","C9orf64","2","0.44696969696969696"
"13","1.9565217391304348","0.0","0.5111111111111111","0.0","1","2","false","OR6C1","23.0","0","1",,"0","0","0","0.9584120982986768","false","0","OR6C1","0","0.0"
"3","2.0","0.0","0.5","1.0","2","3","false","D2HGDH","31.5","0","2",,"0","0","0","0.9824561403508771","false","0","D2HGDH","0","0.5526315789473685"
"26","1.7","0.011111111111111112","0.5882352941176471","0.6666666666666666","3","2","false","GABRB2","5.0","0","3","0","0","0","0","0.93","false","0","GABRB2","2","0.5"
"38","1.5","0.0","0.6666666666666666","0.0","1","2","false","UTP15","2.0","0","1","0","0","0","0","0.75","false","0","UTP15","0","0.0"
"18","1.9375","0.0","0.5161290322580645","0.0","1","2","false","NT5DC4","16.0","0","1",,"0","0","0","0.94140625","false","0","NT5DC4","0","0.0"
"1","1.8641975308641976","0.009955118496828431","0.5364238410596026","0.3416666666666667","16","3","false","TRIM23","19.0","0","16","0","0","0","0","0.9864969135802469","false","0","TRIM23","594","0.25"
"21","1.8333333333333333","0.0","0.5454545454545455","1.0","2","2","false","LSM6","10.0","0","2","0","0","0","0","0.9305555555555555","false","0","LSM6","0","0.8333333333333334"
"19","1.1875","0.07232142857142858","0.8421052631578947","0.5256410256410257","13","2","false","ZNF629","8.615384615384615","0","13","0","0","0","0","0.98828125","false","0","ZNF629","74","0.5384615384615384"
"26","1.9","0.0","0.5263157894736842","0.0","1","2","false","CTSC","10.0","0","1","0","0","0","0","0.9099999999999999","false","0","CTSC","0","0.0"
"19","1.5","0.016319444444444442","0.6666666666666666","0.6428571428571429","8","2","false","SNX33","10.625","0","8",,"0","0","0","0.96875","false","0","SNX33","20","0.6640625"
"18","1.8125","0.0","0.5517241379310345","1.0","3","2","false","HMGCS2","10.333333333333334","0","3","0","0","0","0","0.94921875","false","0","HMGCS2","0","0.6458333333333334"
"7","1.8285714285714285","0.0037555022008803523","0.546875","0.3333333333333333","6","2","false","RTF1","13.0","0","6",,"0","0","0","0.9763265306122448","false","0","RTF1","20","0.37142857142857144"
"25","1.9","0.0","0.5263157894736842","0.0","1","2","false","NCOA7","10.0","0","1","0","0","0","0","0.9099999999999999","false","0","NCOA7","0","0.0"
"6","2.6122448979591835","0.0","0.38281250000000006","1.0","2","4","false","MCM8","16.0","0","2",,"0","0","0","0.9633580705009276","false","0","MCM8","0","0.6153846153846154"
"42","1.0","0.0","1.0","0.0","1","1","false","ZNF275","1.0","0","1","0","0","0","0","1.0","false","0","ZNF275","0","0.0"
"37","1.0","0.0","1.0","1.0","2","1","false","KYNU","2.0","0","2","0","0","0","0","1.0","false","0","KYNU","0","1.0"
,"0.0","0.0","0.0","0.0","0","0","true","CCDC13","0.0","0","0","0","0","0","0","Infinity","false","0","CCDC13","0","0.0"
"20","1.5333333333333334","0.05634920634920635","0.6521739130434783","0.38095238095238093","7","2","false","CDK5RAP2","5.857142857142857","0","7","0","0","0","0","0.9644444444444444","false","0","CDK5RAP2","26","0.3904761904761905"
"13","1.7826086956521738","0.011857707509881422","0.5609756097560976","0.4","5","2","false","CCSER1","7.4","0","5",,"0","0","0","0.9659735349716447","false","0","CCSER1","12","0.3217391304347826"
"10","1.8461538461538463","2.797202797202797E-4","0.5416666666666666","0.8333333333333334","4","2","false","TBKBP1","18.25","0","4","0","0","0","0","0.9674556213017751","false","0","TBKBP1","2","0.7019230769230769"
"8","1.9705882352941178","0.0","0.5074626865671642","1.0","2","3","false","PRELID2","20.5","0","2","0","0","0","0","0.9705882352941178","false","0","PRELID2","0","0.6212121212121212"
"42","1.0","0.0","1.0","0.0","1","1","false","BAHD1","1.0","0","1","0","0","0","0","1.0","false","0","BAHD1","0","0.0"
,"0.0","0.0","0.0","0.0","0","0","true","NOP9","0.0","0","0","0","0","0","0","Infinity","false","0","NOP9","0","0.0"
"3","1.847457627118644","0.007646600428599259","0.5412844036697247","0.32727272727272727","11","3","false","XRCC1","12.272727272727273","0","11","0","0","0","0","0.9851323223312519","false","0","XRCC1","74","0.215311004784689"
"1","1.962962962962963","0.0014683827531482426","0.5094339622641509","0.6428571428571429","8","3","false","ZFP57","35.0","0","8",,"0","0","0","0.9849537037037037","false","0","ZFP57","366","0.4605263157894737"
"41","1.0","0.0","1.0","0.0","1","1","false","OFD1","1.0","0","1","0","0","0","0","1.0","false","0","OFD1","0","0.0"
