"__mclCluster","AverageShortestPathLength","BetweennessCentrality","ClosenessCentrality","ClusteringCoefficient","Degree","Eccentricity","IsSingleNode","name","NeighborhoodConnectivity","NumberOfDirectedEdges","NumberOfUndirectedEdges","OP_A","OP_B","OP_check","PartnerOfMultiEdgedNodePairs","Radiality","selected","SelfLoops","shared name","Stress","TopologicalCoefficient"
"4","1.7073170731707317","0.054578735965931095","0.5857142857142857","0.25833333333333336","18","3","false","MYC","9.25","0","17","1","1","1","0","0.9813863928112965","false","1","MYC","276","0.2552083333333333"
"4","1.7073170731707317","0.017655374185729437","0.5857142857142857","0.4090909090909091","12","2","false","PSMA4","12.333333333333334","0","12","0","0","0","0","0.9813863928112965","false","0","PSMA4","100","0.3008130081300813"
"23","1.0","0.8472222222222222","1.0","0.1111111111111111","11","1","false","CALCA","1.8888888888888888","0","10","1","1","1","0","1.0","false","1","CALCA","64","0.25925925925925924"
"23","1.8888888888888888","0.0","0.5294117647058824","0.0","1","2","false","COL9A3","9.0","0","1",,"0","0","0","0.9012345679012346","false","0","COL9A3","0","0.0"
"39","1.0","0.0","1.0","1.0","2","1","false","XPNPEP2","2.0","0","2","0","0","0","0","1.0","false","0","XPNPEP2","0","1.0"
"39","1.0","0.0","1.0","1.0","4","1","false","NOS3","2.0","0","3","1","1","1","0","1.0","false","1","NOS3","0","1.0"
"15","1.9375","0.0","0.5161290322580645","0.0","1","2","false","IGLV1-51","16.0","0","1","0",,"0","0","0.94140625","false","0","IGLV1-51","0","0.0"
"15","1.0","0.9416666666666667","1.0","0.05","16","1","false","SOST","1.75","0","16","1","1","1","0","1.0","false","0","SOST","228","0.15625"
"8","1.0","0.6714652014652014","1.0","0.10461538461538461","26","1","false","MYCN","3.6153846153846154","0","26","1","1","1","0","1.0","false","0","MYCN","582","0.15734265734265734"
"61","1.0","0.0","1.0","0.0","1","1","false","TSR3","1.0","0","1",,"0","0","0","1.0","false","0","TSR3","0","0.0"
"10","1.3636363636363635","0.06739332096474954","0.7333333333333334","0.43956043956043955","16","2","false","BMP7","8.785714285714286","0","15","1","1","1","0","0.9834710743801653","false","1","BMP7","102","0.39935064935064934"
"10","1.8181818181818181","3.6075036075036075E-4","0.55","0.8333333333333334","4","2","false","FAM83C","16.75","0","4",,"0","0","0","0.962809917355372","false","0","FAM83C","2","0.7613636363636364"
"13","1.0","0.9236842105263158","1.0","0.042105263157894736","22","1","false","RELA","1.8","0","21","1","1","1","0","1.0","false","1","RELA","364","0.1388888888888889"
"13","1.9","0.0","0.5263157894736842","1.0","2","2","false","OR51A4","12.5","0","2","0","0","0","0","0.9550000000000001","false","0","OR51A4","0","0.625"
"18","1.0","0.17380952380952386","1.0","0.43956043956043955","16","1","false","AKT1","6.714285714285714","0","15","1","1","1","0","1.0","false","1","AKT1","102","0.47959183673469385"
,"0.0","0.0","0.0","0.0","0","0","true","KLHL40","0.0","0","0","0","0","0","0","Infinity","false","0","KLHL40","0","0.0"
"5","1.0512820512820513","0.6894067347627718","0.9512195121951219","0.08708708708708708","37","2","false","COL3A1","4.702702702702703","0","37","1","1","1","0","0.9986139986139986","false","0","COL3A1","1758","0.14472537053182213"
"55","1.0","0.0","1.0","0.0","1","1","false","PTPN18","1.0","0","1","0","0","0","0","1.0","false","0","PTPN18","0","0.0"
"82","1.0","0.0","1.0","0.0","1","1","false","POLB","1.0","0","1","0","0","0","0","1.0","false","0","POLB","0","0.0"
"3","1.0","0.8340579710144929","1.0","0.050241545893719805","48","1","false","COL1A1","3.260869565217391","0","47","1","1","1","0","1.0","false","1","COL1A1","1966","0.08454106280193237"
,"0.0","0.0","0.0","0.0","0","0","true","POF1B","0.0","0","0","0","0","0","0","Infinity","false","0","POF1B","0","0.0"
,"0.0","0.0","0.0","0.0","0","0","true","ANXA3","0.0","0","0","0","0","0","0","Infinity","false","0","ANXA3","0","0.0"
"4","1.0731707317073171","0.4420553990901287","0.9318181818181818","0.14793741109530584","40","2","false","TRAF6","7.026315789473684","0","39","1","1","1","0","0.9980744544287549","false","1","TRAF6","1492","0.1788124156545209"
"6","1.0","0.5542877463930096","1.0","0.12375533428165007","38","1","false","COL1A2","5.578947368421052","0","38","1","1","1","0","1.0","false","0","COL1A2","1232","0.1609907120743034"
"6","1.868421052631579","8.12842918106076E-4","0.5352112676056338","0.7","5","2","false","NAP1L3","21.6","0","5","0","0","0","0","0.9771468144044321","false","0","NAP1L3","6","0.5684210526315789"
"14","1.5789473684210527","0.028947368421052624","0.6333333333333333","0.42857142857142855","8","2","false","RAMACL","9.125","0","8","0","0","0","0","0.9695290858725762","false","0","RAMACL","32","0.48026315789473684"
"14","1.0","0.37105263157894736","1.0","0.28654970760233917","19","1","false","MYCL","6.157894736842105","0","19","1","1","1","0","1.0","false","0","MYCL","244","0.32409972299168976"
"7","1.7586206896551724","0.008456486042692939","0.5686274509803921","0.2857142857142857","7","2","false","FGF10","11.714285714285714","0","7","0",,"0","0","0.9738406658739597","false","0","FGF10","30","0.4039408866995074"
"7","1.0","0.5774689186019235","1.0","0.16009852216748768","31","1","false","TP53","5.482758620689655","0","30","1","1","1","0","1.0","false","1","TP53","682","0.20689655172413793"
,"0.0","0.0","0.0","0.0","0","0","true","BMI1","0.0","0","0","0","0","0","0","Infinity","false","0","BMI1","0","0.0"
,"0.0","0.0","0.0","0.0","0","0","true","ELAC2","0.0","0","0","0","0","0","0","Infinity","false","0","ELAC2","0","0.0"
,"0.0","0.0","0.0","0.0","0","0","true","CLN5","0.0","0","0","0","0","0","0","Infinity","false","0","CLN5","0","0.0"
"25","1.0","0.8214285714285714","1.0","0.14285714285714285","8","1","false","COL5A1","2.0","0","8","1","1","1","0","1.0","false","0","COL5A1","48","0.2916666666666667"
,"0.0","0.0","0.0","0.0","0","0","true","RAB38","0.0","0","0","0","0","0","0","Infinity","false","0","RAB38","0","0.0"
"11","1.8571428571428572","0.0","0.5384615384615384","1.0","3","2","false","SRRM5","15.333333333333334","0","3","0","0","0","0","0.9591836734693877","false","0","SRRM5","0","0.7301587301587301"
"11","1.0","0.3996485260770975","1.0","0.2523809523809524","21","1","false","PROCR","6.0476190476190474","0","21","1","1","1","0","1.0","false","0","PROCR","314","0.28798185941043086"
"17","1.0","0.38716553287981864","1.0","0.29523809523809524","15","1","false","SPP1","5.133333333333334","0","15","1","1","1","0","1.0","false","0","SPP1","148","0.3422222222222222"
"17","1.8","0.002380952380952381","0.5555555555555556","0.6666666666666666","3","2","false","RFESD","10.0","0","3",,"0","0","0","0.9466666666666667","false","0","RFESD","2","0.6666666666666666"
"35","1.0","1.0","1.0","0.0","5","1","false","NFKB1","1.0","0","4","1","1","1","0","1.0","false","1","NFKB1","6","0.0"
"10","1.1818181818181819","0.186909915481344","0.8461538461538461","0.24183006535947713","20","2","false","PRKACA","6.611111111111111","0","19","1","1","1","0","0.9917355371900826","false","1","PRKACA","232","0.3005050505050505"
"9","1.6956521739130435","0.012958780350084697","0.5897435897435898","0.5714285714285714","7","2","false","IGHV7-81","10.571428571428571","0","7","0","0","0","0","0.9683794466403163","false","0","IGHV7-81","26","0.45962732919254656"
"9","1.0434782608695652","0.3868059476755129","0.9583333333333334","0.24242424242424243","24","2","false","BMP2","6.136363636363637","0","23","1","1","1","0","0.9980237154150197","false","1","BMP2","376","0.2768595041322314"
"34","1.0","0.8333333333333333","1.0","0.16666666666666666","6","1","false","MAPK1","1.5","0","5","1","1","1","0","1.0","false","1","MAPK1","10","0.5"
"79","1.0","0.0","1.0","0.0","1","1","false","RNF157","1.0","0","1",,"0","0","0","1.0","false","0","RNF157","0","0.0"
"17","1.3333333333333333","0.10247165532879819","0.75","0.37777777777777777","10","2","false","CC2D1B","6.2","0","10","0","0","0","0","0.9777777777777777","false","0","CC2D1B","56","0.41333333333333333"
"7","1.9655172413793103","0.0","0.5087719298245614","0.0","1","2","false","IFNK","29.0","0","1",,"0","0","0","0.9667063020214031","false","0","IFNK","0","0.0"
"27","1.0","0.6428571428571428","1.0","0.23809523809523808","9","1","false","CASP3","2.4285714285714284","0","8","1","1","1","0","1.0","false","1","CASP3","32","0.38095238095238093"
"26","1.0","0.46825396825396826","1.0","0.3333333333333333","9","1","false","SRC","3.0","0","8","1","1","1","0","1.0","false","1","SRC","28","0.47619047619047616"
"74","1.0","0.0","1.0","0.0","1","1","false","COL4A4","1.0","0","1","0","0","0","0","1.0","false","0","COL4A4","0","0.0"
"64","1.0","0.0","1.0","0.0","1","1","false","RPS27L","1.0","0","1","0","0","0","0","1.0","false","0","RPS27L","0","0.0"
"11","1.7619047619047619","0.004880952380952381","0.5675675675675675","0.4","5","2","false","TMEM41A","11.6","0","5","0","0","0","0","0.9637188208616779","false","0","TMEM41A","12","0.5523809523809524"
"17","1.7333333333333334","0.0","0.5769230769230769","1.0","4","2","false","POLR3GL","10.5","0","4",,"0","0","0","0.951111111111111","false","0","POLR3GL","0","0.7"
"32","1.0","0.125","1.0","0.6","7","1","false","PTGS2","3.4","0","6","1","1","1","0","1.0","false","1","PTGS2","8","0.68"
,"0.0","0.0","0.0","0.0","0","0","true","EPB41L3","0.0","0","0","0","0","0","0","Infinity","false","0","EPB41L3","0","0.0"
"3","1.934782608695652","4.830917874396135E-4","0.5168539325842697","0.6666666666666666","3","2","false","GPR146","17.0","0","3","0","0","0","0","0.979678638941399","false","0","GPR146","2","0.3695652173913043"
"81","1.0","0.0","1.0","0.0","1","1","false","STK3","1.0","0","1","0","0","0","0","1.0","false","0","STK3","0","0.0"
"20","1.0","0.7777777777777778","1.0","0.13333333333333333","12","1","false","PGR","2.2","0","11","1","1","1","0","1.0","false","1","PGR","78","0.2714285714285714"
"83","1.0","0.0","1.0","0.0","1","1","false","ERLEC1","1.0","0","1","0","0","0","0","1.0","false","0","ERLEC1","0","0.0"
"3","1.9782608695652173","0.0","0.5054945054945055","0.0","1","2","false","IKBKE-AS1","46.0","0","1",,"0","0","0","0.9787334593572778","false","0","IKBKE-AS1","0","0.0"
"5","2.0256410256410255","0.0","0.4936708860759494","0.0","1","3","false","KLK9","37.0","0","1",,"0","0","0","0.9722799722799724","false","0","KLK9","0","0.0"
,"0.0","0.0","0.0","0.0","0","0","true","DPH1","0.0","0","0","0","0","0","0","Infinity","false","0","DPH1","0","0.0"
"22","1.0","0.7037037037037037","1.0","0.17777777777777778","10","1","false","VTN","2.6","0","10","1","1","1","0","1.0","false","0","VTN","74","0.32857142857142857"
,"0.0","0.0","0.0","0.0","0","0","true","PFKL","0.0","0","0","0","0","0","0","Infinity","false","0","PFKL","0","0.0"
"2","1.0384615384615385","0.6586671667601155","0.9629629629629629","0.07183673469387755","50","2","false","COL5A3","5.08","0","50","1","1","1","0","0.9992307692307691","false","0","COL5A3","3004","0.10416666666666667"
"2","1.8269230769230769","0.009068018457158728","0.5473684210526316","0.4722222222222222","9","2","false","RARS1","10.555555555555555","0","9","0","0","0","0","0.9834615384615384","false","0","RARS1","100","0.202991452991453"
"6","1.9210526315789473","0.0","0.5205479452054794","1.0","3","2","false","ZNF669","26.333333333333332","0","3",,"0","0","0","0.9757617728531857","false","0","ZNF669","0","0.6929824561403509"
"8","1.8846153846153846","4.3956043956043956E-4","0.5306122448979592","0.6666666666666666","3","2","false","SMIM44","17.0","0","3","0","0","0","0","0.9659763313609468","false","0","SMIM44","2","0.6538461538461539"
"17","1.4666666666666666","0.027324263038548756","0.6818181818181819","0.6071428571428571","8","2","false","PRR5","7.75","0","8","0","0","0","0","0.9688888888888889","false","0","PRR5","22","0.5166666666666667"
"3","1.891304347826087","0.0027375201288244765","0.5287356321839081","0.4","5","2","false","NPAS1","11.6","0","5","0","0","0","0","0.9806238185255198","false","0","NPAS1","12","0.25217391304347825"
,"0.0","0.0","0.0","0.0","0","0","true","FITM2","0.0","0","0","0","0","0","0","Infinity","false","0","FITM2","0","0.0"
"24","1.0","0.9285714285714285","1.0","0.07142857142857142","10","1","false","PTGS1","1.5","0","9","1","1","1","0","1.0","false","1","PTGS1","52","0.25"
"24","1.875","0.0","0.5333333333333333","0.0","1","2","false","CLCA2","8.0","0","1",,"0","0","0","0.890625","false","0","CLCA2","0","0.0"
"10","1.7272727272727273","0.001948051948051948","0.5789473684210527","0.8666666666666667","6","2","false","ARHGAP28","13.0","0","6",,"0","0","0","0.9669421487603306","false","0","ARHGAP28","4","0.5909090909090909"
"70","1.0","0.0","1.0","0.0","1","1","false","SNAP47","1.0","0","1","0","0","0","0","1.0","false","0","SNAP47","0","0.0"
"2","1.8269230769230769","0.013979422247382446","0.5473684210526316","0.2222222222222222","9","2","false","NCR1","12.222222222222221","0","9","0",,"0","0","0.9834615384615384","false","0","NCR1","178","0.2374727668845316"
"1","1.0","0.4455736184771823","1.0","0.10552061495457722","56","1","false","COL5A2","6.592592592592593","0","55","1","1","1","0","1.0","false","1","COL5A2","2560","0.12403913347309574"
"1","1.4444444444444444","0.08980982330038934","0.6923076923076923","0.16091954022988506","30","2","false","RABL6","8.466666666666667","0","30","0","0","0","0","0.9917695473251029","false","0","RABL6","730","0.15679012345679014"
"5","2.0","0.0","0.5","1.0","2","3","false","UTS2R","21.0","0","2",,"0","0","0","0.972972972972973","false","0","UTS2R","0","0.5675675675675675"
"28","1.0","0.9047619047619047","1.0","0.09523809523809523","9","1","false","GSK3B","1.5714285714285714","0","8","1","1","1","0","1.0","false","1","GSK3B","38","0.2857142857142857"
"28","1.7142857142857142","0.0","0.5833333333333334","1.0","2","2","false","ZNF710","4.5","0","2","0","0","0","0","0.8979591836734694","false","0","ZNF710","0","0.6428571428571429"
"16","1.0","0.5714285714285714","1.0","0.17142857142857143","17","1","false","BCL2","3.4","0","16","1","1","1","0","1.0","false","1","BCL2","174","0.22666666666666666"
,"0.0","0.0","0.0","0.0","0","0","true","CAPG","0.0","0","0","0","0","0","0","Infinity","false","0","CAPG","0","0.0"
"13","1.95","0.0","0.5128205128205129","0.0","1","2","false","EGR3","20.0","0","1",,"0","0","0","0.9525","false","0","EGR3","0","0.0"
"12","1.0","0.6559523809523812","1.0","0.1380952380952381","23","1","false","TNFSF11","3.761904761904762","0","22","1","1","1","0","1.0","false","1","TNFSF11","362","0.19298245614035087"
"12","1.7619047619047619","0.011111111111111112","0.5675675675675675","0.5","5","2","false","HSP90AA4P","8.2","0","5","0","0","0","0","0.9637188208616779","false","0","HSP90AA4P","10","0.3904761904761905"
,"0.0","0.0","0.0","0.0","0","0","true","TCEANC","0.0","0","0","0","0","0","0","Infinity","false","0","TCEANC","0","0.0"
"8","1.8846153846153846","0.0015384615384615385","0.5306122448979592","0.6666666666666666","3","2","false","IGKV2D-30","12.333333333333334","0","3","0",,"0","0","0.9659763313609468","false","0","IGKV2D-30","2","0.47435897435897434"
"12","1.7142857142857142","0.010317460317460317","0.5833333333333334","0.6","6","2","false","DCDC2C","9.0","0","6","0","0","0","0","0.9659863945578231","false","0","DCDC2C","12","0.42857142857142855"
"6","1.9736842105263157","0.0","0.5066666666666667","0.0","1","2","false","FRMD6-AS1","38.0","0","1",,"0","0","0","0.974376731301939","false","0","FRMD6-AS1","0","0.0"
"33","1.0","0.5833333333333333","1.0","0.3333333333333333","6","1","false","ESR1","2.0","0","5","1","1","1","0","1.0","false","1","ESR1","8","0.5833333333333334"
"33","1.5","0.0","0.6666666666666666","1.0","2","2","false","TAOK3","3.5","0","2","0","0","0","0","0.875","false","0","TAOK3","0","0.875"
,"0.0","0.0","0.0","0.0","0","0","true","LRFN3","0.0","0","0","0","0","0","0","Infinity","false","0","LRFN3","0","0.0"
"37","1.0","0.16666666666666666","1.0","0.6666666666666666","5","1","false","NTRK1","2.3333333333333335","0","4","1","1","1","0","1.0","false","1","NTRK1","2","0.7777777777777778"
"72","1.0","0.0","1.0","0.0","1","1","false","IFNLR1","1.0","0","1","0","0","0","0","1.0","false","0","IFNLR1","0","0.0"
,"0.0","0.0","0.0","0.0","0","0","true","RIPK2","0.0","0","0","0",,"0","0","Infinity","false","0","RIPK2","0","0.0"
"83","1.0","0.0","1.0","0.0","1","1","false","FOXRED2","1.0","0","1",,"0","0","0","1.0","false","0","FOXRED2","0","0.0"
"6","1.8421052631578947","3.048160942897785E-4","0.5428571428571428","0.8666666666666667","6","2","false","OR9A1P","20.166666666666668","0","6",,"0","0","0","0.9778393351800553","false","0","OR9A1P","4","0.5307017543859649"
"18","1.4285714285714286","0.02710622710622711","0.7","0.6428571428571429","8","2","false","PGA4","8.625","0","8","0","0","0","0","0.9693877551020408","false","0","PGA4","20","0.6160714285714286"
"3","1.8043478260869565","0.012479871175523348","0.5542168674698795","0.25","9","2","false","CFAP107","9.333333333333334","0","9","0","0","0","0","0.9825141776937619","false","0","CFAP107","54","0.2028985507246377"
"8","1.9230769230769231","0.0","0.52","1.0","2","2","false","NKX2-8","21.5","0","2","0","0","0","0","0.9644970414201184","false","0","NKX2-8","0","0.8269230769230769"
"7","1.793103448275862","0.0021991555242786773","0.5576923076923077","0.6","6","2","false","C3orf84","14.0","0","6","0","0","0","0","0.9726516052318669","false","0","C3orf84","12","0.4827586206896552"
"78","1.0","0.0","1.0","0.0","1","1","false","PPM1J","1.0","0","1","0","0","0","0","1.0","false","0","PPM1J","0","0.0"
"1","1.9259259259259258","5.3754770735902814E-5","0.5192307692307693","0.8333333333333334","4","2","false","NPY4R","33.5","0","4","0","0","0","0","0.9828532235939643","false","0","NPY4R","2","0.6203703703703703"
"1","1.9074074074074074","6.924591830252207E-4","0.5242718446601942","0.5","5","2","false","CYB5RL","23.8","0","5","0","0","0","0","0.9831961591220851","false","0","CYB5RL","10","0.44074074074074077"
"7","1.9310344827586208","0.0","0.5178571428571428","1.0","2","2","false","TBC1D28","23.0","0","2",,"0","0","0","0.9678953626634959","false","0","TBC1D28","0","0.7931034482758621"
,"0.0","0.0","0.0","0.0","0","0","true","CRTC3","0.0","0","0","0","0","0","0","Infinity","false","0","CRTC3","0","0.0"
"6","1.868421052631579","1.016053647632595E-4","0.5352112676056338","0.9","5","2","false","UAP1","23.2","0","5","0","0","0","0","0.9771468144044321","false","0","UAP1","2","0.6105263157894737"
"82","1.0","0.0","1.0","0.0","1","1","false","NCAPG","1.0","0","1","0","0","0","0","1.0","false","0","NCAPG","0","0.0"
,"0.0","0.0","0.0","0.0","0","0","true","PDXDC1","0.0","0","0","0","0","0","0","Infinity","false","0","PDXDC1","0","0.0"
"29","1.0","0.8","1.0","0.2","7","1","false","JUN","1.8","0","6","1","1","1","0","1.0","false","1","JUN","16","0.4"
"29","1.6","0.0","0.625","1.0","2","2","false","TPPP2","3.5","0","2","0","0","0","0","0.8800000000000001","false","0","TPPP2","0","0.7"
"66","1.0","0.0","1.0","0.0","1","1","false","PECAM1","1.0","0","1","0","0","0","0","1.0","false","0","PECAM1","0","0.0"
,"0.0","0.0","0.0","0.0","0","0","true","ZNF185","0.0","0","0",,"0","0","0","Infinity","false","0","ZNF185","0","0.0"
,"0.0","0.0","0.0","0.0","0","0","true","GABPA","0.0","0","0","0","0","0","0","Infinity","false","0","GABPA","0","0.0"
,"0.0","0.0","0.0","0.0","0","0","true","CYB5A","0.0","0","0","0","0","0","0","Infinity","false","0","CYB5A","0","0.0"
"4","1.8048780487804879","0.006394671223674404","0.5540540540540541","0.35714285714285715","8","2","false","OR51M1","16.375","0","8","0","0","0","0","0.978818998716303","false","0","OR51M1","100","0.39939024390243905"
,"0.0","0.0","0.0","0.0","0","0","true","MOB2","0.0","0","0","0","0","0","0","Infinity","false","0","MOB2","0","0.0"
"19","1.0769230769230769","0.5841880341880342","0.9285714285714286","0.21212121212121213","12","2","false","CTSK","3.4166666666666665","0","12","1","1","1","0","0.9935897435897436","false","0","CTSK","118","0.29545454545454547"
"19","1.6923076923076923","0.005128205128205128","0.5909090909090909","0.8333333333333334","4","2","false","CASKIN2","6.75","0","4","0","0","0","0","0.9423076923076924","false","0","CASKIN2","4","0.5192307692307693"
,"0.0","0.0","0.0","0.0","0","0","true","CTNNA3","0.0","0","0","0","0","0","0","Infinity","false","0","CTNNA3","0","0.0"
"56","1.0","0.0","1.0","0.0","1","1","false","CHPF2","1.0","0","1",,"0","0","0","1.0","false","0","CHPF2","0","0.0"
"3","1.9565217391304348","0.0","0.5111111111111111","1.0","2","2","false","VGLL3","25.5","0","2","0","0","0","0","0.9792060491493383","false","0","VGLL3","0","0.5543478260869565"
"21","1.9","0.0","0.5263157894736842","0.0","1","2","false","OOSP4A","10.0","0","1","0",,"0","0","0.9099999999999999","false","0","OOSP4A","0","0.0"
"21","1.0","0.9555555555555556","1.0","0.044444444444444446","10","1","false","BGLAP","1.4","0","10","1","1","1","0","1.0","false","0","BGLAP","86","0.2"
"81","1.0","0.0","1.0","0.0","1","1","false","RUNDC3B","1.0","0","1","0","0","0","0","1.0","false","0","RUNDC3B","0","0.0"
"4","2.048780487804878","0.0","0.4880952380952381","0.0","1","3","false","OR13C8","38.0","0","1","0",,"0","0","0.9724005134788191","false","0","OR13C8","0","0.0"
"22","1.8","0.0","0.5555555555555556","1.0","2","2","false","RPS6KC1","7.5","0","2",,"0","0","0","0.9199999999999999","false","0","RPS6KC1","0","0.75"
"31","1.0","0.30000000000000004","1.0","0.4","7","1","false","MAPK14","2.6","0","6","1","1","1","0","1.0","false","1","MAPK14","12","0.52"
,"0.0","0.0","0.0","0.0","0","0","true","YME1L1","0.0","0","0","0","0","0","0","Infinity","false","0","YME1L1","0","0.0"
"11","1.7619047619047619","0.0035317460317460317","0.5675675675675675","0.6","5","2","false","DHRS13","11.8","0","5","0","0","0","0","0.9637188208616779","false","0","DHRS13","8","0.5619047619047619"
"5","1.8717948717948718","6.876164770901613E-4","0.5342465753424658","0.7","5","2","false","ZNF311","15.8","0","5",,"0","0","0","0.9764379764379765","false","0","ZNF311","6","0.40512820512820513"
"21","1.8","0.0","0.5555555555555556","1.0","2","2","false","STX16","6.0","0","2","0",,"0","0","0.9199999999999999","false","0","STX16","0","0.6"
"4","1.6341463414634145","0.028175546175281063","0.6119402985074627","0.26666666666666666","15","2","false","PMS2","11.533333333333333","0","15","0","0","0","0","0.9833119383825417","false","0","PMS2","198","0.2813008130081301"
"3","1.9565217391304348","0.0","0.5111111111111111","1.0","2","2","false","CCKAR","27.5","0","2",,"0","0","0","0.9792060491493383","false","0","CCKAR","0","0.5978260869565217"
"20","1.9","0.0","0.5263157894736842","0.0","1","2","false","ZNF582","10.0","0","1",,"0","0","0","0.9099999999999999","false","0","ZNF582","0","0.0"
"2","1.9423076923076923","4.080012098980555E-4","0.5148514851485149","0.6666666666666666","4","3","false","SLC2A11","22.75","0","4","0","0","0","0","0.9811538461538462","false","0","SLC2A11","24","0.44607843137254904"
"2","1.9615384615384615","3.9939294004411095E-4","0.5098039215686275","0.3333333333333333","3","3","false","ITFG2","33.0","0","3",,"0","0","0","0.9807692307692308","false","0","ITFG2","30","0.6533333333333333"
,"0.0","0.0","0.0","0.0","0","0","true","RHOBTB3","0.0","0","0","0","0","0","0","Infinity","false","0","RHOBTB3","0","0.0"
"11","1.6666666666666667","0.012579365079365077","0.6","0.38095238095238093","7","2","false","SGCA","10.428571428571429","0","7","0","0","0","0","0.9682539682539681","false","0","SGCA","26","0.4965986394557823"
,"0.0","0.0","0.0","0.0","0","0","true","FKBP10","0.0","0","0","0","0","0","0","Infinity","false","0","FKBP10","0","0.0"
"20","1.8","0.0","0.5555555555555556","1.0","2","2","false","RASGEF1B","7.5","0","2","0","0","0","0","0.9199999999999999","false","0","RASGEF1B","0","0.75"
,"0.0","0.0","0.0","0.0","0","0","true","KAT5","0.0","0","0","0","0","0","0","Infinity","false","0","KAT5","0","0.0"
"68","1.0","0.0","1.0","0.0","1","1","false","PLCZ1","1.0","0","1",,"0","0","0","1.0","false","0","PLCZ1","0","0.0"
,"0.0","0.0","0.0","0.0","0","0","true","UBA2","0.0","0","0",,"0","0","0","Infinity","false","0","UBA2","0","0.0"
,"0.0","0.0","0.0","0.0","0","0","true","AP3B1","0.0","0","0","0","0","0","0","Infinity","false","0","AP3B1","0","0.0"
"11","1.7619047619047619","0.005158730158730159","0.5675675675675675","0.5","5","2","false","GTF2A1L","11.4","0","5","0","0","0","0","0.9637188208616779","false","0","GTF2A1L","10","0.5428571428571428"
"2","1.8846153846153846","0.0017358628426904844","0.5306122448979592","0.4666666666666667","6","2","false","SHC2","20.0","0","6",,"0","0","0","0.9823076923076922","false","0","SHC2","46","0.38461538461538464"
"6","1.9473684210526316","0.0","0.5135135135135135","1.0","2","2","false","TMIGD2","33.5","0","2",,"0","0","0","0.9750692520775623","false","0","TMIGD2","0","0.881578947368421"
"80","1.0","0.0","1.0","0.0","3","1","false","AR","1.0","0","2","1","1","1","0","1.0","false","1","AR","0","0.0"
"80","1.0","0.0","1.0","0.0","1","1","false","RBL2","1.0","0","1","0","0","0","0","1.0","false","0","RBL2","0","0.0"
,"0.0","0.0","0.0","0.0","0","0","true","GTF2H1","0.0","0","0","0","0","0","0","Infinity","false","0","GTF2H1","0","0.0"
,"0.0","0.0","0.0","0.0","0","0","true","GPANK1","0.0","0","0","0","0","0","0","Infinity","false","0","GPANK1","0","0.0"
,"0.0","0.0","0.0","0.0","0","0","true","NCAPH","0.0","0","0",,"0","0","0","Infinity","false","0","NCAPH","0","0.0"
"3","1.826086956521739","0.007085346215780998","0.5476190476190477","0.39285714285714285","8","2","false","KCNK13","12.0","0","8","0","0","0","0","0.9820415879017013","false","0","KCNK13","34","0.2608695652173913"
"8","1.8846153846153846","4.3956043956043956E-4","0.5306122448979592","0.6666666666666666","3","2","false","ADARB2-AS1","17.0","0","3","0",,"0","0","0.9659763313609468","false","0","ADARB2-AS1","2","0.6538461538461539"
"10","1.8636363636363635","3.6075036075036075E-4","0.5365853658536586","0.6666666666666666","3","2","false","MFSD4A","17.666666666666668","0","3","0","0","0","0","0.9607438016528925","false","0","MFSD4A","2","0.803030303030303"
"79","1.0","0.0","1.0","0.0","1","1","false","MSI2","1.0","0","1","0","0","0","0","1.0","false","0","MSI2","0","0.0"
"24","1.875","0.0","0.5333333333333333","0.0","1","2","false","KLHL13","8.0","0","1",,"0","0","0","0.890625","false","0","KLHL13","0","0.0"
,"0.0","0.0","0.0","0.0","0","0","true","HELLS","0.0","0","0","0","0","0","0","Infinity","false","0","HELLS","0","0.0"
"2","1.8846153846153846","0.0016098450696138877","0.5306122448979592","0.5333333333333333","6","2","false","THNSL2","20.666666666666668","0","6",,"0","0","0","0.9823076923076922","false","0","THNSL2","46","0.3974358974358974"
,"0.0","0.0","0.0","0.0","0","0","true","TRIM59","0.0","0","0","0","0","0","0","Infinity","false","0","TRIM59","0","0.0"
"4","2.1219512195121952","0.004132580922082512","0.47126436781609193","0.09523809523809523","7","3","false","ZNF319","9.714285714285714","0","7","0","0","0","0","0.9704749679075737","false","0","ZNF319","40","0.3657142857142857"
,"0.0","0.0","0.0","0.0","0","0","true","TLX3","0.0","0","0","0","0","0","0","Infinity","false","0","TLX3","0","0.0"
,"0.0","0.0","0.0","0.0","0","0","true","TCTN1","0.0","0","0","0","0","0","0","Infinity","false","0","TCTN1","0","0.0"
,"0.0","0.0","0.0","0.0","0","0","true","PSMD13","0.0","0","0","0","0","0","0","Infinity","false","0","PSMD13","0","0.0"
"1","1.9444444444444444","0.0","0.5142857142857143","1.0","3","2","false","PDIA2","37.0","0","3","0","0","0","0","0.9825102880658436","false","0","PDIA2","0","0.6851851851851852"
,"0.0","0.0","0.0","0.0","0","0","true","AKAP17A","0.0","0","0","0","0","0","0","Infinity","false","0","AKAP17A","0","0.0"
"78","1.0","0.0","1.0","0.0","1","1","false","UBE2I","1.0","0","1","0","0","0","0","1.0","false","0","UBE2I","0","0.0"
"14","1.7894736842105263","0.00253411306042885","0.5588235294117647","0.6666666666666666","4","2","false","KCNJ12","12.0","0","4","0","0","0","0","0.9584487534626038","false","0","KCNJ12","4","0.631578947368421"
,"0.0","0.0","0.0","0.0","0","0","true","SHTN1","0.0","0","0","0","0","0","0","Infinity","false","0","SHTN1","0","0.0"
,"0.0","0.0","0.0","0.0","0","0","true","RASSF2","0.0","0","0","0","0","0","0","Infinity","false","0","RASSF2","0","0.0"
"19","2.0","0.0","0.5","0.0","1","3","false","CARD14","12.0","0","1",,"0","0","0","0.9166666666666666","false","0","CARD14","0","0.0"
"3","1.9565217391304348","0.0","0.5111111111111111","1.0","2","2","false","KCNJ2","30.0","0","2","0","0","0","0","0.9792060491493383","false","0","KCNJ2","0","0.6521739130434783"
"16","1.8666666666666667","0.0","0.5357142857142857","1.0","2","2","false","WNT9A","12.5","0","2","0",,"0","0","0.9422222222222222","false","0","WNT9A","0","0.8333333333333334"
"11","1.8571428571428572","7.936507936507937E-4","0.5384615384615384","0.6666666666666666","3","2","false","RBMX2","14.0","0","3",,"0","0","0","0.9591836734693877","false","0","RBMX2","2","0.6666666666666666"
,"0.0","0.0","0.0","0.0","0","0","true","TDGF1","0.0","0","0","0","0","0","0","Infinity","false","0","TDGF1","0","0.0"
"14","1.5263157894736843","0.051364522417153995","0.6551724137931034","0.4166666666666667","9","2","false","GOLGA3","7.777777777777778","0","9","0","0","0","0","0.9722991689750692","false","0","GOLGA3","42","0.4093567251461988"
"5","2.358974358974359","0.0023970181864918704","0.42391304347826086","0.1","5","3","false","ZCCHC2","8.4","0","5",,"0","0","0","0.9632709632709633","false","0","ZCCHC2","18","0.4588235294117647"
"31","1.0","0.30000000000000004","1.0","0.4","5","1","false","BOD1L1","2.6","0","5","0","0","0","0","1.0","false","0","BOD1L1","12","0.52"
,"0.0","0.0","0.0","0.0","0","0","true","ARF5","0.0","0","0","0","0","0","0","Infinity","false","0","ARF5","0","0.0"
"63","1.0","0.0","1.0","0.0","1","1","false","FAM161B","1.0","0","1","0","0","0","0","1.0","false","0","FAM161B","0","0.0"
"18","1.5","0.008791208791208793","0.6666666666666666","0.7619047619047619","7","2","false","MIDEAS","9.571428571428571","0","7","0","0","0","0","0.9642857142857143","false","0","MIDEAS","10","0.6836734693877551"
"45","1.0","0.0","1.0","0.0","1","1","false","PPM1B","1.0","0","1","0","0","0","0","1.0","false","0","PPM1B","0","0.0"
"7","1.9310344827586208","0.0","0.5178571428571428","1.0","2","2","false","NXPH3","17.5","0","2","0",,"0","0","0.9678953626634959","false","0","NXPH3","0","0.603448275862069"
"2","1.9807692307692308","0.0","0.5048543689320388","1.0","2","3","false","ZNF136","29.5","0","2",,"0","0","0","0.9803846153846153","false","0","ZNF136","0","0.5784313725490197"
"18","1.5714285714285714","0.011355311355311355","0.6363636363636364","0.6666666666666666","6","2","false","CNTLN","9.0","0","6","0","0","0","0","0.9591836734693878","false","0","CNTLN","10","0.6428571428571429"
"1","1.962962962962963","0.0","0.5094339622641509","1.0","2","2","false","KCNJ1","33.5","0","2","0","0","0","0","0.9821673525377229","false","0","KCNJ1","0","0.6203703703703703"
"76","1.0","0.0","1.0","0.0","1","1","false","CAPZB","1.0","0","1","0","0","0","0","1.0","false","0","CAPZB","0","0.0"
,"0.0","0.0","0.0","0.0","0","0","true","RIOX2","0.0","0","0","0","0","0","0","Infinity","false","0","RIOX2","0","0.0"
"17","1.7333333333333334","0.001360544217687075","0.5769230769230769","0.8333333333333334","4","2","false","ANKRD22","10.25","0","4",,"0","0","0","0.951111111111111","false","0","ANKRD22","2","0.6833333333333333"
"10","1.8181818181818181","6.184291898577612E-4","0.55","0.8333333333333334","4","2","false","ACP5","14.25","0","4","0","0","0","0","0.962809917355372","false","0","ACP5","2","0.6477272727272727"
"4","1.829268292682927","0.005400080948861436","0.5466666666666666","0.42857142857142855","7","2","false","OR12D2","17.428571428571427","0","7","0","0","0","0","0.9781771501925546","false","0","OR12D2","80","0.43214285714285716"
"2","1.9423076923076923","3.9939294004411095E-4","0.5148514851485149","0.6666666666666666","4","3","false","COX11","26.25","0","4","0","0","0","0","0.9811538461538462","false","0","COX11","30","0.5147058823529411"
"8","1.3461538461538463","0.16641025641025636","0.7428571428571428","0.15441176470588236","17","2","false","PHACTR2","4.705882352941177","0","17","0","0","0","0","0.9866863905325444","false","0","PHACTR2","230","0.18099547511312217"
,"0.0","0.0","0.0","0.0","0","0","true","SKI","0.0","0","0","0","0","0","0","Infinity","false","0","SKI","0","0.0"
"6","1.868421052631579","3.048160942897785E-4","0.5352112676056338","0.8","5","2","false","HOXA13","22.4","0","5",,"0","0","0","0.9771468144044321","false","0","HOXA13","4","0.5894736842105263"
"26","1.1428571428571428","0.1825396825396825","0.875","0.4666666666666667","6","2","false","ZC3H13","3.5","0","6","0","0","0","0","0.979591836734694","false","0","ZC3H13","16","0.5"
"7","1.6551724137931034","0.017880600516068497","0.6041666666666666","0.28888888888888886","10","2","false","RNF168","9.2","0","10",,"0","0","0","0.9774078478002378","false","0","RNF168","64","0.31724137931034485"
,"0.0","0.0","0.0","0.0","0","0","true","EIF2S1","0.0","0","0","0","0","0","0","Infinity","false","0","EIF2S1","0","0.0"
"14","1.894736842105263","0.0","0.5277777777777778","1.0","2","2","false","FBXL18","16.5","0","2",,"0","0","0","0.9529085872576177","false","0","FBXL18","0","0.868421052631579"
"11","1.8095238095238095","0.0031746031746031746","0.5526315789473684","0.6666666666666666","4","2","false","C10orf67","12.25","0","4","0","0","0","0","0.9614512471655329","false","0","C10orf67","4","0.5833333333333334"
"3","1.934782608695652","0.0","0.5168539325842697","1.0","3","2","false","MSTN","26.0","0","3","0","0","0","0","0.979678638941399","false","0","MSTN","0","0.5652173913043478"
"13","1.9","0.0","0.5263157894736842","1.0","2","2","false","OR1M1","11.5","0","2","0","0","0","0","0.9550000000000001","false","0","OR1M1","0","0.575"
"3","1.9782608695652173","0.0","0.5054945054945055","0.0","1","2","false","CHN1","46.0","0","1",,"0","0","0","0.9787334593572778","false","0","CHN1","0","0.0"
"38","1.5","0.0","0.6666666666666666","0.0","1","2","false","TAPT1","2.0","0","1","0","0","0","0","0.75","false","0","TAPT1","0","0.0"
,"0.0","0.0","0.0","0.0","0","0","true","USO1","0.0","0","0","0","0","0","0","Infinity","false","0","USO1","0","0.0"
"1","1.9259259259259258","0.0","0.5192307692307693","1.0","4","2","false","PUS1","33.75","0","4",,"0","0","0","0.9828532235939643","false","0","PUS1","0","0.625"
"11","1.7619047619047619","0.0011904761904761906","0.5675675675675675","0.8","5","2","false","SH3D21","12.6","0","5","0","0","0","0","0.9637188208616779","false","0","SH3D21","4","0.6"
"9","1.8695652173913044","0.0015527950310559005","0.5348837209302325","0.5","4","3","false","IGHV1-45","14.75","0","4","0",,"0","0","0.9604743083003953","false","0","IGHV1-45","6","0.6704545454545454"
"20","1.8","0.0","0.5555555555555556","1.0","2","2","false","CPSF3","6.5","0","2",,"0","0","0","0.9199999999999999","false","0","CPSF3","0","0.65"
,"0.0","0.0","0.0","0.0","0","0","true","AP1M2","0.0","0","0","0","0","0","0","Infinity","false","0","AP1M2","0","0.0"
"2","1.9230769230769231","2.765208647561589E-4","0.52","0.6666666666666666","4","2","false","MAMLD1","24.0","0","4",,"0","0","0","0.9815384615384616","false","0","MAMLD1","4","0.46153846153846156"
"18","1.7857142857142858","0.0010989010989010991","0.5599999999999999","0.6666666666666666","3","2","false","PGA3","12.333333333333334","0","3","0",,"0","0","0.9438775510204082","false","0","PGA3","2","0.8809523809523809"
"17","1.7333333333333334","0.001360544217687075","0.5769230769230769","0.8333333333333334","4","2","false","LCN15","10.25","0","4",,"0","0","0","0.951111111111111","false","0","LCN15","2","0.6833333333333333"
"2","1.8653846153846154","0.004912888491319864","0.5360824742268041","0.3333333333333333","7","2","false","DZIP1","11.571428571428571","0","7","0","0","0","0","0.9826923076923078","false","0","DZIP1","52","0.22252747252747251"
"10","1.5909090909090908","0.01634714491857349","0.6285714285714286","0.5833333333333334","9","2","false","SULT1A4","10.222222222222221","0","9","0","0","0","0","0.9731404958677686","false","0","SULT1A4","30","0.46464646464646464"
"5","1.8461538461538463","0.008118181841092057","0.5416666666666666","0.4666666666666667","6","2","false","SULT1E1","14.833333333333334","0","6","0","0","0","0","0.9771309771309771","false","0","SULT1E1","96","0.38596491228070173"
"17","1.8","0.001360544217687075","0.5555555555555556","0.6666666666666666","3","2","false","GRAMD2B","10.666666666666666","0","3",,"0","0","0","0.9466666666666667","false","0","GRAMD2B","2","0.7111111111111111"
,"0.0","0.0","0.0","0.0","0","0","true","TRIM69","0.0","0","0","0","0","0","0","Infinity","false","0","TRIM69","0","0.0"
,"0.0","0.0","0.0","0.0","0","0","true","TRIM55","0.0","0","0","0","0","0","0","Infinity","false","0","TRIM55","0","0.0"
"10","1.8181818181818181","9.018759018759018E-4","0.55","0.6666666666666666","4","2","false","BTBD16","15.5","0","4","0","0","0","0","0.962809917355372","false","0","BTBD16","4","0.7045454545454546"
"1","1.9074074074074074","5.778637854109552E-4","0.5242718446601942","0.6","5","2","false","TBX10","27.0","0","5","0","0","0","0","0.9831961591220851","false","0","TBX10","8","0.5"
,"0.0","0.0","0.0","0.0","0","0","true","CTDNEP1","0.0","0","0","0","0","0","0","Infinity","false","0","CTDNEP1","0","0.0"
"27","1.5714285714285714","0.023809523809523808","0.6363636363636364","0.6666666666666666","3","2","false","SEPTIN5","4.666666666666667","0","3","0","0","0","0","0.9183673469387755","false","0","SEPTIN5","2","0.6666666666666666"
"6","1.894736842105263","0.0","0.5277777777777778","1.0","4","2","false","ERF","24.0","0","4",,"0","0","0","0.976454293628809","false","0","ERF","0","0.631578947368421"
"3","1.9565217391304348","0.0","0.5111111111111111","1.0","2","2","false","CNMD","32.0","0","2","0","0","0","0","0.9792060491493383","false","0","CNMD","0","0.6956521739130435"
"1","1.8888888888888888","3.643378905433412E-4","0.5294117647058824","0.8","6","2","false","ZDHHC11","27.5","0","6","0","0","0","0","0.9835390946502058","false","0","ZDHHC11","6","0.5092592592592593"
"8","1.6923076923076923","0.024615384615384612","0.5909090909090909","0.25","8","2","false","FAM117B","6.375","0","8","0","0","0","0","0.9733727810650887","false","0","FAM117B","42","0.24519230769230768"
,"0.0","0.0","0.0","0.0","0","0","true","IL16","0.0","0","0","0","0","0","0","Infinity","false","0","IL16","0","0.0"
"35","1.6666666666666667","0.0","0.6","0.0","1","2","false","IRX2","3.0","0","1",,"0","0","0","0.7777777777777777","false","0","IRX2","0","0.0"
"4","1.853658536585366","0.001868363608819601","0.5394736842105263","0.5333333333333333","6","2","false","UCP3","20.0","0","6","0","0","0","0","0.9775353016688062","false","0","UCP3","30","0.4878048780487805"
"2","2.0","0.0","0.5","1.0","2","3","false","WNT2B","28.5","0","2",,"0","0","0","0.98","false","0","WNT2B","0","0.57"
"12","1.4285714285714286","0.1146825396825397","0.7","0.24242424242424243","12","2","false","ZCCHC8","5.416666666666667","0","12","0","0","0","0","0.979591836734694","false","0","ZCCHC8","100","0.25793650793650796"
"12","1.8095238095238095","0.004365079365079365","0.5526315789473684","0.5","4","2","false","KCNK18","9.0","0","4","0","0","0","0","0.9614512471655329","false","0","KCNK18","6","0.42857142857142855"
"25","1.75","0.0","0.5714285714285714","1.0","2","2","false","DEGS2","5.0","0","2",,"0","0","0","0.90625","false","0","DEGS2","0","0.625"
"12","1.9047619047619047","0.0","0.525","1.0","2","2","false","SERPINB10","16.5","0","2",,"0","0","0","0.9569160997732427","false","0","SERPINB10","0","0.7857142857142857"
"2","1.9038461538461537","5.027652086475615E-4","0.5252525252525253","0.8","5","2","false","MARK1","16.0","0","5","0","0","0","0","0.9819230769230769","false","0","MARK1","4","0.3076923076923077"
"57","1.0","0.0","1.0","0.0","1","1","false","KRTAP10-9","1.0","0","1","0","0","0","0","1.0","false","0","KRTAP10-9","0","0.0"
,"0.0","0.0","0.0","0.0","0","0","true","MYLK2","0.0","0","0","0","0","0","0","Infinity","false","0","MYLK2","0","0.0"
,"0.0","0.0","0.0","0.0","0","0","true","ZNF668","0.0","0","0","0","0","0","0","Infinity","false","0","ZNF668","0","0.0"
,"0.0","0.0","0.0","0.0","0","0","true","RPAP3","0.0","0","0","0","0","0","0","Infinity","false","0","RPAP3","0","0.0"
"42","1.0","0.0","1.0","0.0","1","1","false","GSR","1.0","0","1","0","0","0","0","1.0","false","0","GSR","0","0.0"
"3","1.608695652173913","0.05611916264090177","0.6216216216216216","0.17647058823529413","18","2","false","SYT17","6.611111111111111","0","18","0","0","0","0","0.9867674858223062","false","0","SYT17","252","0.14371980676328502"
"13","1.75","0.015789473684210527","0.5714285714285714","0.4","5","2","false","OR6C76","6.4","0","5","0","0","0","0","0.9625","false","0","OR6C76","12","0.32"
"17","1.4666666666666666","0.03580498866213152","0.6818181818181819","0.5357142857142857","8","2","false","SALL2","7.25","0","8","0","0","0","0","0.9688888888888889","false","0","SALL2","26","0.48333333333333334"
,"0.0","0.0","0.0","0.0","0","0","true","JUP","0.0","0","0","0","0","0","0","Infinity","false","0","JUP","0","0.0"
"6","1.9736842105263157","0.0","0.5066666666666667","0.0","1","2","false","SLC2A4RG","38.0","0","1",,"0","0","0","0.974376731301939","false","0","SLC2A4RG","0","0.0"
,"0.0","0.0","0.0","0.0","0","0","true","DUSP4","0.0","0","0","0","0","0","0","Infinity","false","0","DUSP4","0","0.0"
"77","1.0","0.0","1.0","0.0","1","1","false","CFAP418","1.0","0","1","0","0","0","0","1.0","false","0","CFAP418","0","0.0"
"13","1.95","0.0","0.5128205128205129","0.0","1","2","false","OR10D3","20.0","0","1",,"0","0","0","0.9525","false","0","OR10D3","0","0.0"
"5","1.794871794871795","0.016444455956839858","0.5571428571428572","0.2222222222222222","9","3","false","RUBCNL","10.11111111111111","0","9","0","0","0","0","0.9785169785169785","false","0","RUBCNL","78","0.26608187134502925"
"1","1.9444444444444444","8.735150244584206E-5","0.5142857142857143","0.6666666666666666","3","2","false","DGLUCY","36.333333333333336","0","3","0","0","0","0","0.9825102880658436","false","0","DGLUCY","2","0.6728395061728395"
"14","1.736842105263158","0.004873294346978557","0.5757575757575757","0.7","5","2","false","ZNF438","11.0","0","5","0","0","0","0","0.961218836565097","false","0","ZNF438","6","0.5789473684210527"
"15","1.9375","0.0","0.5161290322580645","0.0","1","2","false","TCFL5","16.0","0","1",,"0","0","0","0.94140625","false","0","TCFL5","0","0.0"
"6","1.894736842105263","0.0","0.5277777777777778","1.0","4","2","false","PDZD4","19.75","0","4",,"0","0","0","0.976454293628809","false","0","PDZD4","0","0.5197368421052632"
"6","1.894736842105263","1.016053647632595E-4","0.5277777777777778","0.8333333333333334","4","2","false","USP17L6P","26.0","0","4",,"0","0","0","0.976454293628809","false","0","USP17L6P","2","0.6842105263157895"
"4","1.8780487804878048","9.241024087259507E-4","0.5324675324675325","0.6","5","2","false","METTL15P1","19.2","0","5","0","0","0","0","0.9768934531450578","false","0","METTL15P1","16","0.4682926829268293"
"16","1.8666666666666667","0.0","0.5357142857142857","1.0","2","2","false","NPEPL1","12.5","0","2",,"0","0","0","0.9422222222222222","false","0","NPEPL1","0","0.8333333333333334"
"10","1.4090909090909092","0.06432694289837147","0.7096774193548386","0.358974358974359","13","2","false","SULT1A1","7.923076923076923","0","13","0","0","0","0","0.981404958677686","false","0","SULT1A1","100","0.36013986013986016"
"9","1.6956521739130435","0.008018068887634105","0.5897435897435898","0.5714285714285714","7","2","false","TMEM61","12.142857142857142","0","7","0","0","0","0","0.9683794466403163","false","0","TMEM61","24","0.5279503105590062"
"5","1.9230769230769231","9.821404945243954E-4","0.52","0.6666666666666666","3","2","false","MINDY2","20.0","0","3","0","0","0","0","0.9750519750519752","false","0","MINDY2","24","0.5128205128205128"
,"0.0","0.0","0.0","0.0","0","0","true","H2BC26","0.0","0","0","0","0","0","0","Infinity","false","0","H2BC26","0","0.0"
"37","1.3333333333333333","0.0","0.75","1.0","2","2","false","P2RX6","3.0","0","2","0",,"0","0","0.888888888888889","false","0","P2RX6","0","1.0"
"36","1.6666666666666667","0.0","0.6","0.0","1","2","false","RPIA","3.0","0","1","0","0","0","0","0.7777777777777777","false","0","RPIA","0","0.0"
"19","1.8461538461538463","0.00641025641025641","0.5416666666666666","0.6666666666666666","3","3","false","ZNF717","6.333333333333333","0","3","0","0","0","0","0.9294871794871794","false","0","ZNF717","2","0.5277777777777778"
"9","1.9130434782608696","9.881422924901185E-4","0.5227272727272727","0.6666666666666666","3","3","false","GOLGA6D","11.333333333333334","0","3","0","0","0","0","0.9584980237154149","false","0","GOLGA6D","2","0.5151515151515151"
,"0.0","0.0","0.0","0.0","0","0","true","PCBP1","0.0","0","0","0","0","0","0","Infinity","false","0","PCBP1","0","0.0"
,"0.0","0.0","0.0","0.0","0","0","true","MRE11","0.0","0","0","0","0","0","0","Infinity","false","0","MRE11","0","0.0"
"6","1.6842105263157894","0.0148005148005148","0.59375","0.4696969696969697","12","2","false","HPD","12.333333333333334","0","12","0","0","0","0","0.9819944598337951","false","0","HPD","70","0.32456140350877194"
"10","1.6363636363636365","0.0091991341991342","0.611111111111111","0.6785714285714286","8","2","false","ASXL2","11.75","0","8",,"0","0","0","0.9710743801652892","false","0","ASXL2","18","0.5340909090909091"
"2","1.9423076923076923","5.027652086475615E-4","0.5148514851485149","0.6666666666666666","4","3","false","OSGIN2","22.5","0","4","0","0","0","0","0.9811538461538462","false","0","OSGIN2","4","0.4411764705882353"
,"0.0","0.0","0.0","0.0","0","0","true","RABEP1","0.0","0","0",,"0","0","0","Infinity","false","0","RABEP1","0","0.0"
"11","1.619047619047619","0.018293650793650792","0.6176470588235294","0.39285714285714285","8","2","false","TRAV12-3","9.75","0","8","0","0","0","0","0.9705215419501133","false","0","TRAV12-3","34","0.4642857142857143"
"50","1.0","0.0","1.0","0.0","1","1","false","DCP2","1.0","0","1",,"0","0","0","1.0","false","0","DCP2","0","0.0"
"32","1.4","0.025","0.7142857142857143","0.6666666666666666","3","2","false","ZFR2","4.333333333333333","0","3",,"0","0","0","0.9199999999999999","false","0","ZFR2","2","0.8666666666666667"
"47","1.0","0.0","1.0","0.0","1","1","false","ATXN10","1.0","0","1","0","0","0","0","1.0","false","0","ATXN10","0","0.0"
"51","1.0","0.0","1.0","0.0","1","1","false","GRAP2","1.0","0","1","0",,"0","0","1.0","false","0","GRAP2","0","0.0"
,"0.0","0.0","0.0","0.0","0","0","true","LRRC8E","0.0","0","0","0","0","0","0","Infinity","false","0","LRRC8E","0","0.0"
"77","1.0","0.0","1.0","0.0","1","1","false","B9D1","1.0","0","1","0","0","0","0","1.0","false","0","B9D1","0","0.0"
"2","1.9615384615384615","3.770739064856712E-4","0.5098039215686275","0.6666666666666666","3","3","false","ARHGEF15","20.333333333333332","0","3","0","0","0","0","0.9807692307692308","false","0","ARHGEF15","2","0.39869281045751637"
,"0.0","0.0","0.0","0.0","0","0","true","CMKLR1","0.0","0","0",,"0","0","0","Infinity","false","0","CMKLR1","0","0.0"
,"0.0","0.0","0.0","0.0","0","0","true","PROP1","0.0","0","0","0","0","0","0","Infinity","false","0","PROP1","0","0.0"
"3","1.9782608695652173","0.0","0.5054945054945055","0.0","1","2","false","ALDH1A2","46.0","0","1","0",,"0","0","0.9787334593572778","false","0","ALDH1A2","0","0.0"
"11","1.6666666666666667","0.016354875283446712","0.6","0.2857142857142857","7","2","false","COBLL1","8.714285714285714","0","7","0","0","0","0","0.9682539682539681","false","0","COBLL1","30","0.41496598639455784"
"9","1.7826086956521738","0.0026350461133069825","0.5609756097560976","0.7","5","2","false","APOBEC3A","13.8","0","5","0","0","0","0","0.9644268774703558","false","0","APOBEC3A","8","0.6"
"19","1.5384615384615385","0.08205128205128204","0.6499999999999999","0.3333333333333333","6","2","false","QRICH2","5.0","0","6","0","0","0","0","0.9551282051282052","false","0","QRICH2","28","0.38461538461538464"
"2","1.7884615384615385","0.018760609331049335","0.5591397849462365","0.2909090909090909","11","2","false","CNR2","13.545454545454545","0","11","1","1","1","0","0.9842307692307692","false","0","CNR2","260","0.2638146167557932"
"75","1.0","0.0","1.0","0.0","1","1","false","SNRNP48","1.0","0","1","0","0","0","0","1.0","false","0","SNRNP48","0","0.0"
"12","1.8571428571428572","0.0015873015873015873","0.5384615384615384","0.6666666666666666","3","2","false","SYN1","11.333333333333334","0","3",,"0","0","0","0.9591836734693877","false","0","SYN1","2","0.5396825396825397"
"11","1.6666666666666667","0.018815192743764173","0.6","0.2857142857142857","7","2","false","MED15","8.428571428571429","0","7","0",,"0","0","0.9682539682539681","false","0","MED15","30","0.4013605442176871"
"4","1.9024390243902438","6.721835075493613E-4","0.5256410256410257","0.6","5","3","false","TRIB1","20.8","0","5","0","0","0","0","0.9762516046213093","false","0","TRIB1","8","0.52"
"28","1.7142857142857142","0.0","0.5833333333333334","1.0","2","2","false","ZPBP","4.5","0","2","0","0","0","0","0.8979591836734694","false","0","ZPBP","0","0.6428571428571429"
"76","1.0","0.0","1.0","0.0","1","1","false","UBE2Q2","1.0","0","1","0","0","0","0","1.0","false","0","UBE2Q2","0","0.0"
"4","1.975609756097561","0.0","0.5061728395061729","1.0","3","3","false","GNAT2","22.666666666666668","0","3","0","0","0","0","0.9743260590500642","false","0","GNAT2","0","0.5811965811965812"
"10","1.8636363636363635","0.0","0.5365853658536586","1.0","3","2","false","NMUR1","17.666666666666668","0","3",,"0","0","0","0.9607438016528925","false","0","NMUR1","0","0.803030303030303"
,"0.0","0.0","0.0","0.0","0","0","true","TTYH1","0.0","0","0",,"0","0","0","Infinity","false","0","TTYH1","0","0.0"
"31","1.6","0.0","0.625","1.0","2","2","false","ZNF277","5.0","0","2","0","0","0","0","0.8800000000000001","false","0","ZNF277","0","1.0"
"37","1.0","0.16666666666666666","1.0","0.6666666666666666","3","1","false","PCARE","2.3333333333333335","0","3","0","0","0","0","1.0","false","0","PCARE","2","0.7777777777777778"
"35","1.6666666666666667","0.0","0.6","0.0","1","2","false","LRP2BP","3.0","0","1","0","0","0","0","0.7777777777777777","false","0","LRP2BP","0","0.0"
"5","1.794871794871795","0.015098238821149034","0.5571428571428572","0.2857142857142857","8","2","false","HTR1E","11.5","0","8","0","0","0","0","0.9785169785169785","false","0","HTR1E","124","0.2993421052631579"
,"0.0","0.0","0.0","0.0","0","0","true","STAP1","0.0","0","0","0","0","0","0","Infinity","false","0","STAP1","0","0.0"
,"0.0","0.0","0.0","0.0","0","0","true","CAMKV","0.0","0","0",,"0","0","0","Infinity","false","0","CAMKV","0","0.0"
"22","1.7","0.007407407407407408","0.5882352941176471","0.6666666666666666","3","2","false","FGD5","6.0","0","3","0","0","0","0","0.93","false","0","FGD5","2","0.6"
,"0.0","0.0","0.0","0.0","0","0","true","ZNF397","0.0","0","0","0","0","0","0","Infinity","false","0","ZNF397","0","0.0"
"4","1.7560975609756098","0.007498381787883378","0.5694444444444444","0.5555555555555556","10","2","false","RAB24","15.2","0","10","0","0","0","0","0.9801026957637997","false","0","RAB24","66","0.37073170731707317"
"3","1.934782608695652","0.0","0.5168539325842697","1.0","3","2","false","OR2J1","26.0","0","3","0","0","0","0","0.979678638941399","false","0","OR2J1","0","0.5652173913043478"
,"0.0","0.0","0.0","0.0","0","0","true","CYB5R1","0.0","0","0","0","0","0","0","Infinity","false","0","CYB5R1","0","0.0"
,"0.0","0.0","0.0","0.0","0","0","true","PNMA8A","0.0","0","0","0","0","0","0","Infinity","false","0","PNMA8A","0","0.0"
,"0.0","0.0","0.0","0.0","0","0","true","MIER2","0.0","0","0","0","0","0","0","Infinity","false","0","MIER2","0","0.0"
"4","1.975609756097561","1.016260162601626E-4","0.5061728395061729","0.6666666666666666","3","3","false","OR4K15","27.0","0","3","0","0","0","0","0.9743260590500642","false","0","OR4K15","2","0.6923076923076923"
"40","1.0","0.0","1.0","1.0","2","1","false","SH3RF3","2.0","0","2","0","0","0","0","1.0","false","0","SH3RF3","0","1.0"
,"0.0","0.0","0.0","0.0","0","0","true","HNRNPM","0.0","0","0","0","0","0","0","Infinity","false","0","HNRNPM","0","0.0"
,"0.0","0.0","0.0","0.0","0","0","true","CALU","0.0","0","0","0","0","0","0","Infinity","false","0","CALU","0","0.0"
"23","1.7777777777777777","0.0","0.5625","1.0","2","2","false","TRBJ1-2","5.5","0","2","0","0","0","0","0.9135802469135802","false","0","TRBJ1-2","0","0.6111111111111112"
"1","1.9444444444444444","0.0","0.5142857142857143","1.0","3","2","false","MFSD9","43.333333333333336","0","3","0","0","0","0","0.9825102880658436","false","0","MFSD9","0","0.8024691358024691"
,"0.0","0.0","0.0","0.0","0","0","true","APOBEC3C","0.0","0","0","0","0","0","0","Infinity","false","0","APOBEC3C","0","0.0"
"5","1.6153846153846154","0.049467046254971954","0.6190476190476191","0.3047619047619048","15","2","false","POPDC3","9.466666666666667","0","15","0","0","0","0","0.9833679833679835","false","0","POPDC3","256","0.24273504273504273"
"4","1.8048780487804879","0.00354315002777357","0.5540540540540541","0.5714285714285714","8","2","false","EFCAB9","17.25","0","8","0","0","0","0","0.978818998716303","false","0","EFCAB9","40","0.42073170731707316"
"11","1.4761904761904763","0.06154761904761904","0.6774193548387096","0.2909090909090909","11","2","false","SMIM26","8.181818181818182","0","11","0","0","0","0","0.9773242630385488","false","0","SMIM26","78","0.38961038961038963"
"6","1.9473684210526316","0.0","0.5135135135135135","1.0","2","2","false","IL32","33.5","0","2",,"0","0","0","0.9750692520775623","false","0","IL32","0","0.881578947368421"
"5","2.0256410256410255","0.0","0.4936708860759494","0.0","1","3","false","ENTPD5","37.0","0","1","0",,"0","0","0.9722799722799724","false","0","ENTPD5","0","0.0"
"10","1.8181818181818181","3.6075036075036075E-4","0.55","0.8333333333333334","4","2","false","SH3D19","16.75","0","4",,"0","0","0","0.962809917355372","false","0","SH3D19","2","0.7613636363636364"
"16","1.8666666666666667","0.0","0.5357142857142857","1.0","2","2","false","CDY2B","11.0","0","2",,"0","0","0","0.9422222222222222","false","0","CDY2B","0","0.7333333333333333"
"2","1.9423076923076923","0.0","0.5148514851485149","1.0","3","2","false","ZNF595","21.666666666666668","0","3",,"0","0","0","0.9811538461538462","false","0","ZNF595","0","0.4166666666666667"
"13","1.95","0.0","0.5128205128205129","0.0","1","2","false","BEAN1","20.0","0","1",,"0","0","0","0.9525","false","0","BEAN1","0","0.0"
"6","1.5263157894736843","0.04632527264106212","0.6551724137931034","0.2875816993464052","18","2","false","SF3A1","9.0","0","18","0","0","0","0","0.9861495844875346","false","0","SF3A1","218","0.23684210526315788"
"33","1.75","0.0","0.5714285714285714","0.0","1","2","false","CNNM2","4.0","0","1",,"0","0","0","0.8125","false","0","CNNM2","0","0.0"
"1","1.9259259259259258","0.0","0.5192307692307693","1.0","4","2","false","MRPL28","35.75","0","4","0","0","0","0","0.9828532235939643","false","0","MRPL28","0","0.6620370370370371"
"4","1.7317073170731707","0.019541014982425373","0.5774647887323944","0.2727272727272727","11","2","false","ODF3","12.545454545454545","0","11","0",,"0","0","0.9807445442875481","false","0","ODF3","148","0.31136363636363634"
"3","1.9565217391304348","0.0","0.5111111111111111","1.0","2","2","false","CCDC83","30.0","0","2","0","0","0","0","0.9792060491493383","false","0","CCDC83","0","0.6521739130434783"
"4","1.7560975609756098","0.013009955830077777","0.5694444444444444","0.37777777777777777","10","2","false","OR4X1","15.2","0","10","0",,"0","0","0.9801026957637997","false","0","OR4X1","124","0.3775"
"69","1.0","0.0","1.0","0.0","1","1","false","CRTAC1","1.0","0","1","0","0","0","0","1.0","false","0","CRTAC1","0","0.0"
"7","1.9655172413793103","0.0","0.5087719298245614","0.0","1","2","false","FGF7","29.0","0","1",,"0","0","0","0.9667063020214031","false","0","FGF7","0","0.0"
"10","1.7727272727272727","0.0016233766233766235","0.5641025641025641","0.8","5","2","false","TC2N","13.6","0","5","0","0","0","0","0.9648760330578512","false","0","TC2N","4","0.6181818181818182"
"19","1.6923076923076923","0.005128205128205128","0.5909090909090909","0.8333333333333334","4","2","false","ARHGAP30","6.75","0","4","0","0","0","0","0.9423076923076924","false","0","ARHGAP30","4","0.5192307692307693"
,"0.0","0.0","0.0","0.0","0","0","true","TCTN3","0.0","0","0","0","0","0","0","Infinity","false","0","TCTN3","0","0.0"
,"0.0","0.0","0.0","0.0","0","0","true","TLR5","0.0","0","0","0","0","0","0","Infinity","false","0","TLR5","0","0.0"
"6","1.894736842105263","1.016053647632595E-4","0.5277777777777778","0.8333333333333334","4","2","false","CAMK1G","26.0","0","4",,"0","0","0","0.976454293628809","false","0","CAMK1G","2","0.6842105263157895"
"32","1.2","0.1","0.8333333333333334","0.5","4","2","false","PRR14L","3.5","0","4","0","0","0","0","0.96","false","0","PRR14L","6","0.7"
"5","1.7692307692307692","0.013400537084747609","0.5652173913043479","0.3333333333333333","9","2","false","FLYWCH1","9.555555555555555","0","9","0","0","0","0","0.9792099792099793","false","0","FLYWCH1","64","0.245014245014245"
"6","1.9736842105263157","0.0","0.5066666666666667","0.0","1","2","false","SMIM23","38.0","0","1","0",,"0","0","0.974376731301939","false","0","SMIM23","0","0.0"
,"0.0","0.0","0.0","0.0","0","0","true","WDR77","0.0","0","0","0","0","0","0","Infinity","false","0","WDR77","0","0.0"
"75","1.0","0.0","1.0","0.0","1","1","false","ZRSR2","1.0","0","1","0","0","0","0","1.0","false","0","ZRSR2","0","0.0"
"54","1.0","0.0","1.0","0.0","1","1","false","UBE2G1","1.0","0","1","0","0","0","0","1.0","false","0","UBE2G1","0","0.0"
,"0.0","0.0","0.0","0.0","0","0","true","FGF13","0.0","0","0","0","0","0","0","Infinity","false","0","FGF13","0","0.0"
"2","1.8076923076923077","0.015706006889192","0.5531914893617021","0.37777777777777777","10","2","false","ST8SIA5","14.0","0","10","0","0","0","0","0.9838461538461538","false","0","ST8SIA5","214","0.2725490196078431"
"12","1.7619047619047619","0.00873015873015873","0.5675675675675675","0.5","5","2","false","SOBP","9.6","0","5","0","0","0","0","0.9637188208616779","false","0","SOBP","10","0.45714285714285713"
,"0.0","0.0","0.0","0.0","0","0","true","IGF2BP3","0.0","0","0","0","0","0","0","Infinity","false","0","IGF2BP3","0","0.0"
,"0.0","0.0","0.0","0.0","0","0","true","MLEC","0.0","0","0","0","0","0","0","Infinity","false","0","MLEC","0","0.0"
,"0.0","0.0","0.0","0.0","0","0","true","NVL","0.0","0","0","0","0","0","0","Infinity","false","0","NVL","0","0.0"
"5","1.9230769230769231","0.0017211675493409237","0.52","0.5","4","3","false","GOT1L1","17.75","0","4","0","0","0","0","0.9750519750519752","false","0","GOT1L1","30","0.46710526315789475"
"27","1.5714285714285714","0.023809523809523808","0.6363636363636364","0.6666666666666666","3","2","false","MRTFB","4.0","0","3",,"0","0","0","0.9183673469387755","false","0","MRTFB","2","0.5714285714285714"
"9","1.9130434782608696","3.293807641633728E-4","0.5227272727272727","0.6666666666666666","3","3","false","IGHV4-61","17.0","0","3","0",,"0","0","0.9584980237154149","false","0","IGHV4-61","2","0.7727272727272727"
"3","1.9782608695652173","0.0","0.5054945054945055","0.0","1","2","false","CLDN22","46.0","0","1",,"0","0","0","0.9787334593572778","false","0","CLDN22","0","0.0"
"5","2.0256410256410255","0.0","0.4936708860759494","0.0","1","3","false","CCDC78","37.0","0","1","0",,"0","0","0.9722799722799724","false","0","CCDC78","0","0.0"
,"0.0","0.0","0.0","0.0","0","0","true","RIN3","0.0","0","0","0","0","0","0","Infinity","false","0","RIN3","0","0.0"
"1","1.8888888888888888","2.9117167481947353E-4","0.5294117647058824","0.8666666666666667","6","2","false","NBPF6","26.166666666666668","0","6","0","0","0","0","0.9835390946502058","false","0","NBPF6","4","0.4845679012345679"
"2","1.9615384615384615","3.9939294004411095E-4","0.5098039215686275","0.3333333333333333","3","3","false","IHH","33.0","0","3","0","0","0","0","0.9807692307692308","false","0","IHH","30","0.6533333333333333"
"1","1.9074074074074074","4.142956973145652E-4","0.5242718446601942","0.7","5","2","false","RASGEF1A","29.6","0","5","0","0","0","0","0.9831961591220851","false","0","RASGEF1A","6","0.5481481481481482"
"8","1.9230769230769231","0.0","0.52","1.0","2","2","false","IGHV3-9","21.5","0","2","0","0","0","0","0.9644970414201184","false","0","IGHV3-9","0","0.8269230769230769"
"1","1.8888888888888888","5.127646637080598E-4","0.5294117647058824","0.7333333333333333","6","2","false","CALHM2","27.833333333333332","0","6",,"0","0","0","0.9835390946502058","false","0","CALHM2","8","0.5154320987654321"
"1","1.962962962962963","0.0","0.5094339622641509","1.0","2","2","false","ZNF257","50.0","0","2","0","0","0","0","0.9821673525377229","false","0","ZNF257","0","0.9259259259259259"
"5","1.8461538461538463","0.002181233798880857","0.5416666666666666","0.6666666666666666","6","2","false","PDE7A","17.0","0","6",,"0","0","0","0.9771309771309771","false","0","PDE7A","34","0.4358974358974359"
"5","1.8717948717948718","0.0012976144942089215","0.5342465753424658","0.7","5","2","false","ZNF221","17.8","0","5","0","0","0","0","0.9764379764379765","false","0","ZNF221","28","0.4564102564102564"
"71","1.0","0.0","1.0","0.0","1","1","false","RTP3","1.0","0","1","0","0","0","0","1.0","false","0","RTP3","0","0.0"
"11","1.7619047619047619","0.0025000000000000005","0.5675675675675675","0.7","5","2","false","VGF","11.8","0","5","0","0","0","0","0.9637188208616779","false","0","VGF","6","0.5619047619047619"
"21","1.9","0.0","0.5263157894736842","0.0","1","2","false","FAM110C","10.0","0","1",,"0","0","0","0.9099999999999999","false","0","FAM110C","0","0.0"
"5","1.9487179487179487","0.0012070617720772521","0.5131578947368421","0.3333333333333333","3","3","false","OTUD1","20.333333333333332","0","3","0","0","0","0","0.9743589743589743","false","0","OTUD1","26","0.5405405405405406"
"19","1.5384615384615385","0.1752136752136752","0.6499999999999999","0.3333333333333333","6","2","false","PWWP3A","5.166666666666667","0","6",,"0","0","0","0.9551282051282052","false","0","PWWP3A","50","0.4166666666666667"
"4","1.5609756097560976","0.04579710144927536","0.640625","0.2679738562091503","18","2","false","PHC2","10.38888888888889","0","18","0","0","0","0","0.9852374839537869","false","0","PHC2","294","0.25338753387533874"
"2","1.7884615384615385","0.010643567091530892","0.5591397849462365","0.3090909090909091","11","2","false","TELO2","12.454545454545455","0","11",,"0","0","0","0.9842307692307692","false","0","TELO2","100","0.2395104895104895"
,"0.0","0.0","0.0","0.0","0","0","true","TPTE2","0.0","0","0","0","0","0","0","Infinity","false","0","TPTE2","0","0.0"
"5","1.8974358974358974","0.002338678693167857","0.5270270270270271","0.4","5","3","false","AADACL4","16.6","0","5",,"0","0","0","0.9757449757449758","false","0","AADACL4","36","0.44324324324324327"
"34","1.5","0.0","0.6666666666666666","1.0","2","2","false","ZNF382","3.0","0","2",,"0","0","0","0.875","false","0","ZNF382","0","0.75"
,"0.0","0.0","0.0","0.0","0","0","true","MECP2","0.0","0","0","0","0","0","0","Infinity","false","0","MECP2","0","0.0"
"4","1.5609756097560976","0.06819699035499671","0.640625","0.14619883040935672","19","3","false","CC2D1A","7.578947368421052","0","19","0","0","0","0","0.9852374839537869","false","0","CC2D1A","368","0.18947368421052632"
"4","1.9268292682926829","1.2195121951219512E-4","0.5189873417721519","0.8333333333333334","4","3","false","OR52D1","20.75","0","4","0","0","0","0","0.975609756097561","false","0","OR52D1","2","0.51875"
"1","1.9259259259259258","0.0","0.5192307692307693","1.0","4","2","false","CCNQ","35.75","0","4","0","0","0","0","0.9828532235939643","false","0","CCNQ","0","0.6620370370370371"
,"0.0","0.0","0.0","0.0","0","0","true","PODXL","0.0","0","0","0","0","0","0","Infinity","false","0","PODXL","0","0.0"
"1","1.9444444444444444","0.0","0.5142857142857143","1.0","3","2","false","KIAA0513","40.0","0","3","0",,"0","0","0.9825102880658436","false","0","KIAA0513","0","0.7407407407407407"
"74","1.0","0.0","1.0","0.0","1","1","false","SAA1","1.0","0","1","0",,"0","0","1.0","false","0","SAA1","0","0.0"
,"0.0","0.0","0.0","0.0","0","0","true","SART1","0.0","0","0",,"0","0","0","Infinity","false","0","SART1","0","0.0"
"60","1.0","0.0","1.0","0.0","1","1","false","ODAD1","1.0","0","1",,"0","0","0","1.0","false","0","ODAD1","0","0.0"
"5","1.8717948717948718","0.004689325122761655","0.5342465753424658","0.4","5","2","false","ZNF565","11.8","0","5","0","0","0","0","0.9764379764379765","false","0","ZNF565","24","0.30256410256410254"
,"0.0","0.0","0.0","0.0","0","0","true","CCDC183","0.0","0","0","0","0","0","0","Infinity","false","0","CCDC183","0","0.0"
,"0.0","0.0","0.0","0.0","0","0","true","KIF22","0.0","0","0","0","0","0","0","Infinity","false","0","KIF22","0","0.0"
"13","1.95","0.0","0.5128205128205129","0.0","1","2","false","OR14C36","20.0","0","1",,"0","0","0","0.9525","false","0","OR14C36","0","0.0"
"9","2.0","0.0","0.5","0.0","1","3","false","GOLGA6C","22.0","0","1","0",,"0","0","0.9545454545454546","false","0","GOLGA6C","0","0.0"
"5","1.8717948717948718","0.0011048248277350445","0.5342465753424658","0.8","5","2","false","IQCM","18.6","0","5","0","0","0","0","0.9764379764379765","false","0","IQCM","26","0.47692307692307695"
"31","1.6","0.0","0.625","1.0","2","2","false","RASEF","5.0","0","2","0","0","0","0","0.8800000000000001","false","0","RASEF","0","1.0"
,"0.0","0.0","0.0","0.0","0","0","true","ARID5B","0.0","0","0","0","0","0","0","Infinity","false","0","ARID5B","0","0.0"
,"0.0","0.0","0.0","0.0","0","0","true","DSG2","0.0","0","0","0","0","0","0","Infinity","false","0","DSG2","0","0.0"
"1","1.6296296296296295","0.029462925846573642","0.6136363636363636","0.29473684210526313","20","2","false","TRMT1","11.25","0","20","0","0","0","0","0.9883401920438958","false","0","TRMT1","268","0.20833333333333334"
"1","1.8518518518518519","0.002230375029117167","0.54","0.5357142857142857","8","2","false","AHRR","19.125","0","8","0","0","0","0","0.9842249657064471","false","0","AHRR","26","0.3541666666666667"
"4","2.0","0.0","0.5","1.0","2","3","false","OR51A2","31.0","0","2","0","0","0","0","0.9736842105263158","false","0","OR51A2","0","0.7948717948717948"
"3","1.934782608695652","0.0","0.5168539325842697","1.0","3","2","false","REEP4","21.666666666666668","0","3","0","0","0","0","0.979678638941399","false","0","REEP4","0","0.47101449275362317"
,"0.0","0.0","0.0","0.0","0","0","true","RAD54B","0.0","0","0",,"0","0","0","Infinity","false","0","RAD54B","0","0.0"
"34","1.75","0.0","0.5714285714285714","0.0","1","2","false","MYT1","4.0","0","1",,"0","0","0","0.8125","false","0","MYT1","0","0.0"
,"0.0","0.0","0.0","0.0","0","0","true","GID4","0.0","0","0","0","0","0","0","Infinity","false","0","GID4","0","0.0"
,"0.0","0.0","0.0","0.0","0","0","true","EPB41L5","0.0","0","0","0","0","0","0","Infinity","false","0","EPB41L5","0","0.0"
"65","1.0","0.0","1.0","0.0","1","1","false","ZNF829","1.0","0","1","0","0","0","0","1.0","false","0","ZNF829","0","0.0"
"12","1.7142857142857142","0.015079365079365078","0.5833333333333334","0.4666666666666667","6","2","false","ARMC2","8.166666666666666","0","6","0","0","0","0","0.9659863945578231","false","0","ARMC2","16","0.3888888888888889"
"3","1.9565217391304348","0.0","0.5111111111111111","1.0","2","2","false","ACOT4","27.5","0","2",,"0","0","0","0.9792060491493383","false","0","ACOT4","0","0.5978260869565217"
"7","1.9310344827586208","0.0","0.5178571428571428","1.0","2","2","false","HSP90AA2P","19.5","0","2",,"0","0","0","0.9678953626634959","false","0","HSP90AA2P","0","0.6724137931034483"
"29","1.6","0.0","0.625","1.0","2","2","false","TAF4B","3.5","0","2","0","0","0","0","0.8800000000000001","false","0","TAF4B","0","0.7"
"15","1.75","0.008333333333333333","0.5714285714285714","0.6666666666666666","4","2","false","","6.0","0","4","0","0","0","0","0.953125","false","0","","4","0.375"
,"0.0","0.0","0.0","0.0","0","0","true","ZNF165","0.0","0","0","0","0","0","0","Infinity","false","0","ZNF165","0","0.0"
"5","1.9230769230769231","0.0","0.52","1.0","3","2","false","UEVLD","20.333333333333332","0","3","0","0","0","0","0.9750519750519752","false","0","UEVLD","0","0.5213675213675214"
"2","1.9038461538461537","0.0013808087337499103","0.5252525252525253","0.6","6","3","false","CENPL","16.833333333333332","0","6","0","0","0","0","0.9819230769230769","false","0","CENPL","16","0.3300653594771242"
"18","1.6428571428571428","0.003663003663003663","0.6086956521739131","0.8","5","2","false","LIG1","10.0","0","5","0","0","0","0","0.9540816326530612","false","0","LIG1","4","0.7142857142857143"
"67","1.0","0.0","1.0","0.0","1","1","false","TNFAIP3","1.0","0","1","0","0","0","0","1.0","false","0","TNFAIP3","0","0.0"
"73","1.0","0.0","1.0","0.0","3","1","false","CSF1R","1.0","0","2","1","1","1","0","1.0","false","1","CSF1R","0","0.0"
"73","1.0","0.0","1.0","0.0","1","1","false","ABCC11","1.0","0","1",,"0","0","0","1.0","false","0","ABCC11","0","0.0"
"18","1.7857142857142858","0.0010989010989010991","0.5599999999999999","0.6666666666666666","3","2","false","PCCA","12.333333333333334","0","3","0","0","0","0","0.9438775510204082","false","0","PCCA","2","0.8809523809523809"
"20","1.8","0.0","0.5555555555555556","1.0","2","2","false","PROS1","6.5","0","2","0","0","0","0","0.9199999999999999","false","0","PROS1","0","0.65"
"2","1.9615384615384615","0.0","0.5098039215686275","1.0","2","2","false","FBXO47","29.5","0","2",,"0","0","0","0.9807692307692308","false","0","FBXO47","0","0.5673076923076923"
,"0.0","0.0","0.0","0.0","0","0","true","MRPS6","0.0","0","0","0","0","0","0","Infinity","false","0","MRPS6","0","0.0"
,"0.0","0.0","0.0","0.0","0","0","true","CKMT1B","0.0","0","0","0","0","0","0","Infinity","false","0","CKMT1B","0","0.0"
,"0.0","0.0","0.0","0.0","0","0","true","KCNA5","0.0","0","0","0","0","0","0","Infinity","false","0","KCNA5","0","0.0"
,"0.0","0.0","0.0","0.0","0","0","true","FBF1","0.0","0","0",,"0","0","0","Infinity","false","0","FBF1","0","0.0"
"3","1.934782608695652","3.22061191626409E-4","0.5168539325842697","0.6666666666666666","3","2","false","KIR3DL1","20.0","0","3",,"0","0","0","0.979678638941399","false","0","KIR3DL1","2","0.43478260869565216"
"12","1.9047619047619047","0.0","0.525","1.0","2","2","false","WEE2","16.5","0","2",,"0","0","0","0.9569160997732427","false","0","WEE2","0","0.7857142857142857"
"12","1.8571428571428572","0.0","0.5384615384615384","1.0","3","2","false","ZNF485","13.0","0","3","0","0","0","0","0.9591836734693877","false","0","ZNF485","0","0.6190476190476191"
"9","1.9130434782608696","3.293807641633728E-4","0.5227272727272727","0.6666666666666666","3","3","false","IGHV4-38-2","17.0","0","3","0",,"0","0","0.9584980237154149","false","0","IGHV4-38-2","2","0.7727272727272727"
,"0.0","0.0","0.0","0.0","0","0","true","MVD","0.0","0","0","0","0","0","0","Infinity","false","0","MVD","0","0.0"
,"0.0","0.0","0.0","0.0","0","0","true","TRIP10","0.0","0","0","0","0","0","0","Infinity","false","0","TRIP10","0","0.0"
"26","1.5714285714285714","0.0","0.6363636363636364","1.0","3","2","false","TTC39B","5.666666666666667","0","3","0","0","0","0","0.9183673469387755","false","0","TTC39B","0","0.8095238095238095"
"40","1.0","0.0","1.0","1.0","2","1","false","INPP5E","2.0","0","2","0","0","0","0","1.0","false","0","INPP5E","0","1.0"
"3","1.9565217391304348","0.0","0.5111111111111111","1.0","2","2","false","CFHR2","32.0","0","2",,"0","0","0","0.9792060491493383","false","0","CFHR2","0","0.6956521739130435"
"3","1.891304347826087","0.0021739130434782605","0.5287356321839081","0.4","5","2","false","UVSSA","14.4","0","5","0","0","0","0","0.9806238185255198","false","0","UVSSA","12","0.3130434782608696"
,"0.0","0.0","0.0","0.0","0","0","true","MRTFA","0.0","0","0","0","0","0","0","Infinity","false","0","MRTFA","0","0.0"
,"0.0","0.0","0.0","0.0","0","0","true","POC1B","0.0","0","0","0","0","0","0","Infinity","false","0","POC1B","0","0.0"
"15","1.9375","0.0","0.5161290322580645","0.0","1","2","false","SMTNL1","16.0","0","1","0",,"0","0","0.94140625","false","0","SMTNL1","0","0.0"
,"0.0","0.0","0.0","0.0","0","0","true","NEIL3","0.0","0","0","0","0","0","0","Infinity","false","0","NEIL3","0","0.0"
"9","1.8695652173913044","3.293807641633728E-4","0.5348837209302325","0.8333333333333334","4","3","false","MEIS3P2","14.5","0","4","0","0","0","0","0.9604743083003953","false","0","MEIS3P2","2","0.6590909090909091"
"6","1.894736842105263","8.297771455666192E-4","0.5277777777777778","0.6666666666666666","4","2","false","FOXI1","16.0","0","4","0","0","0","0","0.976454293628809","false","0","FOXI1","4","0.42105263157894735"
"4","2.0","0.0","0.5","1.0","2","3","false","KLF3","25.0","0","2","0","0","0","0","0.9736842105263158","false","0","KLF3","0","0.6410256410256411"
,"0.0","0.0","0.0","0.0","0","0","true","KRTAP8-1","0.0","0","0","0","0","0","0","Infinity","false","0","KRTAP8-1","0","0.0"
"2","1.8461538461538463","0.006724773466854914","0.5416666666666666","0.5357142857142857","8","2","false","ZNF570","11.5","0","8","0","0","0","0","0.9830769230769231","false","0","ZNF570","86","0.22115384615384615"
"27","1.7142857142857142","0.0","0.5833333333333334","1.0","2","2","false","TOM1L1","5.0","0","2","0",,"0","0","0.8979591836734694","false","0","TOM1L1","0","0.7142857142857143"
"8","1.8846153846153846","0.0010256410256410256","0.5306122448979592","0.6666666666666666","3","2","false","SYT14P1","11.666666666666666","0","3",,"0","0","0","0.9659763313609468","false","0","SYT14P1","2","0.44871794871794873"
"11","1.3333333333333333","0.11087868480725624","0.75","0.2857142857142857","14","2","false","BCL9","6.857142857142857","0","14","0","0","0","0","0.9841269841269842","false","0","BCL9","130","0.32653061224489793"
"3","1.9565217391304348","0.0","0.5111111111111111","1.0","2","2","false","TRIM38","24.5","0","2","0","0","0","0","0.9792060491493383","false","0","TRIM38","0","0.532608695652174"
"5","1.9487179487179487","2.699055330634278E-4","0.5131578947368421","0.6666666666666666","3","3","false","AMZ2","19.333333333333332","0","3",,"0","0","0","0.9743589743589743","false","0","AMZ2","2","0.5087719298245614"
"32","1.2","0.1","0.8333333333333334","0.5","4","2","false","KIAA1217","3.5","0","4","0","0","0","0","0.96","false","0","KIAA1217","6","0.7"
"72","1.0","0.0","1.0","0.0","1","1","false","C1QL1","1.0","0","1","0",,"0","0","1.0","false","0","C1QL1","0","0.0"
"5","1.6923076923076923","0.017831470501749137","0.5909090909090909","0.4393939393939394","12","2","false","ERICH6","10.416666666666666","0","12","0","0","0","0","0.9812889812889812","false","0","ERICH6","112","0.2670940170940171"
,"0.0","0.0","0.0","0.0","0","0","true","DLST","0.0","0","0","0","0","0","0","Infinity","false","0","DLST","0","0.0"
"26","1.7142857142857142","0.0","0.5833333333333334","1.0","2","2","false","DDIAS","6.5","0","2",,"0","0","0","0.8979591836734694","false","0","DDIAS","0","0.9285714285714286"
,"0.0","0.0","0.0","0.0","0","0","true","H2BC18","0.0","0","0","0","0","0","0","Infinity","false","0","H2BC18","0","0.0"
,"0.0","0.0","0.0","0.0","0","0","true","RTCB","0.0","0","0","0","0","0","0","Infinity","false","0","RTCB","0","0.0"
"6","1.894736842105263","3.5561877667140827E-4","0.5277777777777778","0.8333333333333334","4","2","false","BPIFC","22.25","0","4",,"0","0","0","0.976454293628809","false","0","BPIFC","2","0.5855263157894737"
,"0.0","0.0","0.0","0.0","0","0","true","PDPK1","0.0","0","0","0","0","0","0","Infinity","false","0","PDPK1","0","0.0"
"22","1.9","0.0","0.5263157894736842","0.0","1","2","false","PPFIA4","10.0","0","1","0",,"0","0","0.9099999999999999","false","0","PPFIA4","0","0.0"
"20","1.7","0.011111111111111112","0.5882352941176471","0.6666666666666666","3","2","false","PPP2R3C","5.666666666666667","0","3","0","0","0","0","0.93","false","0","PPP2R3C","2","0.5666666666666667"
"14","1.736842105263158","0.006237816764132553","0.5757575757575757","0.5","5","2","false","ESCO1","9.6","0","5","0","0","0","0","0.961218836565097","false","0","ESCO1","10","0.5052631578947369"
"24","1.75","0.0","0.5714285714285714","1.0","2","2","false","PAM","5.0","0","2","0","0","0","0","0.90625","false","0","PAM","0","0.625"
"2","1.8461538461538463","0.00479175644616821","0.5416666666666666","0.35714285714285715","8","2","false","KAZN","12.375","0","8","0","0","0","0","0.9830769230769231","false","0","KAZN","50","0.23798076923076922"
,"0.0","0.0","0.0","0.0","0","0","true","NAA11","0.0","0","0","0","0","0","0","Infinity","false","0","NAA11","0","0.0"
"6","1.868421052631579","1.016053647632595E-4","0.5352112676056338","0.9","5","2","false","MAPK11","22.8","0","5",,"0","0","0","0.9771468144044321","false","0","MAPK11","2","0.6"
"2","1.9230769230769231","0.001205039272651228","0.52","0.5","5","3","false","UBTFL6","22.2","0","5","0","0","0","0","0.9815384615384616","false","0","UBTFL6","40","0.43529411764705883"
"7","1.6896551724137931","0.013300492610837435","0.5918367346938775","0.4444444444444444","9","2","false","PLA2G2D","10.555555555555555","0","9","0","0","0","0","0.976218787158145","false","0","PLA2G2D","40","0.36398467432950193"
"1","1.962962962962963","0.0","0.5094339622641509","1.0","2","2","false","PAH","50.0","0","2","0",,"0","0","0.9821673525377229","false","0","PAH","0","0.9259259259259259"
,"0.0","0.0","0.0","0.0","0","0","true","UNC45A","0.0","0","0","0","0","0","0","Infinity","false","0","UNC45A","0","0.0"
"13","1.9","0.0","0.5263157894736842","1.0","2","2","false","PJVK","12.5","0","2","0","0","0","0","0.9550000000000001","false","0","PJVK","0","0.625"
"59","1.0","0.0","1.0","0.0","1","1","false","CARD8","1.0","0","1",,"0","0","0","1.0","false","0","CARD8","0","0.0"
"6","1.9210526315789473","0.0","0.5205479452054794","1.0","3","2","false","GAL3ST3","28.333333333333332","0","3",,"0","0","0","0.9757617728531857","false","0","GAL3ST3","0","0.7456140350877193"
"7","1.4137931034482758","0.10634529673938542","0.7073170731707318","0.18382352941176472","17","2","false","ATXN7L1","6.882352941176471","0","17","0","0","0","0","0.985731272294887","false","0","ATXN7L1","222","0.23732251521298176"
,"0.0","0.0","0.0","0.0","0","0","true","PDIA3","0.0","0","0","0","0","0","0","Infinity","false","0","PDIA3","0","0.0"
"2","1.9038461538461537","0.0010388474397927284","0.5252525252525253","0.4","5","2","false","LPCAT1","23.2","0","5",,"0","0","0","0.9819230769230769","false","0","LPCAT1","40","0.4461538461538462"
"2","1.8653846153846154","0.004843478266482378","0.5360824742268041","0.39285714285714285","8","3","false","KCNK10","15.875","0","8","0","0","0","0","0.9826923076923078","false","0","KCNK10","60","0.3112745098039216"
"1","1.7222222222222223","0.011964919931376957","0.5806451612903225","0.42857142857142855","15","2","false","NKAIN1","15.533333333333333","0","15","0","0","0","0","0.9866255144032922","false","0","NKAIN1","120","0.2876543209876543"
"22","1.7","0.0","0.5882352941176471","1.0","3","2","false","USP35","6.666666666666667","0","3",,"0","0","0","0.93","false","0","USP35","0","0.6666666666666666"
"3","1.934782608695652","0.0","0.5168539325842697","1.0","3","2","false","DOK5","26.0","0","3","0","0","0","0","0.979678638941399","false","0","DOK5","0","0.5652173913043478"
"28","1.7142857142857142","0.0","0.5833333333333334","1.0","2","2","false","ZNF175","4.5","0","2",,"0","0","0","0.8979591836734694","false","0","ZNF175","0","0.6428571428571429"
"28","1.8571428571428572","0.0","0.5384615384615384","0.0","1","2","false","ANKRD20A8P","7.0","0","1",,"0","0","0","0.8775510204081632","false","0","ANKRD20A8P","0","0.0"
"3","1.9782608695652173","0.0","0.5054945054945055","0.0","1","2","false","ACTL6B","46.0","0","1","0","0","0","0","0.9787334593572778","false","0","ACTL6B","0","0.0"
,"0.0","0.0","0.0","0.0","0","0","true","CGAS","0.0","0","0","0","0","0","0","Infinity","false","0","CGAS","0","0.0"
,"0.0","0.0","0.0","0.0","0","0","true","CEACAM6","0.0","0","0","0","0","0","0","Infinity","false","0","CEACAM6","0","0.0"
"2","1.9423076923076923","5.071283418971598E-4","0.5148514851485149","0.5","4","3","false","UBTFL1","27.5","0","4","0","0","0","0","0.9811538461538462","false","0","UBTFL1","32","0.545"
"36","1.6666666666666667","0.0","0.6","0.0","1","2","false","CNTF","3.0","0","1","0","0","0","0","0.7777777777777777","false","0","CNTF","0","0.0"
"6","1.763157894736842","0.002604484183431552","0.5671641791044776","0.7222222222222222","9","2","false","FAM20A","15.777777777777779","0","9","0","0","0","0","0.9799168975069252","false","0","FAM20A","20","0.4152046783625731"
,"0.0","0.0","0.0","0.0","0","0","true","NCOR2","0.0","0","0","0","0","0","0","Infinity","false","0","NCOR2","0","0.0"
"13","1.95","0.0","0.5128205128205129","0.0","1","2","false","OR7G2","20.0","0","1",,"0","0","0","0.9525","false","0","OR7G2","0","0.0"
,"0.0","0.0","0.0","0.0","0","0","true","RTN1","0.0","0","0",,"0","0","0","Infinity","false","0","RTN1","0","0.0"
"5","1.9230769230769231","3.4487929224771326E-4","0.52","0.6666666666666666","3","2","false","NOSTRIN","18.0","0","3",,"0","0","0","0.9750519750519752","false","0","NOSTRIN","4","0.46153846153846156"
,"0.0","0.0","0.0","0.0","0","0","true","TYROBP","0.0","0","0","0","0","0","0","Infinity","false","0","TYROBP","0","0.0"
,"0.0","0.0","0.0","0.0","0","0","true","C1orf43","0.0","0","0","0","0","0","0","Infinity","false","0","C1orf43","0","0.0"
"23","1.7777777777777777","0.0","0.5625","1.0","2","2","false","DYNLRB2","6.5","0","2","0","0","0","0","0.9135802469135802","false","0","DYNLRB2","0","0.7222222222222222"
"27","1.7142857142857142","0.0","0.5833333333333334","1.0","2","2","false","WDR45B","5.5","0","2","0","0","0","0","0.8979591836734694","false","0","WDR45B","0","0.7857142857142857"
"3","1.9565217391304348","0.0","0.5111111111111111","1.0","2","2","false","TRNT1","25.5","0","2","0","0","0","0","0.9792060491493383","false","0","TRNT1","0","0.5543478260869565"
"24","1.875","0.0","0.5333333333333333","0.0","1","2","false","CLCN6","8.0","0","1",,"0","0","0","0.890625","false","0","CLCN6","0","0.0"
"1","1.9444444444444444","0.0","0.5142857142857143","1.0","3","2","false","HDHD5","40.0","0","3",,"0","0","0","0.9825102880658436","false","0","HDHD5","0","0.7407407407407407"
"5","1.6666666666666667","0.020510678405415247","0.6","0.3333333333333333","13","2","false","ARHGAP44","9.692307692307692","0","13","0","0","0","0","0.981981981981982","false","0","ARHGAP44","124","0.2485207100591716"
"19","1.9230769230769231","0.0","0.52","1.0","2","3","false","ICE2","9.0","0","2","0","0","0","0","0.923076923076923","false","0","ICE2","0","0.75"
,"0.0","0.0","0.0","0.0","0","0","true","RPAP2","0.0","0","0","0","0","0","0","Infinity","false","0","RPAP2","0","0.0"
"4","1.8780487804878048","0.0015650406504065042","0.5324675324675325","0.6","6","3","false","ZNF547","17.333333333333332","0","6","0","0","0","0","0.9768934531450578","false","0","ZNF547","12","0.43333333333333335"
"9","1.6521739130434783","0.013118765292678336","0.6052631578947368","0.6071428571428571","8","2","false","RPUSD1","10.375","0","8","0","0","0","0","0.9703557312252965","false","0","RPUSD1","26","0.45108695652173914"
"7","1.8620689655172413","0.0015833919774806474","0.5370370370370371","0.5","4","2","false","TCP11L2","12.5","0","4",,"0","0","0","0.9702734839476813","false","0","TCP11L2","6","0.43103448275862066"
"6","1.236842105263158","0.18515545620808774","0.8085106382978723","0.1921182266009852","29","2","false","STOX2","7.0","0","29","0","0","0","0","0.9937673130193906","false","0","STOX2","656","0.18421052631578946"
,"0.0","0.0","0.0","0.0","0","0","true","SLC35B4","0.0","0","0","0","0","0","0","Infinity","false","0","SLC35B4","0","0.0"
"1","1.9259259259259258","1.6335865392469166E-4","0.5192307692307693","0.6666666666666666","4","2","false","DAPP1","28.75","0","4",,"0","0","0","0.9828532235939643","false","0","DAPP1","4","0.5324074074074074"
,"0.0","0.0","0.0","0.0","0","0","true","ZSWIM7","0.0","0","0",,"0","0","0","Infinity","false","0","ZSWIM7","0","0.0"
"1","1.9259259259259258","9.983028850953378E-5","0.5192307692307693","0.8333333333333334","4","2","false","RCOR2","35.25","0","4","0","0","0","0","0.9828532235939643","false","0","RCOR2","2","0.6527777777777778"
,"0.0","0.0","0.0","0.0","0","0","true","RAB11FIP2","0.0","0","0","0","0","0","0","Infinity","false","0","RAB11FIP2","0","0.0"
,"0.0","0.0","0.0","0.0","0","0","true","PHF10","0.0","0","0","0","0","0","0","Infinity","false","0","PHF10","0","0.0"
"7","1.8620689655172413","7.623739150832747E-4","0.5370370370370371","0.6666666666666666","4","2","false","HLA-DRB3","15.75","0","4",,"0","0","0","0.9702734839476813","false","0","HLA-DRB3","4","0.5431034482758621"
,"0.0","0.0","0.0","0.0","0","0","true","GSTP1","0.0","0","0","0","0","0","0","Infinity","false","0","GSTP1","0","0.0"
"71","1.0","0.0","1.0","0.0","1","1","false","ELAVL2","1.0","0","1","0","0","0","0","1.0","false","0","ELAVL2","0","0.0"
"23","1.5555555555555556","0.041666666666666664","0.6428571428571428","0.5","4","2","false","SREK1","3.75","0","4","0","0","0","0","0.9382716049382717","false","0","SREK1","6","0.4166666666666667"
,"0.0","0.0","0.0","0.0","0","0","true","DNAJA2","0.0","0","0","0",,"0","0","Infinity","false","0","DNAJA2","0","0.0"
"2","1.9615384615384615","3.9939294004411095E-4","0.5098039215686275","0.3333333333333333","3","3","false","FCN2","33.0","0","3","0","0","0","0","0.9807692307692308","false","0","FCN2","30","0.6533333333333333"
"3","1.934782608695652","4.830917874396135E-4","0.5168539325842697","0.6666666666666666","3","2","false","SLC9A8","17.666666666666668","0","3",,"0","0","0","0.979678638941399","false","0","SLC9A8","2","0.38405797101449274"
,"0.0","0.0","0.0","0.0","0","0","true","BMP4","0.0","0","0","0","0","0","0","Infinity","false","0","BMP4","0","0.0"
"37","1.3333333333333333","0.0","0.75","1.0","2","2","false","GCGR","3.0","0","2","0","0","0","0","0.888888888888889","false","0","GCGR","0","1.0"
"11","1.8095238095238095","0.005952380952380953","0.5526315789473684","0.5","4","2","false","DSPP","9.5","0","4","0",,"0","0","0.9614512471655329","false","0","DSPP","6","0.4523809523809524"
"23","1.7777777777777777","0.0","0.5625","1.0","2","2","false","TAC3","6.5","0","2","0","0","0","0","0.9135802469135802","false","0","TAC3","0","0.7222222222222222"
"4","2.048780487804878","0.0","0.4880952380952381","0.0","1","3","false","TSSK6","38.0","0","1","0",,"0","0","0.9724005134788191","false","0","TSSK6","0","0.0"
"6","1.894736842105263","2.844950213371266E-4","0.5277777777777778","0.8333333333333334","4","2","false","CARF","20.5","0","4",,"0","0","0","0.976454293628809","false","0","CARF","2","0.5394736842105263"
,"0.0","0.0","0.0","0.0","0","0","true","NEDD1","0.0","0","0","0","0","0","0","Infinity","false","0","NEDD1","0","0.0"
"4","1.8780487804878048","0.004645760743321719","0.5324675324675325","0.4666666666666667","6","3","false","TFAP2A","13.833333333333334","0","6","0","0","0","0","0.9768934531450578","false","0","TFAP2A","26","0.3458333333333333"
"16","1.5333333333333334","0.06507936507936507","0.6521739130434783","0.3333333333333333","7","2","false","SLC48A1","4.714285714285714","0","7","0","0","0","0","0.9644444444444444","false","0","SLC48A1","28","0.3142857142857143"
"26","1.7142857142857142","0.0","0.5833333333333334","1.0","2","2","false","ACOX3","6.5","0","2","0",,"0","0","0.8979591836734694","false","0","ACOX3","0","0.9285714285714286"
"5","2.0256410256410255","0.0","0.4936708860759494","0.0","1","3","false","PTGER1","37.0","0","1",,"0","0","0","0.9722799722799724","false","0","PTGER1","0","0.0"
"14","1.894736842105263","0.0","0.5277777777777778","1.0","2","2","false","TRIT1","14.0","0","2","0","0","0","0","0.9529085872576177","false","0","TRIT1","0","0.7368421052631579"
"4","1.4146341463414633","0.10314753446447505","0.706896551724138","0.22826086956521738","24","2","false","FILIP1","8.875","0","24","0","0","0","0","0.9890885750962773","false","0","FILIP1","510","0.21646341463414634"
"2","1.9423076923076923","7.541478129713424E-4","0.5148514851485149","0.6666666666666666","4","3","false","DAW1","21.75","0","4","0","0","0","0","0.9811538461538462","false","0","DAW1","4","0.4264705882352941"
"18","1.2857142857142858","0.0794871794871795","0.7777777777777777","0.4222222222222222","10","2","false","ZNF638","7.0","0","10","0","0","0","0","0.9795918367346939","false","0","ZNF638","52","0.5"
"12","1.9047619047619047","0.0","0.525","1.0","2","2","false","CUX1","13.0","0","2","0","0","0","0","0.9569160997732427","false","0","CUX1","0","0.6190476190476191"
,"0.0","0.0","0.0","0.0","0","0","true","CCDC71","0.0","0","0","0",,"0","0","Infinity","false","0","CCDC71","0","0.0"
"8","1.8846153846153846","4.3956043956043956E-4","0.5306122448979592","0.6666666666666666","3","2","false","ARHGAP11B","17.0","0","3","0","0","0","0","0.9659763313609468","false","0","ARHGAP11B","2","0.6538461538461539"
"6","1.9473684210526316","0.0","0.5135135135135135","1.0","2","2","false","PDGFD","33.5","0","2","0","0","0","0","0.9750692520775623","false","0","PDGFD","0","0.881578947368421"
"17","1.6666666666666667","0.00272108843537415","0.6","0.8","5","2","false","ZNF358","10.0","0","5","0","0","0","0","0.9555555555555556","false","0","ZNF358","4","0.6666666666666666"
,"0.0","0.0","0.0","0.0","0","0","true","RSBN1","0.0","0","0","0","0","0","0","Infinity","false","0","RSBN1","0","0.0"
"10","1.7272727272727273","0.0030303030303030303","0.5789473684210527","0.8","6","2","false","NXPH1","13.166666666666666","0","6","0","0","0","0","0.9669421487603306","false","0","NXPH1","6","0.5984848484848485"
,"0.0","0.0","0.0","0.0","0","0","true","FAM83H","0.0","0","0","0","0","0","0","Infinity","false","0","FAM83H","0","0.0"
"62","1.0","0.0","1.0","0.0","1","1","false","INTS5","1.0","0","1","0","0","0","0","1.0","false","0","INTS5","0","0.0"
"14","1.5263157894736843","0.036354775828460036","0.6551724137931034","0.4722222222222222","9","2","false","EDDM3A","8.444444444444445","0","9","0","0","0","0","0.9722991689750692","false","0","EDDM3A","38","0.4444444444444444"
"13","1.95","0.0","0.5128205128205129","0.0","1","2","false","OR7A2P","20.0","0","1",,"0","0","0","0.9525","false","0","OR7A2P","0","0.0"
"19","1.6923076923076923","0.024358974358974356","0.5909090909090909","0.5","4","2","false","FANCI","6.5","0","4","0","0","0","0","0.9423076923076924","false","0","FANCI","10","0.5"
"4","1.853658536585366","0.0013667350676894686","0.5394736842105263","0.6666666666666666","6","2","false","OR2A7","21.166666666666668","0","6","0","0","0","0","0.9775353016688062","false","0","OR2A7","24","0.516260162601626"
"6","1.894736842105263","0.0","0.5277777777777778","1.0","4","2","false","MKRN4P","24.5","0","4",,"0","0","0","0.976454293628809","false","0","MKRN4P","0","0.6447368421052632"
"27","1.4285714285714286","0.07142857142857142","0.7","0.5","4","2","false","ZNF839","3.5","0","4","0","0","0","0","0.9387755102040816","false","0","ZNF839","6","0.5"
,"0.0","0.0","0.0","0.0","0","0","true","DEFB4B","0.0","0","0","0",,"0","0","Infinity","false","0","DEFB4B","0","0.0"
"2","1.9038461538461537","0.0010933430104359345","0.5252525252525253","0.6","5","2","false","SULT1C3","19.8","0","5",,"0","0","0","0.9819230769230769","false","0","SULT1C3","34","0.38076923076923075"
,"0.0","0.0","0.0","0.0","0","0","true","SCML1","0.0","0","0",,"0","0","0","Infinity","false","0","SCML1","0","0.0"
,"0.0","0.0","0.0","0.0","0","0","true","NRG1","0.0","0","0","0","0","0","0","Infinity","false","0","NRG1","0","0.0"
"8","1.8846153846153846","0.0","0.5306122448979592","1.0","3","2","false","FAM237B","16.333333333333332","0","3","0","0","0","0","0.9659763313609468","false","0","FAM237B","0","0.6282051282051282"
,"0.0","0.0","0.0","0.0","0","0","true","PAK4","0.0","0","0","0","0","0","0","Infinity","false","0","PAK4","0","0.0"
"49","1.0","0.0","1.0","0.0","1","1","false","PDX1","1.0","0","1","0","0","0","0","1.0","false","0","PDX1","0","0.0"
"2","2.019230769230769","0.0","0.49523809523809526","0.0","1","3","false","MFSD10","50.0","0","1","0","0","0","0","0.9796153846153847","false","0","MFSD10","0","0.0"
"4","1.951219512195122","7.520325203252033E-4","0.5125000000000001","0.5","4","3","false","OR10H4","21.75","0","4","0","0","0","0","0.9749679075738126","false","0","OR10H4","6","0.5576923076923077"
"4","2.4146341463414633","0.0","0.41414141414141414","1.0","2","3","false","OR6C2","14.5","0","2","0","0","0","0","0.962772785622593","false","0","OR6C2","0","0.6590909090909091"
,"0.0","0.0","0.0","0.0","0","0","true","TP63","0.0","0","0","0","0","0","0","Infinity","false","0","TP63","0","0.0"
"2","1.75","0.07404844401450734","0.5714285714285714","0.03557312252964427","23","3","false","CROCC2","5.173913043478261","0","23","0","0","0","0","0.985","false","0","CROCC2","584","0.1480978260869565"
"4","1.951219512195122","2.235772357723577E-4","0.5125000000000001","0.6666666666666666","4","3","false","CALB2","24.75","0","4","0","0","0","0","0.9749679075738126","false","0","CALB2","4","0.6346153846153846"
"12","1.619047619047619","0.03571428571428572","0.6176470588235294","0.39285714285714285","8","2","false","C6orf118","7.0","0","8","0","0","0","0","0.9705215419501133","false","0","C6orf118","34","0.3333333333333333"
"27","1.7142857142857142","0.0","0.5833333333333334","1.0","2","2","false","DMRTA2","5.5","0","2",,"0","0","0","0.8979591836734694","false","0","DMRTA2","0","0.7857142857142857"
,"0.0","0.0","0.0","0.0","0","0","true","GTF2A1","0.0","0","0","0",,"0","0","Infinity","false","0","GTF2A1","0","0.0"
"4","1.8048780487804879","0.006963776914731313","0.5540540540540541","0.35714285714285715","8","2","false","FAM166C","16.5","0","8","0",,"0","0","0.978818998716303","false","0","FAM166C","104","0.4024390243902439"
"7","1.6206896551724137","0.02329931972789116","0.6170212765957447","0.3090909090909091","11","2","false","DNAAF1","9.090909090909092","0","11",,"0","0","0","0.9785969084423306","false","0","DNAAF1","76","0.31347962382445144"
,"0.0","0.0","0.0","0.0","0","0","true","FN1","0.0","0","0","1","1","1","0","Infinity","false","0","FN1","0","0.0"
"22","1.7","0.007407407407407408","0.5882352941176471","0.6666666666666666","3","2","false","STON1","6.0","0","3",,"0","0","0","0.93","false","0","STON1","2","0.6"
"3","1.9782608695652173","0.0","0.5054945054945055","0.0","1","2","false","CTRB1","46.0","0","1",,"0","0","0","0.9787334593572778","false","0","CTRB1","0","0.0"
"40","1.0","0.0","1.0","1.0","2","1","false","CGN","2.0","0","2","0","0","0","0","1.0","false","0","CGN","0","1.0"
"16","1.8666666666666667","0.0","0.5357142857142857","1.0","2","2","false","CDY1B","12.5","0","2",,"0","0","0","0.9422222222222222","false","0","CDY1B","0","0.8333333333333334"
,"0.0","0.0","0.0","0.0","0","0","true","FAM234A","0.0","0","0","0","0","0","0","Infinity","false","0","FAM234A","0","0.0"
,"0.0","0.0","0.0","0.0","0","0","true","TBCE","0.0","0","0",,"0","0","0","Infinity","false","0","TBCE","0","0.0"
"14","1.5789473684210527","0.008674463937621833","0.6333333333333333","0.7142857142857143","8","2","false","CFAP100","10.25","0","8","0","0","0","0","0.9695290858725762","false","0","CFAP100","16","0.5394736842105263"
"13","1.85","0.002631578947368421","0.5405405405405405","0.6666666666666666","3","2","false","RNF13","9.0","0","3","0","0","0","0","0.9574999999999999","false","0","RNF13","2","0.45"
"21","1.9","0.0","0.5263157894736842","0.0","1","2","false","GSX2","10.0","0","1",,"0","0","0","0.9099999999999999","false","0","GSX2","0","0.0"
"70","1.0","0.0","1.0","0.0","1","1","false","CEP57L1","1.0","0","1","0","0","0","0","1.0","false","0","CEP57L1","0","0.0"
"10","1.7272727272727273","0.003391053391053391","0.5789473684210527","0.7333333333333333","6","2","false","ZMYM5","12.5","0","6","0","0","0","0","0.9669421487603306","false","0","ZMYM5","8","0.5681818181818182"
"8","1.9615384615384615","0.0","0.5098039215686275","0.0","1","2","false","IGLV1-50","26.0","0","1","0",,"0","0","0.96301775147929","false","0","IGLV1-50","0","0.0"
"7","1.7586206896551724","0.00302017358667605","0.5686274509803921","0.6190476190476191","7","2","false","SCN3B","13.285714285714286","0","7","0","0","0","0","0.9738406658739597","false","0","SCN3B","16","0.458128078817734"
"28","1.7142857142857142","0.0","0.5833333333333334","1.0","2","2","false","ANKRD20A2P","4.5","0","2",,"0","0","0","0.8979591836734694","false","0","ANKRD20A2P","0","0.6428571428571429"
,"0.0","0.0","0.0","0.0","0","0","true","TPX2","0.0","0","0",,"0","0","0","Infinity","false","0","TPX2","0","0.0"
"53","1.0","0.0","1.0","0.0","1","1","false","WNT1","1.0","0","1","0","0","0","0","1.0","false","0","WNT1","0","0.0"
"1","1.9259259259259258","1.397624039133473E-4","0.5192307692307693","0.8333333333333334","4","2","false","CYP26B1","31.75","0","4",,"0","0","0","0.9828532235939643","false","0","CYP26B1","2","0.5879629629629629"
"30","1.0","1.0","1.0","0.0","5","1","false","SRRM2","1.0","0","5","0","0","0","0","1.0","false","0","SRRM2","20","0.0"
,"0.0","0.0","0.0","0.0","0","0","true","PRPF19","0.0","0","0","0","0","0","0","Infinity","false","0","PRPF19","0","0.0"
,"0.0","0.0","0.0","0.0","0","0","true","ABCB9","0.0","0","0","0","0","0","0","Infinity","false","0","ABCB9","0","0.0"
"16","1.6","0.030158730158730156","0.625","0.5333333333333333","6","2","false","REELD1","6.833333333333333","0","6","0",,"0","0","0.9600000000000001","false","0","REELD1","14","0.45555555555555555"
,"0.0","0.0","0.0","0.0","0","0","true","N4BP2L2","0.0","0","0","0","0","0","0","Infinity","false","0","N4BP2L2","0","0.0"
,"0.0","0.0","0.0","0.0","0","0","true","DAZAP2","0.0","0","0","0","0","0","0","Infinity","false","0","DAZAP2","0","0.0"
"13","1.95","0.0","0.5128205128205129","0.0","1","2","false","SCRT2","20.0","0","1",,"0","0","0","0.9525","false","0","SCRT2","0","0.0"
"9","1.6956521739130435","0.020355731225296436","0.5897435897435898","0.35714285714285715","8","3","false","GOLGA6B","8.0","0","8","0","0","0","0","0.9683794466403163","false","0","GOLGA6B","36","0.36363636363636365"
,"0.0","0.0","0.0","0.0","0","0","true","ST6GALNAC6","0.0","0","0","0","0","0","0","Infinity","false","0","ST6GALNAC6","0","0.0"
"14","1.6842105263157894","0.003216374269005848","0.59375","0.8","6","2","false","KCNA7","11.5","0","6","0","0","0","0","0.9639889196675901","false","0","KCNA7","6","0.6052631578947368"
"8","1.8461538461538463","0.001978021978021978","0.5416666666666666","0.6666666666666666","4","2","false","TRAV6","14.25","0","4","0","0","0","0","0.9674556213017751","false","0","TRAV6","4","0.5480769230769231"
"1","1.8703703703703705","0.002352667132541346","0.5346534653465346","0.47619047619047616","7","2","false","MARCHF7","17.857142857142858","0","7","0","0","0","0","0.9838820301783264","false","0","MARCHF7","22","0.3306878306878307"
"14","1.263157894736842","0.11861598440545808","0.7916666666666667","0.3516483516483517","14","2","false","TMF1","7.142857142857143","0","14","0","0","0","0","0.9861495844875346","false","0","TMF1","118","0.37593984962406013"
"12","1.9523809523809523","0.0","0.5121951219512195","0.0","1","2","false","ALX4","21.0","0","1",,"0","0","0","0.9546485260770975","false","0","ALX4","0","0.0"
"10","1.0","0.30649866007008864","1.0","0.26406926406926406","22","1","false","TPR","6.545454545454546","0","22","0",,"0","0","1.0","false","0","TPR","340","0.2975206611570248"
,"0.0","0.0","0.0","0.0","0","0","true","HNRNPDL","0.0","0","0","0","0","0","0","Infinity","false","0","HNRNPDL","0","0.0"
"46","1.0","0.0","1.0","0.0","1","1","false","TRPC4AP","1.0","0","1","0","0","0","0","1.0","false","0","TRPC4AP","0","0.0"
"8","1.9615384615384615","0.0","0.5098039215686275","0.0","1","2","false","IGHV1-69D","26.0","0","1","0","0","0","0","0.96301775147929","false","0","IGHV1-69D","0","0.0"
,"0.0","0.0","0.0","0.0","0","0","true","TRMU","0.0","0","0","0","0","0","0","Infinity","false","0","TRMU","0","0.0"
,"0.0","0.0","0.0","0.0","0","0","true","WNT7A","0.0","0","0","0","0","0","0","Infinity","false","0","WNT7A","0","0.0"
,"0.0","0.0","0.0","0.0","0","0","true","CSGALNACT2","0.0","0","0","0","0","0","0","Infinity","false","0","CSGALNACT2","0","0.0"
"69","1.0","0.0","1.0","0.0","1","1","false","NOCT","1.0","0","1","0","0","0","0","1.0","false","0","NOCT","0","0.0"
"38","1.5","0.0","0.6666666666666666","0.0","1","2","false","CLEC4M","2.0","0","1","0","0","0","0","0.75","false","0","CLEC4M","0","0.0"
"1","1.8518518518518519","0.0013055835382879406","0.54","0.6785714285714286","8","2","false","ZNF449","24.75","0","8",,"0","0","0","0.9842249657064471","false","0","ZNF449","18","0.4583333333333333"
"11","1.7619047619047619","0.004965986394557824","0.5675675675675675","0.6","5","2","false","ATMIN","10.6","0","5","0","0","0","0","0.9637188208616779","false","0","ATMIN","8","0.5047619047619047"
,"0.0","0.0","0.0","0.0","0","0","true","FAM219B","0.0","0","0","0","0","0","0","Infinity","false","0","FAM219B","0","0.0"
"15","1.9375","0.0","0.5161290322580645","0.0","1","2","false","IGKV3D-11","16.0","0","1","0","0","0","0","0.94140625","false","0","IGKV3D-11","0","0.0"
,"0.0","0.0","0.0","0.0","0","0","true","ZNF48","0.0","0","0","0","0","0","0","Infinity","false","0","ZNF48","0","0.0"
"25","1.75","0.0","0.5714285714285714","1.0","2","2","false","CERS4","5.5","0","2","0","0","0","0","0.90625","false","0","CERS4","0","0.6875"
"2","1.9615384615384615","0.0","0.5098039215686275","1.0","3","3","false","CCNE2","27.0","0","3","0","0","0","0","0.9807692307692308","false","0","CCNE2","0","0.5294117647058824"
"68","1.0","0.0","1.0","0.0","1","1","false","PRKCSH","1.0","0","1","0","0","0","0","1.0","false","0","PRKCSH","0","0.0"
,"0.0","0.0","0.0","0.0","0","0","true","SLC25A13","0.0","0","0","0","0","0","0","Infinity","false","0","SLC25A13","0","0.0"
,"0.0","0.0","0.0","0.0","0","0","true","RPL3","0.0","0","0","0","0","0","0","Infinity","false","0","RPL3","0","0.0"
,"0.0","0.0","0.0","0.0","0","0","true","PPP1R8","0.0","0","0",,"0","0","0","Infinity","false","0","PPP1R8","0","0.0"
"9","1.8695652173913044","5.64652738565782E-4","0.5348837209302325","0.8333333333333334","4","3","false","IZUMO1","12.75","0","4",,"0","0","0","0.9604743083003953","false","0","IZUMO1","2","0.5795454545454546"
"34","1.5","0.0","0.6666666666666666","1.0","2","2","false","ZNF716","3.0","0","2","0",,"0","0","0.875","false","0","ZNF716","0","0.75"
"19","2.4615384615384617","0.0","0.40625","0.0","1","3","false","KLK1","6.0","0","1","0","0","0","0","0.8782051282051282","false","0","KLK1","0","0.0"
"4","1.951219512195122","0.0","0.5125000000000001","1.0","3","3","false","GCA","21.0","0","3","0","0","0","0","0.9749679075738126","false","0","GCA","0","0.525"
"3","1.9782608695652173","0.0","0.5054945054945055","0.0","1","2","false","RNF225","46.0","0","1","0",,"0","0","0.9787334593572778","false","0","RNF225","0","0.0"
"4","1.9268292682926829","3.724183204564965E-4","0.5189873417721519","0.6666666666666666","3","2","false","MITD1","26.0","0","3","0","0","0","0","0.975609756097561","false","0","MITD1","10","0.6341463414634146"
,"0.0","0.0","0.0","0.0","0","0","true","ALDH18A1","0.0","0","0",,"0","0","0","Infinity","false","0","ALDH18A1","0","0.0"
"10","1.7727272727272727","9.018759018759018E-4","0.5641025641025641","0.8","5","2","false","ATP2C2","15.2","0","5","0","0","0","0","0.9648760330578512","false","0","ATP2C2","4","0.6909090909090909"
"14","1.736842105263158","0.0024366471734892786","0.5757575757575757","0.8","5","2","false","TRAPPC14","11.8","0","5","0","0","0","0","0.961218836565097","false","0","TRAPPC14","4","0.6210526315789474"
"67","1.0","0.0","1.0","0.0","1","1","false","ALDH9A1","1.0","0","1","0","0","0","0","1.0","false","0","ALDH9A1","0","0.0"
"7","1.793103448275862","0.006509500351864882","0.5576923076923077","0.4666666666666667","6","2","false","OR56A4","12.666666666666666","0","6",,"0","0","0","0.9726516052318669","false","0","OR56A4","16","0.4367816091954023"
"8","1.8461538461538463","0.0020512820512820513","0.5416666666666666","0.6666666666666666","4","2","false","PDCL2","13.0","0","4",,"0","0","0","0.9674556213017751","false","0","PDCL2","4","0.5"
"15","1.875","0.0","0.5333333333333333","1.0","2","2","false","CCDC166","9.0","0","2","0","0","0","0","0.9453125","false","0","CCDC166","0","0.5625"
"3","1.9782608695652173","0.0","0.5054945054945055","0.0","1","2","false","SP7","46.0","0","1",,"0","0","0","0.9787334593572778","false","0","SP7","0","0.0"
"2","1.8846153846153846","0.004353136956504391","0.5306122448979592","0.38095238095238093","7","3","false","RGR","15.0","0","7","0","0","0","0","0.9823076923076922","false","0","RGR","48","0.29411764705882354"
,"0.0","0.0","0.0","0.0","0","0","true","CORO1C","0.0","0","0","0","0","0","0","Infinity","false","0","CORO1C","0","0.0"
,"0.0","0.0","0.0","0.0","0","0","true","ABI1","0.0","0","0","0","0","0","0","Infinity","false","0","ABI1","0","0.0"
,"0.0","0.0","0.0","0.0","0","0","true","GTF2F1","0.0","0","0","0","0","0","0","Infinity","false","0","GTF2F1","0","0.0"
"7","1.9310344827586208","0.0","0.5178571428571428","1.0","2","2","false","NKX6-3","23.0","0","2","0","0","0","0","0.9678953626634959","false","0","NKX6-3","0","0.7931034482758621"
"11","1.8095238095238095","0.001388888888888889","0.5526315789473684","0.6666666666666666","4","2","false","RTL5","13.5","0","4","0","0","0","0","0.9614512471655329","false","0","RTL5","4","0.6428571428571429"
"15","1.9375","0.0","0.5161290322580645","0.0","1","2","false","AMDHD2","16.0","0","1",,"0","0","0","0.94140625","false","0","AMDHD2","0","0.0"
"7","1.896551724137931","0.0","0.5272727272727272","1.0","3","2","false","FRZB","18.666666666666668","0","3",,"0","0","0","0.9690844233055885","false","0","FRZB","0","0.6436781609195402"
"1","1.9444444444444444","0.0","0.5142857142857143","1.0","3","2","false","TCP11X1","37.0","0","3","0","0","0","0","0.9825102880658436","false","0","TCP11X1","0","0.6851851851851852"
"12","1.8571428571428572","0.0","0.5384615384615384","1.0","3","2","false","RUFY2","11.666666666666666","0","3",,"0","0","0","0.9591836734693877","false","0","RUFY2","0","0.5555555555555556"
"23","1.8888888888888888","0.0","0.5294117647058824","0.0","1","2","false","LINC00208","9.0","0","1",,"0","0","0","0.9012345679012346","false","0","LINC00208","0","0.0"
"6","1.8421052631578947","3.048160942897785E-4","0.5428571428571428","0.8666666666666667","6","2","false","GPR141","20.166666666666668","0","6",,"0","0","0","0.9778393351800553","false","0","GPR141","4","0.5307017543859649"
"2","1.9807692307692308","0.0","0.5048543689320388","1.0","3","3","false","PRAMEF27","27.333333333333332","0","3","0","0","0","0","0.9803846153846153","false","0","PRAMEF27","0","0.5466666666666666"
"1","1.7592592592592593","0.011152707064656748","0.5684210526315789","0.3974358974358974","13","2","false","ZSCAN22","14.76923076923077","0","13","0","0","0","0","0.9859396433470508","false","0","ZSCAN22","94","0.27350427350427353"
"29","1.6","0.0","0.625","1.0","2","2","false","ZFAND5","3.5","0","2","0","0","0","0","0.8800000000000001","false","0","ZFAND5","0","0.7"
,"0.0","0.0","0.0","0.0","0","0","true","B3GAT1","0.0","0","0",,"0","0","0","Infinity","false","0","B3GAT1","0","0.0"
"2","1.9038461538461537","4.5787545787545793E-4","0.5252525252525253","0.8","5","2","false","SLC26A3","16.2","0","5",,"0","0","0","0.9819230769230769","false","0","SLC26A3","6","0.31153846153846154"
"14","1.8421052631578947","9.746588693957114E-4","0.5428571428571428","0.6666666666666666","3","2","false","EFCAB13","12.0","0","3",,"0","0","0","0.9556786703601109","false","0","EFCAB13","2","0.631578947368421"
"25","1.625","0.017857142857142856","0.6153846153846154","0.6666666666666666","3","2","false","RAPGEF4","4.333333333333333","0","3",,"0","0","0","0.921875","false","0","RAPGEF4","2","0.5416666666666666"
"66","1.0","0.0","1.0","0.0","1","1","false","CD38","1.0","0","1",,"0","0","0","1.0","false","0","CD38","0","0.0"
,"0.0","0.0","0.0","0.0","0","0","true","UBE2W","0.0","0","0","0","0","0","0","Infinity","false","0","UBE2W","0","0.0"
"10","1.9090909090909092","0.0","0.5238095238095238","1.0","2","2","false","RIOK3","20.0","0","2","0","0","0","0","0.9586776859504131","false","0","RIOK3","0","0.9090909090909091"
"7","1.9655172413793103","0.0","0.5087719298245614","0.0","1","2","false","TM2D2","29.0","0","1",,"0","0","0","0.9667063020214031","false","0","TM2D2","0","0.0"
"6","1.9473684210526316","0.0","0.5135135135135135","1.0","2","2","false","GPATCH2","21.0","0","2","0","0","0","0","0.9750692520775623","false","0","GPATCH2","0","0.5526315789473685"
"65","1.0","0.0","1.0","0.0","1","1","false","SH3GLB1","1.0","0","1","0","0","0","0","1.0","false","0","SH3GLB1","0","0.0"
"2","1.9807692307692308","3.0026580804500664E-4","0.5048543689320388","0.0","2","3","false","TMEM143","36.5","0","2","0","0","0","0","0.9803846153846153","false","0","TMEM143","22","0.7244897959183674"
"1","1.9444444444444444","0.0","0.5142857142857143","1.0","3","2","false","WDR13","43.333333333333336","0","3","0","0","0","0","0.9825102880658436","false","0","WDR13","0","0.8024691358024691"
"16","1.8666666666666667","0.0","0.5357142857142857","1.0","2","2","false","VWA1","11.0","0","2","0","0","0","0","0.9422222222222222","false","0","VWA1","0","0.7333333333333333"
,"0.0","0.0","0.0","0.0","0","0","true","CLEC4A","0.0","0","0","0","0","0","0","Infinity","false","0","CLEC4A","0","0.0"
"2","1.9615384615384615","3.9939294004411095E-4","0.5098039215686275","0.3333333333333333","3","3","false","LMNTD1","33.0","0","3",,"0","0","0","0.9807692307692308","false","0","LMNTD1","30","0.6533333333333333"
"64","1.0","0.0","1.0","0.0","1","1","false","REST","1.0","0","1","0","0","0","0","1.0","false","0","REST","0","0.0"
"22","1.8","0.0","0.5555555555555556","1.0","2","2","false","THBS4","7.5","0","2",,"0","0","0","0.9199999999999999","false","0","THBS4","0","0.75"
"63","1.0","0.0","1.0","0.0","1","1","false","GOLGA6A","1.0","0","1",,"0","0","0","1.0","false","0","GOLGA6A","0","0.0"
"3","1.891304347826087","0.0017713365539452494","0.5287356321839081","0.6","5","2","false","LPAR2","16.6","0","5","0","0","0","0","0.9806238185255198","false","0","LPAR2","8","0.36086956521739133"
"1","1.8333333333333333","0.0034322459898979813","0.5454545454545455","0.4444444444444444","9","2","false","IL34","17.22222222222222","0","9","0","0","0","0","0.9845679012345678","false","0","IL34","40","0.31893004115226337"
"18","1.5","0.011904761904761904","0.6666666666666666","0.7142857142857143","7","2","false","PSG11","9.428571428571429","0","7","0","0","0","0","0.9642857142857143","false","0","PSG11","12","0.673469387755102"
"33","1.25","0.08333333333333333","0.8","0.6666666666666666","3","2","false","BMP2K","2.6666666666666665","0","3","0","0","0","0","0.9375","false","0","BMP2K","2","0.6666666666666666"
"4","1.9268292682926829","6.163207594808868E-4","0.5189873417721519","0.3333333333333333","3","2","false","OR10A2","20.666666666666668","0","3","0","0","0","0","0.975609756097561","false","0","OR10A2","12","0.5083333333333333"
"21","1.9","0.0","0.5263157894736842","0.0","1","2","false","PSME3IP1","10.0","0","1",,"0","0","0","0.9099999999999999","false","0","PSME3IP1","0","0.0"
,"0.0","0.0","0.0","0.0","0","0","true","NCBP2","0.0","0","0","0","0","0","0","Infinity","false","0","NCBP2","0","0.0"
"52","1.0","0.0","1.0","0.0","1","1","false","PDK1","1.0","0","1","0","0","0","0","1.0","false","0","PDK1","0","0.0"
"16","1.8","0.0","0.5555555555555556","1.0","3","2","false","RNF112","10.333333333333334","0","3","0","0","0","0","0.9466666666666667","false","0","RNF112","0","0.6888888888888889"
"2","1.9230769230769231","5.404725992961286E-4","0.52","0.5","4","2","false","RGL2","19.5","0","4","0","0","0","0","0.9815384615384616","false","0","RGL2","10","0.375"
,"0.0","0.0","0.0","0.0","0","0","true","ANKRD36B","0.0","0","0","0","0","0","0","Infinity","false","0","ANKRD36B","0","0.0"
"62","1.0","0.0","1.0","0.0","1","1","false","PPP2CA","1.0","0","1","0","0","0","0","1.0","false","0","PPP2CA","0","0.0"
"5","1.8717948717948718","0.053850145955409094","0.5342465753424658","0.13333333333333333","16","3","false","SMC1B","6.4375","0","16","0","0","0","0","0.9764379764379765","false","0","SMC1B","258","0.25"
"3","1.9565217391304348","0.0","0.5111111111111111","1.0","2","2","false","CXCR1","32.0","0","2",,"0","0","0","0.9792060491493383","false","0","CXCR1","0","0.6956521739130435"
,"0.0","0.0","0.0","0.0","0","0","true","RCOR3","0.0","0","0","0","0","0","0","Infinity","false","0","RCOR3","0","0.0"
"1","1.9259259259259258","1.3140055068776242E-4","0.5192307692307693","0.6666666666666666","4","2","false","BECN2","36.0","0","4","0","0","0","0","0.9828532235939643","false","0","BECN2","4","0.6666666666666666"
"7","1.896551724137931","8.210180623973727E-4","0.5272727272727272","0.6666666666666666","3","2","false","EFNA1","14.666666666666666","0","3","0","0","0","0","0.9690844233055885","false","0","EFNA1","2","0.5057471264367817"
"4","1.951219512195122","2.235772357723577E-4","0.5125000000000001","0.6666666666666666","4","3","false","OR7D2","24.75","0","4","0","0","0","0","0.9749679075738126","false","0","OR7D2","4","0.6346153846153846"
"8","1.8846153846153846","0.0010256410256410256","0.5306122448979592","0.6666666666666666","3","2","false","RFPL4AL1","15.333333333333334","0","3","0",,"0","0","0.9659763313609468","false","0","RFPL4AL1","2","0.5897435897435898"
"1","1.9259259259259258","0.0","0.5192307692307693","1.0","4","2","false","OR2A5","35.75","0","4","0","0","0","0","0.9828532235939643","false","0","OR2A5","0","0.6620370370370371"
"43","1.0","0.0","1.0","0.0","1","1","false","TMBIM1","1.0","0","1",,"0","0","0","1.0","false","0","TMBIM1","0","0.0"
"5","1.8205128205128205","0.009917552061514909","0.5492957746478874","0.5238095238095238","7","2","false","ZNF772","14.428571428571429","0","7","0","0","0","0","0.9778239778239779","false","0","ZNF772","98","0.36996336996337"
"7","1.6551724137931034","0.030008210180623975","0.6041666666666666","0.24444444444444444","10","2","false","LYG1","9.3","0","10","0","0","0","0","0.9774078478002378","false","0","LYG1","68","0.32068965517241377"
"17","1.8666666666666667","0.0","0.5357142857142857","1.0","2","2","false","GARIN2","12.0","0","2",,"0","0","0","0.9422222222222222","false","0","GARIN2","0","0.8"
,"0.0","0.0","0.0","0.0","0","0","true","ZEB1","0.0","0","0","0","0","0","0","Infinity","false","0","ZEB1","0","0.0"
"13","1.95","0.0","0.5128205128205129","0.0","1","2","false","OR10T2","20.0","0","1",,"0","0","0","0.9525","false","0","OR10T2","0","0.0"
"32","1.4","0.025","0.7142857142857143","0.6666666666666666","3","2","false","CFAP221","4.333333333333333","0","3",,"0","0","0","0.9199999999999999","false","0","CFAP221","2","0.8666666666666667"
"1","1.8703703703703705","0.001243146945453025","0.5346534653465346","0.6190476190476191","7","2","false","ST8SIA4","25.142857142857142","0","7",,"0","0","0","0.9838820301783264","false","0","ST8SIA4","16","0.4656084656084656"
,"0.0","0.0","0.0","0.0","0","0","true","UBXN11","0.0","0","0","0","0","0","0","Infinity","false","0","UBXN11","0","0.0"
"24","1.75","0.0","0.5714285714285714","1.0","2","2","false","MAGI3","5.0","0","2","0","0","0","0","0.90625","false","0","MAGI3","0","0.625"
"22","1.9","0.0","0.5263157894736842","0.0","1","2","false","JMY","10.0","0","1",,"0","0","0","0.9099999999999999","false","0","JMY","0","0.0"
,"0.0","0.0","0.0","0.0","0","0","true","HOXD13","0.0","0","0","0","0","0","0","Infinity","false","0","HOXD13","0","0.0"
,"0.0","0.0","0.0","0.0","0","0","true","SPATA2","0.0","0","0","0","0","0","0","Infinity","false","0","SPATA2","0","0.0"
,"0.0","0.0","0.0","0.0","0","0","true","SLC17A2","0.0","0","0","0","0","0","0","Infinity","false","0","SLC17A2","0","0.0"
,"0.0","0.0","0.0","0.0","0","0","true","FOXC1","0.0","0","0","0","0","0","0","Infinity","false","0","FOXC1","0","0.0"
"1","1.9444444444444444","0.0","0.5142857142857143","1.0","3","2","false","ALDH6A1","43.333333333333336","0","3","0","0","0","0","0.9825102880658436","false","0","ALDH6A1","0","0.8024691358024691"
"1","1.9259259259259258","1.3140055068776242E-4","0.5192307692307693","0.6666666666666666","4","2","false","KPNA6","36.0","0","4","0","0","0","0","0.9828532235939643","false","0","KPNA6","4","0.6666666666666666"
"17","1.8666666666666667","0.0","0.5357142857142857","1.0","2","2","false","IGLV8-61","12.5","0","2","0","0","0","0","0.9422222222222222","false","0","IGLV8-61","0","0.8333333333333334"
,"0.0","0.0","0.0","0.0","0","0","true","OR2A4","0.0","0","0","0","0","0","0","Infinity","false","0","OR2A4","0","0.0"
"21","1.8","0.0","0.5555555555555556","1.0","2","2","false","EP400P1","6.0","0","2","0","0","0","0","0.9199999999999999","false","0","EP400P1","0","0.6"
"5","1.794871794871795","0.008904740483687851","0.5571428571428572","0.32142857142857145","8","2","false","SCAF4","11.125","0","8","0","0","0","0","0.9785169785169785","false","0","SCAF4","54","0.28525641025641024"
"3","1.934782608695652","2.4154589371980676E-4","0.5168539325842697","0.6666666666666666","3","2","false","FAAP100","22.666666666666668","0","3",,"0","0","0","0.979678638941399","false","0","FAAP100","2","0.4927536231884058"
"8","1.9615384615384615","0.0","0.5098039215686275","0.0","1","2","false","RRAD","26.0","0","1",,"0","0","0","0.96301775147929","false","0","RRAD","0","0.0"
,"0.0","0.0","0.0","0.0","0","0","true","FYCO1","0.0","0","0",,"0","0","0","Infinity","false","0","FYCO1","0","0.0"
,"0.0","0.0","0.0","0.0","0","0","true","ATRX","0.0","0","0","0","0","0","0","Infinity","false","0","ATRX","0","0.0"
,"0.0","0.0","0.0","0.0","0","0","true","TSC22D2","0.0","0","0","0","0","0","0","Infinity","false","0","TSC22D2","0","0.0"
"3","1.9782608695652173","0.0","0.5054945054945055","0.0","1","2","false","MRNIP","46.0","0","1",,"0","0","0","0.9787334593572778","false","0","MRNIP","0","0.0"
,"0.0","0.0","0.0","0.0","0","0","true","RAMAC","0.0","0","0","0","0","0","0","Infinity","false","0","RAMAC","0","0.0"
,"0.0","0.0","0.0","0.0","0","0","true","RAC3","0.0","0","0","0","0","0","0","Infinity","false","0","RAC3","0","0.0"
,"0.0","0.0","0.0","0.0","0","0","true","PCDHGA11","0.0","0","0","0","0","0","0","Infinity","false","0","PCDHGA11","0","0.0"
,"0.0","0.0","0.0","0.0","0","0","true","AICDA","0.0","0","0","0","0","0","0","Infinity","false","0","AICDA","0","0.0"
"5","1.8974358974358974","0.0018443544759334232","0.5270270270270271","0.5","5","3","false","TNMD","14.6","0","5","0","0","0","0","0.9757449757449758","false","0","TNMD","10","0.38421052631578945"
"5","1.8461538461538463","0.008230642479868487","0.5416666666666666","0.4","6","2","false","GLYATL1","14.666666666666666","0","6","0","0","0","0","0.9771309771309771","false","0","GLYATL1","96","0.3815789473684211"
,"0.0","0.0","0.0","0.0","0","0","true","TMPPE","0.0","0","0","0","0","0","0","Infinity","false","0","TMPPE","0","0.0"
,"0.0","0.0","0.0","0.0","0","0","true","PRG2","0.0","0","0",,"0","0","0","Infinity","false","0","PRG2","0","0.0"
,"0.0","0.0","0.0","0.0","0","0","true","PEX14","0.0","0","0","0","0","0","0","Infinity","false","0","PEX14","0","0.0"
"13","1.9","0.0","0.5263157894736842","1.0","2","2","false","CXorf66","12.5","0","2",,"0","0","0","0.9550000000000001","false","0","CXorf66","0","0.625"
,"0.0","0.0","0.0","0.0","0","0","true","DDX52","0.0","0","0","0","0","0","0","Infinity","false","0","DDX52","0","0.0"
,"0.0","0.0","0.0","0.0","0","0","true","AP1B1","0.0","0","0","0","0","0","0","Infinity","false","0","AP1B1","0","0.0"
"1","1.962962962962963","0.0","0.5094339622641509","1.0","2","2","false","ZNF454","50.0","0","2","0","0","0","0","0.9821673525377229","false","0","ZNF454","0","0.9259259259259259"
"20","1.7","0.011111111111111112","0.5882352941176471","0.6666666666666666","3","2","false","DBR1","5.666666666666667","0","3","0","0","0","0","0.93","false","0","DBR1","2","0.5666666666666667"
,"0.0","0.0","0.0","0.0","0","0","true","ZBTB48","0.0","0","0","0","0","0","0","Infinity","false","0","ZBTB48","0","0.0"
,"0.0","0.0","0.0","0.0","0","0","true","PPP4R2","0.0","0","0",,"0","0","0","Infinity","false","0","PPP4R2","0","0.0"
"2","1.5","0.09116855366855367","0.6666666666666666","0.12","26","2","false","MYH16","6.730769230769231","0","26","0","0","0","0","0.99","false","0","MYH16","742","0.1294378698224852"
"48","1.0","0.0","1.0","0.0","1","1","false","ZNF213","1.0","0","1","0","0","0","0","1.0","false","0","ZNF213","0","0.0"
"4","1.951219512195122","1.016260162601626E-4","0.5125000000000001","0.8333333333333334","4","3","false","EVX1","20.25","0","4","0",,"0","0","0.9749679075738126","false","0","EVX1","2","0.5192307692307693"
"10","1.8636363636363635","3.6075036075036075E-4","0.5365853658536586","0.6666666666666666","3","2","false","PARP3","17.666666666666668","0","3","0","0","0","0","0.9607438016528925","false","0","PARP3","2","0.803030303030303"
"8","1.8846153846153846","0.0015384615384615385","0.5306122448979592","0.6666666666666666","3","2","false","SINHCAF","15.333333333333334","0","3",,"0","0","0","0.9659763313609468","false","0","SINHCAF","2","0.5897435897435898"
"8","1.9615384615384615","0.0","0.5098039215686275","0.0","1","2","false","IGHV3-74","26.0","0","1","0",,"0","0","0.96301775147929","false","0","IGHV3-74","0","0.0"
"12","1.8571428571428572","0.0011904761904761906","0.5384615384615384","0.6666666666666666","3","2","false","ZDHHC14","10.666666666666666","0","3","0","0","0","0","0.9591836734693877","false","0","ZDHHC14","2","0.5079365079365079"
,"0.0","0.0","0.0","0.0","0","0","true","SARS1","0.0","0","0","0","0","0","0","Infinity","false","0","SARS1","0","0.0"
"14","1.894736842105263","0.0","0.5277777777777778","1.0","2","2","false","ESCO2","14.0","0","2","0","0","0","0","0.9529085872576177","false","0","ESCO2","0","0.7368421052631579"
"34","1.75","0.0","0.5714285714285714","0.0","1","2","false","NR4A3","4.0","0","1",,"0","0","0","0.8125","false","0","NR4A3","0","0.0"
,"0.0","0.0","0.0","0.0","0","0","true","TLR4","0.0","0","0","0","0","0","0","Infinity","false","0","TLR4","0","0.0"
"11","1.5714285714285714","0.033418367346938774","0.6363636363636364","0.3333333333333333","9","2","false","ATXN7L2","7.888888888888889","0","9","0",,"0","0","0.9727891156462585","false","0","ATXN7L2","48","0.37566137566137564"
,"0.0","0.0","0.0","0.0","0","0","true","SMAP2","0.0","0","0",,"0","0","0","Infinity","false","0","SMAP2","0","0.0"
"15","1.9375","0.0","0.5161290322580645","0.0","1","2","false","IGKV3D-15","16.0","0","1","0",,"0","0","0.94140625","false","0","IGKV3D-15","0","0.0"
"1","1.7407407407407407","0.012422215566869656","0.574468085106383","0.2857142857142857","14","2","false","MYLK3","11.214285714285714","0","14","0","0","0","0","0.9862825788751715","false","0","MYLK3","130","0.20767195767195767"
"15","1.8125","0.0","0.5517241379310345","1.0","3","2","false","SPZ1","7.666666666666667","0","3",,"0","0","0","0.94921875","false","0","SPZ1","0","0.4791666666666667"
"7","1.6896551724137931","0.0174055829228243","0.5918367346938775","0.4166666666666667","9","2","false","TRGV1","10.222222222222221","0","9","0","0","0","0","0.976218787158145","false","0","TRGV1","42","0.3524904214559387"
,"0.0","0.0","0.0","0.0","0","0","true","FOXP1","0.0","0","0",,"0","0","0","Infinity","false","0","FOXP1","0","0.0"
"7","1.8620689655172413","0.0017241379310344827","0.5370370370370371","0.5","4","2","false","PIGP","14.0","0","4","0","0","0","0","0.9702734839476813","false","0","PIGP","6","0.4827586206896552"
"32","1.4","0.025","0.7142857142857143","0.6666666666666666","3","2","false","TRIM36","4.333333333333333","0","3",,"0","0","0","0.9199999999999999","false","0","TRIM36","2","0.8666666666666667"
"61","1.0","0.0","1.0","0.0","1","1","false","PRICKLE3","1.0","0","1","0","0","0","0","1.0","false","0","PRICKLE3","0","0.0"
"25","1.75","0.0","0.5714285714285714","1.0","2","2","false","SEMA4G","5.5","0","2",,"0","0","0","0.90625","false","0","SEMA4G","0","0.6875"
"15","1.875","0.0","0.5333333333333333","1.0","2","2","false","ODAPH","9.0","0","2","0",,"0","0","0.9453125","false","0","ODAPH","0","0.5625"
,"0.0","0.0","0.0","0.0","0","0","true","SLC30A6","0.0","0","0","0","0","0","0","Infinity","false","0","SLC30A6","0","0.0"
"9","1.826086956521739","0.006164125729343119","0.5476190476190477","0.4","5","3","false","IGHV4-59","12.4","0","5","0",,"0","0","0.9624505928853755","false","0","IGHV4-59","12","0.5636363636363636"
,"0.0","0.0","0.0","0.0","0","0","true","SUZ12","0.0","0","0","0","0","0","0","Infinity","false","0","SUZ12","0","0.0"
"60","1.0","0.0","1.0","0.0","1","1","false","SDCCAG8","1.0","0","1","0","0","0","0","1.0","false","0","SDCCAG8","0","0.0"
"25","1.75","0.0","0.5714285714285714","1.0","2","2","false","SLITRK3","5.0","0","2","0",,"0","0","0.90625","false","0","SLITRK3","0","0.625"
,"0.0","0.0","0.0","0.0","0","0","true","PPP2CB","0.0","0","0","0","0","0","0","Infinity","false","0","PPP2CB","0","0.0"
"6","1.9473684210526316","0.0","0.5135135135135135","1.0","2","2","false","NPIPB7","21.0","0","2","0",,"0","0","0.9750692520775623","false","0","NPIPB7","0","0.5526315789473685"
"7","1.8275862068965518","0.002463054187192118","0.5471698113207547","0.4","5","2","false","SOCS2","14.6","0","5","0",,"0","0","0.9714625445897741","false","0","SOCS2","12","0.503448275862069"
"5","2.0256410256410255","0.0","0.4936708860759494","0.0","1","3","false","LEFTY2","37.0","0","1","0",,"0","0","0.9722799722799724","false","0","LEFTY2","0","0.0"
"28","1.8571428571428572","0.0","0.5384615384615384","0.0","1","2","false","PCDHB4","7.0","0","1",,"0","0","0","0.8775510204081632","false","0","PCDHB4","0","0.0"
,"0.0","0.0","0.0","0.0","0","0","true","SUV39H1","0.0","0","0","0","0","0","0","Infinity","false","0","SUV39H1","0","0.0"
"9","1.3478260869565217","0.11595143986448334","0.7419354838709677","0.26666666666666666","15","2","false","CCDC7","6.8","0","15","0","0","0","0","0.9841897233201581","false","0","CCDC7","170","0.2956521739130435"
"5","2.0","0.0","0.5","1.0","2","3","false","RDH16","21.0","0","2","0","0","0","0","0.972972972972973","false","0","RDH16","0","0.5675675675675675"
,"0.0","0.0","0.0","0.0","0","0","true","FUBP1","0.0","0","0","0","0","0","0","Infinity","false","0","FUBP1","0","0.0"
"9","1.434782608695652","0.09802371541501978","0.696969696969697","0.17582417582417584","14","3","false","RRBP1","6.142857142857143","0","14","0","0","0","0","0.9802371541501976","false","0","RRBP1","150","0.2792207792207792"
"1","1.9259259259259258","9.983028850953378E-5","0.5192307692307693","0.8333333333333334","4","2","false","SPATA18","35.25","0","4","0","0","0","0","0.9828532235939643","false","0","SPATA18","2","0.6527777777777778"
,"0.0","0.0","0.0","0.0","0","0","true","SNAPC3","0.0","0","0","0","0","0","0","Infinity","false","0","SNAPC3","0","0.0"
"3","1.9130434782608696","5.636070853462157E-4","0.5227272727272727","0.6666666666666666","4","2","false","NPBWR2","20.75","0","4","0","0","0","0","0.9801512287334594","false","0","NPBWR2","4","0.45108695652173914"
"14","1.631578947368421","0.007504873294346978","0.6129032258064516","0.7142857142857143","7","2","false","ZNF350","10.571428571428571","0","7","0","0","0","0","0.9667590027700831","false","0","ZNF350","12","0.556390977443609"
"1","1.9259259259259258","0.0","0.5192307692307693","1.0","4","2","false","STK39","34.25","0","4","0","0","0","0","0.9828532235939643","false","0","STK39","0","0.6342592592592593"
,"0.0","0.0","0.0","0.0","0","0","true","B3GNT3","0.0","0","0","0","0","0","0","Infinity","false","0","B3GNT3","0","0.0"
"16","1.8","0.0031746031746031746","0.5555555555555556","0.6666666666666666","3","2","false","LRRC71","10.666666666666666","0","3",,"0","0","0","0.9466666666666667","false","0","LRRC71","2","0.7111111111111111"
,"0.0","0.0","0.0","0.0","0","0","true","UPK1A","0.0","0","0","0","0","0","0","Infinity","false","0","UPK1A","0","0.0"
"2","1.9230769230769231","0.0014049233573392344","0.52","0.6","5","3","false","TLCD3B","21.4","0","5","0","0","0","0","0.9815384615384616","false","0","TLCD3B","34","0.4196078431372549"
,"0.0","0.0","0.0","0.0","0","0","true","TFCP2","0.0","0","0","0","0","0","0","Infinity","false","0","TFCP2","0","0.0"
"31","1.6","0.0","0.625","1.0","2","2","false","PALS1","5.0","0","2",,"0","0","0","0.8800000000000001","false","0","PALS1","0","1.0"
"12","1.9523809523809523","0.0","0.5121951219512195","0.0","1","2","false","ZBTB18","21.0","0","1",,"0","0","0","0.9546485260770975","false","0","ZBTB18","0","0.0"
"1","1.9074074074074074","3.0610355557944655E-4","0.5242718446601942","0.7","5","2","false","CLDN12","31.4","0","5","0","0","0","0","0.9831961591220851","false","0","CLDN12","6","0.5814814814814815"
"3","1.934782608695652","3.22061191626409E-4","0.5168539325842697","0.6666666666666666","3","2","false","TRIM17","23.0","0","3","0","0","0","0","0.979678638941399","false","0","TRIM17","2","0.5"
"10","1.6363636363636365","0.0041898577612863325","0.611111111111111","0.7857142857142857","8","2","false","SYT9","12.875","0","8","0","0","0","0","0.9710743801652892","false","0","SYT9","12","0.5852272727272727"
"21","1.9","0.0","0.5263157894736842","0.0","1","2","false","C5orf52","10.0","0","1","0",,"0","0","0.9099999999999999","false","0","C5orf52","0","0.0"
"9","1.565217391304348","0.10869565217391304","0.6388888888888888","0.37777777777777777","10","2","false","SAMD11","8.2","0","10","0","0","0","0","0.974308300395257","false","0","SAMD11","132","0.36818181818181817"
"1","1.9259259259259258","0.0","0.5192307692307693","1.0","4","2","false","NBPF4","28.0","0","4","0","0","0","0","0.9828532235939643","false","0","NBPF4","0","0.5185185185185185"
,"0.0","0.0","0.0","0.0","0","0","true","TACC1","0.0","0","0","0","0","0","0","Infinity","false","0","TACC1","0","0.0"
,"0.0","0.0","0.0","0.0","0","0","true","PPP1R13B","0.0","0","0","0","0","0","0","Infinity","false","0","PPP1R13B","0","0.0"
"11","1.5238095238095237","0.04000566893424036","0.65625","0.35555555555555557","10","2","false","MYOCD","8.3","0","10","0",,"0","0","0.9750566893424035","false","0","MYOCD","58","0.3952380952380952"
"9","1.6956521739130435","0.008018068887634105","0.5897435897435898","0.5714285714285714","7","2","false","TRGV5","12.285714285714286","0","7","0","0","0","0","0.9683794466403163","false","0","TRGV5","24","0.5341614906832298"
"2","2.019230769230769","0.0","0.49523809523809526","0.0","1","3","false","AQP7","50.0","0","1","0",,"0","0","0.9796153846153847","false","0","AQP7","0","0.0"
"15","1.875","0.0","0.5333333333333333","1.0","2","2","false","ZSCAN5C","9.0","0","2","0",,"0","0","0.9453125","false","0","ZSCAN5C","0","0.5625"
"3","1.934782608695652","0.0","0.5168539325842697","1.0","3","2","false","CXCR3","24.0","0","3",,"0","0","0","0.979678638941399","false","0","CXCR3","0","0.5217391304347826"
"59","1.0","0.0","1.0","0.0","1","1","false","PIPOX","1.0","0","1","0","0","0","0","1.0","false","0","PIPOX","0","0.0"
"15","1.8125","0.0","0.5517241379310345","1.0","3","2","false","TRAF3IP1","7.666666666666667","0","3","0","0","0","0","0.94921875","false","0","TRAF3IP1","0","0.4791666666666667"
"4","1.829268292682927","0.002452090592334495","0.5466666666666666","0.6428571428571429","8","3","false","MAGEB6B","15.875","0","8","0","0","0","0","0.9781771501925546","false","0","MAGEB6B","20","0.396875"
"30","1.8","0.0","0.5555555555555556","0.0","1","2","false","PSD2","5.0","0","1","0","0","0","0","0.8400000000000001","false","0","PSD2","0","0.0"
"2","2.019230769230769","0.0","0.49523809523809526","0.0","1","3","false","ASB2","50.0","0","1",,"0","0","0","0.9796153846153847","false","0","ASB2","0","0.0"
,"0.0","0.0","0.0","0.0","0","0","true","ZZZ3","0.0","0","0","0","0","0","0","Infinity","false","0","ZZZ3","0","0.0"
"14","1.5263157894736843","0.02426900584795321","0.6551724137931034","0.5833333333333334","9","2","false","TIMP4","9.11111111111111","0","9","0","0","0","0","0.9722991689750692","false","0","TIMP4","30","0.47953216374269003"
"2","1.9615384615384615","3.9939294004411095E-4","0.5098039215686275","0.3333333333333333","3","3","false","KLHL35","33.0","0","3",,"0","0","0","0.9807692307692308","false","0","KLHL35","30","0.6533333333333333"
"5","2.0256410256410255","0.0","0.4936708860759494","0.0","1","3","false","IQCF5","37.0","0","1","0",,"0","0","0.9722799722799724","false","0","IQCF5","0","0.0"
"39","1.0","0.0","1.0","1.0","2","1","false","SYNJ2","2.0","0","2","0","0","0","0","1.0","false","0","SYNJ2","0","1.0"
,"0.0","0.0","0.0","0.0","0","0","true","COA7","0.0","0","0","0","0","0","0","Infinity","false","0","COA7","0","0.0"
"18","1.4285714285714286","0.023809523809523808","0.7","0.6428571428571429","8","2","false","PPWD1","8.75","0","8","0","0","0","0","0.9693877551020408","false","0","PPWD1","20","0.625"
"3","1.9130434782608696","6.44122383252818E-4","0.5227272727272727","0.6666666666666666","4","2","false","SLC50A1","17.75","0","4","0","0","0","0","0.9801512287334594","false","0","SLC50A1","4","0.3858695652173913"
"38","1.0","1.0","1.0","0.0","2","1","false","KRTAP9-2","1.0","0","2","0","0","0","0","1.0","false","0","KRTAP9-2","2","0.0"
"28","1.8571428571428572","0.0","0.5384615384615384","0.0","1","2","false","ZNF280D","7.0","0","1",,"0","0","0","0.8775510204081632","false","0","ZNF280D","0","0.0"
,"0.0","0.0","0.0","0.0","0","0","true","CADM4","0.0","0","0",,"0","0","0","Infinity","false","0","CADM4","0","0.0"
,"0.0","0.0","0.0","0.0","0","0","true","RUBCN","0.0","0","0","0","0","0","0","Infinity","false","0","RUBCN","0","0.0"
"3","1.9565217391304348","0.0","0.5111111111111111","1.0","2","2","false","SH2D7","27.0","0","2","0","0","0","0","0.9792060491493383","false","0","SH2D7","0","0.5869565217391305"
"2","1.9807692307692308","0.0","0.5048543689320388","1.0","2","3","false","ESRP2","29.0","0","2","0","0","0","0","0.9803846153846153","false","0","ESRP2","0","0.5686274509803921"
"31","1.6","0.0","0.625","1.0","2","2","false","RAPGEFL1","5.0","0","2","0","0","0","0","0.8800000000000001","false","0","RAPGEFL1","0","1.0"
"3","1.934782608695652","0.0","0.5168539325842697","1.0","3","2","false","NDUFAF6","26.0","0","3","0","0","0","0","0.979678638941399","false","0","NDUFAF6","0","0.5652173913043478"
,"0.0","0.0","0.0","0.0","0","0","true","SLC25A11","0.0","0","0","0","0","0","0","Infinity","false","0","SLC25A11","0","0.0"
"2","1.9423076923076923","9.10766418545617E-4","0.5148514851485149","0.3333333333333333","4","3","false","FCER1A","22.5","0","4","0","0","0","0","0.9811538461538462","false","0","FCER1A","28","0.445"
,"0.0","0.0","0.0","0.0","0","0","true","SMAGP","0.0","0","0","0","0","0","0","Infinity","false","0","SMAGP","0","0.0"
"30","1.8","0.0","0.5555555555555556","0.0","1","2","false","UGDH","5.0","0","1","0","0","0","0","0.8400000000000001","false","0","UGDH","0","0.0"
"25","1.875","0.0","0.5333333333333333","0.0","1","2","false","IL1RAPL2","8.0","0","1",,"0","0","0","0.890625","false","0","IL1RAPL2","0","0.0"
"58","1.0","0.0","1.0","0.0","1","1","false","CASR","1.0","0","1","1",,"1","0","1.0","false","0","CASR","0","0.0"
"58","1.0","0.0","1.0","0.0","1","1","false","ALPK2","1.0","0","1","0","0","0","0","1.0","false","0","ALPK2","0","0.0"
"22","1.5","0.05185185185185185","0.6666666666666666","0.5","5","2","false","NHS","4.6","0","5","0","0","0","0","0.95","false","0","NHS","10","0.46"
"13","1.9","0.0","0.5263157894736842","1.0","2","2","false","SHISAL2B","12.5","0","2","0","0","0","0","0.9550000000000001","false","0","SHISAL2B","0","0.625"
"16","1.3333333333333333","0.15873015873015875","0.75","0.24444444444444444","10","2","false","DCTN1","4.0","0","10","0","0","0","0","0.9777777777777777","false","0","DCTN1","68","0.26666666666666666"
"1","1.8703703703703705","6.674589483813802E-4","0.5346534653465346","0.6666666666666666","7","2","false","CEACAM21","26.142857142857142","0","7",,"0","0","0","0.9838820301783264","false","0","CEACAM21","14","0.48412698412698413"
"26","1.5714285714285714","0.0","0.6363636363636364","1.0","3","2","false","SPEM3","5.666666666666667","0","3","0","0","0","0","0.9183673469387755","false","0","SPEM3","0","0.8095238095238095"
,"0.0","0.0","0.0","0.0","0","0","true","MPPED2","0.0","0","0","0","0","0","0","Infinity","false","0","MPPED2","0","0.0"
"8","1.8461538461538463","0.0020512820512820513","0.5416666666666666","0.6666666666666666","4","2","false","HDGFL1","13.0","0","4",,"0","0","0","0.9674556213017751","false","0","HDGFL1","4","0.5"
,"0.0","0.0","0.0","0.0","0","0","true","PABPC4","0.0","0","0","0","0","0","0","Infinity","false","0","PABPC4","0","0.0"
"30","1.8","0.0","0.5555555555555556","0.0","1","2","false","ARHGAP11A","5.0","0","1","0","0","0","0","0.8400000000000001","false","0","ARHGAP11A","0","0.0"
"6","1.894736842105263","0.0021337126600284497","0.5277777777777778","0.5","4","2","false","TREML4","17.75","0","4",,"0","0","0","0.976454293628809","false","0","TREML4","6","0.46710526315789475"
"27","1.8571428571428572","0.0","0.5384615384615384","0.0","1","2","false","HMMR","7.0","0","1","0",,"0","0","0.8775510204081632","false","0","HMMR","0","0.0"
"1","1.962962962962963","0.0","0.5094339622641509","1.0","2","2","false","ANKRD65","50.0","0","2","0","0","0","0","0.9821673525377229","false","0","ANKRD65","0","0.9259259259259259"
"29","1.6","0.0","0.625","1.0","2","2","false","ZNF853","3.5","0","2",,"0","0","0","0.8800000000000001","false","0","ZNF853","0","0.7"
"18","1.6428571428571428","0.006043956043956045","0.6086956521739131","0.7","5","2","false","PDE4B","10.2","0","5",,"0","0","0","0.9540816326530612","false","0","PDE4B","6","0.7285714285714285"
"24","1.75","0.0","0.5714285714285714","1.0","2","2","false","MANEAL","5.0","0","2","0","0","0","0","0.90625","false","0","MANEAL","0","0.625"
"6","1.9736842105263157","0.0","0.5066666666666667","0.0","1","2","false","ZNF718","38.0","0","1",,"0","0","0","0.974376731301939","false","0","ZNF718","0","0.0"
,"0.0","0.0","0.0","0.0","0","0","true","SLC10A1","0.0","0","0","0",,"0","0","Infinity","false","0","SLC10A1","0","0.0"
"36","1.0","1.0","1.0","0.0","3","1","false","STK16","1.0","0","3","0","0","0","0","1.0","false","0","STK16","6","0.0"
"9","2.5217391304347827","0.0","0.396551724137931","0.0","1","3","false","ZMYND12","10.0","0","1",,"0","0","0","0.9308300395256918","false","0","ZMYND12","0","0.0"
"19","1.9230769230769231","0.0","0.52","1.0","2","3","false","EPM2AIP1","9.0","0","2",,"0","0","0","0.923076923076923","false","0","EPM2AIP1","0","0.75"
,"0.0","0.0","0.0","0.0","0","0","true","TMEM231","0.0","0","0","0","0","0","0","Infinity","false","0","TMEM231","0","0.0"
"7","1.793103448275862","0.0021170537180389398","0.5576923076923077","0.6","6","2","false","SHISA2","14.0","0","6","0","0","0","0","0.9726516052318669","false","0","SHISA2","12","0.4827586206896552"
,"0.0","0.0","0.0","0.0","0","0","true","AIG1","0.0","0","0","0","0","0","0","Infinity","false","0","AIG1","0","0.0"
"1","1.962962962962963","0.0","0.5094339622641509","1.0","2","2","false","NPY4R2","50.0","0","2","0","0","0","0","0.9821673525377229","false","0","NPY4R2","0","0.9259259259259259"
"22","1.9","0.0","0.5263157894736842","0.0","1","2","false","ABCB7","10.0","0","1","0","0","0","0","0.9099999999999999","false","0","ABCB7","0","0.0"
"15","1.9375","0.0","0.5161290322580645","0.0","1","2","false","CREB3L4","16.0","0","1","0",,"0","0","0.94140625","false","0","CREB3L4","0","0.0"
"57","1.0","0.0","1.0","0.0","1","1","false","CBLIF","1.0","0","1","0","0","0","0","1.0","false","0","CBLIF","0","0.0"
"56","1.0","0.0","1.0","0.0","1","1","false","DPEP2","1.0","0","1","0","0","0","0","1.0","false","0","DPEP2","0","0.0"
"55","1.0","0.0","1.0","0.0","1","1","false","ARF1","1.0","0","1","0","0","0","0","1.0","false","0","ARF1","0","0.0"
"6","1.5","0.05488383119962067","0.6666666666666666","0.26900584795321636","19","2","false","PUM3","8.578947368421053","0","19","0","0","0","0","0.9868421052631579","false","0","PUM3","250","0.2257617728531856"
,"0.0","0.0","0.0","0.0","0","0","true","BRIX1","0.0","0","0","0",,"0","0","Infinity","false","0","BRIX1","0","0.0"
"1","1.9259259259259258","1.7470300489168413E-4","0.5192307692307693","0.8333333333333334","4","2","false","TCP11X2","29.5","0","4",,"0","0","0","0.9828532235939643","false","0","TCP11X2","2","0.5462962962962963"
"10","1.4090909090909092","0.0672077922077922","0.7096774193548386","0.41025641025641024","13","2","false","FAM184B","8.76923076923077","0","13","0","0","0","0","0.981404958677686","false","0","FAM184B","92","0.3986013986013986"
"2","1.9423076923076923","3.9939294004411095E-4","0.5148514851485149","0.6666666666666666","4","3","false","SHF","26.75","0","4",,"0","0","0","0.9811538461538462","false","0","SHF","30","0.5245098039215687"
"4","1.951219512195122","0.0","0.5125000000000001","1.0","4","3","false","C17orf75","23.0","0","4","0","0","0","0","0.9749679075738126","false","0","C17orf75","0","0.5897435897435898"
"6","1.894736842105263","8.297771455666192E-4","0.5277777777777778","0.6666666666666666","4","2","false","B4GALNT2","20.75","0","4",,"0","0","0","0.976454293628809","false","0","B4GALNT2","4","0.5460526315789473"
,"0.0","0.0","0.0","0.0","0","0","true","NAA16","0.0","0","0","0","0","0","0","Infinity","false","0","NAA16","0","0.0"
,"0.0","0.0","0.0","0.0","0","0","true","ERCC4","0.0","0","0","0","0","0","0","Infinity","false","0","ERCC4","0","0.0"
"6","1.868421052631579","1.016053647632595E-4","0.5352112676056338","0.9","5","2","false","OIT3","23.2","0","5","0","0","0","0","0.9771468144044321","false","0","OIT3","2","0.6105263157894737"
,"0.0","0.0","0.0","0.0","0","0","true","ZNF526","0.0","0","0","0","0","0","0","Infinity","false","0","ZNF526","0","0.0"
"44","1.0","0.0","1.0","0.0","1","1","false","AKR1B1","1.0","0","1","0","0","0","0","1.0","false","0","AKR1B1","0","0.0"
"6","1.9473684210526316","0.0","0.5135135135135135","1.0","2","2","false","MS4A10","33.5","0","2",,"0","0","0","0.9750692520775623","false","0","MS4A10","0","0.881578947368421"
"8","1.8846153846153846","7.692307692307692E-4","0.5306122448979592","0.6666666666666666","3","2","false","IGHV1-69","11.333333333333334","0","3","0","0","0","0","0.9659763313609468","false","0","IGHV1-69","2","0.4358974358974359"
"6","1.8421052631578947","7.959086906455329E-4","0.5428571428571428","0.8","6","2","false","ADORA3","18.833333333333332","0","6",,"0","0","0","0.9778393351800553","false","0","ADORA3","6","0.4956140350877193"
"14","1.736842105263158","0.004873294346978557","0.5757575757575757","0.6","5","2","false","HNF1B","11.4","0","5","0","0","0","0","0.961218836565097","false","0","HNF1B","8","0.6"
"5","2.0256410256410255","0.0","0.4936708860759494","0.0","1","3","false","P2RY11","37.0","0","1",,"0","0","0","0.9722799722799724","false","0","P2RY11","0","0.0"
,"0.0","0.0","0.0","0.0","0","0","true","SLC25A4","0.0","0","0","0","0","0","0","Infinity","false","0","SLC25A4","0","0.0"
"12","1.9047619047619047","0.0","0.525","1.0","2","2","false","STRADA","16.5","0","2",,"0","0","0","0.9569160997732427","false","0","STRADA","0","0.7857142857142857"
"8","1.8846153846153846","4.3956043956043956E-4","0.5306122448979592","0.6666666666666666","3","2","false","TRAV12-1","17.0","0","3","0","0","0","0","0.9659763313609468","false","0","TRAV12-1","2","0.6538461538461539"
"54","1.0","0.0","1.0","0.0","1","1","false","SYVN1","1.0","0","1","0","0","0","0","1.0","false","0","SYVN1","0","0.0"
,"0.0","0.0","0.0","0.0","0","0","true","MAP2K5","0.0","0","0","0","0","0","0","Infinity","false","0","MAP2K5","0","0.0"
"11","1.8095238095238095","0.0025396825396825397","0.5526315789473684","0.5","4","2","false","TMCO6","11.25","0","4","0","0","0","0","0.9614512471655329","false","0","TMCO6","6","0.5357142857142857"
,"0.0","0.0","0.0","0.0","0","0","true","OTUD5","0.0","0","0","0","0","0","0","Infinity","false","0","OTUD5","0","0.0"
,"0.0","0.0","0.0","0.0","0","0","true","LETM1","0.0","0","0","0","0","0","0","Infinity","false","0","LETM1","0","0.0"
"1","1.8888888888888888","5.3754770735902814E-5","0.5294117647058824","0.9333333333333333","6","2","false","SYPL1","26.666666666666668","0","6",,"0","0","0","0.9835390946502058","false","0","SYPL1","2","0.49382716049382713"
"20","1.9","0.0","0.5263157894736842","0.0","1","2","false","SESN1","10.0","0","1",,"0","0","0","0.9099999999999999","false","0","SESN1","0","0.0"
"14","1.7894736842105263","5.847953216374269E-4","0.5588235294117647","0.8333333333333334","4","2","false","MS4A14","13.0","0","4","0","0","0","0","0.9584487534626038","false","0","MS4A14","2","0.6842105263157895"
,"0.0","0.0","0.0","0.0","0","0","true","YARS2","0.0","0","0","0","0","0","0","Infinity","false","0","YARS2","0","0.0"
"9","1.8695652173913044","9.881422924901185E-4","0.5348837209302325","0.6666666666666666","4","3","false","TPMT","15.0","0","4","0","0","0","0","0.9604743083003953","false","0","TPMT","4","0.6818181818181818"
"23","1.7777777777777777","0.0","0.5625","1.0","2","2","false","SPANXN1","6.5","0","2","0","0","0","0","0.9135802469135802","false","0","SPANXN1","0","0.7222222222222222"
"5","1.9487179487179487","0.0012070617720772521","0.5131578947368421","0.3333333333333333","3","3","false","NUAK2","20.333333333333332","0","3","0","0","0","0","0.9743589743589743","false","0","NUAK2","26","0.5405405405405406"
"15","1.875","0.0","0.5333333333333333","1.0","2","2","false","RANBP3","10.0","0","2",,"0","0","0","0.9453125","false","0","RANBP3","0","0.625"
,"0.0","0.0","0.0","0.0","0","0","true","CPA4","0.0","0","0",,"0","0","0","Infinity","false","0","CPA4","0","0.0"
"36","1.6666666666666667","0.0","0.6","0.0","1","2","false","NCCRP1","3.0","0","1","0","0","0","0","0.7777777777777777","false","0","NCCRP1","0","0.0"
"17","1.8666666666666667","0.0","0.5357142857142857","1.0","2","2","false","GFY","11.5","0","2","0","0","0","0","0.9422222222222222","false","0","GFY","0","0.7666666666666667"
"22","1.5","0.05185185185185185","0.6666666666666666","0.5","5","2","false","LIPK","4.6","0","5","0","0","0","0","0.95","false","0","LIPK","10","0.46"
"20","1.5","0.06666666666666667","0.6666666666666666","0.4","5","2","false","KIF27","4.0","0","5",,"0","0","0","0.95","false","0","KIF27","12","0.4"
"3","1.9565217391304348","0.0","0.5111111111111111","1.0","2","2","false","CYP20A1","27.5","0","2",,"0","0","0","0.9792060491493383","false","0","CYP20A1","0","0.5978260869565217"
"5","1.9743589743589745","0.0","0.5064935064935064","1.0","2","3","false","ST3GAL3","23.0","0","2","0","0","0","0","0.9736659736659735","false","0","ST3GAL3","0","0.6052631578947368"
"4","1.8048780487804879","0.009845009326716642","0.5540540540540541","0.2857142857142857","8","2","false","ELAVL3","14.625","0","8","0",,"0","0","0.978818998716303","false","0","ELAVL3","92","0.3625"
"23","1.8888888888888888","0.0","0.5294117647058824","0.0","1","2","false","C12orf60","9.0","0","1","0","0","0","0","0.9012345679012346","false","0","C12orf60","0","0.0"
,"0.0","0.0","0.0","0.0","0","0","true","YWHAH","0.0","0","0","0","0","0","0","Infinity","false","0","YWHAH","0","0.0"
"12","1.9047619047619047","0.0","0.525","1.0","2","2","false","DOC2B","16.5","0","2","0","0","0","0","0.9569160997732427","false","0","DOC2B","0","0.7857142857142857"
"1","1.1481481481481481","0.2651478849592058","0.8709677419354839","0.11497584541062802","46","2","false","BDP1","7.021739130434782","0","46","0","0","0","0","0.9972565157750344","false","0","BDP1","1832","0.13003220611916264"
"3","1.9782608695652173","0.0","0.5054945054945055","0.0","1","2","false","ASIC1","46.0","0","1",,"0","0","0","0.9787334593572778","false","0","ASIC1","0","0.0"
"53","1.0","0.0","1.0","0.0","1","1","false","SFRP2","1.0","0","1","0","0","0","0","1.0","false","0","SFRP2","0","0.0"
"4","1.6829268292682926","0.03803551344378491","0.5942028985507246","0.28205128205128205","13","2","false","SAMD15","12.0","0","13","0","0","0","0","0.982028241335045","false","0","SAMD15","236","0.2926829268292683"
,"0.0","0.0","0.0","0.0","0","0","true","AGR2","0.0","0","0","0","0","0","0","Infinity","false","0","AGR2","0","0.0"
,"0.0","0.0","0.0","0.0","0","0","true","SNX27","0.0","0","0","0","0","0","0","Infinity","false","0","SNX27","0","0.0"
"26","1.8571428571428572","0.0","0.5384615384615384","0.0","1","2","false","TTC7A","7.0","0","1","0","0","0","0","0.8775510204081632","false","0","TTC7A","0","0.0"
,"0.0","0.0","0.0","0.0","0","0","true","MSI1","0.0","0","0","0","0","0","0","Infinity","false","0","MSI1","0","0.0"
,"0.0","0.0","0.0","0.0","0","0","true","RUFY1","0.0","0","0","0","0","0","0","Infinity","false","0","RUFY1","0","0.0"
"33","1.5","0.0","0.6666666666666666","1.0","2","2","false","USP29","3.5","0","2",,"0","0","0","0.875","false","0","USP29","0","0.875"
"3","1.6956521739130435","0.029307568438003216","0.5897435897435898","0.24175824175824176","14","2","false","RBM25","7.642857142857143","0","14","0","0","0","0","0.9848771266540642","false","0","RBM25","138","0.16614906832298137"
,"0.0","0.0","0.0","0.0","0","0","true","PDCD6","0.0","0","0","0","0","0","0","Infinity","false","0","PDCD6","0","0.0"
"10","1.8636363636363635","0.0","0.5365853658536586","1.0","3","2","false","TIGD4","17.666666666666668","0","3",,"0","0","0","0.9607438016528925","false","0","TIGD4","0","0.803030303030303"
"2","1.9807692307692308","2.5138260432378077E-4","0.5048543689320388","0.6666666666666666","3","3","false","PRAMEF19","21.666666666666668","0","3",,"0","0","0","0.9803846153846153","false","0","PRAMEF19","2","0.43333333333333335"
,"0.0","0.0","0.0","0.0","0","0","true","IMMT","0.0","0","0","0","0","0","0","Infinity","false","0","IMMT","0","0.0"
"14","1.4736842105263157","0.04093567251461988","0.6785714285714286","0.4222222222222222","10","2","false","CCDC150","7.9","0","10","0","0","0","0","0.9750692520775623","false","0","CCDC150","52","0.41578947368421054"
,"0.0","0.0","0.0","0.0","0","0","true","NOM1","0.0","0","0","0","0","0","0","Infinity","false","0","NOM1","0","0.0"
,"0.0","0.0","0.0","0.0","0","0","true","TARDBP","0.0","0","0","0","0","0","0","Infinity","false","0","TARDBP","0","0.0"
,"0.0","0.0","0.0","0.0","0","0","true","RCN1","0.0","0","0","0","0","0","0","Infinity","false","0","RCN1","0","0.0"
"4","2.0","4.065040650406504E-4","0.5","0.6666666666666666","3","3","false","OR52K2","21.0","0","3","0","0","0","0","0.9736842105263158","false","0","OR52K2","2","0.5526315789473685"
"17","1.4","0.07548752834467119","0.7142857142857143","0.4166666666666667","9","2","false","TRBV10-3","6.666666666666667","0","9","0","0","0","0","0.9733333333333333","false","0","TRBV10-3","42","0.4444444444444444"
"15","1.9375","0.0","0.5161290322580645","0.0","1","2","false","UNCX","16.0","0","1","0",,"0","0","0.94140625","false","0","UNCX","0","0.0"
,"0.0","0.0","0.0","0.0","0","0","true","THRB","0.0","0","0","0","0","0","0","Infinity","false","0","THRB","0","0.0"
,"0.0","0.0","0.0","0.0","0","0","true","DLAT","0.0","0","0","0","0","0","0","Infinity","false","0","DLAT","0","0.0"
,"0.0","0.0","0.0","0.0","0","0","true","MAPK1IP1L","0.0","0","0",,"0","0","0","Infinity","false","0","MAPK1IP1L","0","0.0"
"1","1.9259259259259258","0.0","0.5192307692307693","1.0","4","2","false","TNFRSF11B","36.25","0","4","0","0","0","0","0.9828532235939643","false","0","TNFRSF11B","0","0.6712962962962963"
,"0.0","0.0","0.0","0.0","0","0","true","PRXL2A","0.0","0","0","0","0","0","0","Infinity","false","0","PRXL2A","0","0.0"
"16","1.8","0.0","0.5555555555555556","1.0","3","2","false","GCKR","10.333333333333334","0","3","0","0","0","0","0.9466666666666667","false","0","GCKR","0","0.6888888888888889"
"15","1.875","0.0","0.5333333333333333","1.0","2","2","false","COX6B2","9.0","0","2","0","0","0","0","0.9453125","false","0","COX6B2","0","0.5625"
"2","1.8846153846153846","0.0025352350012983497","0.5306122448979592","0.5333333333333333","6","2","false","NIBAN1","14.666666666666666","0","6","0","0","0","0","0.9823076923076922","false","0","NIBAN1","26","0.28205128205128205"
"21","1.8","0.0","0.5555555555555556","1.0","2","2","false","DDI2","6.0","0","2","0","0","0","0","0.9199999999999999","false","0","DDI2","0","0.6"
"24","1.75","0.0","0.5714285714285714","1.0","2","2","false","CLUH","5.0","0","2","0","0","0","0","0.90625","false","0","CLUH","0","0.625"
"3","1.9565217391304348","0.0","0.5111111111111111","1.0","2","2","false","AKR7A3","32.0","0","2","0","0","0","0","0.9792060491493383","false","0","AKR7A3","0","0.6956521739130435"
,"0.0","0.0","0.0","0.0","0","0","true","MED1","0.0","0","0","0","0","0","0","Infinity","false","0","MED1","0","0.0"
,"0.0","0.0","0.0","0.0","0","0","true","SCO1","0.0","0","0","0",,"0","0","Infinity","false","0","SCO1","0","0.0"
,"0.0","0.0","0.0","0.0","0","0","true","PRSS8","0.0","0","0","0","0","0","0","Infinity","false","0","PRSS8","0","0.0"
"52","1.0","0.0","1.0","0.0","1","1","false","NDUFAF5","1.0","0","1",,"0","0","0","1.0","false","0","NDUFAF5","0","0.0"
,"0.0","0.0","0.0","0.0","0","0","true","SLC25A3","0.0","0","0","0","0","0","0","Infinity","false","0","SLC25A3","0","0.0"
"8","1.9230769230769231","0.0","0.52","1.0","2","2","false","C11orf40","21.5","0","2","0","0","0","0","0.9644970414201184","false","0","C11orf40","0","0.8269230769230769"
"7","1.7241379310344827","0.011986863711001642","0.5800000000000001","0.35714285714285715","8","2","false","PKLR","9.125","0","8","0","0","0","0","0.9750297265160522","false","0","PKLR","36","0.3146551724137931"
"51","1.0","0.0","1.0","0.0","1","1","false","HEYL","1.0","0","1",,"0","0","0","1.0","false","0","HEYL","0","0.0"
,"0.0","0.0","0.0","0.0","0","0","true","SEC23B","0.0","0","0","0","0","0","0","Infinity","false","0","SEC23B","0","0.0"
,"0.0","0.0","0.0","0.0","0","0","true","MRPS24","0.0","0","0","0","0","0","0","Infinity","false","0","MRPS24","0","0.0"
,"0.0","0.0","0.0","0.0","0","0","true","HLCS","0.0","0","0","0","0","0","0","Infinity","false","0","HLCS","0","0.0"
"13","1.95","0.0","0.5128205128205129","0.0","1","2","false","OR10G6","20.0","0","1",,"0","0","0","0.9525","false","0","OR10G6","0","0.0"
"6","1.9473684210526316","0.0","0.5135135135135135","1.0","2","2","false","ACP6","28.5","0","2",,"0","0","0","0.9750692520775623","false","0","ACP6","0","0.75"
"12","1.8571428571428572","0.0","0.5384615384615384","1.0","3","2","false","KRT39","12.666666666666666","0","3","0","0","0","0","0.9591836734693877","false","0","KRT39","0","0.6031746031746031"
,"0.0","0.0","0.0","0.0","0","0","true","SLC25A30","0.0","0","0","0","0","0","0","Infinity","false","0","SLC25A30","0","0.0"
"12","1.9047619047619047","0.0","0.525","1.0","2","2","false","SOX13","14.5","0","2",,"0","0","0","0.9569160997732427","false","0","SOX13","0","0.6904761904761905"
"50","1.0","0.0","1.0","0.0","1","1","false","MEX3D","1.0","0","1","0","0","0","0","1.0","false","0","MEX3D","0","0.0"
,"0.0","0.0","0.0","0.0","0","0","true","RPL34","0.0","0","0","0","0","0","0","Infinity","false","0","RPL34","0","0.0"
"16","1.8","0.0","0.5555555555555556","1.0","3","2","false","FAM86B2","9.333333333333334","0","3","0","0","0","0","0.9466666666666667","false","0","FAM86B2","0","0.6222222222222222"
"7","1.8620689655172413","8.44475721323012E-4","0.5370370370370371","0.6666666666666666","4","2","false","AKAP14","15.75","0","4",,"0","0","0","0.9702734839476813","false","0","AKAP14","4","0.5431034482758621"
"17","1.6666666666666667","0.012471655328798186","0.6","0.6","5","2","false","LACC1","8.6","0","5","0","0","0","0","0.9555555555555556","false","0","LACC1","8","0.5733333333333334"
"17","1.4666666666666666","0.05485260770975057","0.6818181818181819","0.42857142857142855","8","2","false","PABPC1L2B","7.0","0","8","0","0","0","0","0.9688888888888889","false","0","PABPC1L2B","32","0.4666666666666667"
,"0.0","0.0","0.0","0.0","0","0","true","CCR6","0.0","0","0",,"0","0","0","Infinity","false","0","CCR6","0","0.0"
"30","1.8","0.0","0.5555555555555556","0.0","1","2","false","PRDM8","5.0","0","1",,"0","0","0","0.8400000000000001","false","0","PRDM8","0","0.0"
"13","1.9","0.0","0.5263157894736842","1.0","2","2","false","C1QL2","12.5","0","2","0","0","0","0","0.9550000000000001","false","0","C1QL2","0","0.625"
"21","1.9","0.0","0.5263157894736842","0.0","1","2","false","C18orf21","10.0","0","1","0","0","0","0","0.9099999999999999","false","0","C18orf21","0","0.0"
,"0.0","0.0","0.0","0.0","0","0","true","RAB11A","0.0","0","0","0","0","0","0","Infinity","false","0","RAB11A","0","0.0"
"18","1.4285714285714286","0.02985347985347985","0.7","0.6071428571428571","8","2","false","RNASEL","8.5","0","8","0","0","0","0","0.9693877551020408","false","0","RNASEL","22","0.6071428571428571"
,"0.0","0.0","0.0","0.0","0","0","true","SLC29A2","0.0","0","0","0","0","0","0","Infinity","false","0","SLC29A2","0","0.0"
"16","1.8666666666666667","0.0","0.5357142857142857","1.0","2","2","false","ZNF219","11.0","0","2",,"0","0","0","0.9422222222222222","false","0","ZNF219","0","0.7333333333333333"
"12","1.8095238095238095","0.0031746031746031746","0.5526315789473684","0.6666666666666666","4","2","false","HRC","9.75","0","4","0","0","0","0","0.9614512471655329","false","0","HRC","4","0.4642857142857143"
"8","1.8846153846153846","0.0","0.5306122448979592","1.0","3","2","false","ARPIN","16.333333333333332","0","3",,"0","0","0","0.9659763313609468","false","0","ARPIN","0","0.6282051282051282"
"49","1.0","0.0","1.0","0.0","1","1","false","XRCC5","1.0","0","1","0","0","0","0","1.0","false","0","XRCC5","0","0.0"
,"0.0","0.0","0.0","0.0","0","0","true","TXNRD3","0.0","0","0","0","0","0","0","Infinity","false","0","TXNRD3","0","0.0"
,"0.0","0.0","0.0","0.0","0","0","true","LNX2","0.0","0","0","0","0","0","0","Infinity","false","0","LNX2","0","0.0"
"6","1.7894736842105263","0.0022996680891417733","0.5588235294117647","0.7142857142857143","8","2","false","DDX4","14.625","0","8","0","0","0","0","0.9792243767313019","false","0","DDX4","16","0.3848684210526316"
"1","1.962962962962963","0.0","0.5094339622641509","1.0","2","2","false","PDSS1","42.0","0","2",,"0","0","0","0.9821673525377229","false","0","PDSS1","0","0.7777777777777778"
"4","1.8780487804878048","0.0010786875725900115","0.5324675324675325","0.6666666666666666","6","3","false","MAGEB17","18.666666666666668","0","6","0","0","0","0","0.9768934531450578","false","0","MAGEB17","10","0.4666666666666667"
,"0.0","0.0","0.0","0.0","0","0","true","TRIM37","0.0","0","0","0","0","0","0","Infinity","false","0","TRIM37","0","0.0"
"6","1.736842105263158","0.008423084738874213","0.5757575757575757","0.5333333333333333","10","2","false","PSMD12","13.9","0","10","0","0","0","0","0.9806094182825484","false","0","PSMD12","42","0.36578947368421055"
"1","1.7962962962962963","0.004911330225795633","0.5567010309278351","0.509090909090909","11","2","false","THBD","17.454545454545453","0","11","0","0","0","0","0.9852537722908093","false","0","THBD","54","0.32323232323232326"
"7","1.8620689655172413","7.389162561576356E-4","0.5370370370370371","0.5","4","2","false","PSMF1","16.75","0","4","0","0","0","0","0.9702734839476813","false","0","PSMF1","6","0.5775862068965517"
"19","1.6923076923076923","0.021367521367521364","0.5909090909090909","0.5","5","3","false","TSPYL2","6.0","0","5","0","0","0","0","0.9423076923076924","false","0","TSPYL2","10","0.5"
"9","1.6956521739130435","0.017127799736495385","0.5897435897435898","0.5238095238095238","7","2","false","TRGV3","10.857142857142858","0","7","0",,"0","0","0.9683794466403163","false","0","TRGV3","26","0.4720496894409938"
,"0.0","0.0","0.0","0.0","0","0","true","AKR1B10","0.0","0","0","0","0","0","0","Infinity","false","0","AKR1B10","0","0.0"
"7","1.8275862068965518","0.002650715458597232","0.5471698113207547","0.4","5","2","false","TMEM200C","12.8","0","5","0","0","0","0","0.9714625445897741","false","0","TMEM200C","12","0.4413793103448276"
"16","1.8666666666666667","0.0","0.5357142857142857","1.0","2","2","false","CCT8L1P","12.5","0","2","0",,"0","0","0.9422222222222222","false","0","CCT8L1P","0","0.8333333333333334"
"8","1.7692307692307692","0.007875457875457875","0.5652173913043479","0.5333333333333333","6","2","false","IGLV1-36","10.333333333333334","0","6","0",,"0","0","0.9704142011834319","false","0","IGLV1-36","14","0.3974358974358974"
"48","1.0","0.0","1.0","0.0","1","1","false","ZKSCAN4","1.0","0","1","0","0","0","0","1.0","false","0","ZKSCAN4","0","0.0"
"5","2.0256410256410255","0.0","0.4936708860759494","0.0","1","3","false","GSG1L2","37.0","0","1","0",,"0","0","0.9722799722799724","false","0","GSG1L2","0","0.0"
"30","1.8","0.0","0.5555555555555556","0.0","1","2","false","EAPP","5.0","0","1",,"0","0","0","0.8400000000000001","false","0","EAPP","0","0.0"
,"0.0","0.0","0.0","0.0","0","0","true","SLC2A1","0.0","0","0","0","0","0","0","Infinity","false","0","SLC2A1","0","0.0"
"9","1.6521739130434783","0.024967061923583656","0.6052631578947368","0.4166666666666667","9","3","false","ARMH4","8.555555555555555","0","9","0","0","0","0","0.9703557312252965","false","0","ARMH4","42","0.3888888888888889"
"16","1.8666666666666667","0.0","0.5357142857142857","1.0","2","2","false","RGL4","12.5","0","2",,"0","0","0","0.9422222222222222","false","0","RGL4","0","0.8333333333333334"
"3","1.9130434782608696","9.66183574879227E-4","0.5227272727272727","0.6666666666666666","4","2","false","MCHR1","18.75","0","4","0","0","0","0","0.9801512287334594","false","0","MCHR1","4","0.4076086956521739"
"18","1.7142857142857142","0.0","0.5833333333333334","1.0","4","2","false","DENND2A","10.75","0","4",,"0","0","0","0.9489795918367347","false","0","DENND2A","0","0.7678571428571429"
"47","1.0","0.0","1.0","0.0","1","1","false","CEP162","1.0","0","1","0","0","0","0","1.0","false","0","CEP162","0","0.0"
"46","1.0","0.0","1.0","0.0","1","1","false","FAM120AOS","1.0","0","1","0","0","0","0","1.0","false","0","FAM120AOS","0","0.0"
"8","1.7692307692307692","0.01128205128205128","0.5652173913043479","0.4666666666666667","6","2","false","CHCT1","9.166666666666666","0","6","0","0","0","0","0.9704142011834319","false","0","CHCT1","16","0.3525641025641026"
"19","1.8461538461538463","0.00641025641025641","0.5416666666666666","0.6666666666666666","3","3","false","FRMPD4","7.0","0","3","0","0","0","0","0.9294871794871794","false","0","FRMPD4","2","0.5833333333333334"
"18","1.0714285714285714","0.16410256410256413","0.9333333333333333","0.3974358974358974","13","2","false","TRIP11","6.538461538461538","0","13","0","0","0","0","0.9948979591836735","false","0","TRIP11","94","0.46703296703296704"
,"0.0","0.0","0.0","0.0","0","0","true","NONO","0.0","0","0","0","0","0","0","Infinity","false","0","NONO","0","0.0"
"21","1.8","0.0","0.5555555555555556","1.0","2","2","false","SP2","6.0","0","2",,"0","0","0","0.9199999999999999","false","0","SP2","0","0.6"
"45","1.0","0.0","1.0","0.0","1","1","false","MAP4K5","1.0","0","1","0","0","0","0","1.0","false","0","MAP4K5","0","0.0"
"1","1.9814814814814814","0.0","0.5046728971962617","0.0","1","2","false","GLYAT","54.0","0","1",,"0","0","0","0.9818244170096022","false","0","GLYAT","0","0.0"
,"0.0","0.0","0.0","0.0","0","0","true","CORO1B","0.0","0","0","0","0","0","0","Infinity","false","0","CORO1B","0","0.0"
"9","1.8695652173913044","9.881422924901185E-4","0.5348837209302325","0.6666666666666666","4","3","false","IGHV4-39","15.0","0","4","0","0","0","0","0.9604743083003953","false","0","IGHV4-39","4","0.6818181818181818"
,"0.0","0.0","0.0","0.0","0","0","true","BMS1","0.0","0","0","0","0","0","0","Infinity","false","0","BMS1","0","0.0"
"26","1.4285714285714286","0.015873015873015872","0.7","0.8333333333333334","4","2","false","DLGAP1","4.75","0","4","0",,"0","0","0.9387755102040816","false","0","DLGAP1","2","0.6785714285714286"
"1","1.7962962962962963","0.0073957605404146275","0.5567010309278351","0.36363636363636365","11","2","false","CD82","14.090909090909092","0","11","0","0","0","0","0.9852537722908093","false","0","CD82","70","0.2609427609427609"
,"0.0","0.0","0.0","0.0","0","0","true","RNF2","0.0","0","0","0","0","0","0","Infinity","false","0","RNF2","0","0.0"
,"0.0","0.0","0.0","0.0","0","0","true","SYNE4","0.0","0","0","0","0","0","0","Infinity","false","0","SYNE4","0","0.0"
"19","2.0","0.0","0.5","0.0","1","3","false","PDE5A","12.0","0","1","0",,"0","0","0.9166666666666666","false","0","PDE5A","0","0.0"
"13","1.95","0.0","0.5128205128205129","0.0","1","2","false","OR51I2","20.0","0","1",,"0","0","0","0.9525","false","0","OR51I2","0","0.0"
"11","1.9047619047619047","0.0","0.525","1.0","2","2","false","ZBTB22","12.5","0","2","0","0","0","0","0.9569160997732427","false","0","ZBTB22","0","0.5952380952380952"
,"0.0","0.0","0.0","0.0","0","0","true","CEP126","0.0","0","0","0","0","0","0","Infinity","false","0","CEP126","0","0.0"
"5","1.8461538461538463","0.0026690500761708184","0.5416666666666666","0.6666666666666666","6","2","false","MCAM","15.166666666666666","0","6","0","0","0","0","0.9771309771309771","false","0","MCAM","36","0.3888888888888889"
"2","2.0","0.0","0.5","1.0","2","3","false","CD72","38.0","0","2","0","0","0","0","0.98","false","0","CD72","0","0.76"
"44","1.0","0.0","1.0","0.0","1","1","false","HEBP1","1.0","0","1","0","0","0","0","1.0","false","0","HEBP1","0","0.0"
"2","1.9230769230769231","0.0016000690794457408","0.52","0.4","5","3","false","FCRL6","22.4","0","5",,"0","0","0","0.9815384615384616","false","0","FCRL6","44","0.444"
"3","1.934782608695652","0.0","0.5168539325842697","1.0","3","2","false","CLNK","24.333333333333332","0","3",,"0","0","0","0.979678638941399","false","0","CLNK","0","0.5289855072463768"
"2","2.423076923076923","0.0020739064856711916","0.41269841269841273","0.3","5","3","false","BRDT","9.4","0","5",,"0","0","0","0.9715384615384616","false","0","BRDT","14","0.391304347826087"
"23","1.7777777777777777","0.0","0.5625","1.0","2","2","false","TLNRD1","5.5","0","2","0","0","0","0","0.9135802469135802","false","0","TLNRD1","0","0.6111111111111112"
,"0.0","0.0","0.0","0.0","0","0","true","GKAP1","0.0","0","0","0","0","0","0","Infinity","false","0","GKAP1","0","0.0"
"9","1.8695652173913044","0.001129305477131564","0.5348837209302325","0.6666666666666666","3","2","false","STARD3NL","13.666666666666666","0","3","0","0","0","0","0.9604743083003953","false","0","STARD3NL","4","0.5942028985507246"
,"0.0","0.0","0.0","0.0","0","0","true","ZNF133","0.0","0","0","0","0","0","0","Infinity","false","0","ZNF133","0","0.0"
,"0.0","0.0","0.0","0.0","0","0","true","POLI","0.0","0","0",,"0","0","0","Infinity","false","0","POLI","0","0.0"
"43","1.0","0.0","1.0","0.0","1","1","false","SOCS5","1.0","0","1","0","0","0","0","1.0","false","0","SOCS5","0","0.0"
,"0.0","0.0","0.0","0.0","0","0","true","POLR2M","0.0","0","0","0","0","0","0","Infinity","false","0","POLR2M","0","0.0"
"5","1.9743589743589745","4.4984255510571296E-4","0.5064935064935064","0.6666666666666666","3","3","false","C9orf64","17.0","0","3",,"0","0","0","0.9736659736659735","false","0","C9orf64","2","0.4594594594594595"
"13","1.95","0.0","0.5128205128205129","0.0","1","2","false","OR6C1","20.0","0","1",,"0","0","0","0.9525","false","0","OR6C1","0","0.0"
"3","1.9565217391304348","0.0","0.5111111111111111","1.0","2","2","false","D2HGDH","25.5","0","2",,"0","0","0","0.9792060491493383","false","0","D2HGDH","0","0.5543478260869565"
"25","1.625","0.017857142857142856","0.6153846153846154","0.6666666666666666","3","2","false","GABRB2","4.333333333333333","0","3","0","0","0","0","0.921875","false","0","GABRB2","2","0.5416666666666666"
,"0.0","0.0","0.0","0.0","0","0","true","UTP15","0.0","0","0","0","0","0","0","Infinity","false","0","UTP15","0","0.0"
"20","1.9","0.0","0.5263157894736842","0.0","1","2","false","NT5DC4","10.0","0","1",,"0","0","0","0.9099999999999999","false","0","NT5DC4","0","0.0"
,"0.0","0.0","0.0","0.0","0","0","true","TRIM23","0.0","0","0","0","0","0","0","Infinity","false","0","TRIM23","0","0.0"
"29","1.8","0.0","0.5555555555555556","0.0","1","2","false","LSM6","5.0","0","1","0","0","0","0","0.8400000000000001","false","0","LSM6","0","0.0"
,"0.0","0.0","0.0","0.0","0","0","true","ZNF629","0.0","0","0","0","0","0","0","Infinity","false","0","ZNF629","0","0.0"
"25","1.875","0.0","0.5333333333333333","0.0","1","2","false","CTSC","8.0","0","1","0","0","0","0","0.890625","false","0","CTSC","0","0.0"
"18","1.5","0.018315018315018316","0.6666666666666666","0.6190476190476191","7","2","false","SNX33","9.0","0","7",,"0","0","0","0.9642857142857143","false","0","SNX33","16","0.6428571428571429"
"20","1.8","0.0","0.5555555555555556","1.0","2","2","false","HMGCS2","7.5","0","2","0","0","0","0","0.9199999999999999","false","0","HMGCS2","0","0.75"
"7","1.793103448275862","0.008315740089139104","0.5576923076923077","0.3333333333333333","6","2","false","RTF1","9.5","0","6",,"0","0","0","0.9726516052318669","false","0","RTF1","20","0.3275862068965517"
"24","1.875","0.0","0.5333333333333333","0.0","1","2","false","NCOA7","8.0","0","1","0","0","0","0","0.890625","false","0","NCOA7","0","0.0"
"35","1.6666666666666667","0.0","0.6","0.0","1","2","false","MCM8","3.0","0","1",,"0","0","0","0.7777777777777777","false","0","MCM8","0","0.0"
"41","1.0","0.0","1.0","0.0","1","1","false","ZNF275","1.0","0","1","0","0","0","0","1.0","false","0","ZNF275","0","0.0"
"42","1.0","0.0","1.0","0.0","1","1","false","KYNU","1.0","0","1","0","0","0","0","1.0","false","0","KYNU","0","0.0"
,"0.0","0.0","0.0","0.0","0","0","true","CCDC13","0.0","0","0","0","0","0","0","Infinity","false","0","CCDC13","0","0.0"
,"0.0","0.0","0.0","0.0","0","0","true","CDK5RAP2","0.0","0","0","0","0","0","0","Infinity","false","0","CDK5RAP2","0","0.0"
"13","1.75","0.015789473684210527","0.5714285714285714","0.4","5","2","false","CCSER1","6.2","0","5",,"0","0","0","0.9625","false","0","CCSER1","12","0.31"
"10","1.8636363636363635","0.0","0.5365853658536586","1.0","3","2","false","TBKBP1","16.333333333333332","0","3","0","0","0","0","0.9607438016528925","false","0","TBKBP1","0","0.7424242424242424"
"8","1.9230769230769231","0.0","0.52","1.0","2","2","false","PRELID2","16.0","0","2","0","0","0","0","0.9644970414201184","false","0","PRELID2","0","0.6153846153846154"
"41","1.0","0.0","1.0","0.0","1","1","false","BAHD1","1.0","0","1","0","0","0","0","1.0","false","0","BAHD1","0","0.0"
,"0.0","0.0","0.0","0.0","0","0","true","NOP9","0.0","0","0","0","0","0","0","Infinity","false","0","NOP9","0","0.0"
,"0.0","0.0","0.0","0.0","0","0","true","XRCC1","0.0","0","0","0","0","0","0","Infinity","false","0","XRCC1","0","0.0"
"1","1.8703703703703705","0.0011125783138361755","0.5346534653465346","0.6666666666666666","7","2","false","ZFP57","25.857142857142858","0","7",,"0","0","0","0.9838820301783264","false","0","ZFP57","14","0.47883597883597884"
,"0.0","0.0","0.0","0.0","0","0","true","OFD1","0.0","0","0","0","0","0","0","Infinity","false","0","OFD1","0","0.0"
