"__leidenCluster","AverageShortestPathLength","BetweennessCentrality","ClosenessCentrality","ClusteringCoefficient","Degree","Eccentricity","IsSingleNode","name","NeighborhoodConnectivity","NumberOfDirectedEdges","NumberOfUndirectedEdges","OP_A","OP_B","OP_check","PartnerOfMultiEdgedNodePairs","Radiality","selected","SelfLoops","shared name","Stress","TopologicalCoefficient"
"1","1.625","0.05816210995018602","0.6153846153846154","0.22631578947368422","22","3","false","MYC","10.35","0","21","1","1","1","0","0.9857954545454546","false","1","MYC","412","0.2288888888888889"
"1","1.7083333333333333","0.01848537752401958","0.5853658536585367","0.3626373626373626","14","2","false","PSMA4","13.428571428571429","0","14","0","0","0","0","0.9839015151515151","false","0","PSMA4","148","0.27976190476190477"
"6","1.0","0.8472222222222222","1.0","0.1111111111111111","11","1","false","CALCA","1.8888888888888888","0","10","1","1","1","0","1.0","false","1","CALCA","64","0.25925925925925924"
"6","1.8888888888888888","0.0","0.5294117647058824","0.0","1","2","false","COL9A3","9.0","0","1",,"0","0","0","0.9012345679012346","false","0","COL9A3","0","0.0"
"8","1.3333333333333333","0.0","0.75","1.0","2","2","false","XPNPEP2","2.5","0","2","0","0","0","0","0.888888888888889","false","0","XPNPEP2","0","0.8333333333333334"
"8","1.0","0.6666666666666666","1.0","0.3333333333333333","5","1","false","NOS3","1.6666666666666667","0","4","1","1","1","0","1.0","false","1","NOS3","4","0.6666666666666666"
"9","1.9375","0.0","0.5161290322580645","0.0","1","2","false","IGLV1-51","16.0","0","1","0",,"0","0","0.94140625","false","0","IGLV1-51","0","0.0"
"9","1.0","0.9375","1.0","0.05","16","1","false","SOST","1.75","0","16","1","1","1","0","1.0","false","0","SOST","228","0.16964285714285715"
"10","1.0","0.5566091954022988","1.0","0.11954022988505747","30","1","false","MYCN","4.466666666666667","0","30","1","1","1","0","1.0","false","0","MYCN","766","0.14888888888888888"
"11","0.0","0.0","0.0","0.0","0","0","true","TSR3","0.0","0","0",,"0","0","0","Infinity","false","0","TSR3","0","0.0"
"16","1.4074074074074074","0.04955466344355233","0.7105263157894737","0.45","18","2","false","BMP7","10.75","0","17","1","1","1","0","0.9849108367626885","false","1","BMP7","132","0.39814814814814814"
"16","1.8518518518518519","2.035002035002035E-4","0.54","0.8333333333333334","4","2","false","FAM83C","20.25","0","4",,"0","0","0","0.9684499314128944","false","0","FAM83C","2","0.75"
"17","1.0526315789473684","0.7758284600389863","0.9500000000000001","0.09803921568627451","20","2","false","RELA","2.7222222222222223","0","19","1","1","1","0","0.9970760233918128","false","1","RELA","306","0.1746031746031746"
"17","1.894736842105263","0.001949317738791423","0.5277777777777778","0.6666666666666666","3","3","false","OR51A4","8.666666666666666","0","3","0","0","0","0","0.9502923976608186","false","0","OR51A4","2","0.48148148148148145"
"27","1.0526315789473684","0.18487618619197568","0.9500000000000001","0.39869281045751637","20","2","false","AKT1","7.833333333333333","0","19","1","1","1","0","0.9970760233918128","false","1","AKT1","212","0.41228070175438597"
"27","1.736842105263158","0.10526315789473684","0.5757575757575757","0.6","5","2","false","KLHL40","11.8","0","5","0","0","0","0","0.9590643274853802","false","0","KLHL40","92","0.6444444444444445"
"29","1.1","0.3595707857802177","0.9090909090909091","0.14603174603174604","36","2","false","COL3A1","7.5","0","36","1","1","1","0","0.9972222222222222","false","0","COL3A1","1284","0.1915954415954416"
"15","3.125","0.25","0.32","0.0","2","6","false","PTPN18","1.5","0","2","0","0","0","0","0.2916666666666667","false","0","PTPN18","14","0.5"
"38","0.0","0.0","0.0","0.0","0","0","true","POLB","0.0","0","0","0","0","0","0","Infinity","false","0","POLB","0","0.0"
"39","1.0","0.6047557997557996","1.0","0.1076923076923077","42","1","false","COL1A1","5.2","0","41","1","1","1","0","1.0","false","1","COL1A1","1392","0.13"
"19","1.9090909090909092","0.043419913419913414","0.5238095238095238","0.0","3","3","false","POF1B","5.333333333333333","0","3","0","0","0","0","0.8484848484848485","false","0","POF1B","26","0.7222222222222222"
"19","2.090909090909091","0.011818181818181818","0.4782608695652174","0.0","2","3","false","ANXA3","6.0","0","2","0","0","0","0","0.8181818181818182","false","0","ANXA3","8","0.8333333333333334"
"1","1.0833333333333333","0.3497999695592676","0.9230769230769231","0.15961945031712474","46","2","false","TRAF6","8.659090909090908","0","45","1","1","1","0","0.9981060606060606","false","1","TRAF6","1918","0.18039772727272727"
"63","1.0","0.3286363636363636","1.0","0.1641025641025641","40","1","false","COL1A2","7.4","0","40","1","1","1","0","1.0","false","0","COL1A2","1304","0.185"
"63","1.875","6.351981351981353E-4","0.5333333333333333","0.7","5","2","false","NAP1L3","27.2","0","5","0","0","0","0","0.978125","false","0","NAP1L3","6","0.68"
"76","1.6","0.023701738874152663","0.625","0.36363636363636365","12","2","false","RAMACL","11.75","0","12","0","0","0","0","0.98","false","0","RAMACL","84","0.39166666666666666"
"76","1.0","0.32356042425007936","1.0","0.2620689655172414","30","1","false","MYCL","8.6","0","30","1","1","1","0","1.0","false","0","MYCL","642","0.2866666666666667"
"77","1.7142857142857142","0.014909732163810268","0.5833333333333334","0.2","10","2","false","FGF10","11.3","0","10","0",,"0","0","0.9789915966386554","false","0","FGF10","88","0.32285714285714284"
"77","1.0285714285714285","0.47099358103312633","0.9722222222222223","0.18716577540106952","36","2","false","TP53","7.264705882352941","0","35","1","1","1","0","0.9991596638655463","false","1","TP53","1014","0.20756302521008405"
"5","1.7241379310344827","0.07574351961667233","0.5800000000000001","0.34545454545454546","11","3","false","BMI1","8.090909090909092","0","11","0","0","0","0","0.9482758620689655","false","0","BMI1","202","0.32954545454545453"
"29","1.775","0.009228988603988604","0.5633802816901409","0.3333333333333333","9","2","false","ELAC2","14.444444444444445","0","9","0","0","0","0","0.9784722222222223","false","0","ELAC2","66","0.3611111111111111"
"5","2.103448275862069","0.03064449917898194","0.4754098360655738","0.0","4","3","false","CLN5","6.75","0","4","0","0","0","0","0.9211822660098522","false","0","CLN5","84","0.3194444444444444"
"85","1.0","0.8555555555555556","1.0","0.1111111111111111","10","1","false","COL5A1","2.0","0","10","1","1","1","0","1.0","false","0","COL5A1","80","0.24285714285714285"
"10","1.9333333333333333","0.0","0.5172413793103449","1.0","2","2","false","RAB38","26.5","0","2","0","0","0","0","0.9688888888888889","false","0","RAB38","0","0.8833333333333333"
"87","1.8928571428571428","0.0","0.5283018867924528","1.0","3","2","false","SRRM5","20.333333333333332","0","3","0","0","0","0","0.9681122448979592","false","0","SRRM5","0","0.7261904761904762"
"87","1.0","0.4111982447299908","1.0","0.21428571428571427","28","1","false","PROCR","6.785714285714286","0","28","1","1","1","0","1.0","false","0","PROCR","594","0.2423469387755102"
"88","1.0","0.38986928104575164","1.0","0.2679738562091503","18","1","false","SPP1","5.555555555555555","0","18","1","1","1","0","1.0","false","0","SPP1","224","0.30864197530864196"
"88","1.8333333333333333","0.0016339869281045752","0.5454545454545455","0.6666666666666666","3","2","false","RFESD","11.666666666666666","0","3",,"0","0","0","0.9537037037037037","false","0","RFESD","2","0.6481481481481481"
"29","1.85","0.011516532121248146","0.5405405405405405","0.3055555555555556","11","3","false","NFKB1","11.88888888888889","0","10","1","1","1","0","0.9763888888888889","false","1","NFKB1","80","0.3271604938271605"
"16","1.1481481481481481","0.18472175972175978","0.8709677419354839","0.25296442687747034","25","2","false","PRKACA","7.956521739130435","0","24","1","1","1","0","0.9945130315500685","false","1","PRKACA","378","0.2946859903381642"
"61","1.68","0.012869047619047618","0.5952380952380952","0.5","8","2","false","IGHV7-81","10.625","0","8","0","0","0","0","0.9728","false","0","IGHV7-81","28","0.425"
"61","1.0","0.36063888888888895","1.0","0.23333333333333334","27","1","false","BMP2","6.6","0","26","1","1","1","0","1.0","false","1","BMP2","460","0.264"
"28","1.8076923076923077","0.04597802197802197","0.5531914893617021","0.14285714285714285","9","3","false","MAPK1","6.0","0","8","1","1","1","0","0.9648829431438127","false","1","MAPK1","66","0.2653061224489796"
"91","0.0","0.0","0.0","0.0","0","0","true","RNF157","0.0","0","0",,"0","0","0","Infinity","false","0","RNF157","0","0.0"
"88","1.3888888888888888","0.08850762527233116","0.72","0.34545454545454546","11","2","false","CC2D1B","6.818181818181818","0","11","0","0","0","0","0.9783950617283951","false","0","CC2D1B","72","0.3787878787878788"
"78","0.0","0.0","0.0","0.0","0","0","true","IFNK","0.0","0","0",,"0","0","0","Infinity","false","0","IFNK","0","0.0"
"53","1.1818181818181819","0.5212121212121211","0.8461538461538461","0.25","11","2","false","CASP3","3.2222222222222223","0","10","1","1","1","0","0.9797979797979798","false","1","CASP3","78","0.29292929292929293"
"82","1.0769230769230769","0.39636752136752135","0.9285714285714286","0.25757575757575757","14","2","false","SRC","3.9166666666666665","0","13","1","1","1","0","0.9935897435897436","false","1","SRC","112","0.30128205128205127"
"82","1.5384615384615385","0.16559829059829057","0.6499999999999999","0.4666666666666667","6","2","false","COL4A4","6.0","0","6","0","0","0","0","0.9551282051282052","false","0","COL4A4","48","0.4861111111111111"
"7","2.6666666666666665","0.0","0.375","0.0","1","4","false","RPS27L","2.0","0","1","0","0","0","0","0.5833333333333334","false","0","RPS27L","0","0.0"
"87","1.75","0.009313848996388678","0.5714285714285714","0.38095238095238093","7","2","false","TMEM41A","12.142857142857142","0","7","0","0","0","0","0.9732142857142857","false","0","TMEM41A","26","0.4336734693877551"
"88","1.7777777777777777","0.0","0.5625","1.0","4","2","false","POLR3GL","12.5","0","4",,"0","0","0","0.95679012345679","false","0","POLR3GL","0","0.6944444444444444"
"51","1.25","0.14499158249158245","0.8","0.4444444444444444","11","2","false","PTGS2","4.888888888888889","0","10","1","1","1","0","0.9722222222222222","false","1","PTGS2","64","0.4074074074074074"
"51","1.75","0.0035774410774410776","0.5714285714285714","0.8333333333333334","4","3","false","EPB41L3","8.0","0","4","0","0","0","0","0.9166666666666666","false","0","EPB41L3","4","0.7272727272727273"
"39","1.875","0.0023504273504273503","0.5333333333333333","0.4","5","2","false","GPR146","13.4","0","5","0","0","0","0","0.978125","false","0","GPR146","12","0.335"
"76","1.9","0.0","0.5263157894736842","1.0","3","2","false","STK3","22.0","0","3","0","0","0","0","0.9700000000000001","false","0","STK3","0","0.7333333333333333"
"93","1.05","0.5822431077694236","0.9523809523809523","0.17543859649122806","21","2","false","PGR","4.2105263157894735","0","20","1","1","1","0","0.9973684210526316","false","1","PGR","308","0.23839009287925697"
"93","1.9","0.002631578947368421","0.5263157894736842","0.6666666666666666","3","3","false","ERLEC1","9.0","0","3","0","0","0","0","0.9526315789473685","false","0","ERLEC1","2","0.47368421052631576"
"40","0.0","0.0","0.0","0.0","0","0","true","IKBKE-AS1","0.0","0","0",,"0","0","0","Infinity","false","0","IKBKE-AS1","0","0.0"
"30","0.0","0.0","0.0","0.0","0","0","true","KLK9","0.0","0","0",,"0","0","0","Infinity","false","0","KLK9","0","0.0"
"41","1.5","0.0","0.6666666666666666","0.0","1","2","false","DPH1","2.0","0","1","0","0","0","0","0.75","false","0","DPH1","0","0.0"
"95","1.0","0.658119658119658","1.0","0.16666666666666666","13","1","false","VTN","3.0","0","13","1","1","1","0","1.0","false","0","VTN","130","0.27692307692307694"
"95","1.8461538461538463","0.0","0.5416666666666666","1.0","2","2","false","PFKL","10.5","0","2","0","0","0","0","0.9349112426035503","false","0","PFKL","0","0.8076923076923077"
"97","1.0576923076923077","0.49807850622668537","0.9454545454545454","0.09863945578231292","49","2","false","COL5A3","6.714285714285714","0","49","1","1","1","0","0.9988226059654631","false","0","COL5A3","3002","0.12912087912087913"
"97","1.7692307692307692","0.014636011801293168","0.5652173913043479","0.3787878787878788","12","2","false","RARS1","10.5","0","12","0","0","0","0","0.9843014128728415","false","0","RARS1","170","0.20192307692307693"
"63","1.925","0.0","0.5194805194805194","1.0","3","2","false","ZNF669","29.666666666666668","0","3",,"0","0","0","0.976875","false","0","ZNF669","0","0.7416666666666667"
"10","1.9","2.8735632183908046E-4","0.5263157894736842","0.6666666666666666","3","2","false","SMIM44","20.666666666666668","0","3","0","0","0","0","0.9700000000000001","false","0","SMIM44","2","0.6888888888888889"
"88","1.4444444444444444","0.04651416122004357","0.6923076923076923","0.4888888888888889","10","2","false","PRR5","8.0","0","10","0","0","0","0","0.9753086419753088","false","0","PRR5","46","0.4444444444444444"
"39","1.85","0.004807692307692308","0.5405405405405405","0.4666666666666667","6","2","false","NPAS1","10.333333333333334","0","6","0","0","0","0","0.97875","false","0","NPAS1","16","0.25833333333333336"
"15","2.625","0.42857142857142855","0.38095238095238093","0.0","2","5","false","FITM2","2.0","0","2","0","0","0","0","0.4583333333333333","false","0","FITM2","24","0.5"
"102","1.1818181818181819","0.7727272727272727","0.8461538461538461","0.1111111111111111","11","2","false","PTGS1","2.111111111111111","0","10","1","1","1","0","0.9797979797979798","false","1","PTGS1","92","0.23809523809523808"
"102","2.090909090909091","0.0","0.4782608695652174","0.0","1","3","false","CLCA2","9.0","0","1",,"0","0","0","0.8787878787878788","false","0","CLCA2","0","0.0"
"16","1.7407407407407407","0.0013036346369679705","0.574468085106383","0.8571428571428571","7","2","false","ARHGAP28","16.142857142857142","0","7",,"0","0","0","0.9725651577503429","false","0","ARHGAP28","6","0.5978835978835979"
"31","1.5","0.0","0.6666666666666666","0.0","1","2","false","SNAP47","2.0","0","1","0","0","0","0","0.75","false","0","SNAP47","0","0.0"
"97","1.8269230769230769","0.011205603167147596","0.5473684210526316","0.19444444444444445","9","2","false","NCR1","14.777777777777779","0","9","0",,"0","0","0.9831240188383045","false","0","NCR1","234","0.2911111111111111"
"2","1.015625","0.2675229800787836","0.9846153846153847","0.11623143881208398","65","2","false","COL5A2","9.095238095238095","0","64","1","1","1","0","0.9997519841269841","false","1","COL5A2","3452","0.14211309523809523"
"2","1.390625","0.07799516565885611","0.7191011235955056","0.1700404858299595","39","2","false","RABL6","11.153846153846153","0","39","0","0","0","0","0.9937996031746031","false","0","RABL6","1230","0.17427884615384615"
"32","2.0","0.0","0.5","0.0","1","3","false","UTS2R","3.0","0","1",,"0","0","0","0.6666666666666666","false","0","UTS2R","0","0.0"
"83","1.0","0.861111111111111","1.0","0.1111111111111111","11","1","false","GSK3B","1.8888888888888888","0","10","1","1","1","0","1.0","false","1","GSK3B","64","0.25925925925925924"
"83","1.6666666666666667","0.013888888888888888","0.6","0.6666666666666666","3","2","false","ZNF710","4.333333333333333","0","3","0","0","0","0","0.925925925925926","false","0","ZNF710","2","0.48148148148148145"
"28","1.1153846153846154","0.48332234432234433","0.896551724137931","0.14624505928853754","25","2","false","BCL2","4.521739130434782","0","24","1","1","1","0","0.9949832775919731","false","1","BCL2","484","0.1791304347826087"
"19","2.272727272727273","0.00974025974025974","0.43999999999999995","0.0","2","4","false","CAPG","5.0","0","2","0","0","0","0","0.7878787878787877","false","0","CAPG","6","0.8"
"18","0.0","0.0","0.0","0.0","0","0","true","EGR3","0.0","0","0",,"0","0","0","Infinity","false","0","EGR3","0","0.0"
"62","1.0","0.565076923076923","1.0","0.14153846153846153","28","1","false","TNFSF11","4.538461538461538","0","27","1","1","1","0","1.0","false","1","TNFSF11","558","0.17455621301775148"
"62","1.7692307692307692","0.011282051282051281","0.5652173913043479","0.4666666666666667","6","2","false","HSP90AA4P","9.5","0","6","0","0","0","0","0.9704142011834319","false","0","HSP90AA4P","16","0.36538461538461536"
"2","1.9375","1.8778344671201813E-5","0.5161290322580645","0.6666666666666666","4","2","false","TCEANC","49.5","0","4","0","0","0","0","0.9851190476190477","false","0","TCEANC","4","0.7734375"
"10","1.9","0.0011494252873563218","0.5263157894736842","0.6666666666666666","3","2","false","IGKV2D-30","14.333333333333334","0","3","0",,"0","0","0.9700000000000001","false","0","IGKV2D-30","2","0.4777777777777778"
"62","1.6538461538461537","0.026666666666666665","0.6046511627906977","0.3888888888888889","9","2","false","DCDC2C","8.88888888888889","0","9","0","0","0","0","0.9748520710059172","false","0","DCDC2C","44","0.3418803418803419"
"64","0.0","0.0","0.0","0.0","0","0","true","FRMD6-AS1","0.0","0","0",,"0","0","0","Infinity","false","0","FRMD6-AS1","0","0.0"
"115","1.0","0.75","1.0","0.2","7","1","false","ESR1","1.8","0","6","1","1","1","0","1.0","false","1","ESR1","16","0.4666666666666667"
"115","1.6","0.0","0.625","1.0","2","2","false","TAOK3","4.0","0","2","0","0","0","0","0.8800000000000001","false","0","TAOK3","0","0.8"
"28","1.9615384615384615","0.0015384615384615385","0.5098039215686275","0.6666666666666666","3","3","false","LRFN3","10.0","0","3","0","0","0","0","0.9581939799331104","false","0","LRFN3","2","0.4166666666666667"
"116","1.2857142857142858","0.5952380952380952","0.7777777777777777","0.3","7","2","false","NTRK1","2.6","0","6","1","1","1","0","0.9428571428571428","false","1","NTRK1","30","0.4"
"116","1.7142857142857142","0.2857142857142857","0.5833333333333334","0.3333333333333333","3","3","false","IFNLR1","3.3333333333333335","0","3","0","0","0","0","0.8571428571428571","false","0","IFNLR1","16","0.6"
"29","1.9","0.0012655400155400153","0.5263157894736842","0.3","5","3","false","RIPK2","21.0","0","5","0",,"0","0","0.9750000000000001","false","0","RIPK2","26","0.5473684210526316"
"85","1.9","0.0","0.5263157894736842","0.0","1","2","false","FOXRED2","10.0","0","1",,"0","0","0","0.9099999999999999","false","0","FOXRED2","0","0.0"
"63","1.85","1.7482517482517483E-4","0.5405405405405405","0.8666666666666667","6","2","false","OR9A1P","25.333333333333332","0","6",,"0","0","0","0.97875","false","0","OR9A1P","4","0.6333333333333333"
"27","1.5789473684210527","0.014728594991752886","0.6333333333333333","0.6666666666666666","9","3","false","PGA4","11.0","0","9","0","0","0","0","0.9678362573099416","false","0","PGA4","24","0.6111111111111112"
"39","1.775","0.013782051282051282","0.5633802816901409","0.2777777777777778","9","2","false","CFAP107","10.88888888888889","0","9","0","0","0","0","0.9806250000000001","false","0","CFAP107","52","0.2722222222222222"
"10","1.9333333333333333","0.0","0.5172413793103449","1.0","2","2","false","NKX2-8","26.5","0","2","0","0","0","0","0.9688888888888889","false","0","NKX2-8","0","0.8833333333333333"
"77","1.7714285714285714","0.004982427908774918","0.5645161290322581","0.42857142857142855","8","2","false","C3orf84","14.375","0","8","0","0","0","0","0.9773109243697479","false","0","C3orf84","42","0.4107142857142857"
"42","0.0","0.0","0.0","0.0","0","0","true","PPM1J","0.0","0","0","0","0","0","0","Infinity","false","0","PPM1J","0","0.0"
"2","1.921875","4.633566389518771E-5","0.5203252032520326","0.7","5","2","false","NPY4R","44.8","0","5","0","0","0","0","0.9853670634920635","false","0","NPY4R","6","0.7"
"2","1.890625","8.767164273116654E-4","0.5289256198347108","0.47619047619047616","7","2","false","CYB5RL","31.0","0","7","0","0","0","0","0.9858630952380952","false","0","CYB5RL","22","0.484375"
"77","1.9714285714285715","0.0","0.5072463768115941","1.0","2","3","false","TBC1D28","26.0","0","2",,"0","0","0","0.9714285714285713","false","0","TBC1D28","0","0.7647058823529411"
"69","2.0","0.0","0.5","0.0","1","3","false","CRTC3","5.0","0","1","0","0","0","0","0.8","false","0","CRTC3","0","0.0"
"63","1.875","5.8275058275058275E-5","0.5333333333333333","0.9","5","2","false","UAP1","28.8","0","5","0","0","0","0","0.978125","false","0","UAP1","2","0.72"
"28","1.8461538461538463","0.0074761904761904766","0.5416666666666666","0.3333333333333333","4","2","false","NCAPG","11.25","0","4","0","0","0","0","0.9632107023411371","false","0","NCAPG","20","0.44"
"27","1.894736842105263","4.49842555105713E-4","0.5277777777777778","0.6666666666666666","3","3","false","PDXDC1","16.0","0","3","0","0","0","0","0.9502923976608186","false","0","PDXDC1","2","0.8888888888888888"
"117","1.0714285714285714","0.4945054945054945","0.9333333333333333","0.21794871794871795","15","2","false","JUN","3.6923076923076925","0","14","1","1","1","0","0.9945054945054945","false","1","JUN","142","0.26373626373626374"
"117","1.9285714285714286","0.0","0.5185185185185185","1.0","2","3","false","TPPP2","10.0","0","2","0","0","0","0","0.9285714285714286","false","0","TPPP2","0","0.7692307692307693"
"70","1.0","1.0","1.0","0.0","2","1","false","PECAM1","1.0","0","2","0","0","0","0","1.0","false","0","PECAM1","2","0.0"
"104","3.3333333333333335","0.0","0.3","0.0","1","5","false","ZNF185","2.0","0","1",,"0","0","0","0.22222222222222218","false","0","ZNF185","0","0.0"
"19","1.5454545454545454","0.3261904761904761","0.6470588235294118","0.0","6","3","false","GABPA","2.8333333333333335","0","6","0","0","0","0","0.9090909090909092","false","0","GABPA","98","0.4583333333333333"
"118","1.0","0.0","1.0","0.0","1","1","false","CYB5A","1.0","0","1","0","0","0","0","1.0","false","0","CYB5A","0","0.0"
"1","1.7708333333333333","0.007686331186230112","0.5647058823529412","0.36363636363636365","11","2","false","OR51M1","16.90909090909091","0","11","0","0","0","0","0.9824810606060606","false","0","OR51M1","142","0.3522727272727273"
"77","1.8857142857142857","0.0015533486121721415","0.5303030303030303","0.5","5","3","false","MOB2","15.2","0","5","0","0","0","0","0.9739495798319328","false","0","MOB2","10","0.4470588235294118"
"84","1.1176470588235294","0.5417892156862745","0.8947368421052632","0.20952380952380953","15","2","false","CTSK","4.133333333333334","0","15","1","1","1","0","0.9921568627450981","false","0","CTSK","218","0.26666666666666666"
"84","1.7058823529411764","0.012622549019607842","0.5862068965517242","0.7","5","2","false","CASKIN2","7.8","0","5","0","0","0","0","0.9529411764705883","false","0","CASKIN2","14","0.4588235294117647"
"62","1.7307692307692308","0.011743589743589742","0.5777777777777777","0.42857142857142855","7","2","false","CTNNA3","10.0","0","7","0","0","0","0","0.9718934911242604","false","0","CTNNA3","24","0.38461538461538464"
"92","1.5","0.0","0.6666666666666666","0.0","1","2","false","CHPF2","2.0","0","1",,"0","0","0","0.75","false","0","CHPF2","0","0.0"
"58","1.8888888888888888","0.0","0.5294117647058824","1.0","2","3","false","VGLL3","5.0","0","2","0","0","0","0","0.8222222222222222","false","0","VGLL3","0","0.625"
"56","2.0","0.0","0.5","0.0","1","3","false","OOSP4A","11.0","0","1","0",,"0","0","0.9090909090909091","false","0","OOSP4A","0","0.0"
"56","1.0833333333333333","0.9242424242424243","0.9230769230769231","0.05454545454545454","11","2","false","BGLAP","1.6363636363636365","0","11","1","1","1","0","0.9924242424242423","false","0","BGLAP","122","0.16883116883116883"
"33","0.0","0.0","0.0","0.0","0","0","true","RUNDC3B","0.0","0","0","0","0","0","0","Infinity","false","0","RUNDC3B","0","0.0"
"119","0.0","0.0","0.0","0.0","0","0","true","OR13C8","0.0","0","0","0",,"0","0","Infinity","false","0","OR13C8","0","0.0"
"95","1.7692307692307692","0.003205128205128205","0.5652173913043479","0.6666666666666666","3","2","false","RPS6KC1","7.333333333333333","0","3",,"0","0","0","0.9408284023668638","false","0","RPS6KC1","2","0.5641025641025641"
"120","1.105263157894737","0.39580896686159833","0.9047619047619047","0.17647058823529413","19","2","false","MAPK14","4.0588235294117645","0","18","1","1","1","0","0.9938080495356038","false","1","MAPK14","294","0.21362229102167182"
"120","1.894736842105263","0.0","0.5277777777777778","1.0","3","3","false","YME1L1","12.666666666666666","0","3","0","0","0","0","0.9473684210526315","false","0","YME1L1","0","0.7037037037037037"
"87","1.75","0.005540858318636095","0.5714285714285714","0.5238095238095238","7","2","false","DHRS13","12.857142857142858","0","7","0","0","0","0","0.9732142857142857","false","0","DHRS13","20","0.45918367346938777"
"29","1.875","5.76923076923077E-4","0.5333333333333333","0.7","5","2","false","ZNF311","18.8","0","5",,"0","0","0","0.9756944444444444","false","0","ZNF311","6","0.47"
"56","1.9166666666666667","0.0","0.5217391304347826","1.0","2","3","false","STX16","6.5","0","2","0",,"0","0","0.9166666666666667","false","0","STX16","0","0.5909090909090909"
"1","1.6041666666666667","0.03227489228427901","0.6233766233766234","0.2573099415204678","19","2","false","PMS2","13.052631578947368","0","19","0","0","0","0","0.9862689393939394","false","0","PMS2","298","0.2719298245614035"
"43","0.0","0.0","0.0","0.0","0","0","true","CCKAR","0.0","0","0",,"0","0","0","Infinity","false","0","CCKAR","0","0.0"
"93","2.0","0.0","0.5","0.0","1","3","false","ZNF582","19.0","0","1",,"0","0","0","0.9473684210526315","false","0","ZNF582","0","0.0"
"97","1.9423076923076923","1.5812355271594203E-4","0.5148514851485149","0.6666666666666666","4","3","false","SLC2A11","25.0","0","4","0","0","0","0","0.9807692307692307","false","0","SLC2A11","12","0.49019607843137253"
"97","1.9807692307692308","1.5733738769863688E-4","0.5048543689320388","0.3333333333333333","3","3","false","ITFG2","35.333333333333336","0","3",,"0","0","0","0.9799843014128727","false","0","ITFG2","18","0.7142857142857143"
"93","1.85","0.003383458646616541","0.5405405405405405","0.5","4","3","false","RHOBTB3","10.75","0","4","0","0","0","0","0.9552631578947368","false","0","RHOBTB3","6","0.5657894736842105"
"87","1.6428571428571428","0.017231460485428736","0.6086956521739131","0.37777777777777777","10","2","false","SGCA","11.3","0","10","0","0","0","0","0.9770408163265306","false","0","SGCA","56","0.4035714285714286"
"17","2.736842105263158","0.0","0.36538461538461536","0.0","1","3","false","FKBP10","4.0","0","1","0","0","0","0","0.9035087719298246","false","0","FKBP10","0","0.0"
"93","1.9","7.518796992481202E-4","0.5263157894736842","0.6666666666666666","3","3","false","RASGEF1B","12.666666666666666","0","3","0","0","0","0","0.9526315789473685","false","0","RASGEF1B","2","0.6666666666666666"
"77","2.4","0.0014005602240896359","0.4166666666666667","0.0","3","3","false","KAT5","8.333333333333334","0","3","0","0","0","0","0.9588235294117647","false","0","KAT5","6","0.4888888888888889"
"93","2.0","0.0","0.5","0.0","1","3","false","PLCZ1","19.0","0","1",,"0","0","0","0.9473684210526315","false","0","PLCZ1","0","0.0"
"2","1.859375","0.0017715419501133792","0.5378151260504201","0.4722222222222222","9","2","false","UBA2","22.88888888888889","0","9",,"0","0","0","0.986359126984127","false","0","UBA2","38","0.3576388888888889"
"93","1.8","0.011842105263157895","0.5555555555555556","0.4","5","3","false","AP3B1","7.6","0","5","0","0","0","0","0.9578947368421052","false","0","AP3B1","12","0.4"
"87","1.7857142857142858","0.007142857142857143","0.5599999999999999","0.4","6","2","false","GTF2A1L","12.166666666666666","0","6","0","0","0","0","0.9719387755102041","false","0","GTF2A1L","18","0.43452380952380953"
"97","1.8846153846153846","0.001417871515879824","0.5306122448979592","0.4666666666666667","6","2","false","SHC2","21.833333333333332","0","6",,"0","0","0","0.9819466248037676","false","0","SHC2","38","0.4198717948717949"
"65","0.0","0.0","0.0","0.0","0","0","true","TMIGD2","0.0","0","0",,"0","0","0","Infinity","false","0","TMIGD2","0","0.0"
"121","1.5","0.0","0.6666666666666666","0.0","3","2","false","AR","2.0","0","2","1","1","1","0","0.75","false","1","AR","0","0.0"
"121","1.0","1.0","1.0","0.0","2","1","false","RBL2","1.0","0","2","0","0","0","0","1.0","false","0","RBL2","2","0.0"
"63","1.875","0.0","0.5333333333333333","1.0","5","2","false","GTF2H1","26.2","0","5","0","0","0","0","0.978125","false","0","GTF2H1","0","0.655"
"52","1.8","0.6000000000000001","0.5555555555555556","0.0","2","3","false","GPANK1","2.0","0","2","0","0","0","0","0.6","false","0","GPANK1","12","0.5"
"16","1.8888888888888888","0.0","0.5294117647058824","1.0","3","2","false","NCAPH","19.0","0","3",,"0","0","0","0.9670781893004116","false","0","NCAPH","0","0.7037037037037037"
"39","1.75","0.014178876678876677","0.5714285714285714","0.35555555555555557","10","2","false","KCNK13","12.5","0","10","0","0","0","0","0.98125","false","0","KCNK13","58","0.3125"
"10","1.8666666666666667","2.8735632183908046E-4","0.5357142857142857","0.8333333333333334","4","2","false","ADARB2-AS1","17.25","0","4","0",,"0","0","0.9711111111111111","false","0","ADARB2-AS1","2","0.575"
"16","1.8518518518518519","2.035002035002035E-4","0.54","0.8333333333333334","4","2","false","MFSD4A","20.5","0","4","0","0","0","0","0.9684499314128944","false","0","MFSD4A","2","0.7592592592592593"
"5","2.103448275862069","4.6182266009852215E-4","0.4754098360655738","0.9","5","3","false","MSI2","11.2","0","5","0","0","0","0","0.9211822660098522","false","0","MSI2","4","0.5333333333333333"
"102","2.090909090909091","0.0","0.4782608695652174","0.0","1","3","false","KLHL13","9.0","0","1",,"0","0","0","0.8787878787878788","false","0","KLHL13","0","0.0"
"104","2.6666666666666665","0.0","0.375","1.0","2","5","false","HELLS","2.5","0","2","0","0","0","0","0.4444444444444445","false","0","HELLS","0","0.8333333333333334"
"97","1.8846153846153846","9.044708893570253E-4","0.5306122448979592","0.5333333333333333","6","2","false","THNSL2","23.666666666666668","0","6",,"0","0","0","0.9819466248037676","false","0","THNSL2","36","0.4551282051282051"
"2","1.890625","1.1549393617845999E-4","0.5289256198347108","0.7619047619047619","7","2","false","TRIM59","39.714285714285715","0","7","0","0","0","0","0.9858630952380952","false","0","TRIM59","10","0.6205357142857143"
"1","2.0","0.004362968591691995","0.5","0.10714285714285714","8","3","false","ZNF319","12.125","0","8","0","0","0","0","0.9772727272727273","false","0","ZNF319","52","0.3229166666666667"
"52","3.0","0.0","0.3333333333333333","0.0","1","5","false","TLX3","2.0","0","1","0","0","0","0","0.0","false","0","TLX3","0","0.0"
"62","1.8846153846153846","0.0","0.5306122448979592","1.0","3","2","false","TCTN1","17.666666666666668","0","3","0","0","0","0","0.9659763313609468","false","0","TCTN1","0","0.6794871794871795"
"28","1.8076923076923077","0.004106227106227107","0.5531914893617021","0.6","5","2","false","PSMD13","12.8","0","5","0","0","0","0","0.9648829431438127","false","0","PSMD13","12","0.49230769230769234"
"2","1.9375","1.8778344671201813E-5","0.5161290322580645","0.6666666666666666","4","2","false","PDIA2","46.75","0","4","0","0","0","0","0.9851190476190477","false","0","PDIA2","4","0.73046875"
"87","1.8928571428571428","6.613756613756613E-4","0.5283018867924528","0.6666666666666666","3","2","false","AKAP17A","13.666666666666666","0","3","0","0","0","0","0.9681122448979592","false","0","AKAP17A","2","0.4880952380952381"
"5","1.7586206896551724","0.08448409144221954","0.5686274509803921","0.2222222222222222","9","3","false","UBE2I","8.222222222222221","0","9","0","0","0","0","0.9458128078817734","false","0","UBE2I","210","0.32"
"76","1.7","0.011203107237589997","0.5882352941176471","0.3888888888888889","9","2","false","KCNJ12","12.555555555555555","0","9","0","0","0","0","0.9766666666666667","false","0","KCNJ12","44","0.4185185185185185"
"117","1.3571428571428572","0.16483516483516486","0.7368421052631579","0.2222222222222222","9","2","false","SHTN1","4.111111111111111","0","9","0","0","0","0","0.9725274725274725","false","0","SHTN1","70","0.29365079365079366"
"1","1.8125","0.003193053084570442","0.5517241379310345","0.4444444444444444","9","2","false","RASSF2","20.11111111111111","0","9","0","0","0","0","0.9815340909090909","false","0","RASSF2","48","0.41898148148148145"
"84","2.0588235294117645","0.0","0.48571428571428577","0.0","1","3","false","CARD14","15.0","0","1",,"0","0","0","0.9294117647058824","false","0","CARD14","0","0.0"
"39","1.925","0.0","0.5194805194805194","1.0","3","2","false","KCNJ2","22.333333333333332","0","3","0","0","0","0","0.976875","false","0","KCNJ2","0","0.5583333333333333"
"28","1.8846153846153846","4.3956043956043956E-4","0.5306122448979592","0.6666666666666666","3","2","false","WNT9A","16.333333333333332","0","3","0",,"0","0","0.9615384615384616","false","0","WNT9A","2","0.6282051282051282"
"87","1.8214285714285714","0.0030486268581506673","0.5490196078431373","0.5","5","2","false","RBMX2","13.6","0","5",,"0","0","0","0.9706632653061223","false","0","RBMX2","10","0.4857142857142857"
"10","1.8666666666666667","3.8314176245210724E-4","0.5357142857142857","0.8333333333333334","4","2","false","TDGF1","16.75","0","4","0","0","0","0","0.9711111111111111","false","0","TDGF1","2","0.5583333333333333"
"76","1.5333333333333334","0.040664195319367734","0.6521739130434783","0.4065934065934066","14","2","false","GOLGA3","11.571428571428571","0","14","0","0","0","0","0.9822222222222222","false","0","GOLGA3","108","0.38571428571428573"
"29","2.05","0.0046785159285159285","0.48780487804878053","0.23809523809523808","7","3","false","ZCCHC2","10.428571428571429","0","7",,"0","0","0","0.9708333333333334","false","0","ZCCHC2","34","0.34285714285714286"
"2","1.125","0.19555585989737767","0.8888888888888888","0.09480519480519481","56","2","false","BOD1L1","8.535714285714286","0","56","0","0","0","0","0.998015873015873","false","0","BOD1L1","2788","0.13337053571428573"
"10","1.8666666666666667","0.001532567049808429","0.5357142857142857","0.6666666666666666","4","2","false","ARF5","15.75","0","4","0","0","0","0","0.9711111111111111","false","0","ARF5","4","0.525"
"61","1.8","0.005888888888888889","0.5555555555555556","0.4","5","2","false","FAM161B","10.2","0","5","0","0","0","0","0.968","false","0","FAM161B","12","0.408"
"27","1.5263157894736843","0.019525308998993206","0.6551724137931034","0.7222222222222222","9","2","false","MIDEAS","11.333333333333334","0","9","0","0","0","0","0.9707602339181286","false","0","MIDEAS","30","0.5964912280701754"
"96","1.0","0.0","1.0","0.0","1","1","false","PPM1B","1.0","0","1","0","0","0","0","1.0","false","0","PPM1B","0","0.0"
"77","1.9142857142857144","4.481792717086835E-4","0.5223880597014925","0.6666666666666666","3","2","false","NXPH3","16.666666666666668","0","3","0",,"0","0","0.9731092436974791","false","0","NXPH3","4","0.47619047619047616"
"98","0.0","0.0","0.0","0.0","0","0","true","ZNF136","0.0","0","0",,"0","0","0","Infinity","false","0","ZNF136","0","0.0"
"27","1.6842105263157894","0.006934001670843776","0.59375","0.7142857142857143","7","3","false","CNTLN","11.428571428571429","0","7","0","0","0","0","0.9619883040935674","false","0","CNTLN","12","0.6349206349206349"
"103","0.0","0.0","0.0","0.0","0","0","true","KCNJ1","0.0","0","0","0","0","0","0","Infinity","false","0","KCNJ1","0","0.0"
"77","1.8857142857142857","0.0013632119514472457","0.5303030303030303","0.6666666666666666","4","2","false","CAPZB","15.5","0","4","0","0","0","0","0.9739495798319328","false","0","CAPZB","6","0.44285714285714284"
"16","1.8518518518518519","4.748338081671415E-4","0.54","0.8333333333333334","4","2","false","RIOX2","18.25","0","4","0","0","0","0","0.9684499314128944","false","0","RIOX2","2","0.6759259259259259"
"88","1.7777777777777777","8.169934640522876E-4","0.5625","0.8333333333333334","4","2","false","ANKRD22","12.25","0","4",,"0","0","0","0.95679012345679","false","0","ANKRD22","2","0.6805555555555556"
"16","1.8148148148148149","0.0010221260221260223","0.5510204081632653","0.7","5","2","false","ACP5","16.8","0","5","0","0","0","0","0.9698216735253772","false","0","ACP5","6","0.6222222222222222"
"1","1.8125","0.006193125240336595","0.5517241379310345","0.3333333333333333","9","2","false","OR12D2","18.22222222222222","0","9","0","0","0","0","0.9815340909090909","false","0","OR12D2","118","0.38534278959810875"
"97","1.9615384615384615","1.5733738769863688E-4","0.5098039215686275","0.6666666666666666","4","3","false","COX11","28.0","0","4","0","0","0","0","0.9803767660910518","false","0","COX11","18","0.56"
"10","1.2333333333333334","0.24003831417624522","0.8108108108108107","0.1225296442687747","23","2","false","PHACTR2","4.869565217391305","0","23","0","0","0","0","0.9922222222222222","false","0","PHACTR2","444","0.16231884057971013"
"16","1.7037037037037037","0.005596255596255596","0.5869565217391304","0.6785714285714286","8","2","false","SKI","14.875","0","8","0","0","0","0","0.9739368998628258","false","0","SKI","18","0.5509259259259259"
"63","1.875","1.7482517482517483E-4","0.5333333333333333","0.8","5","2","false","HOXA13","28.6","0","5",,"0","0","0","0.978125","false","0","HOXA13","4","0.715"
"82","1.1538461538461537","0.26816239316239315","0.8666666666666667","0.2909090909090909","11","2","false","ZC3H13","4.181818181818182","0","11","0","0","0","0","0.9871794871794872","false","0","ZC3H13","90","0.32167832167832167"
"77","1.7142857142857142","0.013607442977190878","0.5833333333333334","0.2545454545454545","11","3","false","RNF168","11.545454545454545","0","11",,"0","0","0","0.9789915966386554","false","0","RNF168","82","0.339572192513369"
"7","1.8333333333333333","0.3333333333333333","0.5454545454545455","0.0","2","3","false","EIF2S1","2.5","0","2","0","0","0","0","0.7916666666666667","false","0","EIF2S1","10","0.5"
"76","1.9333333333333333","0.0","0.5172413793103449","1.0","2","2","false","FBXL18","25.0","0","2",,"0","0","0","0.9688888888888889","false","0","FBXL18","0","0.8333333333333334"
"87","1.8571428571428572","0.0015432098765432096","0.5384615384615384","0.6666666666666666","4","2","false","C10orf67","15.25","0","4","0","0","0","0","0.9693877551020408","false","0","C10orf67","4","0.5446428571428571"
"39","1.925","0.0","0.5194805194805194","1.0","3","2","false","MSTN","27.333333333333332","0","3","0","0","0","0","0.976875","false","0","MSTN","0","0.6833333333333333"
"17","1.7894736842105263","0.012670565302144249","0.5588235294117647","0.5","4","2","false","OR1M1","7.0","0","4","0","0","0","0","0.956140350877193","false","0","OR1M1","10","0.3684210526315789"
"44","0.0","0.0","0.0","0.0","0","0","true","CHN1","0.0","0","0",,"0","0","0","Infinity","false","0","CHN1","0","0.0"
"58","2.4444444444444446","0.0","0.40909090909090906","0.0","1","4","false","TAPT1","5.0","0","1","0","0","0","0","0.711111111111111","false","0","TAPT1","0","0.0"
"120","1.894736842105263","0.0","0.5277777777777778","1.0","3","3","false","USO1","13.666666666666666","0","3","0","0","0","0","0.9473684210526315","false","0","USO1","0","0.7592592592592593"
"2","1.921875","1.8778344671201813E-5","0.5203252032520326","0.8","5","2","false","PUS1","44.6","0","5",,"0","0","0","0.9853670634920635","false","0","PUS1","4","0.696875"
"87","1.8214285714285714","5.584950029394473E-4","0.5490196078431373","0.8","5","2","false","SH3D21","16.4","0","5","0","0","0","0","0.9706632653061223","false","0","SH3D21","4","0.5857142857142857"
"61","1.84","0.0011309523809523811","0.5434782608695652","0.5","4","2","false","IGHV1-45","17.0","0","4","0",,"0","0","0.9664","false","0","IGHV1-45","6","0.68"
"93","1.9","0.0013157894736842105","0.5263157894736842","0.6666666666666666","3","3","false","CPSF3","10.333333333333334","0","3",,"0","0","0","0.9526315789473685","false","0","CPSF3","2","0.543859649122807"
"63","1.9","2.1367521367521368E-4","0.5263157894736842","0.8333333333333334","4","2","false","AP1M2","22.5","0","4","0","0","0","0","0.9775","false","0","AP1M2","2","0.5625"
"97","1.9038461538461537","5.749479278891043E-4","0.5252525252525253","0.6","5","2","false","MAMLD1","22.0","0","5",,"0","0","0","0.9815541601255887","false","0","MAMLD1","12","0.4230769230769231"
"27","1.8421052631578947","4.49842555105713E-4","0.5428571428571428","0.8333333333333334","4","3","false","PGA3","15.5","0","4","0",,"0","0","0.9532163742690059","false","0","PGA3","2","0.8611111111111112"
"88","1.7777777777777777","8.169934640522876E-4","0.5625","0.8333333333333334","4","2","false","LCN15","12.25","0","4",,"0","0","0","0.95679012345679","false","0","LCN15","2","0.6805555555555556"
"97","1.8269230769230769","0.006559304785948385","0.5473684210526316","0.3055555555555556","9","2","false","DZIP1","11.88888888888889","0","9","0","0","0","0","0.9831240188383045","false","0","DZIP1","106","0.22863247863247863"
"16","1.6296296296296295","0.011448119781453115","0.6136363636363636","0.5777777777777777","10","2","false","SULT1A4","12.6","0","10","0","0","0","0","0.9766803840877915","false","0","SULT1A4","38","0.4666666666666667"
"29","1.725","0.014314556959080285","0.5797101449275363","0.32727272727272727","11","2","false","SULT1E1","13.363636363636363","0","11","0","0","0","0","0.9798611111111111","false","0","SULT1E1","140","0.3340909090909091"
"88","1.8333333333333333","8.169934640522876E-4","0.5454545454545455","0.6666666666666666","3","2","false","GRAMD2B","12.666666666666666","0","3",,"0","0","0","0.9537037037037037","false","0","GRAMD2B","2","0.7037037037037037"
"75","2.25","0.0","0.4444444444444444","0.0","1","3","false","TRIM69","2.0","0","1","0","0","0","0","0.5833333333333334","false","0","TRIM69","0","0.0"
"1","1.875","0.006501651093849674","0.5333333333333333","0.37777777777777777","10","3","false","TRIM55","13.1","0","10","0","0","0","0","0.9801136363636364","false","0","TRIM55","68","0.29772727272727273"
"16","1.8148148148148149","5.200560756116312E-4","0.5510204081632653","0.8","5","2","false","BTBD16","18.4","0","5","0","0","0","0","0.9698216735253772","false","0","BTBD16","4","0.6814814814814815"
"2","1.90625","4.2721718316956407E-4","0.5245901639344263","0.5333333333333333","6","2","false","TBX10","36.833333333333336","0","6","0","0","0","0","0.9856150793650794","false","0","TBX10","14","0.5755208333333334"
"102","2.6363636363636362","0.0","0.37931034482758624","0.0","1","4","false","CTDNEP1","4.0","0","1","0","0","0","0","0.8181818181818181","false","0","CTDNEP1","0","0.0"
"53","1.5454545454545454","0.10606060606060604","0.6470588235294118","0.4","5","2","false","SEPTIN5","4.8","0","5","0","0","0","0","0.9393939393939394","false","0","SEPTIN5","26","0.43636363636363634"
"63","1.9","0.0","0.5263157894736842","1.0","4","2","false","ERF","29.5","0","4",,"0","0","0","0.9775","false","0","ERF","0","0.7375"
"39","1.95","0.0","0.5128205128205129","1.0","2","2","false","CNMD","31.0","0","2","0","0","0","0","0.97625","false","0","CNMD","0","0.775"
"2","1.875","4.789552929433882E-4","0.5333333333333333","0.6785714285714286","8","2","false","ZDHHC11","34.0","0","8","0","0","0","0","0.9861111111111112","false","0","ZDHHC11","18","0.53125"
"10","1.7","0.02337164750957854","0.5882352941176471","0.25","9","2","false","FAM117B","7.0","0","9","0","0","0","0","0.9766666666666667","false","0","FAM117B","54","0.23333333333333334"
"16","1.3703703703703705","0.0772803328358884","0.7297297297297297","0.3382352941176471","17","2","false","IL16","9.294117647058824","0","17","0","0","0","0","0.9862825788751715","false","0","IL16","180","0.3442265795206972"
"34","0.0","0.0","0.0","0.0","0","0","true","IRX2","0.0","0","0",,"0","0","0","Infinity","false","0","IRX2","0","0.0"
"1","1.875","0.001019754385804053","0.5333333333333333","0.5333333333333333","6","2","false","UCP3","24.0","0","6","0","0","0","0","0.9801136363636364","false","0","UCP3","26","0.5"
"99","0.0","0.0","0.0","0.0","0","0","true","WNT2B","0.0","0","0",,"0","0","0","Infinity","false","0","WNT2B","0","0.0"
"62","1.3076923076923077","0.17923076923076922","0.7647058823529411","0.1895424836601307","18","2","false","ZCCHC8","5.555555555555555","0","18","0","0","0","0","0.9881656804733728","false","0","ZCCHC8","248","0.21367521367521367"
"62","1.7692307692307692","0.008717948717948718","0.5652173913043479","0.3333333333333333","6","2","false","KCNK18","9.0","0","6","0","0","0","0","0.9704142011834319","false","0","KCNK18","20","0.34615384615384615"
"85","1.7","0.011111111111111112","0.5882352941176471","0.6666666666666666","3","2","false","DEGS2","4.666666666666667","0","3",,"0","0","0","0.93","false","0","DEGS2","2","0.4666666666666667"
"62","1.9230769230769231","0.0","0.52","1.0","2","2","false","SERPINB10","22.0","0","2",,"0","0","0","0.9644970414201184","false","0","SERPINB10","0","0.8461538461538461"
"97","1.9038461538461537","5.027652086475615E-4","0.5252525252525253","0.8","5","2","false","MARK1","17.0","0","5","0","0","0","0","0.9815541601255887","false","0","MARK1","4","0.3269230769230769"
"58","1.4444444444444444","0.6944444444444444","0.6923076923076923","0.1","5","2","false","KRTAP10-9","2.2","0","5","0","0","0","0","0.9111111111111111","false","0","KRTAP10-9","50","0.26666666666666666"
"87","1.8571428571428572","0.002204585537918871","0.5384615384615384","0.6666666666666666","4","2","false","MYLK2","14.25","0","4","0","0","0","0","0.9693877551020408","false","0","MYLK2","4","0.5089285714285714"
"1","1.875","0.0012513925373750154","0.5333333333333333","0.3333333333333333","6","2","false","ZNF668","19.5","0","6","0","0","0","0","0.9801136363636364","false","0","ZNF668","26","0.40625"
"104","2.6666666666666665","0.0","0.375","1.0","2","5","false","RPAP3","2.5","0","2","0","0","0","0","0.4444444444444445","false","0","RPAP3","0","0.8333333333333334"
"62","1.9230769230769231","0.0","0.52","1.0","2","2","false","GSR","22.0","0","2","0","0","0","0","0.9644970414201184","false","0","GSR","0","0.8461538461538461"
"39","1.45","0.1094139194139194","0.6896551724137931","0.16883116883116883","22","2","false","SYT17","6.681818181818182","0","22","0","0","0","0","0.9887499999999999","false","0","SYT17","384","0.16704545454545455"
"17","1.5789473684210527","0.07602339181286548","0.6333333333333333","0.25","8","2","false","OR6C76","4.875","0","8","0","0","0","0","0.9678362573099416","false","0","OR6C76","54","0.2565789473684211"
"88","1.4444444444444444","0.05005446623093682","0.6923076923076923","0.4444444444444444","10","2","false","SALL2","7.6","0","10","0","0","0","0","0.9753086419753088","false","0","SALL2","50","0.4222222222222222"
"19","1.5454545454545454","0.26160173160173156","0.6470588235294118","0.1","5","2","false","JUP","4.2","0","5","0","0","0","0","0.9090909090909092","false","0","JUP","78","0.45"
"66","0.0","0.0","0.0","0.0","0","0","true","SLC2A4RG","0.0","0","0",,"0","0","0","Infinity","false","0","SLC2A4RG","0","0.0"
"19","2.272727272727273","0.0","0.43999999999999995","1.0","2","3","false","DUSP4","4.0","0","2","0","0","0","0","0.7878787878787877","false","0","DUSP4","0","0.6666666666666666"
"10","1.9333333333333333","0.0","0.5172413793103449","1.0","2","2","false","CFAP418","26.5","0","2","0","0","0","0","0.9688888888888889","false","0","CFAP418","0","0.8833333333333333"
"17","2.0","0.0","0.5","0.0","1","3","false","OR10D3","18.0","0","1",,"0","0","0","0.9444444444444444","false","0","OR10D3","0","0.0"
"29","1.7","0.029640220890220885","0.5882352941176471","0.28205128205128205","13","3","false","RUBCNL","11.923076923076923","0","13","0","0","0","0","0.9805555555555555","false","0","RUBCNL","142","0.3057199211045365"
"2","1.9375","2.204585537918871E-4","0.5161290322580645","0.6666666666666666","4","2","false","DGLUCY","33.5","0","4","0","0","0","0","0.9851190476190477","false","0","DGLUCY","4","0.5234375"
"76","1.7333333333333334","0.002636380222587119","0.5769230769230769","0.7142857142857143","8","2","false","ZNF438","15.625","0","8","0","0","0","0","0.9755555555555555","false","0","ZNF438","16","0.5208333333333334"
"9","1.9375","0.0","0.5161290322580645","0.0","1","2","false","TCFL5","16.0","0","1",,"0","0","0","0.94140625","false","0","TCFL5","0","0.0"
"63","1.85","0.0010897435897435897","0.5405405405405405","0.7333333333333333","6","2","false","PDZD4","18.166666666666668","0","6",,"0","0","0","0.97875","false","0","PDZD4","8","0.45416666666666666"
"63","1.9","5.8275058275058275E-5","0.5263157894736842","0.8333333333333334","4","2","false","USP17L6P","32.75","0","4",,"0","0","0","0.9775","false","0","USP17L6P","2","0.81875"
"1","1.8958333333333333","4.4296633001263786E-4","0.5274725274725275","0.6","5","2","false","METTL15P1","23.4","0","5","0","0","0","0","0.9796401515151515","false","0","METTL15P1","12","0.4875"
"28","1.9615384615384615","0.0","0.5098039215686275","1.0","2","3","false","NPEPL1","19.0","0","2",,"0","0","0","0.9581939799331104","false","0","NPEPL1","0","0.76"
"16","1.4444444444444444","0.0477322060655394","0.6923076923076923","0.37142857142857144","15","2","false","SULT1A1","9.8","0","15","0","0","0","0","0.9835390946502058","false","0","SULT1A1","132","0.362962962962963"
"61","1.72","0.004527777777777777","0.5813953488372093","0.5714285714285714","7","2","false","TMEM61","13.571428571428571","0","7","0","0","0","0","0.9712000000000001","false","0","TMEM61","18","0.5428571428571428"
"29","1.925","5.8275058275058275E-5","0.5194805194805194","0.6666666666666666","3","2","false","MINDY2","22.333333333333332","0","3","0","0","0","0","0.9743055555555556","false","0","MINDY2","2","0.5583333333333333"
"117","1.7142857142857142","0.1446886446886447","0.5833333333333334","0.3333333333333333","4","2","false","H2BC26","7.5","0","4","0","0","0","0","0.9450549450549451","false","0","H2BC26","52","0.5576923076923077"
"116","2.0","0.0","0.5","1.0","2","3","false","P2RX6","4.5","0","2","0",,"0","0","0.8","false","0","P2RX6","0","0.9"
"12","0.0","0.0","0.0","0.0","0","0","true","RPIA","0.0","0","0","0","0","0","0","Infinity","false","0","RPIA","0","0.0"
"84","1.8235294117647058","0.013112745098039214","0.5483870967741935","0.5","4","3","false","ZNF717","7.25","0","4","0","0","0","0","0.9450980392156862","false","0","ZNF717","10","0.453125"
"61","1.88","6.666666666666668E-4","0.5319148936170213","0.6666666666666666","3","2","false","GOLGA6D","13.666666666666666","0","3","0","0","0","0","0.9648","false","0","GOLGA6D","2","0.5466666666666666"
"5","1.9310344827586208","0.02484916903020351","0.5178571428571428","0.39285714285714285","8","3","false","PCBP1","8.125","0","8","0","0","0","0","0.9334975369458128","false","0","PCBP1","74","0.3532608695652174"
"77","1.6857142857142857","0.03344856659241237","0.5932203389830508","0.2545454545454545","11","2","false","MRE11","11.090909090909092","0","11","0","0","0","0","0.9798319327731093","false","0","MRE11","214","0.3235294117647059"
"63","1.675","0.015870240870240873","0.5970149253731343","0.44871794871794873","13","2","false","HPD","14.307692307692308","0","13","0","0","0","0","0.983125","false","0","HPD","86","0.3576923076923077"
"16","1.6666666666666667","0.009236648125537015","0.6","0.5833333333333334","9","2","false","ASXL2","13.222222222222221","0","9",,"0","0","0","0.9753086419753086","false","0","ASXL2","30","0.4897119341563786"
"97","1.9230769230769231","0.0015597156223641215","0.52","0.5","5","3","false","OSGIN2","21.6","0","5","0","0","0","0","0.9811616954474098","false","0","OSGIN2","64","0.4235294117647059"
"76","1.6333333333333333","0.018862433862433865","0.6122448979591837","0.45454545454545453","11","2","false","RABEP1","12.272727272727273","0","11",,"0","0","0","0.9788888888888889","false","0","RABEP1","60","0.4090909090909091"
"87","1.6428571428571428","0.01731964390694549","0.6086956521739131","0.35555555555555557","10","2","false","TRAV12-3","11.0","0","10","0","0","0","0","0.9770408163265306","false","0","TRAV12-3","58","0.39285714285714285"
"2","1.921875","4.3579931972789114E-5","0.5203252032520326","0.7","5","2","false","DCP2","45.4","0","5",,"0","0","0","0.9853670634920635","false","0","DCP2","6","0.709375"
"51","1.9166666666666667","0.0035774410774410776","0.5217391304347826","0.6666666666666666","3","3","false","ZFR2","8.666666666666666","0","3",,"0","0","0","0.8981481481481483","false","0","ZFR2","4","0.8666666666666667"
"9","1.9375","0.0","0.5161290322580645","0.0","1","2","false","ATXN10","16.0","0","1","0","0","0","0","0.94140625","false","0","ATXN10","0","0.0"
"28","1.8846153846153846","0.003076923076923077","0.5306122448979592","0.5","4","3","false","GRAP2","11.5","0","4","0",,"0","0","0.9615384615384616","false","0","GRAP2","6","0.46"
"82","1.9230769230769231","0.0","0.52","1.0","2","3","false","LRRC8E","11.5","0","2","0","0","0","0","0.923076923076923","false","0","LRRC8E","0","0.9583333333333334"
"77","1.9428571428571428","2.8011204481792715E-4","0.5147058823529412","0.6666666666666666","3","3","false","B9D1","18.666666666666668","0","3","0","0","0","0","0.9722689075630252","false","0","B9D1","2","0.5490196078431373"
"97","1.9230769230769231","0.0014212785705998376","0.52","0.4","5","3","false","ARHGEF15","15.8","0","5","0","0","0","0","0.9811616954474098","false","0","ARHGEF15","20","0.30980392156862746"
"15","2.25","0.5357142857142857","0.4444444444444444","0.0","2","4","false","CMKLR1","2.5","0","2",,"0","0","0","0.5833333333333334","false","0","CMKLR1","30","0.5"
"21","1.6666666666666667","0.5333333333333333","0.6","0.3333333333333333","3","3","false","PROP1","2.3333333333333335","0","3","0","0","0","0","0.7777777777777777","false","0","PROP1","16","0.5"
"124","0.0","0.0","0.0","0.0","0","0","true","ALDH1A2","0.0","0","0","0",,"0","0","Infinity","false","0","ALDH1A2","0","0.0"
"87","1.75","0.008340681951793062","0.5714285714285714","0.2857142857142857","7","2","false","COBLL1","11.428571428571429","0","7","0","0","0","0","0.9732142857142857","false","0","COBLL1","30","0.40816326530612246"
"61","1.8","0.0015476190476190477","0.5555555555555556","0.7","5","2","false","APOBEC3A","15.4","0","5","0","0","0","0","0.968","false","0","APOBEC3A","6","0.616"
"84","1.588235294117647","0.07267156862745097","0.6296296296296297","0.3333333333333333","7","2","false","QRICH2","5.857142857142857","0","7","0","0","0","0","0.9607843137254902","false","0","QRICH2","48","0.3445378151260504"
"97","1.6923076923076923","0.028685415121319092","0.5909090909090909","0.3","16","2","false","CNR2","13.25","0","16","1","1","1","0","0.9858712715855573","false","0","CNR2","442","0.2548076923076923"
"1","1.9375","8.865248226950355E-5","0.5161290322580645","0.8333333333333334","4","3","false","SNRNP48","24.5","0","4","0","0","0","0","0.9786931818181818","false","0","SNRNP48","2","0.5212765957446809"
"62","1.8846153846153846","0.0010256410256410256","0.5306122448979592","0.6666666666666666","3","2","false","SYN1","13.666666666666666","0","3",,"0","0","0","0.9659763313609468","false","0","SYN1","2","0.5256410256410257"
"87","1.7142857142857142","0.011338918283362727","0.5833333333333334","0.39285714285714285","8","2","false","MED15","11.125","0","8","0",,"0","0","0.9744897959183673","false","0","MED15","34","0.39732142857142855"
"1","1.9166666666666667","4.32708544410672E-4","0.5217391304347826","0.6","5","3","false","TRIB1","24.8","0","5","0","0","0","0","0.9791666666666667","false","0","TRIB1","8","0.5276595744680851"
"83","1.6666666666666667","0.013888888888888888","0.6","0.6666666666666666","3","2","false","ZPBP","4.333333333333333","0","3","0","0","0","0","0.925925925925926","false","0","ZPBP","2","0.48148148148148145"
"45","0.0","0.0","0.0","0.0","0","0","true","UBE2Q2","0.0","0","0","0","0","0","0","Infinity","false","0","UBE2Q2","0","0.0"
"1","2.0","0.0","0.5","1.0","3","3","false","GNAT2","27.666666666666668","0","3","0","0","0","0","0.9772727272727273","false","0","GNAT2","0","0.6148148148148148"
"16","1.8518518518518519","4.07000407000407E-4","0.54","0.8333333333333334","4","2","false","NMUR1","18.25","0","4",,"0","0","0","0.9684499314128944","false","0","NMUR1","2","0.6759259259259259"
"97","1.9038461538461537","7.460480716359361E-4","0.5252525252525253","0.5","5","2","false","TTYH1","22.6","0","5",,"0","0","0","0.9815541601255887","false","0","TTYH1","26","0.4346153846153846"
"120","1.5789473684210527","0.05116959064327485","0.6333333333333333","0.39285714285714285","8","2","false","ZNF277","6.75","0","8","0","0","0","0","0.9659442724458205","false","0","ZNF277","46","0.35526315789473684"
"116","1.5714285714285714","0.11904761904761904","0.6363636363636364","0.5","4","3","false","PCARE","3.0","0","4","0","0","0","0","0.8857142857142858","false","0","PCARE","10","0.5"
"29","1.875","0.002919106942940614","0.5333333333333333","0.3","5","2","false","LRP2BP","18.4","0","5","0","0","0","0","0.9756944444444444","false","0","LRP2BP","66","0.4666666666666667"
"29","1.775","0.013213225434320767","0.5633802816901409","0.25","9","2","false","HTR1E","13.222222222222221","0","9","0","0","0","0","0.9784722222222223","false","0","HTR1E","112","0.33618233618233617"
"1","1.875","0.0034046339955447354","0.5333333333333333","0.4","6","2","false","STAP1","19.5","0","6","0","0","0","0","0.9801136363636364","false","0","STAP1","60","0.40625"
"63","1.9","5.8275058275058275E-5","0.5263157894736842","0.8333333333333334","4","2","false","CAMKV","32.75","0","4",,"0","0","0","0.9775","false","0","CAMKV","2","0.81875"
"95","1.6923076923076923","0.011752136752136752","0.5909090909090909","0.5","4","2","false","FGD5","6.25","0","4","0","0","0","0","0.9467455621301776","false","0","FGD5","6","0.4807692307692308"
"46","1.0","0.0","1.0","0.0","1","1","false","ZNF397","1.0","0","1","0","0","0","0","1.0","false","0","ZNF397","0","0.0"
"1","1.7708333333333333","0.005980060736787896","0.5647058823529412","0.509090909090909","11","2","false","RAB24","17.454545454545453","0","11","0","0","0","0","0.9824810606060606","false","0","RAB24","70","0.36363636363636365"
"39","1.925","0.0","0.5194805194805194","1.0","3","2","false","OR2J1","27.333333333333332","0","3","0","0","0","0","0.976875","false","0","OR2J1","0","0.6833333333333333"
"47","3.1666666666666665","0.0","0.31578947368421056","0.0","1","5","false","CYB5R1","2.0","0","1","0","0","0","0","0.27777777777777785","false","0","CYB5R1","0","0.0"
"47","2.1666666666666665","0.3333333333333333","0.46153846153846156","0.0","2","4","false","PNMA8A","2.0","0","2","0","0","0","0","0.6111111111111112","false","0","PNMA8A","10","0.5"
"62","1.8846153846153846","0.0","0.5306122448979592","1.0","3","2","false","MIER2","16.666666666666668","0","3","0","0","0","0","0.9659763313609468","false","0","MIER2","0","0.6410256410256411"
"1","2.0","6.332320162107395E-5","0.5","0.6666666666666666","3","3","false","OR4K15","32.0","0","3","0","0","0","0","0.9772727272727273","false","0","OR4K15","2","0.7111111111111111"
"120","1.9473684210526316","0.0","0.5135135135135135","1.0","2","3","false","SH3RF3","16.5","0","2","0","0","0","0","0.9442724458204336","false","0","SH3RF3","0","0.9166666666666666"
"5","1.6551724137931034","0.08351841781644737","0.6041666666666666","0.2909090909090909","11","3","false","HNRNPM","7.2727272727272725","0","11","0","0","0","0","0.9532019704433498","false","0","HNRNPM","208","0.2597402597402597"
"5","2.3793103448275863","0.008771209633278598","0.42028985507246375","0.0","3","3","false","CALU","5.666666666666667","0","3","0","0","0","0","0.9014778325123152","false","0","CALU","18","0.3888888888888889"
"6","1.7777777777777777","0.0","0.5625","1.0","2","2","false","TRBJ1-2","5.5","0","2","0","0","0","0","0.9135802469135802","false","0","TRBJ1-2","0","0.6111111111111112"
"105","0.0","0.0","0.0","0.0","0","0","true","MFSD9","0.0","0","0","0","0","0","0","Infinity","false","0","MFSD9","0","0.0"
"97","1.8653846153846154","0.005516379501495956","0.5360824742268041","0.38095238095238093","7","2","false","APOBEC3C","21.142857142857142","0","7","0","0","0","0","0.9823390894819467","false","0","APOBEC3C","240","0.4065934065934066"
"29","1.45","0.08737979322157818","0.6896551724137931","0.23809523809523808","22","2","false","POPDC3","10.136363636363637","0","22","0","0","0","0","0.9874999999999999","false","0","POPDC3","452","0.2534090909090909"
"1","1.75","0.010701005178477017","0.5714285714285714","0.36363636363636365","12","2","false","EFCAB9","16.0","0","12","0","0","0","0","0.9829545454545454","false","0","EFCAB9","118","0.3333333333333333"
"87","1.4642857142857142","0.07274292433022593","0.6829268292682927","0.24761904761904763","15","2","false","SMIM26","8.666666666666666","0","15","0","0","0","0","0.9834183673469388","false","0","SMIM26","158","0.30952380952380953"
"67","0.0","0.0","0.0","0.0","0","0","true","IL32","0.0","0","0",,"0","0","0","Infinity","false","0","IL32","0","0.0"
"125","0.0","0.0","0.0","0.0","0","0","true","ENTPD5","0.0","0","0","0",,"0","0","Infinity","false","0","ENTPD5","0","0.0"
"16","1.8148148148148149","0.0012481345814679148","0.5510204081632653","0.7","5","2","false","SH3D19","17.4","0","5",,"0","0","0","0.9698216735253772","false","0","SH3D19","6","0.6444444444444445"
"28","2.0384615384615383","0.0","0.4905660377358491","1.0","2","3","false","CDY2B","17.0","0","2",,"0","0","0","0.9548494983277591","false","0","CDY2B","0","0.7391304347826086"
"97","1.9423076923076923","0.0","0.5148514851485149","1.0","3","2","false","ZNF595","22.0","0","3",,"0","0","0","0.9807692307692307","false","0","ZNF595","0","0.4230769230769231"
"17","2.0","0.0","0.5","0.0","1","3","false","BEAN1","18.0","0","1",,"0","0","0","0.9444444444444444","false","0","BEAN1","0","0.0"
"63","1.35","0.0960683760683761","0.7407407407407407","0.2","26","2","false","SF3A1","8.615384615384615","0","26","0","0","0","0","0.99125","false","0","SF3A1","520","0.2153846153846154"
"115","1.8","0.0","0.5555555555555556","0.0","1","2","false","CNNM2","5.0","0","1",,"0","0","0","0.8400000000000001","false","0","CNNM2","0","0.0"
"2","1.90625","2.667942176870748E-4","0.5245901639344263","0.7333333333333333","6","2","false","MRPL28","39.0","0","6","0","0","0","0","0.9856150793650794","false","0","MRPL28","8","0.609375"
"1","1.7083333333333333","0.023030550034966665","0.5853658536585367","0.2087912087912088","14","2","false","ODF3","12.928571428571429","0","14","0",,"0","0","0.9839015151515151","false","0","ODF3","224","0.2735562310030395"
"39","1.925","2.1367521367521368E-4","0.5194805194805194","0.6666666666666666","3","2","false","CCDC83","23.0","0","3","0","0","0","0","0.976875","false","0","CCDC83","2","0.575"
"1","1.6875","0.020211674186817356","0.5925925925925926","0.2857142857142857","15","2","false","OR4X1","14.933333333333334","0","15","0",,"0","0","0.984375","false","0","OR4X1","240","0.31631205673758866"
"15","3.0","0.0","0.3333333333333333","0.0","1","5","false","CRTAC1","3.0","0","1","0","0","0","0","0.3333333333333333","false","0","CRTAC1","0","0.0"
"79","0.0","0.0","0.0","0.0","0","0","true","FGF7","0.0","0","0",,"0","0","0","Infinity","false","0","FGF7","0","0.0"
"16","1.7407407407407407","0.00541886097441653","0.574468085106383","0.6666666666666666","7","2","false","TC2N","14.571428571428571","0","7","0","0","0","0","0.9725651577503429","false","0","TC2N","14","0.5396825396825397"
"84","1.7058823529411764","0.015073529411764704","0.5862068965517242","0.7","5","2","false","ARHGAP30","8.0","0","5","0","0","0","0","0.9529411764705883","false","0","ARHGAP30","14","0.47058823529411764"
"39","1.775","0.013183760683760684","0.5633802816901409","0.25","9","2","false","TCTN3","8.88888888888889","0","9","0","0","0","0","0.9806250000000001","false","0","TCTN3","54","0.2222222222222222"
"102","1.7272727272727273","0.1909090909090909","0.5789473684210527","0.3333333333333333","4","3","false","TLR5","4.0","0","4","0","0","0","0","0.9191919191919192","false","0","TLR5","28","0.4166666666666667"
"63","1.9","5.8275058275058275E-5","0.5263157894736842","0.8333333333333334","4","2","false","CAMK1G","32.75","0","4",,"0","0","0","0.9775","false","0","CAMK1G","2","0.81875"
"51","1.4166666666666667","0.14141414141414138","0.7058823529411764","0.32142857142857145","8","3","false","PRR14L","4.5","0","8","0","0","0","0","0.9537037037037037","false","0","PRR14L","60","0.4090909090909091"
"29","1.775","0.008896520146520145","0.5633802816901409","0.3888888888888889","9","2","false","FLYWCH1","12.222222222222221","0","9","0","0","0","0","0.9784722222222223","false","0","FLYWCH1","48","0.3055555555555556"
"126","0.0","0.0","0.0","0.0","0","0","true","SMIM23","0.0","0","0","0",,"0","0","Infinity","false","0","SMIM23","0","0.0"
"5","1.9655172413793103","0.02091823406478579","0.5087719298245614","0.3","5","3","false","WDR77","8.8","0","5","0","0","0","0","0.9310344827586208","false","0","WDR77","60","0.35833333333333334"
"48","0.0","0.0","0.0","0.0","0","0","true","ZRSR2","0.0","0","0","0","0","0","0","Infinity","false","0","ZRSR2","0","0.0"
"7","2.1666666666666665","0.0","0.46153846153846156","0.0","1","3","false","UBE2G1","4.0","0","1","0","0","0","0","0.7083333333333334","false","0","UBE2G1","0","0.0"
"17","1.894736842105263","0.001949317738791423","0.5277777777777778","0.6666666666666666","3","3","false","FGF13","9.666666666666666","0","3","0","0","0","0","0.9502923976608186","false","0","FGF13","2","0.5370370370370371"
"97","1.7692307692307692","0.01727628230200986","0.5652173913043479","0.3333333333333333","12","2","false","ST8SIA5","14.25","0","12","0","0","0","0","0.9843014128728415","false","0","ST8SIA5","304","0.2777777777777778"
"62","1.7692307692307692","0.00882051282051282","0.5652173913043479","0.4666666666666667","6","2","false","SOBP","11.0","0","6","0","0","0","0","0.9704142011834319","false","0","SOBP","16","0.4230769230769231"
"5","2.103448275862069","0.013345897397621534","0.4754098360655738","0.4","5","3","false","IGF2BP3","8.0","0","5","0","0","0","0","0.9211822660098522","false","0","IGF2BP3","44","0.39"
"118","1.0","0.0","1.0","0.0","1","1","false","MLEC","1.0","0","1","0","0","0","0","1.0","false","0","MLEC","0","0.0"
"1","1.8125","0.010852481784732623","0.5517241379310345","0.25","9","2","false","NVL","13.777777777777779","0","9","0","0","0","0","0.9815340909090909","false","0","NVL","130","0.2907801418439716"
"29","1.925","6.993006993006993E-4","0.5194805194805194","0.5","4","3","false","GOT1L1","20.25","0","4","0","0","0","0","0.9743055555555556","false","0","GOT1L1","6","0.5192307692307693"
"53","1.7272727272727273","0.18787878787878784","0.5789473684210527","0.3333333333333333","4","3","false","MRTFB","4.5","0","4",,"0","0","0","0.9191919191919192","false","0","MRTFB","34","0.4722222222222222"
"61","1.88","2.380952380952381E-4","0.5319148936170213","0.6666666666666666","3","2","false","IGHV4-61","19.666666666666668","0","3","0",,"0","0","0.9648","false","0","IGHV4-61","2","0.7866666666666666"
"49","0.0","0.0","0.0","0.0","0","0","true","CLDN22","0.0","0","0",,"0","0","0","Infinity","false","0","CLDN22","0","0.0"
"127","0.0","0.0","0.0","0.0","0","0","true","CCDC78","0.0","0","0","0",,"0","0","Infinity","false","0","CCDC78","0","0.0"
"97","2.019230769230769","0.01709540009902356","0.49523809523809526","0.08974358974358974","13","3","false","RIN3","8.692307692307692","0","13","0","0","0","0","0.979199372056515","false","0","RIN3","220","0.2517482517482518"
"2","1.859375","8.71480536659108E-4","0.5378151260504201","0.6666666666666666","9","2","false","NBPF6","30.0","0","9","0","0","0","0","0.986359126984127","false","0","NBPF6","24","0.46875"
"97","1.9807692307692308","1.5733738769863688E-4","0.5048543689320388","0.3333333333333333","3","3","false","IHH","35.333333333333336","0","3","0","0","0","0","0.9799843014128727","false","0","IHH","18","0.7142857142857143"
"2","1.90625","2.1856890904509952E-4","0.5245901639344263","0.6666666666666666","6","2","false","RASGEF1A","39.333333333333336","0","6","0","0","0","0","0.9856150793650794","false","0","RASGEF1A","10","0.6145833333333334"
"10","1.9","0.0","0.5263157894736842","1.0","3","2","false","IGHV3-9","20.0","0","3","0","0","0","0","0.9700000000000001","false","0","IGHV3-9","0","0.6666666666666666"
"2","1.875","4.7829664273116654E-4","0.5333333333333333","0.6428571428571429","8","2","false","CALHM2","35.875","0","8",,"0","0","0","0.9861111111111112","false","0","CALHM2","20","0.560546875"
"106","0.0","0.0","0.0","0.0","0","0","true","ZNF257","0.0","0","0","0","0","0","0","Infinity","false","0","ZNF257","0","0.0"
"29","1.825","0.0019225912975912975","0.547945205479452","0.5714285714285714","7","2","false","PDE7A","19.714285714285715","0","7",,"0","0","0","0.9770833333333333","false","0","PDE7A","26","0.4928571428571429"
"29","1.825","0.0014774346024346021","0.547945205479452","0.6190476190476191","7","2","false","ZNF221","19.571428571428573","0","7","0","0","0","0","0.9770833333333333","false","0","ZNF221","24","0.48928571428571427"
"68","0.0","0.0","0.0","0.0","0","0","true","RTP3","0.0","0","0","0","0","0","0","Infinity","false","0","RTP3","0","0.0"
"87","1.8214285714285714","0.001146384479717813","0.5490196078431373","0.7","5","2","false","VGF","15.6","0","5","0","0","0","0","0.9706632653061223","false","0","VGF","6","0.5571428571428572"
"56","2.0","0.0","0.5","0.0","1","3","false","FAM110C","11.0","0","1",,"0","0","0","0.9090909090909091","false","0","FAM110C","0","0.0"
"29","1.975","2.1853146853146856E-4","0.5063291139240506","0.3333333333333333","3","3","false","OTUD1","23.333333333333332","0","3","0","0","0","0","0.9729166666666667","false","0","OTUD1","4","0.6216216216216216"
"84","1.7058823529411764","0.1292892156862745","0.5862068965517242","0.3333333333333333","6","3","false","PWWP3A","6.166666666666667","0","6",,"0","0","0","0.9529411764705883","false","0","PWWP3A","72","0.4"
"1","1.5416666666666667","0.049627347641475354","0.6486486486486486","0.24675324675324675","22","2","false","PHC2","11.818181818181818","0","22","0","0","0","0","0.987689393939394","false","0","PHC2","440","0.24621212121212122"
"97","1.7307692307692308","0.01752642376882925","0.5777777777777777","0.24175824175824176","14","2","false","TELO2","12.142857142857142","0","14",,"0","0","0","0.9850863422291993","false","0","TELO2","190","0.23351648351648352"
"84","2.411764705882353","0.0","0.41463414634146345","1.0","2","4","false","TPTE2","6.5","0","2","0","0","0","0","0.9058823529411765","false","0","TPTE2","0","0.7222222222222222"
"29","1.825","0.005816822066822067","0.547945205479452","0.2857142857142857","8","3","false","AADACL4","16.0","0","8",,"0","0","0","0.9770833333333333","false","0","AADACL4","52","0.41776315789473684"
"28","2.1153846153846154","0.0073846153846153844","0.4727272727272727","0.6666666666666666","3","3","false","ZNF382","8.333333333333334","0","3",,"0","0","0","0.951505016722408","false","0","ZNF382","16","0.4166666666666667"
"56","1.75","0.16666666666666669","0.5714285714285714","0.3333333333333333","3","2","false","MECP2","4.666666666666667","0","3","0","0","0","0","0.9318181818181818","false","0","MECP2","22","0.3939393939393939"
"1","1.5","0.08686838633902216","0.6666666666666666","0.14666666666666667","25","3","false","CC2D1A","8.56","0","25","0","0","0","0","0.9886363636363636","false","0","CC2D1A","624","0.18212765957446808"
"1","1.9375","7.387706855791962E-5","0.5161290322580645","0.8333333333333334","4","3","false","OR52D1","25.75","0","4","0","0","0","0","0.9786931818181818","false","0","OR52D1","2","0.5478723404255319"
"2","1.921875","1.8778344671201813E-5","0.5203252032520326","0.8","5","2","false","CCNQ","45.6","0","5","0","0","0","0","0.9853670634920635","false","0","CCNQ","4","0.7125"
"9","1.875","0.0","0.5333333333333333","1.0","2","2","false","PODXL","9.5","0","2","0","0","0","0","0.9453125","false","0","PODXL","0","0.59375"
"2","1.9375","1.8778344671201813E-5","0.5161290322580645","0.6666666666666666","4","2","false","KIAA0513","50.75","0","4","0",,"0","0","0.9851190476190477","false","0","KIAA0513","4","0.79296875"
"82","2.4615384615384617","0.0","0.40625","0.0","1","3","false","SAA1","6.0","0","1","0",,"0","0","0.8782051282051282","false","0","SAA1","0","0.0"
"5","1.8275862068965518","0.037180567106675486","0.5471698113207547","0.4166666666666667","9","3","false","SART1","9.11111111111111","0","9",,"0","0","0","0.9408866995073891","false","0","SART1","122","0.36444444444444446"
"89","1.0","0.0","1.0","0.0","1","1","false","ODAD1","1.0","0","1",,"0","0","0","1.0","false","0","ODAD1","0","0.0"
"32","1.25","0.8333333333333333","0.8","0.0","3","2","false","ZNF565","1.3333333333333333","0","3","0","0","0","0","0.9166666666666666","false","0","ZNF565","10","0.3333333333333333"
"62","1.8846153846153846","0.0","0.5306122448979592","1.0","3","2","false","CCDC183","17.0","0","3","0","0","0","0","0.9659763313609468","false","0","CCDC183","0","0.6538461538461539"
"77","1.8571428571428572","0.00453781512605042","0.5384615384615384","0.3333333333333333","6","3","false","KIF22","11.5","0","6","0","0","0","0","0.9747899159663866","false","0","KIF22","20","0.3382352941176471"
"20","0.0","0.0","0.0","0.0","0","0","true","OR14C36","0.0","0","0",,"0","0","0","Infinity","false","0","OR14C36","0","0.0"
"128","0.0","0.0","0.0","0.0","0","0","true","GOLGA6C","0.0","0","0","0",,"0","0","Infinity","false","0","GOLGA6C","0","0.0"
"29","1.85","7.046425796425796E-4","0.5405405405405405","0.6666666666666666","6","2","false","IQCM","21.5","0","6","0","0","0","0","0.9763888888888889","false","0","IQCM","18","0.5375"
"120","1.894736842105263","0.0029239766081871343","0.5277777777777778","0.6666666666666666","3","3","false","RASEF","12.333333333333334","0","3","0","0","0","0","0.9473684210526315","false","0","RASEF","4","0.6851851851851852"
"32","2.25","0.0","0.4444444444444444","0.0","1","3","false","ARID5B","2.0","0","1","0","0","0","0","0.5833333333333334","false","0","ARID5B","0","0.0"
"19","2.1818181818181817","0.022727272727272728","0.45833333333333337","0.3333333333333333","3","3","false","DSG2","3.6666666666666665","0","3","0","0","0","0","0.8030303030303031","false","0","DSG2","4","0.6666666666666666"
"2","1.546875","0.03630350056689344","0.6464646464646465","0.24630541871921183","29","2","false","TRMT1","13.655172413793103","0","29","0","0","0","0","0.9913194444444444","false","0","TRMT1","612","0.21336206896551724"
"2","1.828125","0.0028972584404132026","0.5470085470085471","0.45454545454545453","11","2","false","AHRR","19.818181818181817","0","11","0","0","0","0","0.9868551587301587","false","0","AHRR","60","0.3096590909090909"
"129","0.0","0.0","0.0","0.0","0","0","true","OR51A2","0.0","0","0","0","0","0","0","Infinity","false","0","OR51A2","0","0.0"
"39","1.85","0.002960927960927961","0.5405405405405405","0.4666666666666667","6","2","false","REEP4","14.833333333333334","0","6","0","0","0","0","0.97875","false","0","REEP4","16","0.37083333333333335"
"82","1.7692307692307692","0.0","0.5652173913043479","1.0","3","2","false","RAD54B","9.666666666666666","0","3",,"0","0","0","0.9358974358974358","false","0","RAD54B","0","0.7435897435897436"
"28","1.9230769230769231","0.0014945054945054944","0.52","0.0","2","2","false","MYT1","15.0","0","2",,"0","0","0","0.959866220735786","false","0","MYT1","6","0.5833333333333334"
"63","1.825","0.003049728049728049","0.547945205479452","0.6190476190476191","7","2","false","GID4","21.428571428571427","0","7","0","0","0","0","0.9793749999999999","false","0","GID4","16","0.5357142857142857"
"29","1.825","0.0034345746845746844","0.547945205479452","0.42857142857142855","7","2","false","EPB41L5","15.571428571428571","0","7","0","0","0","0","0.9770833333333333","false","0","EPB41L5","28","0.3892857142857143"
"93","2.6","0.0","0.3846153846153846","0.0","1","3","false","ZNF829","7.0","0","1","0","0","0","0","0.9157894736842105","false","0","ZNF829","0","0.0"
"62","1.7692307692307692","0.006615384615384614","0.5652173913043479","0.4666666666666667","6","2","false","ARMC2","11.166666666666666","0","6","0","0","0","0","0.9704142011834319","false","0","ARMC2","16","0.42948717948717946"
"50","0.0","0.0","0.0","0.0","0","0","true","ACOT4","0.0","0","0",,"0","0","0","Infinity","false","0","ACOT4","0","0.0"
"77","1.9714285714285715","0.0","0.5072463768115941","1.0","2","3","false","HSP90AA2P","24.0","0","2",,"0","0","0","0.9714285714285713","false","0","HSP90AA2P","0","0.7058823529411765"
"117","1.7857142857142858","0.014652014652014652","0.5599999999999999","0.5","4","3","false","TAF4B","5.5","0","4","0","0","0","0","0.9395604395604396","false","0","TAF4B","6","0.4230769230769231"
"9","1.75","0.008333333333333333","0.5714285714285714","0.6666666666666666","4","2","false","","6.0","0","4","0","0","0","0","0.953125","false","0","","4","0.375"
"61","1.88","0.0","0.5319148936170213","1.0","3","2","false","ZNF165","17.666666666666668","0","3","0","0","0","0","0.9648","false","0","ZNF165","0","0.7066666666666667"
"29","1.9","4.166666666666667E-4","0.5263157894736842","0.6666666666666666","4","2","false","UEVLD","21.0","0","4","0","0","0","0","0.9750000000000001","false","0","UEVLD","8","0.525"
"97","1.8653846153846154","0.0034846308868134793","0.5360824742268041","0.42857142857142855","8","3","false","CENPL","15.25","0","8","0","0","0","0","0.9823390894819467","false","0","CENPL","44","0.29901960784313725"
"27","1.7894736842105263","0.0018100807574491784","0.5588235294117647","0.8","5","3","false","LIG1","12.2","0","5","0","0","0","0","0.956140350877193","false","0","LIG1","4","0.6777777777777778"
"69","1.6666666666666667","0.3333333333333333","0.6","0.0","2","2","false","TNFAIP3","3.0","0","2","0","0","0","0","0.8666666666666666","false","0","TNFAIP3","10","0.5"
"123","1.0","1.0","1.0","0.0","4","1","false","CSF1R","1.0","0","3","1","1","1","0","1.0","false","1","CSF1R","2","0.0"
"123","1.5","0.0","0.6666666666666666","0.0","1","2","false","ABCC11","2.0","0","1",,"0","0","0","0.75","false","0","ABCC11","0","0.0"
"27","1.8421052631578947","4.49842555105713E-4","0.5428571428571428","0.8333333333333334","4","3","false","PCCA","15.5","0","4","0","0","0","0","0.9532163742690059","false","0","PCCA","2","0.8611111111111112"
"93","1.8","0.002105263157894737","0.5555555555555556","0.8333333333333334","4","2","false","PROS1","9.75","0","4","0","0","0","0","0.9578947368421052","false","0","PROS1","4","0.4875"
"100","0.0","0.0","0.0","0.0","0","0","true","FBXO47","0.0","0","0",,"0","0","0","Infinity","false","0","FBXO47","0","0.0"
"117","1.8571428571428572","0.0018315018315018315","0.5384615384615384","0.6666666666666666","3","3","false","MRPS6","9.666666666666666","0","3","0","0","0","0","0.9340659340659341","false","0","MRPS6","2","0.7435897435897436"
"2","1.890625","1.0213923532375913E-4","0.5289256198347108","0.7619047619047619","7","2","false","CKMT1B","40.857142857142854","0","7","0","0","0","0","0.9858630952380952","false","0","CKMT1B","10","0.6383928571428571"
"62","1.9230769230769231","0.0","0.52","1.0","2","2","false","KCNA5","17.5","0","2","0","0","0","0","0.9644970414201184","false","0","KCNA5","0","0.6730769230769231"
"28","1.8461538461538463","0.010315018315018316","0.5416666666666666","0.3333333333333333","4","2","false","FBF1","9.25","0","4",,"0","0","0","0.9632107023411371","false","0","FBF1","18","0.36"
"39","1.9","7.478632478632478E-4","0.5263157894736842","0.6666666666666666","4","2","false","KIR3DL1","15.5","0","4",,"0","0","0","0.9775","false","0","KIR3DL1","4","0.3875"
"62","1.9230769230769231","0.0","0.52","1.0","2","2","false","WEE2","22.0","0","2",,"0","0","0","0.9644970414201184","false","0","WEE2","0","0.8461538461538461"
"62","1.8461538461538463","5.128205128205128E-4","0.5416666666666666","0.8333333333333334","4","2","false","ZNF485","14.25","0","4","0","0","0","0","0.9674556213017751","false","0","ZNF485","2","0.5480769230769231"
"61","1.88","2.380952380952381E-4","0.5319148936170213","0.6666666666666666","3","2","false","IGHV4-38-2","19.666666666666668","0","3","0",,"0","0","0.9648","false","0","IGHV4-38-2","2","0.7866666666666666"
"28","1.8461538461538463","0.0014395604395604396","0.5416666666666666","0.6666666666666666","4","2","false","MVD","15.0","0","4","0","0","0","0","0.9632107023411371","false","0","MVD","6","0.5769230769230769"
"51","2.5","0.00925925925925926","0.4","0.0","2","4","false","TRIP10","3.0","0","2","0","0","0","0","0.8333333333333334","false","0","TRIP10","4","0.6666666666666666"
"82","1.6923076923076923","0.00641025641025641","0.5909090909090909","0.8333333333333334","4","2","false","TTC39B","8.25","0","4","0","0","0","0","0.9423076923076924","false","0","TTC39B","4","0.6346153846153846"
"69","2.0","0.0","0.5","0.0","1","3","false","INPP5E","5.0","0","1","0","0","0","0","0.8","false","0","INPP5E","0","0.0"
"39","1.95","0.0","0.5128205128205129","1.0","2","2","false","CFHR2","31.0","0","2",,"0","0","0","0.97625","false","0","CFHR2","0","0.775"
"39","1.85","0.003952991452991453","0.5405405405405405","0.4","6","2","false","UVSSA","12.666666666666666","0","6","0","0","0","0","0.97875","false","0","UVSSA","18","0.31666666666666665"
"53","2.6363636363636362","0.0","0.37931034482758624","0.0","1","4","false","MRTFA","4.0","0","1","0","0","0","0","0.8181818181818181","false","0","MRTFA","0","0.0"
"7","2.6666666666666665","0.0","0.375","0.0","1","4","false","POC1B","2.0","0","1","0","0","0","0","0.5833333333333334","false","0","POC1B","0","0.0"
"9","1.9375","0.0","0.5161290322580645","0.0","1","2","false","SMTNL1","16.0","0","1","0",,"0","0","0.94140625","false","0","SMTNL1","0","0.0"
"62","1.8076923076923077","0.003794871794871795","0.5531914893617021","0.6","5","2","false","NEIL3","13.0","0","5","0","0","0","0","0.9689349112426036","false","0","NEIL3","8","0.5"
"61","1.84","2.380952380952381E-4","0.5434782608695652","0.8333333333333334","4","2","false","MEIS3P2","17.25","0","4","0","0","0","0","0.9664","false","0","MEIS3P2","2","0.69"
"63","1.9","7.478632478632478E-4","0.5263157894736842","0.6666666666666666","4","2","false","FOXI1","18.5","0","4","0","0","0","0","0.9775","false","0","FOXI1","4","0.4625"
"4","0.0","0.0","0.0","0.0","0","0","true","KLF3","0.0","0","0","0","0","0","0","Infinity","false","0","KLF3","0","0.0"
"21","2.0","0.0","0.5","1.0","2","3","false","KRTAP8-1","3.0","0","2","0","0","0","0","0.6666666666666666","false","0","KRTAP8-1","0","0.75"
"97","1.8269230769230769","0.004803702701496499","0.5473684210526316","0.5277777777777778","9","2","false","ZNF570","12.666666666666666","0","9","0","0","0","0","0.9831240188383045","false","0","ZNF570","114","0.24358974358974358"
"53","1.7272727272727273","0.02424242424242424","0.5789473684210527","0.6666666666666666","3","2","false","TOM1L1","6.0","0","3","0",,"0","0","0.9191919191919192","false","0","TOM1L1","8","0.5454545454545454"
"10","1.9","7.662835249042145E-4","0.5263157894736842","0.6666666666666666","3","2","false","SYT14P1","14.0","0","3",,"0","0","0","0.9700000000000001","false","0","SYT14P1","2","0.4666666666666667"
"87","1.3571428571428572","0.11067754262198705","0.7368421052631579","0.2549019607843137","18","2","false","BCL9","7.944444444444445","0","18","0","0","0","0","0.9872448979591837","false","0","BCL9","228","0.2837301587301587"
"3","0.0","0.0","0.0","0.0","0","0","true","TRIM38","0.0","0","0","0","0","0","0","Infinity","false","0","TRIM38","0","0.0"
"29","1.925","0.0016880341880341878","0.5194805194805194","0.4","5","3","false","AMZ2","15.6","0","5",,"0","0","0","0.9743055555555556","false","0","AMZ2","12","0.4105263157894737"
"51","1.25","0.3101851851851852","0.8","0.25","9","2","false","KIAA1217","4.222222222222222","0","9","0","0","0","0","0.9722222222222222","false","0","KIAA1217","108","0.37373737373737376"
"116","2.5714285714285716","0.0","0.38888888888888884","0.0","1","4","false","C1QL1","3.0","0","1","0",,"0","0","0.6857142857142857","false","0","C1QL1","0","0.0"
"29","1.675","0.015411347911347913","0.5970149253731343","0.4358974358974359","13","2","false","ERICH6","13.23076923076923","0","13","0","0","0","0","0.9812500000000001","false","0","ERICH6","106","0.33076923076923076"
"5","2.2758620689655173","0.01434649094747617","0.4393939393939394","0.3","5","3","false","DLST","6.0","0","5","0","0","0","0","0.9088669950738916","false","0","DLST","46","0.4"
"82","1.9230769230769231","0.0","0.52","1.0","2","3","false","DDIAS","11.5","0","2",,"0","0","0","0.923076923076923","false","0","DDIAS","0","0.9583333333333334"
"117","1.7857142857142858","0.010989010989010988","0.5599999999999999","0.5","4","3","false","H2BC18","8.25","0","4","0","0","0","0","0.9395604395604396","false","0","H2BC18","6","0.6346153846153846"
"5","2.0689655172413794","0.005733131810718018","0.4833333333333333","0.3333333333333333","4","3","false","RTCB","9.5","0","4","0","0","0","0","0.9236453201970444","false","0","RTCB","26","0.42045454545454547"
"63","1.9","3.205128205128205E-4","0.5263157894736842","0.8333333333333334","4","2","false","BPIFC","26.5","0","4",,"0","0","0","0.9775","false","0","BPIFC","2","0.6625"
"93","1.6","0.03969924812030075","0.625","0.42857142857142855","8","2","false","PDPK1","7.625","0","8","0","0","0","0","0.9684210526315788","false","0","PDPK1","40","0.38125"
"95","1.9230769230769231","0.0","0.52","0.0","1","2","false","PPFIA4","13.0","0","1","0",,"0","0","0.9289940828402367","false","0","PPFIA4","0","0.0"
"93","1.8","0.003822055137844611","0.5555555555555556","0.7","5","3","false","PPP2R3C","10.0","0","5","0","0","0","0","0.9578947368421052","false","0","PPP2R3C","6","0.5263157894736842"
"76","1.7333333333333334","0.005536481398550364","0.5769230769230769","0.5","8","2","false","ESCO1","14.375","0","8","0","0","0","0","0.9755555555555555","false","0","ESCO1","28","0.4791666666666667"
"102","2.0","0.0","0.5","1.0","2","3","false","PAM","6.0","0","2","0","0","0","0","0.8888888888888888","false","0","PAM","0","0.6666666666666666"
"97","1.7692307692307692","0.0118856771684826","0.5652173913043479","0.25757575757575757","12","2","false","KAZN","11.333333333333334","0","12","0","0","0","0","0.9843014128728415","false","0","KAZN","142","0.21794871794871795"
"17","1.9473684210526316","0.0","0.5135135135135135","1.0","2","3","false","NAA11","13.0","0","2","0","0","0","0","0.9473684210526316","false","0","NAA11","0","0.7222222222222222"
"63","1.875","5.8275058275058275E-5","0.5333333333333333","0.9","5","2","false","MAPK11","28.8","0","5",,"0","0","0","0.978125","false","0","MAPK11","2","0.72"
"97","1.9423076923076923","8.218852581288601E-4","0.5148514851485149","0.5","5","3","false","UBTFL6","23.8","0","5","0","0","0","0","0.9807692307692307","false","0","UBTFL6","28","0.476"
"77","1.6857142857142857","0.013343772446590045","0.5932203389830508","0.41818181818181815","11","2","false","PLA2G2D","11.818181818181818","0","11","0","0","0","0","0.9798319327731093","false","0","PLA2G2D","74","0.33766233766233766"
"130","0.0","0.0","0.0","0.0","0","0","true","PAH","0.0","0","0","0",,"0","0","Infinity","false","0","PAH","0","0.0"
"120","1.894736842105263","0.0","0.5277777777777778","1.0","3","3","false","UNC45A","13.666666666666666","0","3","0","0","0","0","0.9473684210526315","false","0","UNC45A","0","0.7592592592592593"
"17","1.894736842105263","0.0029239766081871343","0.5277777777777778","0.6666666666666666","3","3","false","PJVK","8.666666666666666","0","3","0","0","0","0","0.9502923976608186","false","0","PJVK","2","0.48148148148148145"
"29","1.875","4.909673659673659E-4","0.5333333333333333","0.6","5","2","false","CARD8","23.2","0","5",,"0","0","0","0.9756944444444444","false","0","CARD8","16","0.58"
"63","1.925","0.0","0.5194805194805194","1.0","3","2","false","GAL3ST3","34.0","0","3",,"0","0","0","0.976875","false","0","GAL3ST3","0","0.85"
"77","1.5142857142857142","0.0731032412965186","0.6603773584905661","0.17647058823529413","18","3","false","ATXN7L1","8.88888888888889","0","18","0","0","0","0","0.984873949579832","false","0","ATXN7L1","252","0.26143790849673204"
"5","1.8620689655172413","0.06258178397956723","0.5370370370370371","0.23809523809523808","7","3","false","PDIA3","7.714285714285714","0","7","0","0","0","0","0.938423645320197","false","0","PDIA3","202","0.30952380952380953"
"97","1.9038461538461537","7.171425063272849E-4","0.5252525252525253","0.4","5","2","false","LPCAT1","25.4","0","5",,"0","0","0","0.9815541601255887","false","0","LPCAT1","30","0.48846153846153845"
"97","1.8461538461538463","0.00532162808329863","0.5416666666666666","0.3888888888888889","9","3","false","KCNK10","16.77777777777778","0","9","0","0","0","0","0.9827315541601256","false","0","KCNK10","66","0.3289760348583878"
"2","1.6875","0.011546466788282264","0.5925925925925926","0.41578947368421054","20","2","false","NKAIN1","19.7","0","20","0","0","0","0","0.9890873015873016","false","0","NKAIN1","222","0.3078125"
"95","1.7692307692307692","0.0","0.5652173913043479","1.0","3","2","false","USP35","8.666666666666666","0","3",,"0","0","0","0.9408284023668638","false","0","USP35","0","0.6666666666666666"
"39","1.925","0.0","0.5194805194805194","1.0","3","2","false","DOK5","27.333333333333332","0","3","0","0","0","0","0.976875","false","0","DOK5","0","0.6833333333333333"
"83","1.7777777777777777","0.0","0.5625","1.0","2","2","false","ZNF175","6.0","0","2",,"0","0","0","0.9135802469135802","false","0","ZNF175","0","0.6666666666666666"
"83","1.8888888888888888","0.0","0.5294117647058824","0.0","1","2","false","ANKRD20A8P","9.0","0","1",,"0","0","0","0.9012345679012346","false","0","ANKRD20A8P","0","0.0"
"117","2.642857142857143","0.0","0.3783783783783784","0.0","1","3","false","ACTL6B","4.0","0","1","0","0","0","0","0.8736263736263736","false","0","ACTL6B","0","0.0"
"2","1.90625","3.9423622012907725E-4","0.5245901639344263","0.6666666666666666","6","2","false","CGAS","33.166666666666664","0","6","0","0","0","0","0.9856150793650794","false","0","CGAS","10","0.5182291666666666"
"52","2.2","0.4","0.45454545454545453","0.0","2","4","false","CEACAM6","1.5","0","2","0","0","0","0","0.3999999999999999","false","0","CEACAM6","8","0.5"
"97","1.9615384615384615","2.327521689957711E-4","0.5098039215686275","0.5","4","3","false","UBTFL1","30.0","0","4","0","0","0","0","0.9803767660910518","false","0","UBTFL1","20","0.6071428571428571"
"13","0.0","0.0","0.0","0.0","0","0","true","CNTF","0.0","0","0","0","0","0","0","Infinity","false","0","CNTF","0","0.0"
"63","1.775","0.002247474747474747","0.5633802816901409","0.7222222222222222","9","2","false","FAM20A","19.444444444444443","0","9","0","0","0","0","0.9806250000000001","false","0","FAM20A","20","0.4861111111111111"
"123","1.5","0.0","0.6666666666666666","0.0","1","2","false","NCOR2","2.0","0","1","0","0","0","0","0.75","false","0","NCOR2","0","0.0"
"22","0.0","0.0","0.0","0.0","0","0","true","OR7G2","0.0","0","0",,"0","0","0","Infinity","false","0","OR7G2","0","0.0"
"7","2.1666666666666665","0.0","0.46153846153846156","0.0","1","3","false","RTN1","4.0","0","1",,"0","0","0","0.7083333333333334","false","0","RTN1","0","0.0"
"29","1.95","3.006189213085765E-4","0.5128205128205129","0.6666666666666666","3","3","false","NOSTRIN","19.333333333333332","0","3",,"0","0","0","0.973611111111111","false","0","NOSTRIN","4","0.49572649572649574"
"117","1.8571428571428572","0.0018315018315018315","0.5384615384615384","0.6666666666666666","3","3","false","TYROBP","9.666666666666666","0","3","0","0","0","0","0.9340659340659341","false","0","TYROBP","2","0.7435897435897436"
"17","1.894736842105263","0.0029239766081871343","0.5277777777777778","0.6666666666666666","3","3","false","C1orf43","8.333333333333334","0","3","0","0","0","0","0.9502923976608186","false","0","C1orf43","2","0.46296296296296297"
"6","1.7777777777777777","0.0","0.5625","1.0","2","2","false","DYNLRB2","6.5","0","2","0","0","0","0","0.9135802469135802","false","0","DYNLRB2","0","0.7222222222222222"
"53","2.0","0.0","0.5","1.0","2","3","false","WDR45B","6.5","0","2","0","0","0","0","0.8888888888888888","false","0","WDR45B","0","0.7222222222222222"
"39","1.95","0.0","0.5128205128205129","1.0","2","2","false","TRNT1","23.0","0","2","0","0","0","0","0.97625","false","0","TRNT1","0","0.575"
"102","2.090909090909091","0.0","0.4782608695652174","0.0","1","3","false","CLCN6","9.0","0","1",,"0","0","0","0.8787878787878788","false","0","CLCN6","0","0.0"
"2","1.9375","2.48015873015873E-5","0.5161290322580645","0.8333333333333334","4","2","false","HDHD5","42.75","0","4",,"0","0","0","0.9851190476190477","false","0","HDHD5","2","0.66796875"
"29","1.55","0.03433785244130072","0.6451612903225806","0.3202614379084967","18","2","false","ARHGAP44","11.055555555555555","0","18","0","0","0","0","0.9847222222222223","false","0","ARHGAP44","242","0.2763888888888889"
"84","2.0","0.0","0.5","1.0","2","3","false","ICE2","11.0","0","2","0","0","0","0","0.9333333333333333","false","0","ICE2","0","0.7333333333333333"
"104","2.0","0.5333333333333333","0.5","0.3333333333333333","3","4","false","RPAP2","2.0","0","3","0","0","0","0","0.6666666666666666","false","0","RPAP2","16","0.5555555555555556"
"1","1.8958333333333333","9.287402904424181E-4","0.5274725274725275","0.6","6","3","false","ZNF547","21.166666666666668","0","6","0","0","0","0","0.9796401515151515","false","0","ZNF547","12","0.450354609929078"
"61","1.68","0.009730158730158731","0.5952380952380952","0.6071428571428571","8","2","false","RPUSD1","11.625","0","8","0","0","0","0","0.9728","false","0","RPUSD1","22","0.465"
"77","1.9142857142857144","7.282913165266107E-4","0.5223880597014925","0.5","4","3","false","TCP11L2","16.25","0","4",,"0","0","0","0.9731092436974791","false","0","TCP11L2","6","0.47794117647058826"
"63","1.1","0.2264996114996115","0.9090909090909091","0.18412698412698414","36","2","false","STOX2","7.888888888888889","0","36","0","0","0","0","0.9974999999999999","false","0","STOX2","1028","0.19722222222222222"
"39","1.9","6.105006105006105E-4","0.5263157894736842","0.5","4","2","false","SLC35B4","20.0","0","4","0","0","0","0","0.9775","false","0","SLC35B4","6","0.5"
"2","1.921875","1.9496803350970015E-4","0.5203252032520326","0.5","5","2","false","DAPP1","33.4","0","5",,"0","0","0","0.9853670634920635","false","0","DAPP1","10","0.521875"
"117","1.9285714285714286","0.0","0.5185185185185185","1.0","2","3","false","ZSWIM7","11.0","0","2",,"0","0","0","0.9285714285714286","false","0","ZSWIM7","0","0.8461538461538461"
"2","1.921875","7.38929831191736E-5","0.5203252032520326","0.7","5","2","false","RCOR2","45.2","0","5","0","0","0","0","0.9853670634920635","false","0","RCOR2","6","0.70625"
"77","1.8857142857142857","0.002298919567827131","0.5303030303030303","0.4","5","3","false","RAB11FIP2","14.2","0","5","0","0","0","0","0.9739495798319328","false","0","RAB11FIP2","12","0.4176470588235294"
"53","2.5454545454545454","0.0","0.39285714285714285","0.0","1","4","false","PHF10","5.0","0","1","0","0","0","0","0.8282828282828283","false","0","PHF10","0","0.0"
"77","1.8","0.004972716359270981","0.5555555555555556","0.42857142857142855","7","2","false","HLA-DRB3","13.857142857142858","0","7",,"0","0","0","0.9764705882352942","false","0","HLA-DRB3","32","0.39591836734693875"
"1","1.8125","0.0026107961154236106","0.5517241379310345","0.5555555555555556","9","2","false","GSTP1","19.666666666666668","0","9","0","0","0","0","0.9815340909090909","false","0","GSTP1","48","0.4097222222222222"
"1","1.9166666666666667","5.91016548463357E-4","0.5217391304347826","0.6","5","3","false","ELAVL2","21.8","0","5","0","0","0","0","0.9791666666666667","false","0","ELAVL2","8","0.46382978723404256"
"6","1.5555555555555556","0.041666666666666664","0.6428571428571428","0.5","4","2","false","SREK1","3.75","0","4","0","0","0","0","0.9382716049382717","false","0","SREK1","6","0.4166666666666667"
"15","2.5","0.42857142857142855","0.4","0.0","2","5","false","DNAJA2","2.5","0","2","0",,"0","0","0.5","false","0","DNAJA2","24","0.5"
"58","2.3333333333333335","0.0","0.42857142857142855","0.0","1","3","false","FCN2","5.0","0","1","0","0","0","0","0.7333333333333333","false","0","FCN2","0","0.0"
"39","1.925","3.205128205128205E-4","0.5194805194805194","0.6666666666666666","3","2","false","SLC9A8","17.0","0","3",,"0","0","0","0.976875","false","0","SLC9A8","2","0.425"
"5","2.3448275862068964","6.46551724137931E-4","0.42647058823529416","0.6666666666666666","3","4","false","BMP4","9.333333333333334","0","3","0","0","0","0","0.9039408866995073","false","0","BMP4","4","0.5490196078431373"
"116","2.0","0.0","0.5","1.0","2","3","false","GCGR","4.5","0","2","0","0","0","0","0.8","false","0","GCGR","0","0.9"
"87","1.8571428571428572","0.0015432098765432096","0.5384615384615384","0.6666666666666666","4","2","false","DSPP","14.25","0","4","0",,"0","0","0.9693877551020408","false","0","DSPP","4","0.5089285714285714"
"6","1.7777777777777777","0.0","0.5625","1.0","2","2","false","TAC3","6.5","0","2","0","0","0","0","0.9135802469135802","false","0","TAC3","0","0.7222222222222222"
"132","0.0","0.0","0.0","0.0","0","0","true","TSSK6","0.0","0","0","0",,"0","0","Infinity","false","0","TSSK6","0","0.0"
"63","1.875","5.76923076923077E-4","0.5333333333333333","0.8","5","2","false","CARF","20.4","0","5",,"0","0","0","0.978125","false","0","CARF","4","0.51"
"76","1.7666666666666666","0.0016868189281982384","0.5660377358490566","0.7619047619047619","7","2","false","NEDD1","16.0","0","7","0","0","0","0","0.9744444444444444","false","0","NEDD1","10","0.5333333333333333"
"1","1.8333333333333333","0.0060668301359790705","0.5454545454545455","0.35714285714285715","8","2","false","TFAP2A","14.0","0","8","0","0","0","0","0.981060606060606","false","0","TFAP2A","58","0.2916666666666667"
"28","1.6153846153846154","0.05801465201465202","0.6190476190476191","0.2909090909090909","11","3","false","SLC48A1","6.181818181818182","0","11","0","0","0","0","0.9732441471571905","false","0","SLC48A1","92","0.24727272727272728"
"82","1.9230769230769231","0.0","0.52","1.0","2","3","false","ACOX3","11.5","0","2","0",,"0","0","0.923076923076923","false","0","ACOX3","0","0.9583333333333334"
"35","0.0","0.0","0.0","0.0","0","0","true","PTGER1","0.0","0","0",,"0","0","0","Infinity","false","0","PTGER1","0","0.0"
"76","1.9333333333333333","0.0","0.5172413793103449","1.0","2","2","false","TRIT1","22.0","0","2","0","0","0","0","0.9688888888888889","false","0","TRIT1","0","0.7333333333333333"
"1","1.4375","0.0896776986958781","0.6956521739130435","0.20797720797720798","27","2","false","FILIP1","10.11111111111111","0","27","0","0","0","0","0.9900568181818182","false","0","FILIP1","684","0.21064814814814814"
"97","1.9615384615384615","4.3991955756661635E-4","0.5098039215686275","0.6666666666666666","4","3","false","DAW1","23.0","0","4","0","0","0","0","0.9803767660910518","false","0","DAW1","4","0.46"
"27","1.368421052631579","0.06922166527429682","0.7307692307692307","0.41025641025641024","13","3","false","ZNF638","8.23076923076923","0","13","0","0","0","0","0.97953216374269","false","0","ZNF638","92","0.45726495726495725"
"62","1.9230769230769231","0.0","0.52","1.0","2","2","false","CUX1","16.0","0","2","0","0","0","0","0.9644970414201184","false","0","CUX1","0","0.6153846153846154"
"116","2.7142857142857144","0.0","0.3684210526315789","0.0","1","4","false","CCDC71","2.0","0","1","0",,"0","0","0.6571428571428571","false","0","CCDC71","0","0.0"
"10","1.9","2.8735632183908046E-4","0.5263157894736842","0.6666666666666666","3","2","false","ARHGAP11B","20.666666666666668","0","3","0","0","0","0","0.9700000000000001","false","0","ARHGAP11B","2","0.6888888888888889"
"63","1.925","0.0","0.5194805194805194","1.0","3","2","false","PDGFD","27.666666666666668","0","3","0","0","0","0","0.976875","false","0","PDGFD","0","0.6916666666666667"
"88","1.6666666666666667","0.007080610021786492","0.6","0.6666666666666666","6","2","false","ZNF358","10.5","0","6","0","0","0","0","0.9629629629629629","false","0","ZNF358","10","0.5833333333333334"
"32","1.5","0.5","0.6666666666666666","0.0","2","2","false","RSBN1","2.0","0","2","0","0","0","0","0.8333333333333334","false","0","RSBN1","6","0.5"
"16","1.7037037037037037","0.003304719971386638","0.5869565217391304","0.75","8","2","false","NXPH1","15.125","0","8","0","0","0","0","0.9739368998628258","false","0","NXPH1","14","0.5601851851851852"
"47","2.5","0.0","0.4","0.0","1","4","false","FAM83H","3.0","0","1","0","0","0","0","0.5","false","0","FAM83H","0","0.0"
"84","2.0588235294117645","0.0","0.48571428571428577","0.0","1","3","false","INTS5","15.0","0","1","0","0","0","0","0.9294117647058824","false","0","INTS5","0","0.0"
"76","1.5666666666666667","0.029484442760304833","0.6382978723404256","0.358974358974359","13","2","false","EDDM3A","11.076923076923077","0","13","0","0","0","0","0.9811111111111112","false","0","EDDM3A","100","0.36923076923076925"
"17","2.0","0.0","0.5","0.0","1","3","false","OR7A2P","18.0","0","1",,"0","0","0","0.9444444444444444","false","0","OR7A2P","0","0.0"
"84","1.8235294117647058","0.012745098039215686","0.5483870967741935","0.5","4","3","false","FANCI","8.0","0","4","0","0","0","0","0.9450980392156862","false","0","FANCI","10","0.5"
"1","1.8541666666666667","0.0017863489023985698","0.5393258426966292","0.5714285714285714","7","2","false","OR2A7","23.142857142857142","0","7","0","0","0","0","0.9805871212121212","false","0","OR2A7","30","0.48214285714285715"
"63","1.9","0.0","0.5263157894736842","1.0","4","2","false","MKRN4P","29.5","0","4",,"0","0","0","0.9775","false","0","MKRN4P","0","0.7375"
"53","1.8181818181818181","0.02727272727272727","0.55","0.5","4","3","false","ZNF839","4.5","0","4","0","0","0","0","0.9090909090909091","false","0","ZNF839","6","0.5"
"15","4.125","0.0","0.24242424242424243","0.0","1","7","false","DEFB4B","2.0","0","1","0",,"0","0","-0.041666666666666664","false","0","DEFB4B","0","0.0"
"97","1.8846153846153846","0.0021577074194593857","0.5306122448979592","0.4666666666666667","6","2","false","SULT1C3","20.666666666666668","0","6",,"0","0","0","0.9819466248037676","false","0","SULT1C3","94","0.3974358974358974"
"83","1.7777777777777777","0.0","0.5625","1.0","2","2","false","SCML1","6.0","0","2",,"0","0","0","0.9135802469135802","false","0","SCML1","0","0.6666666666666666"
"1","1.8125","0.007334649688373092","0.5517241379310345","0.3333333333333333","10","3","false","NRG1","14.0","0","10","0","0","0","0","0.9815340909090909","false","0","NRG1","68","0.2978723404255319"
"10","1.9","0.0","0.5263157894736842","1.0","3","2","false","FAM237B","20.333333333333332","0","3","0","0","0","0","0.9700000000000001","false","0","FAM237B","0","0.6777777777777778"
"87","1.75","0.006202233980011756","0.5714285714285714","0.6190476190476191","7","2","false","PAK4","12.142857142857142","0","7","0","0","0","0","0.9732142857142857","false","0","PAK4","16","0.4336734693877551"
"90","0.0","0.0","0.0","0.0","0","0","true","PDX1","0.0","0","0","0","0","0","0","Infinity","false","0","PDX1","0","0.0"
"70","1.5","0.0","0.6666666666666666","0.0","1","2","false","MFSD10","2.0","0","1","0","0","0","0","0.75","false","0","MFSD10","0","0.0"
"1","1.9791666666666667","4.32708544410672E-4","0.5052631578947369","0.5","4","3","false","OR10H4","26.0","0","4","0","0","0","0","0.9777462121212122","false","0","OR10H4","6","0.5777777777777777"
"1","2.3333333333333335","3.324468085106383E-4","0.42857142857142855","0.3333333333333333","3","3","false","OR6C2","14.666666666666666","0","3","0","0","0","0","0.9696969696969696","false","0","OR6C2","4","0.5119047619047619"
"41","1.0","1.0","1.0","0.0","2","1","false","TP63","1.0","0","2","0","0","0","0","1.0","false","0","TP63","2","0.0"
"97","1.5384615384615385","0.10583244442855881","0.6499999999999999","0.03968253968253968","28","3","false","CROCC2","6.035714285714286","0","28","0","0","0","0","0.9890109890109889","false","0","CROCC2","1052","0.14943609022556392"
"1","1.9375","0.0010605357014931483","0.5161290322580645","0.5","5","3","false","CALB2","25.6","0","5","0","0","0","0","0.9786931818181818","false","0","CALB2","30","0.5565217391304348"
"62","1.6538461538461537","0.03128205128205128","0.6046511627906977","0.3611111111111111","9","2","false","C6orf118","8.222222222222221","0","9","0","0","0","0","0.9748520710059172","false","0","C6orf118","46","0.3162393162393162"
"53","2.0","0.0","0.5","1.0","2","3","false","DMRTA2","6.5","0","2",,"0","0","0","0.8888888888888888","false","0","DMRTA2","0","0.7222222222222222"
"120","2.473684210526316","0.007797270955165692","0.40425531914893614","0.0","3","3","false","GTF2A1","3.3333333333333335","0","3","0",,"0","0","0.913312693498452","false","0","GTF2A1","6","0.5833333333333334"
"1","1.7916666666666667","0.008281971798434738","0.5581395348837209","0.4","10","2","false","FAM166C","17.2","0","10","0",,"0","0","0.9820075757575758","false","0","FAM166C","112","0.35833333333333334"
"77","1.7142857142857142","0.012935174069627851","0.5833333333333334","0.3090909090909091","11","3","false","DNAAF1","11.909090909090908","0","11",,"0","0","0","0.9789915966386554","false","0","DNAAF1","76","0.3502673796791444"
"133","0.0","0.0","0.0","0.0","2","0","true","FN1","0.0","0","1","1","1","1","0","Infinity","false","1","FN1","0","0.0"
"95","1.7692307692307692","0.003205128205128205","0.5652173913043479","0.6666666666666666","3","2","false","STON1","8.333333333333334","0","3",,"0","0","0","0.9408284023668638","false","0","STON1","2","0.6410256410256411"
"54","0.0","0.0","0.0","0.0","0","0","true","CTRB1","0.0","0","0",,"0","0","0","Infinity","false","0","CTRB1","0","0.0"
"28","1.5769230769230769","0.09083516483516484","0.6341463414634146","0.2727272727272727","11","2","false","CGN","6.636363636363637","0","11","0","0","0","0","0.9749163879598662","false","0","CGN","132","0.25524475524475526"
"28","1.8846153846153846","4.3956043956043956E-4","0.5306122448979592","0.6666666666666666","3","2","false","CDY1B","16.333333333333332","0","3",,"0","0","0","0.9615384615384616","false","0","CDY1B","2","0.6282051282051282"
"47","1.8333333333333333","0.5333333333333333","0.5454545454545455","0.0","2","3","false","FAM234A","2.5","0","2","0","0","0","0","0.7222222222222223","false","0","FAM234A","16","0.5"
"97","1.9038461538461537","3.172209054561996E-4","0.5252525252525253","0.7","5","2","false","TBCE","23.0","0","5",,"0","0","0","0.9815541601255887","false","0","TBCE","6","0.4423076923076923"
"76","1.7","0.004055771814392504","0.5882352941176471","0.6388888888888888","9","2","false","CFAP100","15.444444444444445","0","9","0","0","0","0","0.9766666666666667","false","0","CFAP100","26","0.5148148148148148"
"17","1.894736842105263","0.001949317738791423","0.5277777777777778","0.6666666666666666","3","3","false","RNF13","10.0","0","3","0","0","0","0","0.9502923976608186","false","0","RNF13","2","0.5555555555555556"
"56","2.0","0.0","0.5","0.0","1","3","false","GSX2","11.0","0","1",,"0","0","0","0.9090909090909091","false","0","GSX2","0","0.0"
"31","1.0","1.0","1.0","0.0","2","1","false","CEP57L1","1.0","0","2","0","0","0","0","1.0","false","0","CEP57L1","2","0.0"
"16","1.7037037037037037","0.006952923619590286","0.5869565217391304","0.6071428571428571","8","2","false","ZMYM5","14.0","0","8","0","0","0","0","0.9739368998628258","false","0","ZMYM5","22","0.5185185185185185"
"134","0.0","0.0","0.0","0.0","0","0","true","IGLV1-50","0.0","0","0","0",,"0","0","Infinity","false","0","IGLV1-50","0","0.0"
"77","1.7428571428571429","0.005502635992008211","0.5737704918032787","0.5","9","2","false","SCN3B","14.0","0","9","0","0","0","0","0.9781512605042018","false","0","SCN3B","46","0.4"
"83","1.7777777777777777","0.0","0.5625","1.0","2","2","false","ANKRD20A2P","6.0","0","2",,"0","0","0","0.9135802469135802","false","0","ANKRD20A2P","0","0.6666666666666666"
"53","1.6363636363636365","0.20606060606060603","0.611111111111111","0.3","5","3","false","TPX2","4.0","0","5",,"0","0","0","0.9292929292929293","false","0","TPX2","38","0.4222222222222222"
"36","0.0","0.0","0.0","0.0","0","0","true","WNT1","0.0","0","0","0","0","0","0","Infinity","false","0","WNT1","0","0.0"
"2","1.90625","2.0479024943310654E-4","0.5245901639344263","0.7333333333333333","6","2","false","CYP26B1","37.0","0","6",,"0","0","0","0.9856150793650794","false","0","CYP26B1","8","0.578125"
"120","1.1578947368421053","0.362962962962963","0.8636363636363636","0.16666666666666666","16","2","false","SRRM2","4.0","0","16","0","0","0","0","0.9907120743034055","false","0","SRRM2","256","0.21875"
"5","1.8275862068965518","0.03812576312576312","0.5471698113207547","0.35714285714285715","8","3","false","PRPF19","10.125","0","8","0","0","0","0","0.9408866995073891","false","0","PRPF19","144","0.4"
"102","2.090909090909091","0.0","0.4782608695652174","0.0","1","3","false","ABCB9","9.0","0","1","0","0","0","0","0.8787878787878788","false","0","ABCB9","0","0.0"
"28","1.7307692307692308","0.014362637362637362","0.5777777777777777","0.5238095238095238","7","2","false","REELD1","10.142857142857142","0","7","0",,"0","0","0.9682274247491639","false","0","REELD1","28","0.3901098901098901"
"82","1.7692307692307692","0.01282051282051282","0.5652173913043479","0.6666666666666666","4","3","false","N4BP2L2","7.5","0","4","0","0","0","0","0.9358974358974358","false","0","N4BP2L2","4","0.625"
"21","1.6666666666666667","0.5333333333333333","0.6","0.3333333333333333","3","3","false","DAZAP2","2.3333333333333335","0","3","0","0","0","0","0.7777777777777777","false","0","DAZAP2","16","0.5"
"17","2.0","0.0","0.5","0.0","1","3","false","SCRT2","18.0","0","1",,"0","0","0","0.9444444444444444","false","0","SCRT2","0","0.0"
"61","1.64","0.02277777777777778","0.6097560975609756","0.3055555555555556","9","2","false","GOLGA6B","8.333333333333334","0","9","0","0","0","0","0.9743999999999999","false","0","GOLGA6B","50","0.3333333333333333"
"19","1.5454545454545454","0.254112554112554","0.6470588235294118","0.0","6","3","false","ST6GALNAC6","3.0","0","6","0","0","0","0","0.9090909090909092","false","0","ST6GALNAC6","90","0.5"
"76","1.7333333333333334","0.0030805018736053216","0.5769230769230769","0.6785714285714286","8","2","false","KCNA7","15.0","0","8","0","0","0","0","0.9755555555555555","false","0","KCNA7","18","0.5"
"10","1.8666666666666667","0.0014367816091954023","0.5357142857142857","0.6666666666666666","4","2","false","TRAV6","17.5","0","4","0","0","0","0","0.9711111111111111","false","0","TRAV6","4","0.5833333333333334"
"2","1.84375","0.0021859646636432353","0.5423728813559322","0.4888888888888889","10","2","false","MARCHF7","22.9","0","10","0","0","0","0","0.9866071428571429","false","0","MARCHF7","46","0.3578125"
"76","1.3333333333333333","0.09456038214658904","0.75","0.32105263157894737","20","2","false","TMF1","10.1","0","20","0","0","0","0","0.9888888888888889","false","0","TMF1","258","0.33666666666666667"
"113","0.0","0.0","0.0","0.0","0","0","true","ALX4","0.0","0","0",,"0","0","0","Infinity","false","0","ALX4","0","0.0"
"16","1.0","0.2606929079151301","1.0","0.26495726495726496","27","1","false","TPR","7.888888888888889","0","27","0",,"0","0","1.0","false","0","TPR","516","0.29218106995884774"
"5","1.9310344827586208","0.027485445588893872","0.5178571428571428","0.3333333333333333","7","3","false","HNRNPDL","8.285714285714286","0","7","0","0","0","0","0.9334975369458128","false","0","HNRNPDL","72","0.35403726708074534"
"110","1.0","0.0","1.0","0.0","1","1","false","TRPC4AP","1.0","0","1","0","0","0","0","1.0","false","0","TRPC4AP","0","0.0"
"10","1.9333333333333333","0.0","0.5172413793103449","1.0","2","2","false","IGHV1-69D","18.5","0","2","0","0","0","0","0.9688888888888889","false","0","IGHV1-69D","0","0.6166666666666667"
"104","2.5","0.3333333333333333","0.4","0.0","2","4","false","TRMU","1.5","0","2","0","0","0","0","0.5","false","0","TRMU","10","0.5"
"39","1.925","6.41025641025641E-4","0.5194805194805194","0.6666666666666666","3","2","false","WNT7A","22.666666666666668","0","3","0","0","0","0","0.976875","false","0","WNT7A","2","0.5666666666666667"
"75","1.25","0.8333333333333333","0.8","0.0","3","2","false","CSGALNACT2","1.3333333333333333","0","3","0","0","0","0","0.9166666666666666","false","0","CSGALNACT2","10","0.3333333333333333"
"15","2.125","0.6785714285714285","0.47058823529411764","0.0","3","4","false","NOCT","1.6666666666666667","0","3","0","0","0","0","0.625","false","0","NOCT","38","0.3333333333333333"
"58","2.4444444444444446","0.0","0.40909090909090906","0.0","1","4","false","CLEC4M","5.0","0","1","0","0","0","0","0.711111111111111","false","0","CLEC4M","0","0.0"
"2","1.859375","8.846686822877296E-4","0.5378151260504201","0.6666666666666666","9","2","false","ZNF449","33.333333333333336","0","9",,"0","0","0","0.986359126984127","false","0","ZNF449","24","0.5208333333333334"
"87","1.7857142857142858","0.004218106995884773","0.5599999999999999","0.6","6","2","false","ATMIN","12.833333333333334","0","6","0","0","0","0","0.9719387755102041","false","0","ATMIN","12","0.4583333333333333"
"104","2.0","0.5333333333333333","0.5","0.0","2","3","false","FAM219B","2.0","0","2","0","0","0","0","0.6666666666666666","false","0","FAM219B","16","0.5"
"31","1.5","0.0","0.6666666666666666","0.0","1","2","false","IGKV3D-11","2.0","0","1","0","0","0","0","0.75","false","0","IGKV3D-11","0","0.0"
"87","1.6428571428571428","0.022872050054589737","0.6086956521739131","0.4222222222222222","10","2","false","ZNF48","11.0","0","10","0","0","0","0","0.9770408163265306","false","0","ZNF48","52","0.39285714285714285"
"85","1.8","0.0","0.5555555555555556","1.0","2","2","false","CERS4","6.5","0","2","0","0","0","0","0.9199999999999999","false","0","CERS4","0","0.65"
"121","1.5","0.0","0.6666666666666666","0.0","1","2","false","CCNE2","2.0","0","1","0","0","0","0","0.75","false","0","CCNE2","0","0.0"
"29","1.85","0.005261266511266511","0.5405405405405405","0.42857142857142855","7","3","false","PRKCSH","14.285714285714286","0","7","0","0","0","0","0.9763888888888889","false","0","PRKCSH","30","0.3663003663003663"
"5","2.5172413793103448","0.00843889279849871","0.3972602739726028","0.5","4","4","false","SLC25A13","5.25","0","4","0","0","0","0","0.8916256157635468","false","0","SLC25A13","16","0.45454545454545453"
"76","1.5333333333333334","0.027677290780739053","0.6521739130434783","0.46153846153846156","14","2","false","RPL3","12.285714285714286","0","14","0","0","0","0","0.9822222222222222","false","0","RPL3","98","0.4095238095238095"
"88","1.7777777777777777","8.169934640522876E-4","0.5625","0.8333333333333334","4","2","false","PPP1R8","12.5","0","4",,"0","0","0","0.95679012345679","false","0","PPP1R8","2","0.6944444444444444"
"61","1.84","4.166666666666667E-4","0.5434782608695652","0.8333333333333334","4","2","false","IZUMO1","14.5","0","4",,"0","0","0","0.9664","false","0","IZUMO1","2","0.58"
"28","2.269230769230769","0.003717948717948718","0.4406779661016949","0.6666666666666666","3","3","false","ZNF716","7.0","0","3","0",,"0","0","0.9448160535117056","false","0","ZNF716","8","0.4375"
"84","2.6470588235294117","0.0","0.37777777777777777","0.0","1","4","false","KLK1","6.0","0","1","0","0","0","0","0.8901960784313726","false","0","KLK1","0","0.0"
"1","1.9375","3.034396651417928E-4","0.5161290322580645","0.8333333333333334","4","3","false","GCA","22.0","0","4","0","0","0","0","0.9786931818181818","false","0","GCA","10","0.46808510638297873"
"135","0.0","0.0","0.0","0.0","0","0","true","RNF225","0.0","0","0","0",,"0","0","Infinity","false","0","RNF225","0","0.0"
"1","1.9375","1.1790722835779156E-4","0.5161290322580645","0.6666666666666666","3","2","false","MITD1","30.333333333333332","0","3","0","0","0","0","0.9786931818181818","false","0","MITD1","6","0.6319444444444444"
"76","1.8","0.002691114760080277","0.5555555555555556","0.4666666666666667","6","2","false","ALDH18A1","15.0","0","6",,"0","0","0","0.9733333333333333","false","0","ALDH18A1","16","0.5"
"16","1.7777777777777777","0.0022769411658300548","0.5625","0.6666666666666666","6","2","false","ATP2C2","16.166666666666668","0","6","0","0","0","0","0.9711934156378601","false","0","ATP2C2","10","0.5987654320987654"
"76","1.8","0.0011266192300675058","0.5555555555555556","0.7333333333333333","6","2","false","TRAPPC14","17.5","0","6","0","0","0","0","0.9733333333333333","false","0","TRAPPC14","8","0.5833333333333334"
"69","2.5","0.0","0.4","0.0","1","3","false","ALDH9A1","2.0","0","1","0","0","0","0","0.7","false","0","ALDH9A1","0","0.0"
"77","1.8","0.007438975590236094","0.5555555555555556","0.42857142857142855","7","2","false","OR56A4","13.571428571428571","0","7",,"0","0","0","0.9764705882352942","false","0","OR56A4","30","0.3877551020408163"
"10","1.8333333333333333","0.004022988505747126","0.5454545454545455","0.5","5","2","false","PDCL2","13.8","0","5",,"0","0","0","0.9722222222222222","false","0","PDCL2","10","0.46"
"9","1.875","0.0","0.5333333333333333","1.0","2","2","false","CCDC166","9.5","0","2","0","0","0","0","0.9453125","false","0","CCDC166","0","0.59375"
"55","0.0","0.0","0.0","0.0","0","0","true","SP7","0.0","0","0",,"0","0","0","Infinity","false","0","SP7","0","0.0"
"97","1.8461538461538463","0.007406525728414902","0.5416666666666666","0.2777777777777778","9","3","false","RGR","15.222222222222221","0","9","0","0","0","0","0.9827315541601256","false","0","RGR","128","0.3022222222222222"
"5","2.1724137931034484","0.02021857452891936","0.4603174603174603","0.4","5","3","false","CORO1C","6.4","0","5","0","0","0","0","0.916256157635468","false","0","CORO1C","56","0.34444444444444444"
"51","2.0","0.03409090909090909","0.5","0.0","2","3","false","ABI1","5.5","0","2","0","0","0","0","0.8888888888888888","false","0","ABI1","16","0.5625"
"77","1.8","0.006638655462184875","0.5555555555555556","0.32142857142857145","8","3","false","GTF2F1","12.5","0","8","0","0","0","0","0.9764705882352942","false","0","GTF2F1","38","0.36764705882352944"
"77","1.9714285714285715","0.0","0.5072463768115941","1.0","2","3","false","NKX6-3","26.0","0","2","0","0","0","0","0.9714285714285713","false","0","NKX6-3","0","0.7647058823529411"
"87","1.8571428571428572","7.348618459729571E-4","0.5384615384615384","0.6666666666666666","4","2","false","RTL5","17.0","0","4","0","0","0","0","0.9693877551020408","false","0","RTL5","4","0.6071428571428571"
"9","1.9375","0.0","0.5161290322580645","0.0","1","2","false","AMDHD2","16.0","0","1",,"0","0","0","0.94140625","false","0","AMDHD2","0","0.0"
"77","1.9142857142857144","0.0011204481792717086","0.5223880597014925","0.6666666666666666","4","3","false","FRZB","18.0","0","4",,"0","0","0","0.9731092436974791","false","0","FRZB","4","0.5294117647058824"
"2","1.921875","1.1798469387755103E-4","0.5203252032520326","0.7","5","2","false","TCP11X1","40.2","0","5","0","0","0","0","0.9853670634920635","false","0","TCP11X1","6","0.628125"
"62","1.8846153846153846","0.0","0.5306122448979592","1.0","3","2","false","RUFY2","14.666666666666666","0","3",,"0","0","0","0.9659763313609468","false","0","RUFY2","0","0.5641025641025641"
"6","1.8888888888888888","0.0","0.5294117647058824","0.0","1","2","false","LINC00208","9.0","0","1",,"0","0","0","0.9012345679012346","false","0","LINC00208","0","0.0"
"63","1.825","0.0015637140637140637","0.547945205479452","0.7142857142857143","7","2","false","GPR141","22.285714285714285","0","7",,"0","0","0","0.9793749999999999","false","0","GPR141","12","0.5571428571428572"
"97","2.0","0.0","0.5","1.0","3","3","false","PRAMEF27","28.666666666666668","0","3","0","0","0","0","0.9795918367346939","false","0","PRAMEF27","0","0.5850340136054422"
"2","1.765625","0.0062341348576467615","0.5663716814159292","0.44761904761904764","15","2","false","ZSCAN22","20.066666666666666","0","15","0","0","0","0","0.9878472222222222","false","0","ZSCAN22","116","0.31354166666666666"
"117","1.9285714285714286","0.0","0.5185185185185185","1.0","2","3","false","ZFAND5","8.5","0","2","0","0","0","0","0.9285714285714286","false","0","ZFAND5","0","0.6538461538461539"
"92","1.5","0.0","0.6666666666666666","0.0","1","2","false","B3GAT1","2.0","0","1",,"0","0","0","0.75","false","0","B3GAT1","0","0.0"
"97","1.9038461538461537","3.5172959473827366E-4","0.5252525252525253","0.8","5","2","false","SLC26A3","17.4","0","5",,"0","0","0","0.9815541601255887","false","0","SLC26A3","6","0.3346153846153846"
"76","1.8666666666666667","7.982120051085568E-4","0.5357142857142857","0.5","4","2","false","EFCAB13","17.75","0","4",,"0","0","0","0.9711111111111111","false","0","EFCAB13","6","0.5916666666666667"
"85","1.7","0.011111111111111112","0.5882352941176471","0.6666666666666666","3","2","false","RAPGEF4","5.0","0","3",,"0","0","0","0.93","false","0","RAPGEF4","2","0.5"
"70","1.5","0.0","0.6666666666666666","0.0","1","2","false","CD38","2.0","0","1",,"0","0","0","0.75","false","0","CD38","0","0.0"
"10","1.9333333333333333","0.0","0.5172413793103449","1.0","2","2","false","UBE2W","26.5","0","2","0","0","0","0","0.9688888888888889","false","0","UBE2W","0","0.8833333333333333"
"16","1.8888888888888888","0.0","0.5294117647058824","1.0","3","2","false","RIOK3","22.333333333333332","0","3","0","0","0","0","0.9670781893004116","false","0","RIOK3","0","0.8271604938271605"
"80","0.0","0.0","0.0","0.0","0","0","true","TM2D2","0.0","0","0",,"0","0","0","Infinity","false","0","TM2D2","0","0.0"
"71","1.5","0.0","0.6666666666666666","0.0","1","2","false","GPATCH2","2.0","0","1","0","0","0","0","0.75","false","0","GPATCH2","0","0.0"
"1","1.8958333333333333","0.001106045254981425","0.5274725274725275","0.5333333333333333","6","3","false","SH3GLB1","21.5","0","6","0","0","0","0","0.9796401515151515","false","0","SH3GLB1","14","0.4574468085106383"
"75","2.0","0.0","0.5","0.0","1","3","false","TMEM143","3.0","0","1","0","0","0","0","0.6666666666666666","false","0","TMEM143","0","0.0"
"2","1.9375","1.8778344671201813E-5","0.5161290322580645","0.6666666666666666","4","2","false","WDR13","53.25","0","4","0","0","0","0","0.9851190476190477","false","0","WDR13","4","0.83203125"
"28","1.9230769230769231","0.0","0.52","1.0","3","3","false","VWA1","15.0","0","3","0","0","0","0","0.959866220735786","false","0","VWA1","0","0.6"
"51","2.5","0.0","0.4","0.0","1","4","false","CLEC4A","6.0","0","1","0","0","0","0","0.8333333333333334","false","0","CLEC4A","0","0.0"
"97","1.9807692307692308","1.5733738769863688E-4","0.5048543689320388","0.3333333333333333","3","3","false","LMNTD1","35.333333333333336","0","3",,"0","0","0","0.9799843014128727","false","0","LMNTD1","18","0.7142857142857143"
"76","1.7666666666666666","0.004342356238907963","0.5660377358490566","0.38095238095238093","7","2","false","REST","14.857142857142858","0","7","0","0","0","0","0.9744444444444444","false","0","REST","26","0.49523809523809526"
"95","1.8461538461538463","0.0","0.5416666666666666","1.0","2","2","false","THBS4","10.5","0","2",,"0","0","0","0.9349112426035503","false","0","THBS4","0","0.8076923076923077"
"112","0.0","0.0","0.0","0.0","0","0","true","GOLGA6A","0.0","0","0",,"0","0","0","Infinity","false","0","GOLGA6A","0","0.0"
"39","1.875","5.036630036630036E-4","0.5333333333333333","0.8","5","2","false","LPAR2","19.8","0","5","0","0","0","0","0.978125","false","0","LPAR2","4","0.495"
"2","1.84375","0.002751666460743842","0.5423728813559322","0.4","10","2","false","IL34","22.0","0","10","0","0","0","0","0.9866071428571429","false","0","IL34","54","0.34375"
"27","1.5789473684210527","0.010342630079472184","0.6333333333333333","0.7222222222222222","9","3","false","PSG11","11.333333333333334","0","9","0","0","0","0","0.9678362573099416","false","0","PSG11","20","0.6296296296296297"
"115","1.4","0.05","0.7142857142857143","0.6666666666666666","3","2","false","BMP2K","3.0","0","3","0","0","0","0","0.9199999999999999","false","0","BMP2K","2","0.6"
"1","1.9375","2.656613654736308E-4","0.5161290322580645","0.3333333333333333","3","2","false","OR10A2","25.333333333333332","0","3","0","0","0","0","0.9786931818181818","false","0","OR10A2","8","0.5319148936170213"
"69","2.0","0.0","0.5","0.0","1","3","false","PSME3IP1","5.0","0","1",,"0","0","0","0.8","false","0","PSME3IP1","0","0.0"
"5","1.793103448275862","0.044507292105814264","0.5576923076923077","0.3333333333333333","9","3","false","NCBP2","8.333333333333334","0","9","0","0","0","0","0.9433497536945813","false","0","NCBP2","126","0.3288888888888889"
"60","1.5","0.5","0.6666666666666666","0.0","2","2","false","PDK1","2.0","0","2","0","0","0","0","0.8333333333333334","false","0","PDK1","6","0.5"
"28","1.9230769230769231","0.0","0.52","1.0","3","3","false","RNF112","15.0","0","3","0","0","0","0","0.959866220735786","false","0","RNF112","0","0.6"
"97","1.8846153846153846","0.0016960791847669676","0.5306122448979592","0.4","6","2","false","RGL2","16.0","0","6","0","0","0","0","0.9819466248037676","false","0","RGL2","36","0.3076923076923077"
"120","1.894736842105263","0.005847953216374269","0.5277777777777778","0.5","4","3","false","ANKRD36B","7.75","0","4","0","0","0","0","0.9473684210526315","false","0","ANKRD36B","6","0.45588235294117646"
"63","1.825","0.0018201243201243199","0.547945205479452","0.6666666666666666","7","2","false","PPP2CA","22.142857142857142","0","7","0","0","0","0","0.9793749999999999","false","0","PPP2CA","14","0.5535714285714286"
"29","1.425","0.1067730488090529","0.7017543859649122","0.11857707509881422","23","2","false","SMC1B","7.869565217391305","0","23","0","0","0","0","0.9881944444444445","false","0","SMC1B","604","0.213768115942029"
"39","1.925","0.0","0.5194805194805194","1.0","3","2","false","CXCR1","24.333333333333332","0","3",,"0","0","0","0.976875","false","0","CXCR1","0","0.6083333333333333"
"39","1.9","0.0010042735042735042","0.5263157894736842","0.5","4","2","false","RCOR3","18.25","0","4","0","0","0","0","0.9775","false","0","RCOR3","6","0.45625"
"2","1.921875","8.449195205147586E-5","0.5203252032520326","0.6","5","2","false","BECN2","46.8","0","5","0","0","0","0","0.9853670634920635","false","0","BECN2","8","0.73125"
"77","1.8857142857142857","0.0094764786485004","0.5303030303030303","0.3333333333333333","4","2","false","EFNA1","14.25","0","4","0","0","0","0","0.9739495798319328","false","0","EFNA1","60","0.4117647058823529"
"1","1.9583333333333333","1.3720027017899357E-4","0.5106382978723405","0.6666666666666666","4","3","false","OR7D2","29.5","0","4","0","0","0","0","0.9782196969696969","false","0","OR7D2","4","0.6413043478260869"
"10","1.8666666666666667","0.0019157088122605363","0.5357142857142857","0.6666666666666666","4","2","false","RFPL4AL1","15.0","0","4","0",,"0","0","0.9711111111111111","false","0","RFPL4AL1","4","0.5"
"2","1.921875","1.8778344671201813E-5","0.5203252032520326","0.8","5","2","false","OR2A5","45.6","0","5","0","0","0","0","0.9853670634920635","false","0","OR2A5","4","0.7125"
"52","2.2","0.4","0.45454545454545453","0.0","2","4","false","TMBIM1","1.5","0","2",,"0","0","0","0.3999999999999999","false","0","TMBIM1","8","0.5"
"29","1.8","0.007598749618272945","0.5555555555555556","0.4642857142857143","8","2","false","ZNF772","17.375","0","8","0","0","0","0","0.9777777777777779","false","0","ZNF772","84","0.434375"
"77","1.6","0.04488409624099193","0.625","0.16483516483516483","14","2","false","LYG1","9.785714285714286","0","14","0","0","0","0","0.9823529411764705","false","0","LYG1","192","0.2795918367346939"
"88","1.8888888888888888","0.0","0.5294117647058824","1.0","2","2","false","GARIN2","14.5","0","2",,"0","0","0","0.9506172839506173","false","0","GARIN2","0","0.8055555555555556"
"120","1.894736842105263","0.024561403508771933","0.5277777777777778","0.3333333333333333","3","3","false","ZEB1","9.333333333333334","0","3","0","0","0","0","0.9473684210526315","false","0","ZEB1","34","0.5294117647058824"
"23","0.0","0.0","0.0","0.0","0","0","true","OR10T2","0.0","0","0",,"0","0","0","Infinity","false","0","OR10T2","0","0.0"
"51","1.9166666666666667","0.0035774410774410776","0.5217391304347826","0.6666666666666666","3","3","false","CFAP221","8.666666666666666","0","3",,"0","0","0","0.8981481481481483","false","0","CFAP221","4","0.8666666666666667"
"2","1.84375","0.0011853084360524838","0.5423728813559322","0.6222222222222222","10","2","false","ST8SIA4","31.7","0","10",,"0","0","0","0.9866071428571429","false","0","ST8SIA4","34","0.4953125"
"87","1.8928571428571428","3.7792894935752074E-4","0.5283018867924528","0.6666666666666666","3","2","false","UBXN11","17.666666666666668","0","3","0","0","0","0","0.9681122448979592","false","0","UBXN11","2","0.6309523809523809"
"102","1.8181818181818181","0.01818181818181818","0.55","0.6666666666666666","3","3","false","MAGI3","5.0","0","3","0","0","0","0","0.9090909090909091","false","0","MAGI3","4","0.5"
"95","1.9230769230769231","0.0","0.52","0.0","1","2","false","JMY","13.0","0","1",,"0","0","0","0.9289940828402367","false","0","JMY","0","0.0"
"63","1.875","1.7482517482517483E-4","0.5333333333333333","0.8","5","2","false","HOXD13","28.6","0","5","0","0","0","0","0.978125","false","0","HOXD13","4","0.715"
"52","1.8","0.6000000000000001","0.5555555555555556","0.0","2","3","false","SPATA2","2.0","0","2","0","0","0","0","0.6","false","0","SPATA2","12","0.5"
"97","1.9230769230769231","0.0017536169251546447","0.52","0.3333333333333333","6","3","false","SLC17A2","21.833333333333332","0","6","0","0","0","0","0.9811616954474098","false","0","SLC17A2","34","0.4421768707482993"
"56","2.6666666666666665","0.0","0.375","0.0","1","3","false","FOXC1","3.0","0","1","0","0","0","0","0.8484848484848485","false","0","FOXC1","0","0.0"
"2","1.9375","1.8778344671201813E-5","0.5161290322580645","0.6666666666666666","4","2","false","ALDH6A1","53.25","0","4","0","0","0","0","0.9851190476190477","false","0","ALDH6A1","4","0.83203125"
"2","1.921875","8.449195205147586E-5","0.5203252032520326","0.6","5","2","false","KPNA6","46.8","0","5","0","0","0","0","0.9853670634920635","false","0","KPNA6","8","0.73125"
"88","1.8888888888888888","0.0","0.5294117647058824","1.0","2","2","false","IGLV8-61","14.5","0","2","0","0","0","0","0.9506172839506173","false","0","IGLV8-61","0","0.8055555555555556"
"19","1.9090909090909092","0.08787878787878789","0.5238095238095238","0.0","4","3","false","OR2A4","3.5","0","4","0","0","0","0","0.8484848484848485","false","0","OR2A4","36","0.625"
"56","1.9166666666666667","0.0","0.5217391304347826","1.0","2","3","false","EP400P1","6.5","0","2","0","0","0","0","0.9166666666666667","false","0","EP400P1","0","0.5909090909090909"
"29","1.725","0.01748283663598065","0.5797101449275363","0.2727272727272727","11","2","false","SCAF4","11.090909090909092","0","11","0","0","0","0","0.9798611111111111","false","0","SCAF4","120","0.2772727272727273"
"39","1.9","0.0010683760683760683","0.5263157894736842","0.5","4","2","false","FAAP100","17.5","0","4",,"0","0","0","0.9775","false","0","FAAP100","6","0.4375"
"14","0.0","0.0","0.0","0.0","0","0","true","RRAD","0.0","0","0",,"0","0","0","Infinity","false","0","RRAD","0","0.0"
"116","1.8571428571428572","0.2857142857142857","0.5384615384615384","0.0","2","3","false","FYCO1","3.0","0","2",,"0","0","0","0.8285714285714285","false","0","FYCO1","12","0.5"
"8","1.6666666666666667","0.0","0.6","0.0","1","2","false","ATRX","3.0","0","1","0","0","0","0","0.7777777777777777","false","0","ATRX","0","0.0"
"88","1.7222222222222223","0.002124183006535948","0.5806451612903225","0.8","5","2","false","TSC22D2","10.8","0","5","0","0","0","0","0.9598765432098766","false","0","TSC22D2","4","0.6"
"57","0.0","0.0","0.0","0.0","0","0","true","MRNIP","0.0","0","0",,"0","0","0","Infinity","false","0","MRNIP","0","0.0"
"76","1.4666666666666666","0.05097322218011874","0.6818181818181819","0.3333333333333333","16","2","false","RAMAC","10.4375","0","16","0","0","0","0","0.9844444444444445","false","0","RAMAC","160","0.34791666666666665"
"88","1.7777777777777777","0.0010893246187363833","0.5625","0.8333333333333334","4","2","false","RAC3","11.0","0","4","0","0","0","0","0.95679012345679","false","0","RAC3","2","0.6111111111111112"
"51","1.5833333333333333","0.17403198653198654","0.6315789473684211","0.5333333333333333","6","3","false","PCDHGA11","5.833333333333333","0","6","0","0","0","0","0.9351851851851851","false","0","PCDHGA11","50","0.5666666666666667"
"2","1.78125","0.005688401518014611","0.5614035087719298","0.43956043956043955","14","2","false","AICDA","23.714285714285715","0","14","0","0","0","0","0.9875992063492064","false","0","AICDA","102","0.3705357142857143"
"29","1.775","0.010148205974777981","0.5633802816901409","0.2777777777777778","9","2","false","TNMD","12.11111111111111","0","9","0","0","0","0","0.9784722222222223","false","0","TNMD","74","0.3076923076923077"
"29","1.775","0.00983577185529518","0.5633802816901409","0.3611111111111111","9","2","false","GLYATL1","14.444444444444445","0","9","0","0","0","0","0.9784722222222223","false","0","GLYATL1","106","0.3611111111111111"
"29","1.7","0.010846478712858022","0.5882352941176471","0.45454545454545453","12","2","false","TMPPE","14.083333333333334","0","12","0","0","0","0","0.9805555555555555","false","0","TMPPE","84","0.35208333333333336"
"63","1.925","0.0","0.5194805194805194","1.0","3","2","false","PRG2","27.666666666666668","0","3",,"0","0","0","0.976875","false","0","PRG2","0","0.6916666666666667"
"41","1.5","0.0","0.6666666666666666","0.0","1","2","false","PEX14","2.0","0","1","0","0","0","0","0.75","false","0","PEX14","0","0.0"
"17","1.9473684210526316","0.0","0.5135135135135135","1.0","2","3","false","CXorf66","13.0","0","2",,"0","0","0","0.9473684210526316","false","0","CXorf66","0","0.7222222222222222"
"87","1.75","0.008032039976484419","0.5714285714285714","0.42857142857142855","7","2","false","DDX52","11.714285714285714","0","7","0","0","0","0","0.9732142857142857","false","0","DDX52","24","0.41836734693877553"
"51","1.75","0.12268518518518517","0.5714285714285714","0.3333333333333333","4","3","false","AP1B1","7.0","0","4","0","0","0","0","0.9166666666666666","false","0","AP1B1","54","0.675"
"2","1.9375","1.8778344671201813E-5","0.5161290322580645","0.6666666666666666","4","2","false","ZNF454","45.0","0","4","0","0","0","0","0.9851190476190477","false","0","ZNF454","4","0.703125"
"93","1.8","0.005263157894736841","0.5555555555555556","0.6666666666666666","4","2","false","DBR1","10.0","0","4","0","0","0","0","0.9578947368421052","false","0","DBR1","6","0.5"
"53","2.0","0.0","0.5","1.0","2","3","false","ZBTB48","7.0","0","2","0","0","0","0","0.8888888888888888","false","0","ZBTB48","0","0.7777777777777778"
"56","2.0","0.0","0.5","0.0","1","3","false","PPP4R2","11.0","0","1",,"0","0","0","0.9090909090909091","false","0","PPP4R2","0","0.0"
"97","1.4423076923076923","0.10693130810883504","0.6933333333333334","0.1206896551724138","29","2","false","MYH16","7.620689655172414","0","29","0","0","0","0","0.9909733124018838","false","0","MYH16","1144","0.14655172413793102"
"46","1.0","0.0","1.0","0.0","1","1","false","ZNF213","1.0","0","1","0","0","0","0","1.0","false","0","ZNF213","0","0.0"
"1","1.9166666666666667","2.8073286052009453E-4","0.5217391304347826","0.7","5","3","false","EVX1","21.0","0","5","0",,"0","0","0.9791666666666667","false","0","EVX1","6","0.44680851063829785"
"16","1.8518518518518519","2.035002035002035E-4","0.54","0.8333333333333334","4","2","false","PARP3","20.5","0","4","0","0","0","0","0.9684499314128944","false","0","PARP3","2","0.7592592592592593"
"10","1.8666666666666667","0.0026819923371647508","0.5357142857142857","0.5","4","2","false","SINHCAF","15.5","0","4",,"0","0","0","0.9711111111111111","false","0","SINHCAF","6","0.5166666666666667"
"137","0.0","0.0","0.0","0.0","0","0","true","IGHV3-74","0.0","0","0","0",,"0","0","Infinity","false","0","IGHV3-74","0","0.0"
"62","1.8461538461538463","0.0020512820512820513","0.5416666666666666","0.5","4","2","false","ZDHHC14","11.25","0","4","0","0","0","0","0.9674556213017751","false","0","ZDHHC14","6","0.4326923076923077"
"120","1.8421052631578947","0.031091617933723194","0.5428571428571428","0.3333333333333333","3","2","false","SARS1","12.0","0","3","0","0","0","0","0.9504643962848298","false","0","SARS1","48","0.6481481481481481"
"76","1.9","0.0","0.5263157894736842","1.0","3","2","false","ESCO2","18.333333333333332","0","3","0","0","0","0","0.9700000000000001","false","0","ESCO2","0","0.6111111111111112"
"58","2.4444444444444446","0.0","0.40909090909090906","0.0","1","4","false","NR4A3","5.0","0","1",,"0","0","0","0.711111111111111","false","0","NR4A3","0","0.0"
"95","1.8461538461538463","0.0","0.5416666666666666","1.0","2","2","false","TLR4","10.5","0","2","0","0","0","0","0.9349112426035503","false","0","TLR4","0","0.8076923076923077"
"87","1.6071428571428572","0.030871546149323924","0.6222222222222222","0.32727272727272727","11","2","false","ATXN7L2","9.363636363636363","0","11","0",,"0","0","0.9783163265306122","false","0","ATXN7L2","74","0.3344155844155844"
"21","2.1666666666666665","0.3333333333333333","0.46153846153846156","0.0","2","4","false","SMAP2","2.0","0","2",,"0","0","0","0.6111111111111112","false","0","SMAP2","10","0.5"
"9","1.9375","0.0","0.5161290322580645","0.0","1","2","false","IGKV3D-15","16.0","0","1","0",,"0","0","0.94140625","false","0","IGKV3D-15","0","0.0"
"2","1.671875","0.016745795540438403","0.5981308411214953","0.2857142857142857","21","2","false","MYLK3","14.857142857142858","0","21","0","0","0","0","0.9893353174603174","false","0","MYLK3","300","0.23214285714285715"
"9","1.8125","0.0","0.5517241379310345","1.0","3","2","false","SPZ1","7.666666666666667","0","3",,"0","0","0","0.94921875","false","0","SPZ1","0","0.4791666666666667"
"77","1.6285714285714286","0.037339937757634244","0.6140350877192983","0.28205128205128205","13","2","false","TRGV1","10.23076923076923","0","13","0","0","0","0","0.9815126050420169","false","0","TRGV1","148","0.2923076923076923"
"76","1.8333333333333333","0.001733260353950009","0.5454545454545455","0.5","5","2","false","FOXP1","15.4","0","5",,"0","0","0","0.9722222222222222","false","0","FOXP1","10","0.5133333333333333"
"77","1.8","0.00724362472261632","0.5555555555555556","0.2857142857142857","7","2","false","PIGP","12.285714285714286","0","7","0","0","0","0","0.9764705882352942","false","0","PIGP","40","0.3510204081632653"
"51","1.75","0.0035774410774410776","0.5714285714285714","0.8333333333333334","4","3","false","TRIM36","8.0","0","4",,"0","0","0","0.9166666666666666","false","0","TRIM36","4","0.7272727272727273"
"39","1.9","8.974358974358973E-4","0.5263157894736842","0.5","4","2","false","PRICKLE3","15.25","0","4","0","0","0","0","0.9775","false","0","PRICKLE3","6","0.38125"
"85","1.8","0.0","0.5555555555555556","1.0","2","2","false","SEMA4G","6.5","0","2",,"0","0","0","0.9199999999999999","false","0","SEMA4G","0","0.65"
"9","1.8125","0.004166666666666667","0.5517241379310345","0.6666666666666666","3","2","false","ODAPH","6.666666666666667","0","3","0",,"0","0","0.94921875","false","0","ODAPH","2","0.4166666666666667"
"39","1.9","0.0011111111111111111","0.5263157894736842","0.5","4","2","false","SLC30A6","19.5","0","4","0","0","0","0","0.9775","false","0","SLC30A6","6","0.4875"
"61","1.76","0.00890873015873016","0.5681818181818182","0.3333333333333333","6","2","false","IGHV4-59","12.666666666666666","0","6","0",,"0","0","0.9695999999999999","false","0","IGHV4-59","20","0.5066666666666667"
"5","1.6206896551724137","0.0691942670083064","0.6170212765957447","0.3484848484848485","12","3","false","SUZ12","8.0","0","12","0","0","0","0","0.9556650246305419","false","0","SUZ12","222","0.2932098765432099"
"89","1.0","0.0","1.0","0.0","1","1","false","SDCCAG8","1.0","0","1","0","0","0","0","1.0","false","0","SDCCAG8","0","0.0"
"85","1.8","0.0","0.5555555555555556","1.0","2","2","false","SLITRK3","6.5","0","2","0",,"0","0","0.9199999999999999","false","0","SLITRK3","0","0.65"
"63","1.8","0.00344988344988345","0.5555555555555556","0.6428571428571429","8","2","false","PPP2CB","18.5","0","8","0","0","0","0","0.9800000000000001","false","0","PPP2CB","20","0.4625"
"71","1.5","0.0","0.6666666666666666","0.0","1","2","false","NPIPB7","2.0","0","1","0",,"0","0","0.75","false","0","NPIPB7","0","0.0"
"77","1.7428571428571429","0.012179559880993398","0.5737704918032787","0.2222222222222222","9","2","false","SOCS2","12.444444444444445","0","9","0",,"0","0","0.9781512605042018","false","0","SOCS2","80","0.35555555555555557"
"138","0.0","0.0","0.0","0.0","0","0","true","LEFTY2","0.0","0","0","0",,"0","0","Infinity","false","0","LEFTY2","0","0.0"
"83","1.8888888888888888","0.0","0.5294117647058824","0.0","1","2","false","PCDHB4","9.0","0","1",,"0","0","0","0.9012345679012346","false","0","PCDHB4","0","0.0"
"93","1.65","0.11040100250626567","0.6060606060606061","0.42857142857142855","7","2","false","SUV39H1","7.857142857142857","0","7","0","0","0","0","0.9657894736842106","false","0","SUV39H1","84","0.40601503759398494"
"61","1.28","0.13592063492063491","0.78125","0.2222222222222222","18","2","false","CCDC7","6.833333333333333","0","18","0","0","0","0","0.9887999999999999","false","0","CCDC7","238","0.2733333333333333"
"29","1.9","0.0018662628221451751","0.5263157894736842","0.3333333333333333","4","2","false","RDH16","17.25","0","4","0","0","0","0","0.9750000000000001","false","0","RDH16","22","0.43125"
"93","1.95","0.0","0.5128205128205129","1.0","2","3","false","FUBP1","15.0","0","2","0","0","0","0","0.9500000000000001","false","0","FUBP1","0","0.7894736842105263"
"61","1.36","0.10683333333333335","0.7352941176470588","0.16666666666666666","16","2","false","RRBP1","6.5625","0","16","0","0","0","0","0.9856","false","0","RRBP1","200","0.2625"
"2","1.921875","7.38929831191736E-5","0.5203252032520326","0.7","5","2","false","SPATA18","45.2","0","5","0","0","0","0","0.9853670634920635","false","0","SPATA18","6","0.70625"
"63","1.875","5.8275058275058275E-5","0.5333333333333333","0.9","5","2","false","SNAPC3","27.4","0","5","0","0","0","0","0.978125","false","0","SNAPC3","2","0.685"
"39","1.9","6.41025641025641E-4","0.5263157894736842","0.6666666666666666","4","2","false","NPBWR2","22.0","0","4","0","0","0","0","0.9775","false","0","NPBWR2","4","0.55"
"76","1.6","0.018515641446675928","0.625","0.4696969696969697","12","2","false","ZNF350","12.583333333333334","0","12","0","0","0","0","0.98","false","0","ZNF350","70","0.41944444444444445"
"2","1.921875","1.8778344671201813E-5","0.5203252032520326","0.8","5","2","false","STK39","44.6","0","5","0","0","0","0","0.9853670634920635","false","0","STK39","4","0.696875"
"2","1.921875","9.22186004031242E-5","0.5203252032520326","0.6","5","2","false","B3GNT3","42.2","0","5","0","0","0","0","0.9853670634920635","false","0","B3GNT3","8","0.659375"
"28","1.9230769230769231","0.001","0.52","0.6666666666666666","3","3","false","LRRC71","16.333333333333332","0","3",,"0","0","0","0.959866220735786","false","0","LRRC71","4","0.6533333333333333"
"97","1.7884615384615385","0.010554680946568345","0.5591397849462365","0.2909090909090909","11","2","false","UPK1A","16.818181818181817","0","11","0","0","0","0","0.9839089481946625","false","0","UPK1A","208","0.32342657342657344"
"97","1.9615384615384615","1.5733738769863688E-4","0.5098039215686275","0.6666666666666666","4","3","false","TLCD3B","27.75","0","4","0","0","0","0","0.9803767660910518","false","0","TLCD3B","18","0.555"
"16","1.7777777777777777","0.0030151946818613488","0.5625","0.6","6","2","false","TFCP2","14.166666666666666","0","6","0","0","0","0","0.9711934156378601","false","0","TFCP2","12","0.5246913580246914"
"120","1.9473684210526316","0.0","0.5135135135135135","1.0","2","3","false","PALS1","16.5","0","2",,"0","0","0","0.9442724458204336","false","0","PALS1","0","0.9166666666666666"
"114","0.0","0.0","0.0","0.0","0","0","true","ZBTB18","0.0","0","0",,"0","0","0","Infinity","false","0","ZBTB18","0","0.0"
"2","1.890625","4.789552929433881E-4","0.5289256198347108","0.5714285714285714","7","2","false","CLDN12","36.857142857142854","0","7","0","0","0","0","0.9858630952380952","false","0","CLDN12","18","0.5758928571428571"
"39","1.925","2.564102564102564E-4","0.5194805194805194","0.6666666666666666","3","2","false","TRIM17","23.0","0","3","0","0","0","0","0.976875","false","0","TRIM17","2","0.575"
"16","1.6666666666666667","0.004349251571473794","0.6","0.7222222222222222","9","2","false","SYT9","14.555555555555555","0","9","0","0","0","0","0.9753086419753086","false","0","SYT9","20","0.5390946502057613"
"56","2.0","0.0","0.5","0.0","1","3","false","C5orf52","11.0","0","1","0",,"0","0","0.9090909090909091","false","0","C5orf52","0","0.0"
"61","1.6","0.022944444444444448","0.625","0.4222222222222222","10","2","false","SAMD11","9.8","0","10","0","0","0","0","0.976","false","0","SAMD11","52","0.392"
"2","1.921875","8.857709750566892E-6","0.5203252032520326","0.9","5","2","false","NBPF4","38.6","0","5","0","0","0","0","0.9853670634920635","false","0","NBPF4","2","0.603125"
"7","1.8333333333333333","0.3333333333333333","0.5454545454545455","0.0","2","3","false","TACC1","2.5","0","2","0","0","0","0","0.7916666666666667","false","0","TACC1","10","0.5"
"82","1.9230769230769231","0.0","0.52","1.0","2","3","false","PPP1R13B","11.5","0","2","0","0","0","0","0.923076923076923","false","0","PPP1R13B","0","0.9583333333333334"
"87","1.6071428571428572","0.028559880742420423","0.6222222222222222","0.36363636363636365","11","2","false","MYOCD","10.272727272727273","0","11","0",,"0","0","0.9783163265306122","false","0","MYOCD","70","0.36688311688311687"
"61","1.72","0.004694444444444445","0.5813953488372093","0.5714285714285714","7","2","false","TRGV5","13.571428571428571","0","7","0","0","0","0","0.9712000000000001","false","0","TRGV5","18","0.5428571428571428"
"139","0.0","0.0","0.0","0.0","0","0","true","AQP7","0.0","0","0","0",,"0","0","Infinity","false","0","AQP7","0","0.0"
"21","3.0","0.0","0.3333333333333333","0.0","1","5","false","ZSCAN5C","2.0","0","1","0",,"0","0","0.3333333333333333","false","0","ZSCAN5C","0","0.0"
"39","1.925","0.0","0.5194805194805194","1.0","3","2","false","CXCR3","24.0","0","3",,"0","0","0","0.976875","false","0","CXCR3","0","0.6"
"72","0.0","0.0","0.0","0.0","0","0","true","PIPOX","0.0","0","0","0","0","0","0","Infinity","false","0","PIPOX","0","0.0"
"9","1.8125","0.0","0.5517241379310345","1.0","3","2","false","TRAF3IP1","7.666666666666667","0","3","0","0","0","0","0.94921875","false","0","TRAF3IP1","0","0.4791666666666667"
"1","1.8541666666666667","0.0016495694022289767","0.5393258426966292","0.6428571428571429","8","3","false","MAGEB6B","18.75","0","8","0","0","0","0","0.9805871212121212","false","0","MAGEB6B","20","0.39893617021276595"
"120","1.9473684210526316","0.0","0.5135135135135135","1.0","2","3","false","PSD2","16.5","0","2","0","0","0","0","0.9442724458204336","false","0","PSD2","0","0.9166666666666666"
"101","0.0","0.0","0.0","0.0","0","0","true","ASB2","0.0","0","0",,"0","0","0","Infinity","false","0","ASB2","0","0.0"
"115","1.8","0.0","0.5555555555555556","0.0","1","2","false","ZZZ3","5.0","0","1","0","0","0","0","0.8400000000000001","false","0","ZZZ3","0","0.0"
"76","1.5333333333333334","0.030803545113889944","0.6521739130434783","0.3956043956043956","14","2","false","TIMP4","11.214285714285714","0","14","0","0","0","0","0.9822222222222222","false","0","TIMP4","110","0.3738095238095238"
"97","1.9807692307692308","1.5733738769863688E-4","0.5048543689320388","0.3333333333333333","3","3","false","KLHL35","35.333333333333336","0","3",,"0","0","0","0.9799843014128727","false","0","KLHL35","18","0.7142857142857143"
"140","0.0","0.0","0.0","0.0","0","0","true","IQCF5","0.0","0","0","0",,"0","0","Infinity","false","0","IQCF5","0","0.0"
"8","1.3333333333333333","0.0","0.75","1.0","2","2","false","SYNJ2","2.5","0","2","0","0","0","0","0.888888888888889","false","0","SYNJ2","0","0.8333333333333334"
"17","1.7894736842105263","0.10721247563352826","0.5588235294117647","0.3333333333333333","4","2","false","COA7","7.75","0","4","0","0","0","0","0.956140350877193","false","0","COA7","54","0.4166666666666667"
"27","1.5789473684210527","0.01317610264978686","0.6333333333333333","0.6944444444444444","9","3","false","PPWD1","11.222222222222221","0","9","0","0","0","0","0.9678362573099416","false","0","PPWD1","22","0.6234567901234568"
"39","1.9","7.478632478632478E-4","0.5263157894736842","0.6666666666666666","4","2","false","SLC50A1","18.5","0","4","0","0","0","0","0.9775","false","0","SLC50A1","4","0.4625"
"58","1.5555555555555556","0.5833333333333333","0.6428571428571428","0.1","5","3","false","KRTAP9-2","2.0","0","5","0","0","0","0","0.888888888888889","false","0","KRTAP9-2","42","0.28"
"83","1.8888888888888888","0.0","0.5294117647058824","0.0","1","2","false","ZNF280D","9.0","0","1",,"0","0","0","0.9012345679012346","false","0","ZNF280D","0","0.0"
"2","1.90625","1.7636684303350966E-4","0.5245901639344263","0.7333333333333333","6","2","false","CADM4","33.833333333333336","0","6",,"0","0","0","0.9856150793650794","false","0","CADM4","8","0.5286458333333334"
"85","1.8","0.0","0.5555555555555556","1.0","2","2","false","RUBCN","6.5","0","2","0","0","0","0","0.9199999999999999","false","0","RUBCN","0","0.65"
"122","0.0","0.0","0.0","0.0","0","0","true","SH2D7","0.0","0","0","0","0","0","0","Infinity","false","0","SH2D7","0","0.0"
"21","3.0","0.0","0.3333333333333333","0.0","1","5","false","ESRP2","2.0","0","1","0","0","0","0","0.3333333333333333","false","0","ESRP2","0","0.0"
"120","1.894736842105263","0.0029239766081871343","0.5277777777777778","0.6666666666666666","3","3","false","RAPGEFL1","12.333333333333334","0","3","0","0","0","0","0.9473684210526315","false","0","RAPGEFL1","4","0.6851851851851852"
"39","1.9","1.8315018315018315E-4","0.5263157894736842","0.8333333333333334","4","2","false","NDUFAF6","23.25","0","4","0","0","0","0","0.9775","false","0","NDUFAF6","2","0.58125"
"5","1.9310344827586208","0.02990089412503206","0.5178571428571428","0.2","6","3","false","SLC25A11","8.833333333333334","0","6","0","0","0","0","0.9334975369458128","false","0","SLC25A11","104","0.3787878787878788"
"97","1.9230769230769231","0.001715637933454709","0.52","0.2","5","3","false","FCER1A","22.2","0","5","0","0","0","0","0.9811616954474098","false","0","FCER1A","82","0.4448979591836735"
"117","1.8571428571428572","0.003663003663003663","0.5384615384615384","0.6666666666666666","3","3","false","SMAGP","8.666666666666666","0","3","0","0","0","0","0.9340659340659341","false","0","SMAGP","2","0.6666666666666666"
"120","1.7894736842105263","0.03791423001949317","0.5588235294117647","0.5","4","2","false","UGDH","10.25","0","4","0","0","0","0","0.9535603715170278","false","0","UGDH","52","0.5555555555555556"
"85","1.9","0.0","0.5263157894736842","0.0","1","2","false","IL1RAPL2","10.0","0","1",,"0","0","0","0.9099999999999999","false","0","IL1RAPL2","0","0.0"
"86","1.5","0.0","0.6666666666666666","0.0","1","2","false","CASR","2.0","0","1","1",,"1","0","0.75","false","0","CASR","0","0.0"
"86","1.0","1.0","1.0","0.0","2","1","false","ALPK2","1.0","0","2","0","0","0","0","1.0","false","0","ALPK2","2","0.0"
"95","1.3846153846153846","0.12072649572649571","0.7222222222222222","0.2857142857142857","8","2","false","NHS","4.25","0","8","0","0","0","0","0.9704142011834319","false","0","NHS","40","0.3269230769230769"
"17","1.9473684210526316","0.0","0.5135135135135135","1.0","2","3","false","SHISAL2B","13.0","0","2","0","0","0","0","0.9473684210526316","false","0","SHISAL2B","0","0.7222222222222222"
"28","1.4230769230769231","0.18187912087912086","0.7027027027027026","0.1523809523809524","15","2","false","DCTN1","5.066666666666666","0","15","0","0","0","0","0.9816053511705686","false","0","DCTN1","234","0.19487179487179487"
"2","1.859375","6.355399175339651E-4","0.5378151260504201","0.6111111111111112","9","2","false","CEACAM21","34.44444444444444","0","9",,"0","0","0","0.986359126984127","false","0","CEACAM21","28","0.5381944444444444"
"82","1.6153846153846154","0.019230769230769232","0.6190476190476191","0.7","5","2","false","SPEM3","7.4","0","5","0","0","0","0","0.9487179487179488","false","0","SPEM3","10","0.5692307692307692"
"39","1.925","0.0","0.5194805194805194","1.0","3","2","false","MPPED2","27.333333333333332","0","3","0","0","0","0","0.976875","false","0","MPPED2","0","0.6833333333333333"
"10","1.8666666666666667","0.0013409961685823754","0.5357142857142857","0.6666666666666666","4","2","false","HDGFL1","15.75","0","4",,"0","0","0","0.9711111111111111","false","0","HDGFL1","4","0.525"
"5","1.8275862068965518","0.019989301885853607","0.5471698113207547","0.5277777777777778","9","3","false","PABPC4","9.11111111111111","0","9","0","0","0","0","0.9408866995073891","false","0","PABPC4","72","0.36444444444444446"
"120","1.894736842105263","0.0","0.5277777777777778","1.0","3","3","false","ARHGAP11A","13.666666666666666","0","3","0","0","0","0","0.9473684210526315","false","0","ARHGAP11A","0","0.7592592592592593"
"71","1.0","1.0","1.0","0.0","2","1","false","TREML4","1.0","0","2",,"0","0","0","1.0","false","0","TREML4","2","0.0"
"53","1.9090909090909092","0.0","0.5238095238095238","1.0","2","3","false","HMMR","7.0","0","2","0",,"0","0","0.8989898989898989","false","0","HMMR","0","0.7"
"120","2.1052631578947367","0.0","0.47500000000000003","0.0","1","3","false","ANKRD65","16.0","0","1","0","0","0","0","0.934984520123839","false","0","ANKRD65","0","0.0"
"117","1.5","0.08424908424908426","0.6666666666666666","0.2857142857142857","7","2","false","ZNF853","4.571428571428571","0","7",,"0","0","0","0.9615384615384616","false","0","ZNF853","40","0.32653061224489793"
"27","1.7894736842105263","0.002594092067776278","0.5588235294117647","0.7","5","3","false","PDE4B","12.8","0","5",,"0","0","0","0.956140350877193","false","0","PDE4B","6","0.7111111111111111"
"102","1.7272727272727273","0.03636363636363636","0.5789473684210527","0.6666666666666666","3","2","false","MANEAL","5.333333333333333","0","3","0","0","0","0","0.9191919191919192","false","0","MANEAL","8","0.48484848484848486"
"73","0.0","0.0","0.0","0.0","0","0","true","ZNF718","0.0","0","0",,"0","0","0","Infinity","false","0","ZNF718","0","0.0"
"52","3.0","0.0","0.3333333333333333","0.0","1","5","false","SLC10A1","2.0","0","1","0",,"0","0","0.0","false","0","SLC10A1","0","0.0"
"61","1.8","0.001738095238095238","0.5555555555555556","0.7","5","2","false","STK16","15.4","0","5","0","0","0","0","0.968","false","0","STK16","6","0.616"
"107","0.0","0.0","0.0","0.0","0","0","true","ZMYND12","0.0","0","0",,"0","0","0","Infinity","false","0","ZMYND12","0","0.0"
"84","2.0","0.0","0.5","1.0","2","3","false","EPM2AIP1","11.0","0","2",,"0","0","0","0.9333333333333333","false","0","EPM2AIP1","0","0.7333333333333333"
"39","1.825","0.00641025641025641","0.547945205479452","0.42857142857142855","7","2","false","TMEM231","11.857142857142858","0","7","0","0","0","0","0.9793749999999999","false","0","TMEM231","24","0.29642857142857143"
"77","1.7714285714285714","0.005950087699964121","0.5645161290322581","0.42857142857142855","8","2","false","SHISA2","13.875","0","8","0","0","0","0","0.9773109243697479","false","0","SHISA2","42","0.3964285714285714"
"97","1.9230769230769231","0.0016657685357462934","0.52","0.3","5","3","false","AIG1","26.6","0","5","0","0","0","0","0.9811616954474098","false","0","AIG1","112","0.5346938775510204"
"108","0.0","0.0","0.0","0.0","0","0","true","NPY4R2","0.0","0","0","0","0","0","0","Infinity","false","0","NPY4R2","0","0.0"
"95","1.9230769230769231","0.0","0.52","0.0","1","2","false","ABCB7","13.0","0","1","0","0","0","0","0.9289940828402367","false","0","ABCB7","0","0.0"
"9","1.9375","0.0","0.5161290322580645","0.0","1","2","false","CREB3L4","16.0","0","1","0",,"0","0","0.94140625","false","0","CREB3L4","0","0.0"
"58","2.3333333333333335","0.0","0.42857142857142855","0.0","1","3","false","CBLIF","5.0","0","1","0","0","0","0","0.7333333333333333","false","0","CBLIF","0","0.0"
"92","1.0","1.0","1.0","0.0","2","1","false","DPEP2","1.0","0","2","0","0","0","0","1.0","false","0","DPEP2","2","0.0"
"15","4.0","0.0","0.25","0.0","1","7","false","ARF1","2.0","0","1","0","0","0","0","0.0","false","0","ARF1","0","0.0"
"63","1.275","0.12626068376068375","0.7843137254901962","0.18226600985221675","29","2","false","PUM3","8.137931034482758","0","29","0","0","0","0","0.993125","false","0","PUM3","664","0.20344827586206896"
"87","1.8928571428571428","8.818342151675485E-4","0.5283018867924528","0.6666666666666666","3","2","false","BRIX1","14.0","0","3","0",,"0","0","0.9681122448979592","false","0","BRIX1","2","0.5"
"2","1.90625","2.0065665154950867E-4","0.5245901639344263","0.7333333333333333","6","2","false","TCP11X2","35.166666666666664","0","6",,"0","0","0","0.9856150793650794","false","0","TCP11X2","8","0.5494791666666666"
"16","1.4444444444444444","0.05735766291321847","0.6923076923076923","0.34285714285714286","15","2","false","FAM184B","9.933333333333334","0","15","0","0","0","0","0.9835390946502058","false","0","FAM184B","138","0.36790123456790125"
"97","1.9615384615384615","1.5733738769863688E-4","0.5098039215686275","0.6666666666666666","4","3","false","SHF","28.75","0","4",,"0","0","0","0.9803767660910518","false","0","SHF","18","0.575"
"1","1.9583333333333333","0.0","0.5106382978723405","1.0","4","3","false","C17orf75","26.75","0","4","0","0","0","0","0.9782196969696969","false","0","C17orf75","0","0.5815217391304348"
"63","1.9","7.478632478632478E-4","0.5263157894736842","0.6666666666666666","4","2","false","B4GALNT2","23.25","0","4",,"0","0","0","0.9775","false","0","B4GALNT2","4","0.58125"
"86","1.5","0.0","0.6666666666666666","0.0","1","2","false","NAA16","2.0","0","1","0","0","0","0","0.75","false","0","NAA16","0","0.0"
"51","1.9166666666666667","0.0035774410774410776","0.5217391304347826","0.6666666666666666","3","3","false","ERCC4","8.666666666666666","0","3","0","0","0","0","0.8981481481481483","false","0","ERCC4","4","0.8666666666666667"
"63","1.85","3.1468531468531474E-4","0.5405405405405405","0.8666666666666667","6","2","false","OIT3","24.833333333333332","0","6","0","0","0","0","0.97875","false","0","OIT3","4","0.6208333333333333"
"77","1.7142857142857142","0.03390568705200441","0.5833333333333334","0.2","10","2","false","ZNF526","10.3","0","10","0","0","0","0","0.9789915966386554","false","0","ZNF526","186","0.3"
"81","1.0","0.0","1.0","0.0","1","1","false","AKR1B1","1.0","0","1","0","0","0","0","1.0","false","0","AKR1B1","0","0.0"
"74","0.0","0.0","0.0","0.0","0","0","true","MS4A10","0.0","0","0",,"0","0","0","Infinity","false","0","MS4A10","0","0.0"
"10","1.8666666666666667","0.00210727969348659","0.5357142857142857","0.5","4","2","false","IGHV1-69","11.5","0","4","0","0","0","0","0.9711111111111111","false","0","IGHV1-69","6","0.38333333333333336"
"63","1.85","5.866355866355866E-4","0.5405405405405405","0.8","6","2","false","ADORA3","23.166666666666668","0","6",,"0","0","0","0.97875","false","0","ADORA3","6","0.5791666666666667"
"76","1.8333333333333333","0.001326259946949602","0.5454545454545455","0.6","5","2","false","HNF1B","17.0","0","5","0","0","0","0","0.9722222222222222","false","0","HNF1B","8","0.5666666666666667"
"37","0.0","0.0","0.0","0.0","0","0","true","P2RY11","0.0","0","0",,"0","0","0","Infinity","false","0","P2RY11","0","0.0"
"39","1.925","0.0","0.5194805194805194","1.0","3","2","false","SLC25A4","27.333333333333332","0","3","0","0","0","0","0.976875","false","0","SLC25A4","0","0.6833333333333333"
"62","1.9230769230769231","0.0","0.52","1.0","2","2","false","STRADA","22.0","0","2",,"0","0","0","0.9644970414201184","false","0","STRADA","0","0.8461538461538461"
"10","1.9","2.8735632183908046E-4","0.5263157894736842","0.6666666666666666","3","2","false","TRAV12-1","20.666666666666668","0","3","0","0","0","0","0.9700000000000001","false","0","TRAV12-1","2","0.6888888888888889"
"7","1.3333333333333333","0.8666666666666667","0.75","0.0","4","2","false","SYVN1","1.5","0","4","0","0","0","0","0.9166666666666667","false","0","SYVN1","26","0.25"
"63","1.9","5.8275058275058275E-5","0.5263157894736842","0.8333333333333334","4","2","false","MAP2K5","25.25","0","4","0","0","0","0","0.9775","false","0","MAP2K5","2","0.63125"
"87","1.8571428571428572","0.0014109347442680775","0.5384615384615384","0.5","4","2","false","TMCO6","13.5","0","4","0","0","0","0","0.9693877551020408","false","0","TMCO6","6","0.48214285714285715"
"29","1.85","5.440791647688199E-4","0.5405405405405405","0.7333333333333333","6","2","false","OTUD5","20.666666666666668","0","6","0","0","0","0","0.9763888888888889","false","0","OTUD5","10","0.5166666666666667"
"47","2.3333333333333335","0.3333333333333333","0.42857142857142855","0.0","2","4","false","LETM1","1.5","0","2","0","0","0","0","0.5555555555555555","false","0","LETM1","10","0.5"
"2","1.875","1.207404257999496E-4","0.5333333333333333","0.8214285714285714","8","2","false","SYPL1","35.0","0","8",,"0","0","0","0.9861111111111112","false","0","SYPL1","10","0.546875"
"94","0.0","0.0","0.0","0.0","0","0","true","SESN1","0.0","0","0",,"0","0","0","Infinity","false","0","SESN1","0","0.0"
"76","1.8333333333333333","3.858210754762479E-4","0.5454545454545455","0.8","5","2","false","MS4A14","18.8","0","5","0","0","0","0","0.9722222222222222","false","0","MS4A14","4","0.6266666666666667"
"5","2.3448275862068964","0.002719622331691297","0.42647058823529416","0.0","3","4","false","YARS2","7.666666666666667","0","3","0","0","0","0","0.9039408866995073","false","0","YARS2","10","0.47619047619047616"
"61","1.84","7.936507936507937E-4","0.5434782608695652","0.6666666666666666","4","2","false","TPMT","17.0","0","4","0","0","0","0","0.9664","false","0","TPMT","4","0.68"
"6","1.7777777777777777","0.0","0.5625","1.0","2","2","false","SPANXN1","6.5","0","2","0","0","0","0","0.9135802469135802","false","0","SPANXN1","0","0.7222222222222222"
"29","1.975","2.1853146853146856E-4","0.5063291139240506","0.3333333333333333","3","3","false","NUAK2","23.333333333333332","0","3","0","0","0","0","0.9729166666666667","false","0","NUAK2","4","0.6216216216216216"
"9","1.875","0.0","0.5333333333333333","1.0","2","2","false","RANBP3","10.0","0","2",,"0","0","0","0.9453125","false","0","RANBP3","0","0.625"
"19","1.6363636363636365","0.11614718614718614","0.611111111111111","0.0","4","2","false","CPA4","4.75","0","4",,"0","0","0","0.8939393939393939","false","0","CPA4","52","0.5357142857142857"
"19","2.090909090909091","0.011818181818181818","0.4782608695652174","0.0","2","3","false","NCCRP1","6.0","0","2","0","0","0","0","0.8181818181818182","false","0","NCCRP1","8","0.8333333333333334"
"88","1.8888888888888888","0.0","0.5294117647058824","1.0","2","2","false","GFY","13.5","0","2","0","0","0","0","0.9506172839506173","false","0","GFY","0","0.75"
"95","1.6153846153846154","0.02457264957264957","0.6190476190476191","0.5","5","2","false","LIPK","6.2","0","5","0","0","0","0","0.9526627218934911","false","0","LIPK","10","0.47692307692307695"
"93","1.45","0.10473684210526314","0.6896551724137931","0.2545454545454545","11","2","false","KIF27","5.636363636363637","0","11",,"0","0","0","0.9763157894736842","false","0","KIF27","96","0.2818181818181818"
"59","0.0","0.0","0.0","0.0","0","0","true","CYP20A1","0.0","0","0",,"0","0","0","Infinity","false","0","CYP20A1","0","0.0"
"29","1.95","0.0010683760683760683","0.5128205128205129","0.6666666666666666","4","3","false","ST3GAL3","15.75","0","4","0","0","0","0","0.973611111111111","false","0","ST3GAL3","4","0.4144736842105263"
"1","1.75","0.015456815367866937","0.5714285714285714","0.22727272727272727","12","2","false","ELAVL3","13.916666666666666","0","12","0",,"0","0","0.9829545454545454","false","0","ELAVL3","152","0.29432624113475175"
"6","1.8888888888888888","0.0","0.5294117647058824","0.0","1","2","false","C12orf60","9.0","0","1","0","0","0","0","0.9012345679012346","false","0","C12orf60","0","0.0"
"69","1.1666666666666667","0.9333333333333333","0.8571428571428571","0.0","5","2","false","YWHAH","1.2","0","5","0","0","0","0","0.9666666666666666","false","0","YWHAH","28","0.2"
"62","1.9230769230769231","0.0","0.52","1.0","2","2","false","DOC2B","22.0","0","2","0","0","0","0","0.9644970414201184","false","0","DOC2B","0","0.8461538461538461"
"2","1.140625","0.18774063444822373","0.8767123287671232","0.11851851851851852","55","2","false","BDP1","9.327272727272728","0","55","0","0","0","0","0.9977678571428571","false","0","BDP1","2618","0.14573863636363638"
"39","1.95","0.0","0.5128205128205129","1.0","2","2","false","ASIC1","24.5","0","2",,"0","0","0","0.97625","false","0","ASIC1","0","0.6125"
"10","1.8","0.006896551724137931","0.5555555555555556","0.4","6","2","false","SFRP2","9.166666666666666","0","6","0","0","0","0","0.9733333333333333","false","0","SFRP2","18","0.3055555555555556"
"1","1.6875","0.02459906250458586","0.5925925925925926","0.2761904761904762","15","2","false","SAMD15","14.266666666666667","0","15","0","0","0","0","0.984375","false","0","SAMD15","284","0.2972222222222222"
"5","1.6551724137931034","0.1051701685014493","0.6041666666666666","0.2","11","3","false","AGR2","7.454545454545454","0","11","0","0","0","0","0.9532019704433498","false","0","AGR2","302","0.27972027972027974"
"93","1.85","0.003383458646616541","0.5405405405405405","0.5","4","3","false","SNX27","10.75","0","4","0","0","0","0","0.9552631578947368","false","0","SNX27","6","0.5657894736842105"
"82","1.9230769230769231","0.0","0.52","1.0","2","3","false","TTC7A","8.0","0","2","0","0","0","0","0.923076923076923","false","0","TTC7A","0","0.6666666666666666"
"1","1.9375","5.699088145896656E-4","0.5161290322580645","0.7","5","3","false","MSI1","23.4","0","5","0","0","0","0","0.9786931818181818","false","0","MSI1","6","0.508695652173913"
"87","1.8928571428571428","0.0","0.5283018867924528","1.0","3","2","false","RUFY1","20.333333333333332","0","3","0","0","0","0","0.9681122448979592","false","0","RUFY1","0","0.7261904761904762"
"115","1.6","0.0","0.625","1.0","2","2","false","USP29","4.0","0","2",,"0","0","0","0.8800000000000001","false","0","USP29","0","0.8"
"39","1.5","0.08754273504273503","0.6666666666666666","0.1631578947368421","20","2","false","RBM25","6.9","0","20","0","0","0","0","0.9875","false","0","RBM25","318","0.1725"
"61","1.76","0.005773809523809525","0.5681818181818182","0.4","6","2","false","PDCD6","13.833333333333334","0","6","0","0","0","0","0.9695999999999999","false","0","PDCD6","18","0.5533333333333333"
"16","1.8518518518518519","2.59000259000259E-4","0.54","0.8333333333333334","4","2","false","TIGD4","20.5","0","4",,"0","0","0","0.9684499314128944","false","0","TIGD4","2","0.7592592592592593"
"97","2.0","1.2569130216189038E-4","0.5","0.6666666666666666","3","3","false","PRAMEF19","23.333333333333332","0","3",,"0","0","0","0.9795918367346939","false","0","PRAMEF19","2","0.47619047619047616"
"120","1.736842105263158","0.006822612085769979","0.5757575757575757","0.7","5","2","false","IMMT","9.6","0","5","0","0","0","0","0.9566563467492261","false","0","IMMT","8","0.5052631578947369"
"76","1.5333333333333334","0.025020152261531568","0.6521739130434783","0.42857142857142855","14","2","false","CCDC150","12.142857142857142","0","14","0","0","0","0","0.9822222222222222","false","0","CCDC150","104","0.40476190476190477"
"76","1.9","0.0","0.5263157894736842","1.0","3","2","false","NOM1","21.333333333333332","0","3","0","0","0","0","0.9700000000000001","false","0","NOM1","0","0.7111111111111111"
"5","1.5172413793103448","0.14740887191626104","0.6590909090909092","0.27472527472527475","14","2","false","TARDBP","8.071428571428571","0","14","0","0","0","0","0.9630541871921182","false","0","TARDBP","420","0.2857142857142857"
"2","1.859375","9.207581715022189E-4","0.5378151260504201","0.5833333333333334","9","2","false","RCN1","33.77777777777778","0","9","0","0","0","0","0.986359126984127","false","0","RCN1","30","0.5277777777777778"
"1","2.0208333333333335","2.2163120567375886E-4","0.49484536082474223","0.6666666666666666","3","3","false","OR52K2","25.666666666666668","0","3","0","0","0","0","0.9767992424242423","false","0","OR52K2","2","0.5833333333333334"
"88","1.3888888888888888","0.08131808278867102","0.72","0.38181818181818183","11","2","false","TRBV10-3","7.181818181818182","0","11","0","0","0","0","0.9783950617283951","false","0","TRBV10-3","68","0.398989898989899"
"9","1.9375","0.0","0.5161290322580645","0.0","1","2","false","UNCX","16.0","0","1","0",,"0","0","0.94140625","false","0","UNCX","0","0.0"
"2","1.875","6.698200113378684E-4","0.5333333333333333","0.5714285714285714","8","2","false","THRB","36.125","0","8","0","0","0","0","0.9861111111111112","false","0","THRB","24","0.564453125"
"97","1.9038461538461537","7.525340462437118E-4","0.5252525252525253","0.6","5","2","false","DLAT","20.6","0","5","0","0","0","0","0.9815541601255887","false","0","DLAT","20","0.39615384615384613"
"2","1.90625","1.0213923532375913E-4","0.5245901639344263","0.6666666666666666","6","2","false","MAPK1IP1L","44.333333333333336","0","6",,"0","0","0","0.9856150793650794","false","0","MAPK1IP1L","10","0.6927083333333334"
"2","1.921875","1.8778344671201813E-5","0.5203252032520326","0.8","5","2","false","TNFRSF11B","46.6","0","5","0","0","0","0","0.9853670634920635","false","0","TNFRSF11B","4","0.728125"
"10","1.7666666666666666","0.011973180076628351","0.5660377358490566","0.42857142857142855","7","2","false","PRXL2A","10.714285714285714","0","7","0","0","0","0","0.9744444444444444","false","0","PRXL2A","24","0.35714285714285715"
"28","1.8846153846153846","6.153846153846154E-4","0.5306122448979592","0.8333333333333334","4","3","false","GCKR","12.5","0","4","0","0","0","0","0.9615384615384616","false","0","GCKR","2","0.5"
"21","2.1666666666666665","0.3333333333333333","0.46153846153846156","0.0","2","4","false","COX6B2","2.0","0","2","0","0","0","0","0.6111111111111112","false","0","COX6B2","10","0.5"
"97","1.8653846153846154","0.0026237954233232614","0.5360824742268041","0.42857142857142855","7","2","false","NIBAN1","15.285714285714286","0","7","0","0","0","0","0.9823390894819467","false","0","NIBAN1","36","0.29395604395604397"
"56","1.9166666666666667","0.0","0.5217391304347826","1.0","2","3","false","DDI2","6.5","0","2","0","0","0","0","0.9166666666666667","false","0","DDI2","0","0.5909090909090909"
"102","1.8181818181818181","0.18181818181818182","0.55","0.3333333333333333","3","3","false","CLUH","4.333333333333333","0","3","0","0","0","0","0.9090909090909091","false","0","CLUH","24","0.4444444444444444"
"39","1.95","0.0","0.5128205128205129","1.0","2","2","false","AKR7A3","31.0","0","2","0","0","0","0","0.97625","false","0","AKR7A3","0","0.775"
"29","1.625","0.0472352854680441","0.6153846153846154","0.17647058823529413","17","3","false","MED1","8.529411764705882","0","17","0","0","0","0","0.9826388888888888","false","0","MED1","256","0.22445820433436534"
"2","1.90625","9.281698790627361E-4","0.5245901639344263","0.6","6","2","false","SCO1","34.333333333333336","0","6","0",,"0","0","0.9856150793650794","false","0","SCO1","12","0.5364583333333334"
"97","1.8846153846153846","0.006013029302512347","0.5306122448979592","0.23809523809523808","7","3","false","PRSS8","17.714285714285715","0","7","0","0","0","0","0.9819466248037676","false","0","PRSS8","184","0.3556851311953353"
"60","2.25","0.0","0.4444444444444444","0.0","1","3","false","NDUFAF5","2.0","0","1",,"0","0","0","0.5833333333333334","false","0","NDUFAF5","0","0.0"
"63","1.85","0.0013403263403263402","0.5405405405405405","0.6666666666666666","6","2","false","SLC25A3","23.5","0","6","0","0","0","0","0.97875","false","0","SLC25A3","10","0.5875"
"10","1.9333333333333333","0.0","0.5172413793103449","1.0","2","2","false","C11orf40","26.5","0","2","0","0","0","0","0.9688888888888889","false","0","C11orf40","0","0.8833333333333333"
"77","1.7714285714285714","0.012270908363345337","0.5645161290322581","0.3055555555555556","9","3","false","PKLR","10.11111111111111","0","9","0","0","0","0","0.9773109243697479","false","0","PKLR","50","0.2973856209150327"
"9","1.9375","0.0","0.5161290322580645","0.0","1","2","false","HEYL","16.0","0","1",,"0","0","0","0.94140625","false","0","HEYL","0","0.0"
"95","1.6923076923076923","0.011752136752136752","0.5909090909090909","0.5","4","2","false","SEC23B","7.0","0","4","0","0","0","0","0.9467455621301776","false","0","SEC23B","6","0.5384615384615384"
"60","1.25","0.8333333333333333","0.8","0.0","3","2","false","MRPS24","1.3333333333333333","0","3","0","0","0","0","0.9166666666666666","false","0","MRPS24","10","0.3333333333333333"
"97","1.9230769230769231","0.0","0.52","1.0","4","2","false","HLCS","20.5","0","4","0","0","0","0","0.9811616954474098","false","0","HLCS","0","0.3942307692307692"
"24","0.0","0.0","0.0","0.0","0","0","true","OR10G6","0.0","0","0",,"0","0","0","Infinity","false","0","OR10G6","0","0.0"
"63","1.95","0.0","0.5128205128205129","1.0","2","2","false","ACP6","34.5","0","2",,"0","0","0","0.97625","false","0","ACP6","0","0.8625"
"62","1.8846153846153846","0.0","0.5306122448979592","1.0","3","2","false","KRT39","16.666666666666668","0","3","0","0","0","0","0.9659763313609468","false","0","KRT39","0","0.6410256410256411"
"2","1.890625","6.344875913328294E-4","0.5289256198347108","0.5238095238095238","7","2","false","SLC25A30","32.57142857142857","0","7","0","0","0","0","0.9858630952380952","false","0","SLC25A30","20","0.5089285714285714"
"62","1.9230769230769231","0.0","0.52","1.0","2","2","false","SOX13","17.5","0","2",,"0","0","0","0.9644970414201184","false","0","SOX13","0","0.6730769230769231"
"69","2.0","0.0","0.5","0.0","1","3","false","MEX3D","5.0","0","1","0","0","0","0","0.8","false","0","MEX3D","0","0.0"
"117","1.8571428571428572","0.0018315018315018315","0.5384615384615384","0.6666666666666666","3","3","false","RPL34","9.666666666666666","0","3","0","0","0","0","0.9340659340659341","false","0","RPL34","2","0.7435897435897436"
"28","1.8846153846153846","0.0","0.5306122448979592","1.0","4","3","false","FAM86B2","13.0","0","4","0","0","0","0","0.9615384615384616","false","0","FAM86B2","0","0.52"
"77","1.9142857142857144","5.202080832332934E-4","0.5223880597014925","0.6666666666666666","4","3","false","AKAP14","18.5","0","4",,"0","0","0","0.9731092436974791","false","0","AKAP14","4","0.5441176470588235"
"88","1.6666666666666667","0.013017429193899782","0.6","0.6","6","2","false","LACC1","9.333333333333334","0","6","0","0","0","0","0.9629629629629629","false","0","LACC1","12","0.5185185185185185"
"88","1.5","0.047549019607843135","0.6666666666666666","0.4166666666666667","9","2","false","PABPC1L2B","7.888888888888889","0","9","0","0","0","0","0.9722222222222222","false","0","PABPC1L2B","42","0.4382716049382716"
"15","3.25","0.25","0.3076923076923077","0.0","2","6","false","CCR6","1.5","0","2",,"0","0","0","0.25","false","0","CCR6","14","0.5"
"120","1.9473684210526316","0.0","0.5135135135135135","1.0","2","3","false","PRDM8","16.5","0","2",,"0","0","0","0.9442724458204336","false","0","PRDM8","0","0.9166666666666666"
"17","1.9473684210526316","0.0","0.5135135135135135","1.0","2","3","false","C1QL2","11.5","0","2","0","0","0","0","0.9473684210526316","false","0","C1QL2","0","0.6388888888888888"
"56","1.8333333333333333","0.0","0.5454545454545455","1.0","2","2","false","C18orf21","7.0","0","2","0","0","0","0","0.9242424242424242","false","0","C18orf21","0","0.5833333333333334"
"5","2.1724137931034484","0.01592872781296427","0.4603174603174603","0.0","4","3","false","RAB11A","6.5","0","4","0","0","0","0","0.916256157635468","false","0","RAB11A","46","0.34375"
"27","1.5789473684210527","0.01956708009339588","0.6333333333333333","0.5833333333333334","9","3","false","RNASEL","10.0","0","9","0","0","0","0","0.9678362573099416","false","0","RNASEL","30","0.5555555555555556"
"2","1.9375","1.8778344671201813E-5","0.5161290322580645","0.6666666666666666","4","2","false","SLC29A2","53.25","0","4","0","0","0","0","0.9851190476190477","false","0","SLC29A2","4","0.83203125"
"28","2.0384615384615383","0.0","0.4905660377358491","1.0","2","3","false","ZNF219","17.0","0","2",,"0","0","0","0.9548494983277591","false","0","ZNF219","0","0.7391304347826086"
"62","1.8461538461538463","0.001641025641025641","0.5416666666666666","0.6666666666666666","4","2","false","HRC","12.5","0","4","0","0","0","0","0.9674556213017751","false","0","HRC","4","0.4807692307692308"
"10","1.9","0.0","0.5263157894736842","1.0","3","2","false","ARPIN","19.666666666666668","0","3",,"0","0","0","0.9700000000000001","false","0","ARPIN","0","0.6555555555555556"
"5","1.793103448275862","0.013678925070550683","0.5576923076923077","0.4642857142857143","8","3","false","XRCC5","10.5","0","8","0","0","0","0","0.9433497536945813","false","0","XRCC5","68","0.3888888888888889"
"93","1.9","0.002631578947368421","0.5263157894736842","0.6666666666666666","3","3","false","TXNRD3","11.0","0","3","0","0","0","0","0.9526315789473685","false","0","TXNRD3","2","0.5789473684210527"
"29","1.825","0.0071222527472527474","0.547945205479452","0.2857142857142857","7","2","false","LNX2","13.571428571428571","0","7","0","0","0","0","0.9770833333333333","false","0","LNX2","60","0.3392857142857143"
"63","1.7","0.009273504273504273","0.5882352941176471","0.48484848484848486","12","2","false","DDX4","13.333333333333334","0","12","0","0","0","0","0.9824999999999999","false","0","DDX4","68","0.3333333333333333"
"109","0.0","0.0","0.0","0.0","0","0","true","PDSS1","0.0","0","0",,"0","0","0","Infinity","false","0","PDSS1","0","0.0"
"1","1.8958333333333333","7.282168186423505E-4","0.5274725274725275","0.6666666666666666","6","3","false","MAGEB17","22.0","0","6","0","0","0","0","0.9796401515151515","false","0","MAGEB17","10","0.46808510638297873"
"84","1.7058823529411764","0.06078431372549019","0.5862068965517242","0.5333333333333333","6","3","false","TRIM37","7.166666666666667","0","6","0","0","0","0","0.9529411764705883","false","0","TRIM37","46","0.4479166666666667"
"63","1.675","0.013477078477078477","0.5970149253731343","0.47435897435897434","13","2","false","PSMD12","14.615384615384615","0","13","0","0","0","0","0.983125","false","0","PSMD12","82","0.36538461538461536"
"2","1.8125","0.0029353269085411944","0.5517241379310345","0.5303030303030303","12","2","false","THBD","24.75","0","12","0","0","0","0","0.9871031746031746","false","0","THBD","62","0.38671875"
"77","1.8285714285714285","0.0026744244935050674","0.546875","0.3333333333333333","6","2","false","PSMF1","15.833333333333334","0","6","0","0","0","0","0.9756302521008403","false","0","PSMF1","32","0.4523809523809524"
"84","1.6470588235294117","0.026838235294117642","0.6071428571428572","0.5238095238095238","7","3","false","TSPYL2","7.0","0","7","0","0","0","0","0.9568627450980393","false","0","TSPYL2","24","0.4375"
"61","1.6","0.0334920634920635","0.625","0.37777777777777777","10","2","false","TRGV3","9.7","0","10","0",,"0","0","0.976","false","0","TRGV3","56","0.388"
"2","1.921875","1.8778344671201813E-5","0.5203252032520326","0.8","5","2","false","AKR1B10","45.6","0","5","0","0","0","0","0.9853670634920635","false","0","AKR1B10","4","0.7125"
"77","1.8571428571428572","0.002931172468987595","0.5384615384615384","0.3333333333333333","6","3","false","TMEM200C","14.5","0","6","0","0","0","0","0.9747899159663866","false","0","TMEM200C","20","0.4264705882352941"
"28","1.9615384615384615","0.0","0.5098039215686275","1.0","2","3","false","CCT8L1P","19.0","0","2","0",,"0","0","0.9581939799331104","false","0","CCT8L1P","0","0.76"
"10","1.8","0.005842911877394635","0.5555555555555556","0.5333333333333333","6","2","false","IGLV1-36","12.333333333333334","0","6","0",,"0","0","0.9733333333333333","false","0","IGLV1-36","14","0.4111111111111111"
"76","1.6","0.011648364406985095","0.625","0.5757575757575758","12","2","false","ZKSCAN4","14.0","0","12","0","0","0","0","0.98","false","0","ZKSCAN4","56","0.4666666666666667"
"141","0.0","0.0","0.0","0.0","0","0","true","GSG1L2","0.0","0","0","0",,"0","0","Infinity","false","0","GSG1L2","0","0.0"
"25","0.0","0.0","0.0","0.0","0","0","true","EAPP","0.0","0","0",,"0","0","0","Infinity","false","0","EAPP","0","0.0"
"5","2.3448275862068964","0.005320090418612585","0.42647058823529416","0.0","3","3","false","SLC2A1","6.666666666666667","0","3","0","0","0","0","0.9039408866995073","false","0","SLC2A1","18","0.4358974358974359"
"61","1.64","0.020888888888888887","0.6097560975609756","0.4166666666666667","9","2","false","ARMH4","9.444444444444445","0","9","0","0","0","0","0.9743999999999999","false","0","ARMH4","42","0.37777777777777777"
"28","1.9230769230769231","0.0025641025641025637","0.52","0.6666666666666666","3","3","false","RGL4","13.666666666666666","0","3",,"0","0","0","0.959866220735786","false","0","RGL4","4","0.5466666666666666"
"39","1.85","0.0027777777777777775","0.5405405405405405","0.6","6","2","false","MCHR1","15.833333333333334","0","6","0","0","0","0","0.97875","false","0","MCHR1","12","0.3958333333333333"
"27","1.7894736842105263","7.309941520467836E-4","0.5588235294117647","0.9","5","3","false","DENND2A","13.4","0","5",,"0","0","0","0.956140350877193","false","0","DENND2A","2","0.7444444444444445"
"93","1.6","0.036315789473684204","0.625","0.39285714285714285","8","2","false","CEP162","6.75","0","8","0","0","0","0","0.9684210526315788","false","0","CEP162","42","0.3375"
"110","1.0","0.0","1.0","0.0","1","1","false","FAM120AOS","1.0","0","1","0","0","0","0","1.0","false","0","FAM120AOS","0","0.0"
"10","1.7333333333333334","0.017241379310344824","0.5769230769230769","0.39285714285714285","8","2","false","CHCT1","9.375","0","8","0","0","0","0","0.9755555555555555","false","0","CHCT1","34","0.3125"
"84","1.9411764705882353","0.003676470588235294","0.5151515151515151","0.6666666666666666","3","3","false","FRMPD4","8.666666666666666","0","3","0","0","0","0","0.9372549019607843","false","0","FRMPD4","2","0.5777777777777777"
"27","1.105263157894737","0.17662907268170427","0.9047619047619047","0.3602941176470588","17","2","false","TRIP11","7.588235294117647","0","17","0","0","0","0","0.9941520467836258","false","0","TRIP11","200","0.3993808049535604"
"5","1.9310344827586208","0.011832522977843174","0.5178571428571428","0.4","6","3","false","NONO","9.166666666666666","0","6","0","0","0","0","0.9334975369458128","false","0","NONO","38","0.36666666666666664"
"56","1.9166666666666667","0.0","0.5217391304347826","1.0","2","3","false","SP2","6.5","0","2",,"0","0","0","0.9166666666666667","false","0","SP2","0","0.5909090909090909"
"96","1.0","0.0","1.0","0.0","1","1","false","MAP4K5","1.0","0","1","0","0","0","0","1.0","false","0","MAP4K5","0","0.0"
"111","0.0","0.0","0.0","0.0","0","0","true","GLYAT","0.0","0","0",,"0","0","0","Infinity","false","0","GLYAT","0","0.0"
"97","1.9038461538461537","0.0010503257467503445","0.5252525252525253","0.5","5","2","false","CORO1B","21.6","0","5","0","0","0","0","0.9815541601255887","false","0","CORO1B","20","0.4153846153846154"
"61","1.84","7.936507936507937E-4","0.5434782608695652","0.6666666666666666","4","2","false","IGHV4-39","17.0","0","4","0","0","0","0","0.9664","false","0","IGHV4-39","4","0.68"
"47","3.0","0.0","0.3333333333333333","0.0","1","5","false","BMS1","2.0","0","1","0","0","0","0","0.3333333333333333","false","0","BMS1","0","0.0"
"82","1.7692307692307692","0.003205128205128205","0.5652173913043479","0.8333333333333334","4","3","false","DLGAP1","8.0","0","4","0",,"0","0","0.9358974358974358","false","0","DLGAP1","2","0.6666666666666666"
"2","1.796875","0.0049176823507180644","0.5565217391304348","0.41025641025641024","13","2","false","CD82","19.153846153846153","0","13","0","0","0","0","0.9873511904761905","false","0","CD82","92","0.29927884615384615"
"5","1.8275862068965518","0.02365328295131251","0.5471698113207547","0.4888888888888889","10","3","false","RNF2","8.9","0","10","0","0","0","0","0.9408866995073891","false","0","RNF2","90","0.37083333333333335"
"75","1.5","0.5","0.6666666666666666","0.0","2","2","false","SYNE4","2.0","0","2","0","0","0","0","0.8333333333333334","false","0","SYNE4","6","0.5"
"84","1.9411764705882353","0.0","0.5151515151515151","1.0","2","3","false","PDE5A","11.0","0","2","0",,"0","0","0.9372549019607843","false","0","PDE5A","0","0.6875"
"26","0.0","0.0","0.0","0.0","0","0","true","OR51I2","0.0","0","0",,"0","0","0","Infinity","false","0","OR51I2","0","0.0"
"131","1.0","0.0","1.0","0.0","1","1","false","ZBTB22","1.0","0","1","0","0","0","0","1.0","false","0","ZBTB22","0","0.0"
"27","1.736842105263158","0.0011808367071524965","0.5757575757575757","0.8666666666666667","6","3","false","CEP126","13.333333333333334","0","6","0","0","0","0","0.9590643274853802","false","0","CEP126","4","0.7407407407407407"
"29","1.85","8.397158397158397E-4","0.5405405405405405","0.6666666666666666","6","2","false","MCAM","19.0","0","6","0","0","0","0","0.9763888888888889","false","0","MCAM","10","0.475"
"136","0.0","0.0","0.0","0.0","0","0","true","CD72","0.0","0","0","0","0","0","0","Infinity","false","0","CD72","0","0.0"
"81","1.0","0.0","1.0","0.0","1","1","false","HEBP1","1.0","0","1","0","0","0","0","1.0","false","0","HEBP1","0","0.0"
"97","1.9423076923076923","8.992337517669466E-4","0.5148514851485149","0.4","5","3","false","FCRL6","24.6","0","5",,"0","0","0","0.9807692307692307","false","0","FCRL6","32","0.49795918367346936"
"39","1.9","7.478632478632478E-4","0.5263157894736842","0.6666666666666666","4","2","false","CLNK","19.5","0","4",,"0","0","0","0.9775","false","0","CLNK","4","0.4875"
"97","2.269230769230769","0.0034733893557422966","0.4406779661016949","0.19047619047619047","7","3","false","BRDT","10.285714285714286","0","7",,"0","0","0","0.9740973312401885","false","0","BRDT","42","0.3448275862068966"
"6","1.7777777777777777","0.0","0.5625","1.0","2","2","false","TLNRD1","5.5","0","2","0","0","0","0","0.9135802469135802","false","0","TLNRD1","0","0.6111111111111112"
"102","2.727272727272727","0.0","0.3666666666666667","0.0","1","4","false","GKAP1","3.0","0","1","0","0","0","0","0.8080808080808082","false","0","GKAP1","0","0.0"
"61","1.84","0.002976190476190476","0.5434782608695652","0.5","4","2","false","STARD3NL","12.25","0","4","0","0","0","0","0.9664","false","0","STARD3NL","6","0.49"
"60","2.0","0.0","0.5","0.0","1","3","false","ZNF133","3.0","0","1","0","0","0","0","0.6666666666666666","false","0","ZNF133","0","0.0"
"83","1.7777777777777777","0.0","0.5625","1.0","2","2","false","POLI","6.0","0","2",,"0","0","0","0.9135802469135802","false","0","POLI","0","0.6666666666666666"
"29","1.925","1.6025641025641026E-4","0.5194805194805194","0.6666666666666666","3","2","false","SOCS5","25.0","0","3","0","0","0","0","0.9743055555555556","false","0","SOCS5","6","0.625"
"104","1.8333333333333333","0.6","0.5454545454545455","0.0","2","3","false","POLR2M","2.5","0","2","0","0","0","0","0.7222222222222223","false","0","POLR2M","18","0.5"
"32","2.0","0.0","0.5","0.0","1","3","false","C9orf64","3.0","0","1",,"0","0","0","0.6666666666666666","false","0","C9orf64","0","0.0"
"17","2.0","0.0","0.5","0.0","1","3","false","OR6C1","18.0","0","1",,"0","0","0","0.9444444444444444","false","0","OR6C1","0","0.0"
"60","2.0","0.0","0.5","0.0","1","3","false","D2HGDH","3.0","0","1",,"0","0","0","0.6666666666666666","false","0","D2HGDH","0","0.0"
"85","1.7","0.011111111111111112","0.5882352941176471","0.6666666666666666","3","2","false","GABRB2","5.0","0","3","0","0","0","0","0.93","false","0","GABRB2","2","0.5"
"75","2.0","0.0","0.5","0.0","1","3","false","UTP15","3.0","0","1","0","0","0","0","0.6666666666666666","false","0","UTP15","0","0.0"
"93","2.0","0.0","0.5","0.0","1","3","false","NT5DC4","19.0","0","1",,"0","0","0","0.9473684210526315","false","0","NT5DC4","0","0.0"
"2","1.625","0.02391392668178382","0.6153846153846154","0.25","24","2","false","TRIM23","14.791666666666666","0","24","0","0","0","0","0.9900793650793651","false","0","TRIM23","414","0.23111979166666666"
"117","1.9285714285714286","0.0","0.5185185185185185","1.0","2","3","false","LSM6","11.0","0","2","0","0","0","0","0.9285714285714286","false","0","LSM6","0","0.8461538461538461"
"27","1.263157894736842","0.08580211211790158","0.7916666666666667","0.4835164835164835","14","2","false","ZNF629","8.785714285714286","0","14","0","0","0","0","0.9853801169590644","false","0","ZNF629","114","0.462406015037594"
"85","1.9","0.0","0.5263157894736842","0.0","1","2","false","CTSC","10.0","0","1","0","0","0","0","0.9099999999999999","false","0","CTSC","0","0.0"
"27","1.631578947368421","0.011414754835807466","0.6129032258064516","0.6428571428571429","8","3","false","SNX33","11.5","0","8",,"0","0","0","0.9649122807017544","false","0","SNX33","20","0.6388888888888888"
"93","1.9","0.0","0.5263157894736842","1.0","3","3","false","HMGCS2","12.666666666666666","0","3","0","0","0","0","0.9526315789473685","false","0","HMGCS2","0","0.6666666666666666"
"77","1.8571428571428572","0.0037555022008803523","0.5384615384615384","0.3333333333333333","6","3","false","RTF1","12.833333333333334","0","6",,"0","0","0","0.9747899159663866","false","0","RTF1","20","0.37745098039215685"
"19","2.4545454545454546","0.0","0.4074074074074074","0.0","1","4","false","NCOA7","6.0","0","1","0","0","0","0","0.7575757575757575","false","0","NCOA7","0","0.0"
"27","2.6842105263157894","0.0","0.37254901960784315","0.0","1","3","false","MCM8","5.0","0","1",,"0","0","0","0.9064327485380118","false","0","MCM8","0","0.0"
"58","2.111111111111111","0.2222222222222222","0.47368421052631576","0.0","2","3","false","ZNF275","3.0","0","2","0","0","0","0","0.7777777777777778","false","0","ZNF275","16","0.5"
"63","1.875","1.7482517482517483E-4","0.5333333333333333","0.8","5","2","false","KYNU","28.6","0","5","0","0","0","0","0.978125","false","0","KYNU","4","0.715"
"131","1.0","0.0","1.0","0.0","1","1","false","CCDC13","1.0","0","1","0","0","0","0","1.0","false","0","CCDC13","0","0.0"
"84","1.6470588235294117","0.08198529411764706","0.6071428571428572","0.38095238095238093","7","3","false","CDK5RAP2","5.857142857142857","0","7","0","0","0","0","0.9568627450980393","false","0","CDK5RAP2","52","0.36607142857142855"
"17","1.7894736842105263","0.016569200779727095","0.5588235294117647","0.4","5","3","false","CCSER1","6.8","0","5",,"0","0","0","0.956140350877193","false","0","CCSER1","12","0.37777777777777777"
"16","1.8518518518518519","2.59000259000259E-4","0.54","0.8333333333333334","4","2","false","TBKBP1","18.75","0","4","0","0","0","0","0.9684499314128944","false","0","TBKBP1","2","0.6944444444444444"
"10","1.9333333333333333","0.0","0.5172413793103449","1.0","2","2","false","PRELID2","19.0","0","2","0","0","0","0","0.9688888888888889","false","0","PRELID2","0","0.6333333333333333"
"58","3.0","0.0","0.3333333333333333","0.0","1","4","false","BAHD1","2.0","0","1","0","0","0","0","0.6","false","0","BAHD1","0","0.0"
"47","1.6666666666666667","0.7333333333333333","0.6","0.0","3","3","false","NOP9","1.6666666666666667","0","3","0","0","0","0","0.7777777777777777","false","0","NOP9","22","0.3333333333333333"
"39","1.725","0.016495726495726493","0.5797101449275363","0.32727272727272727","11","2","false","XRCC1","10.363636363636363","0","11","0","0","0","0","0.9818749999999999","false","0","XRCC1","74","0.2590909090909091"
"2","1.875","7.303476946334087E-4","0.5333333333333333","0.6428571428571429","8","2","false","ZFP57","35.25","0","8",,"0","0","0","0.9861111111111112","false","0","ZFP57","20","0.55078125"
"76","1.8","0.001856495994427029","0.5555555555555556","0.6666666666666666","6","2","false","OFD1","15.333333333333334","0","6","0","0","0","0","0.9733333333333333","false","0","OFD1","10","0.5111111111111111"
