"__mcodeCluster","AverageShortestPathLength","BetweennessCentrality","ClosenessCentrality","ClusteringCoefficient","Degree","Eccentricity","IsSingleNode","name","NeighborhoodConnectivity","NumberOfDirectedEdges","NumberOfUndirectedEdges","OP_A","OP_B","OP_check","PartnerOfMultiEdgedNodePairs","Radiality","selected","SelfLoops","shared name","Stress","TopologicalCoefficient"
"10","3.8421052631578947","0.017830409356725148","0.2602739726027397","0.5333333333333333","8","8","false","MYC","5.5","0","7","1","1","1","0","0.7416267942583733","false","1","MYC","288","0.41025641025641024"
"25","4.476190476190476","0.002380952380952381","0.22340425531914893","0.0","2","7","false","PSMA4","2.0","0","2","0","0","0","0","0.42063492063492064","false","0","PSMA4","2","1.0"
,"0.0","0.0","0.0","0.0","0","0","true","CALCA","0.0","0","0","1","1","1","0","Infinity","false","0","CALCA","0","0.0"
,"0.0","0.0","0.0","0.0","0","0","true","COL9A3","0.0","0","0",,"0","0","0","Infinity","false","0","COL9A3","0","0.0"
,"0.0","0.0","0.0","0.0","0","0","true","XPNPEP2","0.0","0","0","0","0","0","0","Infinity","false","0","XPNPEP2","0","0.0"
,"0.0","0.0","0.0","0.0","0","0","true","NOS3","0.0","0","0","1","1","1","0","Infinity","false","0","NOS3","0","0.0"
,"0.0","0.0","0.0","0.0","0","0","true","IGLV1-51","0.0","0","0","0",,"0","0","Infinity","false","0","IGLV1-51","0","0.0"
"10","4.394736842105263","0.025614035087719297","0.22754491017964074","0.6666666666666666","4","7","false","SOST","4.0","0","4","1","1","1","0","0.6913875598086124","false","0","SOST","492","0.5"
"21","1.0","0.0","1.0","1.0","2","1","false","MYCN","2.0","0","2","1","1","1","0","1.0","false","0","MYCN","0","1.0"
,"0.0","0.0","0.0","0.0","0","0","true","TSR3","0.0","0","0",,"0","0","0","Infinity","false","0","TSR3","0","0.0"
"3","1.0","0.2222222222222222","1.0","0.5333333333333333","8","1","false","BMP7","3.6666666666666665","0","7","1","1","1","0","1.0","false","1","BMP7","14","0.6111111111111112"
,"0.0","0.0","0.0","0.0","0","0","true","FAM83C","0.0","0","0",,"0","0","0","Infinity","false","0","FAM83C","0","0.0"
"16","1.3333333333333333","0.0","0.75","1.0","4","2","false","RELA","3.0","0","3","1","1","1","0","0.888888888888889","false","1","RELA","0","1.0"
,"0.0","0.0","0.0","0.0","0","0","true","OR51A4","0.0","0","0","0","0","0","0","Infinity","false","0","OR51A4","0","0.0"
"6","2.0","0.125","0.5","0.5","6","3","false","AKT1","2.75","0","5","1","1","1","0","0.8","false","1","AKT1","16","0.55"
,"0.0","0.0","0.0","0.0","0","0","true","KLHL40","0.0","0","0","0","0","0","0","Infinity","false","0","KLHL40","0","0.0"
,"0.0","0.0","0.0","0.0","0","0","true","COL3A1","0.0","0","0","1","1","1","0","Infinity","false","0","COL3A1","0","0.0"
,"0.0","0.0","0.0","0.0","0","0","true","PTPN18","0.0","0","0","0","0","0","0","Infinity","false","0","PTPN18","0","0.0"
,"0.0","0.0","0.0","0.0","0","0","true","POLB","0.0","0","0","0","0","0","0","Infinity","false","0","POLB","0","0.0"
,"0.0","0.0","0.0","0.0","0","0","true","COL1A1","0.0","0","0","1","1","1","0","Infinity","false","0","COL1A1","0","0.0"
"24","3.0","0.0","0.3333333333333333","1.0","2","5","false","POF1B","4.0","0","2","0","0","0","0","0.6666666666666666","false","0","POF1B","0","0.6666666666666666"
,"0.0","0.0","0.0","0.0","0","0","true","ANXA3","0.0","0","0","0","0","0","0","Infinity","false","0","ANXA3","0","0.0"
"26","2.6363636363636362","0.4494949494949496","0.37931034482758624","0.2","7","5","false","TRAF6","2.8","0","6","1","1","1","0","0.6727272727272727","false","1","TRAF6","320","0.28888888888888886"
"2","1.0","0.30128205128205127","1.0","0.3076923076923077","13","1","false","COL1A2","4.6923076923076925","0","13","1","1","1","0","1.0","false","0","COL1A2","108","0.3609467455621302"
,"0.0","0.0","0.0","0.0","0","0","true","NAP1L3","0.0","0","0","0","0","0","0","Infinity","false","0","NAP1L3","0","0.0"
,"0.0","0.0","0.0","0.0","0","0","true","RAMACL","0.0","0","0","0","0","0","0","Infinity","false","0","RAMACL","0","0.0"
"1","1.0","0.14999999999999997","1.0","0.5714285714285714","8","1","false","MYCL","5.0","0","8","1","1","1","0","1.0","false","0","MYCL","24","0.625"
,"0.0","0.0","0.0","0.0","0","0","true","FGF10","0.0","0","0","0",,"0","0","Infinity","false","0","FGF10","0","0.0"
"10","4.052631578947368","0.04687635756056807","0.24675324675324678","0.38095238095238093","9","8","false","TP53","3.857142857142857","0","8","1","1","1","0","0.722488038277512","false","1","TP53","830","0.35064935064935066"
"10","3.1315789473684212","0.25101837928153725","0.31932773109243695","0.06666666666666667","6","6","false","BMI1","4.833333333333333","0","6","0","0","0","0","0.8062200956937798","false","0","BMI1","3714","0.18115942028985507"
,"0.0","0.0","0.0","0.0","0","0","true","ELAC2","0.0","0","0","0","0","0","0","Infinity","false","0","ELAC2","0","0.0"
,"0.0","0.0","0.0","0.0","0","0","true","CLN5","0.0","0","0","0","0","0","0","Infinity","false","0","CLN5","0","0.0"
,"0.0","0.0","0.0","0.0","0","0","true","COL5A1","0.0","0","0","1","1","1","0","Infinity","false","0","COL5A1","0","0.0"
,"0.0","0.0","0.0","0.0","0","0","true","RAB38","0.0","0","0","0","0","0","0","Infinity","false","0","RAB38","0","0.0"
,"0.0","0.0","0.0","0.0","0","0","true","SRRM5","0.0","0","0","0","0","0","0","Infinity","false","0","SRRM5","0","0.0"
,"0.0","0.0","0.0","0.0","0","0","true","PROCR","0.0","0","0","1","1","1","0","Infinity","false","0","PROCR","0","0.0"
"13","4.696969696969697","0.0","0.2129032258064516","1.0","2","8","false","SPP1","3.0","0","2","1","1","1","0","0.6303030303030303","false","0","SPP1","0","0.75"
,"0.0","0.0","0.0","0.0","0","0","true","RFESD","0.0","0","0",,"0","0","0","Infinity","false","0","RFESD","0","0.0"
,"0.0","0.0","0.0","0.0","0","0","true","NFKB1","0.0","0","0","1","1","1","0","Infinity","false","0","NFKB1","0","0.0"
"13","4.757575757575758","0.00946969696969697","0.21019108280254775","0.2","7","8","false","PRKACA","2.6","0","6","1","1","1","0","0.6242424242424243","false","1","PRKACA","16","0.55"
"11","1.25","0.05555555555555555","0.8","0.6666666666666666","3","2","false","IGHV7-81","3.0","0","3","0","0","0","0","0.9166666666666666","false","0","IGHV7-81","2","0.75"
"10","5.0131578947368425","0.03409356725146202","0.1994750656167979","0.4666666666666667","8","10","false","BMP2","3.5","0","7","1","1","1","0","0.6351674641148325","false","1","BMP2","706","0.5"
,"0.0","0.0","0.0","0.0","0","0","true","MAPK1","0.0","0","0","1","1","1","0","Infinity","false","0","MAPK1","0","0.0"
,"0.0","0.0","0.0","0.0","0","0","true","RNF157","0.0","0","0",,"0","0","0","Infinity","false","0","RNF157","0","0.0"
,"0.0","0.0","0.0","0.0","0","0","true","CC2D1B","0.0","0","0","0","0","0","0","Infinity","false","0","CC2D1B","0","0.0"
,"0.0","0.0","0.0","0.0","0","0","true","IFNK","0.0","0","0",,"0","0","0","Infinity","false","0","IFNK","0","0.0"
,"0.0","0.0","0.0","0.0","0","0","true","CASP3","0.0","0","0","1","1","1","0","Infinity","false","0","CASP3","0","0.0"
"10","4.315789473684211","0.0014035087719298245","0.23170731707317072","0.6666666666666666","5","8","false","SRC","3.3333333333333335","0","4","1","1","1","0","0.6985645933014354","false","1","SRC","20","0.5555555555555556"
"27","1.3333333333333333","0.16666666666666666","0.75","0.0","2","2","false","COL4A4","2.0","0","2","0","0","0","0","0.8333333333333334","false","0","COL4A4","2","1.0"
"22","1.0","0.0","1.0","1.0","2","1","false","RPS27L","2.0","0","2","0","0","0","0","1.0","false","0","RPS27L","0","1.0"
,"0.0","0.0","0.0","0.0","0","0","true","TMEM41A","0.0","0","0","0","0","0","0","Infinity","false","0","TMEM41A","0","0.0"
,"0.0","0.0","0.0","0.0","0","0","true","POLR3GL","0.0","0","0",,"0","0","0","Infinity","false","0","POLR3GL","0","0.0"
,"0.0","0.0","0.0","0.0","0","0","true","PTGS2","0.0","0","0","1","1","1","0","Infinity","false","0","PTGS2","0","0.0"
"26","3.227272727272727","0.24891774891774893","0.3098591549295775","0.0","3","6","false","EPB41L3","2.6666666666666665","0","3","0","0","0","0","0.5545454545454546","false","0","EPB41L3","186","0.4166666666666667"
"10","5.526315789473684","0.011462823725981622","0.18095238095238095","0.3333333333333333","3","10","false","GPR146","2.3333333333333335","0","3","0","0","0","0","0.5885167464114832","false","0","GPR146","110","0.5"
,"0.0","0.0","0.0","0.0","0","0","true","STK3","0.0","0","0","0","0","0","0","Infinity","false","0","STK3","0","0.0"
"20","1.0","0.0","1.0","1.0","4","1","false","PGR","2.0","0","3","1","1","1","0","1.0","false","1","PGR","0","1.0"
,"0.0","0.0","0.0","0.0","0","0","true","ERLEC1","0.0","0","0","0","0","0","0","Infinity","false","0","ERLEC1","0","0.0"
,"0.0","0.0","0.0","0.0","0","0","true","IKBKE-AS1","0.0","0","0",,"0","0","0","Infinity","false","0","IKBKE-AS1","0","0.0"
,"0.0","0.0","0.0","0.0","0","0","true","KLK9","0.0","0","0",,"0","0","0","Infinity","false","0","KLK9","0","0.0"
,"0.0","0.0","0.0","0.0","0","0","true","DPH1","0.0","0","0","0","0","0","0","Infinity","false","0","DPH1","0","0.0"
,"0.0","0.0","0.0","0.0","0","0","true","VTN","0.0","0","0","1","1","1","0","Infinity","false","0","VTN","0","0.0"
,"0.0","0.0","0.0","0.0","0","0","true","PFKL","0.0","0","0","0","0","0","0","Infinity","false","0","PFKL","0","0.0"
"13","4.484848484848484","0.0","0.222972972972973","1.0","2","6","false","COL5A3","2.5","0","2","1","1","1","0","0.6515151515151516","false","0","COL5A3","0","0.8333333333333334"
,"0.0","0.0","0.0","0.0","0","0","true","RARS1","0.0","0","0","0","0","0","0","Infinity","false","0","RARS1","0","0.0"
,"0.0","0.0","0.0","0.0","0","0","true","ZNF669","0.0","0","0",,"0","0","0","Infinity","false","0","ZNF669","0","0.0"
,"0.0","0.0","0.0","0.0","0","0","true","SMIM44","0.0","0","0","0","0","0","0","Infinity","false","0","SMIM44","0","0.0"
"26","3.0454545454545454","0.20129870129870125","0.3283582089552239","0.0","2","5","false","PRR5","3.0","0","2","0","0","0","0","0.5909090909090909","false","0","PRR5","124","0.5"
"24","4.066666666666666","0.007936507936507936","0.24590163934426232","0.0","2","7","false","NPAS1","2.5","0","2","0","0","0","0","0.48888888888888893","false","0","NPAS1","4","0.75"
,"0.0","0.0","0.0","0.0","0","0","true","FITM2","0.0","0","0","0","0","0","0","Infinity","false","0","FITM2","0","0.0"
,"0.0","0.0","0.0","0.0","0","0","true","PTGS1","0.0","0","0","1","1","1","0","Infinity","false","0","PTGS1","0","0.0"
,"0.0","0.0","0.0","0.0","0","0","true","CLCA2","0.0","0","0",,"0","0","0","Infinity","false","0","CLCA2","0","0.0"
"3","1.5","0.0","0.6666666666666666","1.0","3","2","false","ARHGAP28","5.333333333333333","0","3",,"0","0","0","0.9166666666666666","false","0","ARHGAP28","0","0.8888888888888888"
,"0.0","0.0","0.0","0.0","0","0","true","SNAP47","0.0","0","0","0","0","0","0","Infinity","false","0","SNAP47","0","0.0"
,"0.0","0.0","0.0","0.0","0","0","true","NCR1","0.0","0","0","0",,"0","0","Infinity","false","0","NCR1","0","0.0"
"5","1.0","0.35000000000000003","1.0","0.5","7","1","false","COL5A2","3.0","0","6","1","1","1","0","1.0","false","1","COL5A2","10","0.6"
"5","1.6","0.0","0.625","1.0","2","2","false","RABL6","4.0","0","2","0","0","0","0","0.8800000000000001","false","0","RABL6","0","0.8"
,"0.0","0.0","0.0","0.0","0","0","true","UTS2R","0.0","0","0",,"0","0","0","Infinity","false","0","UTS2R","0","0.0"
,"0.0","0.0","0.0","0.0","0","0","true","GSK3B","0.0","0","0","1","1","1","0","Infinity","false","0","GSK3B","0","0.0"
,"0.0","0.0","0.0","0.0","0","0","true","ZNF710","0.0","0","0","0","0","0","0","Infinity","false","0","ZNF710","0","0.0"
"6","2.111111111111111","0.0","0.47368421052631576","1.0","6","4","false","BCL2","4.25","0","5","1","1","1","0","0.7777777777777778","false","1","BCL2","0","0.85"
,"0.0","0.0","0.0","0.0","0","0","true","CAPG","0.0","0","0","0","0","0","0","Infinity","false","0","CAPG","0","0.0"
,"0.0","0.0","0.0","0.0","0","0","true","EGR3","0.0","0","0",,"0","0","0","Infinity","false","0","EGR3","0","0.0"
"25","3.4285714285714284","0.18571428571428572","0.2916666666666667","0.16666666666666666","6","6","false","TNFSF11","2.0","0","5","1","1","1","0","0.5952380952380952","false","1","TNFSF11","86","0.375"
,"0.0","0.0","0.0","0.0","0","0","true","HSP90AA4P","0.0","0","0","0","0","0","0","Infinity","false","0","HSP90AA4P","0","0.0"
"10","3.6052631578947367","0.02631578947368421","0.2773722627737226","0.3333333333333333","3","8","false","TCEANC","7.666666666666667","0","3","0","0","0","0","0.7631578947368421","false","0","TCEANC","222","0.43137254901960786"
,"0.0","0.0","0.0","0.0","0","0","true","IGKV2D-30","0.0","0","0","0",,"0","0","Infinity","false","0","IGKV2D-30","0","0.0"
,"0.0","0.0","0.0","0.0","0","0","true","DCDC2C","0.0","0","0","0","0","0","0","Infinity","false","0","DCDC2C","0","0.0"
,"0.0","0.0","0.0","0.0","0","0","true","FRMD6-AS1","0.0","0","0",,"0","0","0","Infinity","false","0","FRMD6-AS1","0","0.0"
,"0.0","0.0","0.0","0.0","0","0","true","ESR1","0.0","0","0","1","1","1","0","Infinity","false","0","ESR1","0","0.0"
,"0.0","0.0","0.0","0.0","0","0","true","TAOK3","0.0","0","0","0","0","0","0","Infinity","false","0","TAOK3","0","0.0"
,"0.0","0.0","0.0","0.0","0","0","true","LRFN3","0.0","0","0","0","0","0","0","Infinity","false","0","LRFN3","0","0.0"
,"0.0","0.0","0.0","0.0","0","0","true","NTRK1","0.0","0","0","1","1","1","0","Infinity","false","0","NTRK1","0","0.0"
,"0.0","0.0","0.0","0.0","0","0","true","IFNLR1","0.0","0","0","0","0","0","0","Infinity","false","0","IFNLR1","0","0.0"
,"0.0","0.0","0.0","0.0","0","0","true","RIPK2","0.0","0","0","0",,"0","0","Infinity","false","0","RIPK2","0","0.0"
,"0.0","0.0","0.0","0.0","0","0","true","FOXRED2","0.0","0","0",,"0","0","0","Infinity","false","0","FOXRED2","0","0.0"
"2","1.6923076923076923","0.0","0.5909090909090909","1.0","4","2","false","OR9A1P","10.75","0","4",,"0","0","0","0.9467455621301776","false","0","OR9A1P","0","0.8269230769230769"
"6","2.111111111111111","0.08333333333333333","0.47368421052631576","0.6666666666666666","3","3","false","PGA4","3.3333333333333335","0","3","0","0","0","0","0.7777777777777778","false","0","PGA4","12","0.6666666666666666"
"24","2.6","0.24603174603174602","0.3846153846153846","0.16666666666666666","4","5","false","CFAP107","3.25","0","4","0","0","0","0","0.7333333333333334","false","0","CFAP107","110","0.39285714285714285"
,"0.0","0.0","0.0","0.0","0","0","true","NKX2-8","0.0","0","0","0","0","0","0","Infinity","false","0","NKX2-8","0","0.0"
,"0.0","0.0","0.0","0.0","0","0","true","C3orf84","0.0","0","0","0","0","0","0","Infinity","false","0","C3orf84","0","0.0"
,"0.0","0.0","0.0","0.0","0","0","true","PPM1J","0.0","0","0","0","0","0","0","Infinity","false","0","PPM1J","0","0.0"
,"0.0","0.0","0.0","0.0","0","0","true","NPY4R","0.0","0","0","0","0","0","0","Infinity","false","0","NPY4R","0","0.0"
,"0.0","0.0","0.0","0.0","0","0","true","CYB5RL","0.0","0","0","0","0","0","0","Infinity","false","0","CYB5RL","0","0.0"
,"0.0","0.0","0.0","0.0","0","0","true","TBC1D28","0.0","0","0",,"0","0","0","Infinity","false","0","TBC1D28","0","0.0"
,"0.0","0.0","0.0","0.0","0","0","true","CRTC3","0.0","0","0","0","0","0","0","Infinity","false","0","CRTC3","0","0.0"
"13","3.9393939393939394","0.0","0.25384615384615383","1.0","2","6","false","UAP1","7.5","0","2","0","0","0","0","0.706060606060606","false","0","UAP1","0","0.75"
,"0.0","0.0","0.0","0.0","0","0","true","NCAPG","0.0","0","0","0","0","0","0","Infinity","false","0","NCAPG","0","0.0"
,"0.0","0.0","0.0","0.0","0","0","true","PDXDC1","0.0","0","0","0","0","0","0","Infinity","false","0","PDXDC1","0","0.0"
"15","1.0","0.16666666666666666","1.0","0.6666666666666666","5","1","false","JUN","2.3333333333333335","0","4","1","1","1","0","1.0","false","1","JUN","2","0.7777777777777778"
,"0.0","0.0","0.0","0.0","0","0","true","TPPP2","0.0","0","0","0","0","0","0","Infinity","false","0","TPPP2","0","0.0"
"13","4.484848484848484","0.0","0.222972972972973","1.0","2","6","false","PECAM1","2.5","0","2","0","0","0","0","0.6515151515151516","false","0","PECAM1","0","0.8333333333333334"
"25","4.333333333333333","0.0","0.23076923076923078","1.0","2","7","false","ZNF185","3.0","0","2",,"0","0","0","0.4444444444444445","false","0","ZNF185","0","0.75"
,"0.0","0.0","0.0","0.0","0","0","true","GABPA","0.0","0","0","0","0","0","0","Infinity","false","0","GABPA","0","0.0"
,"0.0","0.0","0.0","0.0","0","0","true","CYB5A","0.0","0","0","0","0","0","0","Infinity","false","0","CYB5A","0","0.0"
"10","3.973684210526316","0.0012514619883040937","0.25165562913907286","0.8333333333333334","4","8","false","OR51M1","7.0","0","4","0","0","0","0","0.729665071770335","false","0","OR51M1","74","0.5384615384615384"
,"0.0","0.0","0.0","0.0","0","0","true","MOB2","0.0","0","0","0","0","0","0","Infinity","false","0","MOB2","0","0.0"
"14","1.0","0.16666666666666666","1.0","0.6666666666666666","3","1","false","CTSK","2.3333333333333335","0","3","1","1","1","0","1.0","false","0","CTSK","2","0.7777777777777778"
,"0.0","0.0","0.0","0.0","0","0","true","CASKIN2","0.0","0","0","0","0","0","0","Infinity","false","0","CASKIN2","0","0.0"
,"0.0","0.0","0.0","0.0","0","0","true","CTNNA3","0.0","0","0","0","0","0","0","Infinity","false","0","CTNNA3","0","0.0"
,"0.0","0.0","0.0","0.0","0","0","true","CHPF2","0.0","0","0",,"0","0","0","Infinity","false","0","CHPF2","0","0.0"
,"0.0","0.0","0.0","0.0","0","0","true","VGLL3","0.0","0","0","0","0","0","0","Infinity","false","0","VGLL3","0","0.0"
,"0.0","0.0","0.0","0.0","0","0","true","OOSP4A","0.0","0","0","0",,"0","0","Infinity","false","0","OOSP4A","0","0.0"
,"0.0","0.0","0.0","0.0","0","0","true","BGLAP","0.0","0","0","1","1","1","0","Infinity","false","0","BGLAP","0","0.0"
,"0.0","0.0","0.0","0.0","0","0","true","RUNDC3B","0.0","0","0","0","0","0","0","Infinity","false","0","RUNDC3B","0","0.0"
,"0.0","0.0","0.0","0.0","0","0","true","OR13C8","0.0","0","0","0",,"0","0","Infinity","false","0","OR13C8","0","0.0"
,"0.0","0.0","0.0","0.0","0","0","true","RPS6KC1","0.0","0","0",,"0","0","0","Infinity","false","0","RPS6KC1","0","0.0"
"8","1.25","0.0","0.8","1.0","5","2","false","MAPK14","3.6666666666666665","0","4","1","1","1","0","0.9375","false","1","MAPK14","0","0.9166666666666666"
"8","1.0","0.16666666666666666","1.0","0.6666666666666666","4","1","false","YME1L1","3.0","0","4","0","0","0","0","1.0","false","0","YME1L1","4","0.75"
,"0.0","0.0","0.0","0.0","0","0","true","DHRS13","0.0","0","0","0","0","0","0","Infinity","false","0","DHRS13","0","0.0"
,"0.0","0.0","0.0","0.0","0","0","true","ZNF311","0.0","0","0",,"0","0","0","Infinity","false","0","ZNF311","0","0.0"
,"0.0","0.0","0.0","0.0","0","0","true","STX16","0.0","0","0","0",,"0","0","Infinity","false","0","STX16","0","0.0"
"10","4.171052631578948","0.006140350877192982","0.2397476340694006","0.5","5","9","false","PMS2","5.2","0","5","0","0","0","0","0.7117224880382774","false","0","PMS2","90","0.45454545454545453"
,"0.0","0.0","0.0","0.0","0","0","true","CCKAR","0.0","0","0",,"0","0","0","Infinity","false","0","CCKAR","0","0.0"
,"0.0","0.0","0.0","0.0","0","0","true","ZNF582","0.0","0","0",,"0","0","0","Infinity","false","0","ZNF582","0","0.0"
,"0.0","0.0","0.0","0.0","0","0","true","SLC2A11","0.0","0","0","0","0","0","0","Infinity","false","0","SLC2A11","0","0.0"
,"0.0","0.0","0.0","0.0","0","0","true","ITFG2","0.0","0","0",,"0","0","0","Infinity","false","0","ITFG2","0","0.0"
,"0.0","0.0","0.0","0.0","0","0","true","RHOBTB3","0.0","0","0","0","0","0","0","Infinity","false","0","RHOBTB3","0","0.0"
"7","1.1666666666666667","0.2222222222222222","0.8571428571428571","0.5","5","2","false","SGCA","3.4","0","5","0","0","0","0","0.9666666666666666","false","0","SGCA","10","0.5666666666666667"
,"0.0","0.0","0.0","0.0","0","0","true","FKBP10","0.0","0","0","0","0","0","0","Infinity","false","0","FKBP10","0","0.0"
,"0.0","0.0","0.0","0.0","0","0","true","RASGEF1B","0.0","0","0","0","0","0","0","Infinity","false","0","RASGEF1B","0","0.0"
,"0.0","0.0","0.0","0.0","0","0","true","KAT5","0.0","0","0","0","0","0","0","Infinity","false","0","KAT5","0","0.0"
,"0.0","0.0","0.0","0.0","0","0","true","PLCZ1","0.0","0","0",,"0","0","0","Infinity","false","0","PLCZ1","0","0.0"
,"0.0","0.0","0.0","0.0","0","0","true","UBA2","0.0","0","0",,"0","0","0","Infinity","false","0","UBA2","0","0.0"
,"0.0","0.0","0.0","0.0","0","0","true","AP3B1","0.0","0","0","0","0","0","0","Infinity","false","0","AP3B1","0","0.0"
,"0.0","0.0","0.0","0.0","0","0","true","GTF2A1L","0.0","0","0","0","0","0","0","Infinity","false","0","GTF2A1L","0","0.0"
,"0.0","0.0","0.0","0.0","0","0","true","SHC2","0.0","0","0",,"0","0","0","Infinity","false","0","SHC2","0","0.0"
,"0.0","0.0","0.0","0.0","0","0","true","TMIGD2","0.0","0","0",,"0","0","0","Infinity","false","0","TMIGD2","0","0.0"
,"0.0","0.0","0.0","0.0","0","0","true","AR","0.0","0","0","1","1","1","0","Infinity","false","0","AR","0","0.0"
,"0.0","0.0","0.0","0.0","0","0","true","RBL2","0.0","0","0","0","0","0","0","Infinity","false","0","RBL2","0","0.0"
"2","1.8461538461538463","0.0","0.5416666666666666","1.0","2","2","false","GTF2H1","13.0","0","2","0","0","0","0","0.9349112426035503","false","0","GTF2H1","0","1.0"
,"0.0","0.0","0.0","0.0","0","0","true","GPANK1","0.0","0","0","0","0","0","0","Infinity","false","0","GPANK1","0","0.0"
,"0.0","0.0","0.0","0.0","0","0","true","NCAPH","0.0","0","0",,"0","0","0","Infinity","false","0","NCAPH","0","0.0"
"18","1.0","0.0","1.0","1.0","2","1","false","KCNK13","2.0","0","2","0","0","0","0","1.0","false","0","KCNK13","0","1.0"
"26","4.2272727272727275","0.0","0.23655913978494622","1.0","2","7","false","ADARB2-AS1","2.5","0","2","0",,"0","0","0.3545454545454545","false","0","ADARB2-AS1","0","0.8333333333333334"
,"0.0","0.0","0.0","0.0","0","0","true","MFSD4A","0.0","0","0","0","0","0","0","Infinity","false","0","MFSD4A","0","0.0"
,"0.0","0.0","0.0","0.0","0","0","true","MSI2","0.0","0","0","0","0","0","0","Infinity","false","0","MSI2","0","0.0"
,"0.0","0.0","0.0","0.0","0","0","true","KLHL13","0.0","0","0",,"0","0","0","Infinity","false","0","KLHL13","0","0.0"
,"0.0","0.0","0.0","0.0","0","0","true","HELLS","0.0","0","0","0","0","0","0","Infinity","false","0","HELLS","0","0.0"
"25","3.619047619047619","0.009523809523809525","0.2763157894736842","0.0","2","6","false","THNSL2","3.5","0","2",,"0","0","0","0.5634920634920635","false","0","THNSL2","8","0.625"
,"0.0","0.0","0.0","0.0","0","0","true","TRIM59","0.0","0","0","0","0","0","0","Infinity","false","0","TRIM59","0","0.0"
,"0.0","0.0","0.0","0.0","0","0","true","ZNF319","0.0","0","0","0","0","0","0","Infinity","false","0","ZNF319","0","0.0"
,"0.0","0.0","0.0","0.0","0","0","true","TLX3","0.0","0","0","0","0","0","0","Infinity","false","0","TLX3","0","0.0"
"10","4.4605263157894735","0.035707602339181285","0.224188790560472","0.0","2","8","false","TCTN1","3.0","0","2","0","0","0","0","0.6854066985645934","false","0","TCTN1","382","0.5"
,"0.0","0.0","0.0","0.0","0","0","true","PSMD13","0.0","0","0","0","0","0","0","Infinity","false","0","PSMD13","0","0.0"
,"0.0","0.0","0.0","0.0","0","0","true","PDIA2","0.0","0","0","0","0","0","0","Infinity","false","0","PDIA2","0","0.0"
,"0.0","0.0","0.0","0.0","0","0","true","AKAP17A","0.0","0","0","0","0","0","0","Infinity","false","0","AKAP17A","0","0.0"
,"0.0","0.0","0.0","0.0","0","0","true","UBE2I","0.0","0","0","0","0","0","0","Infinity","false","0","UBE2I","0","0.0"
"4","1.625","0.03698979591836734","0.6153846153846154","0.3333333333333333","3","2","false","KCNJ12","5.0","0","3","0","0","0","0","0.9107142857142857","false","0","KCNJ12","8","0.6666666666666666"
,"0.0","0.0","0.0","0.0","0","0","true","SHTN1","0.0","0","0","0","0","0","0","Infinity","false","0","SHTN1","0","0.0"
"10","4.118421052631579","0.01348872180451128","0.2428115015974441","0.0","3","8","false","RASSF2","5.666666666666667","0","3","0","0","0","0","0.7165071770334929","false","0","RASSF2","262","0.4666666666666667"
,"0.0","0.0","0.0","0.0","0","0","true","CARD14","0.0","0","0",,"0","0","0","Infinity","false","0","CARD14","0","0.0"
"10","3.9342105263157894","0.018362573099415202","0.25418060200668896","0.0","2","8","false","KCNJ2","3.5","0","2","0","0","0","0","0.7332535885167464","false","0","KCNJ2","312","0.5"
,"0.0","0.0","0.0","0.0","0","0","true","WNT9A","0.0","0","0","0",,"0","0","Infinity","false","0","WNT9A","0","0.0"
,"0.0","0.0","0.0","0.0","0","0","true","RBMX2","0.0","0","0",,"0","0","0","Infinity","false","0","RBMX2","0","0.0"
,"0.0","0.0","0.0","0.0","0","0","true","TDGF1","0.0","0","0","0","0","0","0","Infinity","false","0","TDGF1","0","0.0"
"4","1.75","0.011904761904761904","0.5714285714285714","0.6666666666666666","3","3","false","GOLGA3","4.666666666666667","0","3","0","0","0","0","0.8928571428571429","false","0","GOLGA3","2","0.6666666666666666"
,"0.0","0.0","0.0","0.0","0","0","true","ZCCHC2","0.0","0","0",,"0","0","0","Infinity","false","0","ZCCHC2","0","0.0"
,"0.0","0.0","0.0","0.0","0","0","true","BOD1L1","0.0","0","0","0","0","0","0","Infinity","false","0","BOD1L1","0","0.0"
,"0.0","0.0","0.0","0.0","0","0","true","ARF5","0.0","0","0","0","0","0","0","Infinity","false","0","ARF5","0","0.0"
,"0.0","0.0","0.0","0.0","0","0","true","FAM161B","0.0","0","0","0","0","0","0","Infinity","false","0","FAM161B","0","0.0"
"12","1.3333333333333333","0.0","0.75","1.0","2","2","false","MIDEAS","3.0","0","2","0","0","0","0","0.888888888888889","false","0","MIDEAS","0","1.0"
,"0.0","0.0","0.0","0.0","0","0","true","PPM1B","0.0","0","0","0","0","0","0","Infinity","false","0","PPM1B","0","0.0"
,"0.0","0.0","0.0","0.0","0","0","true","NXPH3","0.0","0","0","0",,"0","0","Infinity","false","0","NXPH3","0","0.0"
,"0.0","0.0","0.0","0.0","0","0","true","ZNF136","0.0","0","0",,"0","0","0","Infinity","false","0","ZNF136","0","0.0"
"12","1.3333333333333333","0.0","0.75","1.0","2","2","false","CNTLN","3.0","0","2","0","0","0","0","0.888888888888889","false","0","CNTLN","0","1.0"
,"0.0","0.0","0.0","0.0","0","0","true","KCNJ1","0.0","0","0","0","0","0","0","Infinity","false","0","KCNJ1","0","0.0"
"10","3.526315789473684","0.11532163742690059","0.2835820895522388","0.26666666666666666","6","7","false","CAPZB","4.666666666666667","0","6","0","0","0","0","0.770334928229665","false","0","CAPZB","1716","0.28888888888888886"
,"0.0","0.0","0.0","0.0","0","0","true","RIOX2","0.0","0","0","0","0","0","0","Infinity","false","0","RIOX2","0","0.0"
,"0.0","0.0","0.0","0.0","0","0","true","ANKRD22","0.0","0","0",,"0","0","0","Infinity","false","0","ANKRD22","0","0.0"
,"0.0","0.0","0.0","0.0","0","0","true","ACP5","0.0","0","0","0","0","0","0","Infinity","false","0","ACP5","0","0.0"
"25","3.5714285714285716","0.014285714285714287","0.27999999999999997","0.3333333333333333","3","6","false","OR12D2","3.3333333333333335","0","3","0","0","0","0","0.5714285714285714","false","0","OR12D2","12","0.5"
,"0.0","0.0","0.0","0.0","0","0","true","COX11","0.0","0","0","0","0","0","0","Infinity","false","0","COX11","0","0.0"
,"0.0","0.0","0.0","0.0","0","0","true","PHACTR2","0.0","0","0","0","0","0","0","Infinity","false","0","PHACTR2","0","0.0"
"3","1.5","0.0","0.6666666666666666","1.0","3","2","false","SKI","5.333333333333333","0","3","0","0","0","0","0.9166666666666666","false","0","SKI","0","0.8888888888888888"
"2","1.6923076923076923","0.0","0.5909090909090909","1.0","4","2","false","HOXA13","10.75","0","4",,"0","0","0","0.9467455621301776","false","0","HOXA13","0","0.8269230769230769"
"10","3.776315789473684","0.03391812865497076","0.26480836236933797","0.3333333333333333","4","7","false","ZC3H13","3.75","0","4","0","0","0","0","0.7476076555023923","false","0","ZC3H13","346","0.35"
,"0.0","0.0","0.0","0.0","0","0","true","RNF168","0.0","0","0",,"0","0","0","Infinity","false","0","RNF168","0","0.0"
"22","1.0","0.0","1.0","1.0","2","1","false","EIF2S1","2.0","0","2","0","0","0","0","1.0","false","0","EIF2S1","0","1.0"
,"0.0","0.0","0.0","0.0","0","0","true","FBXL18","0.0","0","0",,"0","0","0","Infinity","false","0","FBXL18","0","0.0"
,"0.0","0.0","0.0","0.0","0","0","true","C10orf67","0.0","0","0","0","0","0","0","Infinity","false","0","C10orf67","0","0.0"
,"0.0","0.0","0.0","0.0","0","0","true","MSTN","0.0","0","0","0","0","0","0","Infinity","false","0","MSTN","0","0.0"
,"0.0","0.0","0.0","0.0","0","0","true","OR1M1","0.0","0","0","0","0","0","0","Infinity","false","0","OR1M1","0","0.0"
,"0.0","0.0","0.0","0.0","0","0","true","CHN1","0.0","0","0",,"0","0","0","Infinity","false","0","CHN1","0","0.0"
,"0.0","0.0","0.0","0.0","0","0","true","TAPT1","0.0","0","0","0","0","0","0","Infinity","false","0","TAPT1","0","0.0"
,"0.0","0.0","0.0","0.0","0","0","true","USO1","0.0","0","0","0","0","0","0","Infinity","false","0","USO1","0","0.0"
"13","3.606060606060606","0.0","0.2773109243697479","1.0","2","5","false","PUS1","6.5","0","2",,"0","0","0","0.7393939393939395","false","0","PUS1","0","0.7222222222222222"
"7","1.6666666666666667","0.02222222222222222","0.6","0.0","2","2","false","SH3D21","4.0","0","2","0","0","0","0","0.8666666666666666","false","0","SH3D21","2","0.75"
,"0.0","0.0","0.0","0.0","0","0","true","IGHV1-45","0.0","0","0","0",,"0","0","Infinity","false","0","IGHV1-45","0","0.0"
,"0.0","0.0","0.0","0.0","0","0","true","CPSF3","0.0","0","0",,"0","0","0","Infinity","false","0","CPSF3","0","0.0"
,"0.0","0.0","0.0","0.0","0","0","true","AP1M2","0.0","0","0","0","0","0","0","Infinity","false","0","AP1M2","0","0.0"
,"0.0","0.0","0.0","0.0","0","0","true","MAMLD1","0.0","0","0",,"0","0","0","Infinity","false","0","MAMLD1","0","0.0"
,"0.0","0.0","0.0","0.0","0","0","true","PGA3","0.0","0","0","0",,"0","0","Infinity","false","0","PGA3","0","0.0"
,"0.0","0.0","0.0","0.0","0","0","true","LCN15","0.0","0","0",,"0","0","0","Infinity","false","0","LCN15","0","0.0"
"25","3.619047619047619","0.002380952380952381","0.2763157894736842","0.6666666666666666","3","6","false","DZIP1","3.0","0","3","0","0","0","0","0.5634920634920635","false","0","DZIP1","2","0.6"
"3","1.5","0.0","0.6666666666666666","1.0","3","2","false","SULT1A4","5.0","0","3","0","0","0","0","0.9166666666666666","false","0","SULT1A4","0","0.8333333333333334"
"19","1.8333333333333333","0.08888888888888888","0.5454545454545455","0.0","2","3","false","SULT1E1","2.5","0","2","0","0","0","0","0.7222222222222223","false","0","SULT1E1","4","0.5"
,"0.0","0.0","0.0","0.0","0","0","true","GRAMD2B","0.0","0","0",,"0","0","0","Infinity","false","0","GRAMD2B","0","0.0"
,"0.0","0.0","0.0","0.0","0","0","true","TRIM69","0.0","0","0","0","0","0","0","Infinity","false","0","TRIM69","0","0.0"
"10","3.4210526315789473","0.16600584795321638","0.2923076923076923","0.32142857142857145","8","8","false","TRIM55","5.375","0","8","0","0","0","0","0.7799043062200958","false","0","TRIM55","1920","0.24404761904761904"
"13","4.03030303030303","0.013257575757575758","0.2481203007518797","0.0","2","7","false","BTBD16","5.0","0","2","0","0","0","0","0.696969696969697","false","0","BTBD16","64","0.8"
,"0.0","0.0","0.0","0.0","0","0","true","TBX10","0.0","0","0","0","0","0","0","Infinity","false","0","TBX10","0","0.0"
,"0.0","0.0","0.0","0.0","0","0","true","CTDNEP1","0.0","0","0","0","0","0","0","Infinity","false","0","CTDNEP1","0","0.0"
,"0.0","0.0","0.0","0.0","0","0","true","SEPTIN5","0.0","0","0","0","0","0","0","Infinity","false","0","SEPTIN5","0","0.0"
"2","1.8461538461538463","0.0","0.5416666666666666","1.0","2","2","false","ERF","13.0","0","2",,"0","0","0","0.9349112426035503","false","0","ERF","0","1.0"
,"0.0","0.0","0.0","0.0","0","0","true","CNMD","0.0","0","0","0","0","0","0","Infinity","false","0","CNMD","0","0.0"
"5","1.4","0.05","0.7142857142857143","0.6666666666666666","3","2","false","ZDHHC11","3.6666666666666665","0","3","0","0","0","0","0.9199999999999999","false","0","ZDHHC11","2","0.7333333333333333"
"26","3.3181818181818183","0.17316017316017315","0.3013698630136986","0.3333333333333333","3","6","false","FAM117B","2.6666666666666665","0","3","0","0","0","0","0.5363636363636364","false","0","FAM117B","100","0.4666666666666667"
"10","3.3026315789473686","0.2416691729323308","0.30278884462151395","0.0","5","8","false","IL16","4.2","0","5","0","0","0","0","0.7906698564593302","false","0","IL16","3366","0.2"
,"0.0","0.0","0.0","0.0","0","0","true","IRX2","0.0","0","0",,"0","0","0","Infinity","false","0","IRX2","0","0.0"
"25","3.619047619047619","0.045238095238095244","0.2763157894736842","0.0","2","6","false","UCP3","4.0","0","2","0","0","0","0","0.5634920634920635","false","0","UCP3","42","0.6"
,"0.0","0.0","0.0","0.0","0","0","true","WNT2B","0.0","0","0",,"0","0","0","Infinity","false","0","WNT2B","0","0.0"
"10","3.6184210526315788","0.08527986633249789","0.27636363636363637","0.0","4","7","false","ZCCHC8","3.0","0","4","0","0","0","0","0.7619617224880383","false","0","ZCCHC8","968","0.25"
,"0.0","0.0","0.0","0.0","0","0","true","KCNK18","0.0","0","0","0","0","0","0","Infinity","false","0","KCNK18","0","0.0"
,"0.0","0.0","0.0","0.0","0","0","true","DEGS2","0.0","0","0",,"0","0","0","Infinity","false","0","DEGS2","0","0.0"
,"0.0","0.0","0.0","0.0","0","0","true","SERPINB10","0.0","0","0",,"0","0","0","Infinity","false","0","SERPINB10","0","0.0"
,"0.0","0.0","0.0","0.0","0","0","true","MARK1","0.0","0","0","0","0","0","0","Infinity","false","0","MARK1","0","0.0"
,"0.0","0.0","0.0","0.0","0","0","true","KRTAP10-9","0.0","0","0","0","0","0","0","Infinity","false","0","KRTAP10-9","0","0.0"
,"0.0","0.0","0.0","0.0","0","0","true","MYLK2","0.0","0","0","0","0","0","0","Infinity","false","0","MYLK2","0","0.0"
,"0.0","0.0","0.0","0.0","0","0","true","ZNF668","0.0","0","0","0","0","0","0","Infinity","false","0","ZNF668","0","0.0"
,"0.0","0.0","0.0","0.0","0","0","true","RPAP3","0.0","0","0","0","0","0","0","Infinity","false","0","RPAP3","0","0.0"
,"0.0","0.0","0.0","0.0","0","0","true","GSR","0.0","0","0","0","0","0","0","Infinity","false","0","GSR","0","0.0"
"24","2.1333333333333333","0.665079365079365","0.46875","0.13333333333333333","6","4","false","SYT17","2.3333333333333335","0","6","0","0","0","0","0.8111111111111112","false","0","SYT17","240","0.2857142857142857"
,"0.0","0.0","0.0","0.0","0","0","true","OR6C76","0.0","0","0","0","0","0","0","Infinity","false","0","OR6C76","0","0.0"
,"0.0","0.0","0.0","0.0","0","0","true","SALL2","0.0","0","0","0","0","0","0","Infinity","false","0","SALL2","0","0.0"
"13","3.5454545454545454","0.11742424242424243","0.28205128205128205","0.3333333333333333","3","5","false","JUP","4.0","0","3","0","0","0","0","0.7454545454545455","false","0","JUP","148","0.4074074074074074"
,"0.0","0.0","0.0","0.0","0","0","true","SLC2A4RG","0.0","0","0",,"0","0","0","Infinity","false","0","SLC2A4RG","0","0.0"
,"0.0","0.0","0.0","0.0","0","0","true","DUSP4","0.0","0","0","0","0","0","0","Infinity","false","0","DUSP4","0","0.0"
,"0.0","0.0","0.0","0.0","0","0","true","CFAP418","0.0","0","0","0","0","0","0","Infinity","false","0","CFAP418","0","0.0"
,"0.0","0.0","0.0","0.0","0","0","true","OR10D3","0.0","0","0",,"0","0","0","Infinity","false","0","OR10D3","0","0.0"
"19","1.6666666666666667","0.13333333333333333","0.6","0.3333333333333333","3","3","false","RUBCNL","2.6666666666666665","0","3","0","0","0","0","0.7777777777777777","false","0","RUBCNL","6","0.5833333333333334"
"10","4.157894736842105","0.001163742690058479","0.24050632911392406","0.0","2","8","false","DGLUCY","7.0","0","2","0","0","0","0","0.7129186602870813","false","0","DGLUCY","22","0.6"
"4","1.5","0.05187074829931972","0.6666666666666666","0.5","4","2","false","ZNF438","4.5","0","4","0","0","0","0","0.9285714285714286","false","0","ZNF438","10","0.5625"
,"0.0","0.0","0.0","0.0","0","0","true","TCFL5","0.0","0","0",,"0","0","0","Infinity","false","0","TCFL5","0","0.0"
"13","3.303030303030303","0.03787878787878788","0.3027522935779816","0.6666666666666666","4","5","false","PDZD4","6.0","0","4",,"0","0","0","0.7696969696969698","false","0","PDZD4","96","0.5454545454545454"
,"0.0","0.0","0.0","0.0","0","0","true","USP17L6P","0.0","0","0",,"0","0","0","Infinity","false","0","USP17L6P","0","0.0"
,"0.0","0.0","0.0","0.0","0","0","true","METTL15P1","0.0","0","0","0","0","0","0","Infinity","false","0","METTL15P1","0","0.0"
,"0.0","0.0","0.0","0.0","0","0","true","NPEPL1","0.0","0","0",,"0","0","0","Infinity","false","0","NPEPL1","0","0.0"
"13","3.1515151515151514","0.31155303030303033","0.31730769230769235","0.1","5","6","false","SULT1A1","2.8","0","5","0","0","0","0","0.7848484848484849","false","0","SULT1A1","568","0.36666666666666664"
"11","1.25","0.05555555555555555","0.8","0.6666666666666666","3","2","false","TMEM61","3.0","0","3","0","0","0","0","0.9166666666666666","false","0","TMEM61","2","0.75"
,"0.0","0.0","0.0","0.0","0","0","true","MINDY2","0.0","0","0","0","0","0","0","Infinity","false","0","MINDY2","0","0.0"
,"0.0","0.0","0.0","0.0","0","0","true","H2BC26","0.0","0","0","0","0","0","0","Infinity","false","0","H2BC26","0","0.0"
,"0.0","0.0","0.0","0.0","0","0","true","P2RX6","0.0","0","0","0",,"0","0","Infinity","false","0","P2RX6","0","0.0"
,"0.0","0.0","0.0","0.0","0","0","true","RPIA","0.0","0","0","0","0","0","0","Infinity","false","0","RPIA","0","0.0"
,"0.0","0.0","0.0","0.0","0","0","true","ZNF717","0.0","0","0","0","0","0","0","Infinity","false","0","ZNF717","0","0.0"
,"0.0","0.0","0.0","0.0","0","0","true","GOLGA6D","0.0","0","0","0","0","0","0","Infinity","false","0","GOLGA6D","0","0.0"
,"0.0","0.0","0.0","0.0","0","0","true","PCBP1","0.0","0","0","0","0","0","0","Infinity","false","0","PCBP1","0","0.0"
,"0.0","0.0","0.0","0.0","0","0","true","MRE11","0.0","0","0","0","0","0","0","Infinity","false","0","MRE11","0","0.0"
"13","3.8484848484848486","0.004419191919191919","0.25984251968503935","0.5","5","6","false","HPD","5.0","0","5","0","0","0","0","0.7151515151515151","false","0","HPD","10","0.5"
"3","1.5","0.0","0.6666666666666666","1.0","3","2","false","ASXL2","5.0","0","3",,"0","0","0","0.9166666666666666","false","0","ASXL2","0","0.8333333333333334"
"10","4.776315789473684","0.023859649122807015","0.209366391184573","0.0","2","8","false","OSGIN2","5.5","0","2","0","0","0","0","0.6566985645933014","false","0","OSGIN2","940","0.75"
,"0.0","0.0","0.0","0.0","0","0","true","RABEP1","0.0","0","0",,"0","0","0","Infinity","false","0","RABEP1","0","0.0"
,"0.0","0.0","0.0","0.0","0","0","true","TRAV12-3","0.0","0","0","0","0","0","0","Infinity","false","0","TRAV12-3","0","0.0"
,"0.0","0.0","0.0","0.0","0","0","true","DCP2","0.0","0","0",,"0","0","0","Infinity","false","0","DCP2","0","0.0"
,"0.0","0.0","0.0","0.0","0","0","true","ZFR2","0.0","0","0",,"0","0","0","Infinity","false","0","ZFR2","0","0.0"
,"0.0","0.0","0.0","0.0","0","0","true","ATXN10","0.0","0","0","0","0","0","0","Infinity","false","0","ATXN10","0","0.0"
,"0.0","0.0","0.0","0.0","0","0","true","GRAP2","0.0","0","0","0",,"0","0","Infinity","false","0","GRAP2","0","0.0"
,"0.0","0.0","0.0","0.0","0","0","true","LRRC8E","0.0","0","0","0","0","0","0","Infinity","false","0","LRRC8E","0","0.0"
,"0.0","0.0","0.0","0.0","0","0","true","B9D1","0.0","0","0","0","0","0","0","Infinity","false","0","B9D1","0","0.0"
"10","7.5","1.7543859649122806E-4","0.13333333333333333","0.0","2","11","false","ARHGEF15","2.0","0","2","0","0","0","0","0.4090909090909091","false","0","ARHGEF15","2","1.0"
,"0.0","0.0","0.0","0.0","0","0","true","CMKLR1","0.0","0","0",,"0","0","0","Infinity","false","0","CMKLR1","0","0.0"
"16","1.3333333333333333","0.0","0.75","1.0","2","2","false","PROP1","3.0","0","2","0","0","0","0","0.888888888888889","false","0","PROP1","0","1.0"
,"0.0","0.0","0.0","0.0","0","0","true","ALDH1A2","0.0","0","0","0",,"0","0","Infinity","false","0","ALDH1A2","0","0.0"
,"0.0","0.0","0.0","0.0","0","0","true","COBLL1","0.0","0","0","0","0","0","0","Infinity","false","0","COBLL1","0","0.0"
,"0.0","0.0","0.0","0.0","0","0","true","APOBEC3A","0.0","0","0","0","0","0","0","Infinity","false","0","APOBEC3A","0","0.0"
"14","1.0","0.16666666666666666","1.0","0.6666666666666666","3","1","false","QRICH2","2.3333333333333335","0","3","0","0","0","0","1.0","false","0","QRICH2","2","0.7777777777777778"
"25","2.761904761904762","0.29761904761904767","0.3620689655172414","0.2","5","5","false","CNR2","2.8","0","5","1","1","1","0","0.7063492063492064","false","0","CNR2","156","0.34285714285714286"
"26","3.5454545454545454","0.0","0.28205128205128205","1.0","2","6","false","SNRNP48","3.5","0","2","0","0","0","0","0.4909090909090909","false","0","SNRNP48","0","0.7"
,"0.0","0.0","0.0","0.0","0","0","true","SYN1","0.0","0","0",,"0","0","0","Infinity","false","0","SYN1","0","0.0"
,"0.0","0.0","0.0","0.0","0","0","true","MED15","0.0","0","0","0",,"0","0","Infinity","false","0","MED15","0","0.0"
"25","3.619047619047619","0.045238095238095244","0.2763157894736842","0.0","2","6","false","TRIB1","4.0","0","2","0","0","0","0","0.5634920634920635","false","0","TRIB1","42","0.6"
,"0.0","0.0","0.0","0.0","0","0","true","ZPBP","0.0","0","0","0","0","0","0","Infinity","false","0","ZPBP","0","0.0"
,"0.0","0.0","0.0","0.0","0","0","true","UBE2Q2","0.0","0","0","0","0","0","0","Infinity","false","0","UBE2Q2","0","0.0"
,"0.0","0.0","0.0","0.0","0","0","true","GNAT2","0.0","0","0","0","0","0","0","Infinity","false","0","GNAT2","0","0.0"
,"0.0","0.0","0.0","0.0","0","0","true","NMUR1","0.0","0","0",,"0","0","0","Infinity","false","0","NMUR1","0","0.0"
"25","2.1904761904761907","0.7000000000000001","0.45652173913043476","0.0","5","4","false","TTYH1","2.8","0","5",,"0","0","0","0.8015873015873015","false","0","TTYH1","354","0.225"
,"0.0","0.0","0.0","0.0","0","0","true","ZNF277","0.0","0","0","0","0","0","0","Infinity","false","0","ZNF277","0","0.0"
,"0.0","0.0","0.0","0.0","0","0","true","PCARE","0.0","0","0","0","0","0","0","Infinity","false","0","PCARE","0","0.0"
,"0.0","0.0","0.0","0.0","0","0","true","LRP2BP","0.0","0","0","0","0","0","0","Infinity","false","0","LRP2BP","0","0.0"
"9","1.5","0.013333333333333334","0.6666666666666666","0.6666666666666666","3","2","false","HTR1E","4.333333333333333","0","3","0","0","0","0","0.9","false","0","HTR1E","2","0.7222222222222222"
"10","4.105263157894737","0.01046783625730994","0.24358974358974356","0.0","2","8","false","STAP1","6.0","0","2","0","0","0","0","0.7177033492822966","false","0","STAP1","166","0.5"
,"0.0","0.0","0.0","0.0","0","0","true","CAMKV","0.0","0","0",,"0","0","0","Infinity","false","0","CAMKV","0","0.0"
,"0.0","0.0","0.0","0.0","0","0","true","FGD5","0.0","0","0","0","0","0","0","Infinity","false","0","FGD5","0","0.0"
"10","4.881578947368421","0.04232832080200501","0.20485175202156333","0.3333333333333333","3","9","false","ZNF397","2.6666666666666665","0","3","0","0","0","0","0.6471291866028708","false","0","ZNF397","440","0.4666666666666667"
"17","1.0","0.0","1.0","1.0","2","1","false","RAB24","2.0","0","2","0","0","0","0","1.0","false","0","RAB24","0","1.0"
,"0.0","0.0","0.0","0.0","0","0","true","OR2J1","0.0","0","0","0","0","0","0","Infinity","false","0","OR2J1","0","0.0"
"25","2.9047619047619047","0.0761904761904762","0.3442622950819672","0.0","2","5","false","CYB5R1","3.5","0","2","0","0","0","0","0.6825396825396824","false","0","CYB5R1","36","0.5"
,"0.0","0.0","0.0","0.0","0","0","true","PNMA8A","0.0","0","0","0","0","0","0","Infinity","false","0","PNMA8A","0","0.0"
"10","3.8552631578947367","0.020324979114452794","0.25938566552901027","0.0","2","8","false","MIER2","4.5","0","2","0","0","0","0","0.7404306220095694","false","0","MIER2","276","0.5"
,"0.0","0.0","0.0","0.0","0","0","true","OR4K15","0.0","0","0","0","0","0","0","Infinity","false","0","OR4K15","0","0.0"
,"0.0","0.0","0.0","0.0","0","0","true","SH3RF3","0.0","0","0","0","0","0","0","Infinity","false","0","SH3RF3","0","0.0"
"10","3.473684210526316","0.13903508771929823","0.28787878787878785","0.13333333333333333","6","6","false","HNRNPM","3.8333333333333335","0","6","0","0","0","0","0.7751196172248804","false","0","HNRNPM","1924","0.23333333333333334"
,"0.0","0.0","0.0","0.0","0","0","true","CALU","0.0","0","0","0","0","0","0","Infinity","false","0","CALU","0","0.0"
,"0.0","0.0","0.0","0.0","0","0","true","TRBJ1-2","0.0","0","0","0","0","0","0","Infinity","false","0","TRBJ1-2","0","0.0"
,"0.0","0.0","0.0","0.0","0","0","true","MFSD9","0.0","0","0","0","0","0","0","Infinity","false","0","MFSD9","0","0.0"
"26","3.272727272727273","0.11616161616161616","0.3055555555555555","0.5","4","6","false","APOBEC3C","3.25","0","4","0","0","0","0","0.5454545454545454","false","0","APOBEC3C","124","0.4642857142857143"
"19","1.5","0.24444444444444444","0.6666666666666666","0.0","3","2","false","POPDC3","2.3333333333333335","0","3","0","0","0","0","0.8333333333333334","false","0","POPDC3","12","0.4444444444444444"
"10","3.960526315789474","0.006771929824561403","0.25249169435215946","0.6","5","8","false","EFCAB9","6.0","0","5","0","0","0","0","0.7308612440191387","false","0","EFCAB9","152","0.46153846153846156"
,"0.0","0.0","0.0","0.0","0","0","true","SMIM26","0.0","0","0","0","0","0","0","Infinity","false","0","SMIM26","0","0.0"
,"0.0","0.0","0.0","0.0","0","0","true","IL32","0.0","0","0",,"0","0","0","Infinity","false","0","IL32","0","0.0"
,"0.0","0.0","0.0","0.0","0","0","true","ENTPD5","0.0","0","0","0",,"0","0","Infinity","false","0","ENTPD5","0","0.0"
,"0.0","0.0","0.0","0.0","0","0","true","SH3D19","0.0","0","0",,"0","0","0","Infinity","false","0","SH3D19","0","0.0"
,"0.0","0.0","0.0","0.0","0","0","true","CDY2B","0.0","0","0",,"0","0","0","Infinity","false","0","CDY2B","0","0.0"
,"0.0","0.0","0.0","0.0","0","0","true","ZNF595","0.0","0","0",,"0","0","0","Infinity","false","0","ZNF595","0","0.0"
,"0.0","0.0","0.0","0.0","0","0","true","BEAN1","0.0","0","0",,"0","0","0","Infinity","false","0","BEAN1","0","0.0"
"2","1.3076923076923077","0.05769230769230768","0.7647058823529411","0.5555555555555556","9","2","false","SF3A1","6.333333333333333","0","9","0","0","0","0","0.9763313609467456","false","0","SF3A1","32","0.48717948717948717"
,"0.0","0.0","0.0","0.0","0","0","true","CNNM2","0.0","0","0",,"0","0","0","Infinity","false","0","CNNM2","0","0.0"
"10","3.960526315789474","0.008664160401002506","0.25249169435215946","0.3333333333333333","4","8","false","MRPL28","4.75","0","4","0","0","0","0","0.7308612440191387","false","0","MRPL28","106","0.34615384615384615"
,"0.0","0.0","0.0","0.0","0","0","true","ODF3","0.0","0","0","0",,"0","0","Infinity","false","0","ODF3","0","0.0"
,"0.0","0.0","0.0","0.0","0","0","true","CCDC83","0.0","0","0","0","0","0","0","Infinity","false","0","CCDC83","0","0.0"
"17","1.0","0.0","1.0","1.0","2","1","false","OR4X1","2.0","0","2","0",,"0","0","1.0","false","0","OR4X1","0","1.0"
,"0.0","0.0","0.0","0.0","0","0","true","CRTAC1","0.0","0","0","0","0","0","0","Infinity","false","0","CRTAC1","0","0.0"
,"0.0","0.0","0.0","0.0","0","0","true","FGF7","0.0","0","0",,"0","0","0","Infinity","false","0","FGF7","0","0.0"
"13","4.848484848484849","0.0","0.20625","1.0","2","8","false","TC2N","4.5","0","2","0","0","0","0","0.6151515151515151","false","0","TC2N","0","0.75"
,"0.0","0.0","0.0","0.0","0","0","true","ARHGAP30","0.0","0","0","0","0","0","0","Infinity","false","0","ARHGAP30","0","0.0"
"10","5.144736842105263","0.01704177109440267","0.19437340153452687","0.0","2","9","false","TCTN3","2.5","0","2","0","0","0","0","0.6232057416267943","false","0","TCTN3","210","0.5"
,"0.0","0.0","0.0","0.0","0","0","true","TLR5","0.0","0","0","0","0","0","0","Infinity","false","0","TLR5","0","0.0"
,"0.0","0.0","0.0","0.0","0","0","true","CAMK1G","0.0","0","0",,"0","0","0","Infinity","false","0","CAMK1G","0","0.0"
"26","4.090909090909091","0.04329004329004329","0.24444444444444444","0.0","2","7","false","PRR14L","2.5","0","2","0","0","0","0","0.38181818181818183","false","0","PRR14L","48","0.75"
,"0.0","0.0","0.0","0.0","0","0","true","FLYWCH1","0.0","0","0","0","0","0","0","Infinity","false","0","FLYWCH1","0","0.0"
,"0.0","0.0","0.0","0.0","0","0","true","SMIM23","0.0","0","0","0",,"0","0","Infinity","false","0","SMIM23","0","0.0"
,"0.0","0.0","0.0","0.0","0","0","true","WDR77","0.0","0","0","0","0","0","0","Infinity","false","0","WDR77","0","0.0"
,"0.0","0.0","0.0","0.0","0","0","true","ZRSR2","0.0","0","0","0","0","0","0","Infinity","false","0","ZRSR2","0","0.0"
,"0.0","0.0","0.0","0.0","0","0","true","UBE2G1","0.0","0","0","0","0","0","0","Infinity","false","0","UBE2G1","0","0.0"
,"0.0","0.0","0.0","0.0","0","0","true","FGF13","0.0","0","0","0","0","0","0","Infinity","false","0","FGF13","0","0.0"
"10","4.75","0.03684210526315789","0.21052631578947367","0.0","3","8","false","ST8SIA5","4.333333333333333","0","3","0","0","0","0","0.6590909090909091","false","0","ST8SIA5","1146","0.5555555555555556"
,"0.0","0.0","0.0","0.0","0","0","true","SOBP","0.0","0","0","0","0","0","0","Infinity","false","0","SOBP","0","0.0"
,"0.0","0.0","0.0","0.0","0","0","true","IGF2BP3","0.0","0","0","0","0","0","0","Infinity","false","0","IGF2BP3","0","0.0"
,"0.0","0.0","0.0","0.0","0","0","true","MLEC","0.0","0","0","0","0","0","0","Infinity","false","0","MLEC","0","0.0"
"26","2.909090909090909","0.3008658008658009","0.34375","0.3333333333333333","4","5","false","NVL","3.75","0","4","0","0","0","0","0.6181818181818182","false","0","NVL","260","0.4166666666666667"
,"0.0","0.0","0.0","0.0","0","0","true","GOT1L1","0.0","0","0","0","0","0","0","Infinity","false","0","GOT1L1","0","0.0"
,"0.0","0.0","0.0","0.0","0","0","true","MRTFB","0.0","0","0",,"0","0","0","Infinity","false","0","MRTFB","0","0.0"
,"0.0","0.0","0.0","0.0","0","0","true","IGHV4-61","0.0","0","0","0",,"0","0","Infinity","false","0","IGHV4-61","0","0.0"
,"0.0","0.0","0.0","0.0","0","0","true","CLDN22","0.0","0","0",,"0","0","0","Infinity","false","0","CLDN22","0","0.0"
,"0.0","0.0","0.0","0.0","0","0","true","CCDC78","0.0","0","0","0",,"0","0","Infinity","false","0","CCDC78","0","0.0"
"10","3.8947368421052633","0.2129239766081871","0.25675675675675674","0.0","5","7","false","RIN3","2.8","0","5","0","0","0","0","0.7368421052631579","false","0","RIN3","4856","0.36"
"13","4.424242424242424","9.46969696969697E-4","0.226027397260274","0.0","2","6","false","NBPF6","3.5","0","2","0","0","0","0","0.6575757575757576","false","0","NBPF6","2","0.625"
,"0.0","0.0","0.0","0.0","0","0","true","IHH","0.0","0","0","0","0","0","0","Infinity","false","0","IHH","0","0.0"
,"0.0","0.0","0.0","0.0","0","0","true","RASGEF1A","0.0","0","0","0","0","0","0","Infinity","false","0","RASGEF1A","0","0.0"
,"0.0","0.0","0.0","0.0","0","0","true","IGHV3-9","0.0","0","0","0","0","0","0","Infinity","false","0","IGHV3-9","0","0.0"
"13","3.606060606060606","0.026515151515151516","0.2773109243697479","0.0","2","5","false","CALHM2","5.0","0","2",,"0","0","0","0.7393939393939395","false","0","CALHM2","66","0.5714285714285714"
,"0.0","0.0","0.0","0.0","0","0","true","ZNF257","0.0","0","0","0","0","0","0","Infinity","false","0","ZNF257","0","0.0"
,"0.0","0.0","0.0","0.0","0","0","true","PDE7A","0.0","0","0",,"0","0","0","Infinity","false","0","PDE7A","0","0.0"
"9","1.5","0.013333333333333334","0.6666666666666666","0.6666666666666666","3","2","false","ZNF221","4.333333333333333","0","3","0","0","0","0","0.9","false","0","ZNF221","2","0.7222222222222222"
,"0.0","0.0","0.0","0.0","0","0","true","RTP3","0.0","0","0","0","0","0","0","Infinity","false","0","RTP3","0","0.0"
,"0.0","0.0","0.0","0.0","0","0","true","VGF","0.0","0","0","0","0","0","0","Infinity","false","0","VGF","0","0.0"
,"0.0","0.0","0.0","0.0","0","0","true","FAM110C","0.0","0","0",,"0","0","0","Infinity","false","0","FAM110C","0","0.0"
,"0.0","0.0","0.0","0.0","0","0","true","OTUD1","0.0","0","0","0","0","0","0","Infinity","false","0","OTUD1","0","0.0"
"14","1.3333333333333333","0.0","0.75","1.0","2","2","false","PWWP3A","3.0","0","2",,"0","0","0","0.888888888888889","false","0","PWWP3A","0","1.0"
"10","3.4210526315789473","0.11212614870509607","0.2923076923076923","0.2222222222222222","9","7","false","PHC2","4.222222222222222","0","9","0","0","0","0","0.7799043062200958","false","0","PHC2","1754","0.24183006535947713"
,"0.0","0.0","0.0","0.0","0","0","true","TELO2","0.0","0","0",,"0","0","0","Infinity","false","0","TELO2","0","0.0"
,"0.0","0.0","0.0","0.0","0","0","true","TPTE2","0.0","0","0","0","0","0","0","Infinity","false","0","TPTE2","0","0.0"
"9","1.6666666666666667","0.013333333333333334","0.6","0.0","2","2","false","AADACL4","5.0","0","2",,"0","0","0","0.8666666666666666","false","0","AADACL4","2","1.0"
,"0.0","0.0","0.0","0.0","0","0","true","ZNF382","0.0","0","0",,"0","0","0","Infinity","false","0","ZNF382","0","0.0"
,"0.0","0.0","0.0","0.0","0","0","true","MECP2","0.0","0","0","0","0","0","0","Infinity","false","0","MECP2","0","0.0"
"25","2.761904761904762","0.4","0.3620689655172414","0.13333333333333333","6","5","false","CC2D1A","2.5","0","6","0","0","0","0","0.7063492063492064","false","0","CC2D1A","226","0.30952380952380953"
,"0.0","0.0","0.0","0.0","0","0","true","OR52D1","0.0","0","0","0","0","0","0","Infinity","false","0","OR52D1","0","0.0"
,"0.0","0.0","0.0","0.0","0","0","true","CCNQ","0.0","0","0","0","0","0","0","Infinity","false","0","CCNQ","0","0.0"
,"0.0","0.0","0.0","0.0","0","0","true","PODXL","0.0","0","0","0","0","0","0","Infinity","false","0","PODXL","0","0.0"
,"0.0","0.0","0.0","0.0","0","0","true","KIAA0513","0.0","0","0","0",,"0","0","Infinity","false","0","KIAA0513","0","0.0"
,"0.0","0.0","0.0","0.0","0","0","true","SAA1","0.0","0","0","0",,"0","0","Infinity","false","0","SAA1","0","0.0"
"26","4.636363636363637","0.0","0.2156862745098039","1.0","2","8","false","SART1","3.0","0","2",,"0","0","0","0.27272727272727265","false","0","SART1","0","0.75"
,"0.0","0.0","0.0","0.0","0","0","true","ODAD1","0.0","0","0",,"0","0","0","Infinity","false","0","ODAD1","0","0.0"
,"0.0","0.0","0.0","0.0","0","0","true","ZNF565","0.0","0","0","0","0","0","0","Infinity","false","0","ZNF565","0","0.0"
"10","4.184210526315789","0.005208020050125313","0.2389937106918239","0.0","2","8","false","CCDC183","3.0","0","2","0","0","0","0","0.7105263157894737","false","0","CCDC183","72","0.5"
,"0.0","0.0","0.0","0.0","0","0","true","KIF22","0.0","0","0","0","0","0","0","Infinity","false","0","KIF22","0","0.0"
,"0.0","0.0","0.0","0.0","0","0","true","OR14C36","0.0","0","0",,"0","0","0","Infinity","false","0","OR14C36","0","0.0"
,"0.0","0.0","0.0","0.0","0","0","true","GOLGA6C","0.0","0","0","0",,"0","0","Infinity","false","0","GOLGA6C","0","0.0"
,"0.0","0.0","0.0","0.0","0","0","true","IQCM","0.0","0","0","0","0","0","0","Infinity","false","0","IQCM","0","0.0"
,"0.0","0.0","0.0","0.0","0","0","true","RASEF","0.0","0","0","0","0","0","0","Infinity","false","0","RASEF","0","0.0"
,"0.0","0.0","0.0","0.0","0","0","true","ARID5B","0.0","0","0","0","0","0","0","Infinity","false","0","ARID5B","0","0.0"
,"0.0","0.0","0.0","0.0","0","0","true","DSG2","0.0","0","0","0","0","0","0","Infinity","false","0","DSG2","0","0.0"
"13","2.696969696969697","0.5274621212121212","0.3707865168539326","0.10714285714285714","8","4","false","TRMT1","2.625","0","8","0","0","0","0","0.8303030303030303","false","0","TRMT1","752","0.2125"
,"0.0","0.0","0.0","0.0","0","0","true","AHRR","0.0","0","0","0","0","0","0","Infinity","false","0","AHRR","0","0.0"
,"0.0","0.0","0.0","0.0","0","0","true","OR51A2","0.0","0","0","0","0","0","0","Infinity","false","0","OR51A2","0","0.0"
,"0.0","0.0","0.0","0.0","0","0","true","REEP4","0.0","0","0","0","0","0","0","Infinity","false","0","REEP4","0","0.0"
"10","4.0131578947368425","0.01584795321637427","0.24918032786885244","0.3333333333333333","3","8","false","RAD54B","3.3333333333333335","0","3",,"0","0","0","0.7260765550239234","false","0","RAD54B","144","0.5"
,"0.0","0.0","0.0","0.0","0","0","true","MYT1","0.0","0","0",,"0","0","0","Infinity","false","0","MYT1","0","0.0"
"13","3.9393939393939394","0.0","0.25384615384615383","1.0","2","6","false","GID4","8.0","0","2","0","0","0","0","0.706060606060606","false","0","GID4","0","0.8"
,"0.0","0.0","0.0","0.0","0","0","true","EPB41L5","0.0","0","0","0","0","0","0","Infinity","false","0","EPB41L5","0","0.0"
,"0.0","0.0","0.0","0.0","0","0","true","ZNF829","0.0","0","0","0","0","0","0","Infinity","false","0","ZNF829","0","0.0"
,"0.0","0.0","0.0","0.0","0","0","true","ARMC2","0.0","0","0","0","0","0","0","Infinity","false","0","ARMC2","0","0.0"
,"0.0","0.0","0.0","0.0","0","0","true","ACOT4","0.0","0","0",,"0","0","0","Infinity","false","0","ACOT4","0","0.0"
,"0.0","0.0","0.0","0.0","0","0","true","HSP90AA2P","0.0","0","0",,"0","0","0","Infinity","false","0","HSP90AA2P","0","0.0"
"15","1.0","0.16666666666666666","1.0","0.6666666666666666","3","1","false","TAF4B","2.3333333333333335","0","3","0","0","0","0","1.0","false","0","TAF4B","2","0.7777777777777778"
"10","4.394736842105263","0.025614035087719297","0.22754491017964074","0.6666666666666666","4","7","false","","4.0","0","4","0","0","0","0","0.6913875598086124","false","0","","492","0.5"
"10","4.131578947368421","0.14736842105263157","0.24203821656050956","0.5","4","9","false","ZNF165","5.25","0","4","0","0","0","0","0.715311004784689","false","0","ZNF165","2300","0.5"
,"0.0","0.0","0.0","0.0","0","0","true","UEVLD","0.0","0","0","0","0","0","0","Infinity","false","0","UEVLD","0","0.0"
"25","3.0476190476190474","0.0380952380952381","0.328125","0.0","2","5","false","CENPL","3.5","0","2","0","0","0","0","0.6587301587301587","false","0","CENPL","34","0.625"
,"0.0","0.0","0.0","0.0","0","0","true","LIG1","0.0","0","0","0","0","0","0","Infinity","false","0","LIG1","0","0.0"
,"0.0","0.0","0.0","0.0","0","0","true","TNFAIP3","0.0","0","0","0","0","0","0","Infinity","false","0","TNFAIP3","0","0.0"
,"0.0","0.0","0.0","0.0","0","0","true","CSF1R","0.0","0","0","1","1","1","0","Infinity","false","0","CSF1R","0","0.0"
,"0.0","0.0","0.0","0.0","0","0","true","ABCC11","0.0","0","0",,"0","0","0","Infinity","false","0","ABCC11","0","0.0"
,"0.0","0.0","0.0","0.0","0","0","true","PCCA","0.0","0","0","0","0","0","0","Infinity","false","0","PCCA","0","0.0"
"20","1.0","0.0","1.0","1.0","2","1","false","PROS1","2.0","0","2","0","0","0","0","1.0","false","0","PROS1","0","1.0"
,"0.0","0.0","0.0","0.0","0","0","true","FBXO47","0.0","0","0",,"0","0","0","Infinity","false","0","FBXO47","0","0.0"
,"0.0","0.0","0.0","0.0","0","0","true","MRPS6","0.0","0","0","0","0","0","0","Infinity","false","0","MRPS6","0","0.0"
"13","3.606060606060606","0.0","0.2773109243697479","1.0","2","5","false","CKMT1B","6.5","0","2","0","0","0","0","0.7393939393939395","false","0","CKMT1B","0","0.7222222222222222"
"25","3.5238095238095237","0.014285714285714287","0.28378378378378377","0.0","2","6","false","KCNA5","3.0","0","2","0","0","0","0","0.5793650793650794","false","0","KCNA5","6","0.5"
,"0.0","0.0","0.0","0.0","0","0","true","FBF1","0.0","0","0",,"0","0","0","Infinity","false","0","FBF1","0","0.0"
"24","3.4","0.04126984126984127","0.29411764705882354","0.0","2","6","false","KIR3DL1","3.0","0","2",,"0","0","0","0.6","false","0","KIR3DL1","28","0.6666666666666666"
,"0.0","0.0","0.0","0.0","0","0","true","WEE2","0.0","0","0",,"0","0","0","Infinity","false","0","WEE2","0","0.0"
,"0.0","0.0","0.0","0.0","0","0","true","ZNF485","0.0","0","0","0","0","0","0","Infinity","false","0","ZNF485","0","0.0"
,"0.0","0.0","0.0","0.0","0","0","true","IGHV4-38-2","0.0","0","0","0",,"0","0","Infinity","false","0","IGHV4-38-2","0","0.0"
,"0.0","0.0","0.0","0.0","0","0","true","MVD","0.0","0","0","0","0","0","0","Infinity","false","0","MVD","0","0.0"
,"0.0","0.0","0.0","0.0","0","0","true","TRIP10","0.0","0","0","0","0","0","0","Infinity","false","0","TRIP10","0","0.0"
"27","1.3333333333333333","0.16666666666666666","0.75","0.0","2","2","false","TTC39B","2.0","0","2","0","0","0","0","0.8333333333333334","false","0","TTC39B","2","1.0"
,"0.0","0.0","0.0","0.0","0","0","true","INPP5E","0.0","0","0","0","0","0","0","Infinity","false","0","INPP5E","0","0.0"
,"0.0","0.0","0.0","0.0","0","0","true","CFHR2","0.0","0","0",,"0","0","0","Infinity","false","0","CFHR2","0","0.0"
"24","3.2666666666666666","0.09365079365079368","0.30612244897959184","0.0","3","6","false","UVSSA","2.6666666666666665","0","3","0","0","0","0","0.6222222222222222","false","0","UVSSA","60","0.5555555555555556"
,"0.0","0.0","0.0","0.0","0","0","true","MRTFA","0.0","0","0","0","0","0","0","Infinity","false","0","MRTFA","0","0.0"
,"0.0","0.0","0.0","0.0","0","0","true","POC1B","0.0","0","0","0","0","0","0","Infinity","false","0","POC1B","0","0.0"
,"0.0","0.0","0.0","0.0","0","0","true","SMTNL1","0.0","0","0","0",,"0","0","Infinity","false","0","SMTNL1","0","0.0"
,"0.0","0.0","0.0","0.0","0","0","true","NEIL3","0.0","0","0","0","0","0","0","Infinity","false","0","NEIL3","0","0.0"
,"0.0","0.0","0.0","0.0","0","0","true","MEIS3P2","0.0","0","0","0","0","0","0","Infinity","false","0","MEIS3P2","0","0.0"
,"0.0","0.0","0.0","0.0","0","0","true","FOXI1","0.0","0","0","0","0","0","0","Infinity","false","0","FOXI1","0","0.0"
,"0.0","0.0","0.0","0.0","0","0","true","KLF3","0.0","0","0","0","0","0","0","Infinity","false","0","KLF3","0","0.0"
"16","1.0","0.16666666666666666","1.0","0.6666666666666666","3","1","false","KRTAP8-1","2.3333333333333335","0","3","0","0","0","0","1.0","false","0","KRTAP8-1","2","0.7777777777777778"
,"0.0","0.0","0.0","0.0","0","0","true","ZNF570","0.0","0","0","0","0","0","0","Infinity","false","0","ZNF570","0","0.0"
,"0.0","0.0","0.0","0.0","0","0","true","TOM1L1","0.0","0","0","0",,"0","0","Infinity","false","0","TOM1L1","0","0.0"
,"0.0","0.0","0.0","0.0","0","0","true","SYT14P1","0.0","0","0",,"0","0","0","Infinity","false","0","SYT14P1","0","0.0"
"7","1.3333333333333333","0.16666666666666666","0.75","0.3333333333333333","4","2","false","BCL9","3.25","0","4","0","0","0","0","0.9333333333333333","false","0","BCL9","8","0.6"
,"0.0","0.0","0.0","0.0","0","0","true","TRIM38","0.0","0","0","0","0","0","0","Infinity","false","0","TRIM38","0","0.0"
,"0.0","0.0","0.0","0.0","0","0","true","AMZ2","0.0","0","0",,"0","0","0","Infinity","false","0","AMZ2","0","0.0"
"26","4.090909090909091","0.04329004329004329","0.24444444444444444","0.0","2","7","false","KIAA1217","2.5","0","2","0","0","0","0","0.38181818181818183","false","0","KIAA1217","48","0.75"
,"0.0","0.0","0.0","0.0","0","0","true","C1QL1","0.0","0","0","0",,"0","0","Infinity","false","0","C1QL1","0","0.0"
"9","1.6666666666666667","0.013333333333333334","0.6","0.0","2","2","false","ERICH6","5.0","0","2","0","0","0","0","0.8666666666666666","false","0","ERICH6","2","1.0"
"10","4.2368421052631575","0.0269874686716792","0.23602484472049692","0.0","3","9","false","DLST","3.0","0","3","0","0","0","0","0.7057416267942584","false","0","DLST","326","0.3333333333333333"
,"0.0","0.0","0.0","0.0","0","0","true","DDIAS","0.0","0","0",,"0","0","0","Infinity","false","0","DDIAS","0","0.0"
"15","1.3333333333333333","0.0","0.75","1.0","2","2","false","H2BC18","3.0","0","2","0","0","0","0","0.888888888888889","false","0","H2BC18","0","1.0"
"10","3.1447368421052633","0.2832573099415204","0.3179916317991632","0.16666666666666666","4","6","false","RTCB","5.75","0","4","0","0","0","0","0.805023923444976","false","0","RTCB","5550","0.27631578947368424"
,"0.0","0.0","0.0","0.0","0","0","true","BPIFC","0.0","0","0",,"0","0","0","Infinity","false","0","BPIFC","0","0.0"
,"0.0","0.0","0.0","0.0","0","0","true","PDPK1","0.0","0","0","0","0","0","0","Infinity","false","0","PDPK1","0","0.0"
,"0.0","0.0","0.0","0.0","0","0","true","PPFIA4","0.0","0","0","0",,"0","0","Infinity","false","0","PPFIA4","0","0.0"
"20","1.0","0.0","1.0","1.0","2","1","false","PPP2R3C","2.0","0","2","0","0","0","0","1.0","false","0","PPP2R3C","0","1.0"
,"0.0","0.0","0.0","0.0","0","0","true","ESCO1","0.0","0","0","0","0","0","0","Infinity","false","0","ESCO1","0","0.0"
,"0.0","0.0","0.0","0.0","0","0","true","PAM","0.0","0","0","0","0","0","0","Infinity","false","0","PAM","0","0.0"
,"0.0","0.0","0.0","0.0","0","0","true","KAZN","0.0","0","0","0","0","0","0","Infinity","false","0","KAZN","0","0.0"
,"0.0","0.0","0.0","0.0","0","0","true","NAA11","0.0","0","0","0","0","0","0","Infinity","false","0","NAA11","0","0.0"
"13","3.9393939393939394","0.0","0.25384615384615383","1.0","2","6","false","MAPK11","8.0","0","2",,"0","0","0","0.706060606060606","false","0","MAPK11","0","0.8"
,"0.0","0.0","0.0","0.0","0","0","true","UBTFL6","0.0","0","0","0","0","0","0","Infinity","false","0","UBTFL6","0","0.0"
"24","2.533333333333333","0.48571428571428577","0.39473684210526316","0.16666666666666666","4","5","false","PLA2G2D","2.75","0","4","0","0","0","0","0.7444444444444445","false","0","PLA2G2D","186","0.45"
,"0.0","0.0","0.0","0.0","0","0","true","PAH","0.0","0","0","0",,"0","0","Infinity","false","0","PAH","0","0.0"
,"0.0","0.0","0.0","0.0","0","0","true","UNC45A","0.0","0","0","0","0","0","0","Infinity","false","0","UNC45A","0","0.0"
,"0.0","0.0","0.0","0.0","0","0","true","PJVK","0.0","0","0","0","0","0","0","Infinity","false","0","PJVK","0","0.0"
"9","1.6666666666666667","0.013333333333333334","0.6","0.0","2","2","false","CARD8","5.0","0","2",,"0","0","0","0.8666666666666666","false","0","CARD8","2","1.0"
,"0.0","0.0","0.0","0.0","0","0","true","GAL3ST3","0.0","0","0",,"0","0","0","Infinity","false","0","GAL3ST3","0","0.0"
,"0.0","0.0","0.0","0.0","0","0","true","ATXN7L1","0.0","0","0","0","0","0","0","Infinity","false","0","ATXN7L1","0","0.0"
,"0.0","0.0","0.0","0.0","0","0","true","PDIA3","0.0","0","0","0","0","0","0","Infinity","false","0","PDIA3","0","0.0"
,"0.0","0.0","0.0","0.0","0","0","true","LPCAT1","0.0","0","0",,"0","0","0","Infinity","false","0","LPCAT1","0","0.0"
"23","1.0","0.0","1.0","1.0","2","1","false","KCNK10","2.0","0","2","0","0","0","0","1.0","false","0","KCNK10","0","1.0"
"13","3.515151515151515","0.03503787878787879","0.28448275862068967","0.3","5","5","false","NKAIN1","3.2","0","5","0","0","0","0","0.7484848484848484","false","0","NKAIN1","78","0.375"
"10","4.355263157894737","0.051929824561403506","0.22960725075528698","0.3333333333333333","3","9","false","USP35","4.0","0","3",,"0","0","0","0.6949760765550239","false","0","USP35","628","0.4074074074074074"
,"0.0","0.0","0.0","0.0","0","0","true","DOK5","0.0","0","0","0","0","0","0","Infinity","false","0","DOK5","0","0.0"
,"0.0","0.0","0.0","0.0","0","0","true","ZNF175","0.0","0","0",,"0","0","0","Infinity","false","0","ZNF175","0","0.0"
,"0.0","0.0","0.0","0.0","0","0","true","ANKRD20A8P","0.0","0","0",,"0","0","0","Infinity","false","0","ANKRD20A8P","0","0.0"
,"0.0","0.0","0.0","0.0","0","0","true","ACTL6B","0.0","0","0","0","0","0","0","Infinity","false","0","ACTL6B","0","0.0"
"10","3.9342105263157894","0.0036842105263157894","0.25418060200668896","0.0","2","7","false","CGAS","5.0","0","2","0","0","0","0","0.7332535885167464","false","0","CGAS","82","0.5714285714285714"
,"0.0","0.0","0.0","0.0","0","0","true","CEACAM6","0.0","0","0","0","0","0","0","Infinity","false","0","CEACAM6","0","0.0"
,"0.0","0.0","0.0","0.0","0","0","true","UBTFL1","0.0","0","0","0","0","0","0","Infinity","false","0","UBTFL1","0","0.0"
,"0.0","0.0","0.0","0.0","0","0","true","CNTF","0.0","0","0","0","0","0","0","Infinity","false","0","CNTF","0","0.0"
"13","3.909090909090909","6.313131313131313E-4","0.2558139534883721","0.6666666666666666","3","6","false","FAM20A","6.0","0","3","0","0","0","0","0.7090909090909091","false","0","FAM20A","2","0.6"
,"0.0","0.0","0.0","0.0","0","0","true","NCOR2","0.0","0","0","0","0","0","0","Infinity","false","0","NCOR2","0","0.0"
,"0.0","0.0","0.0","0.0","0","0","true","OR7G2","0.0","0","0",,"0","0","0","Infinity","false","0","OR7G2","0","0.0"
,"0.0","0.0","0.0","0.0","0","0","true","RTN1","0.0","0","0",,"0","0","0","Infinity","false","0","RTN1","0","0.0"
,"0.0","0.0","0.0","0.0","0","0","true","NOSTRIN","0.0","0","0",,"0","0","0","Infinity","false","0","NOSTRIN","0","0.0"
,"0.0","0.0","0.0","0.0","0","0","true","TYROBP","0.0","0","0","0","0","0","0","Infinity","false","0","TYROBP","0","0.0"
,"0.0","0.0","0.0","0.0","0","0","true","C1orf43","0.0","0","0","0","0","0","0","Infinity","false","0","C1orf43","0","0.0"
,"0.0","0.0","0.0","0.0","0","0","true","DYNLRB2","0.0","0","0","0","0","0","0","Infinity","false","0","DYNLRB2","0","0.0"
,"0.0","0.0","0.0","0.0","0","0","true","WDR45B","0.0","0","0","0","0","0","0","Infinity","false","0","WDR45B","0","0.0"
,"0.0","0.0","0.0","0.0","0","0","true","TRNT1","0.0","0","0","0","0","0","0","Infinity","false","0","TRNT1","0","0.0"
,"0.0","0.0","0.0","0.0","0","0","true","CLCN6","0.0","0","0",,"0","0","0","Infinity","false","0","CLCN6","0","0.0"
,"0.0","0.0","0.0","0.0","0","0","true","HDHD5","0.0","0","0",,"0","0","0","Infinity","false","0","HDHD5","0","0.0"
"9","1.1666666666666667","0.3","0.8571428571428571","0.1","5","2","false","ARHGAP44","2.4","0","5","0","0","0","0","0.9666666666666666","false","0","ARHGAP44","18","0.6"
,"0.0","0.0","0.0","0.0","0","0","true","ICE2","0.0","0","0","0","0","0","0","Infinity","false","0","ICE2","0","0.0"
,"0.0","0.0","0.0","0.0","0","0","true","RPAP2","0.0","0","0","0","0","0","0","Infinity","false","0","RPAP2","0","0.0"
"25","3.619047619047619","0.0","0.2763157894736842","1.0","2","6","false","ZNF547","4.5","0","2","0","0","0","0","0.5634920634920635","false","0","ZNF547","0","0.6428571428571429"
"10","5.973684210526316","0.0","0.16740088105726872","1.0","3","11","false","RPUSD1","5.333333333333333","0","3","0","0","0","0","0.5478468899521531","false","0","RPUSD1","0","0.8888888888888888"
,"0.0","0.0","0.0","0.0","0","0","true","TCP11L2","0.0","0","0",,"0","0","0","Infinity","false","0","TCP11L2","0","0.0"
"2","1.0","0.30128205128205127","1.0","0.3076923076923077","13","1","false","STOX2","4.6923076923076925","0","13","0","0","0","0","1.0","false","0","STOX2","108","0.3609467455621302"
,"0.0","0.0","0.0","0.0","0","0","true","SLC35B4","0.0","0","0","0","0","0","0","Infinity","false","0","SLC35B4","0","0.0"
,"0.0","0.0","0.0","0.0","0","0","true","DAPP1","0.0","0","0",,"0","0","0","Infinity","false","0","DAPP1","0","0.0"
,"0.0","0.0","0.0","0.0","0","0","true","ZSWIM7","0.0","0","0",,"0","0","0","Infinity","false","0","ZSWIM7","0","0.0"
,"0.0","0.0","0.0","0.0","0","0","true","RCOR2","0.0","0","0","0","0","0","0","Infinity","false","0","RCOR2","0","0.0"
"10","4.131578947368421","0.019615705931495406","0.24203821656050956","0.3333333333333333","3","8","false","RAB11FIP2","5.333333333333333","0","3","0","0","0","0","0.715311004784689","false","0","RAB11FIP2","320","0.45454545454545453"
,"0.0","0.0","0.0","0.0","0","0","true","PHF10","0.0","0","0","0","0","0","0","Infinity","false","0","PHF10","0","0.0"
"24","3.2","0.06190476190476191","0.3125","0.3333333333333333","3","6","false","HLA-DRB3","3.0","0","3",,"0","0","0","0.6333333333333333","false","0","HLA-DRB3","30","0.5333333333333333"
,"0.0","0.0","0.0","0.0","0","0","true","GSTP1","0.0","0","0","0","0","0","0","Infinity","false","0","GSTP1","0","0.0"
,"0.0","0.0","0.0","0.0","0","0","true","ELAVL2","0.0","0","0","0","0","0","0","Infinity","false","0","ELAVL2","0","0.0"
,"0.0","0.0","0.0","0.0","0","0","true","SREK1","0.0","0","0","0","0","0","0","Infinity","false","0","SREK1","0","0.0"
,"0.0","0.0","0.0","0.0","0","0","true","DNAJA2","0.0","0","0","0",,"0","0","Infinity","false","0","DNAJA2","0","0.0"
,"0.0","0.0","0.0","0.0","0","0","true","FCN2","0.0","0","0","0","0","0","0","Infinity","false","0","FCN2","0","0.0"
"10","5.75","0.0","0.17391304347826086","1.0","2","10","false","SLC9A8","3.0","0","2",,"0","0","0","0.5681818181818182","false","0","SLC9A8","0","0.75"
,"0.0","0.0","0.0","0.0","0","0","true","BMP4","0.0","0","0","0","0","0","0","Infinity","false","0","BMP4","0","0.0"
,"0.0","0.0","0.0","0.0","0","0","true","GCGR","0.0","0","0","0","0","0","0","Infinity","false","0","GCGR","0","0.0"
,"0.0","0.0","0.0","0.0","0","0","true","DSPP","0.0","0","0","0",,"0","0","Infinity","false","0","DSPP","0","0.0"
,"0.0","0.0","0.0","0.0","0","0","true","TAC3","0.0","0","0","0","0","0","0","Infinity","false","0","TAC3","0","0.0"
,"0.0","0.0","0.0","0.0","0","0","true","TSSK6","0.0","0","0","0",,"0","0","Infinity","false","0","TSSK6","0","0.0"
"2","1.8461538461538463","0.0","0.5416666666666666","1.0","2","2","false","CARF","13.0","0","2",,"0","0","0","0.9349112426035503","false","0","CARF","0","1.0"
"1","1.375","0.01607142857142857","0.7272727272727273","0.8","5","2","false","NEDD1","6.0","0","5","0","0","0","0","0.953125","false","0","NEDD1","4","0.75"
,"0.0","0.0","0.0","0.0","0","0","true","TFAP2A","0.0","0","0","0","0","0","0","Infinity","false","0","TFAP2A","0","0.0"
"6","2.111111111111111","0.0","0.47368421052631576","1.0","4","4","false","SLC48A1","4.25","0","4","0","0","0","0","0.7777777777777778","false","0","SLC48A1","0","0.85"
,"0.0","0.0","0.0","0.0","0","0","true","ACOX3","0.0","0","0","0",,"0","0","Infinity","false","0","ACOX3","0","0.0"
,"0.0","0.0","0.0","0.0","0","0","true","PTGER1","0.0","0","0",,"0","0","0","Infinity","false","0","PTGER1","0","0.0"
,"0.0","0.0","0.0","0.0","0","0","true","TRIT1","0.0","0","0","0","0","0","0","Infinity","false","0","TRIT1","0","0.0"
"17","1.0","0.0","1.0","1.0","2","1","false","FILIP1","2.0","0","2","0","0","0","0","1.0","false","0","FILIP1","0","1.0"
"10","6.5394736842105265","0.012982456140350877","0.1529175050301811","0.0","2","10","false","DAW1","4.0","0","2","0","0","0","0","0.49641148325358847","false","0","DAW1","766","0.6"
"6","1.5555555555555556","0.5694444444444444","0.6428571428571428","0.3333333333333333","4","2","false","ZNF638","3.5","0","4","0","0","0","0","0.888888888888889","false","0","ZNF638","52","0.40625"
"25","2.8095238095238093","0.2285714285714286","0.35593220338983056","0.0","2","5","false","CUX1","4.5","0","2","0","0","0","0","0.6984126984126985","false","0","CUX1","108","0.5"
,"0.0","0.0","0.0","0.0","0","0","true","CCDC71","0.0","0","0","0",,"0","0","Infinity","false","0","CCDC71","0","0.0"
,"0.0","0.0","0.0","0.0","0","0","true","ARHGAP11B","0.0","0","0","0","0","0","0","Infinity","false","0","ARHGAP11B","0","0.0"
,"0.0","0.0","0.0","0.0","0","0","true","PDGFD","0.0","0","0","0","0","0","0","Infinity","false","0","PDGFD","0","0.0"
,"0.0","0.0","0.0","0.0","0","0","true","ZNF358","0.0","0","0","0","0","0","0","Infinity","false","0","ZNF358","0","0.0"
,"0.0","0.0","0.0","0.0","0","0","true","RSBN1","0.0","0","0","0","0","0","0","Infinity","false","0","RSBN1","0","0.0"
"3","1.3333333333333333","0.02222222222222222","0.75","0.8333333333333334","4","2","false","NXPH1","4.5","0","4","0","0","0","0","0.9444444444444445","false","0","NXPH1","2","0.75"
,"0.0","0.0","0.0","0.0","0","0","true","FAM83H","0.0","0","0","0","0","0","0","Infinity","false","0","FAM83H","0","0.0"
,"0.0","0.0","0.0","0.0","0","0","true","INTS5","0.0","0","0","0","0","0","0","Infinity","false","0","INTS5","0","0.0"
"4","1.375","0.1254251700680272","0.7272727272727273","0.4","5","2","false","EDDM3A","4.2","0","5","0","0","0","0","0.9464285714285714","false","0","EDDM3A","18","0.525"
,"0.0","0.0","0.0","0.0","0","0","true","OR7A2P","0.0","0","0",,"0","0","0","Infinity","false","0","OR7A2P","0","0.0"
,"0.0","0.0","0.0","0.0","0","0","true","FANCI","0.0","0","0","0","0","0","0","Infinity","false","0","FANCI","0","0.0"
,"0.0","0.0","0.0","0.0","0","0","true","OR2A7","0.0","0","0","0","0","0","0","Infinity","false","0","OR2A7","0","0.0"
"2","1.8461538461538463","0.0","0.5416666666666666","1.0","2","2","false","MKRN4P","13.0","0","2",,"0","0","0","0.9349112426035503","false","0","MKRN4P","0","1.0"
,"0.0","0.0","0.0","0.0","0","0","true","ZNF839","0.0","0","0","0","0","0","0","Infinity","false","0","ZNF839","0","0.0"
,"0.0","0.0","0.0","0.0","0","0","true","DEFB4B","0.0","0","0","0",,"0","0","Infinity","false","0","DEFB4B","0","0.0"
"25","3.6666666666666665","0.0","0.27272727272727276","1.0","2","6","false","SULT1C3","4.0","0","2",,"0","0","0","0.5555555555555556","false","0","SULT1C3","0","0.8"
"10","3.8815789473684212","0.0","0.2576271186440678","1.0","2","7","false","SCML1","7.5","0","2",,"0","0","0","0.7380382775119617","false","0","SCML1","0","0.5769230769230769"
,"0.0","0.0","0.0","0.0","0","0","true","NRG1","0.0","0","0","0","0","0","0","Infinity","false","0","NRG1","0","0.0"
,"0.0","0.0","0.0","0.0","0","0","true","FAM237B","0.0","0","0","0","0","0","0","Infinity","false","0","FAM237B","0","0.0"
"7","1.3333333333333333","0.05555555555555555","0.75","0.6666666666666666","4","2","false","PAK4","4.0","0","4","0","0","0","0","0.9333333333333333","false","0","PAK4","4","0.6666666666666666"
,"0.0","0.0","0.0","0.0","0","0","true","PDX1","0.0","0","0","0","0","0","0","Infinity","false","0","PDX1","0","0.0"
,"0.0","0.0","0.0","0.0","0","0","true","MFSD10","0.0","0","0","0","0","0","0","Infinity","false","0","MFSD10","0","0.0"
,"0.0","0.0","0.0","0.0","0","0","true","OR10H4","0.0","0","0","0","0","0","0","Infinity","false","0","OR10H4","0","0.0"
,"0.0","0.0","0.0","0.0","0","0","true","OR6C2","0.0","0","0","0","0","0","0","Infinity","false","0","OR6C2","0","0.0"
,"0.0","0.0","0.0","0.0","0","0","true","TP63","0.0","0","0","0","0","0","0","Infinity","false","0","TP63","0","0.0"
"23","1.0","0.0","1.0","1.0","2","1","false","CROCC2","2.0","0","2","0","0","0","0","1.0","false","0","CROCC2","0","1.0"
"10","4.0131578947368425","0.0","0.24918032786885244","1.0","2","8","false","CALB2","8.5","0","2","0","0","0","0","0.7260765550239234","false","0","CALB2","0","0.7083333333333334"
"25","4.333333333333333","0.0","0.23076923076923078","1.0","2","7","false","C6orf118","3.0","0","2","0","0","0","0","0.4444444444444445","false","0","C6orf118","0","0.75"
,"0.0","0.0","0.0","0.0","0","0","true","DMRTA2","0.0","0","0",,"0","0","0","Infinity","false","0","DMRTA2","0","0.0"
,"0.0","0.0","0.0","0.0","0","0","true","GTF2A1","0.0","0","0","0",,"0","0","Infinity","false","0","GTF2A1","0","0.0"
"26","3.5454545454545454","0.0","0.28205128205128205","1.0","2","6","false","FAM166C","3.5","0","2","0",,"0","0","0.4909090909090909","false","0","FAM166C","0","0.7"
"10","5.0131578947368425","0.0","0.1994750656167979","1.0","3","9","false","DNAAF1","5.333333333333333","0","3",,"0","0","0","0.6351674641148325","false","0","DNAAF1","0","0.7619047619047619"
,"0.0","0.0","0.0","0.0","0","0","true","FN1","0.0","0","0","1","1","1","0","Infinity","false","0","FN1","0","0.0"
,"0.0","0.0","0.0","0.0","0","0","true","STON1","0.0","0","0",,"0","0","0","Infinity","false","0","STON1","0","0.0"
,"0.0","0.0","0.0","0.0","0","0","true","CTRB1","0.0","0","0",,"0","0","0","Infinity","false","0","CTRB1","0","0.0"
"6","1.5555555555555556","0.5555555555555556","0.6428571428571428","0.6","5","3","false","CGN","4.0","0","5","0","0","0","0","0.888888888888889","false","0","CGN","48","0.5428571428571428"
,"0.0","0.0","0.0","0.0","0","0","true","CDY1B","0.0","0","0",,"0","0","0","Infinity","false","0","CDY1B","0","0.0"
,"0.0","0.0","0.0","0.0","0","0","true","FAM234A","0.0","0","0","0","0","0","0","Infinity","false","0","FAM234A","0","0.0"
"25","3.6666666666666665","0.0","0.27272727272727276","1.0","2","6","false","TBCE","4.0","0","2",,"0","0","0","0.5555555555555556","false","0","TBCE","0","0.8"
"1","1.5","0.019047619047619046","0.6666666666666666","0.6666666666666666","4","2","false","CFAP100","6.0","0","4","0","0","0","0","0.9375","false","0","CFAP100","4","0.75"
,"0.0","0.0","0.0","0.0","0","0","true","RNF13","0.0","0","0","0","0","0","0","Infinity","false","0","RNF13","0","0.0"
,"0.0","0.0","0.0","0.0","0","0","true","GSX2","0.0","0","0",,"0","0","0","Infinity","false","0","GSX2","0","0.0"
,"0.0","0.0","0.0","0.0","0","0","true","CEP57L1","0.0","0","0","0","0","0","0","Infinity","false","0","CEP57L1","0","0.0"
,"0.0","0.0","0.0","0.0","0","0","true","ZMYM5","0.0","0","0","0","0","0","0","Infinity","false","0","ZMYM5","0","0.0"
,"0.0","0.0","0.0","0.0","0","0","true","IGLV1-50","0.0","0","0","0",,"0","0","Infinity","false","0","IGLV1-50","0","0.0"
"10","5.0131578947368425","0.0","0.1994750656167979","1.0","3","9","false","SCN3B","5.333333333333333","0","3","0","0","0","0","0.6351674641148325","false","0","SCN3B","0","0.7619047619047619"
,"0.0","0.0","0.0","0.0","0","0","true","ANKRD20A2P","0.0","0","0",,"0","0","0","Infinity","false","0","ANKRD20A2P","0","0.0"
,"0.0","0.0","0.0","0.0","0","0","true","TPX2","0.0","0","0",,"0","0","0","Infinity","false","0","TPX2","0","0.0"
,"0.0","0.0","0.0","0.0","0","0","true","WNT1","0.0","0","0","0","0","0","0","Infinity","false","0","WNT1","0","0.0"
,"0.0","0.0","0.0","0.0","0","0","true","CYP26B1","0.0","0","0",,"0","0","0","Infinity","false","0","CYP26B1","0","0.0"
"8","1.25","0.0","0.8","1.0","3","2","false","SRRM2","3.6666666666666665","0","3","0","0","0","0","0.9375","false","0","SRRM2","0","0.9166666666666666"
"26","4.136363636363637","0.10461760461760461","0.24175824175824173","0.3333333333333333","3","7","false","PRPF19","2.3333333333333335","0","3","0","0","0","0","0.3727272727272727","false","0","PRPF19","74","0.5"
,"0.0","0.0","0.0","0.0","0","0","true","ABCB9","0.0","0","0","0","0","0","0","Infinity","false","0","ABCB9","0","0.0"
"6","2.111111111111111","0.0","0.47368421052631576","1.0","4","4","false","REELD1","4.25","0","4","0",,"0","0","0.7777777777777778","false","0","REELD1","0","0.85"
"10","4.065789473684211","0.010292397660818712","0.2459546925566343","0.3333333333333333","3","7","false","N4BP2L2","4.333333333333333","0","3","0","0","0","0","0.7212918660287081","false","0","N4BP2L2","136","0.4444444444444444"
"16","1.0","0.16666666666666666","1.0","0.6666666666666666","3","1","false","DAZAP2","2.3333333333333335","0","3","0","0","0","0","1.0","false","0","DAZAP2","2","0.7777777777777778"
,"0.0","0.0","0.0","0.0","0","0","true","SCRT2","0.0","0","0",,"0","0","0","Infinity","false","0","SCRT2","0","0.0"
,"0.0","0.0","0.0","0.0","0","0","true","GOLGA6B","0.0","0","0","0","0","0","0","Infinity","false","0","GOLGA6B","0","0.0"
"24","3.0","0.0","0.3333333333333333","1.0","2","5","false","ST6GALNAC6","4.0","0","2","0","0","0","0","0.6666666666666666","false","0","ST6GALNAC6","0","0.6666666666666666"
"1","1.5","0.008928571428571428","0.6666666666666666","0.8333333333333334","4","2","false","KCNA7","5.75","0","4","0","0","0","0","0.9375","false","0","KCNA7","2","0.71875"
,"0.0","0.0","0.0","0.0","0","0","true","TRAV6","0.0","0","0","0","0","0","0","Infinity","false","0","TRAV6","0","0.0"
,"0.0","0.0","0.0","0.0","0","0","true","MARCHF7","0.0","0","0","0","0","0","0","Infinity","false","0","MARCHF7","0","0.0"
"4","1.125","0.3596938775510204","0.8888888888888888","0.2857142857142857","7","2","false","TMF1","3.2857142857142856","0","7","0","0","0","0","0.9821428571428571","false","0","TMF1","38","0.4489795918367347"
,"0.0","0.0","0.0","0.0","0","0","true","ALX4","0.0","0","0",,"0","0","0","Infinity","false","0","ALX4","0","0.0"
"3","1.0","0.2222222222222222","1.0","0.5333333333333333","6","1","false","TPR","3.6666666666666665","0","6","0",,"0","0","1.0","false","0","TPR","14","0.6111111111111112"
,"0.0","0.0","0.0","0.0","0","0","true","HNRNPDL","0.0","0","0","0","0","0","0","Infinity","false","0","HNRNPDL","0","0.0"
,"0.0","0.0","0.0","0.0","0","0","true","TRPC4AP","0.0","0","0","0","0","0","0","Infinity","false","0","TRPC4AP","0","0.0"
,"0.0","0.0","0.0","0.0","0","0","true","IGHV1-69D","0.0","0","0","0","0","0","0","Infinity","false","0","IGHV1-69D","0","0.0"
,"0.0","0.0","0.0","0.0","0","0","true","TRMU","0.0","0","0","0","0","0","0","Infinity","false","0","TRMU","0","0.0"
,"0.0","0.0","0.0","0.0","0","0","true","WNT7A","0.0","0","0","0","0","0","0","Infinity","false","0","WNT7A","0","0.0"
,"0.0","0.0","0.0","0.0","0","0","true","CSGALNACT2","0.0","0","0","0","0","0","0","Infinity","false","0","CSGALNACT2","0","0.0"
,"0.0","0.0","0.0","0.0","0","0","true","NOCT","0.0","0","0","0","0","0","0","Infinity","false","0","NOCT","0","0.0"
,"0.0","0.0","0.0","0.0","0","0","true","CLEC4M","0.0","0","0","0","0","0","0","Infinity","false","0","CLEC4M","0","0.0"
"13","3.606060606060606","0.0","0.2773109243697479","1.0","2","5","false","ZNF449","6.5","0","2",,"0","0","0","0.7393939393939395","false","0","ZNF449","0","0.7222222222222222"
"7","1.5","0.0","0.6666666666666666","1.0","3","2","false","ATMIN","4.333333333333333","0","3","0","0","0","0","0.9","false","0","ATMIN","0","0.7222222222222222"
,"0.0","0.0","0.0","0.0","0","0","true","FAM219B","0.0","0","0","0","0","0","0","Infinity","false","0","FAM219B","0","0.0"
,"0.0","0.0","0.0","0.0","0","0","true","IGKV3D-11","0.0","0","0","0","0","0","0","Infinity","false","0","IGKV3D-11","0","0.0"
"26","3.272727272727273","0.11616161616161616","0.3055555555555555","0.5","4","6","false","ZNF48","3.25","0","4","0","0","0","0","0.5454545454545454","false","0","ZNF48","124","0.4642857142857143"
,"0.0","0.0","0.0","0.0","0","0","true","CERS4","0.0","0","0","0","0","0","0","Infinity","false","0","CERS4","0","0.0"
,"0.0","0.0","0.0","0.0","0","0","true","CCNE2","0.0","0","0","0","0","0","0","Infinity","false","0","CCNE2","0","0.0"
,"0.0","0.0","0.0","0.0","0","0","true","PRKCSH","0.0","0","0","0","0","0","0","Infinity","false","0","PRKCSH","0","0.0"
,"0.0","0.0","0.0","0.0","0","0","true","SLC25A13","0.0","0","0","0","0","0","0","Infinity","false","0","SLC25A13","0","0.0"
"1","1.375","0.017857142857142856","0.7272727272727273","0.8","5","2","false","RPL3","5.8","0","5","0","0","0","0","0.953125","false","0","RPL3","4","0.725"
"26","3.8636363636363638","0.12337662337662339","0.2588235294117647","0.0","2","6","false","PPP1R8","2.5","0","2",,"0","0","0","0.42727272727272725","false","0","PPP1R8","84","0.5"
,"0.0","0.0","0.0","0.0","0","0","true","IZUMO1","0.0","0","0",,"0","0","0","Infinity","false","0","IZUMO1","0","0.0"
,"0.0","0.0","0.0","0.0","0","0","true","ZNF716","0.0","0","0","0",,"0","0","Infinity","false","0","ZNF716","0","0.0"
,"0.0","0.0","0.0","0.0","0","0","true","KLK1","0.0","0","0","0","0","0","0","Infinity","false","0","KLK1","0","0.0"
,"0.0","0.0","0.0","0.0","0","0","true","GCA","0.0","0","0","0","0","0","0","Infinity","false","0","GCA","0","0.0"
,"0.0","0.0","0.0","0.0","0","0","true","RNF225","0.0","0","0","0",,"0","0","Infinity","false","0","RNF225","0","0.0"
,"0.0","0.0","0.0","0.0","0","0","true","MITD1","0.0","0","0","0","0","0","0","Infinity","false","0","MITD1","0","0.0"
,"0.0","0.0","0.0","0.0","0","0","true","ALDH18A1","0.0","0","0",,"0","0","0","Infinity","false","0","ALDH18A1","0","0.0"
"13","4.03030303030303","0.013257575757575758","0.2481203007518797","0.0","2","7","false","ATP2C2","5.0","0","2","0","0","0","0","0.696969696969697","false","0","ATP2C2","64","0.8"
"4","1.625","0.017006802721088433","0.6153846153846154","0.6666666666666666","3","2","false","TRAPPC14","5.0","0","3","0","0","0","0","0.9107142857142857","false","0","TRAPPC14","4","0.625"
,"0.0","0.0","0.0","0.0","0","0","true","ALDH9A1","0.0","0","0","0","0","0","0","Infinity","false","0","ALDH9A1","0","0.0"
"24","3.2","0.1142857142857143","0.3125","0.0","3","6","false","OR56A4","2.6666666666666665","0","3",,"0","0","0","0.6333333333333333","false","0","OR56A4","58","0.5555555555555556"
,"0.0","0.0","0.0","0.0","0","0","true","PDCL2","0.0","0","0",,"0","0","0","Infinity","false","0","PDCL2","0","0.0"
,"0.0","0.0","0.0","0.0","0","0","true","CCDC166","0.0","0","0","0","0","0","0","Infinity","false","0","CCDC166","0","0.0"
,"0.0","0.0","0.0","0.0","0","0","true","SP7","0.0","0","0",,"0","0","0","Infinity","false","0","SP7","0","0.0"
,"0.0","0.0","0.0","0.0","0","0","true","RGR","0.0","0","0","0","0","0","0","Infinity","false","0","RGR","0","0.0"
,"0.0","0.0","0.0","0.0","0","0","true","CORO1C","0.0","0","0","0","0","0","0","Infinity","false","0","CORO1C","0","0.0"
,"0.0","0.0","0.0","0.0","0","0","true","ABI1","0.0","0","0","0","0","0","0","Infinity","false","0","ABI1","0","0.0"
"24","3.2","0.06190476190476191","0.3125","0.3333333333333333","3","6","false","GTF2F1","3.0","0","3","0","0","0","0","0.6333333333333333","false","0","GTF2F1","30","0.5333333333333333"
,"0.0","0.0","0.0","0.0","0","0","true","NKX6-3","0.0","0","0","0","0","0","0","Infinity","false","0","NKX6-3","0","0.0"
,"0.0","0.0","0.0","0.0","0","0","true","RTL5","0.0","0","0","0","0","0","0","Infinity","false","0","RTL5","0","0.0"
,"0.0","0.0","0.0","0.0","0","0","true","AMDHD2","0.0","0","0",,"0","0","0","Infinity","false","0","AMDHD2","0","0.0"
,"0.0","0.0","0.0","0.0","0","0","true","FRZB","0.0","0","0",,"0","0","0","Infinity","false","0","FRZB","0","0.0"
,"0.0","0.0","0.0","0.0","0","0","true","TCP11X1","0.0","0","0","0","0","0","0","Infinity","false","0","TCP11X1","0","0.0"
,"0.0","0.0","0.0","0.0","0","0","true","RUFY2","0.0","0","0",,"0","0","0","Infinity","false","0","RUFY2","0","0.0"
,"0.0","0.0","0.0","0.0","0","0","true","LINC00208","0.0","0","0",,"0","0","0","Infinity","false","0","LINC00208","0","0.0"
"2","1.6923076923076923","0.0","0.5909090909090909","1.0","4","2","false","GPR141","10.75","0","4",,"0","0","0","0.9467455621301776","false","0","GPR141","0","0.8269230769230769"
,"0.0","0.0","0.0","0.0","0","0","true","PRAMEF27","0.0","0","0","0","0","0","0","Infinity","false","0","PRAMEF27","0","0.0"
"10","4.026315789473684","0.06468504594820386","0.24836601307189543","0.3333333333333333","3","8","false","ZSCAN22","6.0","0","3","0","0","0","0","0.7248803827751197","false","0","ZSCAN22","660","0.40476190476190477"
,"0.0","0.0","0.0","0.0","0","0","true","ZFAND5","0.0","0","0","0","0","0","0","Infinity","false","0","ZFAND5","0","0.0"
,"0.0","0.0","0.0","0.0","0","0","true","B3GAT1","0.0","0","0",,"0","0","0","Infinity","false","0","B3GAT1","0","0.0"
,"0.0","0.0","0.0","0.0","0","0","true","SLC26A3","0.0","0","0",,"0","0","0","Infinity","false","0","SLC26A3","0","0.0"
,"0.0","0.0","0.0","0.0","0","0","true","EFCAB13","0.0","0","0",,"0","0","0","Infinity","false","0","EFCAB13","0","0.0"
,"0.0","0.0","0.0","0.0","0","0","true","RAPGEF4","0.0","0","0",,"0","0","0","Infinity","false","0","RAPGEF4","0","0.0"
,"0.0","0.0","0.0","0.0","0","0","true","CD38","0.0","0","0",,"0","0","0","Infinity","false","0","CD38","0","0.0"
,"0.0","0.0","0.0","0.0","0","0","true","UBE2W","0.0","0","0","0","0","0","0","Infinity","false","0","UBE2W","0","0.0"
,"0.0","0.0","0.0","0.0","0","0","true","RIOK3","0.0","0","0","0","0","0","0","Infinity","false","0","RIOK3","0","0.0"
,"0.0","0.0","0.0","0.0","0","0","true","TM2D2","0.0","0","0",,"0","0","0","Infinity","false","0","TM2D2","0","0.0"
,"0.0","0.0","0.0","0.0","0","0","true","GPATCH2","0.0","0","0","0","0","0","0","Infinity","false","0","GPATCH2","0","0.0"
"25","2.380952380952381","0.49523809523809526","0.42","0.3333333333333333","3","4","false","SH3GLB1","4.666666666666667","0","3","0","0","0","0","0.7698412698412698","false","0","SH3GLB1","252","0.3939393939393939"
,"0.0","0.0","0.0","0.0","0","0","true","TMEM143","0.0","0","0","0","0","0","0","Infinity","false","0","TMEM143","0","0.0"
,"0.0","0.0","0.0","0.0","0","0","true","WDR13","0.0","0","0","0","0","0","0","Infinity","false","0","WDR13","0","0.0"
,"0.0","0.0","0.0","0.0","0","0","true","VWA1","0.0","0","0","0","0","0","0","Infinity","false","0","VWA1","0","0.0"
,"0.0","0.0","0.0","0.0","0","0","true","CLEC4A","0.0","0","0","0","0","0","0","Infinity","false","0","CLEC4A","0","0.0"
,"0.0","0.0","0.0","0.0","0","0","true","LMNTD1","0.0","0","0",,"0","0","0","Infinity","false","0","LMNTD1","0","0.0"
"22","1.0","0.0","1.0","1.0","2","1","false","REST","2.0","0","2","0","0","0","0","1.0","false","0","REST","0","1.0"
,"0.0","0.0","0.0","0.0","0","0","true","THBS4","0.0","0","0",,"0","0","0","Infinity","false","0","THBS4","0","0.0"
,"0.0","0.0","0.0","0.0","0","0","true","GOLGA6A","0.0","0","0",,"0","0","0","Infinity","false","0","GOLGA6A","0","0.0"
,"0.0","0.0","0.0","0.0","0","0","true","LPAR2","0.0","0","0","0","0","0","0","Infinity","false","0","LPAR2","0","0.0"
"10","3.8289473684210527","0.011649122807017544","0.2611683848797251","0.0","3","8","false","IL34","4.333333333333333","0","3","0","0","0","0","0.7428229665071769","false","0","IL34","182","0.4166666666666667"
"6","2.2222222222222223","0.0","0.44999999999999996","1.0","2","3","false","PSG11","4.0","0","2","0","0","0","0","0.7555555555555555","false","0","PSG11","0","0.8"
,"0.0","0.0","0.0","0.0","0","0","true","BMP2K","0.0","0","0","0","0","0","0","Infinity","false","0","BMP2K","0","0.0"
,"0.0","0.0","0.0","0.0","0","0","true","OR10A2","0.0","0","0","0","0","0","0","Infinity","false","0","OR10A2","0","0.0"
,"0.0","0.0","0.0","0.0","0","0","true","PSME3IP1","0.0","0","0",,"0","0","0","Infinity","false","0","PSME3IP1","0","0.0"
,"0.0","0.0","0.0","0.0","0","0","true","NCBP2","0.0","0","0","0","0","0","0","Infinity","false","0","NCBP2","0","0.0"
"10","3.8684210526315788","0.027343358395989982","0.2585034013605442","0.3333333333333333","3","8","false","PDK1","6.0","0","3","0","0","0","0","0.7392344497607656","false","0","PDK1","366","0.40476190476190477"
,"0.0","0.0","0.0","0.0","0","0","true","RNF112","0.0","0","0","0","0","0","0","Infinity","false","0","RNF112","0","0.0"
,"0.0","0.0","0.0","0.0","0","0","true","RGL2","0.0","0","0","0","0","0","0","Infinity","false","0","RGL2","0","0.0"
,"0.0","0.0","0.0","0.0","0","0","true","ANKRD36B","0.0","0","0","0","0","0","0","Infinity","false","0","ANKRD36B","0","0.0"
"13","3.696969696969697","0.09564393939393939","0.27049180327868855","0.0","2","6","false","PPP2CA","6.5","0","2","0","0","0","0","0.7303030303030302","false","0","PPP2CA","122","0.5"
"9","1.1666666666666667","0.3","0.8571428571428571","0.1","5","2","false","SMC1B","2.4","0","5","0","0","0","0","0.9666666666666666","false","0","SMC1B","18","0.6"
,"0.0","0.0","0.0","0.0","0","0","true","CXCR1","0.0","0","0",,"0","0","0","Infinity","false","0","CXCR1","0","0.0"
,"0.0","0.0","0.0","0.0","0","0","true","RCOR3","0.0","0","0","0","0","0","0","Infinity","false","0","RCOR3","0","0.0"
,"0.0","0.0","0.0","0.0","0","0","true","BECN2","0.0","0","0","0","0","0","0","Infinity","false","0","BECN2","0","0.0"
,"0.0","0.0","0.0","0.0","0","0","true","EFNA1","0.0","0","0","0","0","0","0","Infinity","false","0","EFNA1","0","0.0"
,"0.0","0.0","0.0","0.0","0","0","true","OR7D2","0.0","0","0","0","0","0","0","Infinity","false","0","OR7D2","0","0.0"
,"0.0","0.0","0.0","0.0","0","0","true","RFPL4AL1","0.0","0","0","0",,"0","0","Infinity","false","0","RFPL4AL1","0","0.0"
,"0.0","0.0","0.0","0.0","0","0","true","OR2A5","0.0","0","0","0","0","0","0","Infinity","false","0","OR2A5","0","0.0"
,"0.0","0.0","0.0","0.0","0","0","true","TMBIM1","0.0","0","0",,"0","0","0","Infinity","false","0","TMBIM1","0","0.0"
,"0.0","0.0","0.0","0.0","0","0","true","ZNF772","0.0","0","0","0","0","0","0","Infinity","false","0","ZNF772","0","0.0"
"24","3.933333333333333","0.004761904761904762","0.2542372881355932","0.0","2","7","false","LYG1","3.0","0","2","0","0","0","0","0.5111111111111112","false","0","LYG1","2","0.6666666666666666"
,"0.0","0.0","0.0","0.0","0","0","true","GARIN2","0.0","0","0",,"0","0","0","Infinity","false","0","GARIN2","0","0.0"
,"0.0","0.0","0.0","0.0","0","0","true","ZEB1","0.0","0","0","0","0","0","0","Infinity","false","0","ZEB1","0","0.0"
,"0.0","0.0","0.0","0.0","0","0","true","OR10T2","0.0","0","0",,"0","0","0","Infinity","false","0","OR10T2","0","0.0"
,"0.0","0.0","0.0","0.0","0","0","true","CFAP221","0.0","0","0",,"0","0","0","Infinity","false","0","CFAP221","0","0.0"
"13","3.393939393939394","0.11647727272727273","0.29464285714285715","0.0","2","5","false","ST8SIA4","5.0","0","2",,"0","0","0","0.7606060606060605","false","0","ST8SIA4","158","0.5"
,"0.0","0.0","0.0","0.0","0","0","true","UBXN11","0.0","0","0","0","0","0","0","Infinity","false","0","UBXN11","0","0.0"
,"0.0","0.0","0.0","0.0","0","0","true","MAGI3","0.0","0","0","0","0","0","0","Infinity","false","0","MAGI3","0","0.0"
,"0.0","0.0","0.0","0.0","0","0","true","JMY","0.0","0","0",,"0","0","0","Infinity","false","0","JMY","0","0.0"
"2","1.6923076923076923","0.0","0.5909090909090909","1.0","4","2","false","HOXD13","10.75","0","4","0","0","0","0","0.9467455621301776","false","0","HOXD13","0","0.8269230769230769"
,"0.0","0.0","0.0","0.0","0","0","true","SPATA2","0.0","0","0","0","0","0","0","Infinity","false","0","SPATA2","0","0.0"
"10","6.5394736842105265","0.012982456140350877","0.1529175050301811","0.0","2","10","false","SLC17A2","4.0","0","2","0","0","0","0","0.49641148325358847","false","0","SLC17A2","766","0.6"
,"0.0","0.0","0.0","0.0","0","0","true","FOXC1","0.0","0","0","0","0","0","0","Infinity","false","0","FOXC1","0","0.0"
,"0.0","0.0","0.0","0.0","0","0","true","ALDH6A1","0.0","0","0","0","0","0","0","Infinity","false","0","ALDH6A1","0","0.0"
,"0.0","0.0","0.0","0.0","0","0","true","KPNA6","0.0","0","0","0","0","0","0","Infinity","false","0","KPNA6","0","0.0"
,"0.0","0.0","0.0","0.0","0","0","true","IGLV8-61","0.0","0","0","0","0","0","0","Infinity","false","0","IGLV8-61","0","0.0"
,"0.0","0.0","0.0","0.0","0","0","true","OR2A4","0.0","0","0","0","0","0","0","Infinity","false","0","OR2A4","0","0.0"
,"0.0","0.0","0.0","0.0","0","0","true","EP400P1","0.0","0","0","0","0","0","0","Infinity","false","0","EP400P1","0","0.0"
"19","1.8333333333333333","0.05555555555555555","0.5454545454545455","0.0","2","3","false","SCAF4","3.0","0","2","0","0","0","0","0.7222222222222223","false","0","SCAF4","4","0.6666666666666666"
,"0.0","0.0","0.0","0.0","0","0","true","FAAP100","0.0","0","0",,"0","0","0","Infinity","false","0","FAAP100","0","0.0"
,"0.0","0.0","0.0","0.0","0","0","true","RRAD","0.0","0","0",,"0","0","0","Infinity","false","0","RRAD","0","0.0"
,"0.0","0.0","0.0","0.0","0","0","true","FYCO1","0.0","0","0",,"0","0","0","Infinity","false","0","FYCO1","0","0.0"
,"0.0","0.0","0.0","0.0","0","0","true","ATRX","0.0","0","0","0","0","0","0","Infinity","false","0","ATRX","0","0.0"
"13","4.090909090909091","0.07291666666666667","0.24444444444444444","0.3333333333333333","3","7","false","TSC22D2","2.3333333333333335","0","3","0","0","0","0","0.6909090909090909","false","0","TSC22D2","96","0.5"
,"0.0","0.0","0.0","0.0","0","0","true","MRNIP","0.0","0","0",,"0","0","0","Infinity","false","0","MRNIP","0","0.0"
"1","1.25","0.06845238095238095","0.8","0.6","6","2","false","RAMAC","5.333333333333333","0","6","0","0","0","0","0.96875","false","0","RAMAC","12","0.6666666666666666"
,"0.0","0.0","0.0","0.0","0","0","true","RAC3","0.0","0","0","0","0","0","0","Infinity","false","0","RAC3","0","0.0"
,"0.0","0.0","0.0","0.0","0","0","true","PCDHGA11","0.0","0","0","0","0","0","0","Infinity","false","0","PCDHGA11","0","0.0"
"10","3.0921052631578947","0.19996741854636593","0.32340425531914896","0.2","6","6","false","AICDA","5.666666666666667","0","6","0","0","0","0","0.8098086124401914","false","0","AICDA","3304","0.2391304347826087"
,"0.0","0.0","0.0","0.0","0","0","true","TNMD","0.0","0","0","0","0","0","0","Infinity","false","0","TNMD","0","0.0"
,"0.0","0.0","0.0","0.0","0","0","true","GLYATL1","0.0","0","0","0","0","0","0","Infinity","false","0","GLYATL1","0","0.0"
"19","1.5","0.18888888888888886","0.6666666666666666","0.3333333333333333","3","2","false","TMPPE","2.6666666666666665","0","3","0","0","0","0","0.8333333333333334","false","0","TMPPE","8","0.4666666666666667"
,"0.0","0.0","0.0","0.0","0","0","true","PRG2","0.0","0","0",,"0","0","0","Infinity","false","0","PRG2","0","0.0"
,"0.0","0.0","0.0","0.0","0","0","true","PEX14","0.0","0","0","0","0","0","0","Infinity","false","0","PEX14","0","0.0"
,"0.0","0.0","0.0","0.0","0","0","true","CXorf66","0.0","0","0",,"0","0","0","Infinity","false","0","CXorf66","0","0.0"
,"0.0","0.0","0.0","0.0","0","0","true","DDX52","0.0","0","0","0","0","0","0","Infinity","false","0","DDX52","0","0.0"
,"0.0","0.0","0.0","0.0","0","0","true","AP1B1","0.0","0","0","0","0","0","0","Infinity","false","0","AP1B1","0","0.0"
,"0.0","0.0","0.0","0.0","0","0","true","ZNF454","0.0","0","0","0","0","0","0","Infinity","false","0","ZNF454","0","0.0"
,"0.0","0.0","0.0","0.0","0","0","true","DBR1","0.0","0","0","0","0","0","0","Infinity","false","0","DBR1","0","0.0"
,"0.0","0.0","0.0","0.0","0","0","true","ZBTB48","0.0","0","0","0","0","0","0","Infinity","false","0","ZBTB48","0","0.0"
,"0.0","0.0","0.0","0.0","0","0","true","PPP4R2","0.0","0","0",,"0","0","0","Infinity","false","0","PPP4R2","0","0.0"
"10","5.578947368421052","0.0783625730994152","0.17924528301886794","0.0","6","9","false","MYH16","2.3333333333333335","0","6","0","0","0","0","0.583732057416268","false","0","MYH16","3078","0.4444444444444444"
,"0.0","0.0","0.0","0.0","0","0","true","ZNF213","0.0","0","0","0","0","0","0","Infinity","false","0","ZNF213","0","0.0"
"26","3.227272727272727","0.0","0.3098591549295775","1.0","2","5","false","EVX1","4.5","0","2","0",,"0","0","0.5545454545454546","false","0","EVX1","0","0.6428571428571429"
,"0.0","0.0","0.0","0.0","0","0","true","PARP3","0.0","0","0","0","0","0","0","Infinity","false","0","PARP3","0","0.0"
,"0.0","0.0","0.0","0.0","0","0","true","SINHCAF","0.0","0","0",,"0","0","0","Infinity","false","0","SINHCAF","0","0.0"
,"0.0","0.0","0.0","0.0","0","0","true","IGHV3-74","0.0","0","0","0",,"0","0","Infinity","false","0","IGHV3-74","0","0.0"
,"0.0","0.0","0.0","0.0","0","0","true","ZDHHC14","0.0","0","0","0","0","0","0","Infinity","false","0","ZDHHC14","0","0.0"
,"0.0","0.0","0.0","0.0","0","0","true","SARS1","0.0","0","0","0","0","0","0","Infinity","false","0","SARS1","0","0.0"
,"0.0","0.0","0.0","0.0","0","0","true","ESCO2","0.0","0","0","0","0","0","0","Infinity","false","0","ESCO2","0","0.0"
,"0.0","0.0","0.0","0.0","0","0","true","NR4A3","0.0","0","0",,"0","0","0","Infinity","false","0","NR4A3","0","0.0"
,"0.0","0.0","0.0","0.0","0","0","true","TLR4","0.0","0","0","0","0","0","0","Infinity","false","0","TLR4","0","0.0"
"7","1.3333333333333333","0.13333333333333333","0.75","0.5","4","2","false","ATXN7L2","3.5","0","4","0",,"0","0","0.9333333333333333","false","0","ATXN7L2","6","0.65"
,"0.0","0.0","0.0","0.0","0","0","true","SMAP2","0.0","0","0",,"0","0","0","Infinity","false","0","SMAP2","0","0.0"
,"0.0","0.0","0.0","0.0","0","0","true","IGKV3D-15","0.0","0","0","0",,"0","0","Infinity","false","0","IGKV3D-15","0","0.0"
"5","1.2","0.1","0.8333333333333334","0.6666666666666666","4","2","false","MYLK3","3.5","0","4","0","0","0","0","0.96","false","0","MYLK3","4","0.7"
"10","5.355263157894737","0.0","0.18673218673218672","1.0","3","8","false","SPZ1","3.6666666666666665","0","3",,"0","0","0","0.604066985645933","false","0","SPZ1","0","0.9166666666666666"
"10","4.118421052631579","0.03417042606516291","0.2428115015974441","0.4666666666666667","6","8","false","TRGV1","4.166666666666667","0","6","0","0","0","0","0.7165071770334929","false","0","TRGV1","646","0.4166666666666667"
,"0.0","0.0","0.0","0.0","0","0","true","FOXP1","0.0","0","0",,"0","0","0","Infinity","false","0","FOXP1","0","0.0"
,"0.0","0.0","0.0","0.0","0","0","true","PIGP","0.0","0","0","0","0","0","0","Infinity","false","0","PIGP","0","0.0"
"26","4.954545454545454","0.0021645021645021645","0.2018348623853211","0.0","2","8","false","TRIM36","2.0","0","2",,"0","0","0","0.20909090909090916","false","0","TRIM36","2","1.0"
,"0.0","0.0","0.0","0.0","0","0","true","PRICKLE3","0.0","0","0","0","0","0","0","Infinity","false","0","PRICKLE3","0","0.0"
,"0.0","0.0","0.0","0.0","0","0","true","SEMA4G","0.0","0","0",,"0","0","0","Infinity","false","0","SEMA4G","0","0.0"
,"0.0","0.0","0.0","0.0","0","0","true","ODAPH","0.0","0","0","0",,"0","0","Infinity","false","0","ODAPH","0","0.0"
,"0.0","0.0","0.0","0.0","0","0","true","SLC30A6","0.0","0","0","0","0","0","0","Infinity","false","0","SLC30A6","0","0.0"
,"0.0","0.0","0.0","0.0","0","0","true","IGHV4-59","0.0","0","0","0",,"0","0","Infinity","false","0","IGHV4-59","0","0.0"
,"0.0","0.0","0.0","0.0","0","0","true","SUZ12","0.0","0","0","0","0","0","0","Infinity","false","0","SUZ12","0","0.0"
,"0.0","0.0","0.0","0.0","0","0","true","SDCCAG8","0.0","0","0","0","0","0","0","Infinity","false","0","SDCCAG8","0","0.0"
,"0.0","0.0","0.0","0.0","0","0","true","SLITRK3","0.0","0","0","0",,"0","0","Infinity","false","0","SLITRK3","0","0.0"
,"0.0","0.0","0.0","0.0","0","0","true","PPP2CB","0.0","0","0","0","0","0","0","Infinity","false","0","PPP2CB","0","0.0"
,"0.0","0.0","0.0","0.0","0","0","true","NPIPB7","0.0","0","0","0",,"0","0","Infinity","false","0","NPIPB7","0","0.0"
,"0.0","0.0","0.0","0.0","0","0","true","SOCS2","0.0","0","0","0",,"0","0","Infinity","false","0","SOCS2","0","0.0"
,"0.0","0.0","0.0","0.0","0","0","true","LEFTY2","0.0","0","0","0",,"0","0","Infinity","false","0","LEFTY2","0","0.0"
,"0.0","0.0","0.0","0.0","0","0","true","PCDHB4","0.0","0","0",,"0","0","0","Infinity","false","0","PCDHB4","0","0.0"
,"0.0","0.0","0.0","0.0","0","0","true","SUV39H1","0.0","0","0","0","0","0","0","Infinity","false","0","SUV39H1","0","0.0"
"10","5.0131578947368425","0.03409356725146202","0.1994750656167979","0.4666666666666667","6","10","false","CCDC7","3.5","0","6","0","0","0","0","0.6351674641148325","false","0","CCDC7","706","0.5"
,"0.0","0.0","0.0","0.0","0","0","true","RDH16","0.0","0","0","0","0","0","0","Infinity","false","0","RDH16","0","0.0"
,"0.0","0.0","0.0","0.0","0","0","true","FUBP1","0.0","0","0","0","0","0","0","Infinity","false","0","FUBP1","0","0.0"
,"0.0","0.0","0.0","0.0","0","0","true","RRBP1","0.0","0","0","0","0","0","0","Infinity","false","0","RRBP1","0","0.0"
,"0.0","0.0","0.0","0.0","0","0","true","SPATA18","0.0","0","0","0","0","0","0","Infinity","false","0","SPATA18","0","0.0"
,"0.0","0.0","0.0","0.0","0","0","true","SNAPC3","0.0","0","0","0","0","0","0","Infinity","false","0","SNAPC3","0","0.0"
"24","2.8","0.07936507936507937","0.35714285714285715","0.0","2","5","false","NPBWR2","4.5","0","2","0","0","0","0","0.7000000000000001","false","0","NPBWR2","48","0.5833333333333334"
"4","1.625","0.014030612244897957","0.6153846153846154","0.6666666666666666","3","2","false","ZNF350","5.333333333333333","0","3","0","0","0","0","0.9107142857142857","false","0","ZNF350","4","0.6666666666666666"
"13","3.878787878787879","0.08712121212121213","0.2578125","0.0","2","6","false","STK39","2.5","0","2","0","0","0","0","0.7121212121212122","false","0","STK39","118","0.5"
,"0.0","0.0","0.0","0.0","0","0","true","B3GNT3","0.0","0","0","0","0","0","0","Infinity","false","0","B3GNT3","0","0.0"
,"0.0","0.0","0.0","0.0","0","0","true","LRRC71","0.0","0","0",,"0","0","0","Infinity","false","0","LRRC71","0","0.0"
"23","1.0","0.0","1.0","1.0","2","1","false","UPK1A","2.0","0","2","0","0","0","0","1.0","false","0","UPK1A","0","1.0"
,"0.0","0.0","0.0","0.0","0","0","true","TLCD3B","0.0","0","0","0","0","0","0","Infinity","false","0","TLCD3B","0","0.0"
,"0.0","0.0","0.0","0.0","0","0","true","TFCP2","0.0","0","0","0","0","0","0","Infinity","false","0","TFCP2","0","0.0"
,"0.0","0.0","0.0","0.0","0","0","true","PALS1","0.0","0","0",,"0","0","0","Infinity","false","0","PALS1","0","0.0"
,"0.0","0.0","0.0","0.0","0","0","true","ZBTB18","0.0","0","0",,"0","0","0","Infinity","false","0","ZBTB18","0","0.0"
,"0.0","0.0","0.0","0.0","0","0","true","CLDN12","0.0","0","0","0","0","0","0","Infinity","false","0","CLDN12","0","0.0"
,"0.0","0.0","0.0","0.0","0","0","true","TRIM17","0.0","0","0","0","0","0","0","Infinity","false","0","TRIM17","0","0.0"
"13","4.0","0.013257575757575758","0.25","0.6666666666666666","3","7","false","SYT9","4.666666666666667","0","3","0","0","0","0","0.7","false","0","SYT9","64","0.6666666666666666"
,"0.0","0.0","0.0","0.0","0","0","true","C5orf52","0.0","0","0","0",,"0","0","Infinity","false","0","C5orf52","0","0.0"
"11","1.25","0.16666666666666666","0.8","0.3333333333333333","3","2","false","SAMD11","2.6666666666666665","0","3","0","0","0","0","0.9166666666666666","false","0","SAMD11","4","0.7777777777777778"
,"0.0","0.0","0.0","0.0","0","0","true","NBPF4","0.0","0","0","0","0","0","0","Infinity","false","0","NBPF4","0","0.0"
,"0.0","0.0","0.0","0.0","0","0","true","TACC1","0.0","0","0","0","0","0","0","Infinity","false","0","TACC1","0","0.0"
,"0.0","0.0","0.0","0.0","0","0","true","PPP1R13B","0.0","0","0","0","0","0","0","Infinity","false","0","PPP1R13B","0","0.0"
"7","1.6666666666666667","0.0","0.6","1.0","2","2","false","MYOCD","4.5","0","2","0",,"0","0","0.8666666666666666","false","0","MYOCD","0","0.75"
"11","1.5","0.05555555555555555","0.6666666666666666","0.0","2","2","false","TRGV5","3.0","0","2","0","0","0","0","0.8333333333333334","false","0","TRGV5","2","1.0"
,"0.0","0.0","0.0","0.0","0","0","true","AQP7","0.0","0","0","0",,"0","0","Infinity","false","0","AQP7","0","0.0"
,"0.0","0.0","0.0","0.0","0","0","true","ZSCAN5C","0.0","0","0","0",,"0","0","Infinity","false","0","ZSCAN5C","0","0.0"
,"0.0","0.0","0.0","0.0","0","0","true","CXCR3","0.0","0","0",,"0","0","0","Infinity","false","0","CXCR3","0","0.0"
,"0.0","0.0","0.0","0.0","0","0","true","PIPOX","0.0","0","0","0","0","0","0","Infinity","false","0","PIPOX","0","0.0"
"10","5.355263157894737","0.0","0.18673218673218672","1.0","3","8","false","TRAF3IP1","3.6666666666666665","0","3","0","0","0","0","0.604066985645933","false","0","TRAF3IP1","0","0.9166666666666666"
"10","4.381578947368421","0.0","0.22822822822822822","1.0","2","8","false","MAGEB6B","7.0","0","2","0","0","0","0","0.6925837320574163","false","0","MAGEB6B","0","0.7"
,"0.0","0.0","0.0","0.0","0","0","true","PSD2","0.0","0","0","0","0","0","0","Infinity","false","0","PSD2","0","0.0"
,"0.0","0.0","0.0","0.0","0","0","true","ASB2","0.0","0","0",,"0","0","0","Infinity","false","0","ASB2","0","0.0"
,"0.0","0.0","0.0","0.0","0","0","true","ZZZ3","0.0","0","0","0","0","0","0","Infinity","false","0","ZZZ3","0","0.0"
"1","1.25","0.0863095238095238","0.8","0.5333333333333333","6","2","false","TIMP4","5.166666666666667","0","6","0","0","0","0","0.96875","false","0","TIMP4","14","0.6458333333333334"
,"0.0","0.0","0.0","0.0","0","0","true","KLHL35","0.0","0","0",,"0","0","0","Infinity","false","0","KLHL35","0","0.0"
,"0.0","0.0","0.0","0.0","0","0","true","IQCF5","0.0","0","0","0",,"0","0","Infinity","false","0","IQCF5","0","0.0"
,"0.0","0.0","0.0","0.0","0","0","true","SYNJ2","0.0","0","0","0","0","0","0","Infinity","false","0","SYNJ2","0","0.0"
,"0.0","0.0","0.0","0.0","0","0","true","COA7","0.0","0","0","0","0","0","0","Infinity","false","0","COA7","0","0.0"
"12","1.0","0.16666666666666666","1.0","0.6666666666666666","3","1","false","PPWD1","2.3333333333333335","0","3","0","0","0","0","1.0","false","0","PPWD1","2","0.7777777777777778"
,"0.0","0.0","0.0","0.0","0","0","true","SLC50A1","0.0","0","0","0","0","0","0","Infinity","false","0","SLC50A1","0","0.0"
,"0.0","0.0","0.0","0.0","0","0","true","KRTAP9-2","0.0","0","0","0","0","0","0","Infinity","false","0","KRTAP9-2","0","0.0"
,"0.0","0.0","0.0","0.0","0","0","true","ZNF280D","0.0","0","0",,"0","0","0","Infinity","false","0","ZNF280D","0","0.0"
"10","3.710526315789474","0.0","0.2695035460992908","1.0","2","8","false","CADM4","10.0","0","2",,"0","0","0","0.7535885167464115","false","0","CADM4","0","0.6666666666666666"
,"0.0","0.0","0.0","0.0","0","0","true","RUBCN","0.0","0","0","0","0","0","0","Infinity","false","0","RUBCN","0","0.0"
,"0.0","0.0","0.0","0.0","0","0","true","SH2D7","0.0","0","0","0","0","0","0","Infinity","false","0","SH2D7","0","0.0"
,"0.0","0.0","0.0","0.0","0","0","true","ESRP2","0.0","0","0","0","0","0","0","Infinity","false","0","ESRP2","0","0.0"
,"0.0","0.0","0.0","0.0","0","0","true","RAPGEFL1","0.0","0","0","0","0","0","0","Infinity","false","0","RAPGEFL1","0","0.0"
,"0.0","0.0","0.0","0.0","0","0","true","NDUFAF6","0.0","0","0","0","0","0","0","Infinity","false","0","NDUFAF6","0","0.0"
,"0.0","0.0","0.0","0.0","0","0","true","SLC25A11","0.0","0","0","0","0","0","0","Infinity","false","0","SLC25A11","0","0.0"
,"0.0","0.0","0.0","0.0","0","0","true","FCER1A","0.0","0","0","0","0","0","0","Infinity","false","0","FCER1A","0","0.0"
"15","1.3333333333333333","0.0","0.75","1.0","2","2","false","SMAGP","3.0","0","2","0","0","0","0","0.888888888888889","false","0","SMAGP","0","1.0"
,"0.0","0.0","0.0","0.0","0","0","true","UGDH","0.0","0","0","0","0","0","0","Infinity","false","0","UGDH","0","0.0"
,"0.0","0.0","0.0","0.0","0","0","true","IL1RAPL2","0.0","0","0",,"0","0","0","Infinity","false","0","IL1RAPL2","0","0.0"
,"0.0","0.0","0.0","0.0","0","0","true","CASR","0.0","0","0","1",,"1","0","Infinity","false","0","CASR","0","0.0"
,"0.0","0.0","0.0","0.0","0","0","true","ALPK2","0.0","0","0","0","0","0","0","Infinity","false","0","ALPK2","0","0.0"
"10","5.328947368421052","0.0","0.18765432098765433","1.0","2","10","false","NHS","2.5","0","2","0","0","0","0","0.6064593301435407","false","0","NHS","0","0.8333333333333334"
,"0.0","0.0","0.0","0.0","0","0","true","SHISAL2B","0.0","0","0","0","0","0","0","Infinity","false","0","SHISAL2B","0","0.0"
,"0.0","0.0","0.0","0.0","0","0","true","DCTN1","0.0","0","0","0","0","0","0","Infinity","false","0","DCTN1","0","0.0"
,"0.0","0.0","0.0","0.0","0","0","true","CEACAM21","0.0","0","0",,"0","0","0","Infinity","false","0","CEACAM21","0","0.0"
"27","1.3333333333333333","0.16666666666666666","0.75","0.0","2","2","false","SPEM3","2.0","0","2","0","0","0","0","0.8333333333333334","false","0","SPEM3","2","1.0"
"24","2.2666666666666666","0.5142857142857143","0.4411764705882353","0.0","2","4","false","MPPED2","5.0","0","2","0","0","0","0","0.7888888888888889","false","0","MPPED2","192","0.5"
,"0.0","0.0","0.0","0.0","0","0","true","HDGFL1","0.0","0","0",,"0","0","0","Infinity","false","0","HDGFL1","0","0.0"
,"0.0","0.0","0.0","0.0","0","0","true","PABPC4","0.0","0","0","0","0","0","0","Infinity","false","0","PABPC4","0","0.0"
,"0.0","0.0","0.0","0.0","0","0","true","ARHGAP11A","0.0","0","0","0","0","0","0","Infinity","false","0","ARHGAP11A","0","0.0"
,"0.0","0.0","0.0","0.0","0","0","true","TREML4","0.0","0","0",,"0","0","0","Infinity","false","0","TREML4","0","0.0"
,"0.0","0.0","0.0","0.0","0","0","true","HMMR","0.0","0","0","0",,"0","0","Infinity","false","0","HMMR","0","0.0"
,"0.0","0.0","0.0","0.0","0","0","true","ANKRD65","0.0","0","0","0","0","0","0","Infinity","false","0","ANKRD65","0","0.0"
,"0.0","0.0","0.0","0.0","0","0","true","ZNF853","0.0","0","0",,"0","0","0","Infinity","false","0","ZNF853","0","0.0"
,"0.0","0.0","0.0","0.0","0","0","true","PDE4B","0.0","0","0",,"0","0","0","Infinity","false","0","PDE4B","0","0.0"
,"0.0","0.0","0.0","0.0","0","0","true","MANEAL","0.0","0","0","0","0","0","0","Infinity","false","0","MANEAL","0","0.0"
,"0.0","0.0","0.0","0.0","0","0","true","ZNF718","0.0","0","0",,"0","0","0","Infinity","false","0","ZNF718","0","0.0"
,"0.0","0.0","0.0","0.0","0","0","true","SLC10A1","0.0","0","0","0",,"0","0","Infinity","false","0","SLC10A1","0","0.0"
,"0.0","0.0","0.0","0.0","0","0","true","STK16","0.0","0","0","0","0","0","0","Infinity","false","0","STK16","0","0.0"
,"0.0","0.0","0.0","0.0","0","0","true","ZMYND12","0.0","0","0",,"0","0","0","Infinity","false","0","ZMYND12","0","0.0"
,"0.0","0.0","0.0","0.0","0","0","true","EPM2AIP1","0.0","0","0",,"0","0","0","Infinity","false","0","EPM2AIP1","0","0.0"
,"0.0","0.0","0.0","0.0","0","0","true","TMEM231","0.0","0","0","0","0","0","0","Infinity","false","0","TMEM231","0","0.0"
,"0.0","0.0","0.0","0.0","0","0","true","SHISA2","0.0","0","0","0","0","0","0","Infinity","false","0","SHISA2","0","0.0"
"10","4.776315789473684","0.023859649122807015","0.209366391184573","0.0","2","8","false","AIG1","5.5","0","2","0","0","0","0","0.6566985645933014","false","0","AIG1","940","0.75"
,"0.0","0.0","0.0","0.0","0","0","true","NPY4R2","0.0","0","0","0","0","0","0","Infinity","false","0","NPY4R2","0","0.0"
,"0.0","0.0","0.0","0.0","0","0","true","ABCB7","0.0","0","0","0","0","0","0","Infinity","false","0","ABCB7","0","0.0"
,"0.0","0.0","0.0","0.0","0","0","true","CREB3L4","0.0","0","0","0",,"0","0","Infinity","false","0","CREB3L4","0","0.0"
,"0.0","0.0","0.0","0.0","0","0","true","CBLIF","0.0","0","0","0","0","0","0","Infinity","false","0","CBLIF","0","0.0"
,"0.0","0.0","0.0","0.0","0","0","true","DPEP2","0.0","0","0","0","0","0","0","Infinity","false","0","DPEP2","0","0.0"
,"0.0","0.0","0.0","0.0","0","0","true","ARF1","0.0","0","0","0","0","0","0","Infinity","false","0","ARF1","0","0.0"
"13","3.0","0.3885732323232323","0.3333333333333333","0.2222222222222222","10","5","false","PUM3","3.2","0","10","0","0","0","0","0.8","false","0","PUM3","550","0.2818181818181818"
"26","4.181818181818182","0.0","0.2391304347826087","1.0","2","7","false","BRIX1","4.0","0","2","0",,"0","0","0.36363636363636365","false","0","BRIX1","0","1.0"
"10","3.8552631578947367","0.0","0.25938566552901027","1.0","2","7","false","TCP11X2","8.5","0","2",,"0","0","0","0.7404306220095694","false","0","TCP11X2","0","0.6071428571428571"
"13","3.9696969696969697","0.06723484848484848","0.25190839694656486","0.5","4","7","false","FAM184B","3.75","0","4","0","0","0","0","0.703030303030303","false","0","FAM184B","130","0.5357142857142857"
,"0.0","0.0","0.0","0.0","0","0","true","SHF","0.0","0","0",,"0","0","0","Infinity","false","0","SHF","0","0.0"
,"0.0","0.0","0.0","0.0","0","0","true","C17orf75","0.0","0","0","0","0","0","0","Infinity","false","0","C17orf75","0","0.0"
,"0.0","0.0","0.0","0.0","0","0","true","B4GALNT2","0.0","0","0",,"0","0","0","Infinity","false","0","B4GALNT2","0","0.0"
,"0.0","0.0","0.0","0.0","0","0","true","NAA16","0.0","0","0","0","0","0","0","Infinity","false","0","NAA16","0","0.0"
,"0.0","0.0","0.0","0.0","0","0","true","ERCC4","0.0","0","0","0","0","0","0","Infinity","false","0","ERCC4","0","0.0"
"2","1.7692307692307692","0.0","0.5652173913043479","1.0","3","2","false","OIT3","11.666666666666666","0","3","0","0","0","0","0.9408284023668638","false","0","OIT3","0","0.8974358974358975"
"10","3.75","0.06086466165413534","0.26666666666666666","0.5","4","8","false","ZNF526","6.0","0","4","0","0","0","0","0.75","false","0","ZNF526","884","0.4423076923076923"
,"0.0","0.0","0.0","0.0","0","0","true","AKR1B1","0.0","0","0","0","0","0","0","Infinity","false","0","AKR1B1","0","0.0"
,"0.0","0.0","0.0","0.0","0","0","true","MS4A10","0.0","0","0",,"0","0","0","Infinity","false","0","MS4A10","0","0.0"
,"0.0","0.0","0.0","0.0","0","0","true","IGHV1-69","0.0","0","0","0","0","0","0","Infinity","false","0","IGHV1-69","0","0.0"
"13","3.909090909090909","6.313131313131313E-4","0.2558139534883721","0.6666666666666666","3","6","false","ADORA3","6.333333333333333","0","3",,"0","0","0","0.7090909090909091","false","0","ADORA3","2","0.6333333333333333"
,"0.0","0.0","0.0","0.0","0","0","true","HNF1B","0.0","0","0","0","0","0","0","Infinity","false","0","HNF1B","0","0.0"
,"0.0","0.0","0.0","0.0","0","0","true","P2RY11","0.0","0","0",,"0","0","0","Infinity","false","0","P2RY11","0","0.0"
,"0.0","0.0","0.0","0.0","0","0","true","SLC25A4","0.0","0","0","0","0","0","0","Infinity","false","0","SLC25A4","0","0.0"
,"0.0","0.0","0.0","0.0","0","0","true","STRADA","0.0","0","0",,"0","0","0","Infinity","false","0","STRADA","0","0.0"
,"0.0","0.0","0.0","0.0","0","0","true","TRAV12-1","0.0","0","0","0","0","0","0","Infinity","false","0","TRAV12-1","0","0.0"
,"0.0","0.0","0.0","0.0","0","0","true","SYVN1","0.0","0","0","0","0","0","0","Infinity","false","0","SYVN1","0","0.0"
,"0.0","0.0","0.0","0.0","0","0","true","MAP2K5","0.0","0","0","0","0","0","0","Infinity","false","0","MAP2K5","0","0.0"
,"0.0","0.0","0.0","0.0","0","0","true","TMCO6","0.0","0","0","0","0","0","0","Infinity","false","0","TMCO6","0","0.0"
"19","1.5","0.12222222222222222","0.6666666666666666","0.3333333333333333","3","2","false","OTUD5","3.0","0","3","0","0","0","0","0.8333333333333334","false","0","OTUD5","6","0.5333333333333333"
,"0.0","0.0","0.0","0.0","0","0","true","LETM1","0.0","0","0","0","0","0","0","Infinity","false","0","LETM1","0","0.0"
"5","1.4","0.0","0.7142857142857143","1.0","3","2","false","SYPL1","4.0","0","3",,"0","0","0","0.9199999999999999","false","0","SYPL1","0","0.8"
,"0.0","0.0","0.0","0.0","0","0","true","SESN1","0.0","0","0",,"0","0","0","Infinity","false","0","SESN1","0","0.0"
"4","1.75","0.014030612244897957","0.5714285714285714","0.0","2","2","false","MS4A14","5.5","0","2","0","0","0","0","0.8928571428571429","false","0","MS4A14","4","0.75"
,"0.0","0.0","0.0","0.0","0","0","true","YARS2","0.0","0","0","0","0","0","0","Infinity","false","0","YARS2","0","0.0"
"10","5.9868421052631575","0.0","0.16703296703296705","1.0","2","11","false","TPMT","6.0","0","2","0","0","0","0","0.5466507177033493","false","0","TPMT","0","1.0"
,"0.0","0.0","0.0","0.0","0","0","true","SPANXN1","0.0","0","0","0","0","0","0","Infinity","false","0","SPANXN1","0","0.0"
,"0.0","0.0","0.0","0.0","0","0","true","NUAK2","0.0","0","0","0","0","0","0","Infinity","false","0","NUAK2","0","0.0"
,"0.0","0.0","0.0","0.0","0","0","true","RANBP3","0.0","0","0",,"0","0","0","Infinity","false","0","RANBP3","0","0.0"
,"0.0","0.0","0.0","0.0","0","0","true","CPA4","0.0","0","0",,"0","0","0","Infinity","false","0","CPA4","0","0.0"
,"0.0","0.0","0.0","0.0","0","0","true","NCCRP1","0.0","0","0","0","0","0","0","Infinity","false","0","NCCRP1","0","0.0"
,"0.0","0.0","0.0","0.0","0","0","true","GFY","0.0","0","0","0","0","0","0","Infinity","false","0","GFY","0","0.0"
"10","5.328947368421052","0.0","0.18765432098765433","1.0","2","10","false","LIPK","2.5","0","2","0","0","0","0","0.6064593301435407","false","0","LIPK","0","0.8333333333333334"
,"0.0","0.0","0.0","0.0","0","0","true","KIF27","0.0","0","0",,"0","0","0","Infinity","false","0","KIF27","0","0.0"
,"0.0","0.0","0.0","0.0","0","0","true","CYP20A1","0.0","0","0",,"0","0","0","Infinity","false","0","CYP20A1","0","0.0"
,"0.0","0.0","0.0","0.0","0","0","true","ST3GAL3","0.0","0","0","0","0","0","0","Infinity","false","0","ST3GAL3","0","0.0"
"25","2.9523809523809526","0.0761904761904762","0.3387096774193548","0.3333333333333333","3","5","false","ELAVL3","3.6666666666666665","0","3","0",,"0","0","0.6746031746031745","false","0","ELAVL3","40","0.47619047619047616"
,"0.0","0.0","0.0","0.0","0","0","true","C12orf60","0.0","0","0","0","0","0","0","Infinity","false","0","C12orf60","0","0.0"
"26","2.5454545454545454","0.5952380952380952","0.39285714285714285","0.0","4","5","false","YWHAH","3.25","0","4","0","0","0","0","0.6909090909090909","false","0","YWHAH","390","0.25"
,"0.0","0.0","0.0","0.0","0","0","true","DOC2B","0.0","0","0","0","0","0","0","Infinity","false","0","DOC2B","0","0.0"
"10","3.1973684210526314","0.17827151211361744","0.31275720164609055","0.12727272727272726","11","7","false","BDP1","3.4545454545454546","0","11","0","0","0","0","0.8002392344497608","false","0","BDP1","2088","0.1722488038277512"
,"0.0","0.0","0.0","0.0","0","0","true","ASIC1","0.0","0","0",,"0","0","0","Infinity","false","0","ASIC1","0","0.0"
,"0.0","0.0","0.0","0.0","0","0","true","SFRP2","0.0","0","0","0","0","0","0","Infinity","false","0","SFRP2","0","0.0"
"25","3.761904761904762","0.002380952380952381","0.2658227848101266","0.0","2","6","false","SAMD15","3.0","0","2","0","0","0","0","0.5396825396825397","false","0","SAMD15","2","0.6666666666666666"
,"0.0","0.0","0.0","0.0","0","0","true","AGR2","0.0","0","0","0","0","0","0","Infinity","false","0","AGR2","0","0.0"
,"0.0","0.0","0.0","0.0","0","0","true","SNX27","0.0","0","0","0","0","0","0","Infinity","false","0","SNX27","0","0.0"
,"0.0","0.0","0.0","0.0","0","0","true","TTC7A","0.0","0","0","0","0","0","0","Infinity","false","0","TTC7A","0","0.0"
,"0.0","0.0","0.0","0.0","0","0","true","MSI1","0.0","0","0","0","0","0","0","Infinity","false","0","MSI1","0","0.0"
"10","3.763157894736842","0.013424394319131156","0.26573426573426573","0.0","2","8","false","RUFY1","5.5","0","2","0","0","0","0","0.7488038277511961","false","0","RUFY1","156","0.5"
,"0.0","0.0","0.0","0.0","0","0","true","USP29","0.0","0","0",,"0","0","0","Infinity","false","0","USP29","0","0.0"
,"0.0","0.0","0.0","0.0","0","0","true","RBM25","0.0","0","0","0","0","0","0","Infinity","false","0","RBM25","0","0.0"
,"0.0","0.0","0.0","0.0","0","0","true","PDCD6","0.0","0","0","0","0","0","0","Infinity","false","0","PDCD6","0","0.0"
,"0.0","0.0","0.0","0.0","0","0","true","TIGD4","0.0","0","0",,"0","0","0","Infinity","false","0","TIGD4","0","0.0"
,"0.0","0.0","0.0","0.0","0","0","true","PRAMEF19","0.0","0","0",,"0","0","0","Infinity","false","0","PRAMEF19","0","0.0"
"8","1.0","0.16666666666666666","1.0","0.6666666666666666","4","1","false","IMMT","3.0","0","4","0","0","0","0","1.0","false","0","IMMT","4","0.75"
"4","1.625","0.08333333333333331","0.6153846153846154","0.16666666666666666","4","3","false","CCDC150","3.25","0","4","0","0","0","0","0.9107142857142857","false","0","CCDC150","10","0.55"
,"0.0","0.0","0.0","0.0","0","0","true","NOM1","0.0","0","0","0","0","0","0","Infinity","false","0","NOM1","0","0.0"
,"0.0","0.0","0.0","0.0","0","0","true","TARDBP","0.0","0","0","0","0","0","0","Infinity","false","0","TARDBP","0","0.0"
"13","2.5454545454545454","0.5748106060606061","0.39285714285714285","0.0","3","5","false","RCN1","5.333333333333333","0","3","0","0","0","0","0.8454545454545455","false","0","RCN1","914","0.3333333333333333"
,"0.0","0.0","0.0","0.0","0","0","true","OR52K2","0.0","0","0","0","0","0","0","Infinity","false","0","OR52K2","0","0.0"
"26","3.5454545454545454","0.15728715728715725","0.28205128205128205","0.0","2","6","false","TRBV10-3","2.0","0","2","0","0","0","0","0.4909090909090909","false","0","TRBV10-3","98","0.5"
,"0.0","0.0","0.0","0.0","0","0","true","UNCX","0.0","0","0","0",,"0","0","Infinity","false","0","UNCX","0","0.0"
,"0.0","0.0","0.0","0.0","0","0","true","THRB","0.0","0","0","0","0","0","0","Infinity","false","0","THRB","0","0.0"
,"0.0","0.0","0.0","0.0","0","0","true","DLAT","0.0","0","0","0","0","0","0","Infinity","false","0","DLAT","0","0.0"
"10","3.710526315789474","0.0","0.2695035460992908","1.0","2","8","false","MAPK1IP1L","10.0","0","2",,"0","0","0","0.7535885167464115","false","0","MAPK1IP1L","0","0.6666666666666666"
,"0.0","0.0","0.0","0.0","0","0","true","TNFRSF11B","0.0","0","0","0","0","0","0","Infinity","false","0","TNFRSF11B","0","0.0"
"26","4.2272727272727275","0.0","0.23655913978494622","1.0","2","7","false","PRXL2A","2.5","0","2","0","0","0","0","0.3545454545454545","false","0","PRXL2A","0","0.8333333333333334"
,"0.0","0.0","0.0","0.0","0","0","true","GCKR","0.0","0","0","0","0","0","0","Infinity","false","0","GCKR","0","0.0"
,"0.0","0.0","0.0","0.0","0","0","true","COX6B2","0.0","0","0","0","0","0","0","Infinity","false","0","COX6B2","0","0.0"
,"0.0","0.0","0.0","0.0","0","0","true","NIBAN1","0.0","0","0","0","0","0","0","Infinity","false","0","NIBAN1","0","0.0"
,"0.0","0.0","0.0","0.0","0","0","true","DDI2","0.0","0","0","0","0","0","0","Infinity","false","0","DDI2","0","0.0"
,"0.0","0.0","0.0","0.0","0","0","true","CLUH","0.0","0","0","0","0","0","0","Infinity","false","0","CLUH","0","0.0"
,"0.0","0.0","0.0","0.0","0","0","true","AKR7A3","0.0","0","0","0","0","0","0","Infinity","false","0","AKR7A3","0","0.0"
,"0.0","0.0","0.0","0.0","0","0","true","MED1","0.0","0","0","0","0","0","0","Infinity","false","0","MED1","0","0.0"
"8","1.5","0.0","0.6666666666666666","1.0","2","2","false","SCO1","4.0","0","2","0",,"0","0","0.875","false","0","SCO1","0","1.0"
"10","4.75","0.03684210526315789","0.21052631578947367","0.0","3","8","false","PRSS8","4.333333333333333","0","3","0","0","0","0","0.6590909090909091","false","0","PRSS8","1146","0.5555555555555556"
,"0.0","0.0","0.0","0.0","0","0","true","NDUFAF5","0.0","0","0",,"0","0","0","Infinity","false","0","NDUFAF5","0","0.0"
"13","2.757575757575758","0.3816287878787879","0.3626373626373626","0.3333333333333333","3","4","false","SLC25A3","5.666666666666667","0","3","0","0","0","0","0.8242424242424242","false","0","SLC25A3","596","0.4444444444444444"
,"0.0","0.0","0.0","0.0","0","0","true","C11orf40","0.0","0","0","0","0","0","0","Infinity","false","0","C11orf40","0","0.0"
"24","3.933333333333333","0.004761904761904762","0.2542372881355932","0.0","2","7","false","PKLR","3.0","0","2","0","0","0","0","0.5111111111111112","false","0","PKLR","2","0.6666666666666666"
,"0.0","0.0","0.0","0.0","0","0","true","HEYL","0.0","0","0",,"0","0","0","Infinity","false","0","HEYL","0","0.0"
,"0.0","0.0","0.0","0.0","0","0","true","SEC23B","0.0","0","0","0","0","0","0","Infinity","false","0","SEC23B","0","0.0"
,"0.0","0.0","0.0","0.0","0","0","true","MRPS24","0.0","0","0","0","0","0","0","Infinity","false","0","MRPS24","0","0.0"
,"0.0","0.0","0.0","0.0","0","0","true","HLCS","0.0","0","0","0","0","0","0","Infinity","false","0","HLCS","0","0.0"
,"0.0","0.0","0.0","0.0","0","0","true","OR10G6","0.0","0","0",,"0","0","0","Infinity","false","0","OR10G6","0","0.0"
,"0.0","0.0","0.0","0.0","0","0","true","ACP6","0.0","0","0",,"0","0","0","Infinity","false","0","ACP6","0","0.0"
,"0.0","0.0","0.0","0.0","0","0","true","KRT39","0.0","0","0","0","0","0","0","Infinity","false","0","KRT39","0","0.0"
,"0.0","0.0","0.0","0.0","0","0","true","SLC25A30","0.0","0","0","0","0","0","0","Infinity","false","0","SLC25A30","0","0.0"
,"0.0","0.0","0.0","0.0","0","0","true","SOX13","0.0","0","0",,"0","0","0","Infinity","false","0","SOX13","0","0.0"
,"0.0","0.0","0.0","0.0","0","0","true","MEX3D","0.0","0","0","0","0","0","0","Infinity","false","0","MEX3D","0","0.0"
,"0.0","0.0","0.0","0.0","0","0","true","RPL34","0.0","0","0","0","0","0","0","Infinity","false","0","RPL34","0","0.0"
"6","2.111111111111111","0.0","0.47368421052631576","1.0","4","4","false","FAM86B2","4.25","0","4","0","0","0","0","0.7777777777777778","false","0","FAM86B2","0","0.85"
"10","5.026315789473684","0.0","0.19895287958115185","1.0","2","9","false","AKAP14","6.5","0","2",,"0","0","0","0.6339712918660287","false","0","AKAP14","0","0.9285714285714286"
"13","4.121212121212121","0.06912878787878789","0.2426470588235294","0.3333333333333333","3","7","false","LACC1","2.3333333333333335","0","3","0","0","0","0","0.6878787878787879","false","0","LACC1","88","0.5"
,"0.0","0.0","0.0","0.0","0","0","true","PABPC1L2B","0.0","0","0","0","0","0","0","Infinity","false","0","PABPC1L2B","0","0.0"
,"0.0","0.0","0.0","0.0","0","0","true","CCR6","0.0","0","0",,"0","0","0","Infinity","false","0","CCR6","0","0.0"
,"0.0","0.0","0.0","0.0","0","0","true","PRDM8","0.0","0","0",,"0","0","0","Infinity","false","0","PRDM8","0","0.0"
,"0.0","0.0","0.0","0.0","0","0","true","C1QL2","0.0","0","0","0","0","0","0","Infinity","false","0","C1QL2","0","0.0"
,"0.0","0.0","0.0","0.0","0","0","true","C18orf21","0.0","0","0","0","0","0","0","Infinity","false","0","C18orf21","0","0.0"
,"0.0","0.0","0.0","0.0","0","0","true","RAB11A","0.0","0","0","0","0","0","0","Infinity","false","0","RAB11A","0","0.0"
,"0.0","0.0","0.0","0.0","0","0","true","RNASEL","0.0","0","0","0","0","0","0","Infinity","false","0","RNASEL","0","0.0"
,"0.0","0.0","0.0","0.0","0","0","true","SLC29A2","0.0","0","0","0","0","0","0","Infinity","false","0","SLC29A2","0","0.0"
,"0.0","0.0","0.0","0.0","0","0","true","ZNF219","0.0","0","0",,"0","0","0","Infinity","false","0","ZNF219","0","0.0"
,"0.0","0.0","0.0","0.0","0","0","true","HRC","0.0","0","0","0","0","0","0","Infinity","false","0","HRC","0","0.0"
,"0.0","0.0","0.0","0.0","0","0","true","ARPIN","0.0","0","0",,"0","0","0","Infinity","false","0","ARPIN","0","0.0"
,"0.0","0.0","0.0","0.0","0","0","true","XRCC5","0.0","0","0","0","0","0","0","Infinity","false","0","XRCC5","0","0.0"
,"0.0","0.0","0.0","0.0","0","0","true","TXNRD3","0.0","0","0","0","0","0","0","Infinity","false","0","TXNRD3","0","0.0"
,"0.0","0.0","0.0","0.0","0","0","true","LNX2","0.0","0","0","0","0","0","0","Infinity","false","0","LNX2","0","0.0"
"2","1.3846153846153846","0.03205128205128205","0.7222222222222222","0.6428571428571429","8","2","false","DDX4","6.875","0","8","0","0","0","0","0.9704142011834319","false","0","DDX4","20","0.5288461538461539"
,"0.0","0.0","0.0","0.0","0","0","true","PDSS1","0.0","0","0",,"0","0","0","Infinity","false","0","PDSS1","0","0.0"
,"0.0","0.0","0.0","0.0","0","0","true","MAGEB17","0.0","0","0","0","0","0","0","Infinity","false","0","MAGEB17","0","0.0"
,"0.0","0.0","0.0","0.0","0","0","true","TRIM37","0.0","0","0","0","0","0","0","Infinity","false","0","TRIM37","0","0.0"
"13","3.8181818181818183","0.008207070707070706","0.2619047619047619","0.4","6","6","false","PSMD12","4.333333333333333","0","6","0","0","0","0","0.7181818181818181","false","0","PSMD12","18","0.43333333333333335"
"5","1.4","0.0","0.7142857142857143","1.0","3","2","false","THBD","4.0","0","3","0","0","0","0","0.9199999999999999","false","0","THBD","0","0.8"
,"0.0","0.0","0.0","0.0","0","0","true","PSMF1","0.0","0","0","0","0","0","0","Infinity","false","0","PSMF1","0","0.0"
"14","1.3333333333333333","0.0","0.75","1.0","2","2","false","TSPYL2","3.0","0","2","0","0","0","0","0.888888888888889","false","0","TSPYL2","0","1.0"
"10","5.0394736842105265","0.008304093567251461","0.19843342036553524","0.8333333333333334","4","10","false","TRGV3","4.75","0","4","0",,"0","0","0.6327751196172249","false","0","TRGV3","232","0.6785714285714286"
,"0.0","0.0","0.0","0.0","0","0","true","AKR1B10","0.0","0","0","0","0","0","0","Infinity","false","0","AKR1B10","0","0.0"
,"0.0","0.0","0.0","0.0","0","0","true","TMEM200C","0.0","0","0","0","0","0","0","Infinity","false","0","TMEM200C","0","0.0"
,"0.0","0.0","0.0","0.0","0","0","true","CCT8L1P","0.0","0","0","0",,"0","0","Infinity","false","0","CCT8L1P","0","0.0"
,"0.0","0.0","0.0","0.0","0","0","true","IGLV1-36","0.0","0","0","0",,"0","0","Infinity","false","0","IGLV1-36","0","0.0"
"1","1.375","0.04583333333333332","0.7272727272727273","0.6","5","2","false","ZKSCAN4","5.8","0","5","0","0","0","0","0.953125","false","0","ZKSCAN4","8","0.725"
,"0.0","0.0","0.0","0.0","0","0","true","GSG1L2","0.0","0","0","0",,"0","0","Infinity","false","0","GSG1L2","0","0.0"
,"0.0","0.0","0.0","0.0","0","0","true","EAPP","0.0","0","0",,"0","0","0","Infinity","false","0","EAPP","0","0.0"
,"0.0","0.0","0.0","0.0","0","0","true","SLC2A1","0.0","0","0","0","0","0","0","Infinity","false","0","SLC2A1","0","0.0"
"11","1.25","0.16666666666666666","0.8","0.3333333333333333","3","2","false","ARMH4","2.6666666666666665","0","3","0","0","0","0","0.9166666666666666","false","0","ARMH4","4","0.7777777777777778"
,"0.0","0.0","0.0","0.0","0","0","true","RGL4","0.0","0","0",,"0","0","0","Infinity","false","0","RGL4","0","0.0"
"18","1.0","0.0","1.0","1.0","2","1","false","MCHR1","2.0","0","2","0","0","0","0","1.0","false","0","MCHR1","0","1.0"
"6","2.7777777777777777","0.0","0.36","1.0","2","4","false","DENND2A","3.5","0","2",,"0","0","0","0.6444444444444445","false","0","DENND2A","0","0.875"
,"0.0","0.0","0.0","0.0","0","0","true","CEP162","0.0","0","0","0","0","0","0","Infinity","false","0","CEP162","0","0.0"
,"0.0","0.0","0.0","0.0","0","0","true","FAM120AOS","0.0","0","0","0","0","0","0","Infinity","false","0","FAM120AOS","0","0.0"
"21","1.0","0.0","1.0","1.0","2","1","false","CHCT1","2.0","0","2","0","0","0","0","1.0","false","0","CHCT1","0","1.0"
,"0.0","0.0","0.0","0.0","0","0","true","FRMPD4","0.0","0","0","0","0","0","0","Infinity","false","0","FRMPD4","0","0.0"
,"0.0","0.0","0.0","0.0","0","0","true","TRIP11","0.0","0","0","0","0","0","0","Infinity","false","0","TRIP11","0","0.0"
"10","4.105263157894737","0.016929824561403507","0.24358974358974356","0.0","2","7","false","NONO","4.0","0","2","0","0","0","0","0.7177033492822966","false","0","NONO","306","0.5"
,"0.0","0.0","0.0","0.0","0","0","true","SP2","0.0","0","0",,"0","0","0","Infinity","false","0","SP2","0","0.0"
,"0.0","0.0","0.0","0.0","0","0","true","MAP4K5","0.0","0","0","0","0","0","0","Infinity","false","0","MAP4K5","0","0.0"
,"0.0","0.0","0.0","0.0","0","0","true","GLYAT","0.0","0","0",,"0","0","0","Infinity","false","0","GLYAT","0","0.0"
,"0.0","0.0","0.0","0.0","0","0","true","CORO1B","0.0","0","0","0","0","0","0","Infinity","false","0","CORO1B","0","0.0"
"10","5.9868421052631575","0.0","0.16703296703296705","1.0","2","11","false","IGHV4-39","6.0","0","2","0","0","0","0","0.5466507177033493","false","0","IGHV4-39","0","1.0"
"26","3.727272727272727","0.14502164502164505","0.2682926829268293","0.3333333333333333","3","7","false","BMS1","3.6666666666666665","0","3","0","0","0","0","0.4545454545454546","false","0","BMS1","140","0.5555555555555556"
"27","1.3333333333333333","0.16666666666666666","0.75","0.0","2","2","false","DLGAP1","2.0","0","2","0",,"0","0","0.8333333333333334","false","0","DLGAP1","2","1.0"
,"0.0","0.0","0.0","0.0","0","0","true","CD82","0.0","0","0","0","0","0","0","Infinity","false","0","CD82","0","0.0"
"26","4.2272727272727275","0.10606060606060605","0.23655913978494622","0.3333333333333333","3","8","false","RNF2","2.6666666666666665","0","3","0","0","0","0","0.3545454545454545","false","0","RNF2","86","0.4666666666666667"
,"0.0","0.0","0.0","0.0","0","0","true","SYNE4","0.0","0","0","0","0","0","0","Infinity","false","0","SYNE4","0","0.0"
,"0.0","0.0","0.0","0.0","0","0","true","PDE5A","0.0","0","0","0",,"0","0","Infinity","false","0","PDE5A","0","0.0"
,"0.0","0.0","0.0","0.0","0","0","true","OR51I2","0.0","0","0",,"0","0","0","Infinity","false","0","OR51I2","0","0.0"
,"0.0","0.0","0.0","0.0","0","0","true","ZBTB22","0.0","0","0","0","0","0","0","Infinity","false","0","ZBTB22","0","0.0"
,"0.0","0.0","0.0","0.0","0","0","true","CEP126","0.0","0","0","0","0","0","0","Infinity","false","0","CEP126","0","0.0"
"19","1.8333333333333333","0.1","0.5454545454545455","0.0","2","3","false","MCAM","2.5","0","2","0","0","0","0","0.7222222222222223","false","0","MCAM","4","0.5"
,"0.0","0.0","0.0","0.0","0","0","true","CD72","0.0","0","0","0","0","0","0","Infinity","false","0","CD72","0","0.0"
,"0.0","0.0","0.0","0.0","0","0","true","HEBP1","0.0","0","0","0","0","0","0","Infinity","false","0","HEBP1","0","0.0"
,"0.0","0.0","0.0","0.0","0","0","true","FCRL6","0.0","0","0",,"0","0","0","Infinity","false","0","FCRL6","0","0.0"
"24","2.8","0.0","0.35714285714285715","1.0","2","5","false","CLNK","5.0","0","2",,"0","0","0","0.7000000000000001","false","0","CLNK","0","0.625"
"10","5.7105263157894735","1.1695906432748537E-4","0.1751152073732719","0.0","2","9","false","BRDT","3.0","0","2",,"0","0","0","0.5717703349282297","false","0","BRDT","2","1.0"
,"0.0","0.0","0.0","0.0","0","0","true","TLNRD1","0.0","0","0","0","0","0","0","Infinity","false","0","TLNRD1","0","0.0"
,"0.0","0.0","0.0","0.0","0","0","true","GKAP1","0.0","0","0","0","0","0","0","Infinity","false","0","GKAP1","0","0.0"
,"0.0","0.0","0.0","0.0","0","0","true","STARD3NL","0.0","0","0","0","0","0","0","Infinity","false","0","STARD3NL","0","0.0"
,"0.0","0.0","0.0","0.0","0","0","true","ZNF133","0.0","0","0","0","0","0","0","Infinity","false","0","ZNF133","0","0.0"
,"0.0","0.0","0.0","0.0","0","0","true","POLI","0.0","0","0",,"0","0","0","Infinity","false","0","POLI","0","0.0"
,"0.0","0.0","0.0","0.0","0","0","true","SOCS5","0.0","0","0","0","0","0","0","Infinity","false","0","SOCS5","0","0.0"
,"0.0","0.0","0.0","0.0","0","0","true","POLR2M","0.0","0","0","0","0","0","0","Infinity","false","0","POLR2M","0","0.0"
,"0.0","0.0","0.0","0.0","0","0","true","C9orf64","0.0","0","0",,"0","0","0","Infinity","false","0","C9orf64","0","0.0"
,"0.0","0.0","0.0","0.0","0","0","true","OR6C1","0.0","0","0",,"0","0","0","Infinity","false","0","OR6C1","0","0.0"
,"0.0","0.0","0.0","0.0","0","0","true","D2HGDH","0.0","0","0",,"0","0","0","Infinity","false","0","D2HGDH","0","0.0"
,"0.0","0.0","0.0","0.0","0","0","true","GABRB2","0.0","0","0","0","0","0","0","Infinity","false","0","GABRB2","0","0.0"
,"0.0","0.0","0.0","0.0","0","0","true","UTP15","0.0","0","0","0","0","0","0","Infinity","false","0","UTP15","0","0.0"
,"0.0","0.0","0.0","0.0","0","0","true","NT5DC4","0.0","0","0",,"0","0","0","Infinity","false","0","NT5DC4","0","0.0"
"10","2.8947368421052633","0.3250818713450293","0.34545454545454546","0.1111111111111111","9","7","false","TRIM23","4.666666666666667","0","9","0","0","0","0","0.8277511961722488","false","0","TRIM23","4126","0.15637860082304528"
,"0.0","0.0","0.0","0.0","0","0","true","LSM6","0.0","0","0","0","0","0","0","Infinity","false","0","LSM6","0","0.0"
"12","1.0","0.16666666666666666","1.0","0.6666666666666666","3","1","false","ZNF629","2.3333333333333335","0","3","0","0","0","0","1.0","false","0","ZNF629","2","0.7777777777777778"
,"0.0","0.0","0.0","0.0","0","0","true","CTSC","0.0","0","0","0","0","0","0","Infinity","false","0","CTSC","0","0.0"
,"0.0","0.0","0.0","0.0","0","0","true","SNX33","0.0","0","0",,"0","0","0","Infinity","false","0","SNX33","0","0.0"
,"0.0","0.0","0.0","0.0","0","0","true","HMGCS2","0.0","0","0","0","0","0","0","Infinity","false","0","HMGCS2","0","0.0"
,"0.0","0.0","0.0","0.0","0","0","true","RTF1","0.0","0","0",,"0","0","0","Infinity","false","0","RTF1","0","0.0"
,"0.0","0.0","0.0","0.0","0","0","true","NCOA7","0.0","0","0","0","0","0","0","Infinity","false","0","NCOA7","0","0.0"
,"0.0","0.0","0.0","0.0","0","0","true","MCM8","0.0","0","0",,"0","0","0","Infinity","false","0","MCM8","0","0.0"
,"0.0","0.0","0.0","0.0","0","0","true","ZNF275","0.0","0","0","0","0","0","0","Infinity","false","0","ZNF275","0","0.0"
"2","1.6923076923076923","0.0","0.5909090909090909","1.0","4","2","false","KYNU","10.75","0","4","0","0","0","0","0.9467455621301776","false","0","KYNU","0","0.8269230769230769"
,"0.0","0.0","0.0","0.0","0","0","true","CCDC13","0.0","0","0","0","0","0","0","Infinity","false","0","CCDC13","0","0.0"
,"0.0","0.0","0.0","0.0","0","0","true","CDK5RAP2","0.0","0","0","0","0","0","0","Infinity","false","0","CDK5RAP2","0","0.0"
,"0.0","0.0","0.0","0.0","0","0","true","CCSER1","0.0","0","0",,"0","0","0","Infinity","false","0","CCSER1","0","0.0"
,"0.0","0.0","0.0","0.0","0","0","true","TBKBP1","0.0","0","0","0","0","0","0","Infinity","false","0","TBKBP1","0","0.0"
"21","1.0","0.0","1.0","1.0","2","1","false","PRELID2","2.0","0","2","0","0","0","0","1.0","false","0","PRELID2","0","1.0"
,"0.0","0.0","0.0","0.0","0","0","true","BAHD1","0.0","0","0","0","0","0","0","Infinity","false","0","BAHD1","0","0.0"
,"0.0","0.0","0.0","0.0","0","0","true","NOP9","0.0","0","0","0","0","0","0","Infinity","false","0","NOP9","0","0.0"
"18","1.0","0.0","1.0","1.0","2","1","false","XRCC1","2.0","0","2","0","0","0","0","1.0","false","0","XRCC1","0","1.0"
"10","4.157894736842105","0.001163742690058479","0.24050632911392406","0.0","2","8","false","ZFP57","7.0","0","2",,"0","0","0","0.7129186602870813","false","0","ZFP57","22","0.6"
"1","1.375","0.01607142857142857","0.7272727272727273","0.8","5","2","false","OFD1","6.0","0","5","0","0","0","0","0.953125","false","0","OFD1","4","0.75"
