"__leidenCluster","AverageShortestPathLength","BetweennessCentrality","ClosenessCentrality","ClusteringCoefficient","Degree","Eccentricity","IsSingleNode","name","NeighborhoodConnectivity","NumberOfDirectedEdges","NumberOfUndirectedEdges","OP_A","OP_B","OP_check","PartnerOfMultiEdgedNodePairs","Radiality","selected","SelfLoops","shared name","Stress","TopologicalCoefficient"
"1","1.564102564102564","0.03939748530137546","0.639344262295082","0.3014705882352941","19","2","false","MYC","11.117647058823529","0","18","1","1","1","0","0.9843304843304844","false","1","MYC","216","0.2850678733031674"
"1","1.6923076923076923","0.015257500783816571","0.5909090909090909","0.4393939393939394","12","2","false","PSMA4","13.583333333333334","0","12","0","0","0","0","0.9807692307692307","false","0","PSMA4","80","0.3482905982905983"
"10","1.0","0.8472222222222222","1.0","0.1111111111111111","11","1","false","CALCA","1.8888888888888888","0","10","1","1","1","0","1.0","false","1","CALCA","64","0.25925925925925924"
"10","1.8888888888888888","0.0","0.5294117647058824","0.0","1","2","false","COL9A3","9.0","0","1",,"0","0","0","0.9012345679012346","false","0","COL9A3","0","0.0"
"12","1.3333333333333333","0.0","0.75","1.0","2","2","false","XPNPEP2","2.5","0","2","0","0","0","0","0.888888888888889","false","0","XPNPEP2","0","0.8333333333333334"
"12","1.0","0.6666666666666666","1.0","0.3333333333333333","5","1","false","NOS3","1.6666666666666667","0","4","1","1","1","0","1.0","false","1","NOS3","4","0.6666666666666666"
"13","1.8888888888888888","0.0","0.5294117647058824","0.0","1","2","false","IGLV1-51","9.0","0","1","0",,"0","0","0.9012345679012346","false","0","IGLV1-51","0","0.0"
"13","1.0","1.0","1.0","0.0","9","1","false","SOST","1.0","0","9","1","1","1","0","1.0","false","0","SOST","72","0.0"
"16","1.0","0.4350438596491228","1.0","0.20526315789473684","20","1","false","MYCN","4.9","0","20","1","1","1","0","1.0","false","0","MYCN","302","0.245"
"17","1.5","0.0","0.6666666666666666","0.0","1","2","false","TSR3","2.0","0","1",,"0","0","0","0.75","false","0","TSR3","0","0.0"
"27","1.3846153846153846","0.053519036519036514","0.7222222222222222","0.45","18","2","false","BMP7","10.625","0","17","1","1","1","0","0.985207100591716","false","1","BMP7","132","0.40865384615384615"
"27","1.8461538461538463","2.1978021978021978E-4","0.5416666666666666","0.8333333333333334","4","2","false","FAM83C","19.75","0","4",,"0","0","0","0.9674556213017751","false","0","FAM83C","2","0.7596153846153846"
"28","1.0","0.6085858585858587","1.0","0.19696969696969696","14","1","false","RELA","3.1666666666666665","0","13","1","1","1","0","1.0","false","1","RELA","106","0.2638888888888889"
"28","1.75","0.00505050505050505","0.5714285714285714","0.6666666666666666","3","2","false","OR51A4","6.666666666666667","0","3","0","0","0","0","0.9375","false","0","OR51A4","2","0.5555555555555556"
"43","1.0","0.17394658718188136","1.0","0.39869281045751637","20","1","false","AKT1","7.777777777777778","0","19","1","1","1","0","1.0","false","1","AKT1","184","0.43209876543209874"
"43","1.7777777777777777","0.0","0.5625","1.0","4","2","false","KLHL40","14.5","0","4","0","0","0","0","0.95679012345679","false","0","KLHL40","0","0.8055555555555556"
"46","1.125","0.2431555619559652","0.8888888888888888","0.20899470899470898","28","2","false","COL3A1","8.178571428571429","0","28","1","1","1","0","0.9955357142857143","false","0","COL3A1","668","0.2626728110599078"
"47","2.0","0.0","0.5","0.0","1","3","false","PTPN18","2.0","0","1","0","0","0","0","0.5","false","0","PTPN18","0","0.0"
"15","2.0","0.0","0.5","0.0","1","3","false","POLB","3.0","0","1","0","0","0","0","0.6666666666666666","false","0","POLB","0","0.0"
"62","1.0","0.3971390927912667","1.0","0.19367588932806323","25","1","false","COL1A1","5.260869565217392","0","24","1","1","1","0","1.0","false","1","COL1A1","408","0.22873345935727787"
"63","1.6","0.06666666666666667","0.625","0.0","2","2","false","POF1B","3.5","0","2","0","0","0","0","0.85","false","0","POF1B","4","0.8333333333333334"
"63","1.6","0.06666666666666667","0.625","0.0","2","2","false","ANXA3","3.5","0","2","0","0","0","0","0.85","false","0","ANXA3","4","0.8333333333333334"
"1","1.0769230769230769","0.27767895341004545","0.9285714285714286","0.2111111111111111","38","2","false","TRAF6","9.25","0","37","1","1","1","0","0.9978632478632478","false","1","TRAF6","1082","0.23717948717948717"
"90","1.0","0.23657031140902107","1.0","0.23440860215053763","31","1","false","COL1A2","8.03225806451613","0","31","1","1","1","0","1.0","false","0","COL1A2","712","0.259105098855359"
"90","1.8387096774193548","0.0010701484895033282","0.543859649122807","0.7","5","2","false","NAP1L3","22.8","0","5","0","0","0","0","0.9729448491155046","false","0","NAP1L3","6","0.7354838709677419"
"112","1.52","0.034367521367521366","0.6578947368421053","0.36363636363636365","12","2","false","RAMACL","10.75","0","12","0","0","0","0","0.9792000000000001","false","0","RAMACL","84","0.43"
"112","1.0","0.22128551078551084","1.0","0.3433333333333333","25","1","false","MYCL","9.24","0","25","1","1","1","0","1.0","false","0","MYCL","394","0.3696"
"115","1.6538461538461537","0.018437229437229436","0.6046511627906977","0.2222222222222222","9","2","false","FGF10","10.444444444444445","0","9","0",,"0","0","0.9748520710059172","false","0","FGF10","56","0.4017094017094017"
"115","1.0","0.33237862137862134","1.0","0.27692307692307694","28","1","false","TP53","7.923076923076923","0","27","1","1","1","0","1.0","false","1","TP53","470","0.3047337278106509"
"6","1.5238095238095237","0.08418975865404439","0.65625","0.38181818181818183","11","3","false","BMI1","7.636363636363637","0","11","0","0","0","0","0.9597069597069597","false","0","BMI1","106","0.39712918660287083"
"46","1.71875","0.014424523169482846","0.5818181818181818","0.3333333333333333","9","2","false","ELAC2","13.0","0","9","0","0","0","0","0.9743303571428571","false","0","ELAC2","62","0.40625"
"126","1.8","0.0","0.5555555555555556","1.0","2","2","false","CLN5","7.0","0","2","0","0","0","0","0.9199999999999999","false","0","CLN5","0","0.7"
"126","1.0","0.8111111111111111","1.0","0.13333333333333333","10","1","false","COL5A1","2.2","0","10","1","1","1","0","1.0","false","0","COL5A1","78","0.25"
"18","1.75","0.0","0.5714285714285714","0.0","1","2","false","RAB38","4.0","0","1","0","0","0","0","0.8125","false","0","RAB38","0","0.0"
"128","1.875","0.0","0.5333333333333333","1.0","3","2","false","SRRM5","17.666666666666668","0","3","0","0","0","0","0.9635416666666666","false","0","SRRM5","0","0.7361111111111112"
"128","1.0","0.3452539107430412","1.0","0.2644927536231884","24","1","false","PROCR","7.083333333333333","0","24","1","1","1","0","1.0","false","0","PROCR","406","0.2951388888888889"
"129","1.0","0.38986928104575164","1.0","0.2679738562091503","18","1","false","SPP1","5.555555555555555","0","18","1","1","1","0","1.0","false","0","SPP1","224","0.30864197530864196"
"129","1.8333333333333333","0.0016339869281045752","0.5454545454545455","0.6666666666666666","3","2","false","RFESD","11.666666666666666","0","3",,"0","0","0","0.9537037037037037","false","0","RFESD","2","0.6481481481481481"
"46","1.78125","0.010411866359447002","0.5614035087719298","0.35714285714285715","10","3","false","NFKB1","11.875","0","9","1","1","1","0","0.9720982142857143","false","1","NFKB1","52","0.39166666666666666"
"27","1.1538461538461537","0.17026873126873127","0.8666666666666667","0.2683982683982684","24","2","false","PRKACA","8.090909090909092","0","23","1","1","1","0","0.9940828402366864","false","1","PRKACA","338","0.3111888111888112"
"88","1.6666666666666667","0.013988095238095237","0.6","0.5","8","2","false","IGHV7-81","10.5","0","8","0","0","0","0","0.9722222222222222","false","0","IGHV7-81","28","0.4375"
"88","1.0","0.34731280193236713","1.0","0.2463768115942029","26","1","false","BMP2","6.666666666666667","0","25","1","1","1","0","1.0","false","1","BMP2","416","0.2777777777777778"
"133","1.0","0.9","1.0","0.1","7","1","false","MAPK1","1.4","0","6","1","1","1","0","1.0","false","1","MAPK1","18","0.4"
"133","1.8","0.0","0.5555555555555556","0.0","1","2","false","RNF157","5.0","0","1",,"0","0","0","0.8400000000000001","false","0","RNF157","0","0.0"
"129","1.3888888888888888","0.08850762527233116","0.72","0.34545454545454546","11","2","false","CC2D1B","6.818181818181818","0","11","0","0","0","0","0.9783950617283951","false","0","CC2D1B","72","0.3787878787878788"
"116","0.0","0.0","0.0","0.0","0","0","true","IFNK","0.0","0","0",,"0","0","0","Infinity","false","0","IFNK","0","0.0"
"134","1.0","0.5740740740740741","1.0","0.25","11","1","false","CASP3","3.0","0","10","1","1","1","0","1.0","false","1","CASP3","54","0.3333333333333333"
"123","1.0","0.4141414141414142","1.0","0.25757575757575757","14","1","false","SRC","3.8333333333333335","0","13","1","1","1","0","1.0","false","1","SRC","98","0.3194444444444444"
"123","1.5833333333333333","0.013888888888888888","0.6315789473684211","0.7","5","2","false","COL4A4","7.0","0","5","0","0","0","0","0.9513888888888888","false","0","COL4A4","6","0.5833333333333334"
"11","2.25","0.0","0.4444444444444444","0.0","1","3","false","RPS27L","2.0","0","1","0","0","0","0","0.5833333333333334","false","0","RPS27L","0","0.0"
"128","1.7083333333333333","0.012755923625488842","0.5853658536585367","0.38095238095238093","7","2","false","TMEM41A","11.0","0","7","0","0","0","0","0.9704861111111112","false","0","TMEM41A","26","0.4583333333333333"
"129","1.7777777777777777","0.0","0.5625","1.0","4","2","false","POLR3GL","12.5","0","4",,"0","0","0","0.95679012345679","false","0","POLR3GL","0","0.6944444444444444"
"111","1.0","0.17708333333333331","1.0","0.4444444444444444","11","1","false","PTGS2","4.555555555555555","0","10","1","1","1","0","1.0","false","1","PTGS2","40","0.5061728395061729"
"111","1.5555555555555556","0.003472222222222222","0.6428571428571428","0.8333333333333334","4","2","false","EPB41L3","7.5","0","4","0","0","0","0","0.9382716049382717","false","0","EPB41L3","2","0.8333333333333334"
"7","1.25","0.5","0.8","0.3333333333333333","3","2","false","GPR146","2.0","0","3","0","0","0","0","0.9166666666666666","false","0","GPR146","6","0.5555555555555556"
"51","1.75","0.5","0.5714285714285714","0.0","2","3","false","STK3","1.5","0","2","0","0","0","0","0.625","false","0","STK3","6","0.5"
"136","1.0","0.3654892726321298","1.0","0.2967032967032967","16","1","false","PGR","4.857142857142857","0","15","1","1","1","0","1.0","false","1","PGR","128","0.3469387755102041"
"58","1.5714285714285714","0.2857142857142857","0.6363636363636364","0.3333333333333333","3","2","false","ERLEC1","3.0","0","3","0","0","0","0","0.8571428571428572","false","0","ERLEC1","12","0.4444444444444444"
"64","0.0","0.0","0.0","0.0","0","0","true","IKBKE-AS1","0.0","0","0",,"0","0","0","Infinity","false","0","IKBKE-AS1","0","0.0"
"48","0.0","0.0","0.0","0.0","0","0","true","KLK9","0.0","0","0",,"0","0","0","Infinity","false","0","KLK9","0","0.0"
"65","1.5","0.0","0.6666666666666666","0.0","1","2","false","DPH1","2.0","0","1","0","0","0","0","0.75","false","0","DPH1","0","0.0"
"141","1.0","0.40740740740740733","1.0","0.28888888888888886","10","1","false","VTN","3.6","0","10","1","1","1","0","1.0","false","0","VTN","64","0.36"
"141","1.8","0.0","0.5555555555555556","1.0","2","2","false","PFKL","9.0","0","2","0","0","0","0","0.9199999999999999","false","0","PFKL","0","0.9"
"144","1.0625","0.317500894083495","0.9411764705882353","0.167816091954023","30","2","false","COL5A3","6.866666666666666","0","30","1","1","1","0","0.9979166666666667","false","0","COL5A3","892","0.21458333333333332"
"145","1.0909090909090908","0.28909090909090907","0.9166666666666667","0.35555555555555557","10","2","false","RARS1","4.4","0","10","0","0","0","0","0.990909090909091","false","0","RARS1","66","0.4"
"91","0.0","0.0","0.0","0.0","0","0","true","ZNF669","0.0","0","0",,"0","0","0","Infinity","false","0","ZNF669","0","0.0"
"16","1.85","6.578947368421052E-4","0.5405405405405405","0.6666666666666666","3","2","false","SMIM44","15.0","0","3","0","0","0","0","0.9574999999999999","false","0","SMIM44","2","0.75"
"129","1.4444444444444444","0.04651416122004357","0.6923076923076923","0.4888888888888889","10","2","false","PRR5","8.0","0","10","0","0","0","0","0.9753086419753088","false","0","PRR5","46","0.4444444444444444"
"66","1.0","1.0","1.0","0.0","4","1","false","NPAS1","1.0","0","4","0","0","0","0","1.0","false","0","NPAS1","12","0.0"
"61","1.5","0.0","0.6666666666666666","0.0","1","2","false","FITM2","2.0","0","1","0","0","0","0","0.75","false","0","FITM2","0","0.0"
"157","1.1111111111111112","0.736111111111111","0.8999999999999999","0.14285714285714285","10","2","false","PTGS1","2.125","0","9","1","1","1","0","0.9861111111111112","false","1","PTGS1","58","0.2916666666666667"
"157","2.0","0.0","0.5","0.0","1","3","false","CLCA2","8.0","0","1",,"0","0","0","0.875","false","0","CLCA2","0","0.0"
"27","1.7307692307692308","0.0014079254079254078","0.5777777777777777","0.8571428571428571","7","2","false","ARHGAP28","15.714285714285714","0","7",,"0","0","0","0.9718934911242604","false","0","ARHGAP28","6","0.6043956043956044"
"49","1.5","0.0","0.6666666666666666","0.0","1","2","false","SNAP47","2.0","0","1","0","0","0","0","0.75","false","0","SNAP47","0","0.0"
"144","1.75","0.015853529993410657","0.5714285714285714","0.25","8","2","false","NCR1","11.875","0","8","0",,"0","0","0.975","false","0","NCR1","84","0.3790322580645161"
"5","1.0204081632653061","0.22869618085329374","0.98","0.16843971631205673","50","2","false","COL5A2","9.8125","0","49","1","1","1","0","0.9995748299319728","false","1","COL5A2","1876","0.2002551020408163"
"5","1.346938775510204","0.08233888093909827","0.7424242424242424","0.21169354838709678","32","2","false","RABL6","11.21875","0","32","0","0","0","0","0.9927721088435374","false","0","RABL6","782","0.22895408163265307"
"50","2.0","0.0","0.5","0.0","1","3","false","UTS2R","4.0","0","1",,"0","0","0","0.75","false","0","UTS2R","0","0.0"
"124","1.0","0.861111111111111","1.0","0.1111111111111111","11","1","false","GSK3B","1.8888888888888888","0","10","1","1","1","0","1.0","false","1","GSK3B","64","0.25925925925925924"
"124","1.6666666666666667","0.013888888888888888","0.6","0.6666666666666666","3","2","false","ZNF710","4.333333333333333","0","3","0","0","0","0","0.925925925925926","false","0","ZNF710","2","0.48148148148148145"
"44","1.0","0.4477941176470587","1.0","0.22058823529411764","19","1","false","BCL2","4.529411764705882","0","18","1","1","1","0","1.0","false","1","BCL2","212","0.2664359861591695"
"138","1.5","0.5","0.6666666666666666","0.0","2","2","false","CAPG","2.0","0","2","0","0","0","0","0.8333333333333334","false","0","CAPG","6","0.5"
"29","0.0","0.0","0.0","0.0","0","0","true","EGR3","0.0","0","0",,"0","0","0","Infinity","false","0","EGR3","0","0.0"
"89","1.0","0.4657017543859649","1.0","0.20526315789473684","22","1","false","TNFSF11","4.9","0","21","1","1","1","0","1.0","false","1","TNFSF11","302","0.245"
"89","1.75","0.008771929824561403","0.5714285714285714","0.6","5","2","false","HSP90AA4P","9.2","0","5","0","0","0","0","0.9625","false","0","HSP90AA4P","8","0.46"
"76","2.0","0.0","0.5","0.0","1","3","false","TCEANC","2.0","0","1","0","0","0","0","0.5","false","0","TCEANC","0","0.0"
"16","1.85","0.002631578947368421","0.5405405405405405","0.6666666666666666","3","2","false","IGKV2D-30","11.0","0","3","0",,"0","0","0.9574999999999999","false","0","IGKV2D-30","2","0.55"
"89","1.6","0.02719298245614035","0.625","0.4642857142857143","8","2","false","DCDC2C","8.375","0","8","0","0","0","0","0.97","false","0","DCDC2C","30","0.41875"
"92","0.0","0.0","0.0","0.0","0","0","true","FRMD6-AS1","0.0","0","0",,"0","0","0","Infinity","false","0","FRMD6-AS1","0","0.0"
"180","1.0","0.75","1.0","0.2","7","1","false","ESR1","1.8","0","6","1","1","1","0","1.0","false","1","ESR1","16","0.4666666666666667"
"180","1.6","0.0","0.625","1.0","2","2","false","TAOK3","4.0","0","2","0","0","0","0","0.8800000000000001","false","0","TAOK3","0","0.8"
"135","1.5","0.5","0.6666666666666666","0.0","2","2","false","LRFN3","2.0","0","2","0","0","0","0","0.8333333333333334","false","0","LRFN3","6","0.5"
"181","1.2","0.25","0.8333333333333334","0.5","6","2","false","NTRK1","2.75","0","5","1","1","1","0","0.95","false","1","NTRK1","10","0.55"
"181","1.4","0.4","0.7142857142857143","0.3333333333333333","3","2","false","IFNLR1","3.0","0","3","0","0","0","0","0.9","false","0","IFNLR1","12","0.6666666666666666"
"46","1.875","0.0018017153097798257","0.5333333333333333","0.3","5","3","false","RIPK2","17.6","0","5","0",,"0","0","0.96875","false","0","RIPK2","14","0.58"
"58","2.4285714285714284","0.0","0.411764705882353","0.0","1","3","false","FOXRED2","3.0","0","1",,"0","0","0","0.6428571428571429","false","0","FOXRED2","0","0.0"
"90","1.8064516129032258","2.9790997532933017E-4","0.5535714285714286","0.8666666666666667","6","2","false","OR9A1P","21.666666666666668","0","6",,"0","0","0","0.9739854318418315","false","0","OR9A1P","4","0.6989247311827957"
"43","1.5","0.01646137087313558","0.6666666666666666","0.6666666666666666","9","2","false","PGA4","11.0","0","9","0","0","0","0","0.9722222222222222","false","0","PGA4","24","0.6111111111111112"
"62","1.7391304347826086","0.012516469038208166","0.5750000000000001","0.4666666666666667","6","2","false","CFAP107","10.333333333333334","0","6","0","0","0","0","0.9678638941398866","false","0","CFAP107","16","0.4492753623188406"
"183","0.0","0.0","0.0","0.0","0","0","true","NKX2-8","0.0","0","0","0","0","0","0","Infinity","false","0","NKX2-8","0","0.0"
"115","1.6923076923076923","0.008044067044067045","0.5909090909090909","0.42857142857142855","8","2","false","C3orf84","12.5","0","8","0","0","0","0","0.9733727810650887","false","0","C3orf84","32","0.4807692307692308"
"67","0.0","0.0","0.0","0.0","0","0","true","PPM1J","0.0","0","0","0","0","0","0","Infinity","false","0","PPM1J","0","0.0"
"5","1.8979591836734695","9.217273200589905E-5","0.5268817204301075","0.7","5","2","false","NPY4R","35.4","0","5","0","0","0","0","0.9812925170068026","false","0","NPY4R","6","0.7224489795918367"
"5","1.8571428571428572","0.0015103120428680884","0.5384615384615384","0.47619047619047616","7","2","false","CYB5RL","25.428571428571427","0","7","0","0","0","0","0.9821428571428572","false","0","CYB5RL","22","0.5189504373177842"
"117","0.0","0.0","0.0","0.0","0","0","true","TBC1D28","0.0","0","0",,"0","0","0","Infinity","false","0","TBC1D28","0","0.0"
"97","1.8","0.0","0.5555555555555556","0.0","1","2","false","CRTC3","5.0","0","1","0","0","0","0","0.8400000000000001","false","0","CRTC3","0","0.0"
"90","1.8387096774193548","1.0240655401945725E-4","0.543859649122807","0.9","5","2","false","UAP1","24.0","0","5","0","0","0","0","0.9729448491155046","false","0","UAP1","2","0.7741935483870968"
"15","1.25","0.8333333333333333","0.8","0.0","3","2","false","NCAPG","1.3333333333333333","0","3","0","0","0","0","0.9166666666666666","false","0","NCAPG","10","0.3333333333333333"
"43","1.8333333333333333","5.027652086475616E-4","0.5454545454545455","0.6666666666666666","3","2","false","PDXDC1","16.0","0","3","0","0","0","0","0.9537037037037037","false","0","PDXDC1","2","0.8888888888888888"
"184","1.0","0.44949494949494956","1.0","0.24242424242424243","14","1","false","JUN","3.6666666666666665","0","13","1","1","1","0","1.0","false","1","JUN","100","0.3055555555555556"
"184","1.8333333333333333","0.0","0.5454545454545455","1.0","2","2","false","TPPP2","9.5","0","2","0","0","0","0","0.9305555555555555","false","0","TPPP2","0","0.7916666666666666"
"145","1.8181818181818181","0.0","0.55","1.0","3","3","false","PECAM1","7.666666666666667","0","3","0","0","0","0","0.9181818181818182","false","0","PECAM1","0","0.7666666666666667"
"172","2.0","0.0","0.5","0.0","1","3","false","ZNF185","2.0","0","1",,"0","0","0","0.5","false","0","ZNF185","0","0.0"
"63","1.2","0.55","0.8333333333333334","0.0","4","2","false","GABPA","1.75","0","4","0","0","0","0","0.95","false","0","GABPA","18","0.75"
"58","2.0","0.047619047619047616","0.5","0.0","2","3","false","CYB5A","3.0","0","2","0","0","0","0","0.75","false","0","CYB5A","4","0.6666666666666666"
"1","1.7179487179487178","0.010446742285033665","0.582089552238806","0.36363636363636365","11","2","false","OR51M1","15.090909090909092","0","11","0","0","0","0","0.9800569800569802","false","0","OR51M1","104","0.38694638694638694"
"115","1.8076923076923077","0.002843822843822844","0.5531914893617021","0.5","5","2","false","MOB2","13.0","0","5","0","0","0","0","0.9689349112426036","false","0","MOB2","10","0.5"
"125","1.0","0.47564102564102567","1.0","0.26373626373626374","14","1","false","CTSK","4.428571428571429","0","14","1","1","1","0","1.0","false","0","CTSK","134","0.3163265306122449"
"125","1.6428571428571428","0.008608058608058609","0.6086956521739131","0.7","5","2","false","CASKIN2","7.2","0","5","0","0","0","0","0.9540816326530612","false","0","CASKIN2","6","0.5142857142857142"
"89","1.65","0.020087719298245613","0.6060606060606061","0.42857142857142855","7","2","false","CTNNA3","8.571428571428571","0","7","0","0","0","0","0.9675","false","0","CTNNA3","24","0.42857142857142855"
"135","2.0","0.0","0.5","0.0","1","3","false","CHPF2","3.0","0","1",,"0","0","0","0.6666666666666666","false","0","CHPF2","0","0.0"
"66","1.75","0.0","0.5714285714285714","0.0","1","2","false","VGLL3","4.0","0","1","0","0","0","0","0.8125","false","0","VGLL3","0","0.0"
"187","1.8888888888888888","0.0","0.5294117647058824","0.0","1","2","false","OOSP4A","9.0","0","1","0",,"0","0","0.9012345679012346","false","0","OOSP4A","0","0.0"
"187","1.0","0.9444444444444444","1.0","0.05555555555555555","9","1","false","BGLAP","1.4444444444444444","0","9","1","1","1","0","1.0","false","0","BGLAP","68","0.2222222222222222"
"51","2.5","0.0","0.4","0.0","1","4","false","RUNDC3B","2.0","0","1","0","0","0","0","0.25","false","0","RUNDC3B","0","0.0"
"188","0.0","0.0","0.0","0.0","0","0","true","OR13C8","0.0","0","0","0",,"0","0","Infinity","false","0","OR13C8","0","0.0"
"141","1.7","0.005555555555555556","0.5882352941176471","0.6666666666666666","3","2","false","RPS6KC1","6.333333333333333","0","3",,"0","0","0","0.93","false","0","RPS6KC1","2","0.6333333333333333"
"189","1.0","0.40384615384615385","1.0","0.21978021978021978","16","1","false","MAPK14","3.857142857142857","0","15","1","1","1","0","1.0","false","1","MAPK14","142","0.2755102040816326"
"189","1.7857142857142858","0.0","0.5599999999999999","1.0","3","2","false","YME1L1","10.666666666666666","0","3","0","0","0","0","0.9438775510204082","false","0","YME1L1","0","0.7619047619047619"
"128","1.7083333333333333","0.007588566827697261","0.5853658536585367","0.5238095238095238","7","2","false","DHRS13","11.714285714285714","0","7","0","0","0","0","0.9704861111111112","false","0","DHRS13","20","0.4880952380952381"
"46","1.84375","9.072580645161291E-4","0.5423728813559322","0.7","5","2","false","ZNF311","16.8","0","5",,"0","0","0","0.9698660714285714","false","0","ZNF311","6","0.525"
"187","1.7777777777777777","0.0","0.5625","1.0","2","2","false","STX16","5.5","0","2","0",,"0","0","0.9135802469135802","false","0","STX16","0","0.6111111111111112"
"1","1.5384615384615385","0.03836687678792941","0.6499999999999999","0.27450980392156865","18","2","false","PMS2","12.333333333333334","0","18","0","0","0","0","0.985042735042735","false","0","PMS2","242","0.3162393162393162"
"68","0.0","0.0","0.0","0.0","0","0","true","CCKAR","0.0","0","0",,"0","0","0","Infinity","false","0","CCKAR","0","0.0"
"137","0.0","0.0","0.0","0.0","0","0","true","ZNF582","0.0","0","0",,"0","0","0","Infinity","false","0","ZNF582","0","0.0"
"144","1.875","3.547813266945636E-4","0.5333333333333333","0.6666666666666666","4","2","false","SLC2A11","17.5","0","4","0","0","0","0","0.9708333333333333","false","0","SLC2A11","6","0.546875"
"146","0.0","0.0","0.0","0.0","0","0","true","ITFG2","0.0","0","0",,"0","0","0","Infinity","false","0","ITFG2","0","0.0"
"136","1.7142857142857142","0.0070643642072213495","0.5833333333333334","0.5","4","2","false","RHOBTB3","9.0","0","4","0","0","0","0","0.9489795918367347","false","0","RHOBTB3","6","0.6428571428571429"
"128","1.5833333333333333","0.023685875316310098","0.6315789473684211","0.37777777777777777","10","2","false","SGCA","10.4","0","10","0","0","0","0","0.9756944444444445","false","0","SGCA","56","0.43333333333333335"
"30","2.0","0.0","0.5","0.0","1","3","false","FKBP10","2.0","0","1","0","0","0","0","0.5","false","0","FKBP10","0","0.0"
"136","1.7857142857142858","0.0015698587127158557","0.5599999999999999","0.6666666666666666","3","2","false","RASGEF1B","10.666666666666666","0","3","0","0","0","0","0.9438775510204082","false","0","RASGEF1B","2","0.7619047619047619"
"121","1.0","1.0","1.0","0.0","3","1","false","KAT5","1.0","0","3","0","0","0","0","1.0","false","0","KAT5","6","0.0"
"58","2.2857142857142856","0.0","0.4375","0.0","1","3","false","PLCZ1","4.0","0","1",,"0","0","0","0.6785714285714286","false","0","PLCZ1","0","0.0"
"5","1.816326530612245","0.0030415197640518005","0.550561797752809","0.4722222222222222","9","2","false","UBA2","19.22222222222222","0","9",,"0","0","0","0.9829931972789115","false","0","UBA2","38","0.3922902494331066"
"136","1.7142857142857142","0.008241758241758242","0.5833333333333334","0.5","4","2","false","AP3B1","7.5","0","4","0","0","0","0","0.9489795918367347","false","0","AP3B1","6","0.5357142857142857"
"128","1.75","0.009782608695652173","0.5714285714285714","0.4","6","2","false","GTF2A1L","11.166666666666666","0","6","0","0","0","0","0.96875","false","0","GTF2A1L","18","0.4652777777777778"
"144","1.8125","0.003521753428201414","0.5517241379310345","0.4666666666666667","6","2","false","SHC2","15.833333333333334","0","6",,"0","0","0","0.9729166666666667","false","0","SHC2","24","0.4947916666666667"
"93","0.0","0.0","0.0","0.0","0","0","true","TMIGD2","0.0","0","0",,"0","0","0","Infinity","false","0","TMIGD2","0","0.0"
"191","1.5","0.0","0.6666666666666666","0.0","3","2","false","AR","2.0","0","2","1","1","1","0","0.75","false","1","AR","0","0.0"
"191","1.0","1.0","1.0","0.0","2","1","false","RBL2","1.0","0","2","0","0","0","0","1.0","false","0","RBL2","2","0.0"
"90","1.8387096774193548","0.0","0.543859649122807","1.0","5","2","false","GTF2H1","22.2","0","5","0","0","0","0","0.9729448491155046","false","0","GTF2H1","0","0.7161290322580646"
"78","1.3333333333333333","0.6666666666666666","0.75","0.0","2","2","false","GPANK1","1.5","0","2","0","0","0","0","0.8333333333333334","false","0","GPANK1","4","0.5"
"15","2.0","0.0","0.5","0.0","1","3","false","NCAPH","3.0","0","1",,"0","0","0","0.6666666666666666","false","0","NCAPH","0","0.0"
"62","1.6521739130434783","0.02230378317334839","0.6052631578947368","0.4642857142857143","8","2","false","KCNK13","10.125","0","8","0","0","0","0","0.9716446124763706","false","0","KCNK13","30","0.44021739130434784"
"16","1.8","6.578947368421052E-4","0.5555555555555556","0.8333333333333334","4","2","false","ADARB2-AS1","12.75","0","4","0",,"0","0","0.96","false","0","ADARB2-AS1","2","0.6375"
"27","1.8461538461538463","2.1978021978021978E-4","0.5416666666666666","0.8333333333333334","4","2","false","MFSD4A","20.0","0","4","0","0","0","0","0.9674556213017751","false","0","MFSD4A","2","0.7692307692307693"
"6","1.8571428571428572","9.778911564625851E-4","0.5384615384615384","0.9","5","3","false","MSI2","11.0","0","5","0","0","0","0","0.9340659340659341","false","0","MSI2","4","0.5789473684210527"
"158","0.0","0.0","0.0","0.0","0","0","true","KLHL13","0.0","0","0",,"0","0","0","Infinity","false","0","KLHL13","0","0.0"
"85","2.2857142857142856","0.0","0.4375","1.0","2","3","false","HELLS","3.0","0","2","0","0","0","0","0.7857142857142857","false","0","HELLS","0","1.0"
"144","1.8125","0.002090009622684817","0.5517241379310345","0.5333333333333333","6","2","false","THNSL2","17.5","0","6",,"0","0","0","0.9729166666666667","false","0","THNSL2","20","0.546875"
"5","1.8571428571428572","2.1972375241406224E-4","0.5384615384615384","0.7619047619047619","7","2","false","TRIM59","31.857142857142858","0","7","0","0","0","0","0.9821428571428572","false","0","TRIM59","10","0.6501457725947521"
"1","1.9230769230769231","0.006662489557226398","0.52","0.10714285714285714","8","3","false","ZNF319","11.125","0","8","0","0","0","0","0.9743589743589745","false","0","ZNF319","50","0.3541666666666667"
"78","2.0","0.0","0.5","0.0","1","3","false","TLX3","2.0","0","1","0","0","0","0","0.5","false","0","TLX3","0","0.0"
"58","1.4285714285714286","0.42857142857142855","0.7","0.16666666666666666","4","2","false","TCTN1","2.5","0","4","0","0","0","0","0.8928571428571428","false","0","TCTN1","22","0.4"
"44","1.7058823529411764","0.0075980392156862735","0.5862068965517242","0.6","5","2","false","PSMD13","10.2","0","5","0","0","0","0","0.958477508650519","false","0","PSMD13","8","0.6"
"11","2.0","0.0","0.5","0.0","1","3","false","PDIA2","3.0","0","1","0","0","0","0","0.6666666666666666","false","0","PDIA2","0","0.0"
"128","1.875","9.057971014492754E-4","0.5333333333333333","0.6666666666666666","3","2","false","AKAP17A","12.333333333333334","0","3","0","0","0","0","0.9635416666666666","false","0","AKAP17A","2","0.5138888888888888"
"6","1.6666666666666667","0.0215007215007215","0.6","0.38095238095238093","7","2","false","UBE2I","9.142857142857142","0","7","0","0","0","0","0.9487179487179488","false","0","UBE2I","44","0.43537414965986393"
"112","1.64","0.016244505494505495","0.6097560975609756","0.3888888888888889","9","2","false","KCNJ12","11.555555555555555","0","9","0","0","0","0","0.9743999999999999","false","0","KCNJ12","44","0.4622222222222222"
"184","1.25","0.18434343434343434","0.8","0.2222222222222222","9","2","false","SHTN1","3.888888888888889","0","9","0","0","0","0","0.9791666666666666","false","0","SHTN1","56","0.32407407407407407"
"1","1.7692307692307692","0.004519764236363426","0.5652173913043479","0.4444444444444444","9","2","false","RASSF2","17.77777777777778","0","9","0","0","0","0","0.9786324786324787","false","0","RASSF2","40","0.45584045584045585"
"185","0.0","0.0","0.0","0.0","0","0","true","CARD14","0.0","0","0",,"0","0","0","Infinity","false","0","CARD14","0","0.0"
"20","2.0","0.0","0.5","0.0","1","3","false","KCNJ2","4.0","0","1","0","0","0","0","0.75","false","0","KCNJ2","0","0.0"
"44","1.8235294117647058","0.0012254901960784314","0.5483870967741935","0.6666666666666666","3","2","false","WNT9A","12.333333333333334","0","3","0",,"0","0","0.9515570934256055","false","0","WNT9A","2","0.7254901960784313"
"128","1.7916666666666667","0.004261559696342305","0.5581395348837209","0.5","5","2","false","RBMX2","12.2","0","5",,"0","0","0","0.9670138888888888","false","0","RBMX2","10","0.5083333333333333"
"16","1.8","0.0010526315789473684","0.5555555555555556","0.8333333333333334","4","2","false","TDGF1","11.75","0","4","0","0","0","0","0.96","false","0","TDGF1","2","0.5875"
"112","1.48","0.039308201058201056","0.6756756756756757","0.46153846153846156","13","2","false","GOLGA3","11.23076923076923","0","13","0","0","0","0","0.9808","false","0","GOLGA3","84","0.4492307692307692"
"46","1.9375","0.007174059139784946","0.5161290322580645","0.23809523809523808","7","3","false","ZCCHC2","9.857142857142858","0","7",,"0","0","0","0.9665178571428571","false","0","ZCCHC2","32","0.37362637362637363"
"5","1.1224489795918366","0.17439952171344728","0.890909090909091","0.1406423034330011","43","2","false","BOD1L1","9.279069767441861","0","43","0","0","0","0","0.9974489795918368","false","0","BOD1L1","1552","0.1893687707641196"
"19","1.25","0.6666666666666666","0.8","0.3333333333333333","3","2","false","ARF5","2.0","0","3","0","0","0","0","0.9166666666666666","false","0","ARF5","8","0.5555555555555556"
"88","1.7916666666666667","0.006400966183574879","0.5581395348837209","0.4","5","2","false","FAM161B","9.8","0","5","0","0","0","0","0.9670138888888888","false","0","FAM161B","12","0.4083333333333333"
"43","1.5","0.013107807225454285","0.6666666666666666","0.7222222222222222","9","2","false","MIDEAS","11.222222222222221","0","9","0","0","0","0","0.9722222222222222","false","0","MIDEAS","20","0.6234567901234568"
"53","1.0","1.0","1.0","0.0","2","1","false","PPM1B","1.0","0","2","0","0","0","0","1.0","false","0","PPM1B","2","0.0"
"161","1.5","0.0","0.6666666666666666","0.0","1","2","false","NXPH3","2.0","0","1","0",,"0","0","0.75","false","0","NXPH3","0","0.0"
"147","0.0","0.0","0.0","0.0","0","0","true","ZNF136","0.0","0","0",,"0","0","0","Infinity","false","0","ZNF136","0","0.0"
"43","1.6111111111111112","0.007749766573295985","0.6206896551724138","0.7142857142857143","7","2","false","CNTLN","11.428571428571429","0","7","0","0","0","0","0.9660493827160495","false","0","CNTLN","12","0.6349206349206349"
"159","0.0","0.0","0.0","0.0","0","0","true","KCNJ1","0.0","0","0","0","0","0","0","Infinity","false","0","KCNJ1","0","0.0"
"70","1.0","0.0","1.0","0.0","1","1","false","CAPZB","1.0","0","1","0","0","0","0","1.0","false","0","CAPZB","0","0.0"
"27","1.8461538461538463","5.128205128205128E-4","0.5416666666666666","0.8333333333333334","4","2","false","RIOX2","17.75","0","4","0","0","0","0","0.9674556213017751","false","0","RIOX2","2","0.6826923076923077"
"129","1.7777777777777777","8.169934640522876E-4","0.5625","0.8333333333333334","4","2","false","ANKRD22","12.25","0","4",,"0","0","0","0.95679012345679","false","0","ANKRD22","2","0.6805555555555556"
"27","1.8076923076923077","0.001103896103896104","0.5531914893617021","0.7","5","2","false","ACP5","16.6","0","5","0","0","0","0","0.9689349112426036","false","0","ACP5","6","0.6384615384615384"
"1","1.7692307692307692","0.007974930845610888","0.5652173913043479","0.3333333333333333","9","2","false","OR12D2","16.22222222222222","0","9","0","0","0","0","0.9786324786324787","false","0","OR12D2","84","0.4239766081871345"
"144","1.90625","2.999364373112982E-4","0.5245901639344263","0.6666666666666666","4","3","false","COX11","19.5","0","4","0","0","0","0","0.9697916666666667","false","0","COX11","8","0.6290322580645161"
"16","1.2","0.22499999999999995","0.8333333333333334","0.19166666666666668","16","2","false","PHACTR2","5.0625","0","16","0","0","0","0","0.99","false","0","PHACTR2","194","0.253125"
"27","1.6923076923076923","0.006043956043956043","0.5909090909090909","0.6785714285714286","8","2","false","SKI","14.625","0","8","0","0","0","0","0.9733727810650887","false","0","SKI","18","0.5625"
"90","1.8387096774193548","2.9790997532933017E-4","0.543859649122807","0.8","5","2","false","HOXA13","24.2","0","5",,"0","0","0","0.9729448491155046","false","0","HOXA13","4","0.7806451612903226"
"123","1.0833333333333333","0.2777777777777778","0.9230769230769231","0.2909090909090909","11","2","false","ZC3H13","4.090909090909091","0","11","0","0","0","0","0.9930555555555555","false","0","ZC3H13","78","0.3409090909090909"
"115","1.5769230769230769","0.025074481074481073","0.6341463414634146","0.2545454545454545","11","2","false","RNF168","10.181818181818182","0","11",,"0","0","0","0.977810650887574","false","0","RNF168","82","0.3916083916083916"
"11","1.5","0.5","0.6666666666666666","0.0","2","2","false","EIF2S1","2.0","0","2","0","0","0","0","0.8333333333333334","false","0","EIF2S1","6","0.5"
"113","0.0","0.0","0.0","0.0","0","0","true","FBXL18","0.0","0","0",,"0","0","0","Infinity","false","0","FBXL18","0","0.0"
"128","1.8333333333333333","0.002113526570048309","0.5454545454545455","0.6666666666666666","4","2","false","C10orf67","13.75","0","4","0","0","0","0","0.9652777777777778","false","0","C10orf67","4","0.5729166666666666"
"62","1.8695652173913044","0.0","0.5348837209302325","1.0","3","2","false","MSTN","18.666666666666668","0","3","0","0","0","0","0.9621928166351607","false","0","MSTN","0","0.8115942028985508"
"28","1.75","0.007575757575757576","0.5714285714285714","0.6666666666666666","3","2","false","OR1M1","6.0","0","3","0","0","0","0","0.9375","false","0","OR1M1","2","0.5"
"69","0.0","0.0","0.0","0.0","0","0","true","CHN1","0.0","0","0",,"0","0","0","Infinity","false","0","CHN1","0","0.0"
"72","1.75","0.0","0.5714285714285714","0.0","1","2","false","TAPT1","4.0","0","1","0","0","0","0","0.8125","false","0","TAPT1","0","0.0"
"189","1.7857142857142858","0.0","0.5599999999999999","1.0","3","2","false","USO1","11.0","0","3","0","0","0","0","0.9438775510204082","false","0","USO1","0","0.7857142857142857"
"5","1.8979591836734695","4.215272400269777E-5","0.5268817204301075","0.8","5","2","false","PUS1","35.4","0","5",,"0","0","0","0.9812925170068026","false","0","PUS1","4","0.7224489795918367"
"128","1.7916666666666667","7.648953301127214E-4","0.5581395348837209","0.8","5","2","false","SH3D21","14.6","0","5","0","0","0","0","0.9670138888888888","false","0","SH3D21","4","0.6083333333333333"
"88","1.8333333333333333","0.001229296066252588","0.5454545454545455","0.5","4","2","false","IGHV1-45","16.5","0","4","0",,"0","0","0.9652777777777778","false","0","IGHV1-45","6","0.6875"
"136","1.7857142857142858","0.0027472527472527475","0.5599999999999999","0.6666666666666666","3","2","false","CPSF3","8.666666666666666","0","3",,"0","0","0","0.9438775510204082","false","0","CPSF3","2","0.6190476190476191"
"90","1.8709677419354838","3.5842293906810036E-4","0.5344827586206897","0.8333333333333334","4","2","false","AP1M2","18.5","0","4","0","0","0","0","0.9719042663891779","false","0","AP1M2","2","0.5967741935483871"
"144","1.84375","0.0018168335187245086","0.5423728813559322","0.6","5","2","false","MAMLD1","16.0","0","5",,"0","0","0","0.971875","false","0","MAMLD1","12","0.5"
"43","1.7777777777777777","5.027652086475616E-4","0.5625","0.8333333333333334","4","2","false","PGA3","15.5","0","4","0",,"0","0","0.95679012345679","false","0","PGA3","2","0.8611111111111112"
"129","1.7777777777777777","8.169934640522876E-4","0.5625","0.8333333333333334","4","2","false","LCN15","12.25","0","4",,"0","0","0","0.95679012345679","false","0","LCN15","2","0.6805555555555556"
"144","1.75","0.010560889513197632","0.5714285714285714","0.35714285714285715","8","2","false","DZIP1","10.125","0","8","0","0","0","0","0.975","false","0","DZIP1","62","0.31640625"
"27","1.6153846153846154","0.012363969363969362","0.6190476190476191","0.5777777777777777","10","2","false","SULT1A4","12.4","0","10","0","0","0","0","0.9763313609467456","false","0","SULT1A4","38","0.47692307692307695"
"46","1.65625","0.020952540962621603","0.6037735849056604","0.32727272727272727","11","2","false","SULT1E1","12.090909090909092","0","11","0","0","0","0","0.9765625","false","0","SULT1E1","118","0.3778409090909091"
"129","1.8333333333333333","8.169934640522876E-4","0.5454545454545455","0.6666666666666666","3","2","false","GRAMD2B","12.666666666666666","0","3",,"0","0","0","0.9537037037037037","false","0","GRAMD2B","2","0.7037037037037037"
"110","1.0","0.0","1.0","0.0","1","1","false","TRIM69","1.0","0","1","0","0","0","0","1.0","false","0","TRIM69","0","0.0"
"1","1.7692307692307692","0.009447407693021728","0.5652173913043479","0.37777777777777777","10","3","false","TRIM55","12.4","0","10","0","0","0","0","0.9786324786324787","false","0","TRIM55","64","0.3263157894736842"
"27","1.8076923076923077","5.616605616605617E-4","0.5531914893617021","0.8","5","2","false","BTBD16","18.0","0","5","0","0","0","0","0.9689349112426036","false","0","BTBD16","4","0.6923076923076923"
"5","1.8775510204081634","7.451124793334016E-4","0.5326086956521738","0.5333333333333333","6","2","false","TBX10","29.5","0","6","0","0","0","0","0.98171768707483","false","0","TBX10","14","0.6020408163265306"
"157","2.4444444444444446","0.0","0.40909090909090906","0.0","1","3","false","CTDNEP1","4.0","0","1","0","0","0","0","0.8194444444444444","false","0","CTDNEP1","0","0.0"
"134","1.4444444444444444","0.07870370370370369","0.6923076923076923","0.4","5","2","false","SEPTIN5","4.4","0","5","0","0","0","0","0.9506172839506173","false","0","SEPTIN5","12","0.4888888888888889"
"90","1.8709677419354838","0.0","0.5344827586206897","1.0","4","2","false","ERF","25.0","0","4",,"0","0","0","0.9719042663891779","false","0","ERF","0","0.8064516129032258"
"194","0.0","0.0","0.0","0.0","0","0","true","CNMD","0.0","0","0","0","0","0","0","Infinity","false","0","CNMD","0","0.0"
"5","1.836734693877551","8.392572801108553E-4","0.5444444444444444","0.6785714285714286","8","2","false","ZDHHC11","27.75","0","8","0","0","0","0","0.9825680272108843","false","0","ZDHHC11","18","0.5663265306122449"
"16","1.55","0.053508771929824554","0.6451612903225806","0.25","9","2","false","FAM117B","5.777777777777778","0","9","0","0","0","0","0.9724999999999999","false","0","FAM117B","54","0.28888888888888886"
"27","1.3461538461538463","0.08346275946275947","0.7428571428571428","0.3382352941176471","17","2","false","IL16","9.117647058823529","0","17","0","0","0","0","0.9866863905325444","false","0","IL16","180","0.3506787330316742"
"52","0.0","0.0","0.0","0.0","0","0","true","IRX2","0.0","0","0",,"0","0","0","Infinity","false","0","IRX2","0","0.0"
"1","1.8461538461538463","0.0013199912997483847","0.5416666666666666","0.5333333333333333","6","2","false","UCP3","20.166666666666668","0","6","0","0","0","0","0.9764957264957265","false","0","UCP3","14","0.5170940170940171"
"148","0.0","0.0","0.0","0.0","0","0","true","WNT2B","0.0","0","0",,"0","0","0","Infinity","false","0","WNT2B","0","0.0"
"89","1.25","0.19254385964912282","0.8","0.23809523809523808","15","2","false","ZCCHC8","5.533333333333333","0","15","0","0","0","0","0.9875","false","0","ZCCHC8","160","0.27666666666666667"
"89","1.7","0.014912280701754384","0.5882352941176471","0.3333333333333333","6","2","false","KCNK18","8.0","0","6","0","0","0","0","0.9650000000000001","false","0","KCNK18","20","0.4"
"126","1.7","0.011111111111111112","0.5882352941176471","0.6666666666666666","3","2","false","DEGS2","4.666666666666667","0","3",,"0","0","0","0.93","false","0","DEGS2","2","0.4666666666666667"
"89","1.9","0.0","0.5263157894736842","1.0","2","2","false","SERPINB10","17.5","0","2",,"0","0","0","0.9550000000000001","false","0","SERPINB10","0","0.875"
"145","1.6363636363636365","0.03151515151515152","0.611111111111111","0.6666666666666666","4","2","false","MARK1","7.5","0","4","0","0","0","0","0.9363636363636363","false","0","MARK1","10","0.6818181818181818"
"84","1.2","0.9","0.8333333333333334","0.0","4","2","false","KRTAP10-9","1.25","0","4","0","0","0","0","0.95","false","0","KRTAP10-9","18","0.25"
"190","1.6666666666666667","0.0","0.6","0.0","1","2","false","MYLK2","3.0","0","1","0","0","0","0","0.7777777777777777","false","0","MYLK2","0","0.0"
"1","1.8461538461538463","0.0018363215731636781","0.5416666666666666","0.3333333333333333","6","2","false","ZNF668","17.0","0","6","0","0","0","0","0.9764957264957265","false","0","ZNF668","20","0.4358974358974359"
"85","1.5714285714285714","0.11904761904761904","0.6363636363636364","0.6666666666666666","3","2","false","RPAP3","3.6666666666666665","0","3","0","0","0","0","0.9047619047619048","false","0","RPAP3","10","0.5238095238095238"
"173","0.0","0.0","0.0","0.0","0","0","true","GSR","0.0","0","0","0","0","0","0","Infinity","false","0","GSR","0","0.0"
"62","1.2173913043478262","0.1922642574816488","0.8214285714285714","0.22875816993464052","18","2","false","SYT17","5.944444444444445","0","18","0","0","0","0","0.9905482041587901","false","0","SYT17","236","0.2584541062801932"
"28","1.4166666666666667","0.11111111111111112","0.7058823529411764","0.2857142857142857","7","2","false","OR6C76","4.142857142857143","0","7","0","0","0","0","0.9652777777777778","false","0","OR6C76","30","0.34523809523809523"
"129","1.4444444444444444","0.05005446623093682","0.6923076923076923","0.4444444444444444","10","2","false","SALL2","7.6","0","10","0","0","0","0","0.9753086419753088","false","0","SALL2","50","0.4222222222222222"
"145","1.6363636363636365","0.009696969696969697","0.611111111111111","0.8333333333333334","4","2","false","JUP","7.75","0","4","0","0","0","0","0.9363636363636363","false","0","JUP","4","0.7045454545454546"
"94","0.0","0.0","0.0","0.0","0","0","true","SLC2A4RG","0.0","0","0",,"0","0","0","Infinity","false","0","SLC2A4RG","0","0.0"
"30","1.3333333333333333","0.6666666666666666","0.75","0.0","2","2","false","DUSP4","1.5","0","2","0","0","0","0","0.8333333333333334","false","0","DUSP4","4","0.5"
"20","2.4","0.0","0.4166666666666667","0.0","1","3","false","CFAP418","2.0","0","1","0","0","0","0","0.65","false","0","CFAP418","0","0.0"
"31","0.0","0.0","0.0","0.0","0","0","true","OR10D3","0.0","0","0",,"0","0","0","Infinity","false","0","OR10D3","0","0.0"
"46","1.71875","0.02014848950332821","0.5818181818181818","0.3333333333333333","10","3","false","RUBCNL","12.3","0","10","0","0","0","0","0.9743303571428571","false","0","RUBCNL","66","0.3967741935483871"
"160","2.0","0.0","0.5","0.0","1","3","false","DGLUCY","3.0","0","1","0","0","0","0","0.6666666666666666","false","0","DGLUCY","0","0.0"
"112","1.68","0.0039338624338624345","0.5952380952380952","0.7142857142857143","8","2","false","ZNF438","14.125","0","8","0","0","0","0","0.9728","false","0","ZNF438","16","0.565"
"13","1.8888888888888888","0.0","0.5294117647058824","0.0","1","2","false","TCFL5","9.0","0","1",,"0","0","0","0.9012345679012346","false","0","TCFL5","0","0.0"
"90","1.8064516129032258","0.0018279569892473118","0.5535714285714286","0.7333333333333333","6","2","false","PDZD4","16.0","0","6",,"0","0","0","0.9739854318418315","false","0","PDZD4","8","0.5161290322580645"
"90","1.8709677419354838","1.0240655401945725E-4","0.5344827586206897","0.8333333333333334","4","2","false","USP17L6P","27.25","0","4",,"0","0","0","0.9719042663891779","false","0","USP17L6P","2","0.8790322580645161"
"1","1.8717948717948718","5.847953216374269E-4","0.5342465753424658","0.6","5","2","false","METTL15P1","20.6","0","5","0","0","0","0","0.9757834757834759","false","0","METTL15P1","8","0.5282051282051282"
"44","1.8823529411764706","0.0","0.53125","1.0","2","2","false","NPEPL1","14.0","0","2",,"0","0","0","0.9480968858131488","false","0","NPEPL1","0","0.8235294117647058"
"27","1.4230769230769231","0.05155078255078255","0.7027027027027026","0.37142857142857144","15","2","false","SULT1A1","9.733333333333333","0","15","0","0","0","0","0.9837278106508875","false","0","SULT1A1","132","0.37435897435897436"
"88","1.7083333333333333","0.004921497584541063","0.5853658536585367","0.5714285714285714","7","2","false","TMEM61","13.285714285714286","0","7","0","0","0","0","0.9704861111111112","false","0","TMEM61","18","0.5535714285714286"
"53","1.5","0.0","0.6666666666666666","0.0","1","2","false","MINDY2","2.0","0","1","0","0","0","0","0.75","false","0","MINDY2","0","0.0"
"184","1.75","0.002525252525252525","0.5714285714285714","0.6666666666666666","3","2","false","H2BC26","9.333333333333334","0","3","0","0","0","0","0.9375","false","0","H2BC26","2","0.7777777777777778"
"181","1.8","0.0","0.5555555555555556","1.0","2","3","false","P2RX6","4.0","0","2","0",,"0","0","0.8","false","0","P2RX6","0","1.0"
"21","0.0","0.0","0.0","0.0","0","0","true","RPIA","0.0","0","0","0","0","0","0","Infinity","false","0","RPIA","0","0.0"
"125","1.7142857142857142","0.01282051282051282","0.5833333333333334","0.5","4","2","false","ZNF717","7.25","0","4","0","0","0","0","0.9489795918367347","false","0","ZNF717","6","0.5178571428571429"
"88","1.875","7.246376811594203E-4","0.5333333333333333","0.6666666666666666","3","2","false","GOLGA6D","13.0","0","3","0","0","0","0","0.9635416666666666","false","0","GOLGA6D","2","0.5416666666666666"
"6","1.6666666666666667","0.041127344877344874","0.6","0.39285714285714285","8","3","false","PCBP1","7.875","0","8","0","0","0","0","0.9487179487179488","false","0","PCBP1","62","0.39375"
"115","1.6153846153846154","0.017912087912087912","0.6190476190476191","0.3111111111111111","10","2","false","MRE11","10.5","0","10","0","0","0","0","0.9763313609467456","false","0","MRE11","62","0.40384615384615385"
"90","1.6451612903225807","0.012467997951868919","0.6078431372549019","0.5636363636363636","11","2","false","HPD","14.272727272727273","0","11","0","0","0","0","0.9791883454734651","false","0","HPD","48","0.4604105571847507"
"27","1.6538461538461537","0.009975579975579976","0.6046511627906977","0.5833333333333334","9","2","false","ASXL2","13.0","0","9",,"0","0","0","0.9748520710059172","false","0","ASXL2","30","0.5"
"145","1.9090909090909092","0.0","0.5238095238095238","1.0","2","3","false","OSGIN2","7.0","0","2","0","0","0","0","0.909090909090909","false","0","OSGIN2","0","0.7"
"112","1.6","0.018128306878306882","0.625","0.5111111111111111","10","2","false","RABEP1","12.1","0","10",,"0","0","0","0.976","false","0","RABEP1","44","0.484"
"128","1.5833333333333333","0.023806648263170003","0.6315789473684211","0.35555555555555557","10","2","false","TRAV12-3","10.1","0","10","0","0","0","0","0.9756944444444445","false","0","TRAV12-3","58","0.42083333333333334"
"161","1.0","1.0","1.0","0.0","2","1","false","DCP2","1.0","0","2",,"0","0","0","1.0","false","0","DCP2","2","0.0"
"111","1.6666666666666667","0.003472222222222222","0.6","0.6666666666666666","3","2","false","ZFR2","8.333333333333334","0","3",,"0","0","0","0.925925925925926","false","0","ZFR2","2","0.9259259259259259"
"13","1.8888888888888888","0.0","0.5294117647058824","0.0","1","2","false","ATXN10","9.0","0","1","0","0","0","0","0.9012345679012346","false","0","ATXN10","0","0.0"
"15","1.5","0.5","0.6666666666666666","0.0","2","2","false","GRAP2","2.0","0","2","0",,"0","0","0.8333333333333334","false","0","GRAP2","6","0.5"
"123","1.8333333333333333","0.0","0.5454545454545455","1.0","2","2","false","LRRC8E","11.5","0","2","0","0","0","0","0.9305555555555555","false","0","LRRC8E","0","0.9583333333333334"
"20","1.6","0.4","0.625","0.0","2","2","false","B9D1","2.5","0","2","0","0","0","0","0.85","false","0","B9D1","8","0.5"
"152","1.0","1.0","1.0","0.0","2","1","false","ARHGEF15","1.0","0","2","0","0","0","0","1.0","false","0","ARHGEF15","2","0.0"
"61","1.0","1.0","1.0","0.0","2","1","false","CMKLR1","1.0","0","2",,"0","0","0","1.0","false","0","CMKLR1","2","0.0"
"34","1.75","0.0","0.5714285714285714","1.0","2","3","false","PROP1","2.5","0","2","0","0","0","0","0.75","false","0","PROP1","0","0.8333333333333334"
"196","0.0","0.0","0.0","0.0","0","0","true","ALDH1A2","0.0","0","0","0",,"0","0","Infinity","false","0","ALDH1A2","0","0.0"
"128","1.7083333333333333","0.011423107890499195","0.5853658536585367","0.2857142857142857","7","2","false","COBLL1","10.571428571428571","0","7","0","0","0","0","0.9704861111111112","false","0","COBLL1","30","0.44047619047619047"
"88","1.7916666666666667","0.0016821946169772257","0.5581395348837209","0.7","5","2","false","APOBEC3A","15.0","0","5","0","0","0","0","0.9670138888888888","false","0","APOBEC3A","6","0.625"
"125","1.5","0.0717948717948718","0.6666666666666666","0.3333333333333333","7","2","false","QRICH2","5.571428571428571","0","7","0","0","0","0","0.9642857142857143","false","0","QRICH2","28","0.3979591836734694"
"144","1.53125","0.05014191359874364","0.6530612244897959","0.3333333333333333","15","2","false","CNR2","10.733333333333333","0","15","1","1","1","0","0.9822916666666667","false","0","CNR2","204","0.33541666666666664"
"73","1.0","0.0","1.0","0.0","1","1","false","SNRNP48","1.0","0","1","0","0","0","0","1.0","false","0","SNRNP48","0","0.0"
"89","1.85","0.0017543859649122805","0.5405405405405405","0.6666666666666666","3","2","false","SYN1","10.666666666666666","0","3",,"0","0","0","0.9574999999999999","false","0","SYN1","2","0.5333333333333333"
"128","1.6666666666666667","0.01552938808373591","0.6","0.39285714285714285","8","2","false","MED15","10.25","0","8","0",,"0","0","0.9722222222222222","false","0","MED15","34","0.4270833333333333"
"1","1.8717948717948718","7.351959781109579E-4","0.5342465753424658","0.6","5","2","false","TRIB1","20.8","0","5","0","0","0","0","0.9757834757834759","false","0","TRIB1","8","0.5333333333333333"
"124","1.6666666666666667","0.013888888888888888","0.6","0.6666666666666666","3","2","false","ZPBP","4.333333333333333","0","3","0","0","0","0","0.925925925925926","false","0","ZPBP","2","0.48148148148148145"
"70","1.0","0.0","1.0","0.0","1","1","false","UBE2Q2","1.0","0","1","0","0","0","0","1.0","false","0","UBE2Q2","0","0.0"
"197","0.0","0.0","0.0","0.0","0","0","true","GNAT2","0.0","0","0","0","0","0","0","Infinity","false","0","GNAT2","0","0.0"
"27","1.8461538461538463","4.3956043956043956E-4","0.5416666666666666","0.8333333333333334","4","2","false","NMUR1","17.75","0","4",,"0","0","0","0.9674556213017751","false","0","NMUR1","2","0.6826923076923077"
"144","1.84375","0.0016968258382329573","0.5423728813559322","0.5","5","2","false","TTYH1","16.8","0","5",,"0","0","0","0.971875","false","0","TTYH1","14","0.525"
"189","1.5714285714285714","0.030219780219780223","0.6363636363636364","0.5333333333333333","6","2","false","ZNF277","7.0","0","6","0","0","0","0","0.9591836734693878","false","0","ZNF277","14","0.5"
"181","1.2","0.25","0.8333333333333334","0.5","4","2","false","PCARE","2.75","0","4","0","0","0","0","0.95","false","0","PCARE","10","0.55"
"46","1.84375","0.0031398009472606244","0.5423728813559322","0.3","5","2","false","LRP2BP","15.4","0","5","0","0","0","0","0.9698660714285714","false","0","LRP2BP","40","0.49032258064516127"
"46","1.75","0.01174555171530978","0.5714285714285714","0.2857142857142857","8","2","false","HTR1E","12.625","0","8","0","0","0","0","0.9732142857142857","false","0","HTR1E","72","0.4032258064516129"
"1","1.8461538461538463","0.004417150496479253","0.5416666666666666","0.4","6","2","false","STAP1","17.0","0","6","0","0","0","0","0.9764957264957265","false","0","STAP1","40","0.4358974358974359"
"17","1.5","0.0","0.6666666666666666","0.0","1","2","false","CAMKV","2.0","0","1",,"0","0","0","0.75","false","0","CAMKV","0","0.0"
"141","1.6","0.020370370370370372","0.625","0.5","4","2","false","FGD5","5.5","0","4","0","0","0","0","0.9400000000000001","false","0","FGD5","6","0.55"
"7","1.25","0.5","0.8","0.3333333333333333","3","2","false","ZNF397","2.0","0","3","0","0","0","0","0.9166666666666666","false","0","ZNF397","6","0.5555555555555556"
"1","1.7179487179487178","0.008809202493413019","0.582089552238806","0.509090909090909","11","2","false","RAB24","15.727272727272727","0","11","0","0","0","0","0.9800569800569802","false","0","RAB24","58","0.40326340326340326"
"62","1.8695652173913044","0.0","0.5348837209302325","1.0","3","2","false","OR2J1","18.666666666666668","0","3","0","0","0","0","0.9621928166351607","false","0","OR2J1","0","0.8115942028985508"
"131","2.25","0.0","0.4444444444444444","0.0","1","3","false","CYB5R1","2.0","0","1","0","0","0","0","0.5833333333333334","false","0","CYB5R1","0","0.0"
"71","1.25","0.8333333333333333","0.8","0.0","3","2","false","PNMA8A","1.3333333333333333","0","3","0","0","0","0","0.9166666666666666","false","0","PNMA8A","10","0.3333333333333333"
"89","1.85","0.0","0.5405405405405405","1.0","3","2","false","MIER2","13.666666666666666","0","3","0","0","0","0","0.9574999999999999","false","0","MIER2","0","0.6833333333333333"
"198","0.0","0.0","0.0","0.0","0","0","true","OR4K15","0.0","0","0","0","0","0","0","Infinity","false","0","OR4K15","0","0.0"
"189","1.8571428571428572","0.0","0.5384615384615384","1.0","2","2","false","SH3RF3","13.5","0","2","0","0","0","0","0.9387755102040816","false","0","SH3RF3","0","0.9642857142857143"
"6","1.4761904761904763","0.11171756814613959","0.6774193548387096","0.2909090909090909","11","2","false","HNRNPM","6.454545454545454","0","11","0","0","0","0","0.9633699633699634","false","0","HNRNPM","118","0.30735930735930733"
"152","1.5","0.0","0.6666666666666666","0.0","1","2","false","CALU","2.0","0","1","0","0","0","0","0.75","false","0","CALU","0","0.0"
"10","1.7777777777777777","0.0","0.5625","1.0","2","2","false","TRBJ1-2","5.5","0","2","0","0","0","0","0.9135802469135802","false","0","TRBJ1-2","0","0.6111111111111112"
"162","0.0","0.0","0.0","0.0","0","0","true","MFSD9","0.0","0","0","0","0","0","0","Infinity","false","0","MFSD9","0","0.0"
"144","1.8125","0.004431840497124388","0.5517241379310345","0.4666666666666667","6","2","false","APOBEC3C","17.0","0","6","0","0","0","0","0.9729166666666667","false","0","APOBEC3C","66","0.53125"
"46","1.34375","0.11678107398873529","0.7441860465116279","0.2523809523809524","21","2","false","POPDC3","9.523809523809524","0","21","0","0","0","0","0.9877232142857143","false","0","POPDC3","374","0.2976190476190476"
"1","1.6923076923076923","0.014923039923039923","0.5909090909090909","0.36363636363636365","12","2","false","EFCAB9","14.5","0","12","0","0","0","0","0.9807692307692307","false","0","EFCAB9","88","0.3717948717948718"
"128","1.4583333333333333","0.06287669657234875","0.6857142857142857","0.28205128205128205","13","2","false","SMIM26","8.76923076923077","0","13","0","0","0","0","0.9809027777777778","false","0","SMIM26","112","0.36538461538461536"
"95","0.0","0.0","0.0","0.0","0","0","true","IL32","0.0","0","0",,"0","0","0","Infinity","false","0","IL32","0","0.0"
"199","0.0","0.0","0.0","0.0","0","0","true","ENTPD5","0.0","0","0","0",,"0","0","Infinity","false","0","ENTPD5","0","0.0"
"27","1.8076923076923077","0.001347985347985348","0.5531914893617021","0.7","5","2","false","SH3D19","17.0","0","5",,"0","0","0","0.9689349112426036","false","0","SH3D19","6","0.6538461538461539"
"44","1.8823529411764706","0.0","0.53125","1.0","2","2","false","CDY2B","13.5","0","2",,"0","0","0","0.9480968858131488","false","0","CDY2B","0","0.7941176470588235"
"145","2.0","0.0","0.5","1.0","2","3","false","ZNF595","6.5","0","2",,"0","0","0","0.9","false","0","ZNF595","0","0.7222222222222222"
"32","0.0","0.0","0.0","0.0","0","0","true","BEAN1","0.0","0","0",,"0","0","0","Infinity","false","0","BEAN1","0","0.0"
"90","1.2903225806451613","0.0946594982078853","0.775","0.24675324675324675","22","2","false","SF3A1","8.590909090909092","0","22","0","0","0","0","0.9906347554630593","false","0","SF3A1","348","0.27712609970674484"
"180","1.8","0.0","0.5555555555555556","0.0","1","2","false","CNNM2","5.0","0","1",,"0","0","0","0.8400000000000001","false","0","CNNM2","0","0.0"
"5","1.8775510204081634","4.6732279202990856E-4","0.5326086956521738","0.7333333333333333","6","2","false","MRPL28","30.666666666666668","0","6","0","0","0","0","0.98171768707483","false","0","MRPL28","8","0.6258503401360545"
"1","1.6923076923076923","0.020313061800475995","0.5909090909090909","0.22727272727272727","12","2","false","ODF3","13.0","0","12","0",,"0","0","0.9807692307692307","false","0","ODF3","130","0.3399122807017544"
"72","1.75","0.0","0.5714285714285714","0.0","1","2","false","CCDC83","4.0","0","1","0","0","0","0","0.8125","false","0","CCDC83","0","0.0"
"1","1.6153846153846154","0.028755431244723028","0.6190476190476191","0.2857142857142857","15","2","false","OR4X1","13.6","0","15","0",,"0","0","0.982905982905983","false","0","OR4X1","198","0.356140350877193"
"47","2.0","0.0","0.5","0.0","1","3","false","CRTAC1","2.0","0","1","0","0","0","0","0.5","false","0","CRTAC1","0","0.0"
"118","0.0","0.0","0.0","0.0","0","0","true","FGF7","0.0","0","0",,"0","0","0","Infinity","false","0","FGF7","0","0.0"
"27","1.7692307692307692","0.0012369852369852371","0.5652173913043479","0.8","6","2","false","TC2N","16.166666666666668","0","6","0","0","0","0","0.9704142011834319","false","0","TC2N","6","0.6217948717948718"
"125","1.6428571428571428","0.01043956043956044","0.6086956521739131","0.7","5","2","false","ARHGAP30","7.6","0","5","0","0","0","0","0.9540816326530612","false","0","ARHGAP30","6","0.5428571428571428"
"72","1.0","1.0","1.0","0.0","4","1","false","TCTN3","1.0","0","4","0","0","0","0","1.0","false","0","TCTN3","12","0.0"
"157","1.5555555555555556","0.2361111111111111","0.6428571428571428","0.3333333333333333","4","2","false","TLR5","3.75","0","4","0","0","0","0","0.9305555555555556","false","0","TLR5","22","0.4375"
"90","1.8709677419354838","1.0240655401945725E-4","0.5344827586206897","0.8333333333333334","4","2","false","CAMK1G","27.25","0","4",,"0","0","0","0.9719042663891779","false","0","CAMK1G","2","0.8790322580645161"
"111","1.1111111111111112","0.1736111111111111","0.8999999999999999","0.32142857142857145","8","2","false","PRR14L","4.25","0","8","0","0","0","0","0.9876543209876544","false","0","PRR14L","38","0.4722222222222222"
"46","1.71875","0.01409130184331797","0.5818181818181818","0.3888888888888889","9","2","false","FLYWCH1","10.777777777777779","0","9","0","0","0","0","0.9743303571428571","false","0","FLYWCH1","48","0.3368055555555556"
"200","0.0","0.0","0.0","0.0","0","0","true","SMIM23","0.0","0","0","0",,"0","0","Infinity","false","0","SMIM23","0","0.0"
"6","1.8095238095238095","0.00505952380952381","0.5526315789473684","0.5","4","2","false","WDR77","9.5","0","4","0","0","0","0","0.9377289377289377","false","0","WDR77","8","0.4523809523809524"
"73","1.0","0.0","1.0","0.0","1","1","false","ZRSR2","1.0","0","1","0","0","0","0","1.0","false","0","ZRSR2","0","0.0"
"11","2.0","0.0","0.5","0.0","1","3","false","UBE2G1","3.0","0","1","0","0","0","0","0.6666666666666666","false","0","UBE2G1","0","0.0"
"28","1.75","0.00505050505050505","0.5714285714285714","0.6666666666666666","3","2","false","FGF13","7.333333333333333","0","3","0","0","0","0","0.9375","false","0","FGF13","2","0.6111111111111112"
"145","1.1818181818181819","0.22303030303030308","0.8461538461538461","0.3888888888888889","9","2","false","ST8SIA5","4.666666666666667","0","9","0","0","0","0","0.9818181818181818","false","0","ST8SIA5","54","0.42424242424242425"
"89","1.7","0.015087719298245612","0.5882352941176471","0.4666666666666667","6","2","false","SOBP","9.166666666666666","0","6","0","0","0","0","0.9650000000000001","false","0","SOBP","16","0.4583333333333333"
"6","1.8571428571428572","0.01384920634920635","0.5384615384615384","0.5","5","3","false","IGF2BP3","8.0","0","5","0","0","0","0","0.9340659340659341","false","0","IGF2BP3","22","0.42105263157894735"
"58","2.0","0.047619047619047616","0.5","0.0","2","3","false","MLEC","3.0","0","2","0","0","0","0","0.75","false","0","MLEC","4","0.6666666666666666"
"1","1.794871794871795","0.004518989782147677","0.5571428571428572","0.32142857142857145","8","2","false","NVL","13.875","0","8","0","0","0","0","0.9779202279202279","false","0","NVL","44","0.3557692307692308"
"46","1.90625","0.0011200716845878136","0.5245901639344263","0.5","4","3","false","GOT1L1","16.5","0","4","0","0","0","0","0.9676339285714286","false","0","GOT1L1","6","0.532258064516129"
"134","1.6666666666666667","0.009259259259259259","0.6","0.6666666666666666","3","2","false","MRTFB","5.666666666666667","0","3",,"0","0","0","0.925925925925926","false","0","MRTFB","2","0.6296296296296297"
"88","1.875","2.5879917184265007E-4","0.5333333333333333","0.6666666666666666","3","2","false","IGHV4-61","19.0","0","3","0",,"0","0","0.9635416666666666","false","0","IGHV4-61","2","0.7916666666666666"
"74","0.0","0.0","0.0","0.0","0","0","true","CLDN22","0.0","0","0",,"0","0","0","Infinity","false","0","CLDN22","0","0.0"
"201","0.0","0.0","0.0","0.0","0","0","true","CCDC78","0.0","0","0","0",,"0","0","Infinity","false","0","CCDC78","0","0.0"
"144","1.9375","0.01869206525769373","0.5161290322580645","0.08333333333333333","9","3","false","RIN3","7.222222222222222","0","9","0","0","0","0","0.96875","false","0","RIN3","82","0.3333333333333333"
"5","1.816326530612245","0.0015039279102676798","0.550561797752809","0.6666666666666666","9","2","false","NBPF6","24.555555555555557","0","9","0","0","0","0","0.9829931972789115","false","0","NBPF6","24","0.5011337868480725"
"149","0.0","0.0","0.0","0.0","0","0","true","IHH","0.0","0","0","0","0","0","0","Infinity","false","0","IHH","0","0.0"
"5","1.8775510204081634","3.964611140253735E-4","0.5326086956521738","0.6666666666666666","6","2","false","RASGEF1A","30.833333333333332","0","6","0","0","0","0","0.98171768707483","false","0","RASGEF1A","10","0.6292517006802721"
"16","1.85","0.0","0.5405405405405405","1.0","3","2","false","IGHV3-9","14.0","0","3","0","0","0","0","0.9574999999999999","false","0","IGHV3-9","0","0.7"
"5","1.836734693877551","8.437233522539982E-4","0.5444444444444444","0.6428571428571429","8","2","false","CALHM2","28.625","0","8",,"0","0","0","0.9825680272108843","false","0","CALHM2","20","0.5841836734693877"
"163","0.0","0.0","0.0","0.0","0","0","true","ZNF257","0.0","0","0","0","0","0","0","Infinity","false","0","ZNF257","0","0.0"
"46","1.78125","0.0028097798259088575","0.5614035087719298","0.5714285714285714","7","2","false","PDE7A","17.571428571428573","0","7",,"0","0","0","0.9720982142857143","false","0","PDE7A","18","0.5491071428571429"
"46","1.78125","0.0021097350230414743","0.5614035087719298","0.6190476190476191","7","2","false","ZNF221","17.285714285714285","0","7","0","0","0","0","0.9720982142857143","false","0","ZNF221","16","0.5401785714285714"
"96","0.0","0.0","0.0","0.0","0","0","true","RTP3","0.0","0","0","0","0","0","0","Infinity","false","0","RTP3","0","0.0"
"128","1.7916666666666667","0.0015700483091787441","0.5581395348837209","0.7","5","2","false","VGF","14.0","0","5","0","0","0","0","0.9670138888888888","false","0","VGF","6","0.5833333333333334"
"187","1.8888888888888888","0.0","0.5294117647058824","0.0","1","2","false","FAM110C","9.0","0","1",,"0","0","0","0.9012345679012346","false","0","FAM110C","0","0.0"
"54","0.0","0.0","0.0","0.0","0","0","true","OTUD1","0.0","0","0","0","0","0","0","Infinity","false","0","OTUD1","0","0.0"
"125","1.6428571428571428","0.0173992673992674","0.6086956521739131","0.5","5","2","false","PWWP3A","7.0","0","5",,"0","0","0","0.9540816326530612","false","0","PWWP3A","10","0.5"
"1","1.4615384615384615","0.06382170969127489","0.6842105263157895","0.2571428571428571","21","2","false","PHC2","11.19047619047619","0","21","0","0","0","0","0.9871794871794872","false","0","PHC2","364","0.2869352869352869"
"144","1.59375","0.036738884621949144","0.6274509803921569","0.2692307692307692","13","2","false","TELO2","9.846153846153847","0","13",,"0","0","0","0.9802083333333333","false","0","TELO2","134","0.3076923076923077"
"85","1.8571428571428572","0.0","0.5384615384615384","1.0","2","3","false","TPTE2","4.5","0","2","0","0","0","0","0.8571428571428571","false","0","TPTE2","0","0.75"
"46","1.78125","0.008958973374295954","0.5614035087719298","0.2857142857142857","8","3","false","AADACL4","13.75","0","8",,"0","0","0","0.9720982142857143","false","0","AADACL4","40","0.45416666666666666"
"133","1.6","0.0","0.625","1.0","2","2","false","ZNF382","3.5","0","2",,"0","0","0","0.8800000000000001","false","0","ZNF382","0","0.7"
"18","1.0","1.0","1.0","0.0","4","1","false","MECP2","1.0","0","4","0","0","0","0","1.0","false","0","MECP2","12","0.0"
"1","1.4871794871794872","0.06942440134659814","0.6724137931034483","0.18421052631578946","20","2","false","CC2D1A","9.15","0","20","0","0","0","0","0.9864672364672364","false","0","CC2D1A","354","0.23461538461538461"
"1","1.8974358974358974","1.1246063877642824E-4","0.5270270270270271","0.8333333333333334","4","2","false","OR52D1","21.75","0","4","0","0","0","0","0.975071225071225","false","0","OR52D1","2","0.5576923076923077"
"5","1.8979591836734695","4.215272400269777E-5","0.5268817204301075","0.8","5","2","false","CCNQ","35.6","0","5","0","0","0","0","0.9812925170068026","false","0","CCNQ","4","0.726530612244898"
"109","1.3333333333333333","0.6666666666666666","0.75","0.0","2","2","false","PODXL","1.5","0","2","0","0","0","0","0.8333333333333334","false","0","PODXL","4","0.5"
"203","0.0","0.0","0.0","0.0","0","0","true","KIAA0513","0.0","0","0","0",,"0","0","Infinity","false","0","KIAA0513","0","0.0"
"13","1.8888888888888888","0.0","0.5294117647058824","0.0","1","2","false","SAA1","9.0","0","1","0",,"0","0","0.9012345679012346","false","0","SAA1","0","0.0"
"6","1.619047619047619","0.05089699982557125","0.6176470588235294","0.4166666666666667","9","3","false","SART1","8.555555555555555","0","9",,"0","0","0","0.9523809523809524","false","0","SART1","78","0.42777777777777776"
"130","1.0","0.0","1.0","0.0","1","1","false","ODAD1","1.0","0","1",,"0","0","0","1.0","false","0","ODAD1","0","0.0"
"50","1.2","0.9","0.8333333333333334","0.0","4","2","false","ZNF565","1.25","0","4","0","0","0","0","0.95","false","0","ZNF565","18","0.25"
"89","1.85","0.0","0.5405405405405405","1.0","3","2","false","CCDC183","14.0","0","3","0","0","0","0","0.9574999999999999","false","0","CCDC183","0","0.7"
"115","1.7692307692307692","0.008307692307692308","0.5652173913043479","0.3333333333333333","6","2","false","KIF22","10.0","0","6","0","0","0","0","0.9704142011834319","false","0","KIF22","20","0.38461538461538464"
"33","0.0","0.0","0.0","0.0","0","0","true","OR14C36","0.0","0","0",,"0","0","0","Infinity","false","0","OR14C36","0","0.0"
"204","0.0","0.0","0.0","0.0","0","0","true","GOLGA6C","0.0","0","0","0",,"0","0","Infinity","false","0","GOLGA6C","0","0.0"
"46","1.8125","8.944572452636968E-4","0.5517241379310345","0.6666666666666666","6","2","false","IQCM","19.0","0","6","0","0","0","0","0.9709821428571429","false","0","IQCM","10","0.59375"
"189","1.7857142857142858","0.0027472527472527475","0.5599999999999999","0.6666666666666666","3","2","false","RASEF","10.333333333333334","0","3","0","0","0","0","0.9438775510204082","false","0","RASEF","2","0.7380952380952381"
"50","2.4","0.0","0.4166666666666667","0.0","1","3","false","ARID5B","2.0","0","1","0","0","0","0","0.65","false","0","ARID5B","0","0.0"
"30","2.0","0.0","0.5","0.0","1","3","false","DSG2","2.0","0","1","0","0","0","0","0.5","false","0","DSG2","0","0.0"
"5","1.489795918367347","0.03975345391114422","0.6712328767123287","0.3","25","2","false","TRMT1","13.36","0","25","0","0","0","0","0.9897959183673469","false","0","TRMT1","420","0.2726530612244898"
"5","1.7755102040816326","0.0049785390346614835","0.5632183908045977","0.45454545454545453","11","2","false","AHRR","16.727272727272727","0","11","0","0","0","0","0.983843537414966","false","0","AHRR","60","0.34137291280148424"
"205","0.0","0.0","0.0","0.0","0","0","true","OR51A2","0.0","0","0","0","0","0","0","Infinity","false","0","OR51A2","0","0.0"
"62","1.826086956521739","5.64652738565782E-4","0.5476190476190477","0.8333333333333334","4","2","false","REEP4","13.25","0","4","0","0","0","0","0.9640831758034026","false","0","REEP4","2","0.5760869565217391"
"123","1.75","0.0","0.5714285714285714","1.0","3","2","false","RAD54B","9.333333333333334","0","3",,"0","0","0","0.9375","false","0","RAD54B","0","0.7777777777777778"
"133","1.8","0.0","0.5555555555555556","0.0","1","2","false","MYT1","5.0","0","1",,"0","0","0","0.8400000000000001","false","0","MYT1","0","0.0"
"90","1.8387096774193548","1.0240655401945725E-4","0.543859649122807","0.9","5","2","false","GID4","24.4","0","5","0","0","0","0","0.9729448491155046","false","0","GID4","2","0.7870967741935484"
"46","1.78125","0.005501952124935995","0.5614035087719298","0.42857142857142855","7","2","false","EPB41L5","13.714285714285714","0","7","0","0","0","0","0.9720982142857143","false","0","EPB41L5","28","0.42857142857142855"
"174","0.0","0.0","0.0","0.0","0","0","true","ZNF829","0.0","0","0","0","0","0","0","Infinity","false","0","ZNF829","0","0.0"
"89","1.7","0.01131578947368421","0.5882352941176471","0.4666666666666667","6","2","false","ARMC2","9.5","0","6","0","0","0","0","0.9650000000000001","false","0","ARMC2","16","0.475"
"75","0.0","0.0","0.0","0.0","0","0","true","ACOT4","0.0","0","0",,"0","0","0","Infinity","false","0","ACOT4","0","0.0"
"119","0.0","0.0","0.0","0.0","0","0","true","HSP90AA2P","0.0","0","0",,"0","0","0","Infinity","false","0","HSP90AA2P","0","0.0"
"184","1.75","0.00505050505050505","0.5714285714285714","0.6666666666666666","3","2","false","TAF4B","6.333333333333333","0","3","0","0","0","0","0.9375","false","0","TAF4B","2","0.5277777777777778"
"14","1.0","0.6666666666666666","1.0","0.3333333333333333","3","1","false","","1.6666666666666667","0","3","0","0","0","0","1.0","false","0","","4","0.6666666666666666"
"84","2.0","0.0","0.5","0.0","1","3","false","ZNF165","4.0","0","1","0","0","0","0","0.75","false","0","ZNF165","0","0.0"
"46","1.875","5.472350230414747E-4","0.5333333333333333","0.6666666666666666","4","2","false","UEVLD","18.25","0","4","0","0","0","0","0.96875","false","0","UEVLD","4","0.5703125"
"144","1.78125","0.005383811230585424","0.5614035087719298","0.47619047619047616","7","2","false","CENPL","12.714285714285714","0","7","0","0","0","0","0.9739583333333334","false","0","CENPL","24","0.39732142857142855"
"43","1.7222222222222223","0.0020230314347961407","0.5806451612903225","0.8","5","2","false","LIG1","12.2","0","5","0","0","0","0","0.9598765432098766","false","0","LIG1","4","0.6777777777777778"
"143","1.0","1.0","1.0","0.0","2","1","false","TNFAIP3","1.0","0","2","0","0","0","0","1.0","false","0","TNFAIP3","2","0.0"
"193","1.0","1.0","1.0","0.0","4","1","false","CSF1R","1.0","0","3","1","1","1","0","1.0","false","1","CSF1R","2","0.0"
"193","1.5","0.0","0.6666666666666666","0.0","1","2","false","ABCC11","2.0","0","1",,"0","0","0","0.75","false","0","ABCC11","0","0.0"
"43","1.7777777777777777","5.027652086475616E-4","0.5625","0.8333333333333334","4","2","false","PCCA","15.5","0","4","0","0","0","0","0.95679012345679","false","0","PCCA","2","0.8611111111111112"
"136","1.7142857142857142","0.0021978021978021982","0.5833333333333334","0.8333333333333334","4","2","false","PROS1","8.25","0","4","0","0","0","0","0.9489795918367347","false","0","PROS1","2","0.5892857142857143"
"150","0.0","0.0","0.0","0.0","0","0","true","FBXO47","0.0","0","0",,"0","0","0","Infinity","false","0","FBXO47","0","0.0"
"184","1.75","0.002525252525252525","0.5714285714285714","0.6666666666666666","3","2","false","MRPS6","9.333333333333334","0","3","0","0","0","0","0.9375","false","0","MRPS6","2","0.7777777777777778"
"5","1.8571428571428572","1.988820824127284E-4","0.5384615384615384","0.7619047619047619","7","2","false","CKMT1B","32.57142857142857","0","7","0","0","0","0","0.9821428571428572","false","0","CKMT1B","10","0.6647230320699709"
"131","1.5","0.5","0.6666666666666666","0.0","2","2","false","KCNA5","2.0","0","2","0","0","0","0","0.8333333333333334","false","0","KCNA5","6","0.5"
"85","1.7142857142857142","0.023809523809523808","0.5833333333333334","0.6666666666666666","3","3","false","FBF1","3.6666666666666665","0","3",,"0","0","0","0.8809523809523809","false","0","FBF1","2","0.6111111111111112"
"66","1.75","0.0","0.5714285714285714","0.0","1","2","false","KIR3DL1","4.0","0","1",,"0","0","0","0.8125","false","0","KIR3DL1","0","0.0"
"89","1.9","0.0","0.5263157894736842","1.0","2","2","false","WEE2","17.5","0","2",,"0","0","0","0.9550000000000001","false","0","WEE2","0","0.875"
"89","1.8","8.771929824561403E-4","0.5555555555555556","0.8333333333333334","4","2","false","ZNF485","12.0","0","4","0","0","0","0","0.96","false","0","ZNF485","2","0.6"
"88","1.875","2.5879917184265007E-4","0.5333333333333333","0.6666666666666666","3","2","false","IGHV4-38-2","19.0","0","3","0",,"0","0","0.9635416666666666","false","0","IGHV4-38-2","2","0.7916666666666666"
"44","1.7647058823529411","0.0026960784313725494","0.5666666666666667","0.6666666666666666","4","2","false","MVD","11.75","0","4","0","0","0","0","0.9550173010380623","false","0","MVD","4","0.6911764705882353"
"76","2.0","0.0","0.5","0.0","1","3","false","TRIP10","2.0","0","1","0","0","0","0","0.5","false","0","TRIP10","0","0.0"
"123","1.6666666666666667","0.003787878787878788","0.6","0.8333333333333334","4","2","false","TTC39B","8.0","0","4","0","0","0","0","0.9444444444444445","false","0","TTC39B","2","0.6666666666666666"
"97","1.6","0.0","0.625","1.0","2","2","false","INPP5E","3.5","0","2","0","0","0","0","0.8800000000000001","false","0","INPP5E","0","0.7"
"77","0.0","0.0","0.0","0.0","0","0","true","CFHR2","0.0","0","0",,"0","0","0","Infinity","false","0","CFHR2","0","0.0"
"62","1.826086956521739","0.003293807641633728","0.5476190476190477","0.5","4","2","false","UVSSA","10.25","0","4","0","0","0","0","0.9640831758034026","false","0","UVSSA","6","0.44565217391304346"
"58","2.2857142857142856","0.0","0.4375","0.0","1","3","false","MRTFA","4.0","0","1","0","0","0","0","0.6785714285714286","false","0","MRTFA","0","0.0"
"151","1.0","0.0","1.0","0.0","1","1","false","POC1B","1.0","0","1","0","0","0","0","1.0","false","0","POC1B","0","0.0"
"13","1.8888888888888888","0.0","0.5294117647058824","0.0","1","2","false","SMTNL1","9.0","0","1","0",,"0","0","0.9012345679012346","false","0","SMTNL1","0","0.0"
"89","1.75","0.006491228070175439","0.5714285714285714","0.6","5","2","false","NEIL3","10.8","0","5","0","0","0","0","0.9625","false","0","NEIL3","8","0.54"
"88","1.8333333333333333","2.5879917184265007E-4","0.5454545454545455","0.8333333333333334","4","2","false","MEIS3P2","16.5","0","4","0","0","0","0","0.9652777777777778","false","0","MEIS3P2","2","0.6875"
"98","1.0","1.0","1.0","0.0","2","1","false","FOXI1","1.0","0","2","0","0","0","0","1.0","false","0","FOXI1","2","0.0"
"8","0.0","0.0","0.0","0.0","0","0","true","KLF3","0.0","0","0","0","0","0","0","Infinity","false","0","KLF3","0","0.0"
"34","1.75","0.0","0.5714285714285714","1.0","2","3","false","KRTAP8-1","2.5","0","2","0","0","0","0","0.75","false","0","KRTAP8-1","0","0.8333333333333334"
"145","1.1818181818181819","0.14969696969696966","0.8461538461538461","0.4166666666666667","9","2","false","ZNF570","4.777777777777778","0","9","0","0","0","0","0.9818181818181818","false","0","ZNF570","46","0.43434343434343436"
"134","1.6666666666666667","0.009259259259259259","0.6","0.6666666666666666","3","2","false","TOM1L1","5.333333333333333","0","3","0",,"0","0","0.925925925925926","false","0","TOM1L1","2","0.5925925925925926"
"19","2.25","0.0","0.4444444444444444","0.0","1","3","false","SYT14P1","2.0","0","1",,"0","0","0","0.5833333333333334","false","0","SYT14P1","0","0.0"
"128","1.3333333333333333","0.10327093397745571","0.75","0.3","16","2","false","BCL9","8.125","0","16","0","0","0","0","0.9861111111111112","false","0","BCL9","168","0.3385416666666667"
"7","2.0","0.0","0.5","0.0","1","3","false","TRIM38","3.0","0","1","0","0","0","0","0.6666666666666666","false","0","TRIM38","0","0.0"
"46","1.90625","0.002990591397849462","0.5245901639344263","0.4","5","3","false","AMZ2","13.2","0","5",,"0","0","0","0.9676339285714286","false","0","AMZ2","12","0.44"
"111","1.1111111111111112","0.1736111111111111","0.8999999999999999","0.32142857142857145","8","2","false","KIAA1217","4.25","0","8","0","0","0","0","0.9876543209876544","false","0","KIAA1217","38","0.4722222222222222"
"181","2.2","0.0","0.45454545454545453","0.0","1","3","false","C1QL1","3.0","0","1","0",,"0","0","0.7","false","0","C1QL1","0","0.0"
"46","1.59375","0.024380760368663597","0.6274509803921569","0.4358974358974359","13","2","false","ERICH6","12.076923076923077","0","13","0","0","0","0","0.9787946428571429","false","0","ERICH6","106","0.37740384615384615"
"87","1.2857142857142858","0.2777777777777778","0.7777777777777777","0.5","5","2","false","DLST","3.8","0","5","0","0","0","0","0.9428571428571428","false","0","DLST","16","0.5428571428571428"
"123","1.8333333333333333","0.0","0.5454545454545455","1.0","2","2","false","DDIAS","11.5","0","2",,"0","0","0","0.9305555555555555","false","0","DDIAS","0","0.9583333333333334"
"184","1.6666666666666667","0.01515151515151515","0.6","0.5","4","2","false","H2BC18","7.75","0","4","0","0","0","0","0.9444444444444445","false","0","H2BC18","6","0.6458333333333334"
"6","1.8571428571428572","0.0077692743764172355","0.5384615384615384","0.3333333333333333","4","3","false","RTCB","8.75","0","4","0","0","0","0","0.9340659340659341","false","0","RTCB","16","0.4473684210526316"
"98","1.5","0.0","0.6666666666666666","0.0","1","2","false","BPIFC","2.0","0","1",,"0","0","0","0.75","false","0","BPIFC","0","0.0"
"136","1.4285714285714286","0.06787022501308215","0.7","0.42857142857142855","8","2","false","PDPK1","6.625","0","8","0","0","0","0","0.9693877551020408","false","0","PDPK1","32","0.4732142857142857"
"207","0.0","0.0","0.0","0.0","0","0","true","PPFIA4","0.0","0","0","0",,"0","0","Infinity","false","0","PPFIA4","0","0.0"
"136","1.6428571428571428","0.007980115122972265","0.6086956521739131","0.7","5","2","false","PPP2R3C","8.8","0","5","0","0","0","0","0.9540816326530612","false","0","PPP2R3C","6","0.6285714285714286"
"112","1.68","0.008095238095238096","0.5952380952380952","0.5","8","2","false","ESCO1","13.125","0","8","0","0","0","0","0.9728","false","0","ESCO1","28","0.525"
"157","1.8888888888888888","0.0","0.5294117647058824","1.0","2","3","false","PAM","5.5","0","2","0","0","0","0","0.8888888888888888","false","0","PAM","0","0.6875"
"144","1.65625","0.022051121616611047","0.6037735849056604","0.2909090909090909","11","2","false","KAZN","9.636363636363637","0","11","0","0","0","0","0.978125","false","0","KAZN","92","0.30113636363636365"
"28","1.8333333333333333","0.0","0.5454545454545455","1.0","2","2","false","NAA11","9.5","0","2","0","0","0","0","0.9305555555555555","false","0","NAA11","0","0.7916666666666666"
"90","1.8387096774193548","1.0240655401945725E-4","0.543859649122807","0.9","5","2","false","MAPK11","24.4","0","5",,"0","0","0","0.9729448491155046","false","0","MAPK11","2","0.7870967741935484"
"144","1.875","0.0020340060384554264","0.5333333333333333","0.5","5","3","false","UBTFL6","16.8","0","5","0","0","0","0","0.9708333333333333","false","0","UBTFL6","16","0.5419354838709678"
"115","1.5769230769230769","0.023326118326118323","0.6341463414634146","0.41818181818181815","11","2","false","PLA2G2D","10.727272727272727","0","11","0","0","0","0","0.977810650887574","false","0","PLA2G2D","64","0.4125874125874126"
"208","0.0","0.0","0.0","0.0","0","0","true","PAH","0.0","0","0","0",,"0","0","Infinity","false","0","PAH","0","0.0"
"85","1.7142857142857142","0.023809523809523808","0.5833333333333334","0.6666666666666666","3","3","false","UNC45A","3.6666666666666665","0","3","0","0","0","0","0.8809523809523809","false","0","UNC45A","2","0.6111111111111112"
"28","1.75","0.007575757575757576","0.5714285714285714","0.6666666666666666","3","2","false","PJVK","6.666666666666667","0","3","0","0","0","0","0.9375","false","0","PJVK","2","0.5555555555555556"
"46","1.84375","5.584357398873528E-4","0.5423728813559322","0.6","5","2","false","CARD8","20.2","0","5",,"0","0","0","0.9698660714285714","false","0","CARD8","8","0.63125"
"99","0.0","0.0","0.0","0.0","0","0","true","GAL3ST3","0.0","0","0",,"0","0","0","Infinity","false","0","GAL3ST3","0","0.0"
"115","1.3846153846153846","0.08681807081807083","0.7222222222222222","0.20833333333333334","16","2","false","ATXN7L1","8.75","0","16","0","0","0","0","0.985207100591716","false","0","ATXN7L1","190","0.33653846153846156"
"87","1.7142857142857142","0.0","0.5833333333333334","1.0","3","3","false","PDIA3","4.666666666666667","0","3","0","0","0","0","0.8571428571428571","false","0","PDIA3","0","0.7777777777777778"
"144","1.84375","0.0017539881173084732","0.5423728813559322","0.4","5","2","false","LPCAT1","18.2","0","5",,"0","0","0","0.971875","false","0","LPCAT1","18","0.56875"
"144","1.75","0.008118036795734238","0.5714285714285714","0.42857142857142855","8","2","false","KCNK10","13.75","0","8","0","0","0","0","0.975","false","0","KCNK10","40","0.4296875"
"5","1.5918367346938775","0.019825959103697433","0.6282051282051282","0.41578947368421054","20","2","false","NKAIN1","16.7","0","20","0","0","0","0","0.9876700680272109","false","0","NKAIN1","222","0.3408163265306122"
"141","1.7","0.0","0.5882352941176471","1.0","3","2","false","USP35","7.666666666666667","0","3",,"0","0","0","0.93","false","0","USP35","0","0.7666666666666667"
"62","1.8695652173913044","0.0","0.5348837209302325","1.0","3","2","false","DOK5","18.666666666666668","0","3","0","0","0","0","0.9621928166351607","false","0","DOK5","0","0.8115942028985508"
"124","1.7777777777777777","0.0","0.5625","1.0","2","2","false","ZNF175","6.0","0","2",,"0","0","0","0.9135802469135802","false","0","ZNF175","0","0.6666666666666666"
"124","1.8888888888888888","0.0","0.5294117647058824","0.0","1","2","false","ANKRD20A8P","9.0","0","1",,"0","0","0","0.9012345679012346","false","0","ANKRD20A8P","0","0.0"
"20","2.0","0.0","0.5","0.0","1","3","false","ACTL6B","4.0","0","1","0","0","0","0","0.75","false","0","ACTL6B","0","0.0"
"5","1.8775510204081634","6.85875125243896E-4","0.5326086956521738","0.6666666666666666","6","2","false","CGAS","27.166666666666668","0","6","0","0","0","0","0.98171768707483","false","0","CGAS","10","0.5544217687074829"
"78","1.3333333333333333","0.6666666666666666","0.75","0.0","2","2","false","CEACAM6","1.5","0","2","0","0","0","0","0.8333333333333334","false","0","CEACAM6","4","0.5"
"144","1.90625","5.239507742288608E-4","0.5245901639344263","0.5","4","3","false","UBTFL1","21.25","0","4","0","0","0","0","0.9697916666666667","false","0","UBTFL1","10","0.7"
"22","0.0","0.0","0.0","0.0","0","0","true","CNTF","0.0","0","0","0","0","0","0","Infinity","false","0","CNTF","0","0.0"
"90","1.7096774193548387","0.003774612484289903","0.5849056603773585","0.7222222222222222","9","2","false","FAM20A","16.77777777777778","0","9","0","0","0","0","0.9771071800208116","false","0","FAM20A","20","0.5412186379928315"
"193","1.5","0.0","0.6666666666666666","0.0","1","2","false","NCOR2","2.0","0","1","0","0","0","0","0.75","false","0","NCOR2","0","0.0"
"35","0.0","0.0","0.0","0.0","0","0","true","OR7G2","0.0","0","0",,"0","0","0","Infinity","false","0","OR7G2","0","0.0"
"133","1.8","0.0","0.5555555555555556","0.0","1","2","false","RTN1","5.0","0","1",,"0","0","0","0.8400000000000001","false","0","RTN1","0","0.0"
"55","0.0","0.0","0.0","0.0","0","0","true","NOSTRIN","0.0","0","0",,"0","0","0","Infinity","false","0","NOSTRIN","0","0.0"
"184","1.75","0.002525252525252525","0.5714285714285714","0.6666666666666666","3","2","false","TYROBP","9.333333333333334","0","3","0","0","0","0","0.9375","false","0","TYROBP","2","0.7777777777777778"
"28","1.75","0.007575757575757576","0.5714285714285714","0.6666666666666666","3","2","false","C1orf43","6.0","0","3","0","0","0","0","0.9375","false","0","C1orf43","2","0.5"
"10","1.7777777777777777","0.0","0.5625","1.0","2","2","false","DYNLRB2","6.5","0","2","0","0","0","0","0.9135802469135802","false","0","DYNLRB2","0","0.7222222222222222"
"134","1.7777777777777777","0.0","0.5625","1.0","2","2","false","WDR45B","6.5","0","2","0","0","0","0","0.9135802469135802","false","0","WDR45B","0","0.7222222222222222"
"66","1.75","0.0","0.5714285714285714","0.0","1","2","false","TRNT1","4.0","0","1","0","0","0","0","0.8125","false","0","TRNT1","0","0.0"
"157","2.0","0.0","0.5","0.0","1","3","false","CLCN6","8.0","0","1",,"0","0","0","0.875","false","0","CLCN6","0","0.0"
"164","0.0","0.0","0.0","0.0","0","0","true","HDHD5","0.0","0","0",,"0","0","0","Infinity","false","0","HDHD5","0","0.0"
"46","1.4375","0.054004256272401435","0.6956521739130435","0.3202614379084967","18","2","false","ARHGAP44","10.166666666666666","0","18","0","0","0","0","0.984375","false","0","ARHGAP44","238","0.3177083333333333"
"125","1.8571428571428572","0.0","0.5384615384615384","1.0","2","2","false","ICE2","10.5","0","2","0","0","0","0","0.9387755102040816","false","0","ICE2","0","0.75"
"85","1.5714285714285714","0.11904761904761904","0.6363636363636364","0.6666666666666666","3","2","false","RPAP2","3.6666666666666665","0","3","0","0","0","0","0.9047619047619048","false","0","RPAP2","10","0.5238095238095238"
"1","1.8461538461538463","0.0014212058746471703","0.5416666666666666","0.6","6","2","false","ZNF547","18.333333333333332","0","6","0","0","0","0","0.9764957264957265","false","0","ZNF547","12","0.4700854700854701"
"88","1.6666666666666667","0.010576259489302969","0.6","0.6071428571428571","8","2","false","RPUSD1","11.25","0","8","0","0","0","0","0.9722222222222222","false","0","RPUSD1","22","0.46875"
"115","1.8461538461538463","0.0013675213675213675","0.5416666666666666","0.5","4","2","false","TCP11L2","13.5","0","4",,"0","0","0","0.9674556213017751","false","0","TCP11L2","6","0.5192307692307693"
"90","1.064516129032258","0.19087138667783826","0.9393939393939394","0.24876847290640394","29","2","false","STOX2","8.310344827586206","0","29","0","0","0","0","0.9979188345473465","false","0","STOX2","610","0.26807563959955505"
"62","1.8695652173913044","5.64652738565782E-4","0.5348837209302325","0.6666666666666666","3","2","false","SLC35B4","16.0","0","3","0","0","0","0","0.9621928166351607","false","0","SLC35B4","2","0.6956521739130435"
"5","1.8979591836734695","3.4805588902227556E-4","0.5268817204301075","0.5","5","2","false","DAPP1","27.2","0","5",,"0","0","0","0.9812925170068026","false","0","DAPP1","10","0.5551020408163265"
"184","1.8333333333333333","0.0","0.5454545454545455","1.0","2","2","false","ZSWIM7","10.5","0","2",,"0","0","0","0.9305555555555555","false","0","ZSWIM7","0","0.875"
"5","1.8979591836734695","1.484452410095005E-4","0.5268817204301075","0.7","5","2","false","RCOR2","35.0","0","5","0","0","0","0","0.9812925170068026","false","0","RCOR2","6","0.7142857142857143"
"97","1.6","0.0","0.625","1.0","2","2","false","RAB11FIP2","3.5","0","2","0","0","0","0","0.8800000000000001","false","0","RAB11FIP2","0","0.7"
"71","2.25","0.0","0.4444444444444444","0.0","1","3","false","PHF10","2.0","0","1","0","0","0","0","0.5833333333333334","false","0","PHF10","0","0.0"
"115","1.7307692307692308","0.0079010989010989","0.5777777777777777","0.42857142857142855","7","2","false","HLA-DRB3","12.142857142857142","0","7",,"0","0","0","0.9718934911242604","false","0","HLA-DRB3","24","0.46703296703296704"
"1","1.7692307692307692","0.0033877428614270716","0.5652173913043479","0.5555555555555556","9","2","false","GSTP1","17.555555555555557","0","9","0","0","0","0","0.9786324786324787","false","0","GSTP1","32","0.45014245014245013"
"6","1.9047619047619047","0.005243764172335602","0.525","0.6666666666666666","4","3","false","ELAVL2","9.75","0","4","0","0","0","0","0.9304029304029304","false","0","ELAVL2","10","0.5131578947368421"
"10","1.5555555555555556","0.041666666666666664","0.6428571428571428","0.5","4","2","false","SREK1","3.75","0","4","0","0","0","0","0.9382716049382717","false","0","SREK1","6","0.4166666666666667"
"47","1.3333333333333333","0.6666666666666666","0.75","0.0","2","2","false","DNAJA2","1.5","0","2","0",,"0","0","0.8333333333333334","false","0","DNAJA2","4","0.5"
"84","2.0","0.0","0.5","0.0","1","3","false","FCN2","4.0","0","1","0","0","0","0","0.75","false","0","FCN2","0","0.0"
"7","1.5","0.0","0.6666666666666666","1.0","2","2","false","SLC9A8","3.0","0","2",,"0","0","0","0.8333333333333334","false","0","SLC9A8","0","0.75"
"6","2.0476190476190474","0.0012500000000000002","0.48837209302325585","0.6666666666666666","3","3","false","BMP4","9.333333333333334","0","3","0","0","0","0","0.9194139194139195","false","0","BMP4","4","0.5490196078431373"
"181","1.8","0.0","0.5555555555555556","1.0","2","3","false","GCGR","4.0","0","2","0","0","0","0","0.8","false","0","GCGR","0","1.0"
"128","1.8333333333333333","0.002113526570048309","0.5454545454545455","0.6666666666666666","4","2","false","DSPP","12.5","0","4","0",,"0","0","0.9652777777777778","false","0","DSPP","4","0.5208333333333334"
"10","1.7777777777777777","0.0","0.5625","1.0","2","2","false","TAC3","6.5","0","2","0","0","0","0","0.9135802469135802","false","0","TAC3","0","0.7222222222222222"
"212","0.0","0.0","0.0","0.0","0","0","true","TSSK6","0.0","0","0","0",,"0","0","Infinity","false","0","TSSK6","0","0.0"
"90","1.8387096774193548","9.67741935483871E-4","0.543859649122807","0.8","5","2","false","CARF","17.2","0","5",,"0","0","0","0.9729448491155046","false","0","CARF","4","0.5548387096774193"
"112","1.76","0.0011798941798941798","0.5681818181818182","0.8","6","2","false","NEDD1","15.5","0","6","0","0","0","0","0.9695999999999999","false","0","NEDD1","6","0.62"
"1","1.8205128205128205","0.004393754393754393","0.5492957746478874","0.42857142857142855","7","2","false","TFAP2A","14.142857142857142","0","7","0","0","0","0","0.9772079772079773","false","0","TFAP2A","28","0.3626373626373626"
"44","1.411764705882353","0.09338235294117646","0.7083333333333333","0.3333333333333333","10","2","false","SLC48A1","5.6","0","10","0","0","0","0","0.9757785467128028","false","0","SLC48A1","60","0.32941176470588235"
"123","1.8333333333333333","0.0","0.5454545454545455","1.0","2","2","false","ACOX3","11.5","0","2","0",,"0","0","0.9305555555555555","false","0","ACOX3","0","0.9583333333333334"
"56","0.0","0.0","0.0","0.0","0","0","true","PTGER1","0.0","0","0",,"0","0","0","Infinity","false","0","PTGER1","0","0.0"
"114","0.0","0.0","0.0","0.0","0","0","true","TRIT1","0.0","0","0","0","0","0","0","Infinity","false","0","TRIT1","0","0.0"
"1","1.3846153846153846","0.09188577193916628","0.7222222222222222","0.2427536231884058","24","2","false","FILIP1","10.291666666666666","0","24","0","0","0","0","0.9893162393162392","false","0","FILIP1","466","0.2638888888888889"
"152","1.5","0.0","0.6666666666666666","0.0","1","2","false","DAW1","2.0","0","1","0","0","0","0","0.75","false","0","DAW1","0","0.0"
"43","1.2777777777777777","0.0773653906006847","0.782608695652174","0.41025641025641024","13","2","false","ZNF638","8.23076923076923","0","13","0","0","0","0","0.9845679012345678","false","0","ZNF638","92","0.45726495726495725"
"175","0.0","0.0","0.0","0.0","0","0","true","CUX1","0.0","0","0","0","0","0","0","Infinity","false","0","CUX1","0","0.0"
"182","1.0","0.0","1.0","0.0","1","1","false","CCDC71","1.0","0","1","0",,"0","0","1.0","false","0","CCDC71","0","0.0"
"16","1.85","6.578947368421052E-4","0.5405405405405405","0.6666666666666666","3","2","false","ARHGAP11B","15.0","0","3","0","0","0","0","0.9574999999999999","false","0","ARHGAP11B","2","0.75"
"100","0.0","0.0","0.0","0.0","0","0","true","PDGFD","0.0","0","0","0","0","0","0","Infinity","false","0","PDGFD","0","0.0"
"129","1.6666666666666667","0.007080610021786492","0.6","0.6666666666666666","6","2","false","ZNF358","10.5","0","6","0","0","0","0","0.9629629629629629","false","0","ZNF358","10","0.5833333333333334"
"50","1.6","0.4","0.625","0.0","2","2","false","RSBN1","2.5","0","2","0","0","0","0","0.85","false","0","RSBN1","8","0.5"
"27","1.6923076923076923","0.003569097569097569","0.5909090909090909","0.75","8","2","false","NXPH1","14.875","0","8","0","0","0","0","0.9733727810650887","false","0","NXPH1","14","0.5721153846153846"
"138","2.0","0.0","0.5","0.0","1","3","false","FAM83H","3.0","0","1","0","0","0","0","0.6666666666666666","false","0","FAM83H","0","0.0"
"186","0.0","0.0","0.0","0.0","0","0","true","INTS5","0.0","0","0","0","0","0","0","Infinity","false","0","INTS5","0","0.0"
"112","1.48","0.04275244200244201","0.6756756756756757","0.358974358974359","13","2","false","EDDM3A","10.384615384615385","0","13","0","0","0","0","0.9808","false","0","EDDM3A","100","0.4153846153846154"
"36","0.0","0.0","0.0","0.0","0","0","true","OR7A2P","0.0","0","0",,"0","0","0","Infinity","false","0","OR7A2P","0","0.0"
"125","1.7142857142857142","0.011355311355311355","0.5833333333333334","0.5","4","2","false","FANCI","7.5","0","4","0","0","0","0","0.9489795918367347","false","0","FANCI","6","0.5357142857142857"
"1","1.8205128205128205","0.0023883673681244534","0.5492957746478874","0.5714285714285714","7","2","false","OR2A7","20.0","0","7","0","0","0","0","0.9772079772079773","false","0","OR2A7","18","0.5128205128205128"
"90","1.8709677419354838","0.0","0.5344827586206897","1.0","4","2","false","MKRN4P","24.5","0","4",,"0","0","0","0.9719042663891779","false","0","MKRN4P","0","0.7903225806451613"
"134","1.5555555555555556","0.041666666666666664","0.6428571428571428","0.5","4","2","false","ZNF839","4.5","0","4","0","0","0","0","0.9382716049382717","false","0","ZNF839","6","0.5"
"109","2.0","0.0","0.5","0.0","1","3","false","DEFB4B","2.0","0","1","0",,"0","0","0.5","false","0","DEFB4B","0","0.0"
"144","1.8125","0.004902715428903947","0.5517241379310345","0.4666666666666667","6","2","false","SULT1C3","15.166666666666666","0","6",,"0","0","0","0.9729166666666667","false","0","SULT1C3","56","0.4739583333333333"
"124","1.7777777777777777","0.0","0.5625","1.0","2","2","false","SCML1","6.0","0","2",,"0","0","0","0.9135802469135802","false","0","SCML1","0","0.6666666666666666"
"1","1.7435897435897436","0.01127775733038891","0.5735294117647058","0.3333333333333333","10","2","false","NRG1","12.4","0","10","0","0","0","0","0.9793447293447293","false","0","NRG1","68","0.31794871794871793"
"16","1.85","0.0","0.5405405405405405","1.0","3","2","false","FAM237B","14.0","0","3","0","0","0","0","0.9574999999999999","false","0","FAM237B","0","0.7"
"128","1.7083333333333333","0.008494363929146537","0.5853658536585367","0.6190476190476191","7","2","false","PAK4","11.142857142857142","0","7","0","0","0","0","0.9704861111111112","false","0","PAK4","16","0.4642857142857143"
"132","0.0","0.0","0.0","0.0","0","0","true","PDX1","0.0","0","0","0","0","0","0","Infinity","false","0","PDX1","0","0.0"
"72","1.75","0.0","0.5714285714285714","0.0","1","2","false","MFSD10","4.0","0","1","0","0","0","0","0.8125","false","0","MFSD10","0","0.0"
"1","1.9487179487179487","7.785736530675801E-4","0.5131578947368421","0.5","4","3","false","OR10H4","21.75","0","4","0","0","0","0","0.9736467236467237","false","0","OR10H4","6","0.5878378378378378"
"2","0.0","0.0","0.0","0.0","0","0","true","OR6C2","0.0","0","0","0","0","0","0","Infinity","false","0","OR6C2","0","0.0"
"65","1.0","1.0","1.0","0.0","2","1","false","TP63","1.0","0","2","0","0","0","0","1.0","false","0","TP63","2","0.0"
"144","1.375","0.14261681013521824","0.7272727272727273","0.06190476190476191","21","3","false","CROCC2","5.904761904761905","0","21","0","0","0","0","0.9875","false","0","CROCC2","506","0.21794871794871795"
"1","1.8974358974358974","0.0010563173518639104","0.5270270270270271","0.5","5","3","false","CALB2","22.2","0","5","0","0","0","0","0.975071225071225","false","0","CALB2","16","0.5842105263157895"
"89","1.65","0.02368421052631579","0.6060606060606061","0.47619047619047616","7","2","false","C6orf118","8.428571428571429","0","7","0","0","0","0","0.9675","false","0","C6orf118","22","0.42142857142857143"
"134","1.7777777777777777","0.0","0.5625","1.0","2","2","false","DMRTA2","6.5","0","2",,"0","0","0","0.9135802469135802","false","0","DMRTA2","0","0.7222222222222222"
"190","1.0","1.0","1.0","0.0","3","1","false","GTF2A1","1.0","0","3","0",,"0","0","1.0","false","0","GTF2A1","6","0.0"
"1","1.7692307692307692","0.006818427779526176","0.5652173913043479","0.4166666666666667","9","2","false","FAM166C","16.555555555555557","0","9","0",,"0","0","0.9786324786324787","false","0","FAM166C","68","0.42450142450142453"
"115","1.5769230769230769","0.023946275946275946","0.6341463414634146","0.3090909090909091","11","2","false","DNAAF1","10.454545454545455","0","11",,"0","0","0","0.977810650887574","false","0","DNAAF1","76","0.4020979020979021"
"213","0.0","0.0","0.0","0.0","2","0","true","FN1","0.0","0","1","1","1","1","0","Infinity","false","1","FN1","0","0.0"
"141","1.7","0.005555555555555556","0.5882352941176471","0.6666666666666666","3","2","false","STON1","7.333333333333333","0","3",,"0","0","0","0.93","false","0","STON1","2","0.7333333333333333"
"79","0.0","0.0","0.0","0.0","0","0","true","CTRB1","0.0","0","0",,"0","0","0","Infinity","false","0","CTRB1","0","0.0"
"44","1.4705882352941178","0.05906862745098039","0.6799999999999999","0.3888888888888889","9","2","false","CGN","6.222222222222222","0","9","0","0","0","0","0.9723183391003462","false","0","CGN","44","0.3660130718954248"
"44","1.8235294117647058","0.0012254901960784314","0.5483870967741935","0.6666666666666666","3","2","false","CDY1B","12.333333333333334","0","3",,"0","0","0","0.9515570934256055","false","0","CDY1B","2","0.7254901960784313"
"160","2.25","0.0","0.4444444444444444","0.0","1","3","false","FAM234A","2.0","0","1","0","0","0","0","0.5833333333333334","false","0","FAM234A","0","0.0"
"144","1.84375","9.152585765488991E-4","0.5423728813559322","0.7","5","2","false","TBCE","17.0","0","5",,"0","0","0","0.971875","false","0","TBCE","6","0.53125"
"112","1.64","0.005911172161172162","0.6097560975609756","0.6388888888888888","9","2","false","CFAP100","14.222222222222221","0","9","0","0","0","0","0.9743999999999999","false","0","CFAP100","26","0.5688888888888889"
"28","1.75","0.007575757575757576","0.5714285714285714","0.6666666666666666","3","2","false","RNF13","7.333333333333333","0","3","0","0","0","0","0.9375","false","0","RNF13","2","0.6111111111111112"
"187","1.8888888888888888","0.0","0.5294117647058824","0.0","1","2","false","GSX2","9.0","0","1",,"0","0","0","0.9012345679012346","false","0","GSX2","0","0.0"
"49","1.0","1.0","1.0","0.0","2","1","false","CEP57L1","1.0","0","2","0","0","0","0","1.0","false","0","CEP57L1","2","0.0"
"27","1.6923076923076923","0.0075091575091575085","0.5909090909090909","0.6071428571428571","8","2","false","ZMYM5","13.75","0","8","0","0","0","0","0.9733727810650887","false","0","ZMYM5","22","0.5288461538461539"
"214","0.0","0.0","0.0","0.0","0","0","true","IGLV1-50","0.0","0","0","0",,"0","0","Infinity","false","0","IGLV1-50","0","0.0"
"115","1.6538461538461537","0.008996447996447996","0.6046511627906977","0.5","9","2","false","SCN3B","12.333333333333334","0","9","0","0","0","0","0.9748520710059172","false","0","SCN3B","36","0.47435897435897434"
"124","1.7777777777777777","0.0","0.5625","1.0","2","2","false","ANKRD20A2P","6.0","0","2",,"0","0","0","0.9135802469135802","false","0","ANKRD20A2P","0","0.6666666666666666"
"134","1.5555555555555556","0.037037037037037035","0.6428571428571428","0.5","4","2","false","TPX2","4.75","0","4",,"0","0","0","0.9382716049382717","false","0","TPX2","6","0.5277777777777778"
"57","0.0","0.0","0.0","0.0","0","0","true","WNT1","0.0","0","0","0","0","0","0","Infinity","false","0","WNT1","0","0.0"
"5","1.8775510204081634","3.6103027502310594E-4","0.5326086956521738","0.7333333333333333","6","2","false","CYP26B1","29.333333333333332","0","6",,"0","0","0","0.98171768707483","false","0","CYP26B1","8","0.5986394557823129"
"189","1.0714285714285714","0.31868131868131866","0.9333333333333333","0.21794871794871795","13","2","false","SRRM2","3.923076923076923","0","13","0","0","0","0","0.9948979591836735","false","0","SRRM2","122","0.2802197802197802"
"6","1.6666666666666667","0.014727891156462588","0.6","0.47619047619047616","7","2","false","PRPF19","10.0","0","7","0","0","0","0","0.9487179487179488","false","0","PRPF19","30","0.47619047619047616"
"157","2.0","0.0","0.5","0.0","1","3","false","ABCB9","8.0","0","1","0","0","0","0","0.875","false","0","ABCB9","0","0.0"
"44","1.588235294117647","0.028431372549019604","0.6296296296296297","0.5238095238095238","7","2","false","REELD1","8.285714285714286","0","7","0",,"0","0","0.9653979238754324","false","0","REELD1","20","0.48739495798319327"
"123","1.6666666666666667","0.015151515151515152","0.6","0.6666666666666666","4","2","false","N4BP2L2","7.5","0","4","0","0","0","0","0.9444444444444445","false","0","N4BP2L2","4","0.625"
"34","1.25","0.6666666666666666","0.8","0.3333333333333333","3","2","false","DAZAP2","2.0","0","3","0","0","0","0","0.9166666666666666","false","0","DAZAP2","8","0.5555555555555556"
"37","0.0","0.0","0.0","0.0","0","0","true","SCRT2","0.0","0","0",,"0","0","0","Infinity","false","0","SCRT2","0","0.0"
"88","1.625","0.024758454106280192","0.6153846153846154","0.3055555555555556","9","2","false","GOLGA6B","8.222222222222221","0","9","0","0","0","0","0.9739583333333334","false","0","GOLGA6B","50","0.3425925925925926"
"63","1.6","0.15000000000000002","0.625","0.0","3","3","false","ST6GALNAC6","2.0","0","3","0","0","0","0","0.85","false","0","ST6GALNAC6","6","1.0"
"112","1.68","0.0044667277167277164","0.5952380952380952","0.6785714285714286","8","2","false","KCNA7","13.75","0","8","0","0","0","0","0.9728","false","0","KCNA7","18","0.55"
"16","1.8","0.003289473684210526","0.5555555555555556","0.6666666666666666","4","2","false","TRAV6","12.75","0","4","0","0","0","0","0.96","false","0","TRAV6","4","0.6375"
"5","1.7959183673469388","0.003757329270811898","0.5568181818181818","0.4888888888888889","10","2","false","MARCHF7","18.7","0","10","0","0","0","0","0.9834183673469389","false","0","MARCHF7","46","0.3816326530612245"
"112","1.32","0.06329100529100529","0.7575757575757576","0.4117647058823529","17","2","false","TMF1","10.705882352941176","0","17","0","0","0","0","0.9872","false","0","TMF1","160","0.42823529411764705"
"176","0.0","0.0","0.0","0.0","0","0","true","ALX4","0.0","0","0",,"0","0","0","Infinity","false","0","ALX4","0","0.0"
"27","1.0","0.2415483405483405","1.0","0.28","26","1","false","TPR","8.0","0","26","0",,"0","0","1.0","false","0","TPR","468","0.3076923076923077"
"6","1.7142857142857142","0.019314574314574316","0.5833333333333334","0.4666666666666667","6","2","false","HNRNPDL","9.0","0","6","0","0","0","0","0.9450549450549451","false","0","HNRNPDL","26","0.42857142857142855"
"104","1.25","0.8333333333333333","0.8","0.0","3","2","false","TRPC4AP","1.3333333333333333","0","3","0","0","0","0","0.9166666666666666","false","0","TRPC4AP","10","0.3333333333333333"
"216","0.0","0.0","0.0","0.0","0","0","true","IGHV1-69D","0.0","0","0","0","0","0","0","Infinity","false","0","IGHV1-69D","0","0.0"
"172","1.3333333333333333","0.6666666666666666","0.75","0.0","2","2","false","TRMU","1.5","0","2","0","0","0","0","0.8333333333333334","false","0","TRMU","4","0.5"
"66","1.75","0.0","0.5714285714285714","0.0","1","2","false","WNT7A","4.0","0","1","0","0","0","0","0.8125","false","0","WNT7A","0","0.0"
"83","1.0","0.8333333333333333","1.0","0.16666666666666666","4","1","false","CSGALNACT2","1.5","0","4","0","0","0","0","1.0","false","0","CSGALNACT2","10","0.5"
"47","1.3333333333333333","0.6666666666666666","0.75","0.0","2","2","false","NOCT","1.5","0","2","0","0","0","0","0.8333333333333334","false","0","NOCT","4","0.5"
"131","2.0","0.0","0.5","0.0","1","3","false","CLEC4M","3.0","0","1","0","0","0","0","0.6666666666666666","false","0","CLEC4M","0","0.0"
"5","1.816326530612245","0.001552935608585102","0.550561797752809","0.6666666666666666","9","2","false","ZNF449","27.0","0","9",,"0","0","0","0.9829931972789115","false","0","ZNF449","24","0.5510204081632653"
"128","1.75","0.005776972624798711","0.5714285714285714","0.6","6","2","false","ATMIN","11.666666666666666","0","6","0","0","0","0","0.96875","false","0","ATMIN","12","0.4861111111111111"
"172","1.3333333333333333","0.6666666666666666","0.75","0.0","2","2","false","FAM219B","1.5","0","2","0","0","0","0","0.8333333333333334","false","0","FAM219B","4","0.5"
"49","1.5","0.0","0.6666666666666666","0.0","1","2","false","IGKV3D-11","2.0","0","1","0","0","0","0","0.75","false","0","IGKV3D-11","0","0.0"
"128","1.625","0.0174358753163101","0.6153846153846154","0.5","9","2","false","ZNF48","11.0","0","9","0","0","0","0","0.9739583333333334","false","0","ZNF48","36","0.4583333333333333"
"126","1.8","0.0","0.5555555555555556","1.0","2","2","false","CERS4","7.0","0","2","0","0","0","0","0.9199999999999999","false","0","CERS4","0","0.7"
"191","1.5","0.0","0.6666666666666666","0.0","1","2","false","CCNE2","2.0","0","1","0","0","0","0","0.75","false","0","CCNE2","0","0.0"
"58","1.4285714285714286","0.42857142857142855","0.7","0.16666666666666666","4","2","false","PRKCSH","2.5","0","4","0","0","0","0","0.8928571428571428","false","0","PRKCSH","22","0.4"
"87","1.5714285714285714","0.03968253968253967","0.6363636363636364","0.6666666666666666","4","3","false","SLC25A13","4.0","0","4","0","0","0","0","0.8857142857142858","false","0","SLC25A13","4","0.6666666666666666"
"112","1.52","0.019243182743182742","0.6578947368421053","0.5454545454545454","12","2","false","RPL3","12.5","0","12","0","0","0","0","0.9792000000000001","false","0","RPL3","60","0.5"
"129","1.7777777777777777","8.169934640522876E-4","0.5625","0.8333333333333334","4","2","false","PPP1R8","12.5","0","4",,"0","0","0","0.95679012345679","false","0","PPP1R8","2","0.6944444444444444"
"88","1.8333333333333333","4.528985507246377E-4","0.5454545454545455","0.8333333333333334","4","2","false","IZUMO1","14.25","0","4",,"0","0","0","0.9652777777777778","false","0","IZUMO1","2","0.59375"
"133","1.6","0.0","0.625","1.0","2","2","false","ZNF716","3.5","0","2","0",,"0","0","0.8800000000000001","false","0","ZNF716","0","0.7"
"210","0.0","0.0","0.0","0.0","0","0","true","KLK1","0.0","0","0","0","0","0","0","Infinity","false","0","KLK1","0","0.0"
"1","1.8974358974358974","2.112896849738955E-4","0.5270270270270271","0.8333333333333334","4","2","false","GCA","19.75","0","4","0","0","0","0","0.975071225071225","false","0","GCA","4","0.5064102564102564"
"217","0.0","0.0","0.0","0.0","0","0","true","RNF225","0.0","0","0","0",,"0","0","Infinity","false","0","RNF225","0","0.0"
"3","0.0","0.0","0.0","0.0","0","0","true","MITD1","0.0","0","0","0","0","0","0","Infinity","false","0","MITD1","0","0.0"
"112","1.76","0.003902116402116402","0.5681818181818182","0.4666666666666667","6","2","false","ALDH18A1","14.0","0","6",,"0","0","0","0.9695999999999999","false","0","ALDH18A1","16","0.56"
"27","1.7692307692307692","0.0024590964590964592","0.5652173913043479","0.6666666666666666","6","2","false","ATP2C2","15.833333333333334","0","6","0","0","0","0","0.9704142011834319","false","0","ATP2C2","10","0.6089743589743589"
"112","1.76","0.0016335978835978835","0.5681818181818182","0.7333333333333333","6","2","false","TRAPPC14","15.666666666666666","0","6","0","0","0","0","0.9695999999999999","false","0","TRAPPC14","8","0.6266666666666667"
"143","1.5","0.0","0.6666666666666666","0.0","1","2","false","ALDH9A1","2.0","0","1","0","0","0","0","0.75","false","0","ALDH9A1","0","0.0"
"115","1.7692307692307692","0.005131868131868131","0.5652173913043479","0.5333333333333333","6","2","false","OR56A4","13.0","0","6",,"0","0","0","0.9704142011834319","false","0","OR56A4","14","0.5"
"16","1.75","0.0093859649122807","0.5714285714285714","0.5","5","2","false","PDCL2","10.2","0","5",,"0","0","0","0.9625","false","0","PDCL2","10","0.51"
"104","2.25","0.0","0.4444444444444444","0.0","1","3","false","CCDC166","2.0","0","1","0","0","0","0","0.5833333333333334","false","0","CCDC166","0","0.0"
"80","0.0","0.0","0.0","0.0","0","0","true","SP7","0.0","0","0",,"0","0","0","Infinity","false","0","SP7","0","0.0"
"144","1.8125","0.0060404497823641065","0.5517241379310345","0.4","6","2","false","RGR","14.666666666666666","0","6","0","0","0","0","0.9729166666666667","false","0","RGR","56","0.46774193548387094"
"87","1.4285714285714286","0.07936507936507935","0.7","0.6","5","3","false","CORO1C","3.8","0","5","0","0","0","0","0.9142857142857143","false","0","CORO1C","8","0.6333333333333333"
"76","1.3333333333333333","0.6666666666666666","0.75","0.0","2","2","false","ABI1","1.5","0","2","0","0","0","0","0.8333333333333334","false","0","ABI1","4","0.5"
"115","1.6923076923076923","0.01218803418803419","0.5909090909090909","0.32142857142857145","8","2","false","GTF2F1","11.125","0","8","0","0","0","0","0.9733727810650887","false","0","GTF2F1","38","0.42788461538461536"
"209","0.0","0.0","0.0","0.0","0","0","true","NKX6-3","0.0","0","0","0","0","0","0","Infinity","false","0","NKX6-3","0","0.0"
"128","1.8333333333333333","0.0010064412238325283","0.5454545454545455","0.6666666666666666","4","2","false","RTL5","15.25","0","4","0","0","0","0","0.9652777777777778","false","0","RTL5","4","0.6354166666666666"
"13","1.8888888888888888","0.0","0.5294117647058824","0.0","1","2","false","AMDHD2","9.0","0","1",,"0","0","0","0.9012345679012346","false","0","AMDHD2","0","0.0"
"115","1.8461538461538463","0.0020512820512820513","0.5416666666666666","0.6666666666666666","4","2","false","FRZB","15.0","0","4",,"0","0","0","0.9674556213017751","false","0","FRZB","4","0.5769230769230769"
"5","1.8979591836734695","2.1222075121358214E-4","0.5268817204301075","0.7","5","2","false","TCP11X1","31.4","0","5","0","0","0","0","0.9812925170068026","false","0","TCP11X1","6","0.6408163265306123"
"89","1.85","0.0","0.5405405405405405","1.0","3","2","false","RUFY2","11.666666666666666","0","3",,"0","0","0","0.9574999999999999","false","0","RUFY2","0","0.5833333333333334"
"10","1.8888888888888888","0.0","0.5294117647058824","0.0","1","2","false","LINC00208","9.0","0","1",,"0","0","0","0.9012345679012346","false","0","LINC00208","0","0.0"
"90","1.7741935483870968","0.0026276590792719823","0.5636363636363636","0.7142857142857143","7","2","false","GPR141","19.142857142857142","0","7",,"0","0","0","0.9750260145681582","false","0","GPR141","12","0.6175115207373272"
"206","0.0","0.0","0.0","0.0","0","0","true","PRAMEF27","0.0","0","0","0","0","0","0","Infinity","false","0","PRAMEF27","0","0.0"
"5","1.7142857142857142","0.008838111583737067","0.5833333333333334","0.4725274725274725","14","2","false","ZSCAN22","17.5","0","14","0","0","0","0","0.9851190476190476","false","0","ZSCAN22","96","0.35714285714285715"
"143","1.5","0.0","0.6666666666666666","0.0","1","2","false","ZFAND5","2.0","0","1","0","0","0","0","0.75","false","0","ZFAND5","0","0.0"
"135","2.0","0.0","0.5","0.0","1","3","false","B3GAT1","3.0","0","1",,"0","0","0","0.6666666666666666","false","0","B3GAT1","0","0.0"
"145","1.6363636363636365","0.02424242424242424","0.611111111111111","0.6666666666666666","4","2","false","SLC26A3","7.5","0","4",,"0","0","0","0.9363636363636363","false","0","SLC26A3","6","0.6818181818181818"
"112","1.84","0.0011574074074074073","0.5434782608695652","0.5","4","2","false","EFCAB13","16.0","0","4",,"0","0","0","0.9664","false","0","EFCAB13","6","0.64"
"126","1.6","0.03333333333333333","0.625","0.5","4","2","false","RAPGEF4","4.25","0","4",,"0","0","0","0.9400000000000001","false","0","RAPGEF4","6","0.425"
"101","0.0","0.0","0.0","0.0","0","0","true","CD38","0.0","0","0",,"0","0","0","Infinity","false","0","CD38","0","0.0"
"23","1.0","0.0","1.0","0.0","1","1","false","UBE2W","1.0","0","1","0","0","0","0","1.0","false","0","UBE2W","0","0.0"
"27","1.8846153846153846","0.0","0.5306122448979592","1.0","3","2","false","RIOK3","21.666666666666668","0","3","0","0","0","0","0.9659763313609468","false","0","RIOK3","0","0.8333333333333334"
"120","0.0","0.0","0.0","0.0","0","0","true","TM2D2","0.0","0","0",,"0","0","0","Infinity","false","0","TM2D2","0","0.0"
"102","1.5","0.0","0.6666666666666666","0.0","1","2","false","GPATCH2","2.0","0","1","0","0","0","0","0.75","false","0","GPATCH2","0","0.0"
"1","1.8461538461538463","0.0016911114077105976","0.5416666666666666","0.5333333333333333","6","2","false","SH3GLB1","18.5","0","6","0","0","0","0","0.9764957264957265","false","0","SH3GLB1","14","0.47435897435897434"
"83","1.75","0.0","0.5714285714285714","0.0","1","2","false","TMEM143","4.0","0","1","0","0","0","0","0.8125","false","0","TMEM143","0","0.0"
"165","0.0","0.0","0.0","0.0","0","0","true","WDR13","0.0","0","0","0","0","0","0","Infinity","false","0","WDR13","0","0.0"
"44","1.8235294117647058","0.0","0.5483870967741935","1.0","3","2","false","VWA1","12.0","0","3","0","0","0","0","0.9515570934256055","false","0","VWA1","0","0.7058823529411765"
"103","0.0","0.0","0.0","0.0","0","0","true","CLEC4A","0.0","0","0","0","0","0","0","Infinity","false","0","CLEC4A","0","0.0"
"153","0.0","0.0","0.0","0.0","0","0","true","LMNTD1","0.0","0","0",,"0","0","0","Infinity","false","0","LMNTD1","0","0.0"
"112","1.72","0.006363756613756614","0.5813953488372093","0.38095238095238093","7","2","false","REST","13.428571428571429","0","7","0","0","0","0","0.9712000000000001","false","0","REST","26","0.5371428571428571"
"141","1.8","0.0","0.5555555555555556","1.0","2","2","false","THBS4","9.0","0","2",,"0","0","0","0.9199999999999999","false","0","THBS4","0","0.9"
"171","0.0","0.0","0.0","0.0","0","0","true","GOLGA6A","0.0","0","0",,"0","0","0","Infinity","false","0","GOLGA6A","0","0.0"
"62","1.7826086956521738","0.0015527950310559003","0.5609756097560976","0.8","5","2","false","LPAR2","14.0","0","5","0","0","0","0","0.9659735349716447","false","0","LPAR2","4","0.6086956521739131"
"5","1.816326530612245","0.002397983002724899","0.550561797752809","0.4722222222222222","9","2","false","IL34","20.444444444444443","0","9","0","0","0","0","0.9829931972789115","false","0","IL34","38","0.41723356009070295"
"43","1.5","0.011559410088821854","0.6666666666666666","0.7222222222222222","9","2","false","PSG11","11.333333333333334","0","9","0","0","0","0","0.9722222222222222","false","0","PSG11","20","0.6296296296296297"
"180","1.4","0.05","0.7142857142857143","0.6666666666666666","3","2","false","BMP2K","3.0","0","3","0","0","0","0","0.9199999999999999","false","0","BMP2K","2","0.6"
"4","0.0","0.0","0.0","0.0","0","0","true","OR10A2","0.0","0","0","0","0","0","0","Infinity","false","0","OR10A2","0","0.0"
"97","1.8","0.0","0.5555555555555556","0.0","1","2","false","PSME3IP1","5.0","0","1",,"0","0","0","0.8400000000000001","false","0","PSME3IP1","0","0.0"
"6","1.619047619047619","0.027467809967809963","0.6176470588235294","0.42857142857142855","8","2","false","NCBP2","8.75","0","8","0","0","0","0","0.9523809523809524","false","0","NCBP2","54","0.4166666666666667"
"87","1.5714285714285714","0.2857142857142857","0.6363636363636364","0.3333333333333333","3","2","false","PDK1","3.3333333333333335","0","3","0","0","0","0","0.8857142857142858","false","0","PDK1","14","0.5"
"44","1.8235294117647058","0.0","0.5483870967741935","1.0","3","2","false","RNF112","11.666666666666666","0","3","0","0","0","0","0.9515570934256055","false","0","RNF112","0","0.6862745098039216"
"144","1.8125","0.00415226574500768","0.5517241379310345","0.4","6","2","false","RGL2","12.0","0","6","0","0","0","0","0.9729166666666667","false","0","RGL2","24","0.375"
"189","1.7142857142857142","0.01098901098901099","0.5833333333333334","0.5","4","2","false","ANKRD36B","6.5","0","4","0","0","0","0","0.9489795918367347","false","0","ANKRD36B","6","0.4642857142857143"
"90","1.7741935483870968","0.003057766606153703","0.5636363636363636","0.6666666666666666","7","2","false","PPP2CA","19.0","0","7","0","0","0","0","0.9750260145681582","false","0","PPP2CA","14","0.6129032258064516"
"46","1.40625","0.08790882616487453","0.7111111111111111","0.16374269005847952","19","2","false","SMC1B","8.31578947368421","0","19","0","0","0","0","0.9854910714285714","false","0","SMC1B","346","0.2736842105263158"
"62","1.8695652173913044","0.0","0.5348837209302325","1.0","3","2","false","CXCR1","17.0","0","3",,"0","0","0","0.9621928166351607","false","0","CXCR1","0","0.7391304347826086"
"62","1.826086956521739","0.003623188405797101","0.5476190476190477","0.5","4","2","false","RCOR3","12.0","0","4","0","0","0","0","0.9640831758034026","false","0","RCOR3","6","0.5217391304347826"
"5","1.8979591836734695","1.6303441001043419E-4","0.5268817204301075","0.6","5","2","false","BECN2","36.8","0","5","0","0","0","0","0.9812925170068026","false","0","BECN2","8","0.7510204081632653"
"121","1.6666666666666667","0.0","0.6","0.0","1","2","false","EFNA1","3.0","0","1","0","0","0","0","0.7777777777777777","false","0","EFNA1","0","0.0"
"1","1.9230769230769231","2.162704591854389E-4","0.52","0.6666666666666666","4","3","false","OR7D2","25.25","0","4","0","0","0","0","0.9743589743589745","false","0","OR7D2","4","0.6644736842105263"
"19","1.5","0.5","0.6666666666666666","0.0","2","2","false","RFPL4AL1","2.0","0","2","0",,"0","0","0.8333333333333334","false","0","RFPL4AL1","6","0.5"
"5","1.8979591836734695","4.215272400269777E-5","0.5268817204301075","0.8","5","2","false","OR2A5","35.6","0","5","0","0","0","0","0.9812925170068026","false","0","OR2A5","4","0.726530612244898"
"81","1.3333333333333333","0.6666666666666666","0.75","0.0","2","2","false","TMBIM1","1.5","0","2",,"0","0","0","0.8333333333333334","false","0","TMBIM1","4","0.5"
"46","1.78125","0.004362679211469533","0.5614035087719298","0.5238095238095238","7","2","false","ZNF772","17.285714285714285","0","7","0","0","0","0","0.9720982142857143","false","0","ZNF772","52","0.5401785714285714"
"115","1.5384615384615385","0.04619791319791319","0.6499999999999999","0.19696969696969696","12","2","false","LYG1","9.5","0","12","0","0","0","0","0.9792899408284023","false","0","LYG1","106","0.36538461538461536"
"129","1.8888888888888888","0.0","0.5294117647058824","1.0","2","2","false","GARIN2","14.5","0","2",,"0","0","0","0.9506172839506173","false","0","GARIN2","0","0.8055555555555556"
"190","1.6666666666666667","0.0","0.6","0.0","1","2","false","ZEB1","3.0","0","1","0","0","0","0","0.7777777777777777","false","0","ZEB1","0","0.0"
"38","0.0","0.0","0.0","0.0","0","0","true","OR10T2","0.0","0","0",,"0","0","0","Infinity","false","0","OR10T2","0","0.0"
"111","1.6666666666666667","0.003472222222222222","0.6","0.6666666666666666","3","2","false","CFAP221","8.333333333333334","0","3",,"0","0","0","0.925925925925926","false","0","CFAP221","2","0.9259259259259259"
"5","1.7959183673469388","0.0020639733570178083","0.5568181818181818","0.6222222222222222","10","2","false","ST8SIA4","25.8","0","10",,"0","0","0","0.9834183673469389","false","0","ST8SIA4","34","0.5265306122448979"
"76","1.3333333333333333","0.6666666666666666","0.75","0.0","2","2","false","UBXN11","1.5","0","2","0","0","0","0","0.8333333333333334","false","0","UBXN11","4","0.5"
"157","1.6666666666666667","0.027777777777777776","0.6","0.6666666666666666","3","2","false","MAGI3","4.666666666666667","0","3","0","0","0","0","0.9166666666666666","false","0","MAGI3","4","0.5185185185185185"
"142","0.0","0.0","0.0","0.0","0","0","true","JMY","0.0","0","0",,"0","0","0","Infinity","false","0","JMY","0","0.0"
"90","1.8387096774193548","2.9790997532933017E-4","0.543859649122807","0.8","5","2","false","HOXD13","24.2","0","5","0","0","0","0","0.9729448491155046","false","0","HOXD13","4","0.7806451612903226"
"78","2.0","0.0","0.5","0.0","1","3","false","SPATA2","2.0","0","1","0","0","0","0","0.5","false","0","SPATA2","0","0.0"
"144","1.875","0.0017336281935836997","0.5333333333333333","0.4","5","3","false","SLC17A2","18.2","0","5","0","0","0","0","0.9708333333333333","false","0","SLC17A2","16","0.6"
"18","1.75","0.0","0.5714285714285714","0.0","1","2","false","FOXC1","4.0","0","1","0","0","0","0","0.8125","false","0","FOXC1","0","0.0"
"166","0.0","0.0","0.0","0.0","0","0","true","ALDH6A1","0.0","0","0","0","0","0","0","Infinity","false","0","ALDH6A1","0","0.0"
"121","1.6666666666666667","0.0","0.6","0.0","1","2","false","KPNA6","3.0","0","1","0","0","0","0","0.7777777777777777","false","0","KPNA6","0","0.0"
"129","1.8888888888888888","0.0","0.5294117647058824","1.0","2","2","false","IGLV8-61","14.5","0","2","0","0","0","0","0.9506172839506173","false","0","IGLV8-61","0","0.8055555555555556"
"138","1.25","0.8333333333333333","0.8","0.0","3","2","false","OR2A4","1.3333333333333333","0","3","0","0","0","0","0.9166666666666666","false","0","OR2A4","10","0.3333333333333333"
"187","1.7777777777777777","0.0","0.5625","1.0","2","2","false","EP400P1","5.5","0","2","0","0","0","0","0.9135802469135802","false","0","EP400P1","0","0.6111111111111112"
"46","1.75","0.009519009216589859","0.5714285714285714","0.39285714285714285","8","2","false","SCAF4","12.0","0","8","0","0","0","0","0.9732142857142857","false","0","SCAF4","46","0.375"
"62","1.826086956521739","0.003293807641633728","0.5476190476190477","0.5","4","2","false","FAAP100","12.25","0","4",,"0","0","0","0.9640831758034026","false","0","FAAP100","6","0.532608695652174"
"24","0.0","0.0","0.0","0.0","0","0","true","RRAD","0.0","0","0",,"0","0","0","Infinity","false","0","RRAD","0","0.0"
"182","1.0","0.0","1.0","0.0","1","1","false","FYCO1","1.0","0","1",,"0","0","0","1.0","false","0","FYCO1","0","0.0"
"12","1.6666666666666667","0.0","0.6","0.0","1","2","false","ATRX","3.0","0","1","0","0","0","0","0.7777777777777777","false","0","ATRX","0","0.0"
"129","1.7222222222222223","0.002124183006535948","0.5806451612903225","0.8","5","2","false","TSC22D2","10.8","0","5","0","0","0","0","0.9598765432098766","false","0","TSC22D2","4","0.6"
"82","0.0","0.0","0.0","0.0","0","0","true","MRNIP","0.0","0","0",,"0","0","0","Infinity","false","0","MRNIP","0","0.0"
"112","1.44","0.045522283272283276","0.6944444444444444","0.38461538461538464","14","2","false","RAMAC","10.428571428571429","0","14","0","0","0","0","0.9823999999999999","false","0","RAMAC","112","0.41714285714285715"
"129","1.7777777777777777","0.0010893246187363833","0.5625","0.8333333333333334","4","2","false","RAC3","11.0","0","4","0","0","0","0","0.95679012345679","false","0","RAC3","2","0.6111111111111112"
"111","1.4444444444444444","0.010416666666666666","0.6923076923076923","0.8","5","2","false","PCDHGA11","6.6","0","5","0","0","0","0","0.9506172839506173","false","0","PCDHGA11","4","0.7333333333333333"
"5","1.7142857142857142","0.009775331709882762","0.5833333333333334","0.43956043956043955","14","2","false","AICDA","19.571428571428573","0","14","0","0","0","0","0.9851190476190476","false","0","AICDA","102","0.39941690962099125"
"46","1.75","0.010791090629800305","0.5714285714285714","0.2857142857142857","8","2","false","TNMD","11.25","0","8","0","0","0","0","0.9732142857142857","false","0","TNMD","50","0.3588709677419355"
"46","1.71875","0.013904489887352788","0.5818181818181818","0.3611111111111111","9","2","false","GLYATL1","12.88888888888889","0","9","0","0","0","0","0.9743303571428571","false","0","GLYATL1","84","0.4027777777777778"
"46","1.625","0.016848278289810545","0.6153846153846154","0.45454545454545453","12","2","false","TMPPE","12.666666666666666","0","12","0","0","0","0","0.9776785714285714","false","0","TMPPE","76","0.3958333333333333"
"104","2.0","0.0","0.5","0.0","1","3","false","PRG2","3.0","0","1",,"0","0","0","0.6666666666666666","false","0","PRG2","0","0.0"
"65","1.5","0.0","0.6666666666666666","0.0","1","2","false","PEX14","2.0","0","1","0","0","0","0","0.75","false","0","PEX14","0","0.0"
"28","1.8333333333333333","0.0","0.5454545454545455","1.0","2","2","false","CXorf66","9.5","0","2",,"0","0","0","0.9305555555555555","false","0","CXorf66","0","0.7916666666666666"
"128","1.75","0.004961755233494364","0.5714285714285714","0.5333333333333333","6","2","false","DDX52","12.166666666666666","0","6","0","0","0","0","0.96875","false","0","DDX52","14","0.5069444444444444"
"111","1.6666666666666667","0.003472222222222222","0.6","0.6666666666666666","3","2","false","AP1B1","8.333333333333334","0","3","0","0","0","0","0.925925925925926","false","0","AP1B1","2","0.9259259259259259"
"160","2.0","0.0","0.5","0.0","1","3","false","ZNF454","3.0","0","1","0","0","0","0","0.6666666666666666","false","0","ZNF454","0","0.0"
"136","1.7142857142857142","0.007326007326007326","0.5833333333333334","0.6666666666666666","4","2","false","DBR1","8.25","0","4","0","0","0","0","0.9489795918367347","false","0","DBR1","4","0.5892857142857143"
"134","1.7777777777777777","0.0","0.5625","1.0","2","2","false","ZBTB48","7.0","0","2","0","0","0","0","0.9135802469135802","false","0","ZBTB48","0","0.7777777777777778"
"187","1.8888888888888888","0.0","0.5294117647058824","0.0","1","2","false","PPP4R2","9.0","0","1",,"0","0","0","0.9012345679012346","false","0","PPP4R2","0","0.0"
"144","1.34375","0.1208007122180328","0.7441860465116279","0.18571428571428572","21","2","false","MYH16","7.476190476190476","0","21","0","0","0","0","0.9885416666666667","false","0","MYH16","442","0.23363095238095238"
"7","2.0","0.0","0.5","0.0","1","3","false","ZNF213","3.0","0","1","0","0","0","0","0.6666666666666666","false","0","ZNF213","0","0.0"
"1","1.8974358974358974","4.273504273504273E-4","0.5270270270270271","0.7","5","3","false","EVX1","18.8","0","5","0",,"0","0","0.975071225071225","false","0","EVX1","6","0.49473684210526314"
"27","1.8461538461538463","2.1978021978021978E-4","0.5416666666666666","0.8333333333333334","4","2","false","PARP3","20.0","0","4","0","0","0","0","0.9674556213017751","false","0","PARP3","2","0.7692307692307693"
"16","1.8","0.00631578947368421","0.5555555555555556","0.5","4","2","false","SINHCAF","11.0","0","4",,"0","0","0","0.96","false","0","SINHCAF","6","0.55"
"219","0.0","0.0","0.0","0.0","0","0","true","IGHV3-74","0.0","0","0","0",,"0","0","Infinity","false","0","IGHV3-74","0","0.0"
"89","1.8","0.003508771929824561","0.5555555555555556","0.5","4","2","false","ZDHHC14","9.75","0","4","0","0","0","0","0.96","false","0","ZDHHC14","6","0.4875"
"190","1.6666666666666667","0.0","0.6","0.0","1","2","false","SARS1","3.0","0","1","0","0","0","0","0.7777777777777777","false","0","SARS1","0","0.0"
"112","1.88","0.0","0.5319148936170213","1.0","3","2","false","ESCO2","16.0","0","3","0","0","0","0","0.9648","false","0","ESCO2","0","0.64"
"131","2.0","0.0","0.5","0.0","1","3","false","NR4A3","3.0","0","1",,"0","0","0","0.6666666666666666","false","0","NR4A3","0","0.0"
"141","1.8","0.0","0.5555555555555556","1.0","2","2","false","TLR4","9.0","0","2","0","0","0","0","0.9199999999999999","false","0","TLR4","0","0.9"
"128","1.5833333333333333","0.02899557165861514","0.6315789473684211","0.35555555555555557","10","2","false","ATXN7L2","9.3","0","10","0",,"0","0","0.9756944444444445","false","0","ATXN7L2","58","0.3875"
"34","1.5","0.5","0.6666666666666666","0.0","2","2","false","SMAP2","2.0","0","2",,"0","0","0","0.8333333333333334","false","0","SMAP2","6","0.5"
"13","1.8888888888888888","0.0","0.5294117647058824","0.0","1","2","false","IGKV3D-15","9.0","0","1","0",,"0","0","0.9012345679012346","false","0","IGKV3D-15","0","0.0"
"5","1.5918367346938775","0.025091053863405828","0.6282051282051282","0.30526315789473685","20","2","false","MYLK3","13.45","0","20","0","0","0","0","0.9876700680272109","false","0","MYLK3","264","0.27448979591836736"
"14","1.3333333333333333","0.0","0.75","1.0","2","2","false","SPZ1","2.5","0","2",,"0","0","0","0.888888888888889","false","0","SPZ1","0","0.8333333333333334"
"115","1.6153846153846154","0.021890220890220892","0.6190476190476191","0.4","10","2","false","TRGV1","10.8","0","10","0","0","0","0","0.9763313609467456","false","0","TRGV1","54","0.4153846153846154"
"112","1.8","0.0025132275132275133","0.5555555555555556","0.5","5","2","false","FOXP1","14.2","0","5",,"0","0","0","0.968","false","0","FOXP1","10","0.568"
"115","1.7307692307692308","0.011798534798534797","0.5777777777777777","0.2857142857142857","7","2","false","PIGP","10.285714285714286","0","7","0","0","0","0","0.9718934911242604","false","0","PIGP","30","0.3956043956043956"
"111","1.5555555555555556","0.003472222222222222","0.6428571428571428","0.8333333333333334","4","2","false","TRIM36","7.5","0","4",,"0","0","0","0.9382716049382717","false","0","TRIM36","2","0.8333333333333334"
"17","1.0","1.0","1.0","0.0","2","1","false","PRICKLE3","1.0","0","2","0","0","0","0","1.0","false","0","PRICKLE3","2","0.0"
"126","1.8","0.0","0.5555555555555556","1.0","2","2","false","SEMA4G","6.5","0","2",,"0","0","0","0.9199999999999999","false","0","SEMA4G","0","0.65"
"104","1.5","0.5","0.6666666666666666","0.0","2","2","false","ODAPH","2.0","0","2","0",,"0","0","0.8333333333333334","false","0","ODAPH","6","0.5"
"83","1.5","0.0","0.6666666666666666","1.0","2","2","false","SLC30A6","3.0","0","2","0","0","0","0","0.875","false","0","SLC30A6","0","0.75"
"88","1.75","0.009683402346445824","0.5714285714285714","0.3333333333333333","6","2","false","IGHV4-59","12.333333333333334","0","6","0",,"0","0","0.96875","false","0","IGHV4-59","20","0.5138888888888888"
"6","1.5238095238095237","0.062024225774225776","0.65625","0.41818181818181815","11","3","false","SUZ12","7.545454545454546","0","11","0","0","0","0","0.9597069597069597","false","0","SUZ12","82","0.37727272727272726"
"130","1.0","0.0","1.0","0.0","1","1","false","SDCCAG8","1.0","0","1","0","0","0","0","1.0","false","0","SDCCAG8","0","0.0"
"126","1.8","0.0","0.5555555555555556","1.0","2","2","false","SLITRK3","6.5","0","2","0",,"0","0","0.9199999999999999","false","0","SLITRK3","0","0.65"
"90","1.7419354838709677","0.0057869012707722385","0.5740740740740741","0.6428571428571429","8","2","false","PPP2CB","16.25","0","8","0","0","0","0","0.9760665972944849","false","0","PPP2CB","20","0.5241935483870968"
"102","1.5","0.0","0.6666666666666666","0.0","1","2","false","NPIPB7","2.0","0","1","0",,"0","0","0.75","false","0","NPIPB7","0","0.0"
"115","1.6923076923076923","0.013146631146631147","0.5909090909090909","0.25","8","2","false","SOCS2","11.5","0","8","0",,"0","0","0.9733727810650887","false","0","SOCS2","42","0.4423076923076923"
"220","0.0","0.0","0.0","0.0","0","0","true","LEFTY2","0.0","0","0","0",,"0","0","Infinity","false","0","LEFTY2","0","0.0"
"124","1.8888888888888888","0.0","0.5294117647058824","0.0","1","2","false","PCDHB4","9.0","0","1",,"0","0","0","0.9012345679012346","false","0","PCDHB4","0","0.0"
"136","1.5714285714285714","0.021716378859236003","0.6363636363636364","0.6","6","2","false","SUV39H1","8.0","0","6","0","0","0","0","0.9591836734693878","false","0","SUV39H1","12","0.5714285714285714"
"88","1.2916666666666667","0.1229813664596273","0.7741935483870968","0.23529411764705882","17","2","false","CCDC7","6.9411764705882355","0","17","0","0","0","0","0.9878472222222222","false","0","CCDC7","208","0.28921568627450983"
"50","2.0","0.0","0.5","0.0","1","3","false","RDH16","4.0","0","1","0","0","0","0","0.75","false","0","RDH16","0","0.0"
"138","2.25","0.0","0.4444444444444444","0.0","1","3","false","FUBP1","2.0","0","1","0","0","0","0","0.5833333333333334","false","0","FUBP1","0","0.0"
"88","1.3333333333333333","0.11612318840579712","0.75","0.16666666666666666","16","2","false","RRBP1","6.4375","0","16","0","0","0","0","0.9861111111111112","false","0","RRBP1","200","0.2682291666666667"
"97","1.8","0.0","0.5555555555555556","0.0","1","2","false","SPATA18","5.0","0","1","0","0","0","0","0.8400000000000001","false","0","SPATA18","0","0.0"
"90","1.8387096774193548","1.0240655401945725E-4","0.543859649122807","0.9","5","2","false","SNAPC3","23.0","0","5","0","0","0","0","0.9729448491155046","false","0","SNAPC3","2","0.7419354838709677"
"62","1.826086956521739","0.0023056653491436096","0.5476190476190477","0.6666666666666666","4","2","false","NPBWR2","15.0","0","4","0","0","0","0","0.9640831758034026","false","0","NPBWR2","4","0.6521739130434783"
"112","1.52","0.02732916157916158","0.6578947368421053","0.4696969696969697","12","2","false","ZNF350","11.5","0","12","0","0","0","0","0.9792000000000001","false","0","ZNF350","70","0.46"
"5","1.8979591836734695","4.215272400269777E-5","0.5268817204301075","0.8","5","2","false","STK39","34.8","0","5","0","0","0","0","0.9812925170068026","false","0","STK39","4","0.710204081632653"
"83","1.5","0.0","0.6666666666666666","1.0","2","2","false","B3GNT3","3.0","0","2","0","0","0","0","0.875","false","0","B3GNT3","0","0.75"
"44","1.8235294117647058","0.0014705882352941176","0.5483870967741935","0.6666666666666666","3","2","false","LRRC71","12.666666666666666","0","3",,"0","0","0","0.9515570934256055","false","0","LRRC71","2","0.7450980392156863"
"144","1.71875","0.012956775129191944","0.5818181818181818","0.3888888888888889","9","2","false","UPK1A","14.444444444444445","0","9","0","0","0","0","0.9760416666666667","false","0","UPK1A","104","0.4513888888888889"
"144","1.90625","2.999364373112982E-4","0.5245901639344263","0.6666666666666666","4","3","false","TLCD3B","19.25","0","4","0","0","0","0","0.9697916666666667","false","0","TLCD3B","8","0.6209677419354839"
"27","1.7692307692307692","0.0032564102564102563","0.5652173913043479","0.6","6","2","false","TFCP2","13.833333333333334","0","6","0","0","0","0","0.9704142011834319","false","0","TFCP2","12","0.532051282051282"
"189","1.8571428571428572","0.0","0.5384615384615384","1.0","2","2","false","PALS1","13.5","0","2",,"0","0","0","0.9387755102040816","false","0","PALS1","0","0.9642857142857143"
"177","0.0","0.0","0.0","0.0","0","0","true","ZBTB18","0.0","0","0",,"0","0","0","Infinity","false","0","ZBTB18","0","0.0"
"5","1.8571428571428572","8.392572801108552E-4","0.5384615384615384","0.5714285714285714","7","2","false","CLDN12","29.571428571428573","0","7","0","0","0","0","0.9821428571428572","false","0","CLDN12","18","0.6034985422740525"
"23","1.0","0.0","1.0","0.0","1","1","false","TRIM17","1.0","0","1","0","0","0","0","1.0","false","0","TRIM17","0","0.0"
"27","1.6538461538461537","0.004697191697191697","0.6046511627906977","0.7222222222222222","9","2","false","SYT9","14.333333333333334","0","9","0","0","0","0","0.9748520710059172","false","0","SYT9","20","0.5512820512820513"
"187","1.8888888888888888","0.0","0.5294117647058824","0.0","1","2","false","C5orf52","9.0","0","1","0",,"0","0","0.9012345679012346","false","0","C5orf52","0","0.0"
"88","1.5833333333333333","0.02493961352657005","0.6315789473684211","0.4222222222222222","10","2","false","SAMD11","9.5","0","10","0","0","0","0","0.9756944444444445","false","0","SAMD11","52","0.3958333333333333"
"5","1.8979591836734695","1.9775352001265622E-5","0.5268817204301075","0.9","5","2","false","NBPF4","31.4","0","5","0","0","0","0","0.9812925170068026","false","0","NBPF4","2","0.6408163265306123"
"151","1.0","0.0","1.0","0.0","1","1","false","TACC1","1.0","0","1","0","0","0","0","1.0","false","0","TACC1","0","0.0"
"123","1.8333333333333333","0.0","0.5454545454545455","1.0","2","2","false","PPP1R13B","11.5","0","2","0","0","0","0","0.9305555555555555","false","0","PPP1R13B","0","0.9583333333333334"
"128","1.5416666666666667","0.03920088566827698","0.6486486486486486","0.36363636363636365","11","2","false","MYOCD","9.454545454545455","0","11","0",,"0","0","0.9774305555555555","false","0","MYOCD","70","0.3939393939393939"
"88","1.7083333333333333","0.005102657004830918","0.5853658536585367","0.5714285714285714","7","2","false","TRGV5","13.285714285714286","0","7","0","0","0","0","0.9704861111111112","false","0","TRGV5","18","0.5535714285714286"
"221","0.0","0.0","0.0","0.0","0","0","true","AQP7","0.0","0","0","0",,"0","0","Infinity","false","0","AQP7","0","0.0"
"222","1.0","0.0","1.0","0.0","1","1","false","ZSCAN5C","1.0","0","1","0",,"0","0","1.0","false","0","ZSCAN5C","0","0.0"
"62","1.8695652173913044","0.0","0.5348837209302325","1.0","3","2","false","CXCR3","16.333333333333332","0","3",,"0","0","0","0.9621928166351607","false","0","CXCR3","0","0.7101449275362319"
"105","0.0","0.0","0.0","0.0","0","0","true","PIPOX","0.0","0","0","0","0","0","0","Infinity","false","0","PIPOX","0","0.0"
"14","1.3333333333333333","0.0","0.75","1.0","2","2","false","TRAF3IP1","2.5","0","2","0","0","0","0","0.888888888888889","false","0","TRAF3IP1","0","0.8333333333333334"
"1","1.794871794871795","0.0025351841141314823","0.5571428571428572","0.6428571428571429","8","2","false","MAGEB6B","16.75","0","8","0","0","0","0","0.9779202279202279","false","0","MAGEB6B","20","0.42948717948717946"
"189","1.8571428571428572","0.0","0.5384615384615384","1.0","2","2","false","PSD2","13.5","0","2","0","0","0","0","0.9387755102040816","false","0","PSD2","0","0.9642857142857143"
"154","0.0","0.0","0.0","0.0","0","0","true","ASB2","0.0","0","0",,"0","0","0","Infinity","false","0","ASB2","0","0.0"
"180","1.8","0.0","0.5555555555555556","0.0","1","2","false","ZZZ3","5.0","0","1","0","0","0","0","0.8400000000000001","false","0","ZZZ3","0","0.0"
"112","1.48","0.0339429181929182","0.6756756756756757","0.4358974358974359","13","2","false","TIMP4","10.846153846153847","0","13","0","0","0","0","0.9808","false","0","TIMP4","88","0.4338461538461538"
"155","0.0","0.0","0.0","0.0","0","0","true","KLHL35","0.0","0","0",,"0","0","0","Infinity","false","0","KLHL35","0","0.0"
"223","0.0","0.0","0.0","0.0","0","0","true","IQCF5","0.0","0","0","0",,"0","0","Infinity","false","0","IQCF5","0","0.0"
"12","1.3333333333333333","0.0","0.75","1.0","2","2","false","SYNJ2","2.5","0","2","0","0","0","0","0.888888888888889","false","0","SYNJ2","0","0.8333333333333334"
"30","1.3333333333333333","0.6666666666666666","0.75","0.0","2","2","false","COA7","1.5","0","2","0","0","0","0","0.8333333333333334","false","0","COA7","4","0.5"
"43","1.5","0.014726232373291197","0.6666666666666666","0.6944444444444444","9","2","false","PPWD1","11.222222222222221","0","9","0","0","0","0","0.9722222222222222","false","0","PPWD1","22","0.6234567901234568"
"62","1.826086956521739","0.0023056653491436096","0.5476190476190477","0.6666666666666666","4","2","false","SLC50A1","12.5","0","4","0","0","0","0","0.9640831758034026","false","0","SLC50A1","4","0.5434782608695652"
"131","1.25","0.8333333333333333","0.8","0.0","3","2","false","KRTAP9-2","1.3333333333333333","0","3","0","0","0","0","0.9166666666666666","false","0","KRTAP9-2","10","0.3333333333333333"
"124","1.8888888888888888","0.0","0.5294117647058824","0.0","1","2","false","ZNF280D","9.0","0","1",,"0","0","0","0.9012345679012346","false","0","ZNF280D","0","0.0"
"5","1.8775510204081634","3.12625050020008E-4","0.5326086956521738","0.7333333333333333","6","2","false","CADM4","27.333333333333332","0","6",,"0","0","0","0.98171768707483","false","0","CADM4","8","0.5578231292517006"
"126","1.8","0.0","0.5555555555555556","1.0","2","2","false","RUBCN","6.5","0","2","0","0","0","0","0.9199999999999999","false","0","RUBCN","0","0.65"
"192","0.0","0.0","0.0","0.0","0","0","true","SH2D7","0.0","0","0","0","0","0","0","Infinity","false","0","SH2D7","0","0.0"
"34","2.25","0.0","0.4444444444444444","0.0","1","3","false","ESRP2","2.0","0","1","0","0","0","0","0.5833333333333334","false","0","ESRP2","0","0.0"
"189","1.7857142857142858","0.0027472527472527475","0.5599999999999999","0.6666666666666666","3","2","false","RAPGEFL1","10.333333333333334","0","3","0","0","0","0","0.9438775510204082","false","0","RAPGEFL1","2","0.7380952380952381"
"62","1.826086956521739","5.64652738565782E-4","0.5476190476190477","0.8333333333333334","4","2","false","NDUFAF6","16.5","0","4","0","0","0","0","0.9640831758034026","false","0","NDUFAF6","2","0.717391304347826"
"6","1.9523809523809523","0.0033333333333333335","0.5121951219512195","0.5","4","3","false","SLC25A11","10.0","0","4","0","0","0","0","0.9267399267399268","false","0","SLC25A11","6","0.5735294117647058"
"144","1.875","0.0025254662027253552","0.5333333333333333","0.16666666666666666","4","2","false","FCER1A","18.25","0","4","0","0","0","0","0.9708333333333333","false","0","FCER1A","46","0.5916666666666667"
"184","1.75","0.00505050505050505","0.5714285714285714","0.6666666666666666","3","2","false","SMAGP","8.0","0","3","0","0","0","0","0.9375","false","0","SMAGP","2","0.6666666666666666"
"189","1.7857142857142858","0.0","0.5599999999999999","1.0","3","2","false","UGDH","10.666666666666666","0","3","0","0","0","0","0.9438775510204082","false","0","UGDH","0","0.7619047619047619"
"126","1.9","0.0","0.5263157894736842","0.0","1","2","false","IL1RAPL2","10.0","0","1",,"0","0","0","0.9099999999999999","false","0","IL1RAPL2","0","0.0"
"127","1.5","0.0","0.6666666666666666","0.0","1","2","false","CASR","2.0","0","1","1",,"1","0","0.75","false","0","CASR","0","0.0"
"127","1.0","1.0","1.0","0.0","2","1","false","ALPK2","1.0","0","2","0","0","0","0","1.0","false","0","ALPK2","2","0.0"
"141","1.2","0.20925925925925926","0.8333333333333334","0.2857142857142857","8","2","false","NHS","3.875","0","8","0","0","0","0","0.9800000000000001","false","0","NHS","40","0.3875"
"28","1.8333333333333333","0.0","0.5454545454545455","1.0","2","2","false","SHISAL2B","9.5","0","2","0","0","0","0","0.9305555555555555","false","0","SHISAL2B","0","0.7916666666666666"
"44","1.3529411764705883","0.13504901960784313","0.7391304347826086","0.23636363636363636","11","2","false","DCTN1","4.818181818181818","0","11","0","0","0","0","0.9792387543252596","false","0","DCTN1","84","0.28342245989304815"
"5","1.816326530612245","0.0011215130395574912","0.550561797752809","0.6111111111111112","9","2","false","CEACAM21","27.88888888888889","0","9",,"0","0","0","0.9829931972789115","false","0","CEACAM21","28","0.5691609977324263"
"123","1.5833333333333333","0.013888888888888888","0.6315789473684211","0.7","5","2","false","SPEM3","7.2","0","5","0","0","0","0","0.9513888888888888","false","0","SPEM3","6","0.6"
"62","1.8695652173913044","0.0","0.5348837209302325","1.0","3","2","false","MPPED2","18.666666666666668","0","3","0","0","0","0","0.9621928166351607","false","0","MPPED2","0","0.8115942028985508"
"16","1.8","0.003070175438596491","0.5555555555555556","0.6666666666666666","4","2","false","HDGFL1","11.5","0","4",,"0","0","0","0.96","false","0","HDGFL1","4","0.575"
"6","1.5238095238095237","0.04942305710162853","0.65625","0.4666666666666667","10","2","false","PABPC4","8.1","0","10","0","0","0","0","0.9597069597069597","false","0","PABPC4","68","0.38571428571428573"
"189","1.7857142857142858","0.0","0.5599999999999999","1.0","3","2","false","ARHGAP11A","11.0","0","3","0","0","0","0","0.9438775510204082","false","0","ARHGAP11A","0","0.7857142857142857"
"102","1.0","1.0","1.0","0.0","2","1","false","TREML4","1.0","0","2",,"0","0","0","1.0","false","0","TREML4","2","0.0"
"134","1.7777777777777777","0.0","0.5625","1.0","2","2","false","HMMR","6.5","0","2","0",,"0","0","0.9135802469135802","false","0","HMMR","0","0.7222222222222222"
"215","0.0","0.0","0.0","0.0","0","0","true","ANKRD65","0.0","0","0","0","0","0","0","Infinity","false","0","ANKRD65","0","0.0"
"184","1.4166666666666667","0.08838383838383837","0.7058823529411764","0.2857142857142857","7","2","false","ZNF853","4.285714285714286","0","7",,"0","0","0","0.9652777777777778","false","0","ZNF853","30","0.35714285714285715"
"43","1.7222222222222223","0.0028992793698676056","0.5806451612903225","0.7","5","2","false","PDE4B","12.8","0","5",,"0","0","0","0.9598765432098766","false","0","PDE4B","6","0.7111111111111111"
"157","1.6666666666666667","0.027777777777777776","0.6","0.6666666666666666","3","2","false","MANEAL","4.666666666666667","0","3","0","0","0","0","0.9166666666666666","false","0","MANEAL","4","0.5185185185185185"
"106","0.0","0.0","0.0","0.0","0","0","true","ZNF718","0.0","0","0",,"0","0","0","Infinity","false","0","ZNF718","0","0.0"
"81","1.3333333333333333","0.6666666666666666","0.75","0.0","2","2","false","SLC10A1","1.5","0","2","0",,"0","0","0.8333333333333334","false","0","SLC10A1","4","0.5"
"88","1.7916666666666667","0.0018892339544513456","0.5581395348837209","0.7","5","2","false","STK16","14.8","0","5","0","0","0","0","0.9670138888888888","false","0","STK16","6","0.6166666666666667"
"167","0.0","0.0","0.0","0.0","0","0","true","ZMYND12","0.0","0","0",,"0","0","0","Infinity","false","0","ZMYND12","0","0.0"
"125","1.8571428571428572","0.0","0.5384615384615384","1.0","2","2","false","EPM2AIP1","10.5","0","2",,"0","0","0","0.9387755102040816","false","0","EPM2AIP1","0","0.75"
"20","1.2","0.9","0.8333333333333334","0.0","4","2","false","TMEM231","1.25","0","4","0","0","0","0","0.95","false","0","TMEM231","18","0.25"
"115","1.6923076923076923","0.009608169608169608","0.5909090909090909","0.42857142857142855","8","2","false","SHISA2","12.375","0","8","0","0","0","0","0.9733727810650887","false","0","SHISA2","32","0.47596153846153844"
"144","1.84375","0.0036552574624768366","0.5423728813559322","0.3","5","2","false","AIG1","18.8","0","5","0","0","0","0","0.971875","false","0","AIG1","66","0.6133333333333333"
"168","0.0","0.0","0.0","0.0","0","0","true","NPY4R2","0.0","0","0","0","0","0","0","Infinity","false","0","NPY4R2","0","0.0"
"224","0.0","0.0","0.0","0.0","0","0","true","ABCB7","0.0","0","0","0","0","0","0","Infinity","false","0","ABCB7","0","0.0"
"13","1.8888888888888888","0.0","0.5294117647058824","0.0","1","2","false","CREB3L4","9.0","0","1","0",,"0","0","0.9012345679012346","false","0","CREB3L4","0","0.0"
"84","2.0","0.0","0.5","0.0","1","3","false","CBLIF","4.0","0","1","0","0","0","0","0.75","false","0","CBLIF","0","0.0"
"135","1.25","0.8333333333333333","0.8","0.0","3","2","false","DPEP2","1.3333333333333333","0","3","0","0","0","0","0.9166666666666666","false","0","DPEP2","10","0.3333333333333333"
"19","1.75","0.0","0.5714285714285714","1.0","2","3","false","ARF1","2.5","0","2","0","0","0","0","0.75","false","0","ARF1","0","0.8333333333333334"
"90","1.1290322580645162","0.16770609318996418","0.8857142857142857","0.2022792022792023","27","2","false","PUM3","7.777777777777778","0","27","0","0","0","0","0.9958376690946931","false","0","PUM3","560","0.25089605734767023"
"18","1.75","0.0","0.5714285714285714","0.0","1","2","false","BRIX1","4.0","0","1","0",,"0","0","0.8125","false","0","BRIX1","0","0.0"
"5","1.8775510204081634","3.5394410722265244E-4","0.5326086956521738","0.7333333333333333","6","2","false","TCP11X2","27.833333333333332","0","6",,"0","0","0","0.98171768707483","false","0","TCP11X2","8","0.5680272108843537"
"27","1.4230769230769231","0.06194627594627595","0.7027027027027026","0.34285714285714286","15","2","false","FAM184B","9.733333333333333","0","15","0","0","0","0","0.9837278106508875","false","0","FAM184B","138","0.37435897435897436"
"144","1.90625","2.999364373112982E-4","0.5245901639344263","0.6666666666666666","4","3","false","SHF","20.0","0","4",,"0","0","0","0.9697916666666667","false","0","SHF","8","0.6451612903225806"
"9","0.0","0.0","0.0","0.0","0","0","true","C17orf75","0.0","0","0","0","0","0","0","Infinity","false","0","C17orf75","0","0.0"
"98","1.5","0.0","0.6666666666666666","0.0","1","2","false","B4GALNT2","2.0","0","1",,"0","0","0","0.75","false","0","B4GALNT2","0","0.0"
"127","1.5","0.0","0.6666666666666666","0.0","1","2","false","NAA16","2.0","0","1","0","0","0","0","0.75","false","0","NAA16","0","0.0"
"111","1.6666666666666667","0.003472222222222222","0.6","0.6666666666666666","3","2","false","ERCC4","8.333333333333334","0","3","0","0","0","0","0.925925925925926","false","0","ERCC4","2","0.9259259259259259"
"90","1.8064516129032258","5.325140809011777E-4","0.5535714285714286","0.8666666666666667","6","2","false","OIT3","20.833333333333332","0","6","0","0","0","0","0.9739854318418315","false","0","OIT3","4","0.6720430107526881"
"115","1.7307692307692308","0.008605616605616605","0.5777777777777777","0.2857142857142857","7","2","false","ZNF526","11.142857142857142","0","7","0","0","0","0","0.9718934911242604","false","0","ZNF526","30","0.42857142857142855"
"122","1.0","0.0","1.0","0.0","1","1","false","AKR1B1","1.0","0","1","0","0","0","0","1.0","false","0","AKR1B1","0","0.0"
"107","0.0","0.0","0.0","0.0","0","0","true","MS4A10","0.0","0","0",,"0","0","0","Infinity","false","0","MS4A10","0","0.0"
"16","1.8","0.004824561403508771","0.5555555555555556","0.5","4","2","false","IGHV1-69","8.75","0","4","0","0","0","0","0.96","false","0","IGHV1-69","6","0.4375"
"90","1.8064516129032258","9.840338872596937E-4","0.5535714285714286","0.8","6","2","false","ADORA3","20.166666666666668","0","6",,"0","0","0","0.9739854318418315","false","0","ADORA3","6","0.6505376344086021"
"112","1.8","0.001923076923076923","0.5555555555555556","0.6","5","2","false","HNF1B","15.4","0","5","0","0","0","0","0.968","false","0","HNF1B","8","0.616"
"59","0.0","0.0","0.0","0.0","0","0","true","P2RY11","0.0","0","0",,"0","0","0","Infinity","false","0","P2RY11","0","0.0"
"62","1.8695652173913044","0.0","0.5348837209302325","1.0","3","2","false","SLC25A4","18.666666666666668","0","3","0","0","0","0","0.9621928166351607","false","0","SLC25A4","0","0.8115942028985508"
"89","1.9","0.0","0.5263157894736842","1.0","2","2","false","STRADA","17.5","0","2",,"0","0","0","0.9550000000000001","false","0","STRADA","0","0.875"
"16","1.85","6.578947368421052E-4","0.5405405405405405","0.6666666666666666","3","2","false","TRAV12-1","15.0","0","3","0","0","0","0","0.9574999999999999","false","0","TRAV12-1","2","0.75"
"11","1.25","0.8333333333333333","0.8","0.0","3","2","false","SYVN1","1.3333333333333333","0","3","0","0","0","0","0.9166666666666666","false","0","SYVN1","10","0.3333333333333333"
"90","1.8709677419354838","1.0240655401945725E-4","0.5344827586206897","0.8333333333333334","4","2","false","MAP2K5","21.5","0","4","0","0","0","0","0.9719042663891779","false","0","MAP2K5","2","0.6935483870967742"
"128","1.8333333333333333","0.001932367149758454","0.5454545454545455","0.5","4","2","false","TMCO6","12.5","0","4","0","0","0","0","0.9652777777777778","false","0","TMCO6","6","0.5208333333333334"
"46","1.8125","8.784562211981566E-4","0.5517241379310345","0.7333333333333333","6","2","false","OTUD5","18.0","0","6","0","0","0","0","0.9709821428571429","false","0","OTUD5","10","0.5625"
"160","1.5","0.5","0.6666666666666666","0.0","2","2","false","LETM1","2.0","0","2","0","0","0","0","0.8333333333333334","false","0","LETM1","6","0.5"
"5","1.836734693877551","2.272267536145425E-4","0.5444444444444444","0.8214285714285714","8","2","false","SYPL1","28.5","0","8",,"0","0","0","0.9825680272108843","false","0","SYPL1","10","0.5816326530612245"
"139","0.0","0.0","0.0","0.0","0","0","true","SESN1","0.0","0","0",,"0","0","0","Infinity","false","0","SESN1","0","0.0"
"112","1.8","5.897435897435898E-4","0.5555555555555556","0.8","5","2","false","MS4A14","16.6","0","5","0","0","0","0","0.968","false","0","MS4A14","4","0.664"
"85","1.8571428571428572","0.0","0.5384615384615384","1.0","2","3","false","YARS2","4.5","0","2","0","0","0","0","0.8571428571428571","false","0","YARS2","0","0.75"
"88","1.8333333333333333","8.62663906142167E-4","0.5454545454545455","0.6666666666666666","4","2","false","TPMT","16.5","0","4","0","0","0","0","0.9652777777777778","false","0","TPMT","4","0.6875"
"10","1.7777777777777777","0.0","0.5625","1.0","2","2","false","SPANXN1","6.5","0","2","0","0","0","0","0.9135802469135802","false","0","SPANXN1","0","0.7222222222222222"
"60","0.0","0.0","0.0","0.0","0","0","true","NUAK2","0.0","0","0","0","0","0","0","Infinity","false","0","NUAK2","0","0.0"
"14","1.6666666666666667","0.0","0.6","0.0","1","2","false","RANBP3","3.0","0","1",,"0","0","0","0.7777777777777777","false","0","RANBP3","0","0.0"
"125","1.7857142857142858","0.003663003663003663","0.5599999999999999","0.6666666666666666","3","2","false","CPA4","8.333333333333334","0","3",,"0","0","0","0.9438775510204082","false","0","CPA4","2","0.5952380952380952"
"63","1.6","0.06666666666666667","0.625","0.0","2","2","false","NCCRP1","3.5","0","2","0","0","0","0","0.85","false","0","NCCRP1","4","0.8333333333333334"
"129","1.8888888888888888","0.0","0.5294117647058824","1.0","2","2","false","GFY","13.5","0","2","0","0","0","0","0.9506172839506173","false","0","GFY","0","0.75"
"141","1.5","0.04259259259259259","0.6666666666666666","0.5","5","2","false","LIPK","5.6","0","5","0","0","0","0","0.95","false","0","LIPK","10","0.56"
"136","1.2857142857142858","0.14139194139194142","0.7777777777777777","0.28888888888888886","10","2","false","KIF27","5.3","0","10",,"0","0","0","0.9795918367346939","false","0","KIF27","64","0.37857142857142856"
"86","0.0","0.0","0.0","0.0","0","0","true","CYP20A1","0.0","0","0",,"0","0","0","Infinity","false","0","CYP20A1","0","0.0"
"61","1.5","0.0","0.6666666666666666","0.0","1","2","false","ST3GAL3","2.0","0","1","0","0","0","0","0.75","false","0","ST3GAL3","0","0.0"
"1","1.7435897435897436","0.012705231034750483","0.5735294117647058","0.26666666666666666","10","2","false","ELAVL3","14.3","0","10","0",,"0","0","0.9793447293447293","false","0","ELAVL3","94","0.3736842105263158"
"10","1.8888888888888888","0.0","0.5294117647058824","0.0","1","2","false","C12orf60","9.0","0","1","0","0","0","0","0.9012345679012346","false","0","C12orf60","0","0.0"
"97","1.0","0.9","1.0","0.1","5","1","false","YWHAH","1.4","0","5","0","0","0","0","1.0","false","0","YWHAH","18","0.4"
"178","0.0","0.0","0.0","0.0","0","0","true","DOC2B","0.0","0","0","0","0","0","0","Infinity","false","0","DOC2B","0","0.0"
"5","1.163265306122449","0.14920515825377767","0.8596491228070176","0.17560975609756097","41","2","false","BDP1","10.170731707317072","0","41","0","0","0","0","0.9965986394557823","false","0","BDP1","1352","0.20756595321055252"
"72","1.75","0.0","0.5714285714285714","0.0","1","2","false","ASIC1","4.0","0","1",,"0","0","0","0.8125","false","0","ASIC1","0","0.0"
"16","1.75","0.008771929824561403","0.5714285714285714","0.5","5","2","false","SFRP2","7.8","0","5","0","0","0","0","0.9625","false","0","SFRP2","10","0.39"
"1","1.641025641025641","0.015553306342780026","0.609375","0.3076923076923077","14","2","false","SAMD15","13.642857142857142","0","14","0","0","0","0","0.9821937321937322","false","0","SAMD15","126","0.3498168498168498"
"6","1.619047619047619","0.042927013462727745","0.6176470588235294","0.32142857142857145","8","2","false","AGR2","7.5","0","8","0","0","0","0","0.9523809523809524","false","0","AGR2","64","0.36875"
"136","1.7142857142857142","0.0070643642072213495","0.5833333333333334","0.5","4","2","false","SNX27","9.0","0","4","0","0","0","0","0.9489795918367347","false","0","SNX27","6","0.6428571428571429"
"123","1.8333333333333333","0.0","0.5454545454545455","1.0","2","2","false","TTC7A","8.0","0","2","0","0","0","0","0.9305555555555555","false","0","TTC7A","0","0.6666666666666666"
"1","1.8974358974358974","8.675534991324464E-4","0.5270270270270271","0.7","5","3","false","MSI1","20.6","0","5","0","0","0","0","0.975071225071225","false","0","MSI1","6","0.5421052631578948"
"109","2.0","0.0","0.5","0.0","1","3","false","RUFY1","2.0","0","1","0","0","0","0","0.5","false","0","RUFY1","0","0.0"
"180","1.6","0.0","0.625","1.0","2","2","false","USP29","4.0","0","2",,"0","0","0","0.8800000000000001","false","0","USP29","0","0.8"
"62","1.3478260869565217","0.1248353096179183","0.7419354838709677","0.23809523809523808","15","2","false","RBM25","6.133333333333334","0","15","0","0","0","0","0.9848771266540642","false","0","RBM25","160","0.26666666666666666"
"88","1.75","0.006275879917184265","0.5714285714285714","0.4","6","2","false","PDCD6","13.5","0","6","0","0","0","0","0.96875","false","0","PDCD6","18","0.5625"
"27","1.8461538461538463","2.797202797202797E-4","0.5416666666666666","0.8333333333333334","4","2","false","TIGD4","20.0","0","4",,"0","0","0","0.9674556213017751","false","0","TIGD4","2","0.7692307692307693"
"156","0.0","0.0","0.0","0.0","0","0","true","PRAMEF19","0.0","0","0",,"0","0","0","Infinity","false","0","PRAMEF19","0","0.0"
"189","1.6428571428571428","0.01098901098901099","0.6086956521739131","0.7","5","2","false","IMMT","7.8","0","5","0","0","0","0","0.9540816326530612","false","0","IMMT","6","0.5571428571428572"
"112","1.44","0.03662433862433863","0.6944444444444444","0.42857142857142855","14","2","false","CCDC150","11.357142857142858","0","14","0","0","0","0","0.9823999999999999","false","0","CCDC150","104","0.4542857142857143"
"71","1.5","0.5","0.6666666666666666","0.0","2","2","false","NOM1","2.0","0","2","0","0","0","0","0.8333333333333334","false","0","NOM1","6","0.5"
"6","1.380952380952381","0.1235419540776684","0.7241379310344828","0.34615384615384615","13","2","false","TARDBP","7.846153846153846","0","13","0","0","0","0","0.9706959706959707","false","0","TARDBP","170","0.37362637362637363"
"5","1.816326530612245","0.0016104586177887836","0.550561797752809","0.5833333333333334","9","2","false","RCN1","27.22222222222222","0","9","0","0","0","0","0.9829931972789115","false","0","RCN1","30","0.5555555555555556"
"202","0.0","0.0","0.0","0.0","0","0","true","OR52K2","0.0","0","0","0","0","0","0","Infinity","false","0","OR52K2","0","0.0"
"129","1.3888888888888888","0.08131808278867102","0.72","0.38181818181818183","11","2","false","TRBV10-3","7.181818181818182","0","11","0","0","0","0","0.9783950617283951","false","0","TRBV10-3","68","0.398989898989899"
"13","1.8888888888888888","0.0","0.5294117647058824","0.0","1","2","false","UNCX","9.0","0","1","0",,"0","0","0.9012345679012346","false","0","UNCX","0","0.0"
"5","1.836734693877551","0.001183859406675767","0.5444444444444444","0.5714285714285714","8","2","false","THRB","28.625","0","8","0","0","0","0","0.9825680272108843","false","0","THRB","24","0.5841836734693877"
"87","1.4285714285714286","0.15873015873015872","0.7","0.5","4","2","false","DLAT","4.0","0","4","0","0","0","0","0.9142857142857143","false","0","DLAT","10","0.5714285714285714"
"5","1.8775510204081634","1.988820824127284E-4","0.5326086956521738","0.6666666666666666","6","2","false","MAPK1IP1L","34.666666666666664","0","6",,"0","0","0","0.98171768707483","false","0","MAPK1IP1L","10","0.7074829931972789"
"5","1.8979591836734695","4.215272400269777E-5","0.5268817204301075","0.8","5","2","false","TNFRSF11B","36.8","0","5","0","0","0","0","0.9812925170068026","false","0","TNFRSF11B","4","0.7510204081632653"
"16","1.7","0.014254385964912278","0.5882352941176471","0.5333333333333333","6","2","false","PRXL2A","9.333333333333334","0","6","0","0","0","0","0.9650000000000001","false","0","PRXL2A","14","0.4666666666666667"
"44","1.7647058823529411","0.0014705882352941176","0.5666666666666667","0.8333333333333334","4","2","false","GCKR","10.0","0","4","0","0","0","0","0.9550173010380623","false","0","GCKR","2","0.5882352941176471"
"222","1.0","0.0","1.0","0.0","1","1","false","COX6B2","1.0","0","1","0","0","0","0","1.0","false","0","COX6B2","0","0.0"
"145","1.7272727272727273","0.0","0.5789473684210527","1.0","3","2","false","NIBAN1","9.333333333333334","0","3","0","0","0","0","0.9272727272727274","false","0","NIBAN1","0","0.8484848484848485"
"187","1.7777777777777777","0.0","0.5625","1.0","2","2","false","DDI2","5.5","0","2","0","0","0","0","0.9135802469135802","false","0","DDI2","0","0.6111111111111112"
"157","1.8888888888888888","0.0","0.5294117647058824","1.0","2","3","false","CLUH","5.5","0","2","0","0","0","0","0.8888888888888888","false","0","CLUH","0","0.6875"
"195","0.0","0.0","0.0","0.0","0","0","true","AKR7A3","0.0","0","0","0","0","0","0","Infinity","false","0","AKR7A3","0","0.0"
"46","1.53125","0.048445500512032766","0.6530612244897959","0.20952380952380953","15","2","false","MED1","8.8","0","15","0","0","0","0","0.9810267857142857","false","0","MED1","194","0.275"
"160","1.25","0.8333333333333333","0.8","0.0","3","2","false","SCO1","1.3333333333333333","0","3","0",,"0","0","0.9166666666666666","false","0","SCO1","10","0.3333333333333333"
"144","1.84375","0.005833699149793118","0.5423728813559322","0.3333333333333333","6","3","false","PRSS8","14.0","0","6","0","0","0","0","0.971875","false","0","PRSS8","52","0.46111111111111114"
"87","2.4285714285714284","0.0","0.411764705882353","0.0","1","3","false","NDUFAF5","3.0","0","1",,"0","0","0","0.7142857142857143","false","0","NDUFAF5","0","0.0"
"90","1.8064516129032258","0.002252944188428059","0.5535714285714286","0.6666666666666666","6","2","false","SLC25A3","19.833333333333332","0","6","0","0","0","0","0.9739854318418315","false","0","SLC25A3","10","0.6397849462365591"
"25","0.0","0.0","0.0","0.0","0","0","true","C11orf40","0.0","0","0","0","0","0","0","Infinity","false","0","C11orf40","0","0.0"
"115","1.6923076923076923","0.013747252747252746","0.5909090909090909","0.35714285714285715","8","2","false","PKLR","9.875","0","8","0","0","0","0","0.9733727810650887","false","0","PKLR","36","0.3798076923076923"
"15","2.25","0.0","0.4444444444444444","0.0","1","3","false","HEYL","2.0","0","1",,"0","0","0","0.5833333333333334","false","0","HEYL","0","0.0"
"141","1.6","0.020370370370370372","0.625","0.5","4","2","false","SEC23B","6.25","0","4","0","0","0","0","0.9400000000000001","false","0","SEC23B","6","0.625"
"51","1.75","0.5","0.5714285714285714","0.0","2","3","false","MRPS24","1.5","0","2","0","0","0","0","0.625","false","0","MRPS24","6","0.5"
"145","1.7272727272727273","0.0","0.5789473684210527","1.0","3","2","false","HLCS","9.333333333333334","0","3","0","0","0","0","0.9272727272727274","false","0","HLCS","0","0.8484848484848485"
"39","0.0","0.0","0.0","0.0","0","0","true","OR10G6","0.0","0","0",,"0","0","0","Infinity","false","0","OR10G6","0","0.0"
"108","0.0","0.0","0.0","0.0","0","0","true","ACP6","0.0","0","0",,"0","0","0","Infinity","false","0","ACP6","0","0.0"
"89","1.85","0.0","0.5405405405405405","1.0","3","2","false","KRT39","13.333333333333334","0","3","0","0","0","0","0.9574999999999999","false","0","KRT39","0","0.6666666666666666"
"5","1.8571428571428572","0.0011004331790418563","0.5384615384615384","0.5238095238095238","7","2","false","SLC25A30","26.285714285714285","0","7","0","0","0","0","0.9821428571428572","false","0","SLC25A30","20","0.5364431486880467"
"179","0.0","0.0","0.0","0.0","0","0","true","SOX13","0.0","0","0",,"0","0","0","Infinity","false","0","SOX13","0","0.0"
"161","1.5","0.0","0.6666666666666666","0.0","1","2","false","MEX3D","2.0","0","1","0","0","0","0","0.75","false","0","MEX3D","0","0.0"
"184","1.75","0.002525252525252525","0.5714285714285714","0.6666666666666666","3","2","false","RPL34","9.333333333333334","0","3","0","0","0","0","0.9375","false","0","RPL34","2","0.7777777777777778"
"44","1.7647058823529411","0.0","0.5666666666666667","1.0","4","2","false","FAM86B2","10.75","0","4","0","0","0","0","0.9550173010380623","false","0","FAM86B2","0","0.6323529411764706"
"115","1.8461538461538463","0.0010549450549450549","0.5416666666666666","0.6666666666666666","4","2","false","AKAP14","15.0","0","4",,"0","0","0","0.9674556213017751","false","0","AKAP14","4","0.5769230769230769"
"129","1.6666666666666667","0.013017429193899782","0.6","0.6","6","2","false","LACC1","9.333333333333334","0","6","0","0","0","0","0.9629629629629629","false","0","LACC1","12","0.5185185185185185"
"129","1.5","0.047549019607843135","0.6666666666666666","0.4166666666666667","9","2","false","PABPC1L2B","7.888888888888889","0","9","0","0","0","0","0.9722222222222222","false","0","PABPC1L2B","42","0.4382716049382716"
"109","1.3333333333333333","0.6666666666666666","0.75","0.0","2","2","false","CCR6","1.5","0","2",,"0","0","0","0.8333333333333334","false","0","CCR6","4","0.5"
"189","1.8571428571428572","0.0","0.5384615384615384","1.0","2","2","false","PRDM8","13.5","0","2",,"0","0","0","0.9387755102040816","false","0","PRDM8","0","0.9642857142857143"
"28","1.8333333333333333","0.0","0.5454545454545455","1.0","2","2","false","C1QL2","8.5","0","2","0","0","0","0","0.9305555555555555","false","0","C1QL2","0","0.7083333333333334"
"18","1.75","0.0","0.5714285714285714","0.0","1","2","false","C18orf21","4.0","0","1","0","0","0","0","0.8125","false","0","C18orf21","0","0.0"
"19","1.75","0.0","0.5714285714285714","1.0","2","3","false","RAB11A","2.5","0","2","0","0","0","0","0.75","false","0","RAB11A","0","0.8333333333333334"
"43","1.5","0.021869089516148337","0.6666666666666666","0.5833333333333334","9","2","false","RNASEL","10.0","0","9","0","0","0","0","0.9722222222222222","false","0","RNASEL","30","0.5555555555555556"
"81","2.0","0.0","0.5","0.0","1","3","false","SLC29A2","2.0","0","1","0","0","0","0","0.5","false","0","SLC29A2","0","0.0"
"44","1.8823529411764706","0.0","0.53125","1.0","2","2","false","ZNF219","13.5","0","2",,"0","0","0","0.9480968858131488","false","0","ZNF219","0","0.7941176470588235"
"89","1.8","0.002807017543859649","0.5555555555555556","0.6666666666666666","4","2","false","HRC","10.25","0","4","0","0","0","0","0.96","false","0","HRC","4","0.5125"
"16","1.85","0.0","0.5405405405405405","1.0","3","2","false","ARPIN","14.0","0","3",,"0","0","0","0.9574999999999999","false","0","ARPIN","0","0.7"
"6","1.619047619047619","0.019883568812140238","0.6176470588235294","0.4642857142857143","8","2","false","XRCC5","9.5","0","8","0","0","0","0","0.9523809523809524","false","0","XRCC5","44","0.4523809523809524"
"136","1.8571428571428572","0.0","0.5384615384615384","1.0","2","2","false","TXNRD3","12.0","0","2","0","0","0","0","0.9387755102040816","false","0","TXNRD3","0","0.8571428571428571"
"46","1.8125","0.005435147849462365","0.5517241379310345","0.3333333333333333","6","2","false","LNX2","13.666666666666666","0","6","0","0","0","0","0.9709821428571429","false","0","LNX2","38","0.4270833333333333"
"90","1.6129032258064515","0.015555555555555553","0.62","0.48484848484848486","12","2","false","DDX4","11.666666666666666","0","12","0","0","0","0","0.9802289281997919","false","0","DDX4","68","0.3763440860215054"
"169","0.0","0.0","0.0","0.0","0","0","true","PDSS1","0.0","0","0",,"0","0","0","Infinity","false","0","PDSS1","0","0.0"
"1","1.8461538461538463","0.0011850385332166707","0.5416666666666666","0.6666666666666666","6","2","false","MAGEB17","18.666666666666668","0","6","0","0","0","0","0.9764957264957265","false","0","MAGEB17","10","0.47863247863247865"
"125","1.6428571428571428","0.009157509157509158","0.6086956521739131","0.7","5","2","false","TRIM37","8.0","0","5","0","0","0","0","0.9540816326530612","false","0","TRIM37","6","0.5714285714285714"
"90","1.5806451612903225","0.02261136712749616","0.6326530612244898","0.47435897435897434","13","2","false","PSMD12","12.615384615384615","0","13","0","0","0","0","0.9812695109261186","false","0","PSMD12","82","0.40694789081885857"
"5","1.7551020408163265","0.005056539431066476","0.5697674418604651","0.5303030303030303","12","2","false","THBD","20.583333333333332","0","12","0","0","0","0","0.9842687074829932","false","0","THBD","62","0.4200680272108844"
"115","1.7692307692307692","0.003967143967143968","0.5652173913043479","0.3333333333333333","6","2","false","PSMF1","13.5","0","6","0","0","0","0","0.9704142011834319","false","0","PSMF1","20","0.5192307692307693"
"125","1.5","0.035714285714285705","0.6666666666666666","0.5238095238095238","7","2","false","TSPYL2","6.714285714285714","0","7","0","0","0","0","0.9642857142857143","false","0","TSPYL2","20","0.47959183673469385"
"88","1.625","0.026138716356107657","0.6153846153846154","0.4166666666666667","9","2","false","TRGV3","10.222222222222221","0","9","0",,"0","0","0.9739583333333334","false","0","TRGV3","42","0.42592592592592593"
"138","2.0","0.0","0.5","0.0","1","3","false","AKR1B10","3.0","0","1","0","0","0","0","0.6666666666666666","false","0","AKR1B10","0","0.0"
"115","1.7692307692307692","0.0054004884004883996","0.5652173913043479","0.3333333333333333","6","2","false","TMEM200C","12.166666666666666","0","6","0","0","0","0","0.9704142011834319","false","0","TMEM200C","20","0.46794871794871795"
"44","1.8823529411764706","0.0","0.53125","1.0","2","2","false","CCT8L1P","14.0","0","2","0",,"0","0","0.9480968858131488","false","0","CCT8L1P","0","0.8235294117647058"
"16","1.7","0.013377192982456139","0.5882352941176471","0.5333333333333333","6","2","false","IGLV1-36","9.5","0","6","0",,"0","0","0.9650000000000001","false","0","IGLV1-36","14","0.475"
"112","1.52","0.01695746845746846","0.6578947368421053","0.5757575757575758","12","2","false","ZKSCAN4","12.833333333333334","0","12","0","0","0","0","0.9792000000000001","false","0","ZKSCAN4","56","0.5133333333333333"
"225","0.0","0.0","0.0","0.0","0","0","true","GSG1L2","0.0","0","0","0",,"0","0","Infinity","false","0","GSG1L2","0","0.0"
"40","0.0","0.0","0.0","0.0","0","0","true","EAPP","0.0","0","0",,"0","0","0","Infinity","false","0","EAPP","0","0.0"
"20","2.0","0.0","0.5","0.0","1","3","false","SLC2A1","4.0","0","1","0","0","0","0","0.75","false","0","SLC2A1","0","0.0"
"88","1.625","0.02270531400966183","0.6153846153846154","0.4166666666666667","9","2","false","ARMH4","9.222222222222221","0","9","0","0","0","0","0.9739583333333334","false","0","ARMH4","42","0.38425925925925924"
"135","2.25","0.0","0.4444444444444444","0.0","1","3","false","RGL4","2.0","0","1",,"0","0","0","0.5833333333333334","false","0","RGL4","0","0.0"
"62","1.826086956521739","0.0","0.5476190476190477","1.0","4","2","false","MCHR1","14.75","0","4","0","0","0","0","0.9640831758034026","false","0","MCHR1","0","0.6413043478260869"
"43","1.7222222222222223","8.169934640522876E-4","0.5806451612903225","0.9","5","2","false","DENND2A","13.4","0","5",,"0","0","0","0.9598765432098766","false","0","DENND2A","2","0.7444444444444445"
"136","1.4285714285714286","0.06263736263736264","0.7","0.39285714285714285","8","2","false","CEP162","6.0","0","8","0","0","0","0","0.9693877551020408","false","0","CEP162","34","0.42857142857142855"
"104","2.0","0.0","0.5","0.0","1","3","false","FAM120AOS","3.0","0","1","0","0","0","0","0.6666666666666666","false","0","FAM120AOS","0","0.0"
"16","1.7","0.011578947368421052","0.5882352941176471","0.6","6","2","false","CHCT1","8.666666666666666","0","6","0","0","0","0","0.9650000000000001","false","0","CHCT1","12","0.43333333333333335"
"125","1.7142857142857142","0.014652014652014652","0.5833333333333334","0.5","4","2","false","FRMPD4","7.0","0","4","0","0","0","0","0.9489795918367347","false","0","FRMPD4","6","0.5"
"43","1.0555555555555556","0.16690787426081544","0.9473684210526315","0.3602941176470588","17","2","false","TRIP11","7.529411764705882","0","17","0","0","0","0","0.9969135802469135","false","0","TRIP11","174","0.41830065359477125"
"6","1.8095238095238095","0.01481074481074481","0.5526315789473684","0.4","6","3","false","NONO","8.0","0","6","0","0","0","0","0.9377289377289377","false","0","NONO","20","0.42105263157894735"
"187","1.7777777777777777","0.0","0.5625","1.0","2","2","false","SP2","5.5","0","2",,"0","0","0","0.9135802469135802","false","0","SP2","0","0.6111111111111112"
"53","1.5","0.0","0.6666666666666666","0.0","1","2","false","MAP4K5","2.0","0","1","0","0","0","0","0.75","false","0","MAP4K5","0","0.0"
"170","0.0","0.0","0.0","0.0","0","0","true","GLYAT","0.0","0","0",,"0","0","0","Infinity","false","0","GLYAT","0","0.0"
"87","1.7142857142857142","0.015873015873015872","0.5833333333333334","0.6666666666666666","3","3","false","CORO1B","4.333333333333333","0","3","0","0","0","0","0.8571428571428571","false","0","CORO1B","2","0.7222222222222222"
"88","1.8333333333333333","8.62663906142167E-4","0.5454545454545455","0.6666666666666666","4","2","false","IGHV4-39","16.5","0","4","0","0","0","0","0.9652777777777778","false","0","IGHV4-39","4","0.6875"
"71","2.0","0.0","0.5","0.0","1","3","false","BMS1","3.0","0","1","0","0","0","0","0.6666666666666666","false","0","BMS1","0","0.0"
"123","1.6666666666666667","0.003787878787878788","0.6","0.8333333333333334","4","2","false","DLGAP1","8.0","0","4","0",,"0","0","0.9444444444444445","false","0","DLGAP1","2","0.6666666666666666"
"5","1.7755102040816326","0.005038913333008205","0.5632183908045977","0.4727272727272727","11","2","false","CD82","17.90909090909091","0","11","0","0","0","0","0.983843537414966","false","0","CD82","58","0.3654916512059369"
"6","1.5238095238095237","0.04086853622567909","0.65625","0.4888888888888889","10","2","false","RNF2","8.4","0","10","0","0","0","0","0.9597069597069597","false","0","RNF2","66","0.4"
"110","1.0","0.0","1.0","0.0","1","1","false","SYNE4","1.0","0","1","0","0","0","0","1.0","false","0","SYNE4","0","0.0"
"125","1.8571428571428572","0.0","0.5384615384615384","1.0","2","2","false","PDE5A","10.5","0","2","0",,"0","0","0.9387755102040816","false","0","PDE5A","0","0.75"
"41","0.0","0.0","0.0","0.0","0","0","true","OR51I2","0.0","0","0",,"0","0","0","Infinity","false","0","OR51I2","0","0.0"
"211","1.0","0.0","1.0","0.0","1","1","false","ZBTB22","1.0","0","1","0","0","0","0","1.0","false","0","ZBTB22","0","0.0"
"43","1.6666666666666667","0.0013197586726998493","0.6","0.8666666666666667","6","2","false","CEP126","13.333333333333334","0","6","0","0","0","0","0.9629629629629629","false","0","CEP126","4","0.7407407407407407"
"46","1.8125","0.0014416922683051715","0.5517241379310345","0.6666666666666666","6","2","false","MCAM","16.666666666666668","0","6","0","0","0","0","0.9709821428571429","false","0","MCAM","10","0.5208333333333334"
"218","0.0","0.0","0.0","0.0","0","0","true","CD72","0.0","0","0","0","0","0","0","Infinity","false","0","CD72","0","0.0"
"122","1.0","0.0","1.0","0.0","1","1","false","HEBP1","1.0","0","1","0","0","0","0","1.0","false","0","HEBP1","0","0.0"
"144","1.875","0.0022020167911435988","0.5333333333333333","0.4","5","3","false","FCRL6","17.4","0","5",,"0","0","0","0.9708333333333333","false","0","FCRL6","18","0.5733333333333334"
"62","1.8695652173913044","0.0","0.5348837209302325","1.0","3","2","false","CLNK","15.666666666666666","0","3",,"0","0","0","0.9621928166351607","false","0","CLNK","0","0.6811594202898551"
"145","1.7272727272727273","0.0","0.5789473684210527","1.0","3","2","false","BRDT","9.333333333333334","0","3",,"0","0","0","0.9272727272727274","false","0","BRDT","0","0.8484848484848485"
"10","1.7777777777777777","0.0","0.5625","1.0","2","2","false","TLNRD1","5.5","0","2","0","0","0","0","0.9135802469135802","false","0","TLNRD1","0","0.6111111111111112"
"121","1.6666666666666667","0.0","0.6","0.0","1","2","false","GKAP1","3.0","0","1","0","0","0","0","0.7777777777777777","false","0","GKAP1","0","0.0"
"88","1.8333333333333333","0.003234989648033126","0.5454545454545455","0.5","4","2","false","STARD3NL","12.0","0","4","0","0","0","0","0.9652777777777778","false","0","STARD3NL","6","0.5"
"51","1.5","0.6666666666666666","0.6666666666666666","0.0","2","2","false","ZNF133","2.0","0","2","0","0","0","0","0.75","false","0","ZNF133","8","0.5"
"124","1.7777777777777777","0.0","0.5625","1.0","2","2","false","POLI","6.0","0","2",,"0","0","0","0.9135802469135802","false","0","POLI","0","0.6666666666666666"
"81","2.0","0.0","0.5","0.0","1","3","false","SOCS5","2.0","0","1","0","0","0","0","0.5","false","0","SOCS5","0","0.0"
"172","2.0","0.0","0.5","0.0","1","3","false","POLR2M","2.0","0","1","0","0","0","0","0.5","false","0","POLR2M","0","0.0"
"50","2.0","0.0","0.5","0.0","1","3","false","C9orf64","4.0","0","1",,"0","0","0","0.75","false","0","C9orf64","0","0.0"
"42","0.0","0.0","0.0","0.0","0","0","true","OR6C1","0.0","0","0",,"0","0","0","Infinity","false","0","OR6C1","0","0.0"
"51","2.5","0.0","0.4","0.0","1","4","false","D2HGDH","2.0","0","1",,"0","0","0","0.25","false","0","D2HGDH","0","0.0"
"126","1.7","0.011111111111111112","0.5882352941176471","0.6666666666666666","3","2","false","GABRB2","5.333333333333333","0","3","0","0","0","0","0.93","false","0","GABRB2","2","0.5333333333333333"
"83","1.75","0.0","0.5714285714285714","0.0","1","2","false","UTP15","4.0","0","1","0","0","0","0","0.8125","false","0","UTP15","0","0.0"
"140","0.0","0.0","0.0","0.0","0","0","true","NT5DC4","0.0","0","0",,"0","0","0","Infinity","false","0","NT5DC4","0","0.0"
"5","1.6122448979591837","0.019718832919890576","0.620253164556962","0.32748538011695905","19","2","false","TRIM23","15.105263157894736","0","19","0","0","0","0","0.9872448979591836","false","0","TRIM23","230","0.3082706766917293"
"184","1.8333333333333333","0.0","0.5454545454545455","1.0","2","2","false","LSM6","10.5","0","2","0","0","0","0","0.9305555555555555","false","0","LSM6","0","0.875"
"43","1.2222222222222223","0.07628863511216452","0.8181818181818181","0.4835164835164835","14","2","false","ZNF629","8.714285714285714","0","14","0","0","0","0","0.9876543209876544","false","0","ZNF629","94","0.48412698412698413"
"126","1.9","0.0","0.5263157894736842","0.0","1","2","false","CTSC","10.0","0","1","0","0","0","0","0.9099999999999999","false","0","CTSC","0","0.0"
"43","1.5555555555555556","0.012757667169431873","0.6428571428571428","0.6428571428571429","8","2","false","SNX33","11.5","0","8",,"0","0","0","0.9691358024691357","false","0","SNX33","20","0.6388888888888888"
"136","1.7857142857142858","0.0","0.5599999999999999","1.0","3","2","false","HMGCS2","10.666666666666666","0","3","0","0","0","0","0.9438775510204082","false","0","HMGCS2","0","0.7619047619047619"
"115","1.8076923076923077","0.002935286935286935","0.5531914893617021","0.4","5","2","false","RTF1","12.4","0","5",,"0","0","0","0.9689349112426036","false","0","RTF1","12","0.47692307692307695"
"63","2.0","0.0","0.5","0.0","1","3","false","NCOA7","4.0","0","1","0","0","0","0","0.75","false","0","NCOA7","0","0.0"
"45","0.0","0.0","0.0","0.0","0","0","true","MCM8","0.0","0","0",,"0","0","0","Infinity","false","0","MCM8","0","0.0"
"84","1.6","0.4","0.625","0.0","2","2","false","ZNF275","2.5","0","2","0","0","0","0","0.85","false","0","ZNF275","8","0.5"
"90","1.8387096774193548","2.9790997532933017E-4","0.543859649122807","0.8","5","2","false","KYNU","24.2","0","5","0","0","0","0","0.9729448491155046","false","0","KYNU","4","0.7806451612903226"
"211","1.0","0.0","1.0","0.0","1","1","false","CCDC13","1.0","0","1","0","0","0","0","1.0","false","0","CCDC13","0","0.0"
"125","1.5","0.06501831501831502","0.6666666666666666","0.38095238095238093","7","2","false","CDK5RAP2","5.714285714285714","0","7","0","0","0","0","0.9642857142857143","false","0","CDK5RAP2","26","0.40816326530612246"
"28","1.5833333333333333","0.04292929292929293","0.6315789473684211","0.4","5","2","false","CCSER1","5.4","0","5",,"0","0","0","0.9513888888888888","false","0","CCSER1","12","0.45"
"27","1.8461538461538463","2.797202797202797E-4","0.5416666666666666","0.8333333333333334","4","2","false","TBKBP1","18.5","0","4","0","0","0","0","0.9674556213017751","false","0","TBKBP1","2","0.7115384615384616"
"26","0.0","0.0","0.0","0.0","0","0","true","PRELID2","0.0","0","0","0","0","0","0","Infinity","false","0","PRELID2","0","0.0"
"84","2.4","0.0","0.4166666666666667","0.0","1","3","false","BAHD1","2.0","0","1","0","0","0","0","0.65","false","0","BAHD1","0","0.0"
"71","2.0","0.0","0.5","0.0","1","3","false","NOP9","3.0","0","1","0","0","0","0","0.6666666666666666","false","0","NOP9","0","0.0"
"62","1.565217391304348","0.039196310935441375","0.6388888888888888","0.37777777777777777","10","2","false","XRCC1","7.8","0","10","0","0","0","0","0.9754253308128544","false","0","XRCC1","56","0.3391304347826087"
"5","1.836734693877551","0.0012765750643674149","0.5444444444444444","0.6428571428571429","8","2","false","ZFP57","28.5","0","8",,"0","0","0","0.9825680272108843","false","0","ZFP57","20","0.5816326530612245"
"85","1.1428571428571428","0.6666666666666666","0.875","0.26666666666666666","6","2","false","OFD1","2.6666666666666665","0","6","0","0","0","0","0.9761904761904763","false","0","OFD1","38","0.38095238095238093"
