"EdgeBetweenness","Host_organism_taxid","interaction","irefindex_check","mean_prob_aff","method","name","numParticipants","OP_A","OP_B","OP_check","Predicted Classes","Probability Score","Regression Value","score_norm","selected","shared interaction","shared name","stringdb_check","uidA","uidA_irefindex","uidB","uidB_irefindex"
"108.0","","interacts with","0","0.56406929","","NOP9 (interacts with) FAM234A",,"0","0","0","1","0.726829268","0.401309311",,"false","interacts with","NOP9 (interacts with) FAM234A","0","Q86U38","","Q9H0X4",""
"128.0","","interacts with","0","0.464192036","","SYT17 (interacts with) AKR7A3",,"0","0","0","1","0.526829268","0.401554803",,"false","interacts with","SYT17 (interacts with) AKR7A3","0","Q9BSW7","","O95154",""
"0.0","","interacts with","0","0.568118692","","PGR (interacts with) PGR",,"1","1","1","1","0.726829268","0.409408115",,"false","interacts with","PGR (interacts with) PGR","0","P06401","","P06401",""
"40.0","","interacts with","0","0.564075309","","NOP9 (interacts with) TYROBP",,"0","0","0","1","0.726829268","0.401321351",,"false","interacts with","NOP9 (interacts with) TYROBP","0","Q86U38","","O43914",""
"37.74285714285714","","interacts with","0","0.464192002","","SF3A1 (interacts with) HOXD13",,"0","0","0","1","0.526829268","0.401554736",,"false","interacts with","SF3A1 (interacts with) HOXD13","0","Q15459","","P35453",""
"94.8865800865801","","interacts with","0","0.464255247","","PECAM1 (interacts with) COL5A3",,"0","1","1","1","0.526829268","0.401681227",,"false","interacts with","PECAM1 (interacts with) COL5A3","0","P16284","","P25940",""
"144.6666666666666","","interacts with","0","0.56407582","","KCNA5 (interacts with) C1orf43",,"0","0","0","1","0.726829268","0.401322371",,"false","interacts with","KCNA5 (interacts with) C1orf43","0","P22460","","Q9BWL3",""
"414.0","","interacts with","0","0.476426317","","TP53 (interacts with) TBC1D28",,"1","0","1","1","0.551219512","0.401633121",,"false","interacts with","TP53 (interacts with) TBC1D28","0","P04637","","Q2M2D7",""
"37.74285714285714","","interacts with","0","0.476387423","","SF3A1 (interacts with) KYNU",,"0","0","0","1","0.551219512","0.401555334",,"false","interacts with","SF3A1 (interacts with) KYNU","0","Q15459","","Q16719",""
"40.0","","interacts with","0","0.47642632","","CRTC3 (interacts with) PROCR",,"0","1","1","1","0.551219512","0.401633127",,"false","interacts with","CRTC3 (interacts with) PROCR","0","Q6UUV7","","Q9UNN8",""
"21.504761904761892","","interacts with","0","0.464192171","","HNF1B (interacts with) ESCO1",,"0","0","0","1","0.526829268","0.401555074",,"false","interacts with","HNF1B (interacts with) ESCO1","0","P35680","","Q5FWF5",""
"7.083333333333334","","interacts with","0","0.476387105","","HNF1B (interacts with) CCDC150",,"0","0","0","1","0.551219512","0.401554698",,"false","interacts with","HNF1B (interacts with) CCDC150","0","P35680","","Q8NCX0",""
"44.533333333333346","","interacts with","0","0.476426244","","COL1A2 (interacts with) UAP1",,"1","0","1","1","0.551219512","0.401632976",,"false","interacts with","COL1A2 (interacts with) UAP1","0","P08123","","Q16222",""
"128.0","","interacts with","0","0.464192283","","SYT17 (interacts with) CNMD",,"0","0","0","1","0.526829268","0.401555298",,"false","interacts with","SYT17 (interacts with) CNMD","0","Q9BSW7","","O75829",""
"128.0","","interacts with","0","0.476387145","","SYT17 (interacts with) FAAP100",,"0","0","0","1","0.551219512","0.401554779",,"false","interacts with","SYT17 (interacts with) FAAP100","0","Q9BSW7","","Q0VG06",""
"1060.0","","interacts with","0","0.461777113","","SMC1B (interacts with) CARD8",,"0","0","0","1","0.52195122","0.401603006",,"false","interacts with","SMC1B (interacts with) CARD8","0","Q8NDV3","","Q9Y2G2",""
"8.333333333333334","","interacts with","0","0.469070249","","HPD (interacts with) FAM20A",,"0","0","0","1","0.536585366","0.401555132",,"false","interacts with","HPD (interacts with) FAM20A","0","P32754","","Q96MK3",""
"414.0","","interacts with","0","0.476426328","","TP53 (interacts with) MOB2",,"1","0","1","1","0.551219512","0.401633143",,"false","interacts with","TP53 (interacts with) MOB2","0","P04637","","Q70IA6",""
"220.0","","interacts with","0","0.464216147","","SMC1B (interacts with) AADACL4",,"0","0","0","1","0.526829268","0.401603025",,"false","interacts with","SMC1B (interacts with) AADACL4","0","Q8NDV3","","Q5VUY2",""
"8.633333333333331","","interacts with","0","0.469070423","","HPD (interacts with) PSMD12",,"0","0","0","1","0.536585366","0.40155548",,"false","interacts with","HPD (interacts with) PSMD12","0","P32754","","O00232",""
"17.999999999999996","","interacts with","0","0.476426205","","CTSK (interacts with) CASKIN2",,"1","0","1","1","0.551219512","0.401632897",,"false","interacts with","CTSK (interacts with) CASKIN2","0","P43235","","Q8WXE0",""
"13.16666666666667","","interacts with","0","0.476387236","","HPD (interacts with) B4GALNT2",,"0","0","0","1","0.551219512","0.40155496",,"false","interacts with","HPD (interacts with) B4GALNT2","0","P32754","","Q8NHY0",""
"5.0","","interacts with","0","0.461753337","","TMEM41A (interacts with) AKAP17A",,"0","0","0","1","0.52195122","0.401555454",,"false","interacts with","TMEM41A (interacts with) AKAP17A","0","Q96HV5","","Q02040",""
"13.0","","interacts with","0","0.461753254","","HPD (interacts with) ZNF669",,"0","0","0","1","0.52195122","0.401555289",,"false","interacts with","HPD (interacts with) ZNF669","0","P32754","","Q96BR6",""
"21.309523809523807","","interacts with","0","0.476387362","","SF3A1 (interacts with) CAMK1G",,"0","0","0","1","0.551219512","0.401555213",,"false","interacts with","SF3A1 (interacts with) CAMK1G","0","Q15459","","Q96NX5",""
"7.499999999999999","","interacts with","0","0.476387028","","HPD (interacts with) OIT3",,"0","0","0","1","0.551219512","0.401554544",,"false","interacts with","HPD (interacts with) OIT3","0","P32754","","Q8WWZ8",""
"344.0","","interacts with","0","0.464192373","","SYT17 (interacts with) WNT7A",,"0","0","0","1","0.526829268","0.401555478",,"false","interacts with","SYT17 (interacts with) WNT7A","0","Q9BSW7","","O00755",""
"154.0","","interacts with","0","0.476426325","","SRC (interacts with) CHPF2",,"1","0","1","1","0.551219512","0.401633137",,"false","interacts with","SRC (interacts with) CHPF2","0","P12931","","Q9P2E5",""
"114.0","","interacts with","0","0.476388287","","SYT17 (interacts with) CLNK",,"0","0","0","1","0.551219512","0.401557062",,"false","interacts with","SYT17 (interacts with) CLNK","0","Q9BSW7","","Q7Z7G1",""
"307.33333333333337","","interacts with","0","0.476426341","","TNFSF11 (interacts with) ZNF185",,"1","0","1","1","0.551219512","0.401633169",,"false","interacts with","TNFSF11 (interacts with) ZNF185","0","O14788","","O15231",""
"61.3333333333333","","interacts with","0","0.464192204","","KCNA5 (interacts with) DCDC2C",,"0","0","0","1","0.526829268","0.40155514",,"false","interacts with","KCNA5 (interacts with) DCDC2C","0","P22460","","A8MYV0",""
"128.0","","interacts with","0","0.476387372","","SYT17 (interacts with) MSTN",,"0","0","0","1","0.551219512","0.401555231",,"false","interacts with","SYT17 (interacts with) MSTN","0","Q9BSW7","","O14793",""
"138.0","","interacts with","0","0.461628885","","KCNA5 (interacts with) KRTAP9-2",,"0","0","0","1","0.52195122","0.401306551",,"false","interacts with","KCNA5 (interacts with) KRTAP9-2","0","P22460","","Q9BYQ4",""
"128.0","","interacts with","0","0.476387302","","SYT17 (interacts with) CFHR2",,"0","0","0","1","0.551219512","0.401555093",,"false","interacts with","SYT17 (interacts with) CFHR2","0","Q9BSW7","","P36980",""
"24.0","","interacts with","0","0.464231234","","CYB5A (interacts with) MYCN",,"0","1","1","1","0.526829268","0.401633199",,"false","interacts with","CYB5A (interacts with) MYCN","0","P00167","","P04198",""
"23.33333333333333","","interacts with","0","0.476387057","","HPD (interacts with) STOX2",,"0","0","0","1","0.551219512","0.401554601",,"false","interacts with","HPD (interacts with) STOX2","0","P32754","","Q9P2F5",""
"21.942857142857136","","interacts with","0","0.476426372","","SF3A1 (interacts with) SLC25A3",,"0","0","0","1","0.551219512","0.401633231",,"false","interacts with","SF3A1 (interacts with) SLC25A3","0","Q15459","","Q00325",""
"6.699999999999999","","interacts with","0","0.47638701","","HPD (interacts with) UAP1",,"0","0","0","1","0.551219512","0.401554507",,"false","interacts with","HPD (interacts with) UAP1","0","P32754","","Q16222",""
"220.0","","interacts with","0","0.476426326","","OR13C8 (interacts with) TRAF6",,"0","1","1","1","0.551219512","0.401633139",,"false","interacts with","OR13C8 (interacts with) TRAF6","0","Q8NGS7","","Q9Y4K3",""
"128.0","","interacts with","0","0.47638755","","SYT17 (interacts with) OR2J1",,"0","0","0","1","0.551219512","0.401555589",,"false","interacts with","SYT17 (interacts with) OR2J1","0","Q9BSW7","","Q9GZK6",""
"138.0","","interacts with","0","0.561492684","","TRNT1 (interacts with) TBCE",,"0","0","0","1","0.72195122","0.401034148",,"false","interacts with","TRNT1 (interacts with) TBCE","0","Q96Q11","","Q15813",""
"128.0","","interacts with","0","0.464192079","","SYT17 (interacts with) DOK5",,"0","0","0","1","0.526829268","0.401554889",,"false","interacts with","SYT17 (interacts with) DOK5","0","Q9BSW7","","Q9P104",""
"149.3333333333333","","interacts with","0","0.47642619","","VTN (interacts with) RPS6KC1",,"1","0","1","1","0.551219512","0.401632868",,"false","interacts with","VTN (interacts with) RPS6KC1","0","P04004","","Q96S38",""
"1194.8333333333333","","interacts with","0","0.464192162","","SYT17 (interacts with) SLC25A4",,"0","0","0","1","0.526829268","0.401555056",,"false","interacts with","SYT17 (interacts with) SLC25A4","0","Q9BSW7","","P12235",""
"272.0","","interacts with","0","0.564067879","","LRRC8E (interacts with) TTYH1",,"0","0","0","1","0.726829268","0.401306489",,"false","interacts with","LRRC8E (interacts with) TTYH1","0","Q6NSJ5","","Q9H313",""
"4.8","","interacts with","0","0.476387168","","CASKIN2 (interacts with) TSPYL2",,"0","0","0","1","0.551219512","0.401554824",,"false","interacts with","CASKIN2 (interacts with) TSPYL2","0","Q8WXE0","","Q9H2G4",""
"3002.9770904534053","","interacts with","0","0.476387109","","TAPT1 (interacts with) BDP1",,"0","0","0","1","0.551219512","0.401554706",,"false","interacts with","TAPT1 (interacts with) BDP1","0","Q6NXT6","","A6H8Y1",""
"6.133333333333333","","interacts with","0","0.476387083","","CASKIN2 (interacts with) PWWP3A",,"0","0","0","1","0.551219512","0.401554653",,"false","interacts with","CASKIN2 (interacts with) PWWP3A","0","Q8WXE0","","Q2TAK8",""
"20.70952380952381","","interacts with","0","0.476426464","","SF3A1 (interacts with) GPR141",,"0","0","0","1","0.551219512","0.401633415",,"false","interacts with","SF3A1 (interacts with) GPR141","0","Q15459","","Q7Z602",""
"40.0","","interacts with","0","0.464231192","","DHRS13 (interacts with) PROCR",,"0","1","1","1","0.526829268","0.401633116",,"false","interacts with","DHRS13 (interacts with) PROCR","0","Q6UX07","","Q9UNN8",""
"10.0","","interacts with","0","0.476387129","","P2RX6 (interacts with) PCARE",,"0","0","0","1","0.551219512","0.401554746",,"false","interacts with","P2RX6 (interacts with) PCARE","0","O15547","","A6NGG8",""
"488.0","","interacts with","0","0.476387402","","SYT17 (interacts with) ST6GALNAC6",,"0","0","0","1","0.551219512","0.401555291",,"false","interacts with","SYT17 (interacts with) ST6GALNAC6","0","Q9BSW7","","Q969X2",""
"14.666666666666664","","interacts with","0","0.476387102","","HPD (interacts with) GTF2H1",,"0","0","0","1","0.551219512","0.401554691",,"false","interacts with","HPD (interacts with) GTF2H1","0","P32754","","P32780",""
"969.8333333333333","","interacts with","0","0.476387286","","SYT17 (interacts with) MPPED2",,"0","0","0","1","0.551219512","0.40155506",,"false","interacts with","SYT17 (interacts with) MPPED2","0","Q9BSW7","","Q15777",""
"9.0","","interacts with","0","0.464192607","","HPD (interacts with) MKRN4P",,"0","0","0","1","0.526829268","0.401555946",,"false","interacts with","HPD (interacts with) MKRN4P","0","P32754","","Q13434",""
"128.0","","interacts with","0","0.464192111","","SYT17 (interacts with) NDUFAF6",,"0","0","0","1","0.526829268","0.401554954",,"false","interacts with","SYT17 (interacts with) NDUFAF6","0","Q9BSW7","","Q330K2",""
"3.6666666666666665","","interacts with","0","0.464192226","","NBPF6 (interacts with) CALHM2",,"0","0","0","1","0.526829268","0.401555183",,"false","interacts with","NBPF6 (interacts with) CALHM2","0","Q5VWK0","","Q9HA72",""
"128.0","","interacts with","0","0.566514236","","SYT17 (interacts with) GOLGA6A",,"0","0","0","1","0.731707317","0.401321155",,"false","interacts with","SYT17 (interacts with) GOLGA6A","0","Q9BSW7","","Q9NYA3",""
"15.0","","interacts with","0","0.591022336","","DAZAP2 (interacts with) KRTAP8-1",,"0","0","0","1","0.780487805","0.401556868",,"false","interacts with","DAZAP2 (interacts with) KRTAP8-1","0","Q15038","","Q8IUC2",""
"192.0","","interacts with","0","0.476426232","","COL3A1 (interacts with) RUNDC3B",,"1","0","1","1","0.551219512","0.401632951",,"false","interacts with","COL3A1 (interacts with) RUNDC3B","0","P02461","","Q96NL0",""
"10.299999999999999","","interacts with","0","0.476387147","","HPD (interacts with) PDZD4",,"0","0","0","1","0.551219512","0.401554782",,"false","interacts with","HPD (interacts with) PDZD4","0","P32754","","Q76G19",""
"28.833788433788428","","interacts with","0","0.476387182","","OR51M1 (interacts with) NVL",,"0","0","0","1","0.551219512","0.401554851",,"false","interacts with","OR51M1 (interacts with) NVL","0","Q9H341","","O15381",""
"38.0","","interacts with","0","0.476426296","","PGR (interacts with) ZNF582",,"1","0","1","1","0.551219512","0.40163308",,"false","interacts with","PGR (interacts with) ZNF582","0","P06401","","Q96NG8",""
"22.37619047619047","","interacts with","0","0.476387195","","SF3A1 (interacts with) PPP2CA",,"0","0","0","1","0.551219512","0.401554878",,"false","interacts with","SF3A1 (interacts with) PPP2CA","0","Q15459","","P67775",""
"19.27619047619047","","interacts with","0","0.476387313","","SF3A1 (interacts with) OR9A1P",,"0","0","0","1","0.551219512","0.401555114",,"false","interacts with","SF3A1 (interacts with) OR9A1P","0","Q15459","","Q8NGU1",""
"414.0","","interacts with","0","0.476426218","","COL5A3 (interacts with) SLC2A11",,"1","0","1","1","0.551219512","0.401632924",,"false","interacts with","COL5A3 (interacts with) SLC2A11","0","P25940","","Q9BYW1",""
"128.0","","interacts with","0","0.561663162","","ST6GALNAC6 (interacts with) CPA4",,"0","0","0","1","0.72195122","0.401375105",,"false","interacts with","ST6GALNAC6 (interacts with) CPA4","0","Q969X2","","Q9UI42",""
"21.30952380952381","","interacts with","0","0.476387238","","SF3A1 (interacts with) USP17L6P",,"0","0","0","1","0.551219512","0.401554964",,"false","interacts with","SF3A1 (interacts with) USP17L6P","0","Q15459","","Q6QN14",""
"98.17313242313242","","interacts with","0","0.47638721","","OR51M1 (interacts with) PHC2",,"0","0","0","1","0.551219512","0.401554907",,"false","interacts with","OR51M1 (interacts with) PHC2","0","Q9H341","","Q8IXK0",""
"138.0","","interacts with","0","0.476387412","","NCR1 (interacts with) POC1B",,"0","0","0","1","0.551219512","0.401555311",,"false","interacts with","NCR1 (interacts with) POC1B","0","O76036","","Q8TC44",""
"27.666666666666668","","interacts with","0","0.561492876","","DAZAP2 (interacts with) PROP1",,"0","0","0","1","0.72195122","0.401034532",,"false","interacts with","DAZAP2 (interacts with) PROP1","0","Q15038","","O75360",""
"22.99999999999999","","interacts with","0","0.476387524","","SF3A1 (interacts with) BPIFC",,"0","0","0","1","0.551219512","0.401555535",,"false","interacts with","SF3A1 (interacts with) BPIFC","0","Q15459","","Q8NFQ6",""
"123.99999999999997","","interacts with","0","0.564067779","","SF3A1 (interacts with) TRIM55",,"0","0","0","1","0.726829268","0.40130629",,"false","interacts with","SF3A1 (interacts with) TRIM55","0","Q15459","","Q9BYV6",""
"24.66666666666666","","interacts with","0","0.4617536","","OR51M1 (interacts with) METTL15P1",,"0","0","0","1","0.52195122","0.40155598",,"false","interacts with","OR51M1 (interacts with) METTL15P1","0","Q9H341","","P0C7V9",""
"13.348484848484851","","interacts with","0","0.47638718","","TBKBP1 (interacts with) IL16",,"0","0","0","1","0.551219512","0.401554848",,"false","interacts with","TBKBP1 (interacts with) IL16","0","A7MCY6","","Q14005",""
"20.99489954489954","","interacts with","0","0.476387322","","OR51M1 (interacts with) SAMD15",,"0","0","0","1","0.551219512","0.401555132",,"false","interacts with","OR51M1 (interacts with) SAMD15","0","Q9H341","","Q9P1V8",""
"23.999999999999982","","interacts with","0","0.476426432","","SF3A1 (interacts with) GAL3ST3",,"0","0","0","1","0.551219512","0.401633352",,"false","interacts with","SF3A1 (interacts with) GAL3ST3","0","Q15459","","Q96A11",""
"38.0","","interacts with","0","0.464231248","","PGR (interacts with) PLCZ1",,"1","0","1","1","0.526829268","0.401633228",,"false","interacts with","PGR (interacts with) PLCZ1","0","P06401","","Q86YW0",""
"192.0","","interacts with","0","0.4642161","","BECN2 (interacts with) BOD1L1",,"0","0","0","1","0.526829268","0.401602932",,"false","interacts with","BECN2 (interacts with) BOD1L1","0","A8MW95","","Q8NFC6",""
"39.27619047619047","","interacts with","0","0.476387226","","SF3A1 (interacts with) SNAPC3",,"0","0","0","1","0.551219512","0.40155494",,"false","interacts with","SF3A1 (interacts with) SNAPC3","0","Q15459","","Q92966",""
"138.0","","interacts with","0","0.464192228","","NCR1 (interacts with) SHC2",,"0","0","0","1","0.526829268","0.401555187",,"false","interacts with","NCR1 (interacts with) SHC2","0","O76036","","P98077",""
"192.0","","interacts with","0","0.576223243","","SPATA2 (interacts with) GPANK1",,"0","0","0","1","0.751219512","0.401226974",,"false","interacts with","SPATA2 (interacts with) GPANK1","0","Q9UM82","","O95872",""
"380.0","","interacts with","0","0.461753288","","SPATA2 (interacts with) TMBIM1",,"0","0","0","1","0.52195122","0.401555357",,"false","interacts with","SPATA2 (interacts with) TMBIM1","0","Q9UM82","","Q969X1",""
"119.11794871794872","","interacts with","0","0.476387147",""," (interacts with) RANBP3",,"0","0","0","1","0.551219512","0.401554782",,"false","interacts with"," (interacts with) RANBP3","0","Q6ZVL8","","Q9H6Z4",""
"138.0","","interacts with","0","0.476387602","","NCR1 (interacts with) FBXO47",,"0","0","0","1","0.551219512","0.401555692",,"false","interacts with","NCR1 (interacts with) FBXO47","0","O76036","","Q5MNV8",""
"147.00231990231984","","interacts with","0","0.476387105","","LRP2BP (interacts with) ZCCHC2",,"0","0","0","1","0.551219512","0.401554697",,"false","interacts with","LRP2BP (interacts with) ZCCHC2","0","Q9P2M1","","Q9C0B9",""
"108.0","","interacts with","0","0.573867464","","DAZAP2 (interacts with) POLI",,"0","0","0","1","0.746341463","0.401393464",,"false","interacts with","DAZAP2 (interacts with) POLI","0","Q15038","","Q9UNA4",""
"19.509523809523806","","interacts with","0","0.476387312","","SF3A1 (interacts with) OIT3",,"0","0","0","1","0.551219512","0.401555112",,"false","interacts with","SF3A1 (interacts with) OIT3","0","Q15459","","Q8WWZ8",""
"27.0","","interacts with","0","0.476426245","","PGR (interacts with) RASGEF1B",,"1","0","1","1","0.551219512","0.401632978",,"false","interacts with","PGR (interacts with) RASGEF1B","0","P06401","","Q0VAM2",""
"7.0","","interacts with","0","0.464192167","","TFAP2A (interacts with) SAMD15",,"0","0","0","1","0.526829268","0.401555065",,"false","interacts with","TFAP2A (interacts with) SAMD15","0","P05549","","Q9P1V8",""
"528.0","","interacts with","0","0.476387225","","NCR1 (interacts with) MAMLD1",,"0","0","0","1","0.551219512","0.401554937",,"false","interacts with","NCR1 (interacts with) MAMLD1","0","O76036","","Q13495",""
"136.16666666666674","","interacts with","0","0.476387105","","TRAPPC14 (interacts with) GOLGA3",,"0","0","0","1","0.551219512","0.401554698",,"false","interacts with","TRAPPC14 (interacts with) GOLGA3","0","Q8WVR3","","Q08378",""
"2.0","","interacts with","0","0.476387205","","ZSCAN5C (interacts with) COX6B2",,"0","0","0","1","0.551219512","0.401554898",,"false","interacts with","ZSCAN5C (interacts with) COX6B2","0","A6NGD5","","Q6YFQ2",""
"19.999999999999996","","interacts with","0","0.476426325","","PRKACA (interacts with) NCAPH",,"1","0","1","1","0.551219512","0.401633138",,"false","interacts with","PRKACA (interacts with) NCAPH","0","P17612","","Q15003",""
"70.82142857142858","","interacts with","0","0.46419203","","SHISA2 (interacts with) RNF168",,"0","0","0","1","0.526829268","0.401554792",,"false","interacts with","SHISA2 (interacts with) RNF168","0","Q6UWI4","","Q8IYW5",""
"7.0","","interacts with","0","0.476387168","","IGHV1-45 (interacts with) GOLGA6B",,"0","0","0","1","0.551219512","0.401554825",,"false","interacts with","IGHV1-45 (interacts with) GOLGA6B","0","A0A0A0MS14","","A6NDN3",""
"199.0","","interacts with","0","0.46177705","","IGHV1-45 (interacts with) CCDC7",,"0","0","0","1","0.52195122","0.40160288",,"false","interacts with","IGHV1-45 (interacts with) CCDC7","0","A0A0A0MS14","","Q96M83",""
"123.99999999999997","","interacts with","0","0.564100895","","SF3A1 (interacts with) HNRNPM",,"0","0","0","1","0.726829268","0.401372522",,"false","interacts with","SF3A1 (interacts with) HNRNPM","0","Q15459","","P52272",""
"14.0","taxid:9606(Homo sapiens)","interacts with","1","0.564067779","""psi-mi:""""MI:0030""""(cross-linking study)""","H2BC18 (interacts with) PHF10","2","0","0","0","1","0.726829268","0.40130629",,"false","interacts with","H2BC18 (interacts with) PHF10","0","Q5QNW6","Q5QNW6","Q8WUB8","Q8WUB8"
"5.338095238095239","","interacts with","0","0.476426353","","ACP5 (interacts with) ASXL2",,"0","0","0","1","0.551219512","0.401633194",,"false","interacts with","ACP5 (interacts with) ASXL2","0","P13686","","Q76L83",""
"220.0","","interacts with","0","0.566514324","","VGF (interacts with) RNF2",,"0","0","0","1","0.731707317","0.401321332",,"false","interacts with","VGF (interacts with) RNF2","0","O15240","","Q99496",""
"118.11794871794874","","interacts with","0","0.476387212",""," (interacts with) TRAF3IP1",,"0","0","0","1","0.551219512","0.401554912",,"false","interacts with"," (interacts with) TRAF3IP1","0","Q6ZVL8","","Q8TDR0",""
"33.89999999999999","","interacts with","0","0.476387115","","TRAPPC14 (interacts with) TMF1",,"0","0","0","1","0.551219512","0.401554718",,"false","interacts with","TRAPPC14 (interacts with) TMF1","0","Q8WVR3","","P82094",""
"72.0","","interacts with","0","0.464255199","","COL1A2 (interacts with) TMIGD2",,"1","0","1","1","0.526829268","0.40168113",,"false","interacts with","COL1A2 (interacts with) TMIGD2","0","P08123","","Q96BF3",""
"118.11794871794874","","interacts with","0","0.461753008",""," (interacts with) SPZ1",,"0","0","0","1","0.52195122","0.401554797",,"false","interacts with"," (interacts with) SPZ1","0","Q6ZVL8","","Q9BXG8",""
"136.56666666666678","","interacts with","0","0.476387152","","TRAPPC14 (interacts with) EDDM3A",,"0","0","0","1","0.551219512","0.401554792",,"false","interacts with","TRAPPC14 (interacts with) EDDM3A","0","Q8WVR3","","Q14507",""
"89.43972693972694","","interacts with","0","0.4763872","","SCN3B (interacts with) DNAAF1",,"0","0","0","1","0.551219512","0.401554889",,"false","interacts with","SCN3B (interacts with) DNAAF1","0","Q9NY72","","Q8NEP3",""
"111.16666666666676","","interacts with","0","0.476387335","","TRAPPC14 (interacts with) RAMACL",,"0","0","0","1","0.551219512","0.401555157",,"false","interacts with","TRAPPC14 (interacts with) RAMACL","0","Q8WVR3","","A0A3B3IU46",""
"43.07619047619048","","interacts with","0","0.476387178","","SF3A1 (interacts with) GID4",,"0","0","0","1","0.551219512","0.401554844",,"false","interacts with","SF3A1 (interacts with) GID4","0","Q15459","","Q8IVV7",""
"97.66666666666666","","interacts with","0","0.476426183","","COL1A2 (interacts with) GTF2H1",,"1","0","1","1","0.551219512","0.401632855",,"false","interacts with","COL1A2 (interacts with) GTF2H1","0","P08123","","P32780",""
"20.509523809523806","","interacts with","0","0.469070283","","SF3A1 (interacts with) MAPK11",,"0","0","0","1","0.536585366","0.4015552",,"false","interacts with","SF3A1 (interacts with) MAPK11","0","Q15459","","Q15759",""
"34.666666666666664","","interacts with","0","0.476426193","","COL5A2 (interacts with) TRIM59",,"1","0","1","1","0.551219512","0.401632873",,"false","interacts with","COL5A2 (interacts with) TRIM59","0","P05997","","Q8IWR1",""
"30.0","","interacts with","0","0.564067745","","H2BC18 (interacts with) RUBCN",,"0","0","0","1","0.726829268","0.401306222",,"false","interacts with","H2BC18 (interacts with) RUBCN","0","Q5QNW6","","Q92622",""
"14.974358974358976","","interacts with","0","0.476426339","","PRKACA (interacts with) MFSD4A",,"1","0","1","1","0.551219512","0.401633165",,"false","interacts with","PRKACA (interacts with) MFSD4A","0","P17612","","Q8N468",""
"12.9008658008658","","interacts with","0","0.476426368","","ACP5 (interacts with) IL16",,"0","0","0","1","0.551219512","0.401633224",,"false","interacts with","ACP5 (interacts with) IL16","0","P13686","","Q14005",""
"30.0","","interacts with","0","0.476426196","","CTSK (interacts with) HELLS",,"1","0","1","1","0.551219512","0.401632879",,"false","interacts with","CTSK (interacts with) HELLS","0","P43235","","Q9NRZ9",""
"19.84285714285714","","interacts with","0","0.461753064","","SF3A1 (interacts with) HOXA13",,"0","0","0","1","0.52195122","0.401554908",,"false","interacts with","SF3A1 (interacts with) HOXA13","0","Q15459","","P31271",""
"4.0","","interacts with","0","0.461753192","","NPIPB7 (interacts with) TREML4",,"0","0","0","1","0.52195122","0.401555165",,"false","interacts with","NPIPB7 (interacts with) TREML4","0","O75200","","Q6UXN2",""
"1428.0386446886453","","interacts with","0","0.561636445","","NHS (interacts with) YWHAH",,"0","0","0","1","0.72195122","0.401321671",,"false","interacts with","NHS (interacts with) YWHAH","0","Q6T4R5","","Q04917",""
"32.0","","interacts with","0","0.56412124","","RRBP1 (interacts with) FYCO1",,"0","0","0","1","0.726829268","0.401413212",,"false","interacts with","RRBP1 (interacts with) FYCO1","0","Q9P2E9","","Q9BQS8",""
"32.0","","interacts with","0","0.564068427","","ZZZ3 (interacts with) PPP1R13B",,"0","0","0","1","0.726829268","0.401307587",,"false","interacts with","ZZZ3 (interacts with) PPP1R13B","0","Q8IYH5","","Q96KQ4",""
"383.83864468864476","","interacts with","0","0.476387097","","NHS (interacts with) PFKL",,"0","0","0","1","0.551219512","0.401554682",,"false","interacts with","NHS (interacts with) PFKL","0","Q6T4R5","","P17858",""
"85.43253968253967","","interacts with","0","0.464192135","","C3orf84 (interacts with) RNF168",,"0","0","0","1","0.526829268","0.401555001",,"false","interacts with","C3orf84 (interacts with) RNF168","0","H3BNL1","","Q8IYW5",""
"182.83333333333331","","interacts with","0","0.476387134","","NHS (interacts with) THBS4",,"0","0","0","1","0.551219512","0.401554755",,"false","interacts with","NHS (interacts with) THBS4","0","Q6T4R5","","P35443",""
"9.400865800865802","","interacts with","0","0.476387154","","FAM184B (interacts with) ACP5",,"0","0","0","1","0.551219512","0.401554796",,"false","interacts with","FAM184B (interacts with) ACP5","0","Q9ULE4","","P13686",""
"20.628571428571426","","interacts with","0","0.469109647","","FAM166C (interacts with) SNRNP48",,"0","0","0","1","0.536585366","0.401633927",,"false","interacts with","FAM166C (interacts with) SNRNP48","0","A6NJV1","","Q6IEG0",""
"21.979026529026527","","interacts with","0","0.476387082","","FAM166C (interacts with) SAMD15",,"0","0","0","1","0.551219512","0.401554652",,"false","interacts with","FAM166C (interacts with) SAMD15","0","A6NJV1","","Q9P1V8",""
"35.0","","interacts with","0","0.476426299","","AKAP17A (interacts with) PROCR",,"0","1","1","1","0.551219512","0.401633085",,"false","interacts with","AKAP17A (interacts with) PROCR","0","Q02040","","Q9UNN8",""
"88.7504551004551","","interacts with","0","0.47638708","","FAM166C (interacts with) PHC2",,"0","0","0","1","0.551219512","0.401554648",,"false","interacts with","FAM166C (interacts with) PHC2","0","A6NJV1","","Q8IXK0",""
"267.4666666666668","","interacts with","0","0.464192168","","NHS (interacts with) TLR4",,"0","0","0","1","0.526829268","0.401555068",,"false","interacts with","NHS (interacts with) TLR4","0","Q6T4R5","","O00206",""
"18.0","","interacts with","0","0.564068363","","TTC7A (interacts with) CAMKV",,"0","0","0","1","0.726829268","0.401307458",,"false","interacts with","TTC7A (interacts with) CAMKV","0","Q9ULT0","","Q8NCB2",""
"182.8333333333333","","interacts with","0","0.464192106","","NHS (interacts with) STON1",,"0","0","0","1","0.526829268","0.401554943",,"false","interacts with","NHS (interacts with) STON1","0","Q6T4R5","","Q9Y6Q2",""
"8.2","","interacts with","0","0.629436144","","SULT1A4 (interacts with) SULT1A1",,"0","0","0","1","0.858536585","0.400335702",,"false","interacts with","SULT1A4 (interacts with) SULT1A1","0","P0DMN0","","P50225",""
"37.81142909378201","","interacts with","0","0.476387153","","OSGIN2 (interacts with) RIN3",,"0","0","0","1","0.551219512","0.401554794",,"false","interacts with","OSGIN2 (interacts with) RIN3","0","Q9Y236","","Q8TB24",""
"4.988888888888889","","interacts with","0","0.476387182","","SULT1A4 (interacts with) ATP2C2",,"0","0","0","1","0.551219512","0.401554851",,"false","interacts with","SULT1A4 (interacts with) ATP2C2","0","P0DMN0","","O75185",""
"44.99768009768012","","interacts with","0","0.476426349","","NFKB1 (interacts with) ZCCHC2",,"1","0","1","1","0.551219512","0.401633186",,"false","interacts with","NFKB1 (interacts with) ZCCHC2","0","P19838","","Q9C0B9",""
"4.666666666666667","","interacts with","0","0.464192106","","OSGIN2 (interacts with) SLC26A3",,"0","0","0","1","0.526829268","0.401554944",,"false","interacts with","OSGIN2 (interacts with) SLC26A3","0","Q9Y236","","P40879",""
"5.122222222222222","","interacts with","0","0.476387283","","SULT1A4 (interacts with) BTBD16",,"0","0","0","1","0.551219512","0.401555054",,"false","interacts with","SULT1A4 (interacts with) BTBD16","0","P0DMN0","","Q32M84",""
"61.23308913308911","","interacts with","0","0.466694189","","MAPK14 (interacts with) BOD1L1",,"1","0","1","1","0.531707317","0.401681061",,"false","interacts with","MAPK14 (interacts with) BOD1L1","0","Q16539","","Q8NFC6",""
"7.288888888888888","","interacts with","0","0.476387133","","SULT1A4 (interacts with) TC2N",,"0","0","0","1","0.551219512","0.401554753",,"false","interacts with","SULT1A4 (interacts with) TC2N","0","P0DMN0","","Q8N9U0",""
"8.056421356421357","","interacts with","0","0.464192088","","FAM184B (interacts with) SULT1A4",,"0","0","0","1","0.526829268","0.401554908",,"false","interacts with","FAM184B (interacts with) SULT1A4","0","Q9ULE4","","P0DMN0",""
"30.0","","interacts with","0","0.476426285","","CTSK (interacts with) CARD14",,"1","0","1","1","0.551219512","0.401633058",,"false","interacts with","CTSK (interacts with) CARD14","0","P43235","","Q9BXL6",""
"192.0","","interacts with","0","0.561423674","","UBE2Q2 (interacts with) WDR77",,"0","0","0","1","0.72195122","0.400896129",,"false","interacts with","UBE2Q2 (interacts with) WDR77","0","Q8WVN8","","Q9BQA1",""
"181.83333333333331","","interacts with","0","0.476387266","","NHS (interacts with) USP35",,"0","0","0","1","0.551219512","0.401555019",,"false","interacts with","NHS (interacts with) USP35","0","Q6T4R5","","Q9P2H5",""
"10.0","","interacts with","0","0.476387076","","TRIP11 (interacts with) DENND2A",,"0","0","0","1","0.551219512","0.401554639",,"false","interacts with","TRIP11 (interacts with) DENND2A","0","Q15643","","Q9ULE3",""
"16.87998667998668","","interacts with","0","0.464192095","","FAM184B (interacts with) SULT1A1",,"0","0","0","1","0.526829268","0.401554922",,"false","interacts with","FAM184B (interacts with) SULT1A1","0","Q9ULE4","","P50225",""
"32.333333333333385","","interacts with","0","0.476387068","","TRIP11 (interacts with) PDE4B",,"0","0","0","1","0.551219512","0.401554625",,"false","interacts with","TRIP11 (interacts with) PDE4B","0","Q15643","","Q07343",""
"324.33333333333337","","interacts with","0","0.639746263","","RPAP2 (interacts with) POLR2M",,"0","0","0","1","0.87804878","0.401443745",,"false","interacts with","RPAP2 (interacts with) POLR2M","0","Q8IXW5","","P0CAP2",""
"21.866666666666667","","interacts with","0","0.47642623","","WNT9A (interacts with) BCL2",,"0","1","1","1","0.551219512","0.401632949",,"false","interacts with","WNT9A (interacts with) BCL2","0","O14904","","P10415",""
"30.00000000000006","","interacts with","0","0.476387073","","TRIP11 (interacts with) SNX33",,"0","0","0","1","0.551219512","0.401554634",,"false","interacts with","TRIP11 (interacts with) SNX33","0","Q15643","","Q8WV41",""
"1194.0478609625675","","interacts with","0","0.476426297","","NXPH3 (interacts with) TP53",,"0","1","1","1","0.551219512","0.401633082",,"false","interacts with","NXPH3 (interacts with) TP53","0","O95157","","P04637",""
"9.048484848484849","","interacts with","0","0.476387103","","IL16 (interacts with) ARHGAP28",,"0","0","0","1","0.551219512","0.401554693",,"false","interacts with","IL16 (interacts with) ARHGAP28","0","Q14005","","Q9P2N2",""
"30.0","","interacts with","0","0.461777168","","CROCC2 (interacts with) LMNTD1",,"0","0","0","1","0.52195122","0.401603116",,"false","interacts with","CROCC2 (interacts with) LMNTD1","0","H7BZ55","","Q8N9Z9",""
"2771.510423786738","","interacts with","0","0.561662524","","TAPT1 (interacts with) TCTN3",,"0","0","0","1","0.72195122","0.401373829",,"false","interacts with","TAPT1 (interacts with) TCTN3","0","Q6NXT6","","Q6NUS6",""
"22.666666666666657","","interacts with","0","0.476426286","","AKT1 (interacts with) CNTLN",,"1","0","1","1","0.551219512","0.401633059",,"false","interacts with","AKT1 (interacts with) CNTLN","0","P31749","","Q9NXG0",""
"220.0","","interacts with","0","0.561629922","","YWHAH (interacts with) INPP5E",,"0","0","0","1","0.72195122","0.401308625",,"false","interacts with","YWHAH (interacts with) INPP5E","0","Q04917","","Q9NRR6",""
"6.333333333333332","","interacts with","0","0.461753335","","THBD (interacts with) CALHM2",,"0","0","0","1","0.52195122","0.40155545",,"false","interacts with","THBD (interacts with) CALHM2","0","P07204","","Q9HA72",""
"30.0","","interacts with","0","0.461777139","","CROCC2 (interacts with) CLEC4M",,"0","0","0","1","0.52195122","0.401603059",,"false","interacts with","CROCC2 (interacts with) CLEC4M","0","H7BZ55","","Q9H2X3",""
"6.333333333333333","","interacts with","0","0.464192105","","CDK5RAP2 (interacts with) ZNF717",,"0","0","0","1","0.526829268","0.401554942",,"false","interacts with","CDK5RAP2 (interacts with) ZNF717","0","Q96SN8","","Q9BY31",""
"5.107936507936508","","interacts with","0","0.476387175","","SULT1A4 (interacts with) SYT9",,"0","0","0","1","0.551219512","0.401554837",,"false","interacts with","SULT1A4 (interacts with) SYT9","0","P0DMN0","","Q86SS6",""
"24.0","","interacts with","0","0.461777153","","RUBCN (interacts with) DEGS2",,"0","0","0","1","0.52195122","0.401603086",,"false","interacts with","RUBCN (interacts with) DEGS2","0","Q92622","","Q6QHC5",""
"5.16031746031746","","interacts with","0","0.476387161","","SULT1A4 (interacts with) ASXL2",,"0","0","0","1","0.551219512","0.40155481",,"false","interacts with","SULT1A4 (interacts with) ASXL2","0","P0DMN0","","Q76L83",""
"14.333333333333337","","interacts with","0","0.476387081","","IL16 (interacts with) RIOK3",,"0","0","0","1","0.551219512","0.40155465",,"false","interacts with","IL16 (interacts with) RIOK3","0","Q14005","","O14730",""
"6.0","","interacts with","0","0.461777243","","CDK5RAP2 (interacts with) TSPYL2",,"0","0","0","1","0.52195122","0.401603266",,"false","interacts with","CDK5RAP2 (interacts with) TSPYL2","0","Q96SN8","","Q9H2G4",""
"20.999999999999993","","interacts with","0","0.476426176","","AKT1 (interacts with) MIDEAS",,"1","0","1","1","0.551219512","0.40163284",,"false","interacts with","AKT1 (interacts with) MIDEAS","0","P31749","","Q6PJG2",""
"9.375468975468976","","interacts with","0","0.476387187","","SULT1A4 (interacts with) IL16",,"0","0","0","1","0.551219512","0.401554862",,"false","interacts with","SULT1A4 (interacts with) IL16","0","P0DMN0","","Q14005",""
"402.0","","interacts with","0","0.476426342","","TNFSF11 (interacts with) PPM1B",,"1","0","1","1","0.551219512","0.401633171",,"false","interacts with","TNFSF11 (interacts with) PPM1B","0","O14788","","O75688",""
"12.181818181818187","","interacts with","0","0.476387114","","IL16 (interacts with) TIGD4",,"0","0","0","1","0.551219512","0.401554716",,"false","interacts with","IL16 (interacts with) TIGD4","0","Q14005","","Q8IY51",""
"3403.0119047619028","","interacts with","0","0.559198399","","YWHAH (interacts with) PRR5",,"0","0","0","1","0.717073171","0.401323627",,"false","interacts with","YWHAH (interacts with) PRR5","0","Q04917","","P85299",""
"359.7619047619048","","interacts with","0","0.464231233","","COL5A3 (interacts with) COX11",,"1","0","1","1","0.526829268","0.401633197",,"false","interacts with","COL5A3 (interacts with) COX11","0","P25940","","Q9Y6N1",""
"414.0","","interacts with","0","0.59074311","","TCTN3 (interacts with) ASIC1",,"0","0","0","1","0.780487805","0.400998416",,"false","interacts with","TCTN3 (interacts with) ASIC1","0","Q6NUS6","","P78348",""
"2.0","","interacts with","0","0.476426181","","PHACTR2 (interacts with) MYCN",,"0","1","1","1","0.551219512","0.40163285",,"false","interacts with","PHACTR2 (interacts with) MYCN","0","O75167","","P04198",""
"30.0","","interacts with","0","0.464216188","","CROCC2 (interacts with) KLHL35",,"0","0","0","1","0.526829268","0.401603108",,"false","interacts with","CROCC2 (interacts with) KLHL35","0","H7BZ55","","Q6PF15",""
"12.13809523809524","","interacts with","0","0.476426264","","SKI (interacts with) BMP7",,"0","1","1","1","0.551219512","0.401633016",,"false","interacts with","SKI (interacts with) BMP7","0","P12755","","P18075",""
"1187.711904761905","","interacts with","0","0.564067959","","YWHAH (interacts with) EPB41L3",,"0","0","0","1","0.726829268","0.401306649",,"false","interacts with","YWHAH (interacts with) EPB41L3","0","Q04917","","Q9Y2J2",""
"25.0","","interacts with","0","0.476387045","","THBD (interacts with) MYLK3",,"0","0","0","1","0.551219512","0.401554578",,"false","interacts with","THBD (interacts with) MYLK3","0","P07204","","Q32MK0",""
"3.6666666666666665","","interacts with","0","0.476387144","","THBD (interacts with) SYPL1",,"0","0","0","1","0.551219512","0.401554776",,"false","interacts with","THBD (interacts with) SYPL1","0","P07204","","Q16563",""
"30.0","","interacts with","0","0.461777169","","CROCC2 (interacts with) GABPA",,"0","0","0","1","0.52195122","0.401603119",,"false","interacts with","CROCC2 (interacts with) GABPA","0","H7BZ55","","Q06546",""
"16.666666666666668","","interacts with","0","0.476426302","","PRKACA (interacts with) RIOX2",,"1","0","1","1","0.551219512","0.401633093",,"false","interacts with","PRKACA (interacts with) RIOX2","0","P17612","","Q8IUF8",""
"502.66666666666663","","interacts with","0","0.564068149","","YWHAH (interacts with) SPATA18",,"0","0","0","1","0.726829268","0.40130703",,"false","interacts with","YWHAH (interacts with) SPATA18","0","Q04917","","Q8TC71",""
"56.0","","interacts with","0","0.461777136","","CROCC2 (interacts with) TMEM143",,"0","0","0","1","0.52195122","0.401603052",,"false","interacts with","CROCC2 (interacts with) TMEM143","0","H7BZ55","","Q96AN5",""
"4.999999999999999","","interacts with","0","0.464192014","","THBD (interacts with) CEACAM21",,"0","0","0","1","0.526829268","0.40155476",,"false","interacts with","THBD (interacts with) CEACAM21","0","P07204","","Q3KPI0",""
"116.72380952380952","","interacts with","0","0.564068492","","TACC1 (interacts with) ERCC4",,"0","0","0","1","0.726829268","0.401307716",,"false","interacts with","TACC1 (interacts with) ERCC4","0","O75410","","Q92889",""
"8.933333333333334","","interacts with","0","0.476426351","","ACP5 (interacts with) BMP7",,"0","1","1","1","0.551219512","0.401633191",,"false","interacts with","ACP5 (interacts with) BMP7","0","P13686","","P18075",""
"220.0","","interacts with","0","0.569054843","","YWHAH (interacts with) MEX3D",,"0","0","0","1","0.736585366","0.40152432",,"false","interacts with","YWHAH (interacts with) MEX3D","0","Q04917","","Q86XN8",""
"23.333333333333332","","interacts with","0","0.476387056","","SUV39H1 (interacts with) KIF27",,"0","0","0","1","0.551219512","0.401554601",,"false","interacts with","SUV39H1 (interacts with) KIF27","0","O43463","","Q86VH2",""
"30.0","","interacts with","0","0.464216185","","CROCC2 (interacts with) LPCAT1",,"0","0","0","1","0.526829268","0.401603102",,"false","interacts with","CROCC2 (interacts with) LPCAT1","0","H7BZ55","","Q8NF37",""
"65.33333333333334","","interacts with","0","0.476387041","","MAGEB6B (interacts with) PHC2",,"0","0","0","1","0.551219512","0.40155457",,"false","interacts with","MAGEB6B (interacts with) PHC2","0","A0A0J9YX57","","Q8IXK0",""
"48.66666666666667","","interacts with","0","0.476426305","","RELA (interacts with) OR1M1",,"1","0","1","1","0.551219512","0.401633097",,"false","interacts with","RELA (interacts with) OR1M1","0","Q04206","","Q8NGA1",""
"30.0","","interacts with","0","0.461777146","","CROCC2 (interacts with) ITFG2",,"0","0","0","1","0.52195122","0.401603073",,"false","interacts with","CROCC2 (interacts with) ITFG2","0","H7BZ55","","Q969R8",""
"45.033333333333346","","interacts with","0","0.476426194","","COL1A2 (interacts with) HOXA13",,"1","0","1","1","0.551219512","0.401632875",,"false","interacts with","COL1A2 (interacts with) HOXA13","0","P08123","","P31271",""
"288.0","","interacts with","0","0.476426192","","SRC (interacts with) ZC3H13",,"1","0","1","1","0.551219512","0.401632873",,"false","interacts with","SRC (interacts with) ZC3H13","0","P12931","","Q5T200",""
"1859.7285714285704","","interacts with","0","0.58851017","","YWHAH (interacts with) FAM117B",,"0","0","0","1","0.775609756","0.401410584",,"false","interacts with","YWHAH (interacts with) FAM117B","0","Q04917","","Q6P1L5",""
"127.27619047619051","","interacts with","0","0.561424477","","ERCC4 (interacts with) TRIM37",,"0","0","0","1","0.72195122","0.400897734",,"false","interacts with","ERCC4 (interacts with) TRIM37","0","Q92889","","O94972",""
"39.0","","interacts with","0","0.46177714","","CROCC2 (interacts with) FCER1A",,"0","0","0","1","0.52195122","0.401603061",,"false","interacts with","CROCC2 (interacts with) FCER1A","0","H7BZ55","","P12319",""
"220.0","","interacts with","0","0.564421799","","YWHAH (interacts with) PSME3IP1",,"0","0","0","1","0.726829268","0.402014329","0.016489988","false","interacts with","YWHAH (interacts with) PSME3IP1","1","Q04917","","Q9GZU8",""
"26.0","","interacts with","0","0.461777148","","CROCC2 (interacts with) UPK1A",,"0","0","0","1","0.52195122","0.401603076",,"false","interacts with","CROCC2 (interacts with) UPK1A","0","H7BZ55","","O00322",""
"8.24848484848485","","interacts with","0","0.464231148","","FAM184B (interacts with) TC2N",,"0","0","0","1","0.526829268","0.401633029",,"false","interacts with","FAM184B (interacts with) TC2N","0","Q9ULE4","","Q8N9U0",""
"7.3571428571428585","","interacts with","0","0.476387085","","FAM184B (interacts with) SYT9",,"0","0","0","1","0.551219512","0.401554658",,"false","interacts with","FAM184B (interacts with) SYT9","0","Q9ULE4","","Q86SS6",""
"208.66666666666669","","interacts with","0","0.47642626","","IGHV1-45 (interacts with) BMP2",,"0","1","1","1","0.551219512","0.401633008",,"false","interacts with","IGHV1-45 (interacts with) BMP2","0","A0A0A0MS14","","P12643",""
"30.0","","interacts with","0","0.5640681","","KLK1 (interacts with) PWWP3A",,"0","0","0","1","0.726829268","0.401306931",,"false","interacts with","KLK1 (interacts with) PWWP3A","0","P06870","","Q2TAK8",""
"32.0","","interacts with","0","0.464231259","","PGR (interacts with) CPSF3",,"1","0","1","1","0.526829268","0.40163325",,"false","interacts with","PGR (interacts with) CPSF3","0","P06401","","Q9UKF6",""
"649.1071575483339","","interacts with","0","0.464192113","","NXPH3 (interacts with) ZNF526",,"0","0","0","1","0.526829268","0.401554959",,"false","interacts with","NXPH3 (interacts with) ZNF526","0","O95157","","Q8TF50",""
"55.345238095238095","","interacts with","0","0.476387263","","FILIP1 (interacts with) PMS2",,"0","0","0","1","0.551219512","0.401555013",,"false","interacts with","FILIP1 (interacts with) PMS2","0","Q7Z7B0","","P54278",""
"1920.488351844232","","interacts with","0","0.561368773","","NXPH3 (interacts with) DCP2",,"0","0","0","1","0.72195122","0.400786326",,"false","interacts with","NXPH3 (interacts with) DCP2","0","O95157","","Q8IU60",""
"65.33333333333333","","interacts with","0","0.476426342","","COL1A2 (interacts with) AP1M2",,"1","0","1","1","0.551219512","0.401633172",,"false","interacts with","COL1A2 (interacts with) AP1M2","0","P08123","","Q9Y6Q5",""
"6.1","","interacts with","0","0.476387214","","PPP2CB (interacts with) CARF",,"0","0","0","1","0.551219512","0.401554916",,"false","interacts with","PPP2CB (interacts with) CARF","0","P62714","","Q8N187",""
"154.0","","interacts with","0","0.476387181","","FILIP1 (interacts with) MAGEB17",,"0","0","0","1","0.551219512","0.40155485",,"false","interacts with","FILIP1 (interacts with) MAGEB17","0","Q7Z7B0","","A8MXT2",""
"220.0","","interacts with","0","0.564342734","","YWHAH (interacts with) REEP4",,"0","0","0","1","0.726829268","0.4018562",,"false","interacts with","YWHAH (interacts with) REEP4","0","Q04917","","Q9H6H4",""
"126.13095238095238","","interacts with","0","0.561629875","","LSM6 (interacts with) TARDBP",,"0","0","0","1","0.72195122","0.40130853",,"false","interacts with","LSM6 (interacts with) TARDBP","0","P62312","","Q13148",""
"220.0","","interacts with","0","0.573867474","","YWHAH (interacts with) RABEP1",,"0","0","0","1","0.746341463","0.401393485",,"false","interacts with","YWHAH (interacts with) RABEP1","0","Q04917","","Q15276",""
"66.66666666666666","","interacts with","0","0.4642313","","OR7D2 (interacts with) PHC2",,"0","0","0","1","0.526829268","0.401633332",,"false","interacts with","OR7D2 (interacts with) PHC2","0","Q96RA2","","Q8IXK0",""
"74.51974789915968","","interacts with","0","0.476387191","","FILIP1 (interacts with) RAB24",,"0","0","0","1","0.551219512","0.401554869",,"false","interacts with","FILIP1 (interacts with) RAB24","0","Q7Z7B0","","Q969Q5",""
"30.471428571428543","","interacts with","0","0.469109268","","DAW1 (interacts with) ARHGEF15",,"0","0","0","1","0.536585366","0.401633169",,"false","interacts with","DAW1 (interacts with) ARHGEF15","0","Q8N136","","O94989",""
"80.0","","interacts with","0","0.476426144","","COL5A2 (interacts with) PUS1",,"1","0","1","1","0.551219512","0.401632776",,"false","interacts with","COL5A2 (interacts with) PUS1","0","P05997","","Q9Y606",""
"6.222222222222223","","interacts with","0","0.476426244","","SULT1A4 (interacts with) BMP7",,"0","1","1","1","0.551219512","0.401632975",,"false","interacts with","SULT1A4 (interacts with) BMP7","0","P0DMN0","","P18075",""
"11.071428571428571","","interacts with","0","0.476387157","","FAM184B (interacts with) NMUR1",,"0","0","0","1","0.551219512","0.401554803",,"false","interacts with","FAM184B (interacts with) NMUR1","0","Q9ULE4","","Q9HB89",""
"13.833333333333334","","interacts with","0","0.476387186","","AHRR (interacts with) CEACAM21",,"0","0","0","1","0.551219512","0.40155486",,"false","interacts with","AHRR (interacts with) CEACAM21","0","A9YTQ3","","Q3KPI0",""
"301.0547619047619","","interacts with","0","0.476387084","","FILIP1 (interacts with) MSI1",,"0","0","0","1","0.551219512","0.401554656",,"false","interacts with","FILIP1 (interacts with) MSI1","0","Q7Z7B0","","O43347",""
"7.486580086580086","","interacts with","0","0.464192095","","FAM184B (interacts with) NXPH1",,"0","0","0","1","0.526829268","0.401554923",,"false","interacts with","FAM184B (interacts with) NXPH1","0","Q9ULE4","","P58417",""
"154.0","","interacts with","0","0.476387188","","FILIP1 (interacts with) C17orf75",,"0","0","0","1","0.551219512","0.401554864",,"false","interacts with","FILIP1 (interacts with) C17orf75","0","Q7Z7B0","","Q9HAS0",""
"11.0","","interacts with","0","0.476387102","","SNX27 (interacts with) KIF27",,"0","0","0","1","0.551219512","0.401554692",,"false","interacts with","SNX27 (interacts with) KIF27","0","Q96L92","","Q86VH2",""
"94.74285714285715","","interacts with","0","0.476387194","","FILIP1 (interacts with) OR2A7",,"0","0","0","1","0.551219512","0.401554875",,"false","interacts with","FILIP1 (interacts with) OR2A7","0","Q7Z7B0","","Q96R45",""
"9.681818181818182","","interacts with","0","0.476387109","","FAM184B (interacts with) TBKBP1",,"0","0","0","1","0.551219512","0.401554706",,"false","interacts with","FAM184B (interacts with) TBKBP1","0","Q9ULE4","","A7MCY6",""
"53.13333333333334","","interacts with","0","0.476426193","","MAPK1 (interacts with) NCAPG",,"1","0","1","1","0.551219512","0.401632874",,"false","interacts with","MAPK1 (interacts with) NCAPG","0","P28482","","Q9BPX3",""
"5.566666666666666","","interacts with","0","0.47638723","","PPP2CB (interacts with) PDZD4",,"0","0","0","1","0.551219512","0.401554947",,"false","interacts with","PPP2CB (interacts with) PDZD4","0","P62714","","Q76G19",""
"220.0","","interacts with","0","0.464192177","","ZNF710 (interacts with) SCML1",,"0","0","0","1","0.526829268","0.401555085",,"false","interacts with","ZNF710 (interacts with) SCML1","0","Q8N1W2","","Q9UN30",""
"11.0","","interacts with","0","0.476426181","","FAM184B (interacts with) RIOX2",,"0","0","0","1","0.551219512","0.401632849",,"false","interacts with","FAM184B (interacts with) RIOX2","0","Q9ULE4","","Q8IUF8",""
"183.8268065268065","","interacts with","0","0.464192109","","CC2D1B (interacts with) RFESD",,"0","0","0","1","0.526829268","0.401554949",,"false","interacts with","CC2D1B (interacts with) RFESD","0","Q5T0F9","","Q8TAC1",""
"2943.343146722559","","interacts with","0","0.476426357","","CTDNEP1 (interacts with) TP53",,"0","1","1","1","0.551219512","0.401633202",,"false","interacts with","CTDNEP1 (interacts with) TP53","0","O95476","","P04637",""
"29.89999999999999","","interacts with","0","0.47638709","","STOX2 (interacts with) NAP1L3",,"0","0","0","1","0.551219512","0.401554669",,"false","interacts with","STOX2 (interacts with) NAP1L3","0","Q9P2F5","","Q99457",""
"29.19999999999999","","interacts with","0","0.476387097","","STOX2 (interacts with) UAP1",,"0","0","0","1","0.551219512","0.401554682",,"false","interacts with","STOX2 (interacts with) UAP1","0","Q9P2F5","","Q16222",""
"128.5","","interacts with","0","0.464192073","","CC2D1B (interacts with) POLR3GL",,"0","0","0","1","0.526829268","0.401554877",,"false","interacts with","CC2D1B (interacts with) POLR3GL","0","Q5T0F9","","Q9BT43",""
"4.0","","interacts with","0","0.46419225","","SOBP (interacts with) KCNK18",,"0","0","0","1","0.526829268","0.401555232",,"false","interacts with","SOBP (interacts with) KCNK18","0","A7XYQ1","","Q7Z418",""
"25.699999999999996","","interacts with","0","0.476387232","","STOX2 (interacts with) FAM20A",,"0","0","0","1","0.551219512","0.401554951",,"false","interacts with","STOX2 (interacts with) FAM20A","0","Q9P2F5","","Q96MK3",""
"102.66666666666673","","interacts with","0","0.464231226","","COL1A2 (interacts with) ERF",,"1","0","1","1","0.526829268","0.401633185",,"false","interacts with","COL1A2 (interacts with) ERF","0","P08123","","P50548",""
"66.66666666666666","","interacts with","0","0.46419207","","CALB2 (interacts with) PHC2",,"0","0","0","1","0.526829268","0.401554872",,"false","interacts with","CALB2 (interacts with) PHC2","0","P22676","","Q8IXK0",""
"22.066666666666666","","interacts with","0","0.476387171","","STOX2 (interacts with) PSMD12",,"0","0","0","1","0.551219512","0.40155483",,"false","interacts with","STOX2 (interacts with) PSMD12","0","Q9P2F5","","O00232",""
"28.460606060606054","","interacts with","0","0.476387136","","STOX2 (interacts with) DDX4",,"0","0","0","1","0.551219512","0.40155476",,"false","interacts with","STOX2 (interacts with) DDX4","0","Q9P2F5","","Q9NQI0",""
"128.5","","interacts with","0","0.464192034","","CC2D1B (interacts with) ZNF358",,"0","0","0","1","0.526829268","0.4015548",,"false","interacts with","CC2D1B (interacts with) ZNF358","0","Q5T0F9","","Q9NW07",""
"4.252380952380952","","interacts with","0","0.476387082","","RPUSD1 (interacts with) SAMD11",,"0","0","0","1","0.551219512","0.401554652",,"false","interacts with","RPUSD1 (interacts with) SAMD11","0","Q9UJJ7","","Q96NU1",""
"1081.2298035298031","","interacts with","0","0.564075482","","CC2D1B (interacts with) DCTN1",,"0","0","0","1","0.726829268","0.401321697",,"false","interacts with","CC2D1B (interacts with) DCTN1","0","Q5T0F9","","Q14203",""
"2.0","","interacts with","0","0.461753093","","TRAF3IP1 (interacts with) SPZ1",,"0","0","0","1","0.52195122","0.401554967",,"false","interacts with","TRAF3IP1 (interacts with) SPZ1","0","Q8TDR0","","Q9BXG8",""
"4.666666666666666","","interacts with","0","0.476387226","","RPUSD1 (interacts with) APOBEC3A",,"0","0","0","1","0.551219512","0.401554939",,"false","interacts with","RPUSD1 (interacts with) APOBEC3A","0","Q9UJJ7","","P31941",""
"128.5","","interacts with","0","0.464192074","","CC2D1B (interacts with) IGLV8-61",,"0","0","0","1","0.526829268","0.401554879",,"false","interacts with","CC2D1B (interacts with) IGLV8-61","0","Q5T0F9","","A0A075B6I0",""
"14.263247863247864","","interacts with","0","0.464231305","","PRKACA (interacts with) BTBD16",,"1","0","1","1","0.526829268","0.401633342",,"false","interacts with","PRKACA (interacts with) BTBD16","0","P17612","","Q32M84",""
"8.366666666666667","","interacts with","0","0.476387046","","RPUSD1 (interacts with) GOLGA6B",,"0","0","0","1","0.551219512","0.40155458",,"false","interacts with","RPUSD1 (interacts with) GOLGA6B","0","Q9UJJ7","","A6NDN3",""
"131.3999999999996","","interacts with","0","0.464216043","","RPUSD1 (interacts with) CCDC7",,"0","0","0","1","0.526829268","0.401602818",,"false","interacts with","RPUSD1 (interacts with) CCDC7","0","Q9UJJ7","","Q96M83",""
"42.333333333333336","","interacts with","0","0.617590932","","TARDBP (interacts with) IGF2BP3",,"0","0","0","1","0.834146341","0.401035522",,"false","interacts with","TARDBP (interacts with) IGF2BP3","0","Q13148","","O00425",""
"3.0","","interacts with","0","0.476387197","","RPUSD1 (interacts with) TRGV5",,"0","0","0","1","0.551219512","0.401554881",,"false","interacts with","RPUSD1 (interacts with) TRGV5","0","Q9UJJ7","","A0A0B4J1U4",""
"46.000000000000014","","interacts with","0","0.47638705","","STOX2 (interacts with) ZNF669",,"0","0","0","1","0.551219512","0.401554587",,"false","interacts with","STOX2 (interacts with) ZNF669","0","Q9P2F5","","Q96BR6",""
"31.166666666666664","","interacts with","0","0.47638711","","STOX2 (interacts with) CAMK1G",,"0","0","0","1","0.551219512","0.401554708",,"false","interacts with","STOX2 (interacts with) CAMK1G","0","Q9P2F5","","Q96NX5",""
"0.0","","interacts with","0","0.654684947","","NOS3 (interacts with) NOS3",,"1","1","1","1","0.902439024","0.406930869",,"false","interacts with","NOS3 (interacts with) NOS3","0","P29474","","P29474",""
"27.633333333333333","","interacts with","0","0.476387191","","STOX2 (interacts with) GPR141",,"0","0","0","1","0.551219512","0.40155487",,"false","interacts with","STOX2 (interacts with) GPR141","0","Q9P2F5","","Q7Z602",""
"56.55350140056025","","interacts with","0","0.476387143","","RASSF2 (interacts with) PMS2",,"0","0","0","1","0.551219512","0.401554774",,"false","interacts with","RASSF2 (interacts with) PMS2","0","P50749","","P54278",""
"192.0","","interacts with","0","0.564068327","","MRE11 (interacts with) IGF2BP3",,"0","0","0","1","0.726829268","0.401307386",,"false","interacts with","MRE11 (interacts with) IGF2BP3","0","P49959","","O00425",""
"41.16666666666669","","interacts with","0","0.476387233","","STOX2 (interacts with) BPIFC",,"0","0","0","1","0.551219512","0.401554955",,"false","interacts with","STOX2 (interacts with) BPIFC","0","Q9P2F5","","Q8NFQ6",""
"41.00000000000002","","interacts with","0","0.476426277","","STOX2 (interacts with) GAL3ST3",,"0","0","0","1","0.551219512","0.401633042",,"false","interacts with","STOX2 (interacts with) GAL3ST3","0","Q9P2F5","","Q96A11",""
"9.515151515151512","","interacts with","0","0.476387054","","FAM184B (interacts with) TIGD4",,"0","0","0","1","0.551219512","0.401554595",,"false","interacts with","FAM184B (interacts with) TIGD4","0","Q9ULE4","","Q8IY51",""
"19.333333333333332","","interacts with","0","0.476387153","","PPP2R3C (interacts with) KIF27",,"0","0","0","1","0.551219512","0.401554794",,"false","interacts with","PPP2R3C (interacts with) KIF27","0","Q969Q6","","Q86VH2",""
"52.0","","interacts with","0","0.461777139","","STOX2 (interacts with) MS4A10",,"0","0","0","1","0.52195122","0.401603059",,"false","interacts with","STOX2 (interacts with) MS4A10","0","Q9P2F5","","Q96PG2",""
"15.0","","interacts with","0","0.464192119","","FCER1A (interacts with) TELO2",,"0","0","0","1","0.526829268","0.40155497",,"false","interacts with","FCER1A (interacts with) TELO2","0","P12319","","Q9Y4R8",""
"33.33333333333332","","interacts with","0","0.476426171","","COL5A2 (interacts with) ZDHHC11",,"1","0","1","1","0.551219512","0.401632829",,"false","interacts with","COL5A2 (interacts with) ZDHHC11","0","P05997","","Q9H8X9",""
"57.93333333333333","","interacts with","0","0.476387157","","STOX2 (interacts with) KYNU",,"0","0","0","1","0.551219512","0.401554802",,"false","interacts with","STOX2 (interacts with) KYNU","0","Q9P2F5","","Q16719",""
"57.93333333333333","","interacts with","0","0.464191983","","STOX2 (interacts with) HOXD13",,"0","0","0","1","0.526829268","0.401554699",,"false","interacts with","STOX2 (interacts with) HOXD13","0","Q9P2F5","","P35453",""
"31.633333333333326","","interacts with","0","0.476387115","","STOX2 (interacts with) SLC25A3",,"0","0","0","1","0.551219512","0.401554718",,"false","interacts with","STOX2 (interacts with) SLC25A3","0","Q9P2F5","","Q00325",""
"6.83896103896104","","interacts with","0","0.476426285","","BMP7 (interacts with) IL16",,"1","0","1","1","0.551219512","0.401633058",,"false","interacts with","BMP7 (interacts with) IL16","0","P18075","","Q14005",""
"232.5188860159449","","interacts with","0","0.476387094","","RASSF2 (interacts with) FILIP1",,"0","0","0","1","0.551219512","0.401554676",,"false","interacts with","RASSF2 (interacts with) FILIP1","0","P50749","","Q7Z7B0",""
"228.35555555555558","","interacts with","0","0.464255334","","COL3A1 (interacts with) IRX2",,"1","0","1","1","0.526829268","0.4016814",,"false","interacts with","COL3A1 (interacts with) IRX2","0","P02461","","Q9BZI1",""
"45.66666666666668","","interacts with","0","0.476387224","","STOX2 (interacts with) B4GALNT2",,"0","0","0","1","0.551219512","0.401554935",,"false","interacts with","STOX2 (interacts with) B4GALNT2","0","Q9P2F5","","Q8NHY0",""
"154.0","","interacts with","0","0.603092406","","RASSF2 (interacts with) STK3",,"0","0","0","1","0.804878049","0.401306764",,"false","interacts with","RASSF2 (interacts with) STK3","0","P50749","","Q13188",""
"24.666666666666668","","interacts with","0","0.476387224","","MYLK3 (interacts with) SYPL1",,"0","0","0","1","0.551219512","0.401554936",,"false","interacts with","MYLK3 (interacts with) SYPL1","0","Q32MK0","","Q16563",""
"52.0","","interacts with","0","0.461777031","","STOX2 (interacts with) TMIGD2",,"0","0","0","1","0.52195122","0.401602843",,"false","interacts with","STOX2 (interacts with) TMIGD2","0","Q9P2F5","","Q96BF3",""
"15.166666666666666","","interacts with","0","0.476387107","","MYLK3 (interacts with) CEACAM21",,"0","0","0","1","0.551219512","0.401554702",,"false","interacts with","MYLK3 (interacts with) CEACAM21","0","Q32MK0","","Q3KPI0",""
"60.133333333333326","","interacts with","0","0.476387095","","STOX2 (interacts with) SNAPC3",,"0","0","0","1","0.551219512","0.401554678",,"false","interacts with","STOX2 (interacts with) SNAPC3","0","Q9P2F5","","Q92966",""
"53.26666666666666","","interacts with","0","0.476387058","","STOX2 (interacts with) GID4",,"0","0","0","1","0.551219512","0.401554604",,"false","interacts with","STOX2 (interacts with) GID4","0","Q9P2F5","","Q8IVV7",""
"286.7051075960412","","interacts with","0","0.476387027","","TMF1 (interacts with) MS4A14",,"0","0","0","1","0.551219512","0.401554541",,"false","interacts with","TMF1 (interacts with) MS4A14","0","P82094","","Q96JA4",""
"30.966666666666654","","interacts with","0","0.476387216","","STOX2 (interacts with) ADORA3",,"0","0","0","1","0.551219512","0.401554921",,"false","interacts with","STOX2 (interacts with) ADORA3","0","Q9P2F5","","P0DMS8",""
"414.0","","interacts with","0","0.476387079","","TMF1 (interacts with) NOM1",,"0","0","0","1","0.551219512","0.401554645",,"false","interacts with","TMF1 (interacts with) NOM1","0","P82094","","Q5C9Z4",""
"5.933333333333334","","interacts with","0","0.476387165","","TMEM61 (interacts with) GOLGA6B",,"0","0","0","1","0.551219512","0.401554818",,"false","interacts with","TMEM61 (interacts with) GOLGA6B","0","Q8N0U2","","A6NDN3",""
"134.0","","interacts with","0","0.476426442","","TNFSF11 (interacts with) KCNK18",,"1","0","1","1","0.551219512","0.401633371",,"false","interacts with","TNFSF11 (interacts with) KCNK18","0","O14788","","Q7Z418",""
"407.6130467571642","","interacts with","0","0.6177265","","RASSF2 (interacts with) DLST",,"0","0","0","1","0.834146341","0.401306659",,"false","interacts with","RASSF2 (interacts with) DLST","0","P50749","","P36957",""
"7.0","","interacts with","0","0.590951721","","SCO1 (interacts with) YME1L1",,"0","0","0","1","0.780487805","0.401415636",,"false","interacts with","SCO1 (interacts with) YME1L1","0","O75880","","Q96TA2",""
"27.36666666666666","","interacts with","0","0.476387105","","STOX2 (interacts with) PPP2CA",,"0","0","0","1","0.551219512","0.401554697",,"false","interacts with","STOX2 (interacts with) PPP2CA","0","Q9P2F5","","P67775",""
"28.699999999999992","","interacts with","0","0.476387203","","STOX2 (interacts with) OR9A1P",,"0","0","0","1","0.551219512","0.401554895",,"false","interacts with","STOX2 (interacts with) OR9A1P","0","Q9P2F5","","Q8NGU1",""
"138.0","","interacts with","0","0.476426279","","TNFSF11 (interacts with) SERPINB10",,"1","0","1","1","0.551219512","0.401633046",,"false","interacts with","TNFSF11 (interacts with) SERPINB10","0","O14788","","P48595",""
"31.166666666666664","","interacts with","0","0.476387094","","STOX2 (interacts with) USP17L6P",,"0","0","0","1","0.551219512","0.401554676",,"false","interacts with","STOX2 (interacts with) USP17L6P","0","Q9P2F5","","Q6QN14",""
"52.0","","interacts with","0","0.461777052","","STOX2 (interacts with) CD38",,"0","0","0","1","0.52195122","0.401602884",,"false","interacts with","STOX2 (interacts with) CD38","0","Q9P2F5","","P28907",""
"286.6738095238096","","interacts with","0","0.461816214","","COL5A3 (interacts with) MARK1",,"1","0","1","1","0.52195122","0.401681209",,"false","interacts with","COL5A3 (interacts with) MARK1","0","P25940","","Q9P0L2",""
"144.36446818322045","","interacts with","0","0.476387033","","TMF1 (interacts with) EDDM3A",,"0","0","0","1","0.551219512","0.401554554",,"false","interacts with","TMF1 (interacts with) EDDM3A","0","P82094","","Q14507",""
"28.199999999999996","","interacts with","0","0.476387113","","STOX2 (interacts with) OIT3",,"0","0","0","1","0.551219512","0.401554714",,"false","interacts with","STOX2 (interacts with) OIT3","0","Q9P2F5","","Q8WWZ8",""
"173.73351580226813","","interacts with","0","0.476387103","","TMF1 (interacts with) RAMACL",,"0","0","0","1","0.551219512","0.401554694",,"false","interacts with","TMF1 (interacts with) RAMACL","0","P82094","","A0A3B3IU46",""
"6072.446939988116","","interacts with","0","0.464255186","","JUP (interacts with) COL5A3",,"0","1","1","1","0.526829268","0.401681103",,"false","interacts with","JUP (interacts with) COL5A3","0","P14923","","P25940",""
"69.33333333333331","","interacts with","0","0.476387178","","STOX2 (interacts with) ERF",,"0","0","0","1","0.551219512","0.401554844",,"false","interacts with","STOX2 (interacts with) ERF","0","Q9P2F5","","P50548",""
"124.0","","interacts with","0","0.461816182","","COL1A2 (interacts with) SLC2A4RG",,"1","0","1","1","0.52195122","0.401681144",,"false","interacts with","COL1A2 (interacts with) SLC2A4RG","0","P08123","","Q9NR83",""
"29.366666666666664","","interacts with","0","0.464231147","","STOX2 (interacts with) HOXA13",,"0","0","0","1","0.526829268","0.401633026",,"false","interacts with","STOX2 (interacts with) HOXA13","0","Q9P2F5","","P31271",""
"498.118480965654","","interacts with","0","0.476387098","","TMF1 (interacts with) ZNF438",,"0","0","0","1","0.551219512","0.401554683",,"false","interacts with","TMF1 (interacts with) ZNF438","0","P82094","","Q7Z4V0",""
"6.666666666666666","","interacts with","0","0.469070166","","GOLGA6B (interacts with) IZUMO1",,"0","0","0","1","0.536585366","0.401554966",,"false","interacts with","GOLGA6B (interacts with) IZUMO1","0","A6NDN3","","Q8IYV9",""
"100.0","","interacts with","0","0.476426252","","RELA (interacts with) DUSP4",,"1","0","1","1","0.551219512","0.401632991",,"false","interacts with","RELA (interacts with) DUSP4","0","Q04206","","Q13115",""
"47.00000000000001","","interacts with","0","0.461816235","","STOX2 (interacts with) PRG2",,"0","0","0","1","0.52195122","0.401681251",,"false","interacts with","STOX2 (interacts with) PRG2","0","Q9P2F5","","P13727",""
"6.366666666666667","","interacts with","0","0.476387182","","GOLGA6B (interacts with) TRGV5",,"0","0","0","1","0.551219512","0.401554851",,"false","interacts with","GOLGA6B (interacts with) TRGV5","0","A6NDN3","","A0A0B4J1U4",""
"29.033333333333328","","interacts with","0","0.476426327","","STOX2 (interacts with) MAPK11",,"0","0","0","1","0.551219512","0.401633143",,"false","interacts with","STOX2 (interacts with) MAPK11","0","Q9P2F5","","Q15759",""
"174.3811348498872","","interacts with","0","0.476387083","","TMF1 (interacts with) ZNF350",,"0","0","0","1","0.551219512","0.401554654",,"false","interacts with","TMF1 (interacts with) ZNF350","0","P82094","","Q9GZX5",""
"138.0","","interacts with","0","0.464231193","","TNFSF11 (interacts with) GSR",,"1","0","1","1","0.526829268","0.401633118",,"false","interacts with","TNFSF11 (interacts with) GSR","0","O14788","","P00390",""
"64.66666666666664","","interacts with","0","0.476387125","","STOX2 (interacts with) GTF2H1",,"0","0","0","1","0.551219512","0.401554738",,"false","interacts with","STOX2 (interacts with) GTF2H1","0","Q9P2F5","","P32780",""
"164.01208723083948","","interacts with","0","0.476387102","","TMF1 (interacts with) GOLGA3",,"0","0","0","1","0.551219512","0.401554691",,"false","interacts with","TMF1 (interacts with) GOLGA3","0","P82094","","Q08378",""
"134.19999999999968","","interacts with","0","0.461777066","","TMEM61 (interacts with) CCDC7",,"0","0","0","1","0.52195122","0.401602913",,"false","interacts with","TMEM61 (interacts with) CCDC7","0","Q8N0U2","","Q96M83",""
"54.0","","interacts with","0","0.461777084","","STOX2 (interacts with) TREML4",,"0","0","0","1","0.52195122","0.401602948",,"false","interacts with","STOX2 (interacts with) TREML4","0","Q9P2F5","","Q6UXN2",""
"147.33351580226804","","interacts with","0","0.476387062","","TMF1 (interacts with) KCNJ12",,"0","0","0","1","0.551219512","0.401554611",,"false","interacts with","TMF1 (interacts with) KCNJ12","0","P82094","","Q14500",""
"6.915151515151515","","interacts with","0","0.476387101","","FAM184B (interacts with) ARHGAP28",,"0","0","0","1","0.551219512","0.401554691",,"false","interacts with","FAM184B (interacts with) ARHGAP28","0","Q9ULE4","","Q9P2N2",""
"43.666666666666664","","interacts with","0","0.476426389","","OR6C76 (interacts with) RELA",,"0","1","1","1","0.551219512","0.401633266",,"false","interacts with","OR6C76 (interacts with) RELA","0","A6NM76","","Q04206",""
"30.166666666666664","","interacts with","0","0.476387105","","STOX2 (interacts with) PPP2CB",,"0","0","0","1","0.551219512","0.401554697",,"false","interacts with","STOX2 (interacts with) PPP2CB","0","Q9P2F5","","P62714",""
"154.0","","interacts with","0","0.573941828","","PHC2 (interacts with) SCML1",,"0","0","0","1","0.746341463","0.401542193",,"false","interacts with","PHC2 (interacts with) SCML1","0","Q8IXK0","","Q9UN30",""
"41.433333333333344","","interacts with","0","0.476387203","","STOX2 (interacts with) CARF",,"0","0","0","1","0.551219512","0.401554894",,"false","interacts with","STOX2 (interacts with) CARF","0","Q9P2F5","","Q8N187",""
"35.33333333333333","","interacts with","0","0.476426286","","STOX2 (interacts with) MKRN4P",,"0","0","0","1","0.551219512","0.40163306",,"false","interacts with","STOX2 (interacts with) MKRN4P","0","Q9P2F5","","Q13434",""
"2.0","","interacts with","0","0.476427237","","SFRP2 (interacts with) PDCL2",,"0","0","0","1","0.551219512","0.401634961",,"false","interacts with","SFRP2 (interacts with) PDCL2","0","Q96HF1","","Q8N4E4",""
"6.0","","interacts with","0","0.476387109","","MRPS6 (interacts with) ZNF853",,"0","0","0","1","0.551219512","0.401554705",,"false","interacts with","MRPS6 (interacts with) ZNF853","0","P82932","","P0CG23",""
"18.14578754578754","","interacts with","0","0.464192046","","SULT1A1 (interacts with) SKI",,"0","0","0","1","0.526829268","0.401554824",,"false","interacts with","SULT1A1 (interacts with) SKI","0","P50225","","P12755",""
"10.0","","interacts with","0","0.476387193","","H2BC26 (interacts with) ZNF853",,"0","0","0","1","0.551219512","0.401554873",,"false","interacts with","H2BC26 (interacts with) ZNF853","0","Q8N257","","P0CG23",""
"414.0","","interacts with","0","0.4764262","","SOST (interacts with) TCFL5",,"1","0","1","1","0.551219512","0.401632888",,"false","interacts with","SOST (interacts with) TCFL5","0","Q9BQB4","","Q9UL49",""
"9.907692307692308","","interacts with","0","0.476387106","","SULT1A1 (interacts with) ATP2C2",,"0","0","0","1","0.551219512","0.401554699",,"false","interacts with","SULT1A1 (interacts with) ATP2C2","0","P50225","","O75185",""
"65.49999999999999","","interacts with","0","0.476426259","","COL1A2 (interacts with) PDZD4",,"1","0","1","1","0.551219512","0.401633005",,"false","interacts with","COL1A2 (interacts with) PDZD4","0","P08123","","Q76G19",""
"9.874358974358973","","interacts with","0","0.476387361","","SULT1A1 (interacts with) BTBD16",,"0","0","0","1","0.551219512","0.40155521",,"false","interacts with","SULT1A1 (interacts with) BTBD16","0","P50225","","Q32M84",""
"194.4","","interacts with","0","0.46177711","","CCDC7 (interacts with) TRGV5",,"0","0","0","1","0.52195122","0.401603001",,"false","interacts with","CCDC7 (interacts with) TRGV5","0","Q96M83","","A0A0B4J1U4",""
"10.826739926739926","","interacts with","0","0.476387162","","SULT1A1 (interacts with) ZMYM5",,"0","0","0","1","0.551219512","0.401554812",,"false","interacts with","SULT1A1 (interacts with) ZMYM5","0","P50225","","Q9UJ78",""
"46.833333333333336","","interacts with","0","0.476426243","","COL1A2 (interacts with) USP17L6P",,"1","0","1","1","0.551219512","0.401632974",,"false","interacts with","COL1A2 (interacts with) USP17L6P","0","P08123","","Q6QN14",""
"994.0","","interacts with","0","0.561703654","","BMI1 (interacts with) ZC3H13",,"0","0","0","1","0.72195122","0.401456089",,"false","interacts with","BMI1 (interacts with) ZC3H13","0","P35226","","Q5T200",""
"56.0","","interacts with","0","0.476426406","","RELA (interacts with) OR10D3",,"1","0","1","1","0.551219512","0.4016333",,"false","interacts with","RELA (interacts with) OR10D3","0","Q04206","","Q8NH80",""
"52.0","","interacts with","0","0.461816238","","STOX2 (interacts with) IL32",,"0","0","0","1","0.52195122","0.401681256",,"false","interacts with","STOX2 (interacts with) IL32","0","Q9P2F5","","P24001",""
"7.083161283161282","","interacts with","0","0.476426173","","PRKACA (interacts with) IL16",,"1","0","1","1","0.551219512","0.401632834",,"false","interacts with","PRKACA (interacts with) IL16","0","P17612","","Q14005",""
"192.0","","interacts with","0","0.464216205","","CYB5RL (interacts with) BOD1L1",,"0","0","0","1","0.526829268","0.401603141",,"false","interacts with","CYB5RL (interacts with) BOD1L1","0","Q6IPT4","","Q8NFC6",""
"64.25238095238097","","interacts with","0","0.476387207","","TMF1 (interacts with) HNF1B",,"0","0","0","1","0.551219512","0.401554901",,"false","interacts with","TMF1 (interacts with) HNF1B","0","P82094","","P35680",""
"0.0","taxid:9606(Homo sapiens)","interacts with","1","0.666044958","""psi-mi:""""MI:0364""""(inferred by curator)""","RELA (interacts with) RELA","2","1","1","1","1","0.926829268","0.405260648",,"false","interacts with","RELA (interacts with) RELA","0","Q04206","Q04206","Q04206","Q04206"
"328.16378066378076","","interacts with","0","0.461792241","","ODAPH (interacts with) PODXL",,"0","0","0","1","0.52195122","0.401633262",,"false","interacts with","ODAPH (interacts with) PODXL","0","Q17RF5","","O00592",""
"138.0","","interacts with","0","0.564068387","","MAP4K5 (interacts with) PPM1B",,"0","0","0","1","0.726829268","0.401307506",,"false","interacts with","MAP4K5 (interacts with) PPM1B","0","Q9Y4K4","","O75688",""
"877.2067099567098","","interacts with","0","0.573823454","","BMI1 (interacts with) ZNF638",,"0","0","0","1","0.746341463","0.401305444",,"false","interacts with","BMI1 (interacts with) ZNF638","0","P35226","","Q14966",""
"140.79999999999993","","interacts with","0","0.476426155","","BMP2 (interacts with) TMEM61",,"1","0","1","1","0.551219512","0.401632797",,"false","interacts with","BMP2 (interacts with) TMEM61","0","P12643","","Q8N0U2",""
"154.0","","interacts with","0","0.561629634","","BMI1 (interacts with) RTCB",,"0","0","0","1","0.72195122","0.401308048",,"false","interacts with","BMI1 (interacts with) RTCB","0","P35226","","Q9Y3I0",""
"11.307692307692308","","interacts with","0","0.476387187","","SULT1A1 (interacts with) PARP3",,"0","0","0","1","0.551219512","0.401554862",,"false","interacts with","SULT1A1 (interacts with) PARP3","0","P50225","","Q9Y6F1",""
"11.30769230769231","","interacts with","0","0.464192365","","SULT1A1 (interacts with) MFSD4A",,"0","0","0","1","0.526829268","0.401555462",,"false","interacts with","SULT1A1 (interacts with) MFSD4A","0","P50225","","Q8N468",""
"200.552380952381","","interacts with","0","0.561636399","","RPS27L (interacts with) REST",,"0","0","0","1","0.72195122","0.401321579",,"false","interacts with","RPS27L (interacts with) REST","0","Q71UM5","","Q13127",""
"179.44761904761904","","interacts with","0","0.564067754","","RPS27L (interacts with) EIF2S1",,"0","0","0","1","0.726829268","0.401306239","0.90459364","false","interacts with","RPS27L (interacts with) EIF2S1","1","Q71UM5","","P05198",""
"22.0","","interacts with","0","0.47642617","","P2RX6 (interacts with) NTRK1",,"0","1","1","1","0.551219512","0.401632829",,"false","interacts with","P2RX6 (interacts with) NTRK1","0","O15547","","P04629",""
"54.0","","interacts with","0","0.569085263","","SULT1A1 (interacts with) UBA2",,"0","0","0","1","0.736585366","0.401585159",,"false","interacts with","SULT1A1 (interacts with) UBA2","0","P50225","","Q9UBT2",""
"414.00000000000006","","interacts with","0","0.559198242","","FKBP10 (interacts with) ALDH18A1",,"0","0","0","1","0.717073171","0.401323313",,"false","interacts with","FKBP10 (interacts with) ALDH18A1","0","Q96AY3","","P54886",""
"195.3333333333333","","interacts with","0","0.476426293","","METTL15P1 (interacts with) TRAF6",,"0","1","1","1","0.551219512","0.401633074",,"false","interacts with","METTL15P1 (interacts with) TRAF6","0","P0C7V9","","Q9Y4K3",""
"7.326739926739926","","interacts with","0","0.461753132","","SULT1A1 (interacts with) SYT9",,"0","0","0","1","0.52195122","0.401555045",,"false","interacts with","SULT1A1 (interacts with) SYT9","0","P50225","","Q86SS6",""
"0.0","","interacts with","0","0.630263945","","BMP2 (interacts with) BMP2",,"1","1","1","1","0.848780488","0.411747402",,"false","interacts with","BMP2 (interacts with) BMP2","0","P12643","","P12643",""
"9.212454212454212","","interacts with","0","0.476387063","","SULT1A1 (interacts with) ASXL2",,"0","0","0","1","0.551219512","0.401554614",,"false","interacts with","SULT1A1 (interacts with) ASXL2","0","P50225","","Q76L83",""
"11.141025641025642","","interacts with","0","0.476387201","","SULT1A1 (interacts with) FAM83C",,"0","0","0","1","0.551219512","0.401554891",,"false","interacts with","SULT1A1 (interacts with) FAM83C","0","P50225","","Q9BQN1",""
"9.46007326007326","","interacts with","0","0.476426197","","BMP7 (interacts with) SULT1A1",,"1","0","1","1","0.551219512","0.401632883",,"false","interacts with","BMP7 (interacts with) SULT1A1","0","P18075","","P50225",""
"1027.0012987012988","","interacts with","0","0.564068805","","BMI1 (interacts with) CAPZB",,"0","0","0","1","0.726829268","0.401308341","0.167255595","false","interacts with","BMI1 (interacts with) CAPZB","1","P35226","","P47756",""
"220.0","","interacts with","0","0.561630128","","BRIX1 (interacts with) APOBEC3C",,"0","0","0","1","0.72195122","0.401309037",,"false","interacts with","BRIX1 (interacts with) APOBEC3C","0","Q8TDN6","","Q9NRW3",""
"37.33333333333334","","interacts with","0","0.476426313","","COL1A2 (interacts with) HPD",,"1","0","1","1","0.551219512","0.401633114",,"false","interacts with","COL1A2 (interacts with) HPD","0","P08123","","P32754",""
"6.0","","interacts with","0","0.476387415","","NAP1L3 (interacts with) CARF",,"0","0","0","1","0.551219512","0.401555318",,"false","interacts with","NAP1L3 (interacts with) CARF","0","Q99457","","Q8N187",""
"329.7896787423102","","interacts with","0","0.476426253","","EDDM3A (interacts with) ZNF438",,"0","0","0","1","0.551219512","0.401632994",,"false","interacts with","EDDM3A (interacts with) ZNF438","0","Q14507","","Q7Z4V0",""
"77.78997113997113","","interacts with","0","0.464192393","","ODAPH (interacts with) CCDC166",,"0","0","0","1","0.526829268","0.401555517",,"false","interacts with","ODAPH (interacts with) CCDC166","0","Q17RF5","","P0CW27",""
"13.534676434676433","","interacts with","0","0.476426321","","PRKACA (interacts with) ASXL2",,"1","0","1","1","0.551219512","0.40163313",,"false","interacts with","PRKACA (interacts with) ASXL2","0","P17612","","Q76L83",""
"360.7840120663649","","interacts with","0","0.47642615","","STAP1 (interacts with) FILIP1",,"0","0","0","1","0.551219512","0.401632787",,"false","interacts with","STAP1 (interacts with) FILIP1","0","Q9ULZ2","","Q7Z7B0",""
"3.0","","interacts with","0","0.476387133","","TOM1L1 (interacts with) MRTFB",,"0","0","0","1","0.551219512","0.401554754",,"false","interacts with","TOM1L1 (interacts with) MRTFB","0","O75674","","Q9ULH7",""
"34.11904761904762","","interacts with","0","0.476426224","","EDDM3A (interacts with) ZNF350",,"0","0","0","1","0.551219512","0.401632936",,"false","interacts with","EDDM3A (interacts with) ZNF350","0","Q14507","","Q9GZX5",""
"376.2414288326057","","interacts with","0","0.464255319","","COL5A3 (interacts with) OSGIN2",,"1","0","1","1","0.526829268","0.40168137",,"false","interacts with","COL5A3 (interacts with) OSGIN2","0","P25940","","Q9Y236",""
"4.0","","interacts with","0","0.46907028","","TOM1L1 (interacts with) TPX2",,"0","0","0","1","0.536585366","0.401555193",,"false","interacts with","TOM1L1 (interacts with) TPX2","0","O75674","","Q9ULW0",""
"13.76093906093906","","interacts with","0","0.476387061","","SULT1A1 (interacts with) IL16",,"0","0","0","1","0.551219512","0.401554611",,"false","interacts with","SULT1A1 (interacts with) IL16","0","P50225","","Q14005",""
"414.0","","interacts with","0","0.464216096","","ZNF454 (interacts with) BDP1",,"0","0","0","1","0.526829268","0.401602923",,"false","interacts with","ZNF454 (interacts with) BDP1","0","Q8N9F8","","A6H8Y1",""
"17.666666666666668","","interacts with","0","0.461816218","","CTSK (interacts with) ZNF717",,"1","0","1","1","0.52195122","0.401681217",,"false","interacts with","CTSK (interacts with) ZNF717","0","P43235","","Q9BY31",""
"249.5","","interacts with","0","0.476387186","","LIPK (interacts with) NHS",,"0","0","0","1","0.551219512","0.401554859",,"false","interacts with","LIPK (interacts with) NHS","0","Q5VXJ0","","Q6T4R5",""
"219.66666666666666","","interacts with","0","0.476426239","","GOLGA6D (interacts with) BMP2",,"0","1","1","1","0.551219512","0.401632965",,"false","interacts with","GOLGA6D (interacts with) BMP2","0","P0CG33","","P12643",""
"3.0","","interacts with","0","0.469070169","","LIPK (interacts with) USP35",,"0","0","0","1","0.536585366","0.401554972",,"false","interacts with","LIPK (interacts with) USP35","0","Q5VXJ0","","Q9P2H5",""
"70.66666666666664","","interacts with","0","0.47638721","","LIPK (interacts with) RPS6KC1",,"0","0","0","1","0.551219512","0.401554907",,"false","interacts with","LIPK (interacts with) RPS6KC1","0","Q5VXJ0","","Q96S38",""
"1408.2206349206347","","interacts with","0","0.476426328","","SOST (interacts with) ATXN10",,"1","0","1","1","0.551219512","0.401633143",,"false","interacts with","SOST (interacts with) ATXN10","0","Q9BQB4","","Q9UBB4",""
"1193.9112033598537","","interacts with","0","0.476426171","","EDDM3A (interacts with) ALDH18A1",,"0","0","0","1","0.551219512","0.401632831",,"false","interacts with","EDDM3A (interacts with) ALDH18A1","0","Q14507","","P54886",""
"138.0","","interacts with","0","0.469070056","","DZIP1 (interacts with) WNT2B",,"0","0","0","1","0.536585366","0.401554746",,"false","interacts with","DZIP1 (interacts with) WNT2B","0","Q86YF9","","Q93097",""
"63.666666666666664","","interacts with","0","0.464231188","","GRAP2 (interacts with) BCL2",,"0","1","1","1","0.526829268","0.401633107",,"false","interacts with","GRAP2 (interacts with) BCL2","0","O75791","","P10415",""
"322.6880939322114","","interacts with","0","0.476387174","","ST8SIA5 (interacts with) RIN3",,"0","0","0","1","0.551219512","0.401554836",,"false","interacts with","ST8SIA5 (interacts with) RIN3","0","O15466","","Q8TB24",""
"414.0","","interacts with","0","0.476387185","","ST8SIA5 (interacts with) BRDT",,"0","0","0","1","0.551219512","0.401554858",,"false","interacts with","ST8SIA5 (interacts with) BRDT","0","O15466","","Q58F21",""
"126.32619047619049","","interacts with","0","0.476387286","","ST8SIA5 (interacts with) HLCS",,"0","0","0","1","0.551219512","0.401555059",,"false","interacts with","ST8SIA5 (interacts with) HLCS","0","O15466","","P50747",""
"147.0","","interacts with","0","0.476387144","","ACOX3 (interacts with) ZC3H13",,"0","0","0","1","0.551219512","0.401554777",,"false","interacts with","ACOX3 (interacts with) ZC3H13","0","O15254","","Q5T200",""
"125.99285714285718","","interacts with","0","0.47638723","","ST8SIA5 (interacts with) SLC26A3",,"0","0","0","1","0.551219512","0.401554948",,"false","interacts with","ST8SIA5 (interacts with) SLC26A3","0","O15466","","P40879",""
"5.0","","interacts with","0","0.476387245","","OR51A4 (interacts with) CCSER1",,"0","0","0","1","0.551219512","0.401554978",,"false","interacts with","OR51A4 (interacts with) CCSER1","0","Q8NGJ6","","Q9C0I3",""
"359.1690476190479","","interacts with","0","0.476426174","","EDDM3A (interacts with) HNF1B",,"0","0","0","1","0.551219512","0.401632837",,"false","interacts with","EDDM3A (interacts with) HNF1B","0","Q14507","","P35680",""
"30.000000000000004","","interacts with","0","0.476426335","","TRAV12-3 (interacts with) PROCR",,"0","1","1","1","0.551219512","0.401633157",,"false","interacts with","TRAV12-3 (interacts with) PROCR","0","A0A0B4J271","","Q9UNN8",""
"149.43086595813247","","interacts with","0","0.476426282","","EDDM3A (interacts with) CCDC150",,"0","0","0","1","0.551219512","0.401633053",,"false","interacts with","EDDM3A (interacts with) CCDC150","0","Q14507","","Q8NCX0",""
"237.21904761904761","","interacts with","0","0.464216061","","EDDM3A (interacts with) EFCAB13",,"0","0","0","1","0.526829268","0.401602854",,"false","interacts with","EDDM3A (interacts with) EFCAB13","0","Q14507","","Q8IY85",""
"2.0","","interacts with","0","0.564067804","","RHOBTB3 (interacts with) ARF5",,"0","0","0","1","0.726829268","0.401306339",,"false","interacts with","RHOBTB3 (interacts with) ARF5","0","O94955","","P84085",""
"407.41950271950265","","interacts with","0","0.564075424","","APOBEC3C (interacts with) NVL",,"0","0","0","1","0.726829268","0.40132158",,"false","interacts with","APOBEC3C (interacts with) NVL","0","Q9NRW3","","O15381",""
"27.799999999999997","","interacts with","0","0.464255215","","COBLL1 (interacts with) PROCR",,"0","1","1","1","0.526829268","0.401681162",,"false","interacts with","COBLL1 (interacts with) PROCR","0","Q53SF7","","Q9UNN8",""
"200.0","","interacts with","0","0.461777053","","IGHV4-38-2 (interacts with) CCDC7",,"0","0","0","1","0.52195122","0.401602886",,"false","interacts with","IGHV4-38-2 (interacts with) CCDC7","0","P0DP08","","Q96M83",""
"203.75283605283593","","interacts with","0","0.566514487","","APOBEC3C (interacts with) BMS1",,"0","0","0","1","0.731707317","0.401321657",,"false","interacts with","APOBEC3C (interacts with) BMS1","0","Q9NRW3","","Q14692",""
"207.33333333333334","","interacts with","0","0.476426343","","BMP2 (interacts with) APOBEC3A",,"1","0","1","1","0.551219512","0.401633174",,"false","interacts with","BMP2 (interacts with) APOBEC3A","0","P12643","","P31941",""
"14.0","","interacts with","0","0.461777118","","SLITRK3 (interacts with) DEGS2",,"0","0","0","1","0.52195122","0.401603017",,"false","interacts with","SLITRK3 (interacts with) DEGS2","0","O94933","","Q6QHC5",""
"13.999999999999998","","interacts with","0","0.461816158","","CTSK (interacts with) QRICH2",,"1","0","1","1","0.52195122","0.401681096",,"false","interacts with","CTSK (interacts with) QRICH2","0","P43235","","Q9H0J4",""
"22.256010656010652","","interacts with","0","0.464192108","","EVX1 (interacts with) NVL",,"0","0","0","1","0.526829268","0.401554947",,"false","interacts with","EVX1 (interacts with) NVL","0","P49640","","O15381",""
"47.000000000000014","","interacts with","0","0.476387174","","PDGFD (interacts with) STOX2",,"0","0","0","1","0.551219512","0.401554835",,"false","interacts with","PDGFD (interacts with) STOX2","0","Q9GZP0","","Q9P2F5",""
"167.91586921850075","","interacts with","0","0.464192114","","KCNJ12 (interacts with) ZNF438",,"0","0","0","1","0.526829268","0.401554959",,"false","interacts with","KCNJ12 (interacts with) ZNF438","0","Q14500","","Q7Z4V0",""
"650.0","","interacts with","0","0.476426296","","CNR2 (interacts with) MAMLD1",,"1","0","1","1","0.551219512","0.401633079",,"false","interacts with","CNR2 (interacts with) MAMLD1","0","P34972","","Q13495",""
"10.0","","interacts with","0","0.591022551","","PDGFD (interacts with) GID4",,"0","0","0","1","0.780487805","0.401557296",,"false","interacts with","PDGFD (interacts with) GID4","0","Q9GZP0","","Q8IVV7",""
"70.92267732267732","","interacts with","0","0.47638705","","EVX1 (interacts with) PHC2",,"0","0","0","1","0.551219512","0.401554587",,"false","interacts with","EVX1 (interacts with) PHC2","0","P49640","","Q8IXK0",""
"639.4984270631329","","interacts with","0","0.561630785","","STAP1 (interacts with) CAPZB",,"0","0","0","1","0.72195122","0.40131035",,"false","interacts with","STAP1 (interacts with) CAPZB","0","Q9ULZ2","","P47756",""
"297.40000000000003","","interacts with","0","0.4764263","","ARHGEF15 (interacts with) COL5A3",,"0","1","1","1","0.551219512","0.401633089",,"false","interacts with","ARHGEF15 (interacts with) COL5A3","0","O94989","","P25940",""
"1512.9742838860482","","interacts with","0","0.464192173","","ST8SIA5 (interacts with) JUP",,"0","0","0","1","0.526829268","0.401555077",,"false","interacts with","ST8SIA5 (interacts with) JUP","0","O15466","","P14923",""
"3016.5978981802514","","interacts with","0","0.564076029","","PODXL (interacts with) RUFY1",,"0","0","0","1","0.726829268","0.401322789",,"false","interacts with","PODXL (interacts with) RUFY1","0","O00592","","Q96T51",""
"126.32619047619049","","interacts with","0","0.476387161","","ST8SIA5 (interacts with) NIBAN1",,"0","0","0","1","0.551219512","0.40155481",,"false","interacts with","ST8SIA5 (interacts with) NIBAN1","0","O15466","","Q9BZQ8",""
"32.0","","interacts with","0","0.564168063","","C1QL1 (interacts with) IFNLR1",,"0","0","0","1","0.726829268","0.401506858",,"false","interacts with","C1QL1 (interacts with) IFNLR1","0","O75973","","Q8IU57",""
"160.06666666666666","","interacts with","0","0.564168374","","APOBEC3C (interacts with) WDR45B",,"0","0","0","1","0.726829268","0.40150748",,"false","interacts with","APOBEC3C (interacts with) WDR45B","0","Q9NRW3","","Q5MNZ6",""
"125.32619047619038","","interacts with","0","0.469070402","","ST8SIA5 (interacts with) ZNF595",,"0","0","0","1","0.536585366","0.401555437",,"false","interacts with","ST8SIA5 (interacts with) ZNF595","0","O15466","","Q8IYB9",""
"30.0","","interacts with","0","0.461816246","","IHH (interacts with) CROCC2",,"0","0","0","1","0.52195122","0.401681273",,"false","interacts with","IHH (interacts with) CROCC2","0","Q14623","","H7BZ55",""
"278.8214285714285","","interacts with","0","0.464216151","","TCP11X1 (interacts with) BDP1",,"0","0","0","1","0.526829268","0.401603034",,"false","interacts with","TCP11X1 (interacts with) BDP1","0","B4DZS4","","A6H8Y1",""
"220.0","","interacts with","0","0.476426174","","GNAT2 (interacts with) TRAF6",,"0","1","1","1","0.551219512","0.401632836",,"false","interacts with","GNAT2 (interacts with) TRAF6","0","P19087","","Q9Y4K3",""
"2.6666666666666665","","interacts with","0","0.476387075","","MIDEAS (interacts with) PGA4",,"0","0","0","1","0.551219512","0.401554637",,"false","interacts with","MIDEAS (interacts with) PGA4","0","Q6PJG2","","P0DJD7",""
"175.99668355602148","","interacts with","0","0.461753321","","ATXN7L2 (interacts with) SH3D21",,"0","0","0","1","0.52195122","0.401555422",,"false","interacts with","ATXN7L2 (interacts with) SH3D21","0","Q5T6C5","","A4FU49",""
"15.833333333333336","","interacts with","0","0.469109424","","PRKACA (interacts with) NMUR1",,"1","0","1","1","0.536585366","0.401633483",,"false","interacts with","PRKACA (interacts with) NMUR1","0","P17612","","Q9HB89",""
"305.4904761904761","","interacts with","0","0.476426295","","SNRNP48 (interacts with) TRAF6",,"0","1","1","1","0.551219512","0.401633078",,"false","interacts with","SNRNP48 (interacts with) TRAF6","0","Q6IEG0","","Q9Y4K3",""
"51.333333333333314","","interacts with","0","0.464231272","","MIDEAS (interacts with) ZNF629",,"0","0","0","1","0.526829268","0.401633276",,"false","interacts with","MIDEAS (interacts with) ZNF629","0","Q6PJG2","","Q9UEG4",""
"149.8999135771801","","interacts with","0","0.476387136","","KCNJ12 (interacts with) CCDC150",,"0","0","0","1","0.551219512","0.401554759",,"false","interacts with","KCNJ12 (interacts with) CCDC150","0","Q14500","","Q8NCX0",""
"129.33333333333334","","interacts with","0","0.476426244","","TNFSF11 (interacts with) SYN1",,"1","0","1","1","0.551219512","0.401632977",,"false","interacts with","TNFSF11 (interacts with) SYN1","0","O14788","","P17600",""
"4.333333333333333","","interacts with","0","0.476426264","","MIDEAS (interacts with) PPWD1",,"0","0","0","1","0.551219512","0.401633015",,"false","interacts with","MIDEAS (interacts with) PPWD1","0","Q6PJG2","","Q96BP3",""
"3.333333333333333","","interacts with","0","0.476426264","","MIDEAS (interacts with) KLHL40",,"0","0","0","1","0.551219512","0.401633016",,"false","interacts with","MIDEAS (interacts with) KLHL40","0","Q6PJG2","","Q2TBA0",""
"54.8","","interacts with","0","0.476426226","","MED15 (interacts with) PROCR",,"0","1","1","1","0.551219512","0.40163294",,"false","interacts with","MED15 (interacts with) PROCR","0","Q96RN5","","Q9UNN8",""
"624.873108121758","","interacts with","0","0.47638726","","KCNJ12 (interacts with) ALDH18A1",,"0","0","0","1","0.551219512","0.401555007",,"false","interacts with","KCNJ12 (interacts with) ALDH18A1","0","Q14500","","P54886",""
"135.17857142857142","","interacts with","0","0.461753138","","TCP11X1 (interacts with) AICDA",,"0","0","0","1","0.52195122","0.401555057",,"false","interacts with","TCP11X1 (interacts with) AICDA","0","B4DZS4","","Q9GZX7",""
"52.35555555555555","","interacts with","0","0.476426243","","NFKB1 (interacts with) LRP2BP",,"1","0","1","1","0.551219512","0.401632975",,"false","interacts with","NFKB1 (interacts with) LRP2BP","0","P19838","","Q9P2M1",""
"3.0","","interacts with","0","0.46419219","","ERLEC1 (interacts with) TXNRD3",,"0","0","0","1","0.526829268","0.401555112",,"false","interacts with","ERLEC1 (interacts with) TXNRD3","0","Q96DZ1","","Q86VQ6",""
"192.59330915264707","","interacts with","0","0.464192329","","ATXN7L2 (interacts with) SGCA",,"0","0","0","1","0.526829268","0.40155539",,"false","interacts with","ATXN7L2 (interacts with) SGCA","0","Q5T6C5","","Q16586",""
"6.333333333333332","","interacts with","0","0.47638733","","FANCI (interacts with) ZNF717",,"0","0","0","1","0.551219512","0.401555148",,"false","interacts with","FANCI (interacts with) ZNF717","0","Q9NVI1","","Q9BY31",""
"6.133333333333334","","interacts with","0","0.461777301","","FANCI (interacts with) TSPYL2",,"0","0","0","1","0.52195122","0.401603383",,"false","interacts with","FANCI (interacts with) TSPYL2","0","Q9NVI1","","Q9H2G4",""
"276.91060296994067","","interacts with","0","0.469070288","","ATXN7L2 (interacts with) PAK4",,"0","0","0","1","0.536585366","0.401555209",,"false","interacts with","ATXN7L2 (interacts with) PAK4","0","Q5T6C5","","O96013",""
"2.6666666666666665","","interacts with","0","0.461753515","","UBTFL6 (interacts with) TLCD3B",,"0","0","0","1","0.52195122","0.40155581",,"false","interacts with","UBTFL6 (interacts with) TLCD3B","0","P0CB48","","Q71RH2",""
"1186.3120866494385","","interacts with","0","0.561637244","","ATXN7L2 (interacts with) ZNF526",,"0","0","0","1","0.72195122","0.401323268",,"false","interacts with","ATXN7L2 (interacts with) ZNF526","0","Q5T6C5","","Q8TF50",""
"216.88219804153593","","interacts with","0","0.464192344","","ATXN7L2 (interacts with) RTL5",,"0","0","0","1","0.526829268","0.40155542",,"false","interacts with","ATXN7L2 (interacts with) RTL5","0","Q5T6C5","","Q5HYW3",""
"205.47532467532469","","interacts with","0","0.461753573","","ATXN7L2 (interacts with) ATMIN",,"0","0","0","1","0.52195122","0.401555926",,"false","interacts with","ATXN7L2 (interacts with) ATMIN","0","Q5T6C5","","O43313",""
"14.0","","interacts with","0","0.476426232","","PCARE (interacts with) NTRK1",,"0","1","1","1","0.551219512","0.401632951",,"false","interacts with","PCARE (interacts with) NTRK1","0","A6NGG8","","P04629",""
"1035.1690476190472","","interacts with","0","0.561499897","","CRTAC1 (interacts with) NOCT",,"0","0","0","1","0.72195122","0.401048574",,"false","interacts with","CRTAC1 (interacts with) NOCT","0","Q9NQ79","","Q9UK39",""
"766.3394053315108","","interacts with","0","0.464192254","","GPR146 (interacts with) TCTN3",,"0","0","0","1","0.526829268","0.401555239",,"false","interacts with","GPR146 (interacts with) TCTN3","0","Q96CH1","","Q6NUS6",""
"16.0","","interacts with","0","0.469070191","","SLC25A11 (interacts with) PHC2",,"0","0","0","1","0.536585366","0.401555017",,"false","interacts with","SLC25A11 (interacts with) PHC2","0","Q02978","","Q8IXK0",""
"192.0","","interacts with","0","0.564068102","","GTF2A1 (interacts with) SARS1",,"0","0","0","1","0.726829268","0.401306935",,"false","interacts with","GTF2A1 (interacts with) SARS1","0","P52655","","P49591",""
"51.61904761904761","","interacts with","0","0.476387223","","RAMACL (interacts with) GOLGA3",,"0","0","0","1","0.551219512","0.401554934",,"false","interacts with","RAMACL (interacts with) GOLGA3","0","A0A3B3IU46","","Q08378",""
"660.8592731829569","","interacts with","0","0.464231552","","GPR146 (interacts with) ZNF397",,"0","0","0","1","0.526829268","0.401633836",,"false","interacts with","GPR146 (interacts with) ZNF397","0","Q96CH1","","Q8NF99",""
"8.8","","interacts with","0","0.461777258","","FANCI (interacts with) PWWP3A",,"0","0","0","1","0.52195122","0.401603297",,"false","interacts with","FANCI (interacts with) PWWP3A","0","Q9NVI1","","Q2TAK8",""
"392.11837051837057","","interacts with","0","0.56163132","","SLC25A11 (interacts with) RNF2",,"0","0","0","1","0.72195122","0.401311421",,"false","interacts with","SLC25A11 (interacts with) RNF2","0","Q02978","","Q99496",""
"44.23641456582632","","interacts with","0","0.476426247","","MYC (interacts with) RAB24",,"1","0","1","1","0.551219512","0.401632982",,"false","interacts with","MYC (interacts with) RAB24","0","P01106","","Q969Q5",""
"824.706615022404","","interacts with","0","0.469109585","","GPR146 (interacts with) XRCC1",,"0","0","0","1","0.536585366","0.401633805",,"false","interacts with","GPR146 (interacts with) XRCC1","0","Q96CH1","","P18887",""
"65.1587301587302","","interacts with","0","0.464231262","","GPR146 (interacts with) SLC9A8",,"0","0","0","1","0.526829268","0.401633256",,"false","interacts with","GPR146 (interacts with) SLC9A8","0","Q96CH1","","Q9Y2E8",""
"3.0","","interacts with","0","0.595572918","","HMMR (interacts with) TPX2",,"0","0","0","1","0.790243902","0.400901934",,"false","interacts with","HMMR (interacts with) TPX2","0","O75330","","Q9ULW0",""
"177.5809523809524","","interacts with","0","0.464216129","","RAMACL (interacts with) EFCAB13",,"0","0","0","1","0.526829268","0.401602989",,"false","interacts with","RAMACL (interacts with) EFCAB13","0","A0A3B3IU46","","Q8IY85",""
"146.45238095238093","","interacts with","0","0.464216081","","SH3RF3 (interacts with) BOD1L1",,"0","0","0","1","0.526829268","0.401602894",,"false","interacts with","SH3RF3 (interacts with) BOD1L1","0","Q8TEJ3","","Q8NFC6",""
"129.28571428571428","","interacts with","0","0.561636499","","MSI2 (interacts with) PABPC4",,"0","0","0","1","0.72195122","0.401321778",,"false","interacts with","MSI2 (interacts with) PABPC4","0","Q96DH6","","Q13310",""
"1028.7834293794474","","interacts with","0","0.476387178","","RAMACL (interacts with) ALDH18A1",,"0","0","0","1","0.551219512","0.401554844",,"false","interacts with","RAMACL (interacts with) ALDH18A1","0","A0A3B3IU46","","P54886",""
"2320.605171574423","","interacts with","0","0.564068164","","NONO (interacts with) ALDH18A1",,"0","0","0","1","0.726829268","0.40130706",,"false","interacts with","NONO (interacts with) ALDH18A1","0","Q15233","","P54886",""
"413.50238095238086","","interacts with","0","0.600586136","","MSI2 (interacts with) BMI1",,"0","0","0","1","0.8","0.401172273",,"false","interacts with","MSI2 (interacts with) BMI1","0","Q96DH6","","P35226",""
"139.16666666666666","","interacts with","0","0.476426327","","EFCAB9 (interacts with) TRAF6",,"0","1","1","1","0.551219512","0.401633143",,"false","interacts with","EFCAB9 (interacts with) TRAF6","0","A8MZ26","","Q9Y4K3",""
"26.0","","interacts with","0","0.464192269","","ZNF570 (interacts with) ESRP2",,"0","0","0","1","0.526829268","0.401555269",,"false","interacts with","ZNF570 (interacts with) ESRP2","0","Q96NI8","","Q9H6T0",""
"45.547619047619044","","interacts with","0","0.476426254","","MAPK14 (interacts with) SH3RF3",,"1","0","1","1","0.551219512","0.401632995",,"false","interacts with","MAPK14 (interacts with) SH3RF3","0","Q16539","","Q8TEJ3",""
"202.49761904761914","","interacts with","0","0.476387087","","RAMACL (interacts with) ESCO1",,"0","0","0","1","0.551219512","0.401554662",,"false","interacts with","RAMACL (interacts with) ESCO1","0","A0A3B3IU46","","Q5FWF5",""
"414.0","","interacts with","0","0.564237408","","NONO (interacts with) KCNJ2",,"0","0","0","1","0.726829268","0.401645547",,"false","interacts with","NONO (interacts with) KCNJ2","0","Q15233","","P63252",""
"708.6973382682213","","interacts with","0","0.510442251","","NONO (interacts with) PAK4",,"0","0","0","1","0.619512195","0.401372306",,"false","interacts with","NONO (interacts with) PAK4","0","Q15233","","O96013",""
"126.33800881527533","","interacts with","0","0.476387114","","RAMACL (interacts with) CCDC150",,"0","0","0","1","0.551219512","0.401554715",,"false","interacts with","RAMACL (interacts with) CCDC150","0","A0A3B3IU46","","Q8NCX0",""
"1727.6166245149918","","interacts with","0","0.561799015","","NONO (interacts with) OTUD5",,"0","0","0","1","0.72195122","0.40164681",,"false","interacts with","NONO (interacts with) OTUD5","0","Q15233","","Q96G74",""
"88.82352941176468","","interacts with","0","0.476426258","","BCL2 (interacts with) CDY2B",,"1","0","1","1","0.551219512","0.401633003",,"false","interacts with","BCL2 (interacts with) CDY2B","0","P10415","","Q9Y6F7",""
"286.6738095238095","","interacts with","0","0.464255189","","COL5A3 (interacts with) ZNF595",,"1","0","1","1","0.526829268","0.40168111",,"false","interacts with","COL5A3 (interacts with) ZNF595","0","P25940","","Q8IYB9",""
"127.66666666666654","","interacts with","0","0.476387304","","TRGV3 (interacts with) ZNF165",,"0","0","0","1","0.551219512","0.401555095",,"false","interacts with","TRGV3 (interacts with) ZNF165","0","P03979","","P49910",""
"56.0","","interacts with","0","0.476426242","","RELA (interacts with) BEAN1",,"1","0","1","1","0.551219512","0.401632972",,"false","interacts with","RELA (interacts with) BEAN1","0","Q04206","","Q3B7T3",""
"191.33333333333334","","interacts with","0","0.476387139","","TRGV3 (interacts with) GOLGA6D",,"0","0","0","1","0.551219512","0.401554766",,"false","interacts with","TRGV3 (interacts with) GOLGA6D","0","P03979","","P0CG33",""
"90.54285714285714","","interacts with","0","0.476426237","","COL1A2 (interacts with) SF3A1",,"1","0","1","1","0.551219512","0.401632963",,"false","interacts with","COL1A2 (interacts with) SF3A1","0","P08123","","Q15459",""
"154.0","","interacts with","0","0.564135577","","MSI2 (interacts with) RNF157",,"0","0","0","1","0.726829268","0.401441886",,"false","interacts with","MSI2 (interacts with) RNF157","0","Q96DH6","","Q96PX1",""
"30.000000000000004","","interacts with","0","0.476426406","","SMIM26 (interacts with) PROCR",,"0","1","1","1","0.551219512","0.4016333",,"false","interacts with","SMIM26 (interacts with) PROCR","0","A0A096LP01","","Q9UNN8",""
"72.0","","interacts with","0","0.46425536","","COL1A2 (interacts with) IL32",,"1","0","1","1","0.526829268","0.401681452",,"false","interacts with","COL1A2 (interacts with) IL32","0","P08123","","P24001",""
"340.78809523809525","","interacts with","0","0.563834806","","MSI2 (interacts with) MSI1",,"0","0","0","1","0.726829268","0.400840344",,"false","interacts with","MSI2 (interacts with) MSI1","0","Q96DH6","","O43347",""
"192.0","","interacts with","0","0.476426207","","ENTPD5 (interacts with) COL3A1",,"0","1","1","1","0.551219512","0.401632901",,"false","interacts with","ENTPD5 (interacts with) COL3A1","0","O75356","","P02461",""
"30.355714546891","","interacts with","0","0.461777082","","RIN3 (interacts with) B3GAT1",,"0","0","0","1","0.52195122","0.401602945",,"false","interacts with","RIN3 (interacts with) B3GAT1","0","Q8TB24","","Q9P2W7",""
"124.0","","interacts with","0","0.564068017","","FGF13 (interacts with) PUM3",,"0","0","0","1","0.726829268","0.401306766",,"false","interacts with","FGF13 (interacts with) PUM3","0","Q92913","","Q15397",""
"18.0","","interacts with","0","0.57621087","","PRICKLE3 (interacts with) CAMKV",,"0","0","0","1","0.751219512","0.401202227",,"false","interacts with","PRICKLE3 (interacts with) CAMKV","0","O43900","","Q8NCB2",""
"414.0","","interacts with","0","0.464216113","","TCEANC (interacts with) BDP1",,"0","0","0","1","0.526829268","0.401602958",,"false","interacts with","TCEANC (interacts with) BDP1","0","Q8N8B7","","A6H8Y1",""
"1031.9785714285713","","interacts with","0","0.464255237","","COL5A3 (interacts with) CRTAC1",,"1","0","1","1","0.526829268","0.401681205",,"false","interacts with","COL5A3 (interacts with) CRTAC1","0","P25940","","Q9NQ79",""
"414.0","","interacts with","0","0.476426324","","TP53 (interacts with) FGF7",,"1","0","1","1","0.551219512","0.401633136",,"false","interacts with","TP53 (interacts with) FGF7","0","P04637","","P21781",""
"129.6666666666662","","interacts with","0","0.476387397","","TRGV3 (interacts with) RPUSD1",,"0","0","0","1","0.551219512","0.401555281",,"false","interacts with","TRGV3 (interacts with) RPUSD1","0","P03979","","Q9UJJ7",""
"127.66666666666643","","interacts with","0","0.476387471","","TRGV3 (interacts with) MEIS3P2",,"0","0","0","1","0.551219512","0.401555429",,"false","interacts with","TRGV3 (interacts with) MEIS3P2","0","P03979","","A8K0S8",""
"99.66666666666666","","interacts with","0","0.476387168","","TRGV3 (interacts with) SAMD11",,"0","0","0","1","0.551219512","0.401554823",,"false","interacts with","TRGV3 (interacts with) SAMD11","0","P03979","","Q96NU1",""
"90.33333333333333","","interacts with","0","0.464216135","","GRAP2 (interacts with) DCTN1",,"0","0","0","1","0.526829268","0.401603001",,"false","interacts with","GRAP2 (interacts with) DCTN1","0","O75791","","Q14203",""
"1012.6666666666667","","interacts with","0","0.464192242","","TRGV3 (interacts with) STK16",,"0","0","0","1","0.526829268","0.401555216",,"false","interacts with","TRGV3 (interacts with) STK16","0","P03979","","O75716",""
"10.666666666666668","","interacts with","0","0.46177718","","TRGV3 (interacts with) CCDC7",,"0","0","0","1","0.52195122","0.401603141",,"false","interacts with","TRGV3 (interacts with) CCDC7","0","P03979","","Q96M83",""
"138.0","","interacts with","0","0.617732381","","UBE2G1 (interacts with) SH3GLB1",,"0","0","0","1","0.834146341","0.40131842",,"false","interacts with","UBE2G1 (interacts with) SH3GLB1","0","P62253","","Q9Y371",""
"46.83333333333334","","interacts with","0","0.464231253","","COL1A2 (interacts with) CAMK1G",,"1","0","1","1","0.526829268","0.401633238",,"false","interacts with","COL1A2 (interacts with) CAMK1G","0","P08123","","Q96NX5",""
"124.77848817848816","","interacts with","0","0.476387165","","WNT9A (interacts with) CGN",,"0","0","0","1","0.551219512","0.401554818",,"false","interacts with","WNT9A (interacts with) CGN","0","O14904","","Q9P2M7",""
"112.18801198801201","","interacts with","0","0.46421616","","WNT9A (interacts with) DCTN1",,"0","0","0","1","0.526829268","0.401603052",,"false","interacts with","WNT9A (interacts with) DCTN1","0","O14904","","Q14203",""
"365.50365538225566","","interacts with","0","0.476387235","","POPDC3 (interacts with) ERICH6",,"0","0","0","1","0.551219512","0.401554957",,"false","interacts with","POPDC3 (interacts with) ERICH6","0","Q9HBV1","","Q7L0X2",""
"134.2333333333333","","interacts with","0","0.476426223","","COL3A1 (interacts with) FLYWCH1",,"1","0","1","1","0.551219512","0.401632933",,"false","interacts with","COL3A1 (interacts with) FLYWCH1","0","P02461","","Q4VC44",""
"1192.4084795321644","","interacts with","0","0.561375625","","ZNF397 (interacts with) ZSCAN22",,"0","0","0","1","0.72195122","0.40080003","0.35335689","false","interacts with","ZNF397 (interacts with) ZSCAN22","1","Q8NF99","","P10073",""
"1895.5166676460806","","interacts with","0","0.469070217","","POPDC3 (interacts with) ",,"0","0","0","1","0.536585366","0.401555069",,"false","interacts with","POPDC3 (interacts with) ","0","Q9HBV1","","Q9N2J8",""
"124.0","","interacts with","0","0.464255203","","SMIM23 (interacts with) COL1A2",,"0","1","1","1","0.526829268","0.401681138",,"false","interacts with","SMIM23 (interacts with) COL1A2","0","A6NLE4","","P08123",""
"12.122222222222222","","interacts with","0","0.46423122","","PRKACA (interacts with) TC2N",,"1","0","1","1","0.526829268","0.401633172",,"false","interacts with","PRKACA (interacts with) TC2N","0","P17612","","Q8N9U0",""
"15.333333333333334","","interacts with","0","0.476426274","","CTSK (interacts with) ARHGAP30",,"1","0","1","1","0.551219512","0.401633035",,"false","interacts with","CTSK (interacts with) ARHGAP30","0","P43235","","Q7Z6I6",""
"128.0","","interacts with","0","0.566488095","","NCCRP1 (interacts with) ST6GALNAC6",,"0","0","0","1","0.731707317","0.401268872",,"false","interacts with","NCCRP1 (interacts with) ST6GALNAC6","0","Q6ZVX7","","Q969X2",""
"138.0","","interacts with","0","0.561629952","","LNX2 (interacts with) LRRC8E",,"0","0","0","1","0.72195122","0.401308685",,"false","interacts with","LNX2 (interacts with) LRRC8E","0","Q8N448","","Q6NSJ5",""
"414.0","","interacts with","0","0.476387416","","POPDC3 (interacts with) ZNF565",,"0","0","0","1","0.551219512","0.401555319",,"false","interacts with","POPDC3 (interacts with) ZNF565","0","Q9HBV1","","Q8N9K5",""
"1648.9011544011546","","interacts with","0","0.461753164","","POPDC3 (interacts with) UEVLD",,"0","0","0","1","0.52195122","0.401555108",,"false","interacts with","POPDC3 (interacts with) UEVLD","0","Q9HBV1","","Q8IX04",""
"293.50476190476184","","interacts with","0","0.476426347","","TLR5 (interacts with) PTGS1",,"0","1","1","1","0.551219512","0.401633181",,"false","interacts with","TLR5 (interacts with) PTGS1","0","O60602","","P23219",""
"293.18412861648153","","interacts with","0","0.476387142","","POPDC3 (interacts with) ARHGAP44",,"0","0","0","1","0.551219512","0.401554771",,"false","interacts with","POPDC3 (interacts with) ARHGAP44","0","Q9HBV1","","Q17R89",""
"185.62238121355756","","interacts with","0","0.461816147","","ST8SIA5 (interacts with) COL5A3",,"0","1","1","1","0.52195122","0.401681075",,"false","interacts with","ST8SIA5 (interacts with) COL5A3","0","O15466","","P25940",""
"125.33333333333334","","interacts with","0","0.476426245","","SOBP (interacts with) TNFSF11",,"0","1","1","1","0.551219512","0.401632978",,"false","interacts with","SOBP (interacts with) TNFSF11","0","A7XYQ1","","O14788",""
"1323.0335662084149","","interacts with","0","0.464192429","","POPDC3 (interacts with) OTUD5",,"0","0","0","1","0.526829268","0.40155559",,"false","interacts with","POPDC3 (interacts with) OTUD5","0","Q9HBV1","","Q96G74",""
"436.0","","interacts with","0","0.464216149","","HTR1E (interacts with) SMC1B",,"0","0","0","1","0.526829268","0.401603029",,"false","interacts with","HTR1E (interacts with) SMC1B","0","P28566","","Q8NDV3",""
"223.61630591630583","","interacts with","0","0.469070539","","POPDC3 (interacts with) ZNF772",,"0","0","0","1","0.536585366","0.401555712",,"false","interacts with","POPDC3 (interacts with) ZNF772","0","Q9HBV1","","Q68DY9",""
"5.0","","interacts with","0","0.476387346","","DLGAP1 (interacts with) TTC39B",,"0","0","0","1","0.551219512","0.40155518",,"false","interacts with","DLGAP1 (interacts with) TTC39B","0","O14490","","Q5VTQ0",""
"927.5158952158959","","interacts with","0","0.464255327","","COL3A1 (interacts with) WDR77",,"1","0","1","1","0.526829268","0.401681387",,"false","interacts with","COL3A1 (interacts with) WDR77","0","P02461","","Q9BQA1",""
"298.215873015873","","interacts with","0","0.600546164","","ZNF397 (interacts with) SLC9A8",,"0","0","0","1","0.8","0.401092327",,"false","interacts with","ZNF397 (interacts with) SLC9A8","0","Q8NF99","","Q9Y2E8",""
"5.0","","interacts with","0","0.476387104","","DLGAP1 (interacts with) SPEM3",,"0","0","0","1","0.551219512","0.401554695",,"false","interacts with","DLGAP1 (interacts with) SPEM3","0","O14490","","A0A1B0GUW6",""
"414.0","","interacts with","0","0.566514602","","PDK1 (interacts with) NDUFAF5",,"0","0","0","1","0.731707317","0.401321888",,"false","interacts with","PDK1 (interacts with) NDUFAF5","0","Q15118","","Q5TEU4",""
"132.66507936507938","","interacts with","0","0.476387152","","POPDC3 (interacts with) SCAF4",,"0","0","0","1","0.551219512","0.401554791",,"false","interacts with","POPDC3 (interacts with) SCAF4","0","Q9HBV1","","O95104",""
"5.333333333333333","","interacts with","0","0.476387261","","FOXI1 (interacts with) B4GALNT2",,"0","0","0","1","0.551219512","0.401555011",,"false","interacts with","FOXI1 (interacts with) B4GALNT2","0","Q12951","","Q8NHY0",""
"342.13679653679634","","interacts with","0","0.476387166","","POPDC3 (interacts with) MCAM",,"0","0","0","1","0.551219512","0.401554819",,"false","interacts with","POPDC3 (interacts with) MCAM","0","Q9HBV1","","P43121",""
"95.01190476190473","","interacts with","0","0.464192181","","DGLUCY (interacts with) IL34",,"0","0","0","1","0.526829268","0.401555093",,"false","interacts with","DGLUCY (interacts with) IL34","0","Q7Z3D6","","Q6ZMJ4",""
"8.0","","interacts with","0","0.591022178","","DUSP4 (interacts with) COA7",,"0","0","0","1","0.780487805","0.401556551",,"false","interacts with","DUSP4 (interacts with) COA7","0","Q13115","","Q96BR5",""
"0.0","taxid:9606(Homo sapiens)","interacts with","1","0.628019284","""psi-mi:""""MI:0364""""(inferred by curator)""","JUN (interacts with) JUN","2","1","1","1","1","0.843902439","0.412136129",,"false","interacts with","JUN (interacts with) JUN","0","P05412","P05412","P05412","P05412"
"223.61630591630546","","interacts with","0","0.469070228","","POPDC3 (interacts with) PDE7A",,"0","0","0","1","0.536585366","0.40155509",,"false","interacts with","POPDC3 (interacts with) PDE7A","0","Q9HBV1","","Q13946",""
"390.07857142857125","","interacts with","0","0.461777148","","DGLUCY (interacts with) BDP1",,"0","0","0","1","0.52195122","0.401603077",,"false","interacts with","DGLUCY (interacts with) BDP1","0","Q7Z3D6","","A6H8Y1",""
"1412.0","","interacts with","0","0.476426372","","CNR2 (interacts with) TTYH1",,"1","0","1","1","0.551219512","0.401633233",,"false","interacts with","CNR2 (interacts with) TTYH1","0","P34972","","Q9H313",""
"8.383333333333333","","interacts with","0","0.469070148","","FLYWCH1 (interacts with) C9orf64",,"0","0","0","1","0.536585366","0.401554929",,"false","interacts with","FLYWCH1 (interacts with) C9orf64","0","Q4VC44","","Q5T6V5",""
"220.0","","interacts with","0","0.561697319","","PIPOX (interacts with) CARD8",,"0","0","0","1","0.72195122","0.401443418",,"false","interacts with","PIPOX (interacts with) CARD8","0","Q9P0Z9","","Q9Y2G2",""
"192.0","","interacts with","0","0.464255197","","CCDC78 (interacts with) COL3A1",,"0","1","1","1","0.526829268","0.401681126",,"false","interacts with","CCDC78 (interacts with) COL3A1","0","A2IDD5","","P02461",""
"16.466666666666665","","interacts with","0","0.476387265","","RAMAC (interacts with) ZKSCAN4",,"0","0","0","1","0.551219512","0.401555019",,"false","interacts with","RAMAC (interacts with) ZKSCAN4","0","Q9BTL3","","Q969J2",""
"79.66666666666667","","interacts with","0","0.561630625","","TRMU (interacts with) FAM219B",,"0","0","0","1","0.72195122","0.401310031",,"false","interacts with","TRMU (interacts with) FAM219B","0","O75648","","Q5XKK7",""
"314.58035090895123","","interacts with","0","0.47638734","","POPDC3 (interacts with) ZNF221",,"0","0","0","1","0.551219512","0.401555168",,"false","interacts with","POPDC3 (interacts with) ZNF221","0","Q9HBV1","","Q9UK13",""
"546.4769785769785","","interacts with","0","0.476426184","","NVL (interacts with) TRAF6",,"0","1","1","1","0.551219512","0.401632856",,"false","interacts with","NVL (interacts with) TRAF6","0","O15381","","Q9Y4K3",""
"3.1666666666666665","","interacts with","0","0.476387501","","FOXI1 (interacts with) BPIFC",,"0","0","0","1","0.551219512","0.40155549",,"false","interacts with","FOXI1 (interacts with) BPIFC","0","Q12951","","Q8NFQ6",""
"220.0","","interacts with","0","0.476387301","","HTR1E (interacts with) ZNF311",,"0","0","0","1","0.551219512","0.401555089",,"false","interacts with","HTR1E (interacts with) ZNF311","0","P28566","","Q5JNZ3",""
"183.6166666666667","","interacts with","0","0.476426241","","COL3A1 (interacts with) GOT1L1",,"1","0","1","1","0.551219512","0.40163297",,"false","interacts with","COL3A1 (interacts with) GOT1L1","0","P02461","","Q8NHS2",""
"223.61630591630592","","interacts with","0","0.469070306","","POPDC3 (interacts with) IQCM",,"0","0","0","1","0.536585366","0.401555245",,"false","interacts with","POPDC3 (interacts with) IQCM","0","Q9HBV1","","A0A1B0GVH7",""
"90.33333333333333","","interacts with","0","0.461777091","","CCT8L1P (interacts with) DCTN1",,"0","0","0","1","0.52195122","0.401602962",,"false","interacts with","CCT8L1P (interacts with) DCTN1","0","A6NM43","","Q14203",""
"217.0","","interacts with","0","0.46423124","","CASP3 (interacts with) MRTFB",,"1","0","1","1","0.526829268","0.401633212",,"false","interacts with","CASP3 (interacts with) MRTFB","0","P42574","","Q9ULH7",""
"56.0","","interacts with","0","0.561629651","","DUSP4 (interacts with) DSG2",,"0","0","0","1","0.72195122","0.401308082",,"false","interacts with","DUSP4 (interacts with) DSG2","0","Q13115","","Q14126",""
"214.0","","interacts with","0","0.476426277","","IGHV4-61 (interacts with) BMP2",,"0","1","1","1","0.551219512","0.401633042",,"false","interacts with","IGHV4-61 (interacts with) BMP2","0","A0A0C4DH41","","P12643",""
"24.3047619047619","","interacts with","0","0.469070177","","RAMAC (interacts with) RPL3",,"0","0","0","1","0.536585366","0.401554988",,"false","interacts with","RAMAC (interacts with) RPL3","0","Q9BTL3","","P39023",""
"7.999999999999999","","interacts with","0","0.476387176","","IGHV4-59 (interacts with) GOLGA6B",,"0","0","0","1","0.551219512","0.401554839",,"false","interacts with","IGHV4-59 (interacts with) GOLGA6B","0","P01825","","A6NDN3",""
"199.33333333333334","","interacts with","0","0.46177708","","IGHV4-59 (interacts with) CCDC7",,"0","0","0","1","0.52195122","0.401602941",,"false","interacts with","IGHV4-59 (interacts with) CCDC7","0","P01825","","Q96M83",""
"40.333333333333336","","interacts with","0","0.476426264","","COL5A2 (interacts with) CALHM2",,"1","0","1","1","0.551219512","0.401633015",,"false","interacts with","COL5A2 (interacts with) CALHM2","0","P05997","","Q9HA72",""
"70.0","","interacts with","0","0.476387088","","CENPL (interacts with) THNSL2",,"0","0","0","1","0.551219512","0.401554663",,"false","interacts with","CENPL (interacts with) THNSL2","0","Q8N0S6","","Q86YJ6",""
"8.0","","interacts with","0","0.476387178","","DZIP1 (interacts with) SULT1C3",,"0","0","0","1","0.551219512","0.401554844",,"false","interacts with","DZIP1 (interacts with) SULT1C3","0","Q86YF9","","Q6IMI6",""
"197.66666666666669","","interacts with","0","0.461777098","","TPMT (interacts with) CCDC7",,"0","0","0","1","0.52195122","0.401602976",,"false","interacts with","TPMT (interacts with) CCDC7","0","P51580","","Q96M83",""
"8.383333333333333","","interacts with","0","0.461753062","","FLYWCH1 (interacts with) GOT1L1",,"0","0","0","1","0.52195122","0.401554904",,"false","interacts with","FLYWCH1 (interacts with) GOT1L1","0","Q4VC44","","Q8NHS2",""
"38.0","","interacts with","0","0.56428647","","DDI2 (interacts with) SUV39H1",,"0","0","0","1","0.726829268","0.401743671",,"false","interacts with","DDI2 (interacts with) SUV39H1","0","Q5TDH0","","O43463",""
"3.6666666666666665","","interacts with","0","0.476387102","","RNASEL (interacts with) PSG11",,"0","0","0","1","0.551219512","0.401554692",,"false","interacts with","RNASEL (interacts with) PSG11","0","Q05823","","Q9UQ72",""
"203.66666666666666","","interacts with","0","0.559198635","","TRMU (interacts with) ZNF185",,"0","0","0","1","0.717073171","0.401324099",,"false","interacts with","TRMU (interacts with) ZNF185","0","O75648","","O15231",""
"6.723809523809524","","interacts with","0","0.476426321","","BMP7 (interacts with) ASXL2",,"1","0","1","1","0.551219512","0.40163313",,"false","interacts with","BMP7 (interacts with) ASXL2","0","P18075","","Q76L83",""
"3.566666666666667","","interacts with","0","0.461753115","","RAMAC (interacts with) NEDD1",,"0","0","0","1","0.52195122","0.401555011",,"false","interacts with","RAMAC (interacts with) NEDD1","0","Q9BTL3","","Q8NHV4",""
"414.0","","interacts with","0","0.464231263","","ESCO2 (interacts with) GOLGA3",,"0","0","0","1","0.526829268","0.401633259",,"false","interacts with","ESCO2 (interacts with) GOLGA3","0","Q56NI9","","Q08378",""
"81.81904761904761","","interacts with","0","0.464216184","","RAMAC (interacts with) OFD1",,"0","0","0","1","0.526829268","0.4016031",,"false","interacts with","RAMAC (interacts with) OFD1","0","Q9BTL3","","O75665",""
"42.0","","interacts with","0","0.476426197","","COL5A2 (interacts with) NBPF6",,"1","0","1","1","0.551219512","0.401632882",,"false","interacts with","COL5A2 (interacts with) NBPF6","0","P05997","","Q5VWK0",""
"4.333333333333333","","interacts with","0","0.476387132","","IGHV4-59 (interacts with) GOLGA6D",,"0","0","0","1","0.551219512","0.401554753",,"false","interacts with","IGHV4-59 (interacts with) GOLGA6D","0","P01825","","P0CG33",""
"29.55714285714285","","interacts with","0","0.469070216","","RAMAC (interacts with) CFAP100",,"0","0","0","1","0.536585366","0.401555067",,"false","interacts with","RAMAC (interacts with) CFAP100","0","Q9BTL3","","Q494V2",""
"7.772294372294374","","interacts with","0","0.461777166","","TPR (interacts with) FAM184B",,"0","0","0","1","0.52195122","0.401603113",,"false","interacts with","TPR (interacts with) FAM184B","0","P12270","","Q9ULE4",""
"4.733333333333334","","interacts with","0","0.476387408","","FAM20A (interacts with) ADORA3",,"0","0","0","1","0.551219512","0.401555304",,"false","interacts with","FAM20A (interacts with) ADORA3","0","Q96MK3","","P0DMS8",""
"28.333333333333396","","interacts with","0","0.476387031","","RNASEL (interacts with) TRIP11",,"0","0","0","1","0.551219512","0.40155455",,"false","interacts with","RNASEL (interacts with) TRIP11","0","Q05823","","Q15643",""
"192.0","","interacts with","0","0.476426284","","COL3A1 (interacts with) OTUD1",,"1","0","1","1","0.551219512","0.401633055",,"false","interacts with","COL3A1 (interacts with) OTUD1","0","P02461","","Q5VV17",""
"144.0","","interacts with","0","0.476387126","","RNASEL (interacts with) DENND2A",,"0","0","0","1","0.551219512","0.401554739",,"false","interacts with","RNASEL (interacts with) DENND2A","0","Q05823","","Q9ULE3",""
"28.799999999999997","","interacts with","0","0.476426273","","CTSK (interacts with) PWWP3A",,"1","0","1","1","0.551219512","0.401633033",,"false","interacts with","CTSK (interacts with) PWWP3A","0","P43235","","Q2TAK8",""
"3.6666666666666665","","interacts with","0","0.476387316","","RNASEL (interacts with) SNX33",,"0","0","0","1","0.551219512","0.40155512",,"false","interacts with","RNASEL (interacts with) SNX33","0","Q05823","","Q8WV41",""
"128.0","","interacts with","0","0.564076297","","TFCP2 (interacts with) FBXL18",,"0","0","0","1","0.726829268","0.401323326",,"false","interacts with","TFCP2 (interacts with) FBXL18","0","Q12800","","Q96ME1",""
"454.41837051837047","","interacts with","0","0.464231175","","PHC2 (interacts with) TRAF6",,"0","1","1","1","0.526829268","0.401633082",,"false","interacts with","PHC2 (interacts with) TRAF6","0","Q8IXK0","","Q9Y4K3",""
"128.0","","interacts with","0","0.602920612","","TFCP2 (interacts with) FOXC1",,"0","0","0","1","0.804878049","0.400963176",,"false","interacts with","TFCP2 (interacts with) FOXC1","0","Q12800","","Q12948",""
"180.0","","interacts with","0","0.46419266","","CENPL (interacts with) TTYH1",,"0","0","0","1","0.526829268","0.401556052",,"false","interacts with","CENPL (interacts with) TTYH1","0","Q8N0S6","","Q9H313",""
"306.33333333333314","","interacts with","0","0.461777049","","RNASEL (interacts with) ZNF638",,"0","0","0","1","0.52195122","0.401602878",,"false","interacts with","RNASEL (interacts with) ZNF638","0","Q05823","","Q14966",""
"6.127272727272728","","interacts with","0","0.476387459","","FAM20A (interacts with) DDX4",,"0","0","0","1","0.551219512","0.401555406",,"false","interacts with","FAM20A (interacts with) DDX4","0","Q96MK3","","Q9NQI0",""
"3.8","","interacts with","0","0.469070101","","FAM20A (interacts with) GPR141",,"0","0","0","1","0.536585366","0.401554837",,"false","interacts with","FAM20A (interacts with) GPR141","0","Q96MK3","","Q7Z602",""
"3.1333333333333333","","interacts with","0","0.461753116","","FAM20A (interacts with) OR9A1P",,"0","0","0","1","0.52195122","0.401555013",,"false","interacts with","FAM20A (interacts with) OR9A1P","0","Q96MK3","","Q8NGU1",""
"128.0","","interacts with","0","0.476387215","","TFCP2 (interacts with) SH3D19",,"0","0","0","1","0.551219512","0.401554918",,"false","interacts with","TFCP2 (interacts with) SH3D19","0","Q12800","","Q5HYK7",""
"16.666666666666664","","interacts with","0","0.476387622","","C6orf118 (interacts with) DCDC2C",,"0","0","0","1","0.551219512","0.401555731",,"false","interacts with","C6orf118 (interacts with) DCDC2C","0","Q5T5N4","","A8MYV0",""
"153.33333333333331","","interacts with","0","0.464231294","","OR52D1 (interacts with) TRAF6",,"0","1","1","1","0.526829268","0.401633319",,"false","interacts with","OR52D1 (interacts with) TRAF6","0","Q9H346","","Q9Y4K3",""
"18.774358974358975","","interacts with","0","0.464216028","","TPR (interacts with) SULT1A1",,"0","0","0","1","0.526829268","0.401602787",,"false","interacts with","TPR (interacts with) SULT1A1","0","P12270","","P50225",""
"20.99489954489954","","interacts with","0","0.476387324","","EFCAB9 (interacts with) SAMD15",,"0","0","0","1","0.551219512","0.401555135",,"false","interacts with","EFCAB9 (interacts with) SAMD15","0","A8MZ26","","Q9P1V8",""
"46.0","","interacts with","0","0.476426255","","COL5A2 (interacts with) CCNQ",,"1","0","1","1","0.551219512","0.401632997",,"false","interacts with","COL5A2 (interacts with) CCNQ","0","P05997","","Q8N1B3",""
"2397.100784183135","","interacts with","0","0.469109238","","PODXL (interacts with) SOST",,"0","1","1","1","0.536585366","0.40163311",,"false","interacts with","PODXL (interacts with) SOST","0","O00592","","Q9BQB4",""
"8.666666666666666","","interacts with","0","0.464192344","","C6orf118 (interacts with) SYN1",,"0","0","0","1","0.526829268","0.40155542",,"false","interacts with","C6orf118 (interacts with) SYN1","0","Q5T5N4","","P17600",""
"18.93333333333333","","interacts with","0","0.461777003","","TPR (interacts with) ACP5",,"0","0","0","1","0.52195122","0.401602786",,"false","interacts with","TPR (interacts with) ACP5","0","P12270","","P13686",""
"31.14999999999999","","interacts with","0","0.461753062","","FLYWCH1 (interacts with) ELAC2",,"0","0","0","1","0.52195122","0.401554905",,"false","interacts with","FLYWCH1 (interacts with) ELAC2","0","Q4VC44","","Q9BQ52",""
"8.666666666666666","","interacts with","0","0.47638744","","C6orf118 (interacts with) SOX13",,"0","0","0","1","0.551219512","0.401555367",,"false","interacts with","C6orf118 (interacts with) SOX13","0","Q5T5N4","","Q9UN79",""
"8.666666666666666","","interacts with","0","0.476387169","","C6orf118 (interacts with) XRCC5",,"0","0","0","1","0.551219512","0.401554827",,"false","interacts with","C6orf118 (interacts with) XRCC5","0","Q5T5N4","","P13010",""
"11.888888888888891","","interacts with","0","0.464216075","","TPR (interacts with) SULT1A4",,"0","0","0","1","0.526829268","0.401602881",,"false","interacts with","TPR (interacts with) SULT1A4","0","P12270","","P0DMN0",""
"20.333333333333336","","interacts with","0","0.464192566","","C6orf118 (interacts with) ZNF185",,"0","0","0","1","0.526829268","0.401555864",,"false","interacts with","C6orf118 (interacts with) ZNF185","0","Q5T5N4","","O15231",""
"147.17848817848818","","interacts with","0","0.476387088","","REELD1 (interacts with) CGN",,"0","0","0","1","0.551219512","0.401554664",,"false","interacts with","REELD1 (interacts with) CGN","0","A0A1B0GV85","","Q9P2M7",""
"33.38333333333331","","interacts with","0","0.476387194","","FLYWCH1 (interacts with) TNMD",,"0","0","0","1","0.551219512","0.401554875",,"false","interacts with","FLYWCH1 (interacts with) TNMD","0","Q4VC44","","Q9H2S6",""
"1194.1666666666667","","interacts with","0","0.578662733","","TFCP2 (interacts with) SLC25A4",,"0","0","0","1","0.756097561","0.401227905",,"false","interacts with","TFCP2 (interacts with) SLC25A4","0","Q12800","","P12235",""
"135.02134532134525","","interacts with","0","0.461777089","","REELD1 (interacts with) DCTN1",,"0","0","0","1","0.52195122","0.401602958",,"false","interacts with","REELD1 (interacts with) DCTN1","0","A0A1B0GV85","","Q14203",""
"16.666666666666668","","interacts with","0","0.476387361","","REELD1 (interacts with) FAM86B2",,"0","0","0","1","0.551219512","0.401555211",,"false","interacts with","REELD1 (interacts with) FAM86B2","0","A0A1B0GV85","","P0C5J1",""
"23.3047619047619","","interacts with","0","0.461777057","","TPR (interacts with) SKI",,"0","0","0","1","0.52195122","0.401602894",,"false","interacts with","TPR (interacts with) SKI","0","P12270","","P12755",""
"86.33333333333333","","interacts with","0","0.622752907","","RNF112 (interacts with) DCTN1",,"0","0","0","1","0.843902439","0.401603374",,"false","interacts with","RNF112 (interacts with) DCTN1","0","Q9ULX5","","Q14203",""
"16.599999999999998","","interacts with","0","0.461777084","","TPR (interacts with) ATP2C2",,"0","0","0","1","0.52195122","0.401602949",,"false","interacts with","TPR (interacts with) ATP2C2","0","P12270","","O75185",""
"56.0","","interacts with","0","0.476426326","","RELA (interacts with) OR14C36",,"1","0","1","1","0.551219512","0.401633139",,"false","interacts with","RELA (interacts with) OR14C36","0","Q04206","","Q8NHC7",""
"27.53378843378843","","interacts with","0","0.464192141","","EFCAB9 (interacts with) NVL",,"0","0","0","1","0.526829268","0.401555013",,"false","interacts with","EFCAB9 (interacts with) NVL","0","A8MZ26","","O15381",""
"10.666666666666666","","interacts with","0","0.476387204","","C6orf118 (interacts with) SOBP",,"0","0","0","1","0.551219512","0.401554895",,"false","interacts with","C6orf118 (interacts with) SOBP","0","Q5T5N4","","A7XYQ1",""
"1188.0","","interacts with","0","0.564067781","","TFCP2 (interacts with) PSMA4",,"0","0","0","1","0.726829268","0.401306293",,"false","interacts with","TFCP2 (interacts with) PSMA4","0","Q12800","","P25789",""
"128.0","","interacts with","0","0.561590861","","TFCP2 (interacts with) NPEPL1",,"0","0","0","1","0.72195122","0.401230502",,"false","interacts with","TFCP2 (interacts with) NPEPL1","0","Q12800","","Q8NDH3",""
"26.833333333333325","","interacts with","0","0.46175335","","REELD1 (interacts with) RNF112",,"0","0","0","1","0.52195122","0.40155548",,"false","interacts with","REELD1 (interacts with) RNF112","0","A0A1B0GV85","","Q9ULX5",""
"778.1666666666666","","interacts with","0","0.561669011","","TFCP2 (interacts with) PKLR",,"0","0","0","1","0.72195122","0.401386802",,"false","interacts with","TFCP2 (interacts with) PKLR","0","Q12800","","P30613",""
"26.833333333333325","","interacts with","0","0.476387398","","REELD1 (interacts with) GCKR",,"0","0","0","1","0.551219512","0.401555284",,"false","interacts with","REELD1 (interacts with) GCKR","0","A0A1B0GV85","","Q14397",""
"7.5","","interacts with","0","0.464192475","","EFCAB9 (interacts with) MAGEB6B",,"0","0","0","1","0.526829268","0.401555681",,"false","interacts with","EFCAB9 (interacts with) MAGEB6B","0","A8MZ26","","A0A0J9YX57",""
"46.7","","interacts with","0","0.476387197","","REELD1 (interacts with) SLC48A1",,"0","0","0","1","0.551219512","0.401554882",,"false","interacts with","REELD1 (interacts with) SLC48A1","0","A0A1B0GV85","","Q6P1K1",""
"154.0","","interacts with","0","0.47642632","","SPP1 (interacts with) ODAD1",,"1","0","1","1","0.551219512","0.401633128",,"false","interacts with","SPP1 (interacts with) ODAD1","0","P10451","","Q96M63",""
"81.30646575646578","","interacts with","0","0.464192121","","EFCAB9 (interacts with) PHC2",,"0","0","0","1","0.526829268","0.401554973",,"false","interacts with","EFCAB9 (interacts with) PHC2","0","A8MZ26","","Q8IXK0",""
"0.0","","interacts with","0","0.677821383","","MYC (interacts with) MYC",,"1","1","1","1","0.946341463","0.409301303",,"false","interacts with","MYC (interacts with) MYC","0","P01106","","P01106",""
"11.185714285714285","","interacts with","0","0.461777081","","TPR (interacts with) SYT9",,"0","0","0","1","0.52195122","0.401602943",,"false","interacts with","TPR (interacts with) SYT9","0","P12270","","Q86SS6",""
"13.604761904761904","","interacts with","0","0.464216193","","TPR (interacts with) ASXL2",,"0","0","0","1","0.526829268","0.401603117",,"false","interacts with","TPR (interacts with) ASXL2","0","P12270","","Q76L83",""
"36.333333333333336","","interacts with","0","0.476426193","","AHRR (interacts with) COL5A2",,"0","1","1","1","0.551219512","0.401632874",,"false","interacts with","AHRR (interacts with) COL5A2","0","A9YTQ3","","P05997",""
"138.0","","interacts with","0","0.573942105","","MRPS24 (interacts with) ZBTB48",,"0","0","0","1","0.746341463","0.401542747",,"false","interacts with","MRPS24 (interacts with) ZBTB48","0","Q96EL2","","P10074",""
"24.0","","interacts with","0","0.476387199","","TAF4B (interacts with) SMAGP",,"0","0","0","1","0.551219512","0.401554886",,"false","interacts with","TAF4B (interacts with) SMAGP","0","Q92750","","Q0VAQ4",""
"414.0","","interacts with","0","0.476426326","","GOLGA6C (interacts with) BMP2",,"0","1","1","1","0.551219512","0.40163314",,"false","interacts with","GOLGA6C (interacts with) BMP2","0","A6NDK9","","P12643",""
"30.0","","interacts with","0","0.476387246","","TAF4B (interacts with) H2BC18",,"0","0","0","1","0.551219512","0.40155498",,"false","interacts with","TAF4B (interacts with) H2BC18","0","Q92750","","Q5QNW6",""
"15.733333333333333","","interacts with","0","0.461777073","","TPR (interacts with) BTBD16",,"0","0","0","1","0.52195122","0.401602927",,"false","interacts with","TPR (interacts with) BTBD16","0","P12270","","Q32M84",""
"220.0","","interacts with","0","0.461777189","","PRKCSH (interacts with) SMC1B",,"0","0","0","1","0.52195122","0.401603159",,"false","interacts with","PRKCSH (interacts with) SMC1B","0","P14314","","Q8NDV3",""
"12.685714285714285","","interacts with","0","0.461777062","","TPR (interacts with) ZMYM5",,"0","0","0","1","0.52195122","0.401602905",,"false","interacts with","TPR (interacts with) ZMYM5","0","P12270","","Q9UJ78",""
"43.214285714285715","","interacts with","0","0.476426237","","MAPK14 (interacts with) RASEF",,"1","0","1","1","0.551219512","0.401632961",,"false","interacts with","MAPK14 (interacts with) RASEF","0","Q16539","","Q8IZ41",""
"14.233333333333333","","interacts with","0","0.461777084","","TPR (interacts with) TC2N",,"0","0","0","1","0.52195122","0.401602948",,"false","interacts with","TPR (interacts with) TC2N","0","P12270","","Q8N9U0",""
"83.93333333333332","","interacts with","0","0.476426246","","COL1A2 (interacts with) GID4",,"1","0","1","1","0.551219512","0.40163298",,"false","interacts with","COL1A2 (interacts with) GID4","0","P08123","","Q8IVV7",""
"18.16666666666667","","interacts with","0","0.461777099","","TPR (interacts with) FAM83C",,"0","0","0","1","0.52195122","0.401602978",,"false","interacts with","TPR (interacts with) FAM83C","0","P12270","","Q9BQN1",""
"1785.2638195138181","","interacts with","0","0.476426385","","COL3A1 (interacts with) EPB41L5",,"1","0","1","1","0.551219512","0.401633257",,"false","interacts with","COL3A1 (interacts with) EPB41L5","0","P02461","","Q9HCM4",""
"20.166666666666664","","interacts with","0","0.461777103","","TPR (interacts with) NMUR1",,"0","0","0","1","0.52195122","0.401602986",,"false","interacts with","TPR (interacts with) NMUR1","0","P12270","","Q9HB89",""
"414.0","","interacts with","0","0.464216058","","ALDH6A1 (interacts with) BDP1",,"0","0","0","1","0.526829268","0.401602848",,"false","interacts with","ALDH6A1 (interacts with) BDP1","0","Q02252","","A6H8Y1",""
"17.333333333333325","","interacts with","0","0.46177712","","TPR (interacts with) PARP3",,"0","0","0","1","0.52195122","0.40160302",,"false","interacts with","TPR (interacts with) PARP3","0","P12270","","Q9Y6F1",""
"620.0","","interacts with","0","0.464231204","","TNFSF11 (interacts with) ZNF829",,"1","0","1","1","0.526829268","0.40163314",,"false","interacts with","TNFSF11 (interacts with) ZNF829","0","O14788","","Q3KNS6",""
"17.33333333333333","","interacts with","0","0.461777145","","TPR (interacts with) MFSD4A",,"0","0","0","1","0.52195122","0.40160307",,"false","interacts with","TPR (interacts with) MFSD4A","0","P12270","","Q8N468",""
"32.0","","interacts with","0","0.564068039","","CCDC71 (interacts with) FYCO1",,"0","0","0","1","0.726829268","0.401306809",,"false","interacts with","CCDC71 (interacts with) FYCO1","0","Q8IV32","","Q9BQS8",""
"11.9","","interacts with","0","0.464216133","","TPR (interacts with) NXPH1",,"0","0","0","1","0.526829268","0.401602998",,"false","interacts with","TPR (interacts with) NXPH1","0","P12270","","P58417",""
"402.0","","interacts with","0","0.571490845","","MRPS24 (interacts with) ZNF133",,"0","0","0","1","0.741463415","0.401518276",,"false","interacts with","MRPS24 (interacts with) ZNF133","0","Q96EL2","","P52736",""
"220.0","","interacts with","0","0.476426374","","OR51A2 (interacts with) TRAF6",,"0","1","1","1","0.551219512","0.401633235",,"false","interacts with","OR51A2 (interacts with) TRAF6","0","Q8NGJ7","","Q9Y4K3",""
"20.999999999999996","","interacts with","0","0.461777088","","TPR (interacts with) RIOX2",,"0","0","0","1","0.52195122","0.401602957",,"false","interacts with","TPR (interacts with) RIOX2","0","P12270","","Q8IUF8",""
"101.83333333333329","","interacts with","0","0.573823456","","REST (interacts with) EIF2S1",,"0","0","0","1","0.746341463","0.401305449",,"false","interacts with","REST (interacts with) EIF2S1","0","Q13127","","P05198",""
"7.0","","interacts with","0","0.4764263","","SRC (interacts with) RAD54B",,"1","0","1","1","0.551219512","0.401633087",,"false","interacts with","SRC (interacts with) RAD54B","0","P12931","","Q9Y620",""
"138.0","","interacts with","0","0.564075605","","MRPS24 (interacts with) D2HGDH",,"0","0","0","1","0.726829268","0.401321941",,"false","interacts with","MRPS24 (interacts with) D2HGDH","0","Q96EL2","","Q8N465",""
"154.0","","interacts with","0","0.464255336","","BCL2 (interacts with) MYT1",,"1","0","1","1","0.526829268","0.401681404",,"false","interacts with","BCL2 (interacts with) MYT1","0","P10415","","Q01538",""
"22.33333333333333","","interacts with","0","0.461777073","","TPR (interacts with) RIOK3",,"0","0","0","1","0.52195122","0.401602926",,"false","interacts with","TPR (interacts with) RIOK3","0","P12270","","O14730",""
"149.6666666666672","","interacts with","0","0.476426255","","BMP2 (interacts with) ZNF165",,"1","0","1","1","0.551219512","0.401632997",,"false","interacts with","BMP2 (interacts with) ZNF165","0","P12643","","P49910",""
"18.000000000000004","","interacts with","0","0.461777077","","TPR (interacts with) TIGD4",,"0","0","0","1","0.52195122","0.401602935",,"false","interacts with","TPR (interacts with) TIGD4","0","P12270","","Q8IY51",""
"286.65476190476187","","interacts with","0","0.561636423","","MARCHF7 (interacts with) CTNNA3",,"0","0","0","1","0.72195122","0.401321626",,"false","interacts with","MARCHF7 (interacts with) CTNNA3","0","Q9H992","","Q9UI47",""
"68.76190476190477","","interacts with","0","0.476426299","","LIG1 (interacts with) AKT1",,"0","1","1","1","0.551219512","0.401633085",,"false","interacts with","LIG1 (interacts with) AKT1","0","P18858","","P31749",""
"414.0","","interacts with","0","0.464192139","","TRIT1 (interacts with) GOLGA3",,"0","0","0","1","0.526829268","0.401555009",,"false","interacts with","TRIT1 (interacts with) GOLGA3","0","Q9H3H1","","Q08378",""
"1088.5838511162049","","interacts with","0","0.464216228","","AKR1B1 (interacts with) BDP1",,"0","0","0","1","0.526829268","0.401603188",,"false","interacts with","AKR1B1 (interacts with) BDP1","0","P15121","","A6H8Y1",""
"20.833333333333332","","interacts with","0","0.461777073","","TPR (interacts with) TBKBP1",,"0","0","0","1","0.52195122","0.401602927",,"false","interacts with","TPR (interacts with) TBKBP1","0","P12270","","A7MCY6",""
"197.66666666666669","","interacts with","0","0.461777215","","IGHV4-39 (interacts with) CCDC7",,"0","0","0","1","0.52195122","0.40160321",,"false","interacts with","IGHV4-39 (interacts with) CCDC7","0","P01824","","Q96M83",""
"1567.1818691112815","","interacts with","0","0.476426311",""," (interacts with) SOST",,"0","1","1","1","0.551219512","0.401633111",,"false","interacts with"," (interacts with) SOST","0","Q6ZVL8","","Q9BQB4",""
"5.653246753246754","","interacts with","0","0.464216142","","TPR (interacts with) IL16",,"0","0","0","1","0.526829268","0.401603015",,"false","interacts with","TPR (interacts with) IL16","0","P12270","","Q14005",""
"15.6","","interacts with","0","0.46419217","","PSMD12 (interacts with) GID4",,"0","0","0","1","0.526829268","0.401555072",,"false","interacts with","PSMD12 (interacts with) GID4","0","O00232","","Q8IVV7",""
"220.0","","interacts with","0","0.476387488","","CHCT1 (interacts with) TRAV6",,"0","0","0","1","0.551219512","0.401555464",,"false","interacts with","CHCT1 (interacts with) TRAV6","0","Q86WR6","","A0A075B6T7",""
"9.566666666666666","","interacts with","0","0.476387439","","PSMD12 (interacts with) ADORA3",,"0","0","0","1","0.551219512","0.401555367",,"false","interacts with","PSMD12 (interacts with) ADORA3","0","O00232","","P0DMS8",""
"46.0","","interacts with","0","0.476426234","","COL5A2 (interacts with) CKMT1B",,"1","0","1","1","0.551219512","0.401632957",,"false","interacts with","COL5A2 (interacts with) CKMT1B","0","P05997","","P12532",""
"13.366666666666667","","interacts with","0","0.46177703","","TPR (interacts with) ARHGAP28",,"0","0","0","1","0.52195122","0.401602841",,"false","interacts with","TPR (interacts with) ARHGAP28","0","P12270","","Q9P2N2",""
"16.333333333333332","","interacts with","0","0.464192291","","PSMD12 (interacts with) GTF2H1",,"0","0","0","1","0.526829268","0.401555314",,"false","interacts with","PSMD12 (interacts with) GTF2H1","0","O00232","","P32780",""
"28.999999999999996","","interacts with","0","0.461777031","","TPR (interacts with) NCAPH",,"0","0","0","1","0.52195122","0.401602843",,"false","interacts with","TPR (interacts with) NCAPH","0","P12270","","Q15003",""
"233.99999999999994","","interacts with","0","0.476426191","","TNFSF11 (interacts with) KCNA5",,"1","0","1","1","0.551219512","0.40163287",,"false","interacts with","TNFSF11 (interacts with) KCNA5","0","O14788","","P22460",""
"8.3","","interacts with","0","0.4763872","","PSMD12 (interacts with) PPP2CB",,"0","0","0","1","0.551219512","0.401554887",,"false","interacts with","PSMD12 (interacts with) PPP2CB","0","O00232","","P62714",""
"168.33333333333312","","interacts with","0","0.461777207","","PGA3 (interacts with) ZNF638",,"0","0","0","1","0.52195122","0.401603194",,"false","interacts with","PGA3 (interacts with) ZNF638","0","P0DJD8","","Q14966",""
"169.32142857142853","","interacts with","0","0.46175312","","MARCHF7 (interacts with) THRB",,"0","0","0","1","0.52195122","0.40155502",,"false","interacts with","MARCHF7 (interacts with) THRB","0","Q9H992","","P10828",""
"47.33333333333333","","interacts with","0","0.47642621","","PGR (interacts with) PROS1",,"1","0","1","1","0.551219512","0.401632909",,"false","interacts with","PGR (interacts with) PROS1","0","P06401","","P07225",""
"10.8","","interacts with","0","0.464216042","","QRICH2 (interacts with) PWWP3A",,"0","0","0","1","0.526829268","0.401602815",,"false","interacts with","QRICH2 (interacts with) PWWP3A","0","Q9H0J4","","Q2TAK8",""
"6.0","","interacts with","0","0.561501477","","BMP2K (interacts with) AP1B1",,"0","0","0","1","0.72195122","0.401051735",,"false","interacts with","BMP2K (interacts with) AP1B1","0","Q9NSY1","","Q10567",""
"54.23809523809524","","interacts with","0","0.476387148","","MYH16 (interacts with) CD72",,"0","0","0","1","0.551219512","0.401554783",,"false","interacts with","MYH16 (interacts with) CD72","0","Q9H6N6","","P21854",""
"214.0","","interacts with","0","0.476426204","","IGHV4-38-2 (interacts with) BMP2",,"0","1","1","1","0.551219512","0.401632896",,"false","interacts with","IGHV4-38-2 (interacts with) BMP2","0","P0DP08","","P12643",""
"6.0","","interacts with","0","0.464216061","","QRICH2 (interacts with) EPM2AIP1",,"0","0","0","1","0.526829268","0.401602854",,"false","interacts with","QRICH2 (interacts with) EPM2AIP1","0","Q9H0J4","","Q7L775",""
"2.0","","interacts with","0","0.569051392","","BMP2K (interacts with) SMAP2",,"0","0","0","1","0.736585366","0.401517418",,"false","interacts with","BMP2K (interacts with) SMAP2","0","Q9NSY1","","Q8WU79",""
"138.0","","interacts with","0","0.476387233","","ELAVL3 (interacts with) ZNF668",,"0","0","0","1","0.551219512","0.401554954",,"false","interacts with","ELAVL3 (interacts with) ZNF668","0","Q14576","","Q96K58",""
"11.666666666666666","","interacts with","0","0.464192179","","C1QL2 (interacts with) KRTAP8-1",,"0","0","0","1","0.526829268","0.401555089",,"false","interacts with","C1QL2 (interacts with) KRTAP8-1","0","Q7Z5L3","","Q8IUC2",""
"138.16666666666669","","interacts with","0","0.476426377","","OR51M1 (interacts with) TRAF6",,"0","1","1","1","0.551219512","0.401633243",,"false","interacts with","OR51M1 (interacts with) TRAF6","0","Q9H341","","Q9Y4K3",""
"768.0","","interacts with","0","0.461672115","","ELAVL3 (interacts with) SH3GLB1",,"0","0","0","1","0.52195122","0.40139301",,"false","interacts with","ELAVL3 (interacts with) SH3GLB1","0","Q14576","","Q9Y371",""
"7.666666666666666","","interacts with","0","0.476387065","","C1QL2 (interacts with) CCSER1",,"0","0","0","1","0.551219512","0.401554618",,"false","interacts with","C1QL2 (interacts with) CCSER1","0","Q7Z5L3","","Q9C0I3",""
"58.43809523809529","","interacts with","0","0.476426341","","FGF10 (interacts with) ATXN7L1",,"0","0","0","1","0.551219512","0.401633169",,"false","interacts with","FGF10 (interacts with) ATXN7L1","0","O15520","","Q9ULK2",""
"69.33333333333334","","interacts with","0","0.464192036","","FAM219B (interacts with) POLR2M",,"0","0","0","1","0.526829268","0.401554803",,"false","interacts with","FAM219B (interacts with) POLR2M","0","Q5XKK7","","P0CAP2",""
"12.166666666666666","","interacts with","0","0.476387142","","PSMD12 (interacts with) CARF",,"0","0","0","1","0.551219512","0.401554772",,"false","interacts with","PSMD12 (interacts with) CARF","0","O00232","","Q8N187",""
"17.0","","interacts with","0","0.461816203","","MAPK1 (interacts with) FBF1",,"1","0","1","1","0.52195122","0.401681187",,"false","interacts with","MAPK1 (interacts with) FBF1","0","P28482","","Q8TES7",""
"52.90476190476191","","interacts with","0","0.476387184","","MYH16 (interacts with) CCNE2",,"0","0","0","1","0.551219512","0.401554856",,"false","interacts with","MYH16 (interacts with) CCNE2","0","Q9H6N6","","O96020",""
"18.666666666666668","","interacts with","0","0.464193027","","PSMD12 (interacts with) ERF",,"0","0","0","1","0.526829268","0.401556785",,"false","interacts with","PSMD12 (interacts with) ERF","0","O00232","","P50548",""
"138.0","","interacts with","0","0.46907122","","ELAVL3 (interacts with) OR10A2",,"0","0","0","1","0.536585366","0.401557074",,"false","interacts with","ELAVL3 (interacts with) OR10A2","0","Q14576","","Q9H208",""
"7.0","","interacts with","0","0.476387075","","QRICH2 (interacts with) FRMPD4",,"0","0","0","1","0.551219512","0.401554637",,"false","interacts with","QRICH2 (interacts with) FRMPD4","0","Q9H0J4","","Q14CM0",""
"138.0","","interacts with","0","0.476426368","","TNFSF11 (interacts with) WEE2",,"1","0","1","1","0.551219512","0.401633223",,"false","interacts with","TNFSF11 (interacts with) WEE2","0","O14788","","P0C1S8",""
"7.533333333333332","","interacts with","0","0.464191983","","PSMD12 (interacts with) MAPK11",,"0","0","0","1","0.526829268","0.401554697",,"false","interacts with","PSMD12 (interacts with) MAPK11","0","O00232","","Q15759",""
"138.0","","interacts with","0","0.476387214","","ELAVL3 (interacts with) NRG1",,"0","0","0","1","0.551219512","0.401554916",,"false","interacts with","ELAVL3 (interacts with) NRG1","0","Q14576","","Q02297",""
"7.8","","interacts with","0","0.464216081","","QRICH2 (interacts with) TSPYL2",,"0","0","0","1","0.526829268","0.401602894",,"false","interacts with","QRICH2 (interacts with) TSPYL2","0","Q9H0J4","","Q9H2G4",""
"9.9","","interacts with","0","0.469070199","","PSMD12 (interacts with) PDZD4",,"0","0","0","1","0.536585366","0.401555033",,"false","interacts with","PSMD12 (interacts with) PDZD4","0","O00232","","Q76G19",""
"138.0","","interacts with","0","0.476387161","","ELAVL3 (interacts with) ZNF319",,"0","0","0","1","0.551219512","0.40155481",,"false","interacts with","ELAVL3 (interacts with) ZNF319","0","Q14576","","Q9P2F9",""
"52.23809523809524","","interacts with","0","0.476387102","","MYH16 (interacts with) TLCD3B",,"0","0","0","1","0.551219512","0.401554691",,"false","interacts with","MYH16 (interacts with) TLCD3B","0","Q9H6N6","","Q71RH2",""
"28.799999999999986","","interacts with","0","0.464191988","","FGF10 (interacts with) TMEM200C",,"0","0","0","1","0.526829268","0.401554708",,"false","interacts with","FGF10 (interacts with) TMEM200C","0","O15520","","A6NKL6",""
"138.0","","interacts with","0","0.584698583","","ELAVL3 (interacts with) ELAVL2",,"0","0","0","1","0.765853659","0.403543507",,"false","interacts with","ELAVL3 (interacts with) ELAVL2","0","Q14576","","Q12926",""
"250.66543456543457","","interacts with","0","0.476426231","","SPP1 (interacts with) MRTFA",,"1","0","1","1","0.551219512","0.40163295",,"false","interacts with","SPP1 (interacts with) MRTFA","0","P10451","","Q969V6",""
"47.03809523809526","","interacts with","0","0.476387163","","FGF10 (interacts with) RNF168",,"0","0","0","1","0.551219512","0.401554813",,"false","interacts with","FGF10 (interacts with) RNF168","0","O15520","","Q8IYW5",""
"9150.0","","interacts with","0","0.561636955","","POF1B (interacts with) STK16",,"0","0","0","1","0.72195122","0.40132269",,"false","interacts with","POF1B (interacts with) STK16","0","Q8WVV4","","O75716",""
"9464.0","","interacts with","0","0.561493178","","POF1B (interacts with) HRC",,"0","0","0","1","0.72195122","0.401035137",,"false","interacts with","POF1B (interacts with) HRC","0","Q8WVV4","","P23327",""
"54.35555555555555","","interacts with","0","0.476426231","","NFKB1 (interacts with) IRX2",,"1","0","1","1","0.551219512","0.401632949",,"false","interacts with","NFKB1 (interacts with) IRX2","0","P19838","","Q9BZI1",""
"45.333333333333336","","interacts with","0","0.476387181","","AP1M2 (interacts with) STOX2",,"0","0","0","1","0.551219512","0.40155485",,"false","interacts with","AP1M2 (interacts with) STOX2","0","Q9Y6Q5","","Q9P2F5",""
"138.0","","interacts with","0","0.561630401","","FITM2 (interacts with) CCR6",,"0","0","0","1","0.72195122","0.401309583",,"false","interacts with","FITM2 (interacts with) CCR6","0","Q8N6M3","","P51684",""
"36.8","","interacts with","0","0.476426364","","FGF10 (interacts with) TCP11L2",,"0","0","0","1","0.551219512","0.401633215",,"false","interacts with","FGF10 (interacts with) TCP11L2","0","O15520","","Q8N4U5",""
"138.0","","interacts with","0","0.561630068","","FITM2 (interacts with) CMKLR1",,"0","0","0","1","0.72195122","0.401308917",,"false","interacts with","FITM2 (interacts with) CMKLR1","0","Q8N6M3","","Q99788",""
"52.904761904761905","","interacts with","0","0.476387204","","MYH16 (interacts with) UBTFL6",,"0","0","0","1","0.551219512","0.401554896",,"false","interacts with","MYH16 (interacts with) UBTFL6","0","Q9H6N6","","P0CB48",""
"32.333333333333385","","interacts with","0","0.476387131","","PGA3 (interacts with) TRIP11",,"0","0","0","1","0.551219512","0.40155475",,"false","interacts with","PGA3 (interacts with) TRIP11","0","P0DJD8","","Q15643",""
"39.97777777777779","","interacts with","0","0.476426359","","FGF10 (interacts with) GTF2F1",,"0","0","0","1","0.551219512","0.401633205",,"false","interacts with","FGF10 (interacts with) GTF2F1","0","O15520","","P35269",""
"402.0","","interacts with","0","0.559198174","","FITM2 (interacts with) TTYH1",,"0","0","0","1","0.717073171","0.401323178",,"false","interacts with","FITM2 (interacts with) TTYH1","0","Q8N6M3","","Q9H313",""
"368.5","","interacts with","0","0.464192241","","PABPC1L2B (interacts with) PRR5",,"0","0","0","1","0.526829268","0.401555214",,"false","interacts with","PABPC1L2B (interacts with) PRR5","0","Q5JQF8","","P85299",""
"143.16666666666669","","interacts with","0","0.476387067","","PABPC1L2B (interacts with) SALL2",,"0","0","0","1","0.551219512","0.401554623",,"false","interacts with","PABPC1L2B (interacts with) SALL2","0","Q5JQF8","","Q9Y467",""
"107.66666666666667","","interacts with","0","0.476426242","","RELA (interacts with) KRTAP8-1",,"1","0","1","1","0.551219512","0.401632973",,"false","interacts with","RELA (interacts with) KRTAP8-1","0","Q04206","","Q8IUC2",""
"615.6909531644831","","interacts with","0","0.469070176","","MYH16 (interacts with) SLC17A2",,"0","0","0","1","0.536585366","0.401554987",,"false","interacts with","MYH16 (interacts with) SLC17A2","0","Q9H6N6","","O00624",""
"62.57000026117682","","interacts with","0","0.464192081","","MYH16 (interacts with) AIG1",,"0","0","0","1","0.526829268","0.401554893",,"false","interacts with","MYH16 (interacts with) AIG1","0","Q9H6N6","","Q9NVV5",""
"89.00000000000001","","interacts with","0","0.469070136","","PABPC1L2B (interacts with) GRAMD2B",,"0","0","0","1","0.536585366","0.401554907",,"false","interacts with","PABPC1L2B (interacts with) GRAMD2B","0","Q5JQF8","","Q96HH9",""
"56.0","","interacts with","0","0.461777118","","FCN2 (interacts with) CROCC2",,"0","0","0","1","0.52195122","0.401603017",,"false","interacts with","FCN2 (interacts with) CROCC2","0","Q15485","","H7BZ55",""
"136.44285714285712","","interacts with","0","0.612849534","","PCBP1 (interacts with) NCBP2",,"0","0","0","1","0.824390244","0.401308825",,"false","interacts with","PCBP1 (interacts with) NCBP2","0","Q15365","","P52298",""
"215.0","","interacts with","0","0.476426282","","TOM1L1 (interacts with) CASP3",,"0","1","1","1","0.551219512","0.401633052",,"false","interacts with","TOM1L1 (interacts with) CASP3","0","O75674","","P42574",""
"4.0","","interacts with","0","0.461753265","","GPATCH2 (interacts with) TREML4",,"0","0","0","1","0.52195122","0.40155531",,"false","interacts with","GPATCH2 (interacts with) TREML4","0","Q9NW75","","Q6UXN2",""
"2.0","","interacts with","0","0.461859099","","CFAP418 (interacts with) B9D1",,"0","0","0","1","0.52195122","0.401766978",,"false","interacts with","CFAP418 (interacts with) B9D1","0","Q96NL8","","Q9UPM9",""
"414.0","","interacts with","0","0.476426198","","SMTNL1 (interacts with) SOST",,"0","1","1","1","0.551219512","0.401632883",,"false","interacts with","SMTNL1 (interacts with) SOST","0","A8MU46","","Q9BQB4",""
"10.915151515151514","","interacts with","0","0.476387059","","TC2N (interacts with) IL16",,"0","0","0","1","0.551219512","0.401554605",,"false","interacts with","TC2N (interacts with) IL16","0","Q8N9U0","","Q14005",""
"43.32857142857148","","interacts with","0","0.476387182","","MYH16 (interacts with) DAW1",,"0","0","0","1","0.551219512","0.401554851",,"false","interacts with","MYH16 (interacts with) DAW1","0","Q9H6N6","","Q8N136",""
"3.8000000000000003","","interacts with","0","0.464192017","","TC2N (interacts with) ARHGAP28",,"0","0","0","1","0.526829268","0.401554766",,"false","interacts with","TC2N (interacts with) ARHGAP28","0","Q8N9U0","","Q9P2N2",""
"7.0","","interacts with","0","0.476387612","","AP1M2 (interacts with) GPR141",,"0","0","0","1","0.551219512","0.401555711",,"false","interacts with","AP1M2 (interacts with) GPR141","0","Q9Y6Q5","","Q7Z602",""
"5.0","","interacts with","0","0.464192019","","TC2N (interacts with) NCAPH",,"0","0","0","1","0.526829268","0.401554769",,"false","interacts with","TC2N (interacts with) NCAPH","0","Q8N9U0","","Q15003",""
"67.2238095238095","","interacts with","0","0.561629679","","PCBP1 (interacts with) PDCD6",,"0","0","0","1","0.72195122","0.401308138",,"false","interacts with","PCBP1 (interacts with) PDCD6","0","Q15365","","O75340",""
"220.0","","interacts with","0","0.47638719","","PABPC1L2B (interacts with) GFY",,"0","0","0","1","0.551219512","0.401554868",,"false","interacts with","PABPC1L2B (interacts with) GFY","0","Q5JQF8","","I3L273",""
"7.0","","interacts with","0","0.476387201","","AP1M2 (interacts with) PPP2CA",,"0","0","0","1","0.551219512","0.401554889",,"false","interacts with","AP1M2 (interacts with) PPP2CA","0","Q9Y6Q5","","P67775",""
"149.6666666666673","","interacts with","0","0.461792283","","MEIS3P2 (interacts with) BMP2",,"0","1","1","1","0.52195122","0.401633347",,"false","interacts with","MEIS3P2 (interacts with) BMP2","0","A8K0S8","","P12643",""
"87.16666666666666","","interacts with","0","0.476426312","","COL1A2 (interacts with) FOXI1",,"1","0","1","1","0.551219512","0.401633112",,"false","interacts with","COL1A2 (interacts with) FOXI1","0","P08123","","Q12951",""
"45.2","","interacts with","0","0.561492387","","PCBP1 (interacts with) IGF2BP3",,"0","0","0","1","0.72195122","0.401033555",,"false","interacts with","PCBP1 (interacts with) IGF2BP3","0","Q15365","","O00425",""
"172.3309523809524","","interacts with","0","0.461777095","","FAM120AOS (interacts with) BOD1L1",,"0","0","0","1","0.52195122","0.401602971",,"false","interacts with","FAM120AOS (interacts with) BOD1L1","0","Q5T036","","Q8NFC6",""
"25.642857142857135","","interacts with","0","0.476387142","","PUM3 (interacts with) HPD",,"0","0","0","1","0.551219512","0.401554772",,"false","interacts with","PUM3 (interacts with) HPD","0","Q15397","","P32754",""
"62.90333359451012","","interacts with","0","0.461777056","","MYH16 (interacts with) OSGIN2",,"0","0","0","1","0.52195122","0.401602892",,"false","interacts with","MYH16 (interacts with) OSGIN2","0","Q9H6N6","","Q9Y236",""
"57.97012987012986","","interacts with","0","0.476387202","","PUM3 (interacts with) STOX2",,"0","0","0","1","0.551219512","0.401554892",,"false","interacts with","PUM3 (interacts with) STOX2","0","Q15397","","Q9P2F5",""
"28.309523809523803","","interacts with","0","0.46419234","","PUM3 (interacts with) NAP1L3",,"0","0","0","1","0.526829268","0.401555413",,"false","interacts with","PUM3 (interacts with) NAP1L3","0","Q15397","","Q99457",""
"132.4880952380952","","interacts with","0","0.571498604","","LRFN3 (interacts with) B3GNT3",,"0","0","0","1","0.741463415","0.401533794",,"false","interacts with","LRFN3 (interacts with) B3GNT3","0","Q9BTN0","","Q9Y2A9",""
"25.34285714285713","","interacts with","0","0.476387234","","PUM3 (interacts with) UAP1",,"0","0","0","1","0.551219512","0.401554955",,"false","interacts with","PUM3 (interacts with) UAP1","0","Q15397","","Q16222",""
"30.0","","interacts with","0","0.461852561","","FCN2 (interacts with) KRTAP10-9",,"0","0","0","1","0.52195122","0.401753903",,"false","interacts with","FCN2 (interacts with) KRTAP10-9","0","Q15485","","P60411",""
"54.238095238095234","","interacts with","0","0.47638723","","MYH16 (interacts with) COX11",,"0","0","0","1","0.551219512","0.401554947",,"false","interacts with","MYH16 (interacts with) COX11","0","Q9H6N6","","Q9Y6N1",""
"7.6190476190476195","","interacts with","0","0.476387229","","STARD3NL (interacts with) SAMD11",,"0","0","0","1","0.551219512","0.401554945",,"false","interacts with","STARD3NL (interacts with) SAMD11","0","O95772","","Q96NU1",""
"32.30952380952378","","interacts with","0","0.47638711","","PUM3 (interacts with) MAP2K5",,"0","0","0","1","0.551219512","0.401554707",,"false","interacts with","PUM3 (interacts with) MAP2K5","0","Q15397","","Q13163",""
"124.0","","interacts with","0","0.564100657","","PUM3 (interacts with) ZNF48",,"0","0","0","1","0.726829268","0.401372046",,"false","interacts with","PUM3 (interacts with) ZNF48","0","Q15397","","Q96MX3",""
"40.0","","interacts with","0","0.476387214","","PUM3 (interacts with) ACP6",,"0","0","0","1","0.551219512","0.401554916",,"false","interacts with","PUM3 (interacts with) ACP6","0","Q15397","","Q9NPH0",""
"71.93333333333335","","interacts with","0","0.561684113","","PCBP1 (interacts with) TARDBP",,"0","0","0","1","0.72195122","0.401417007",,"false","interacts with","PCBP1 (interacts with) TARDBP","0","Q15365","","Q13148",""
"160.5809523809524","","interacts with","0","0.476426212","","COL3A1 (interacts with) AMZ2",,"1","0","1","1","0.551219512","0.401632912",,"false","interacts with","COL3A1 (interacts with) AMZ2","0","P02461","","Q86W34",""
"50.47012987012987","","interacts with","0","0.464192151","","PUM3 (interacts with) HOXD13",,"0","0","0","1","0.526829268","0.401555034",,"false","interacts with","PUM3 (interacts with) HOXD13","0","Q15397","","P35453",""
"192.0","","interacts with","0","0.564237545","","SLC10A1 (interacts with) TMBIM1",,"0","0","0","1","0.726829268","0.401645822",,"false","interacts with","SLC10A1 (interacts with) TMBIM1","0","Q14973","","Q969X1",""
"24.942857142857132","","interacts with","0","0.476387103","","PUM3 (interacts with) SLC25A3",,"0","0","0","1","0.551219512","0.401554694",,"false","interacts with","PUM3 (interacts with) SLC25A3","0","Q15397","","Q00325",""
"26.97619047619047","","interacts with","0","0.476387113","","PUM3 (interacts with) CAMK1G",,"0","0","0","1","0.551219512","0.401554714",,"false","interacts with","PUM3 (interacts with) CAMK1G","0","Q15397","","Q96NX5",""
"17.0","","interacts with","0","0.476387359","","KCNK10 (interacts with) TELO2",,"0","0","0","1","0.551219512","0.401555205",,"false","interacts with","KCNK10 (interacts with) TELO2","0","P57789","","Q9Y4R8",""
"27.83679653679653","","interacts with","0","0.476387238","","PUM3 (interacts with) GPR141",,"0","0","0","1","0.551219512","0.401554964",,"false","interacts with","PUM3 (interacts with) GPR141","0","Q15397","","Q7Z602",""
"4.0","","interacts with","0","0.476387194","","KCNK10 (interacts with) UPK1A",,"0","0","0","1","0.551219512","0.401554875",,"false","interacts with","KCNK10 (interacts with) UPK1A","0","P57789","","O00322",""
"42.0","","interacts with","0","0.476426238","","PGR (interacts with) PPP2R3C",,"1","0","1","1","0.551219512","0.401632965",,"false","interacts with","PGR (interacts with) PPP2R3C","0","P06401","","Q969Q6",""
"27.57012987012986","","interacts with","0","0.476387094","","PUM3 (interacts with) PPP2CA",,"0","0","0","1","0.551219512","0.401554676",,"false","interacts with","PUM3 (interacts with) PPP2CA","0","Q15397","","P67775",""
"25.903463203463193","","interacts with","0","0.47638726","","PUM3 (interacts with) OR9A1P",,"0","0","0","1","0.551219512","0.401555008",,"false","interacts with","PUM3 (interacts with) OR9A1P","0","Q15397","","Q8NGU1",""
"23.57012987012986","","interacts with","0","0.46175336","","PUM3 (interacts with) FAM20A",,"0","0","0","1","0.52195122","0.401555501",,"false","interacts with","PUM3 (interacts with) FAM20A","0","Q15397","","Q96MK3",""
"77.29999999999997","","interacts with","0","0.464231257","","LRFN3 (interacts with) FBF1",,"0","0","0","1","0.526829268","0.401633246",,"false","interacts with","LRFN3 (interacts with) FBF1","0","Q9BTN0","","Q8TES7",""
"7.0","","interacts with","0","0.476426194","","SRC (interacts with) DDIAS",,"1","0","1","1","0.551219512","0.401632876",,"false","interacts with","SRC (interacts with) DDIAS","0","P12931","","Q8IXT1",""
"20.74285714285714","","interacts with","0","0.476387247","","PUM3 (interacts with) PSMD12",,"0","0","0","1","0.551219512","0.401554982",,"false","interacts with","PUM3 (interacts with) PSMD12","0","Q15397","","O00232",""
"110.68809523809526","","interacts with","0","0.464231477","","LRFN3 (interacts with) TARDBP",,"0","0","0","1","0.526829268","0.401633686",,"false","interacts with","LRFN3 (interacts with) TARDBP","0","Q9BTN0","","Q13148",""
"165.60769230769225","","interacts with","0","0.464216074","","RASEF (interacts with) BOD1L1",,"0","0","0","1","0.526829268","0.401602879",,"false","interacts with","RASEF (interacts with) BOD1L1","0","Q8IZ41","","Q8NFC6",""
"179.65571454689115","","interacts with","0","0.461777064","","MYH16 (interacts with) ST8SIA5",,"0","0","0","1","0.52195122","0.401602909",,"false","interacts with","MYH16 (interacts with) ST8SIA5","0","Q9H6N6","","O15466",""
"22.155311355311348","","interacts with","0","0.461777011","","RASEF (interacts with) ANKRD36B",,"0","0","0","1","0.52195122","0.401602803",,"false","interacts with","RASEF (interacts with) ANKRD36B","0","Q8IZ41","","Q8N2N9",""
"50.47012987012986","","interacts with","0","0.476387195","","PUM3 (interacts with) KYNU",,"0","0","0","1","0.551219512","0.401554879",,"false","interacts with","PUM3 (interacts with) KYNU","0","Q15397","","Q16719",""
"37.0","","interacts with","0","0.464255324","","KCNK10 (interacts with) CROCC2",,"0","0","0","1","0.526829268","0.401681379",,"false","interacts with","KCNK10 (interacts with) CROCC2","0","P57789","","H7BZ55",""
"57.66666666666669","","interacts with","0","0.476426218","","COL1A2 (interacts with) BPIFC",,"1","0","1","1","0.551219512","0.401632924",,"false","interacts with","COL1A2 (interacts with) BPIFC","0","P08123","","Q8NFQ6",""
"25.493939393939378","","interacts with","0","0.476387284","","PUM3 (interacts with) ADORA3",,"0","0","0","1","0.551219512","0.401555056",,"false","interacts with","PUM3 (interacts with) ADORA3","0","Q15397","","P0DMS8",""
"32.66666666666667","","interacts with","0","0.476387204","","SF3A1 (interacts with) FOXI1",,"0","0","0","1","0.551219512","0.401554895",,"false","interacts with","SF3A1 (interacts with) FOXI1","0","Q15459","","Q12951",""
"358.4285714285715","","interacts with","0","0.476426264","","UBTFL6 (interacts with) COL5A3",,"0","1","1","1","0.551219512","0.401633016",,"false","interacts with","UBTFL6 (interacts with) COL5A3","0","P0CB48","","P25940",""
"15.0","","interacts with","0","0.603457556","","CORO1B (interacts with) CORO1C",,"0","0","0","1","0.804878049","0.402037062",,"false","interacts with","CORO1B (interacts with) CORO1C","0","Q9BR76","","Q9ULV4",""
"124.0","","interacts with","0","0.576222943","","PUM3 (interacts with) PNMA8A",,"0","0","0","1","0.751219512","0.401226374",,"false","interacts with","PUM3 (interacts with) PNMA8A","0","Q15397","","Q86V59",""
"30.0","","interacts with","0","0.600545056","","CORO1B (interacts with) DLAT",,"0","0","0","1","0.8","0.401090111",,"false","interacts with","CORO1B (interacts with) DLAT","0","Q9BR76","","P10515",""
"50.66666666666666","","interacts with","0","0.464192036","","PUM3 (interacts with) GTF2H1",,"0","0","0","1","0.526829268","0.401554803",,"false","interacts with","PUM3 (interacts with) GTF2H1","0","Q15397","","P32780",""
"80.0","","interacts with","0","0.561629593","","CORO1B (interacts with) CYB5A",,"0","0","0","1","0.72195122","0.401307967",,"false","interacts with","CORO1B (interacts with) CYB5A","0","Q9BR76","","P00167",""
"26.97619047619047","","interacts with","0","0.476387079","","PUM3 (interacts with) USP17L6P",,"0","0","0","1","0.551219512","0.401554646",,"false","interacts with","PUM3 (interacts with) USP17L6P","0","Q15397","","Q6QN14",""
"3.5857142857142854","","interacts with","0","0.476387158","","SYT9 (interacts with) ASXL2",,"0","0","0","1","0.551219512","0.401554804",,"false","interacts with","SYT9 (interacts with) ASXL2","0","Q86SS6","","Q76L83",""
"24.342857142857138","","interacts with","0","0.461753069","","PUM3 (interacts with) OIT3",,"0","0","0","1","0.52195122","0.401554918",,"false","interacts with","PUM3 (interacts with) OIT3","0","Q15397","","Q8WWZ8",""
"50.6095238095238","","interacts with","0","0.476387081","","PUM3 (interacts with) SNAPC3",,"0","0","0","1","0.551219512","0.401554651",,"false","interacts with","PUM3 (interacts with) SNAPC3","0","Q15397","","Q92966",""
"53.07619047619047","","interacts with","0","0.476387094","","PUM3 (interacts with) GID4",,"0","0","0","1","0.551219512","0.401554676",,"false","interacts with","PUM3 (interacts with) GID4","0","Q15397","","Q8IVV7",""
"44.36666666666668","","interacts with","0","0.464231252","","COL1A2 (interacts with) MAPK11",,"1","0","1","1","0.526829268","0.401633235",,"false","interacts with","COL1A2 (interacts with) MAPK11","0","P08123","","Q15759",""
"600.7142857142857","","interacts with","0","0.561636315","","PABPC4 (interacts with) BMI1",,"0","0","0","1","0.72195122","0.401321411",,"false","interacts with","PABPC4 (interacts with) BMI1","0","Q13310","","P35226",""
"24.842857142857138","","interacts with","0","0.476387139","","PUM3 (interacts with) MAPK11",,"0","0","0","1","0.551219512","0.401554766",,"false","interacts with","PUM3 (interacts with) MAPK11","0","Q15397","","Q15759",""
"144.5333333333333","","interacts with","0","0.476426262","","MAPK1 (interacts with) PDIA3",,"1","0","1","1","0.551219512","0.401633011",,"false","interacts with","MAPK1 (interacts with) PDIA3","0","P28482","","P30101",""
"570.0972804972804","","interacts with","0","0.564067916","","RNF2 (interacts with) BMS1",,"0","0","0","1","0.726829268","0.401306563",,"false","interacts with","RNF2 (interacts with) BMS1","0","Q99496","","Q14692",""
"30.333333333333332","","interacts with","0","0.461753198","","PUM3 (interacts with) PDZD4",,"0","0","0","1","0.52195122","0.401555177",,"false","interacts with","PUM3 (interacts with) PDZD4","0","Q15397","","Q76G19",""
"110.86666666666666","","interacts with","0","0.46907009","","RGL2 (interacts with) SLC17A2",,"0","0","0","1","0.536585366","0.401554814",,"false","interacts with","RGL2 (interacts with) SLC17A2","0","O15211","","O00624",""
"220.0","","interacts with","0","0.476387153","","ZNF277 (interacts with) ARHGAP11A",,"0","0","0","1","0.551219512","0.401554794",,"false","interacts with","ZNF277 (interacts with) ARHGAP11A","0","Q9NRM2","","Q6P4F7",""
"154.0","","interacts with","0","0.464192113","","PABPC4 (interacts with) ANKRD20A8P",,"0","0","0","1","0.526829268","0.401554957",,"false","interacts with","PABPC4 (interacts with) ANKRD20A8P","0","Q13310","","Q5CZ79",""
"51.0","","interacts with","0","0.476426243","","RELA (interacts with) PJVK",,"1","0","1","1","0.551219512","0.401632974",,"false","interacts with","RELA (interacts with) PJVK","0","Q04206","","Q0ZLH3",""
"26.293939393939397","","interacts with","0","0.476387094","","PUM3 (interacts with) PPP2CB",,"0","0","0","1","0.551219512","0.401554676",,"false","interacts with","PUM3 (interacts with) PPP2CB","0","Q15397","","P62714",""
"154.0","","interacts with","0","0.464192185","","PABPC4 (interacts with) ZPBP",,"0","0","0","1","0.526829268","0.401555102",,"false","interacts with","PABPC4 (interacts with) ZPBP","0","Q13310","","Q9BS86",""
"27.666666666666647","","interacts with","0","0.47638742","","PUM3 (interacts with) MKRN4P",,"0","0","0","1","0.551219512","0.401555328",,"false","interacts with","PUM3 (interacts with) MKRN4P","0","Q15397","","Q13434",""
"154.0","","interacts with","0","0.464192007","","PABPC4 (interacts with) ZNF280D",,"0","0","0","1","0.526829268","0.401554746",,"false","interacts with","PABPC4 (interacts with) ZNF280D","0","Q13310","","Q6N043",""
"53.333333333333314","","interacts with","0","0.46907025","","PUM3 (interacts with) ERF",,"0","0","0","1","0.536585366","0.401555134",,"false","interacts with","PUM3 (interacts with) ERF","0","Q15397","","P50548",""
"59.000000000000036","","interacts with","0","0.476426256","","COL1A2 (interacts with) GAL3ST3",,"1","0","1","1","0.551219512","0.401632999",,"false","interacts with","COL1A2 (interacts with) GAL3ST3","0","P08123","","Q96A11",""
"220.0","","interacts with","0","0.564068302","","RNF2 (interacts with) PDXDC1",,"0","0","0","1","0.726829268","0.401307335",,"false","interacts with","RNF2 (interacts with) PDXDC1","0","Q99496","","Q6P996",""
"154.0","","interacts with","0","0.56410059","","PABPC4 (interacts with) SREK1",,"0","0","0","1","0.726829268","0.401371912",,"false","interacts with","PABPC4 (interacts with) SREK1","0","Q13310","","Q8WXA9",""
"26.570129870129865","","interacts with","0","0.46175311","","PUM3 (interacts with) HOXA13",,"0","0","0","1","0.52195122","0.401555001",,"false","interacts with","PUM3 (interacts with) HOXA13","0","Q15397","","P31271",""
"2892.533622913034","","interacts with","0","0.561630513","","SLC17A2 (interacts with) CTDNEP1",,"0","0","0","1","0.72195122","0.401309807",,"false","interacts with","SLC17A2 (interacts with) CTDNEP1","0","O00624","","O95476",""
"54.23809523809525","","interacts with","0","0.476387219","","MYH16 (interacts with) SHF",,"0","0","0","1","0.551219512","0.401554925",,"false","interacts with","MYH16 (interacts with) SHF","0","Q9H6N6","","Q7M4L6",""
"54.64873949579835","","interacts with","0","0.476387296","","GSTP1 (interacts with) PMS2",,"0","0","0","1","0.551219512","0.401555079",,"false","interacts with","GSTP1 (interacts with) PMS2","0","P09211","","P54278",""
"175.7190476190477","","interacts with","0","0.469070092","","SLC17A2 (interacts with) ARHGEF15",,"0","0","0","1","0.536585366","0.401554819",,"false","interacts with","SLC17A2 (interacts with) ARHGEF15","0","O00624","","O94989",""
"308.1004309416073","","interacts with","0","0.56149327","","GSTP1 (interacts with) DLST",,"0","0","0","1","0.72195122","0.401035321",,"false","interacts with","GSTP1 (interacts with) DLST","0","P09211","","P36957",""
"812.1711011211013","","interacts with","0","0.625003713","","RNF2 (interacts with) PHC2",,"0","0","0","1","0.848780488","0.401226938",,"false","interacts with","RNF2 (interacts with) PHC2","0","Q99496","","Q8IXK0",""
"35.166666666666664","","interacts with","0","0.476426228","","VTN (interacts with) USP35",,"1","0","1","1","0.551219512","0.401632944",,"false","interacts with","VTN (interacts with) USP35","0","P04004","","Q9P2H5",""
"551.0452380952385","","interacts with","0","0.561791114","","RNF2 (interacts with) SCML1",,"0","0","0","1","0.72195122","0.401631008",,"false","interacts with","RNF2 (interacts with) SCML1","0","Q99496","","Q9UN30",""
"1060.0","","interacts with","0","0.476387159","","ZNF277 (interacts with) USO1",,"0","0","0","1","0.551219512","0.401554806",,"false","interacts with","ZNF277 (interacts with) USO1","0","Q9NRM2","","O60763",""
"492.75","","interacts with","0","0.561629864","","RNF2 (interacts with) RPL34",,"0","0","0","1","0.72195122","0.401308508",,"false","interacts with","RNF2 (interacts with) RPL34","0","Q99496","","P49207",""
"136.66666666666694","","interacts with","0","0.464216225","","ZNF165 (interacts with) CCDC7",,"0","0","0","1","0.526829268","0.401603182",,"false","interacts with","ZNF165 (interacts with) CCDC7","0","P49910","","Q96M83",""
"218.88095238095238","","interacts with","0","0.566514663","","RNF2 (interacts with) SART1",,"0","0","0","1","0.731707317","0.401322009",,"false","interacts with","RNF2 (interacts with) SART1","0","Q99496","","O43290",""
"23.607002801120448","","interacts with","0","0.476387205","","RAB24 (interacts with) PMS2",,"0","0","0","1","0.551219512","0.401554899",,"false","interacts with","RAB24 (interacts with) PMS2","0","Q969Q5","","P54278",""
"56.0","","interacts with","0","0.476426343","","RELA (interacts with) OR7G2",,"1","0","1","1","0.551219512","0.401633174",,"false","interacts with","RELA (interacts with) OR7G2","0","Q04206","","Q8NG99",""
"192.0","","interacts with","0","0.476426285","","COL3A1 (interacts with) NOSTRIN",,"1","0","1","1","0.551219512","0.401633059",,"false","interacts with","COL3A1 (interacts with) NOSTRIN","0","P02461","","Q8IVI9",""
"4.799999999999999","","interacts with","0","0.461777305","","COBLL1 (interacts with) TMCO6",,"0","0","0","1","0.52195122","0.401603391",,"false","interacts with","COBLL1 (interacts with) TMCO6","0","Q53SF7","","Q96DC7",""
"359.7619047619048","","interacts with","0","0.476426159","","UBTFL1 (interacts with) COL5A3",,"0","1","1","1","0.551219512","0.401632806",,"false","interacts with","UBTFL1 (interacts with) COL5A3","0","P0CB47","","P25940",""
"0.0","","interacts with","0","0.670084774","","PRKACA (interacts with) PRKACA",,"1","1","1","1","0.941463415","0.398706133",,"false","interacts with","PRKACA (interacts with) PRKACA","0","P17612","","P17612",""
"4.8","","interacts with","0","0.464216173","","COBLL1 (interacts with) TRAV12-3",,"0","0","0","1","0.526829268","0.401603078",,"false","interacts with","COBLL1 (interacts with) TRAV12-3","0","Q53SF7","","A0A0B4J271",""
"5.799999999999999","","interacts with","0","0.464216277","","COBLL1 (interacts with) TMEM41A",,"0","0","0","1","0.526829268","0.401603285",,"false","interacts with","COBLL1 (interacts with) TMEM41A","0","Q53SF7","","Q96HV5",""
"41.03333333333334","","interacts with","0","0.476426267","","COL1A2 (interacts with) FAM20A",,"1","0","1","1","0.551219512","0.401633021",,"false","interacts with","COL1A2 (interacts with) FAM20A","0","P08123","","Q96MK3",""
"4.800000000000001","","interacts with","0","0.464216143","","COBLL1 (interacts with) SMIM26",,"0","0","0","1","0.526829268","0.401603018",,"false","interacts with","COBLL1 (interacts with) SMIM26","0","Q53SF7","","A0A096LP01",""
"118.96666666666663","","interacts with","0","0.464231222","","CASP3 (interacts with) WDR45B",,"1","0","1","1","0.526829268","0.401633175",,"false","interacts with","CASP3 (interacts with) WDR45B","0","P42574","","Q5MNZ6",""
"54.23809523809524","","interacts with","0","0.476387061","","MYH16 (interacts with) FCRL6",,"0","0","0","1","0.551219512","0.40155461",,"false","interacts with","MYH16 (interacts with) FCRL6","0","Q9H6N6","","Q6DN72",""
"54.23809523809524","","interacts with","0","0.476387108","","MYH16 (interacts with) UBTFL1",,"0","0","0","1","0.551219512","0.401554704",,"false","interacts with","MYH16 (interacts with) UBTFL1","0","Q9H6N6","","P0CB47",""
"73.59920634920637","","interacts with","0","0.47638713","","ATXN7L1 (interacts with) PSMF1",,"0","0","0","1","0.551219512","0.401554747",,"false","interacts with","ATXN7L1 (interacts with) PSMF1","0","Q9ULK2","","Q92530",""
"3.6666666666666665","","interacts with","0","0.469070169","","ZDHHC11 (interacts with) NBPF6",,"0","0","0","1","0.536585366","0.401554971",,"false","interacts with","ZDHHC11 (interacts with) NBPF6","0","Q9H8X9","","Q5VWK0",""
"414.0","","interacts with","0","0.476387073","","PAH (interacts with) BDP1",,"0","0","0","1","0.551219512","0.401554633",,"false","interacts with","PAH (interacts with) BDP1","0","P00439","","A6H8Y1",""
"0.0","","interacts with","0","0.673191388","","COL5A2 (interacts with) COL5A2",,"1","1","1","1","0.941463415","0.404919361",,"false","interacts with","COL5A2 (interacts with) COL5A2","0","P05997","","P05997",""
"54.238095238095234","","interacts with","0","0.476387233","","MYH16 (interacts with) PRAMEF27",,"0","0","0","1","0.551219512","0.401554953",,"false","interacts with","MYH16 (interacts with) PRAMEF27","0","Q9H6N6","","A3QJZ7",""
"19.99999999999999","","interacts with","0","0.47638719","","ZDHHC11 (interacts with) MYLK3",,"0","0","0","1","0.551219512","0.401554867",,"false","interacts with","ZDHHC11 (interacts with) MYLK3","0","Q9H8X9","","Q32MK0",""
"5.0","","interacts with","0","0.464192064","","ZNF717 (interacts with) FRMPD4",,"0","0","0","1","0.526829268","0.40155486",,"false","interacts with","ZNF717 (interacts with) FRMPD4","0","Q9BY31","","Q14CM0",""
"177.23809523809527","","interacts with","0","0.476387055","","ATXN7L1 (interacts with) PLA2G2D",,"0","0","0","1","0.551219512","0.401554597",,"false","interacts with","ATXN7L1 (interacts with) PLA2G2D","0","Q9ULK2","","Q9UNK4",""
"55.332539682539725","","interacts with","0","0.476387071","","ATXN7L1 (interacts with) C3orf84",,"0","0","0","1","0.551219512","0.40155463",,"false","interacts with","ATXN7L1 (interacts with) C3orf84","0","Q9ULK2","","H3BNL1",""
"138.23333333333318","","interacts with","0","0.476426358","","BMP2 (interacts with) RPUSD1",,"1","0","1","1","0.551219512","0.401633203",,"false","interacts with","BMP2 (interacts with) RPUSD1","0","P12643","","Q9UJJ7",""
"42.927777777777784","","interacts with","0","0.476387106","","ATXN7L1 (interacts with) HLA-DRB3",,"0","0","0","1","0.551219512","0.4015547",,"false","interacts with","ATXN7L1 (interacts with) HLA-DRB3","0","Q9ULK2","","P79483",""
"14.333333333333332","","interacts with","0","0.476426274","","COL1A2 (interacts with) STOX2",,"1","0","1","1","0.551219512","0.401633035",,"false","interacts with","COL1A2 (interacts with) STOX2","0","P08123","","Q9P2F5",""
"50.08333333333334","","interacts with","0","0.476387285","","ATXN7L1 (interacts with) OR56A4",,"0","0","0","1","0.551219512","0.401555058",,"false","interacts with","ATXN7L1 (interacts with) OR56A4","0","Q9ULK2","","Q8NGH8",""
"12.327272727272728","","interacts with","0","0.476387526","","DDX4 (interacts with) KYNU",,"0","0","0","1","0.551219512","0.40155554",,"false","interacts with","DDX4 (interacts with) KYNU","0","Q9NQI0","","Q16719",""
"6.0","","interacts with","0","0.476387083","","SHTN1 (interacts with) MRPS6",,"0","0","0","1","0.551219512","0.401554654",,"false","interacts with","SHTN1 (interacts with) MRPS6","0","A0MZ66","","P82932",""
"448.3333333333333","","interacts with","0","0.476426307","","TNFSF11 (interacts with) RPAP2",,"1","0","1","1","0.551219512","0.401633102",,"false","interacts with","TNFSF11 (interacts with) RPAP2","0","O14788","","Q8IXW5",""
"10.0","","interacts with","0","0.476387114","","SHTN1 (interacts with) H2BC26",,"0","0","0","1","0.551219512","0.401554715",,"false","interacts with","SHTN1 (interacts with) H2BC26","0","A0MZ66","","Q8N257",""
"40.654761904761905","","interacts with","0","0.476387079","","ATXN7L1 (interacts with) SHISA2",,"0","0","0","1","0.551219512","0.401554647",,"false","interacts with","ATXN7L1 (interacts with) SHISA2","0","Q9ULK2","","Q6UWI4",""
"10.393939393939394","","interacts with","0","0.476387245","","DDX4 (interacts with) PPP2CB",,"0","0","0","1","0.551219512","0.401554978",,"false","interacts with","DDX4 (interacts with) PPP2CB","0","Q9NQI0","","P62714",""
"6.927272727272728","","interacts with","0","0.461753038","","DDX4 (interacts with) HOXA13",,"0","0","0","1","0.52195122","0.401554856",,"false","interacts with","DDX4 (interacts with) HOXA13","0","Q9NQI0","","P31271",""
"159.76111111111112","","interacts with","0","0.464192213","","ZSCAN22 (interacts with) NBPF4",,"0","0","0","1","0.526829268","0.401555158",,"false","interacts with","ZSCAN22 (interacts with) NBPF4","0","P10073","","Q96M43",""
"92.97786037491923","","interacts with","0","0.476426373","","MYC (interacts with) GSTP1",,"1","0","1","1","0.551219512","0.401633234",,"false","interacts with","MYC (interacts with) GSTP1","0","P01106","","P09211",""
"12.32727272727273","","interacts with","0","0.464192203","","DDX4 (interacts with) HOXD13",,"0","0","0","1","0.526829268","0.401555138",,"false","interacts with","DDX4 (interacts with) HOXD13","0","Q9NQI0","","P35453",""
"138.65555555555562","","interacts with","0","0.47638742","","ZSCAN22 (interacts with) NKAIN1",,"0","0","0","1","0.551219512","0.401555327",,"false","interacts with","ZSCAN22 (interacts with) NKAIN1","0","P10073","","Q4KMZ8",""
"6.793939393939395","","interacts with","0","0.476387399","","DDX4 (interacts with) GPR141",,"0","0","0","1","0.551219512","0.401555285",,"false","interacts with","DDX4 (interacts with) GPR141","0","Q9NQI0","","Q7Z602",""
"6.860606060606061","","interacts with","0","0.476387269","","DDX4 (interacts with) PPP2CA",,"0","0","0","1","0.551219512","0.401555027",,"false","interacts with","DDX4 (interacts with) PPP2CA","0","Q9NQI0","","P67775",""
"6.360606060606061","","interacts with","0","0.476387418","","DDX4 (interacts with) OR9A1P",,"0","0","0","1","0.551219512","0.401555323",,"false","interacts with","DDX4 (interacts with) OR9A1P","0","Q9NQI0","","Q8NGU1",""
"8.52727272727273","","interacts with","0","0.476387559","","DDX4 (interacts with) ADORA3",,"0","0","0","1","0.551219512","0.401555606",,"false","interacts with","DDX4 (interacts with) ADORA3","0","Q9NQI0","","P0DMS8",""
"124.0","","interacts with","0","0.561493487","","KYNU (interacts with) MVD",,"0","0","0","1","0.72195122","0.401035754",,"false","interacts with","KYNU (interacts with) MVD","0","Q16719","","P53602",""
"102.0","","interacts with","0","0.476426223","","NTRK1 (interacts with) GCGR",,"1","0","1","1","0.551219512","0.401632934",,"false","interacts with","NTRK1 (interacts with) GCGR","0","P04629","","P47871",""
"445.52914483177625","","interacts with","0","0.58851347","","PDK1 (interacts with) MRPL28",,"0","0","0","1","0.775609756","0.401417183",,"false","interacts with","PDK1 (interacts with) MRPL28","0","Q15118","","Q13084",""
"84.63333333333334","","interacts with","0","0.469070261","","ZCCHC8 (interacts with) KRT39",,"0","0","0","1","0.536585366","0.401555156",,"false","interacts with","ZCCHC8 (interacts with) KRT39","0","Q6NZY4","","Q6A163",""
"414.0","","interacts with","0","0.46421614","","SLC29A2 (interacts with) BDP1",,"0","0","0","1","0.526829268","0.401603012",,"false","interacts with","SLC29A2 (interacts with) BDP1","0","Q14542","","A6H8Y1",""
"328.8862137862138","","interacts with","0","0.476387178","","ZCCHC8 (interacts with) HSP90AA4P",,"0","0","0","1","0.551219512","0.401554843",,"false","interacts with","ZCCHC8 (interacts with) HSP90AA4P","0","Q6NZY4","","Q58FG1",""
"536.3849472165256","","interacts with","0","0.464192249","","ZSCAN22 (interacts with) MRPL28",,"0","0","0","1","0.526829268","0.401555229",,"false","interacts with","ZSCAN22 (interacts with) MRPL28","0","P10073","","Q13084",""
"1000.9957545378603","","interacts with","0","0.464216175","","ZSCAN22 (interacts with) BDP1",,"0","0","0","1","0.526829268","0.401603081",,"false","interacts with","ZSCAN22 (interacts with) BDP1","0","P10073","","A6H8Y1",""
"56.0","","interacts with","0","0.464231199","","DNAJA2 (interacts with) RELA",,"0","1","1","1","0.526829268","0.40163313",,"false","interacts with","DNAJA2 (interacts with) RELA","0","O60884","","Q04206",""
"147.0","","interacts with","0","0.469070056","","ZC3H13 (interacts with) DDIAS",,"0","0","0","1","0.536585366","0.401554747",,"false","interacts with","ZC3H13 (interacts with) DDIAS","0","Q5T200","","Q8IXT1",""
"147.0","","interacts with","0","0.476387153","","ZC3H13 (interacts with) RAD54B",,"0","0","0","1","0.551219512","0.401554793",,"false","interacts with","ZC3H13 (interacts with) RAD54B","0","Q5T200","","Q9Y620",""
"86.33333333333333","","interacts with","0","0.461777047","","GCKR (interacts with) DCTN1",,"0","0","0","1","0.52195122","0.401602874",,"false","interacts with","GCKR (interacts with) DCTN1","0","Q14397","","Q14203",""
"213.0","","interacts with","0","0.476426415","","TFAP2A (interacts with) TRAF6",,"0","1","1","1","0.551219512","0.401633318",,"false","interacts with","TFAP2A (interacts with) TRAF6","0","P05549","","Q9Y4K3",""
"126.27777777777776","","interacts with","0","0.476387153","","PLA2G2D (interacts with) GTF2F1",,"0","0","0","1","0.551219512","0.401554793",,"false","interacts with","PLA2G2D (interacts with) GTF2F1","0","Q9UNK4","","P35269",""
"103.4333333333333","","interacts with","0","0.476426423","","BCL2 (interacts with) SLC48A1",,"1","0","1","1","0.551219512","0.401633335",,"false","interacts with","BCL2 (interacts with) SLC48A1","0","P10415","","Q6P1K1",""
"154.0","","interacts with","0","0.461753273","","ZCCHC8 (interacts with) CCDC183",,"0","0","0","1","0.52195122","0.401555326",,"false","interacts with","ZCCHC8 (interacts with) CCDC183","0","Q6NZY4","","Q5T5S1",""
"913.8333333333333","","interacts with","0","0.461628829","","PLA2G2D (interacts with) MPPED2",,"0","0","0","1","0.52195122","0.401306437",,"false","interacts with","PLA2G2D (interacts with) MPPED2","0","Q9UNK4","","Q15777",""
"7.0","","interacts with","0","0.476426291","","ACOX3 (interacts with) SRC",,"0","1","1","1","0.551219512","0.401633069",,"false","interacts with","ACOX3 (interacts with) SRC","0","O15254","","P12931",""
"192.0","","interacts with","0","0.46425531","","COL3A1 (interacts with) PTGER1",,"1","0","1","1","0.526829268","0.401681351",,"false","interacts with","COL3A1 (interacts with) PTGER1","0","P02461","","P34995",""
"80.49999999999994","","interacts with","0","0.461753176","","PLA2G2D (interacts with) SHISA2",,"0","0","0","1","0.52195122","0.401555132",,"false","interacts with","PLA2G2D (interacts with) SHISA2","0","Q9UNK4","","Q6UWI4",""
"220.0","","interacts with","0","0.476426187","","TSSK6 (interacts with) TRAF6",,"0","1","1","1","0.551219512","0.401632861",,"false","interacts with","TSSK6 (interacts with) TRAF6","0","Q9BXA6","","Q9Y4K3",""
"166.99999999999983","","interacts with","0","0.461777118","","PSG11 (interacts with) ZNF638",,"0","0","0","1","0.52195122","0.401603016",,"false","interacts with","PSG11 (interacts with) ZNF638","0","Q9UQ72","","Q14966",""
"60.10000000000001","","interacts with","0","0.464231275","","COL1A2 (interacts with) CARF",,"1","0","1","1","0.526829268","0.401633281",,"false","interacts with","COL1A2 (interacts with) CARF","0","P08123","","Q8N187",""
"84.63333333333333","","interacts with","0","0.476387082","","ZCCHC8 (interacts with) NEIL3",,"0","0","0","1","0.551219512","0.401554652",,"false","interacts with","ZCCHC8 (interacts with) NEIL3","0","Q6NZY4","","Q8TAT5",""
"0.0","","interacts with","0","0.645816934","","TP53 (interacts with) TP53",,"1","1","1","1","0.87804878","0.413585087",,"false","interacts with","TP53 (interacts with) TP53","0","P04637","","P04637",""
"643.4744588744588","","interacts with","0","0.561636283","","ZCCHC8 (interacts with) BMI1",,"0","0","0","1","0.72195122","0.401321347",,"false","interacts with","ZCCHC8 (interacts with) BMI1","0","Q6NZY4","","P35226",""
"30.00000000000006","","interacts with","0","0.47638711","","PSG11 (interacts with) TRIP11",,"0","0","0","1","0.551219512","0.401554707",,"false","interacts with","PSG11 (interacts with) TRIP11","0","Q9UQ72","","Q15643",""
"154.0","","interacts with","0","0.476387089","","ZCCHC8 (interacts with) MIER2",,"0","0","0","1","0.551219512","0.401554665",,"false","interacts with","ZCCHC8 (interacts with) MIER2","0","Q6NZY4","","Q8N344",""
"4.166666666666666","","interacts with","0","0.476426285","","MYCL (interacts with) NEDD1",,"1","0","1","1","0.551219512","0.401633059",,"false","interacts with","MYCL (interacts with) NEDD1","0","P12524","","Q8NHV4",""
"7.0","","interacts with","0","0.464192172","","TTC39B (interacts with) COL4A4",,"0","0","0","1","0.526829268","0.401555075",,"false","interacts with","TTC39B (interacts with) COL4A4","0","Q5VTQ0","","P53420",""
"1532.6666666666665","","interacts with","0","0.476426256","","TNFSF11 (interacts with) CUX1",,"1","0","1","1","0.551219512","0.401633",,"false","interacts with","TNFSF11 (interacts with) CUX1","0","O14788","","Q13948",""
"166.7666666666666","","interacts with","0","0.464192533","","PLA2G2D (interacts with) OR56A4",,"0","0","0","1","0.526829268","0.401555798",,"false","interacts with","PLA2G2D (interacts with) OR56A4","0","Q9UNK4","","Q8NGH8",""
"0.0","","interacts with","0","0.582333853","","BCL2 (interacts with) BCL2",,"1","1","1","1","0.765853659","0.398814048",,"false","interacts with","BCL2 (interacts with) BCL2","0","P10415","","P10415",""
"148.10000000000005","","interacts with","0","0.46419197","","PLA2G2D (interacts with) TMEM200C",,"0","0","0","1","0.526829268","0.401554672",,"false","interacts with","PLA2G2D (interacts with) TMEM200C","0","Q9UNK4","","A6NKL6",""
"341.53333333333313","","interacts with","0","0.476426166","","COL5A3 (interacts with) DAW1",,"1","0","1","1","0.551219512","0.40163282",,"false","interacts with","COL5A3 (interacts with) DAW1","0","P25940","","Q8N136",""
"245.17142857142863","","interacts with","0","0.476387103","","PLA2G2D (interacts with) RNF168",,"0","0","0","1","0.551219512","0.401554694",,"false","interacts with","PLA2G2D (interacts with) RNF168","0","Q9UNK4","","Q8IYW5",""
"392.77019647019625","","interacts with","0","0.464192273","","ZCCHC8 (interacts with) TCTN1",,"0","0","0","1","0.526829268","0.401555277",,"false","interacts with","ZCCHC8 (interacts with) TCTN1","0","Q6NZY4","","Q2MV58",""
"82.49999999999997","","interacts with","0","0.461753165","","PLA2G2D (interacts with) HLA-DRB3",,"0","0","0","1","0.52195122","0.40155511",,"false","interacts with","PLA2G2D (interacts with) HLA-DRB3","0","Q9UNK4","","P79483",""
"65.16666666666667","","interacts with","0","0.476387073","","TRBV10-3 (interacts with) SALL2",,"0","0","0","1","0.551219512","0.401554633",,"false","interacts with","TRBV10-3 (interacts with) SALL2","0","A0A0K0K1G6","","Q9Y467",""
"30.0","","interacts with","0","0.461816314","","CTSK (interacts with) INTS5",,"1","0","1","1","0.52195122","0.401681409",,"false","interacts with","CTSK (interacts with) INTS5","0","P43235","","Q6P9B9",""
"220.0","","interacts with","0","0.476387122","","TRBV10-3 (interacts with) GARIN2",,"0","0","0","1","0.551219512","0.401554732",,"false","interacts with","TRBV10-3 (interacts with) GARIN2","0","A0A0K0K1G6","","Q8N9W8",""
"220.0","","interacts with","0","0.564122734","","PRPF19 (interacts with) PPP4R2",,"0","0","0","1","0.726829268","0.4014162",,"false","interacts with","PRPF19 (interacts with) PPP4R2","0","Q9UMS4","","Q9NY27",""
"136.33333333333337","","interacts with","0","0.476387141","","TRBV10-3 (interacts with) GRAMD2B",,"0","0","0","1","0.551219512","0.40155477",,"false","interacts with","TRBV10-3 (interacts with) GRAMD2B","0","A0A0K0K1G6","","Q96HH9",""
"1187.3333333333335","","interacts with","0","0.564068373","","PRPF19 (interacts with) RNF2",,"0","0","0","1","0.726829268","0.401307477",,"false","interacts with","PRPF19 (interacts with) RNF2","0","Q9UMS4","","Q99496",""
"56.0","","interacts with","0","0.476426316","","RELA (interacts with) OR7A2P",,"1","0","1","1","0.551219512","0.401633119",,"false","interacts with","RELA (interacts with) OR7A2P","0","Q04206","","Q8NGA2",""
"221.54761904761912","","interacts with","0","0.46419209","","TRBV10-3 (interacts with) PPP1R8",,"0","0","0","1","0.526829268","0.401554911",,"false","interacts with","TRBV10-3 (interacts with) PPP1R8","0","A0A0K0K1G6","","Q12972",""
"125.3261904761904","","interacts with","0","0.47638714","","MARK1 (interacts with) ST8SIA5",,"0","0","0","1","0.551219512","0.401554768",,"false","interacts with","MARK1 (interacts with) ST8SIA5","0","Q9P0L2","","O15466",""
"67.00000000000001","","interacts with","0","0.476426215","","COL1A2 (interacts with) PDGFD",,"1","0","1","1","0.551219512","0.401632917",,"false","interacts with","COL1A2 (interacts with) PDGFD","0","P08123","","Q9GZP0",""
"2.0","","interacts with","0","0.461753007","","MARK1 (interacts with) ZNF595",,"0","0","0","1","0.52195122","0.401554794",,"false","interacts with","MARK1 (interacts with) ZNF595","0","Q9P0L2","","Q8IYB9",""
"25.5","","interacts with","0","0.476426294","","SPP1 (interacts with) ZNF358",,"1","0","1","1","0.551219512","0.401633077",,"false","interacts with","SPP1 (interacts with) ZNF358","0","P10451","","Q9NW07",""
"69.36666666666666","","interacts with","0","0.469070139","","KRT39 (interacts with) HSP90AA4P",,"0","0","0","1","0.536585366","0.401554912",,"false","interacts with","KRT39 (interacts with) HSP90AA4P","0","Q6A163","","Q58FG1",""
"420.7142857142856","","interacts with","0","0.476387183","","TRBV10-3 (interacts with) PRR5",,"0","0","0","1","0.551219512","0.401554855",,"false","interacts with","TRBV10-3 (interacts with) PRR5","0","A0A0K0K1G6","","P85299",""
"192.0","","interacts with","0","0.476426237","","COL3A1 (interacts with) RSBN1",,"1","0","1","1","0.551219512","0.401632962",,"false","interacts with","COL3A1 (interacts with) RSBN1","0","P02461","","Q5VWQ0",""
"744.0","","interacts with","0","0.564143418","","SOCS5 (interacts with) TMBIM1",,"0","0","0","1","0.726829268","0.401457567",,"false","interacts with","SOCS5 (interacts with) TMBIM1","0","O75159","","Q969X1",""
"9.733333333333334","","interacts with","0","0.464231215","","PRKACA (interacts with) NXPH1",,"1","0","1","1","0.526829268","0.401633161",,"false","interacts with","PRKACA (interacts with) NXPH1","0","P17612","","P58417",""
"42.03333333333333","","interacts with","0","0.476387403","","ZKSCAN4 (interacts with) RPL3",,"0","0","0","1","0.551219512","0.401555294",,"false","interacts with","ZKSCAN4 (interacts with) RPL3","0","Q969J2","","P39023",""
"361.4189057782436","","interacts with","0","0.476387155","","SH3D21 (interacts with) BCL9",,"0","0","0","1","0.551219512","0.401554798",,"false","interacts with","SH3D21 (interacts with) BCL9","0","A4FU49","","O00512",""
"1112.6190476190473","","interacts with","0","0.561629723","","PRPF19 (interacts with) PPP1R8",,"0","0","0","1","0.72195122","0.401308227","0.318021201","false","interacts with","PRPF19 (interacts with) PPP1R8","1","Q9UMS4","","Q12972",""
"0.0","","interacts with","0","0.650830335","","TNFSF11 (interacts with) TNFSF11",,"1","1","1","1","0.907317073","0.394343597",,"false","interacts with","TNFSF11 (interacts with) TNFSF11","0","O14788","","O14788",""
"103.0","","interacts with","0","0.57382431","","PRPF19 (interacts with) SART1",,"0","0","0","1","0.746341463","0.401307156",,"false","interacts with","PRPF19 (interacts with) SART1","0","Q9UMS4","","O43290",""
"15.666666666666668","","interacts with","0","0.464255243","","CTSK (interacts with) FANCI",,"1","0","1","1","0.526829268","0.401681217",,"false","interacts with","CTSK (interacts with) FANCI","0","P43235","","Q9NVI1",""
"18.366666666666664","","interacts with","0","0.476387182","","ZKSCAN4 (interacts with) TIMP4",,"0","0","0","1","0.551219512","0.401554852",,"false","interacts with","ZKSCAN4 (interacts with) TIMP4","0","Q969J2","","Q99727",""
"52.000000000000036","","interacts with","0","0.476426159","","COL1A2 (interacts with) MKRN4P",,"1","0","1","1","0.551219512","0.401632806",,"false","interacts with","COL1A2 (interacts with) MKRN4P","0","P08123","","Q13434",""
"12.0","","interacts with","0","0.476426238","","ZNF839 (interacts with) CASP3",,"0","1","1","1","0.551219512","0.401632964",,"false","interacts with","ZNF839 (interacts with) CASP3","0","A8K0R7","","P42574",""
"1742.6288600288588","","interacts with","0","0.476426263","","COL5A3 (interacts with) MFSD10",,"1","0","1","1","0.551219512","0.401633013",,"false","interacts with","COL5A3 (interacts with) MFSD10","0","P25940","","Q14728",""
"414.0","","interacts with","0","0.476387144","","RPAP3 (interacts with) BDP1",,"0","0","0","1","0.551219512","0.401554776",,"false","interacts with","RPAP3 (interacts with) BDP1","0","Q9H6T3","","A6H8Y1",""
"2.6666666666666665","","interacts with","0","0.461753345","","CCNE2 (interacts with) TLCD3B",,"0","0","0","1","0.52195122","0.401555471",,"false","interacts with","CCNE2 (interacts with) TLCD3B","0","O96020","","Q71RH2",""
"414.0","","interacts with","0","0.464192224","","CCDC83 (interacts with) TCTN3",,"0","0","0","1","0.526829268","0.40155518",,"false","interacts with","CCDC83 (interacts with) TCTN3","0","Q8IWF9","","Q6NUS6",""
"414.0","","interacts with","0","0.464192223","","DSPP (interacts with) C10orf67",,"0","0","0","1","0.526829268","0.401555177",,"false","interacts with","DSPP (interacts with) C10orf67","0","Q9NZW4","","Q8IYJ2",""
"414.0","","interacts with","0","0.464231269","","BMP2 (interacts with) PDX1",,"1","0","1","1","0.526829268","0.401633269",,"false","interacts with","BMP2 (interacts with) PDX1","0","P12643","","P52945",""
"128.0","","interacts with","0","0.517837756","","SEPTIN5 (interacts with) ARF1",,"0","0","0","1","0.634146341","0.401529171",,"false","interacts with","SEPTIN5 (interacts with) ARF1","0","Q99719","","P84077",""
"192.0","","interacts with","0","0.564067881","","NCBP2 (interacts with) ICE2",,"0","0","0","1","0.726829268","0.401306494",,"false","interacts with","NCBP2 (interacts with) ICE2","0","P52298","","Q659A1",""
"220.0","","interacts with","0","0.566514213","","PRXL2A (interacts with) RTN1",,"0","0","0","1","0.731707317","0.401321109",,"false","interacts with","PRXL2A (interacts with) RTN1","0","Q9BRX8","","Q16799",""
"143.66666666666663","","interacts with","0","0.476426291","","FAM166C (interacts with) TRAF6",,"0","1","1","1","0.551219512","0.40163307",,"false","interacts with","FAM166C (interacts with) TRAF6","0","A6NJV1","","Q9Y4K3",""
"195.44329004329003","","interacts with","0","0.60066098","","NCBP2 (interacts with) RBM25",,"0","0","0","1","0.8","0.40132196",,"false","interacts with","NCBP2 (interacts with) RBM25","0","P52298","","P49756",""
"290.2220557220557","","interacts with","0","0.476426304","","TP53 (interacts with) DNAAF1",,"1","0","1","1","0.551219512","0.401633096",,"false","interacts with","TP53 (interacts with) DNAAF1","0","P04637","","Q8NEP3",""
"584.4999999999999","","interacts with","0","0.476387286","","PRXL2A (interacts with) FAM117B",,"0","0","0","1","0.551219512","0.40155506",,"false","interacts with","PRXL2A (interacts with) FAM117B","0","Q9BRX8","","Q6P1L5",""
"60.169047619047625","","interacts with","0","0.561636497","","TRPC4AP (interacts with) FAM120AOS",,"0","0","0","1","0.72195122","0.401321775",,"false","interacts with","TRPC4AP (interacts with) FAM120AOS","0","Q8TEL6","","Q5T036",""
"220.0","","interacts with","0","0.476387154","","PRXL2A (interacts with) IGHV3-9",,"0","0","0","1","0.551219512","0.401554796",,"false","interacts with","PRXL2A (interacts with) IGHV3-9","0","Q9BRX8","","P01782",""
"153.33333333333331","","interacts with","0","0.476426329","","CALB2 (interacts with) TRAF6",,"0","1","1","1","0.551219512","0.401633145",,"false","interacts with","CALB2 (interacts with) TRAF6","0","P22676","","Q9Y4K3",""
"192.0","","interacts with","0","0.464216091","","NPY4R2 (interacts with) BOD1L1",,"0","0","0","1","0.526829268","0.401602915",,"false","interacts with","NPY4R2 (interacts with) BOD1L1","0","P0DQD5","","Q8NFC6",""
"111.0","","interacts with","0","0.476426304","","TNFSF11 (interacts with) C6orf118",,"1","0","1","1","0.551219512","0.401633095",,"false","interacts with","TNFSF11 (interacts with) C6orf118","0","O14788","","Q5T5N4",""
"115.0","","interacts with","0","0.464231235","","CASP3 (interacts with) DMRTA2",,"1","0","1","1","0.526829268","0.401633202",,"false","interacts with","CASP3 (interacts with) DMRTA2","0","P42574","","Q96SC8",""
"313.2714285714285","","interacts with","0","0.564067738","","PRXL2A (interacts with) TLR5",,"0","0","0","1","0.726829268","0.401306208",,"false","interacts with","PRXL2A (interacts with) TLR5","0","Q9BRX8","","O60602",""
"10.0","","interacts with","0","0.564067815","","ARID5B (interacts with) H2BC26",,"0","0","0","1","0.726829268","0.401306361",,"false","interacts with","ARID5B (interacts with) H2BC26","0","Q14865","","Q8N257",""
"254.37697008873485","","interacts with","0","0.615669142","","HSP90AA4P (interacts with) DLST",,"0","0","0","1","0.829268293","0.40206999",,"false","interacts with","HSP90AA4P (interacts with) DLST","0","Q58FG1","","P36957",""
"28.490476190476183","","interacts with","0","0.47642626","","MYCL (interacts with) CFAP100",,"1","0","1","1","0.551219512","0.401633008",,"false","interacts with","MYCL (interacts with) CFAP100","0","P12524","","Q494V2",""
"49.666666666666664","","interacts with","0","0.476426316","","RNF13 (interacts with) RELA",,"0","1","1","1","0.551219512","0.401633119",,"false","interacts with","RNF13 (interacts with) RELA","0","O43567","","Q04206",""
"18.0","","interacts with","0","0.561493289","","IMMT (interacts with) KIF22",,"0","0","0","1","0.72195122","0.401035358",,"false","interacts with","IMMT (interacts with) KIF22","0","Q16891","","Q14807",""
"37.16666666666667","","interacts with","0","0.476426269","","VTN (interacts with) STON1",,"1","0","1","1","0.551219512","0.401633026",,"false","interacts with","VTN (interacts with) STON1","0","P04004","","Q9Y6Q2",""
"32.0","","interacts with","0","0.564068202","","SYNE4 (interacts with) SEC23B",,"0","0","0","1","0.726829268","0.401307135",,"false","interacts with","SYNE4 (interacts with) SEC23B","0","Q8N205","","Q15437",""
"297.9288515406162","","interacts with","0","0.615392999","","HSP90AA4P (interacts with) SLC48A1",,"0","0","0","1","0.829268293","0.401517706",,"false","interacts with","HSP90AA4P (interacts with) SLC48A1","0","Q58FG1","","Q6P1K1",""
"69.36666666666666","","interacts with","0","0.47638719","","HSP90AA4P (interacts with) NEIL3",,"0","0","0","1","0.551219512","0.401554868",,"false","interacts with","HSP90AA4P (interacts with) NEIL3","0","Q58FG1","","Q8TAT5",""
"21.866666666666664","","interacts with","0","0.476426267","","BCL2 (interacts with) CDY1B",,"1","0","1","1","0.551219512","0.401633022",,"false","interacts with","BCL2 (interacts with) CDY1B","0","P10415","","Q9Y6F8",""
"124.0","","interacts with","0","0.573936679","","HOXD13 (interacts with) FOXP1",,"0","0","0","1","0.746341463","0.401531895",,"false","interacts with","HOXD13 (interacts with) FOXP1","0","P35453","","Q9H334",""
"0.0","","interacts with","0","0.652839731","","GSK3B (interacts with) GSK3B",,"1","1","1","1","0.912195122","0.39348434",,"false","interacts with","GSK3B (interacts with) GSK3B","0","P49841","","P49841",""
"207.66904761904763","","interacts with","0","0.564068737","","TRPC4AP (interacts with) EPB41L5",,"0","0","0","1","0.726829268","0.401308205",,"false","interacts with","TRPC4AP (interacts with) EPB41L5","0","Q8TEL6","","Q9HCM4",""
"1693.572201339341","","interacts with","0","0.476426272","","TP53 (interacts with) SCN3B",,"1","0","1","1","0.551219512","0.401633031",,"false","interacts with","TP53 (interacts with) SCN3B","0","P04637","","Q9NY72",""
"215.0","","interacts with","0","0.476426184","","CASP3 (interacts with) TPX2",,"1","0","1","1","0.551219512","0.401632855",,"false","interacts with","CASP3 (interacts with) TPX2","0","P42574","","Q9ULW0",""
"192.0","","interacts with","0","0.464255199","","COL3A1 (interacts with) WNT1",,"1","0","1","1","0.526829268","0.401681129",,"false","interacts with","COL3A1 (interacts with) WNT1","0","P02461","","P04628",""
"589.9682539682539","","interacts with","0","0.561630626","","SYVN1 (interacts with) PDIA3",,"0","0","0","1","0.72195122","0.401310032","0.260306243","false","interacts with","SYVN1 (interacts with) PDIA3","1","Q86TM6","","P30101",""
"7.0","","interacts with","0","0.464192219","","IMMT (interacts with) UGDH",,"0","0","0","1","0.526829268","0.40155517",,"false","interacts with","IMMT (interacts with) UGDH","0","Q16891","","O60701",""
"12.0","","interacts with","0","0.476387143","","TXNRD3 (interacts with) KIF27",,"0","0","0","1","0.551219512","0.401554774",,"false","interacts with","TXNRD3 (interacts with) KIF27","0","Q86VQ6","","Q86VH2",""
"5.0","","interacts with","0","0.63959689","","IMMT (interacts with) YME1L1",,"0","0","0","1","0.87804878","0.401145",,"false","interacts with","IMMT (interacts with) YME1L1","0","Q16891","","Q96TA2",""
"10.926739926739927","","interacts with","0","0.476426192","","PRKACA (interacts with) ZMYM5",,"1","0","1","1","0.551219512","0.401632872",,"false","interacts with","PRKACA (interacts with) ZMYM5","0","P17612","","Q9UJ78",""
"11.666666666666668","","interacts with","0","0.476426266","","REELD1 (interacts with) BCL2",,"0","1","1","1","0.551219512","0.40163302",,"false","interacts with","REELD1 (interacts with) BCL2","0","A0A1B0GV85","","P10415",""
"5.800000000000001","","interacts with","0","0.469070153","","SLC25A3 (interacts with) PDZD4",,"0","0","0","1","0.536585366","0.40155494",,"false","interacts with","SLC25A3 (interacts with) PDZD4","0","Q00325","","Q76G19",""
"7.0","","interacts with","0","0.464231348","","SRC (interacts with) N4BP2L2",,"1","0","1","1","0.526829268","0.401633427",,"false","interacts with","SRC (interacts with) N4BP2L2","0","P12931","","Q92802",""
"4442.540481279318","","interacts with","0","0.476387132","","PDK1 (interacts with) BDP1",,"0","0","0","1","0.551219512","0.401554752",,"false","interacts with","PDK1 (interacts with) BDP1","0","Q15118","","A6H8Y1",""
"156.66666666666669","","interacts with","0","0.476426248","","RELA (interacts with) DAZAP2",,"1","0","1","1","0.551219512","0.401632984",,"false","interacts with","RELA (interacts with) DAZAP2","0","Q04206","","Q15038",""
"427.7190476190476","","interacts with","0","0.573935539","","SUZ12 (interacts with) REST",,"0","0","0","1","0.746341463","0.401529615",,"false","interacts with","SUZ12 (interacts with) REST","0","Q15022","","Q13127",""
"56.0","","interacts with","0","0.47642628","","RELA (interacts with) SCRT2",,"1","0","1","1","0.551219512","0.401633047",,"false","interacts with","RELA (interacts with) SCRT2","0","Q04206","","Q9NQ03",""
"192.0","","interacts with","0","0.464255273","","KCNJ1 (interacts with) BOD1L1",,"0","0","0","1","0.526829268","0.401681277",,"false","interacts with","KCNJ1 (interacts with) BOD1L1","0","P48048","","Q8NFC6",""
"316.28095238095244","","interacts with","0","0.56406796","","SYVN1 (interacts with) EIF2S1",,"0","0","0","1","0.726829268","0.401306652","0.318021201","false","interacts with","SYVN1 (interacts with) EIF2S1","1","Q86TM6","","P05198",""
"475.3757575757577","","interacts with","0","0.5714169","","SUZ12 (interacts with) RCOR3",,"0","0","0","1","0.741463415","0.401370385",,"false","interacts with","SUZ12 (interacts with) RCOR3","0","Q15022","","Q9P2K3",""
"255.52380952380958","","interacts with","0","0.561630301","","SYVN1 (interacts with) TACC1",,"0","0","0","1","0.72195122","0.401309382",,"false","interacts with","SYVN1 (interacts with) TACC1","0","Q86TM6","","O75410",""
"690.5428571428571","","interacts with","0","0.573936195","","SUZ12 (interacts with) PDCD6",,"0","0","0","1","0.746341463","0.401530927",,"false","interacts with","SUZ12 (interacts with) PDCD6","0","Q15022","","O75340",""
"192.0","","interacts with","0","0.586025033","","SUZ12 (interacts with) UTP15",,"0","0","0","1","0.770731707","0.401318359",,"false","interacts with","SUZ12 (interacts with) UTP15","0","Q15022","","Q8TED0",""
"819.939704739705","","interacts with","0","0.573823899","","SUZ12 (interacts with) WDR77",,"0","0","0","1","0.746341463","0.401306335",,"false","interacts with","SUZ12 (interacts with) WDR77","0","Q15022","","Q9BQA1",""
"414.0","","interacts with","0","0.464216122","","PDIA2 (interacts with) BDP1",,"0","0","0","1","0.526829268","0.401602976",,"false","interacts with","PDIA2 (interacts with) BDP1","0","Q13087","","A6H8Y1",""
"138.0","","interacts with","0","0.46423135","","TNFSF11 (interacts with) ALX4",,"1","0","1","1","0.526829268","0.401633433",,"false","interacts with","TNFSF11 (interacts with) ALX4","0","O14788","","Q9H161",""
"920.3112554112552","","interacts with","0","0.464216107","","SUZ12 (interacts with) BOD1L1",,"0","0","0","1","0.526829268","0.401602946",,"false","interacts with","SUZ12 (interacts with) BOD1L1","0","Q15022","","Q8NFC6",""
"3.4299145299145306","","interacts with","0","0.461816119","","TPR (interacts with) PRKACA",,"0","1","1","1","0.52195122","0.401681019","0.02237927","false","interacts with","TPR (interacts with) PRKACA","1","P12270","","P17612",""
"400.88253968253986","","interacts with","0","0.573936604","","SUZ12 (interacts with) PDIA3",,"0","0","0","1","0.746341463","0.401531746",,"false","interacts with","SUZ12 (interacts with) PDIA3","0","Q15022","","P30101",""
"150.66666666666663","","interacts with","0","0.564067972","","C1orf43 (interacts with) TTYH1",,"0","0","0","1","0.726829268","0.401306675",,"false","interacts with","C1orf43 (interacts with) TTYH1","0","Q9BWL3","","Q9H313",""
"208.1333333333333","","interacts with","0","0.476426265","","GOLGA6B (interacts with) BMP2",,"0","1","1","1","0.551219512","0.401633017",,"false","interacts with","GOLGA6B (interacts with) BMP2","0","A6NDN3","","P12643",""
"474.99956709956723","","interacts with","0","0.561636377","","SUZ12 (interacts with) NCBP2",,"0","0","0","1","0.72195122","0.401321533",,"false","interacts with","SUZ12 (interacts with) NCBP2","0","Q15022","","P52298",""
"37.666666666666664","","interacts with","0","0.476426481","","MYCL (interacts with) KCNA7",,"1","0","1","1","0.551219512","0.401633449",,"false","interacts with","MYCL (interacts with) KCNA7","0","P12524","","Q96RP8",""
"751.2690920190923","","interacts with","0","0.561671694","","SUZ12 (interacts with) EPB41L5",,"0","0","0","1","0.72195122","0.401392168",,"false","interacts with","SUZ12 (interacts with) EPB41L5","0","Q15022","","Q9HCM4",""
"142.5190476190476","","interacts with","0","0.564068432","","ZRSR2 (interacts with) SNRNP48",,"0","0","0","1","0.726829268","0.401307596",,"false","interacts with","ZRSR2 (interacts with) SNRNP48","0","Q15696","","Q6IEG0",""
"530.5","","interacts with","0","0.476387084","","PRR14L (interacts with) EPB41L3",,"0","0","0","1","0.551219512","0.401554656",,"false","interacts with","PRR14L (interacts with) EPB41L3","0","Q5THK1","","Q9Y2J2",""
"110.5","","interacts with","0","0.476387077","","PRR14L (interacts with) CFAP221",,"0","0","0","1","0.551219512","0.401554641",,"false","interacts with","PRR14L (interacts with) CFAP221","0","Q5THK1","","Q4G0U5",""
"1426.258968548246","","interacts with","0","0.564075723","","ZNF438 (interacts with) ZNF526",,"0","0","0","1","0.726829268","0.401322177",,"false","interacts with","ZNF438 (interacts with) ZNF526","0","Q7Z4V0","","Q8TF50",""
"218.46666666666667","","interacts with","0","0.57149755","","SUZ12 (interacts with) NCAPG",,"0","0","0","1","0.741463415","0.401531685",,"false","interacts with","SUZ12 (interacts with) NCAPG","0","Q15022","","Q9BPX3",""
"308.4761904761905","","interacts with","0","0.564068029","","SUZ12 (interacts with) TRIM37",,"0","0","0","1","0.726829268","0.40130679",,"false","interacts with","SUZ12 (interacts with) TRIM37","0","Q15022","","O94972",""
"137.18571428571428","","interacts with","0","0.561637348","","ZRSR2 (interacts with) SART1",,"0","0","0","1","0.72195122","0.401323477",,"false","interacts with","ZRSR2 (interacts with) SART1","0","Q15696","","O43290",""
"25.0","","interacts with","0","0.476387142","","SRRM2 (interacts with) IMMT",,"0","0","0","1","0.551219512","0.401554771",,"false","interacts with","SRRM2 (interacts with) IMMT","0","Q9UQ35","","Q16891",""
"414.0","","interacts with","0","0.469109347","","IGKV3D-11 (interacts with) SOST",,"0","1","1","1","0.536585366","0.401633328",,"false","interacts with","IGKV3D-11 (interacts with) SOST","0","A0A0A0MRZ8","","Q9BQB4",""
"136.0","","interacts with","0","0.461816319","","COL5A1 (interacts with) CERS4",,"1","0","1","1","0.52195122","0.401681418",,"false","interacts with","COL5A1 (interacts with) CERS4","0","P20908","","Q9HA82",""
"3.1666666666666665","","interacts with","0","0.598133906","","MAP2K5 (interacts with) SLC25A3",,"0","0","0","1","0.795121951","0.40114586",,"false","interacts with","MAP2K5 (interacts with) SLC25A3","0","Q13163","","Q00325",""
"358.4285714285715","","interacts with","0","0.476426247","","CCNE2 (interacts with) COL5A3",,"0","1","1","1","0.551219512","0.401632982",,"false","interacts with","CCNE2 (interacts with) COL5A3","0","O96020","","P25940",""
"110.5","","interacts with","0","0.476387064","","PRR14L (interacts with) TRIM36",,"0","0","0","1","0.551219512","0.401554615",,"false","interacts with","PRR14L (interacts with) TRIM36","0","Q5THK1","","Q9NQ86",""
"414.0","","interacts with","0","0.476387106","","ZNF257 (interacts with) BDP1",,"0","0","0","1","0.551219512","0.401554699",,"false","interacts with","ZNF257 (interacts with) BDP1","0","Q9Y2Q1","","A6H8Y1",""
"46.0","","interacts with","0","0.476426192","","COL5A2 (interacts with) ZNF449",,"1","0","1","1","0.551219512","0.401632873",,"false","interacts with","COL5A2 (interacts with) ZNF449","0","P05997","","Q6P9G9",""
"110.5","","interacts with","0","0.476387076","","PRR14L (interacts with) ZFR2",,"0","0","0","1","0.551219512","0.401554639",,"false","interacts with","PRR14L (interacts with) ZFR2","0","Q5THK1","","Q9UPR6",""
"165.60769230769225","","interacts with","0","0.464216095","","RAPGEFL1 (interacts with) BOD1L1",,"0","0","0","1","0.526829268","0.401602922",,"false","interacts with","RAPGEFL1 (interacts with) BOD1L1","0","Q9UHV5","","Q8NFC6",""
"7.0","","interacts with","0","0.476426239","","BGLAP (interacts with) FAM219B",,"1","0","1","1","0.551219512","0.401632965",,"false","interacts with","BGLAP (interacts with) FAM219B","0","P02818","","Q5XKK7",""
"22.155311355311348","","interacts with","0","0.461777183","","RAPGEFL1 (interacts with) ANKRD36B",,"0","0","0","1","0.52195122","0.401603146",,"false","interacts with","RAPGEFL1 (interacts with) ANKRD36B","0","Q9UHV5","","Q8N2N9",""
"52.0","","interacts with","0","0.461777123","","CLEC4A (interacts with) STOX2",,"0","0","0","1","0.52195122","0.401603026",,"false","interacts with","CLEC4A (interacts with) STOX2","0","Q9UMR7","","Q9P2F5",""
"218.66666666666666","","interacts with","0","0.469109173","","BMP2 (interacts with) IZUMO1",,"1","0","1","1","0.536585366","0.401632981",,"false","interacts with","BMP2 (interacts with) IZUMO1","0","P12643","","Q8IYV9",""
"30.0","","interacts with","0","0.464192204","","GCGR (interacts with) PCARE",,"0","0","0","1","0.526829268","0.40155514",,"false","interacts with","GCGR (interacts with) PCARE","0","P47871","","A6NGG8",""
"57.571428571428555","","interacts with","0","0.476387328","","ZNF629 (interacts with) PPWD1",,"0","0","0","1","0.551219512","0.401555143",,"false","interacts with","ZNF629 (interacts with) PPWD1","0","Q9UEG4","","Q96BP3",""
"35.03809523809524","","interacts with","0","0.464231295","","MYCL (interacts with) RPL3",,"1","0","1","1","0.526829268","0.401633322",,"false","interacts with","MYCL (interacts with) RPL3","0","P12524","","P39023",""
"130.0","","interacts with","0","0.464231678","","CNR2 (interacts with) SULT1C3",,"1","0","1","1","0.526829268","0.401634087",,"false","interacts with","CNR2 (interacts with) SULT1C3","0","P34972","","Q6IMI6",""
"8.433333333333334","","interacts with","0","0.476426281","","ATP2C2 (interacts with) BMP7",,"0","1","1","1","0.551219512","0.40163305",,"false","interacts with","ATP2C2 (interacts with) BMP7","0","O75185","","P18075",""
"11.0","","interacts with","0","0.476387074","","SRRM2 (interacts with) UGDH",,"0","0","0","1","0.551219512","0.401554635",,"false","interacts with","SRRM2 (interacts with) UGDH","0","Q9UQ35","","O60701",""
"114.4666666666667","","interacts with","0","0.47638714","","ZNF629 (interacts with) CEP126",,"0","0","0","1","0.551219512","0.401554769",,"false","interacts with","ZNF629 (interacts with) CEP126","0","Q9UEG4","","Q9P2H0",""
"138.0","","interacts with","0","0.476426221","","TNFSF11 (interacts with) ALDH9A1",,"1","0","1","1","0.551219512","0.40163293",,"false","interacts with","TNFSF11 (interacts with) ALDH9A1","0","O14788","","P49189",""
"51.99999999999997","","interacts with","0","0.476387136","","ZNF629 (interacts with) PGA4",,"0","0","0","1","0.551219512","0.40155476",,"false","interacts with","ZNF629 (interacts with) PGA4","0","Q9UEG4","","P0DJD7",""
"220.0","","interacts with","0","0.476426191","","GCA (interacts with) TRAF6",,"0","1","1","1","0.551219512","0.40163287",,"false","interacts with","GCA (interacts with) TRAF6","0","P28676","","Q9Y4K3",""
"52.999999999999986","","interacts with","0","0.464192207","","ZNF629 (interacts with) KLHL40",,"0","0","0","1","0.526829268","0.401555145",,"false","interacts with","ZNF629 (interacts with) KLHL40","0","Q9UEG4","","Q2TBA0",""
"28.0","","interacts with","0","0.464192185","","NPAS1 (interacts with) KIR3DL1",,"0","0","0","1","0.526829268","0.401555102",,"false","interacts with","NPAS1 (interacts with) KIR3DL1","0","Q99742","","P43629",""
"582.3547055849263","","interacts with","0","0.476387131","","BCL9 (interacts with) PAK4",,"0","0","0","1","0.551219512","0.401554749",,"false","interacts with","BCL9 (interacts with) PAK4","0","O00512","","O96013",""
"302.66666666666663","","interacts with","0","0.4691094","","CD82 (interacts with) SPATA18",,"0","0","0","1","0.536585366","0.401633435",,"false","interacts with","CD82 (interacts with) SPATA18","0","P27701","","Q8TC71",""
"356.0855724449102","","interacts with","0","0.476387146","","BCL9 (interacts with) RTL5",,"0","0","0","1","0.551219512","0.401554781",,"false","interacts with","BCL9 (interacts with) RTL5","0","O00512","","Q5HYW3",""
"303.76666666666665","","interacts with","0","0.469070102","","BCL9 (interacts with) RBMX2",,"0","0","0","1","0.536585366","0.401554839",,"false","interacts with","BCL9 (interacts with) RBMX2","0","O00512","","Q9Y388",""
"0.0","","interacts with","0","0.604224617","","PTGS1 (interacts with) PTGS1",,"1","1","1","1","0.785365854","0.42308338",,"false","interacts with","PTGS1 (interacts with) PTGS1","0","P23219","","P23219",""
"414.0","","interacts with","0","0.469070029","","BCL9 (interacts with) SRRM5",,"0","0","0","1","0.536585366","0.401554691",,"false","interacts with","BCL9 (interacts with) SRRM5","0","O00512","","B3KS81",""
"16.0","","interacts with","0","0.47638712","","SRRM2 (interacts with) YME1L1",,"0","0","0","1","0.551219512","0.401554727",,"false","interacts with","SRRM2 (interacts with) YME1L1","0","Q9UQ35","","Q96TA2",""
"336.21002886002884","","interacts with","0","0.476426271","","CCDC166 (interacts with) SOST",,"0","1","1","1","0.551219512","0.40163303",,"false","interacts with","CCDC166 (interacts with) SOST","0","P0CW27","","Q9BQB4",""
"216.94285714285706","","interacts with","0","0.561636181","","ZNF629 (interacts with) RPL3",,"0","0","0","1","0.72195122","0.401321143",,"false","interacts with","ZNF629 (interacts with) RPL3","0","Q9UEG4","","P39023",""
"11.0","","interacts with","0","0.464192151","","FUBP1 (interacts with) KIF27",,"0","0","0","1","0.526829268","0.401555034",,"false","interacts with","FUBP1 (interacts with) KIF27","0","Q96AE4","","Q86VH2",""
"228.0","","interacts with","0","0.47642649","","NPAS1 (interacts with) WNT7A",,"0","0","0","1","0.551219512","0.401633468",,"false","interacts with","NPAS1 (interacts with) WNT7A","0","Q99742","","O00755",""
"414.0","","interacts with","0","0.476426251","","TP53 (interacts with) FRZB",,"1","0","1","1","0.551219512","0.401632989",,"false","interacts with","TP53 (interacts with) FRZB","0","P04637","","Q92765",""
"786.8956376956378","","interacts with","0","0.476387161","","BCL9 (interacts with) C10orf67",,"0","0","0","1","0.551219512","0.40155481",,"false","interacts with","BCL9 (interacts with) C10orf67","0","O00512","","Q8IYJ2",""
"18.0","","interacts with","0","0.569051411","","SRRM2 (interacts with) EAPP",,"0","0","0","1","0.736585366","0.401517456",,"false","interacts with","SRRM2 (interacts with) EAPP","0","Q9UQ35","","Q56P03",""
"3484.4443011525327","","interacts with","0","0.476387186","","BCL9 (interacts with) RUFY1",,"0","0","0","1","0.551219512","0.401554861",,"false","interacts with","BCL9 (interacts with) RUFY1","0","O00512","","Q96T51",""
"414.0","","interacts with","0","0.464231251","","NKX6-3 (interacts with) TP53",,"0","1","1","1","0.526829268","0.401633234",,"false","interacts with","NKX6-3 (interacts with) TP53","0","A6NJ46","","P04637",""
"258.0","","interacts with","0","0.476426281","","CNR2 (interacts with) TBCE",,"1","0","1","1","0.551219512","0.40163305",,"false","interacts with","CNR2 (interacts with) TBCE","0","P34972","","Q15813",""
"381.54372540306326","","interacts with","0","0.476387241","","BCL9 (interacts with) SGCA",,"0","0","0","1","0.551219512","0.40155497",,"false","interacts with","BCL9 (interacts with) SGCA","0","O00512","","Q16586",""
"178.66666666666666","","interacts with","0","0.469109307","","CD82 (interacts with) THRB",,"0","0","0","1","0.536585366","0.401633249",,"false","interacts with","CD82 (interacts with) THRB","0","P27701","","P10828",""
"128.0","","interacts with","0","0.476426424","","NPAS1 (interacts with) VGLL3",,"0","0","0","1","0.551219512","0.401633336",,"false","interacts with","NPAS1 (interacts with) VGLL3","0","Q99742","","A8MV65",""
"414.0","","interacts with","0","0.469109272","","SOST (interacts with) AMDHD2",,"1","0","1","1","0.536585366","0.401633179",,"false","interacts with","SOST (interacts with) AMDHD2","0","Q9BQB4","","Q9Y303",""
"391.980375180375","","interacts with","0","0.476387121","","BCL9 (interacts with) GTF2A1L",,"0","0","0","1","0.551219512","0.401554729",,"false","interacts with","BCL9 (interacts with) GTF2A1L","0","O00512","","Q9UNN4",""
"426.9557145468911","","interacts with","0","0.476426193","","COL5A3 (interacts with) B3GAT1",,"1","0","1","1","0.551219512","0.401632875",,"false","interacts with","COL5A3 (interacts with) B3GAT1","0","P25940","","Q9P2W7",""
"285.34047619047635","","interacts with","0","0.461816182","","COL5A3 (interacts with) SLC26A3",,"1","0","1","1","0.52195122","0.401681145",,"false","interacts with","COL5A3 (interacts with) SLC26A3","0","P25940","","P40879",""
"138.0","","interacts with","0","0.561796003","","SH3GLB1 (interacts with) CALU",,"0","0","0","1","0.72195122","0.401640786",,"false","interacts with","SH3GLB1 (interacts with) CALU","0","Q9Y371","","O43852",""
"58.326806526806514","","interacts with","0","0.464192209","","LACC1 (interacts with) RFESD",,"0","0","0","1","0.526829268","0.401555149",,"false","interacts with","LACC1 (interacts with) RFESD","0","Q8IV20","","Q8TAC1",""
"43.300000000000004","","interacts with","0","0.476426212","","COL1A2 (interacts with) GPR141",,"1","0","1","1","0.551219512","0.401632911",,"false","interacts with","COL1A2 (interacts with) GPR141","0","P08123","","Q7Z602",""
"3.0","","interacts with","0","0.464192142","","LACC1 (interacts with) TSC22D2",,"0","0","0","1","0.526829268","0.401555015",,"false","interacts with","LACC1 (interacts with) TSC22D2","0","Q8IV20","","O75157",""
"192.0","","interacts with","0","0.464216117","","SLC25A30 (interacts with) BOD1L1",,"0","0","0","1","0.526829268","0.401602965",,"false","interacts with","SLC25A30 (interacts with) BOD1L1","0","Q5SVS4","","Q8NFC6",""
"359.7619047619048","","interacts with","0","0.476426208","","PRAMEF27 (interacts with) COL5A3",,"0","1","1","1","0.551219512","0.401632904",,"false","interacts with","PRAMEF27 (interacts with) COL5A3","0","A3QJZ7","","P25940",""
"28.833333333333332","","interacts with","0","0.476387022","","KCNA7 (interacts with) TIMP4",,"0","0","0","1","0.551219512","0.401554531",,"false","interacts with","KCNA7 (interacts with) TIMP4","0","Q96RP8","","Q99727",""
"42.0","","interacts with","0","0.593390687","","SRRM2 (interacts with) CAMKV",,"0","0","0","1","0.785365854","0.401415521",,"false","interacts with","SRRM2 (interacts with) CAMKV","0","Q9UQ35","","Q8NCB2",""
"24.928571428571423","","interacts with","0","0.476426262","","MYC (interacts with) FILIP1",,"1","0","1","1","0.551219512","0.401633012",,"false","interacts with","MYC (interacts with) FILIP1","0","P01106","","Q7Z7B0",""
"3.1666666666666665","","interacts with","0","0.476387512","","KCNA7 (interacts with) CFAP100",,"0","0","0","1","0.551219512","0.401555512",,"false","interacts with","KCNA7 (interacts with) CFAP100","0","Q96RP8","","Q494V2",""
"17.333333333333336","","interacts with","0","0.476426329","","RIOK3 (interacts with) PRKACA",,"0","1","1","1","0.551219512","0.401633147",,"false","interacts with","RIOK3 (interacts with) PRKACA","0","O14730","","P17612",""
"192.0","","interacts with","0","0.461777179","","ANKRD65 (interacts with) BOD1L1",,"0","0","0","1","0.52195122","0.401603138",,"false","interacts with","ANKRD65 (interacts with) BOD1L1","0","E5RJM6","","Q8NFC6",""
"414.0","","interacts with","0","0.476387156","","RUBCNL (interacts with) ST3GAL3",,"0","0","0","1","0.551219512","0.401554799",,"false","interacts with","RUBCNL (interacts with) ST3GAL3","0","Q9H714","","Q11203",""
"414.0","","interacts with","0","0.476426321","","TP53 (interacts with) TM2D2",,"1","0","1","1","0.551219512","0.401633129",,"false","interacts with","TP53 (interacts with) TM2D2","0","P04637","","Q9BX73",""
"1767.7678210678216","","interacts with","0","0.561630199","","UEVLD (interacts with) CGAS",,"0","0","0","1","0.72195122","0.401309178",,"false","interacts with","UEVLD (interacts with) CGAS","0","Q8IX04","","Q8N884",""
"622.0","","interacts with","0","0.615151426","","SH3GLB1 (interacts with) ZNF829",,"0","0","0","1","0.829268293","0.401034559",,"false","interacts with","SH3GLB1 (interacts with) ZNF829","0","Q9Y371","","Q3KNS6",""
"92.0","","interacts with","0","0.476426319","","CNR2 (interacts with) THNSL2",,"1","0","1","1","0.551219512","0.401633127",,"false","interacts with","CNR2 (interacts with) THNSL2","0","P34972","","Q86YJ6",""
"2.0","","interacts with","0","0.461816176","","COL5A1 (interacts with) RAPGEF4",,"1","0","1","1","0.52195122","0.401681133",,"false","interacts with","COL5A1 (interacts with) RAPGEF4","0","P20908","","Q8WZA2",""
"72.0","","interacts with","0","0.464255308","","COL1A2 (interacts with) CD38",,"1","0","1","1","0.526829268","0.401681349",,"false","interacts with","COL1A2 (interacts with) CD38","0","P08123","","P28907",""
"11.333333333333332","","interacts with","0","0.464192606","","KCNA7 (interacts with) ZKSCAN4",,"0","0","0","1","0.526829268","0.401555944",,"false","interacts with","KCNA7 (interacts with) ZKSCAN4","0","Q96RP8","","Q969J2",""
"0.0","","interacts with","0","0.55832244","","PTGS2 (interacts with) PTGS2",,"1","1","1","1","0.702439024","0.414205856",,"false","interacts with","PTGS2 (interacts with) PTGS2","0","P35354","","P35354",""
"580.0","","interacts with","0","0.61532622","","SH3GLB1 (interacts with) TTYH1",,"0","0","0","1","0.829268293","0.401384147",,"false","interacts with","SH3GLB1 (interacts with) TTYH1","0","Q9Y371","","Q9H313",""
"167.5666666666667","","interacts with","0","0.612649826","","TLR5 (interacts with) TLR4",,"0","0","0","1","0.824390244","0.400909409",,"false","interacts with","TLR5 (interacts with) TLR4","0","O60602","","O00206",""
"59.25714285714287","","interacts with","0","0.47642647","","MYC (interacts with) OR2A7",,"1","0","1","1","0.551219512","0.401633427",,"false","interacts with","MYC (interacts with) OR2A7","0","P01106","","Q96R45",""
"44.33333333333333","","interacts with","0","0.476426273","","BCL2 (interacts with) VWA1",,"1","0","1","1","0.551219512","0.401633034",,"false","interacts with","BCL2 (interacts with) VWA1","0","P10415","","Q6PCB0",""
"72.0","","interacts with","0","0.464255207","","COL1A2 (interacts with) CLEC4A",,"1","0","1","1","0.526829268","0.401681145",,"false","interacts with","COL1A2 (interacts with) CLEC4A","0","P08123","","Q9UMR7",""
"53.7","","interacts with","0","0.464192149","","SLC48A1 (interacts with) LRRC71",,"0","0","0","1","0.526829268","0.401555031",,"false","interacts with","SLC48A1 (interacts with) LRRC71","0","Q6P1K1","","Q8N4P6",""
"181.38108166343457","","interacts with","0","0.46423127","","MYC (interacts with) STAP1",,"1","0","1","1","0.526829268","0.401633272",,"false","interacts with","MYC (interacts with) STAP1","0","P01106","","Q9ULZ2",""
"120.0","","interacts with","0","0.461816308","","COL1A2 (interacts with) GPATCH2",,"1","0","1","1","0.52195122","0.401681397",,"false","interacts with","COL1A2 (interacts with) GPATCH2","0","P08123","","Q9NW75",""
"152.42885154061625","","interacts with","0","0.476387167","","SLC48A1 (interacts with) CGN",,"0","0","0","1","0.551219512","0.401554821",,"false","interacts with","SLC48A1 (interacts with) CGN","0","Q6P1K1","","Q9P2M7",""
"21.333333333333332","","interacts with","0","0.476387181","","SLC48A1 (interacts with) VWA1",,"0","0","0","1","0.551219512","0.40155485",,"false","interacts with","SLC48A1 (interacts with) VWA1","0","Q6P1K1","","Q6PCB0",""
"220.0","","interacts with","0","0.476426314","","MITD1 (interacts with) TRAF6",,"0","1","1","1","0.551219512","0.401633116",,"false","interacts with","MITD1 (interacts with) TRAF6","0","Q8WV92","","Q9Y4K3",""
"20.333333333333332","","interacts with","0","0.476387169","","SLC48A1 (interacts with) FAM86B2",,"0","0","0","1","0.551219512","0.401554826",,"false","interacts with","SLC48A1 (interacts with) FAM86B2","0","Q6P1K1","","P0C5J1",""
"6.0","","interacts with","0","0.56163642","","AP1B1 (interacts with) SMAP2",,"0","0","0","1","0.72195122","0.401321621",,"false","interacts with","AP1B1 (interacts with) SMAP2","0","Q10567","","Q8WU79",""
"65.1764705882353","","interacts with","0","0.476387184","","SLC48A1 (interacts with) ZNF219",,"0","0","0","1","0.551219512","0.401554855",,"false","interacts with","SLC48A1 (interacts with) ZNF219","0","Q6P1K1","","Q9P2Y4",""
"65.17647058823529","","interacts with","0","0.464192262","","SLC48A1 (interacts with) CDY2B",,"0","0","0","1","0.526829268","0.401555255",,"false","interacts with","SLC48A1 (interacts with) CDY2B","0","Q6P1K1","","Q9Y6F7",""
"2.0","","interacts with","0","0.564068544","","NAA16 (interacts with) NAA11",,"0","0","0","1","0.726829268","0.40130782",,"false","interacts with","NAA16 (interacts with) NAA11","0","Q6N069","","Q9BSU3",""
"0.0","","interacts with","0","0.529450212","","AKT1 (interacts with) AKT1",,"1","1","1","1","0.63902439","0.419876033",,"false","interacts with","AKT1 (interacts with) AKT1","0","P31749","","P31749",""
"254.2388888888888","","interacts with","0","0.476387265","","NKAIN1 (interacts with) NBPF4",,"0","0","0","1","0.551219512","0.401555018",,"false","interacts with","NKAIN1 (interacts with) NBPF4","0","Q4KMZ8","","Q96M43",""
"28.0","","interacts with","0","0.464192048","","ZNF133 (interacts with) DCDC2C",,"0","0","0","1","0.526829268","0.401554827",,"false","interacts with","ZNF133 (interacts with) DCDC2C","0","P52736","","A8MYV0",""
"0.0","","interacts with","0","0.552806146","","TRAF6 (interacts with) TRAF6",,"1","1","1","1","0.707317073","0.398295219",,"false","interacts with","TRAF6 (interacts with) TRAF6","0","Q9Y4K3","","Q9Y4K3",""
"337.7650793650794","","interacts with","0","0.476387155","","RUBCNL (interacts with) SCAF4",,"0","0","0","1","0.551219512","0.401554797",,"false","interacts with","RUBCNL (interacts with) SCAF4","0","Q9H714","","O95104",""
"37.16666666666667","","interacts with","0","0.476426208","","VTN (interacts with) THBS4",,"1","0","1","1","0.551219512","0.401632904",,"false","interacts with","VTN (interacts with) THBS4","0","P04004","","P35443",""
"13.288095238095238","","interacts with","0","0.46907035","","NKAIN1 (interacts with) ZFP57",,"0","0","0","1","0.536585366","0.401555334",,"false","interacts with","NKAIN1 (interacts with) ZFP57","0","Q4KMZ8","","Q9NU63",""
"1311.0365689865694","","interacts with","0","0.576222852","","EPB41L5 (interacts with) BOD1L1",,"0","0","0","1","0.751219512","0.401226192",,"false","interacts with","EPB41L5 (interacts with) BOD1L1","0","Q9HCM4","","Q8NFC6",""
"40.833333333333336","","interacts with","0","0.476426241","","BCL2 (interacts with) RNF112",,"1","0","1","1","0.551219512","0.401632969",,"false","interacts with","BCL2 (interacts with) RNF112","0","P10415","","Q9ULX5",""
"303.1333333333333","","interacts with","0","0.476426204","","RGL2 (interacts with) COL5A3",,"0","1","1","1","0.551219512","0.401632896",,"false","interacts with","RGL2 (interacts with) COL5A3","0","O15211","","P25940",""
"131.23070818070818","taxid:9606(Homo sapiens)","interacts with","1","0.617759298","""psi-mi:""""MI:0006""""(anti bait coimmunoprecipitation)""","EPB41L5 (interacts with) PALS1","2","0","0","0","1","0.834146341","0.401372255",,"false","interacts with","EPB41L5 (interacts with) PALS1","0","Q9HCM4","Q9HCM4","Q8N3R9","Q8N3R9"
"99.24024864024865","","interacts with","0","0.476387312","","OR6C2 (interacts with) SAMD15",,"0","0","0","1","0.551219512","0.401555111",,"false","interacts with","OR6C2 (interacts with) SAMD15","0","Q9NZP2","","Q9P1V8",""
"125.64864024864025","","interacts with","0","0.476387164","","OR6C2 (interacts with) NVL",,"0","0","0","1","0.551219512","0.401554816",,"false","interacts with","OR6C2 (interacts with) NVL","0","Q9NZP2","","O15381",""
"480.6579365079362","","interacts with","0","0.469070225","","NKAIN1 (interacts with) TRMT1",,"0","0","0","1","0.536585366","0.401555085",,"false","interacts with","NKAIN1 (interacts with) TRMT1","0","Q4KMZ8","","Q9NXH9",""
"90.60000000000001","","interacts with","0","0.464192031","","EPB41L5 (interacts with) P2RY11",,"0","0","0","1","0.526829268","0.401554794",,"false","interacts with","EPB41L5 (interacts with) P2RY11","0","Q9HCM4","","Q96G91",""
"262.68174603174623","","interacts with","0","0.464216207","","NKAIN1 (interacts with) BDP1",,"0","0","0","1","0.526829268","0.401603145",,"false","interacts with","NKAIN1 (interacts with) BDP1","0","Q4KMZ8","","A6H8Y1",""
"306.6130258630259","","interacts with","0","0.476387208","","EPB41L5 (interacts with) TNMD",,"0","0","0","1","0.551219512","0.401554904",,"false","interacts with","EPB41L5 (interacts with) TNMD","0","Q9HCM4","","Q9H2S6",""
"774.172582972583","","interacts with","0","0.464192107","","RUBCNL (interacts with) ARHGAP44",,"0","0","0","1","0.526829268","0.401554946",,"false","interacts with","RUBCNL (interacts with) ARHGAP44","0","Q9H714","","Q17R89",""
"783.8252375075904","","interacts with","0","0.464192238","","RUBCNL (interacts with) TMPPE",,"0","0","0","1","0.526829268","0.401555207",,"false","interacts with","RUBCNL (interacts with) TMPPE","0","Q9H714","","Q6ZT21",""
"153.33333333333331","","interacts with","0","0.476426386","","OR7D2 (interacts with) TRAF6",,"0","1","1","1","0.551219512","0.40163326",,"false","interacts with","OR7D2 (interacts with) TRAF6","0","Q96RA2","","Q9Y4K3",""
"149.02271062271063","","interacts with","0","0.464255208","","MAPK14 (interacts with) ANKRD36B",,"1","0","1","1","0.526829268","0.401681147",,"false","interacts with","MAPK14 (interacts with) ANKRD36B","0","Q16539","","Q8N2N9",""
"42.70000000000001","","interacts with","0","0.476426219","","COL1A2 (interacts with) PPP2CA",,"1","0","1","1","0.551219512","0.401632926",,"false","interacts with","COL1A2 (interacts with) PPP2CA","0","P08123","","P67775",""
"7.133333333333334","","interacts with","0","0.476387211","","TIMP4 (interacts with) NEDD1",,"0","0","0","1","0.551219512","0.401554909",,"false","interacts with","TIMP4 (interacts with) NEDD1","0","Q99727","","Q8NHV4",""
"116.28571428571426","","interacts with","0","0.464216091","","TIMP4 (interacts with) OFD1",,"0","0","0","1","0.526829268","0.401602913",,"false","interacts with","TIMP4 (interacts with) OFD1","0","Q99727","","O75665",""
"20.91904761904761","","interacts with","0","0.469070124","","TIMP4 (interacts with) CFAP100",,"0","0","0","1","0.536585366","0.401554882",,"false","interacts with","TIMP4 (interacts with) CFAP100","0","Q99727","","Q494V2",""
"124.0","","interacts with","0","0.564105789","","CEP57L1 (interacts with) SNAPC3",,"0","0","0","1","0.726829268","0.40138231",,"false","interacts with","CEP57L1 (interacts with) SNAPC3","0","Q8IYX8","","Q92966",""
"12.636834733893558","","interacts with","0","0.461792694","","OR4X1 (interacts with) RAB24",,"0","0","0","1","0.52195122","0.401634168",,"false","interacts with","OR4X1 (interacts with) RAB24","0","Q8NH49","","Q969Q5",""
"52.999999999999986","","interacts with","0","0.476387197","","CNTLN (interacts with) ZNF629",,"0","0","0","1","0.551219512","0.401554882",,"false","interacts with","CNTLN (interacts with) ZNF629","0","Q9NXG0","","Q9UEG4",""
"399.78002582213134","","interacts with","0","0.476387398","","XRCC1 (interacts with) MCHR1",,"0","0","0","1","0.551219512","0.401555284",,"false","interacts with","XRCC1 (interacts with) MCHR1","0","P18887","","Q99705",""
"414.0","","interacts with","0","0.47638753","","XRCC1 (interacts with) LPAR2",,"0","0","0","1","0.551219512","0.401555548",,"false","interacts with","XRCC1 (interacts with) LPAR2","0","P18887","","Q9HBW0",""
"4416.069626111094","","interacts with","0","0.571496523","","PDK1 (interacts with) ALDH18A1",,"0","0","0","1","0.741463415","0.401529632",,"false","interacts with","PDK1 (interacts with) ALDH18A1","0","Q15118","","P54886",""
"4.0","","interacts with","0","0.561669933","","CEACAM6 (interacts with) TLX3",,"0","0","0","1","0.72195122","0.401388647",,"false","interacts with","CEACAM6 (interacts with) TLX3","0","P40199","","O43711",""
"79.76190476190474","","interacts with","0","0.476387059","","OR4X1 (interacts with) FILIP1",,"0","0","0","1","0.551219512","0.401554606",,"false","interacts with","OR4X1 (interacts with) FILIP1","0","Q8NH49","","Q7Z7B0",""
"46.0","","interacts with","0","0.47642623","","COL5A2 (interacts with) OR2A5",,"1","0","1","1","0.551219512","0.401632947",,"false","interacts with","COL5A2 (interacts with) OR2A5","0","P05997","","Q96R48",""
"168.33333333333314","","interacts with","0","0.461777092","","PCCA (interacts with) ZNF638",,"0","0","0","1","0.52195122","0.401602964",,"false","interacts with","PCCA (interacts with) ZNF638","0","P05165","","Q14966",""
"14.0","","interacts with","0","0.476387182","","DZIP1 (interacts with) TBCE",,"0","0","0","1","0.551219512","0.401554852",,"false","interacts with","DZIP1 (interacts with) TBCE","0","Q86YF9","","Q15813",""
"32.33333333333339","","interacts with","0","0.476387118","","PCCA (interacts with) TRIP11",,"0","0","0","1","0.551219512","0.401554723",,"false","interacts with","PCCA (interacts with) TRIP11","0","P05165","","Q15643",""
"0.0","taxid:9606(Homo sapiens)","interacts with","1","0.641337556","""psi-mi:""""MI:0809""""(bimolecular fluorescence complementation)""","NTRK1 (interacts with) NTRK1","2","1","1","1","1","0.873170732","0.40950438",,"false","interacts with","NTRK1 (interacts with) NTRK1","0","P04629","P04629","P04629","P04629"
"88.23207282913162","","interacts with","0","0.476387476","","OR4X1 (interacts with) GSTP1",,"0","0","0","1","0.551219512","0.40155544",,"false","interacts with","OR4X1 (interacts with) GSTP1","0","Q8NH49","","P09211",""
"414.0","","interacts with","0","0.564067795","","XRCC1 (interacts with) POLB",,"0","0","0","1","0.726829268","0.401306322",,"false","interacts with","XRCC1 (interacts with) POLB","0","P18887","","P06746",""
"436.0","","interacts with","0","0.464192185","","ZNF485 (interacts with) CTNNA3",,"0","0","0","1","0.526829268","0.401555101",,"false","interacts with","ZNF485 (interacts with) CTNNA3","0","Q8NCK3","","Q9UI47",""
"89.26666666666665","","interacts with","0","0.47642622","","COL1A2 (interacts with) HOXD13",,"1","0","1","1","0.551219512","0.401632927",,"false","interacts with","COL1A2 (interacts with) HOXD13","0","P08123","","P35453",""
"414.0","","interacts with","0","0.476387568","","XRCC1 (interacts with) CXCR1",,"0","0","0","1","0.551219512","0.401555625",,"false","interacts with","XRCC1 (interacts with) CXCR1","0","P18887","","P25024",""
"220.0","","interacts with","0","0.476387405","","ZNF485 (interacts with) ARMC2",,"0","0","0","1","0.551219512","0.401555298",,"false","interacts with","ZNF485 (interacts with) ARMC2","0","Q8NCK3","","Q8NEN0",""
"56.0","","interacts with","0","0.476426387","","RELA (interacts with) OR10T2",,"1","0","1","1","0.551219512","0.401633262",,"false","interacts with","RELA (interacts with) OR10T2","0","Q04206","","Q8NGX3",""
"345.67205244293524","","interacts with","0","0.464192339","","RUBCNL (interacts with) OTUD5",,"0","0","0","1","0.526829268","0.40155541",,"false","interacts with","RUBCNL (interacts with) OTUD5","0","Q9H714","","Q96G74",""
"4.5","","interacts with","0","0.476387121","","OR4X1 (interacts with) PMS2",,"0","0","0","1","0.551219512","0.40155473",,"false","interacts with","OR4X1 (interacts with) PMS2","0","Q8NH49","","P54278",""
"2456.1349522881883","taxid:9606(Homo sapiens)","interacts with","1","0.564107177","""psi-mi:""""MI:0007""""(anti tag coimmunoprecipitation)""","RUBCNL (interacts with) RUFY1","2","0","0","0","1","0.726829268","0.401385085",,"false","interacts with","RUBCNL (interacts with) RUFY1","0","Q9H714","Q9H714","Q96T51","Q96T51"
"4.333333333333333","","interacts with","0","0.476387168","","CNTLN (interacts with) PPWD1",,"0","0","0","1","0.551219512","0.401554824",,"false","interacts with","CNTLN (interacts with) PPWD1","0","Q9NXG0","","Q96BP3",""
"40.0","","interacts with","0","0.476426194","","UBXN11 (interacts with) PROCR",,"0","1","1","1","0.551219512","0.401632875",,"false","interacts with","UBXN11 (interacts with) PROCR","0","Q5T124","","Q9UNN8",""
"25.5","","interacts with","0","0.476426307","","IGLV8-61 (interacts with) SPP1",,"0","1","1","1","0.551219512","0.401633102",,"false","interacts with","IGLV8-61 (interacts with) SPP1","0","A0A075B6I0","","P10451",""
"359.05714285714276","","interacts with","0","0.561662304","","CEP126 (interacts with) OFD1",,"0","0","0","1","0.72195122","0.401373389",,"false","interacts with","CEP126 (interacts with) OFD1","0","Q9P2H0","","O75665",""
"192.0","","interacts with","0","0.561587027","","RCOR3 (interacts with) ABI1",,"0","0","0","1","0.72195122","0.401222835",,"false","interacts with","RCOR3 (interacts with) ABI1","0","Q9P2K3","","Q8IZP0",""
"2146.866479272361","","interacts with","0","0.476426157","","SLC17A2 (interacts with) COL5A3",,"0","1","1","1","0.551219512","0.401632801",,"false","interacts with","SLC17A2 (interacts with) COL5A3","0","O00624","","P25940",""
"136.70909090909095","","interacts with","0","0.461753024","","RCOR3 (interacts with) RBM25",,"0","0","0","1","0.52195122","0.401554828",,"false","interacts with","RCOR3 (interacts with) RBM25","0","Q9P2K3","","P49756",""
"146.45238095238093","","interacts with","0","0.464216127","","PSD2 (interacts with) BOD1L1",,"0","0","0","1","0.526829268","0.401602985",,"false","interacts with","PSD2 (interacts with) BOD1L1","0","Q9BQI7","","Q8NFC6",""
"765.0072389032588","","interacts with","0","0.476387242","","ZNF350 (interacts with) ALDH18A1",,"0","0","0","1","0.551219512","0.401554972",,"false","interacts with","ZNF350 (interacts with) ALDH18A1","0","Q9GZX5","","P54886",""
"6.0","","interacts with","0","0.461816176","","NOS3 (interacts with) ATRX",,"1","0","1","1","0.52195122","0.401681133",,"false","interacts with","NOS3 (interacts with) ATRX","0","P29474","","P46100",""
"151.0","","interacts with","0","0.476426129","","TSC22D2 (interacts with) SPP1",,"0","1","1","1","0.551219512","0.401632747",,"false","interacts with","TSC22D2 (interacts with) SPP1","0","O75157","","P10451",""
"852.5833333333334","","interacts with","0","0.564075253","","PRR5 (interacts with) CTNNA3",,"0","0","0","1","0.726829268","0.401321237",,"false","interacts with","PRR5 (interacts with) CTNNA3","0","P85299","","Q9UI47",""
"3.066666666666667","","interacts with","0","0.476426214","","MYCL (interacts with) RAMAC",,"1","0","1","1","0.551219512","0.401632916",,"false","interacts with","MYCL (interacts with) RAMAC","0","P12524","","Q9BTL3",""
"138.0","","interacts with","0","0.476387301","","DZIP1 (interacts with) PRAMEF19",,"0","0","0","1","0.551219512","0.401555089",,"false","interacts with","DZIP1 (interacts with) PRAMEF19","0","Q86YF9","","Q5SWL8",""
"1098.2142857142856","","interacts with","0","0.476387231","","PRR5 (interacts with) SALL2",,"0","0","0","1","0.551219512","0.40155495",,"false","interacts with","PRR5 (interacts with) SALL2","0","P85299","","Q9Y467",""
"384.0","","interacts with","0","0.476426314","","CNR2 (interacts with) DZIP1",,"1","0","1","1","0.551219512","0.401633115",,"false","interacts with","CNR2 (interacts with) DZIP1","0","P34972","","Q86YF9",""
"193.33095238095248","","interacts with","0","0.476387086","","ZNF350 (interacts with) ESCO1",,"0","0","0","1","0.551219512","0.401554659",,"false","interacts with","ZNF350 (interacts with) ESCO1","0","Q9GZX5","","Q5FWF5",""
"116.98562786289439","","interacts with","0","0.476387151","","ZNF350 (interacts with) CCDC150",,"0","0","0","1","0.551219512","0.401554789",,"false","interacts with","ZNF350 (interacts with) CCDC150","0","Q9GZX5","","Q8NCX0",""
"132.0","","interacts with","0","0.461816309","","NTRK1 (interacts with) FYCO1",,"1","0","1","1","0.52195122","0.401681399",,"false","interacts with","NTRK1 (interacts with) FYCO1","0","P04629","","Q9BQS8",""
"4.0","","interacts with","0","0.476387688","","ODF3 (interacts with) ANXA3",,"0","0","0","1","0.551219512","0.401555864",,"false","interacts with","ODF3 (interacts with) ANXA3","0","Q96PU9","","P12429",""
"128.4581418581419","","interacts with","0","0.476387171","","CAPZB (interacts with) RAB11FIP2",,"0","0","0","1","0.551219512","0.401554829",,"false","interacts with","CAPZB (interacts with) RAB11FIP2","0","P47756","","Q7L804",""
"67.00000000000001","","interacts with","0","0.464255241","","COL1A2 (interacts with) PRG2",,"1","0","1","1","0.526829268","0.401681214",,"false","interacts with","COL1A2 (interacts with) PRG2","0","P08123","","P13727",""
"34.0","","interacts with","0","0.476387161","","RABL6 (interacts with) CCNQ",,"0","0","0","1","0.551219512","0.401554809",,"false","interacts with","RABL6 (interacts with) CCNQ","0","Q3YEC7","","Q8N1B3",""
"1022.0","","interacts with","0","0.476387218","","PRR5 (interacts with) ANKRD22",,"0","0","0","1","0.551219512","0.401554923",,"false","interacts with","PRR5 (interacts with) ANKRD22","0","P85299","","Q5VYY1",""
"8.0","","interacts with","0","0.476426268","","PTGS2 (interacts with) PCDHGA11",,"1","0","1","1","0.551219512","0.401633024",,"false","interacts with","PTGS2 (interacts with) PCDHGA11","0","P35354","","Q9Y5H2",""
"152.0","","interacts with","0","0.46907004","","PRR5 (interacts with) LCN15",,"0","0","0","1","0.536585366","0.401554715",,"false","interacts with","PRR5 (interacts with) LCN15","0","P85299","","Q6UWW0",""
"152.0","","interacts with","0","0.476387192","","PRR5 (interacts with) RAC3",,"0","0","0","1","0.551219512","0.401554871",,"false","interacts with","PRR5 (interacts with) RAC3","0","P85299","","P60763",""
"267.93101343101347","","interacts with","0","0.461816273","","NFKB1 (interacts with) TNMD",,"1","0","1","1","0.52195122","0.401681326",,"false","interacts with","NFKB1 (interacts with) TNMD","0","P19838","","Q9H2S6",""
"4.0","","interacts with","0","0.464192518","","ODF3 (interacts with) UCP3",,"0","0","0","1","0.526829268","0.401555768",,"false","interacts with","ODF3 (interacts with) UCP3","0","Q96PU9","","P55916",""
"20.0","","interacts with","0","0.464231247","","PGR (interacts with) DBR1",,"1","0","1","1","0.526829268","0.401633226",,"false","interacts with","PGR (interacts with) DBR1","0","P06401","","Q9UK59",""
"24.77142857142857","","interacts with","0","0.461753274","","ADARB2-AS1 (interacts with) PRXL2A",,"0","0","0","1","0.52195122","0.401555328",,"false","interacts with","ADARB2-AS1 (interacts with) PRXL2A","0","A8MUL3","","Q9BRX8",""
"172.8333333333333","","interacts with","0","0.47642623","","COL5A3 (interacts with) MYH16",,"1","0","1","1","0.551219512","0.401632948",,"false","interacts with","COL5A3 (interacts with) MYH16","0","P25940","","Q9H6N6",""
"25.666666666666654","","interacts with","0","0.476387254","","RABL6 (interacts with) ZDHHC11",,"0","0","0","1","0.551219512","0.401554996",,"false","interacts with","RABL6 (interacts with) ZDHHC11","0","Q3YEC7","","Q9H8X9",""
"138.0","","interacts with","0","0.564068057","","ABCB9 (interacts with) TTYH1",,"0","0","0","1","0.726829268","0.401306846",,"false","interacts with","ABCB9 (interacts with) TTYH1","0","Q9NP78","","Q9H313",""
"3921.0211109324096","","interacts with","0","0.5591981","","JUP (interacts with) PDPK1",,"0","0","0","1","0.717073171","0.401323029",,"false","interacts with","JUP (interacts with) PDPK1","0","P14923","","O15530",""
"9504.793620775506","","interacts with","0","0.56162973","","JUP (interacts with) TRMT1",,"0","0","0","1","0.72195122","0.40130824",,"false","interacts with","JUP (interacts with) TRMT1","0","P14923","","Q9NXH9",""
"12.0","","interacts with","0","0.476426293","","PTGS2 (interacts with) AP1B1",,"1","0","1","1","0.551219512","0.401633074",,"false","interacts with","PTGS2 (interacts with) AP1B1","0","P35354","","Q10567",""
"34.0","","interacts with","0","0.476387148","","RABL6 (interacts with) AKR1B10",,"0","0","0","1","0.551219512","0.401554784",,"false","interacts with","RABL6 (interacts with) AKR1B10","0","Q3YEC7","","O60218",""
"9774.0","","interacts with","0","0.615506939","","JUP (interacts with) HRC",,"0","0","0","1","0.829268293","0.401745585","0.170789164","false","interacts with","JUP (interacts with) HRC","1","P14923","","P23327",""
"11.0","","interacts with","0","0.47638717","","RASGEF1B (interacts with) KIF27",,"0","0","0","1","0.551219512","0.401554829",,"false","interacts with","RASGEF1B (interacts with) KIF27","0","Q0VAM2","","Q86VH2",""
"34.0","","interacts with","0","0.476387172","","RABL6 (interacts with) PDSS1",,"0","0","0","1","0.551219512","0.401554832",,"false","interacts with","RABL6 (interacts with) PDSS1","0","Q3YEC7","","Q5T2R2",""
"134.0","","interacts with","0","0.4764263","","TNFSF11 (interacts with) ZDHHC14",,"1","0","1","1","0.551219512","0.401633088",,"false","interacts with","TNFSF11 (interacts with) ZDHHC14","0","O14788","","Q8IZN3",""
"128.0","","interacts with","0","0.561629924","","PSMD13 (interacts with) PSMA4",,"0","0","0","1","0.72195122","0.401308628",,"false","interacts with","PSMD13 (interacts with) PSMA4","0","Q9UNM6","","P25789",""
"26.999999999999982","","interacts with","0","0.476387234","","RABL6 (interacts with) CLDN12",,"0","0","0","1","0.551219512","0.401554956",,"false","interacts with","RABL6 (interacts with) CLDN12","0","Q3YEC7","","P56749",""
"128.8919635919636","","interacts with","0","0.476426346","","SARS1 (interacts with) MAPK14",,"0","1","1","1","0.551219512","0.40163318",,"false","interacts with","SARS1 (interacts with) MAPK14","0","P49591","","Q16539",""
"192.0","","interacts with","0","0.461816211","","ZNF213 (interacts with) COL3A1",,"0","1","1","1","0.52195122","0.401681203",,"false","interacts with","ZNF213 (interacts with) COL3A1","0","O14771","","P02461",""
"34.0","","interacts with","0","0.464192216","","RABL6 (interacts with) STK39",,"0","0","0","1","0.526829268","0.401555164",,"false","interacts with","RABL6 (interacts with) STK39","0","Q3YEC7","","Q9UEW8",""
"143.66666666666663","","interacts with","0","0.464231224","","EVX1 (interacts with) TRAF6",,"0","1","1","1","0.526829268","0.401633179",,"false","interacts with","EVX1 (interacts with) TRAF6","0","P49640","","Q9Y4K3",""
"34.0","","interacts with","0","0.476387342","","RABL6 (interacts with) OR2A5",,"0","0","0","1","0.551219512","0.401555172",,"false","interacts with","RABL6 (interacts with) OR2A5","0","Q3YEC7","","Q96R48",""
"14.974358974358974","","interacts with","0","0.47642628","","PRKACA (interacts with) PARP3",,"1","0","1","1","0.551219512","0.401633048",,"false","interacts with","PRKACA (interacts with) PARP3","0","P17612","","Q9Y6F1",""
"34.0","","interacts with","0","0.476387204","","RABL6 (interacts with) TNFRSF11B",,"0","0","0","1","0.551219512","0.401554895",,"false","interacts with","RABL6 (interacts with) TNFRSF11B","0","Q3YEC7","","O00300",""
"182.80805992519993","","interacts with","0","0.476387352","","TRGV1 (interacts with) SCN3B",,"0","0","0","1","0.551219512","0.401555192",,"false","interacts with","TRGV1 (interacts with) SCN3B","0","A0A0A0MS02","","Q9NY72",""
"414.0","","interacts with","0","0.461792254","","IGKV3D-15 (interacts with) SOST",,"0","1","1","1","0.52195122","0.401633289",,"false","interacts with","IGKV3D-15 (interacts with) SOST","0","A0A087WSY6","","Q9BQB4",""
"26.999999999999986","","interacts with","0","0.464192187","","RABL6 (interacts with) TRIM59",,"0","0","0","1","0.526829268","0.401555105",,"false","interacts with","RABL6 (interacts with) TRIM59","0","Q3YEC7","","Q8IWR1",""
"25.0","","interacts with","0","0.476426352","","COL5A2 (interacts with) MYLK3",,"1","0","1","1","0.551219512","0.401633192",,"false","interacts with","COL5A2 (interacts with) MYLK3","0","P05997","","Q32MK0",""
"77.42156862745098","","interacts with","0","0.461753841","","TRGV1 (interacts with) AKAP14",,"0","0","0","1","0.52195122","0.401556462",,"false","interacts with","TRGV1 (interacts with) AKAP14","0","A0A0A0MS02","","Q86UN6",""
"293.8820512820513","","interacts with","0","0.476426176","","SOST (interacts with) SPZ1",,"1","0","1","1","0.551219512","0.401632839",,"false","interacts with","SOST (interacts with) SPZ1","0","Q9BQB4","","Q9BXG8",""
"34.33821733821733","","interacts with","0","0.47638716","","TRGV1 (interacts with) DNAAF1",,"0","0","0","1","0.551219512","0.401554808",,"false","interacts with","TRGV1 (interacts with) DNAAF1","0","A0A0A0MS02","","Q8NEP3",""
"276.5","","interacts with","0","0.476387127","","RABL6 (interacts with) RCN1",,"0","0","0","1","0.551219512","0.401554742",,"false","interacts with","RABL6 (interacts with) RCN1","0","Q3YEC7","","Q15293",""
"245.67947054072835","","interacts with","0","0.476387191","","TRGV1 (interacts with) ZNF526",,"0","0","0","1","0.551219512","0.40155487",,"false","interacts with","TRGV1 (interacts with) ZNF526","0","A0A0A0MS02","","Q8TF50",""
"71.3","","interacts with","0","0.476426225","","TLR4 (interacts with) VTN",,"0","1","1","1","0.551219512","0.401632937",,"false","interacts with","TLR4 (interacts with) VTN","0","O00206","","P04004",""
"34.0","","interacts with","0","0.47638723","","RABL6 (interacts with) CKMT1B",,"0","0","0","1","0.551219512","0.401554949",,"false","interacts with","RABL6 (interacts with) CKMT1B","0","Q3YEC7","","P12532",""
"24.833333333333332","","interacts with","0","0.464231329","","RABL6 (interacts with) CEACAM21",,"0","0","0","1","0.526829268","0.40163339",,"false","interacts with","RABL6 (interacts with) CEACAM21","0","Q3YEC7","","Q3KPI0",""
"168.3333333333331","","interacts with","0","0.461777217","","ZNF638 (interacts with) PDE4B",,"0","0","0","1","0.52195122","0.401603214",,"false","interacts with","ZNF638 (interacts with) PDE4B","0","Q14966","","Q07343",""
"166.99999999999977","","interacts with","0","0.461777173","","ZNF638 (interacts with) SNX33",,"0","0","0","1","0.52195122","0.401603126",,"false","interacts with","ZNF638 (interacts with) SNX33","0","Q14966","","Q8WV41",""
"159.62619047619032","","interacts with","0","0.464231222","","ODAPH (interacts with) SOST",,"0","1","1","1","0.526829268","0.401633175",,"false","interacts with","ODAPH (interacts with) SOST","0","Q17RF5","","Q9BQB4",""
"37.14476242711534","","interacts with","0","0.461816278","","AIG1 (interacts with) RIN3",,"0","0","0","1","0.52195122","0.401681336",,"false","interacts with","AIG1 (interacts with) RIN3","0","Q9NVV5","","Q8TB24",""
"602.0491469314998","","interacts with","0","0.464255246","","MRPL28 (interacts with) BDP1",,"0","0","0","1","0.526829268","0.401681223",,"false","interacts with","MRPL28 (interacts with) BDP1","0","Q13084","","A6H8Y1",""
"198.97857142857114","","interacts with","0","0.476426249","","TRGV1 (interacts with) TP53",,"0","1","1","1","0.551219512","0.401632986",,"false","interacts with","TRGV1 (interacts with) TP53","0","A0A0A0MS02","","P04637",""
"32.0","","interacts with","0","0.464192647","","RABL6 (interacts with) NBPF6",,"0","0","0","1","0.526829268","0.401556026",,"false","interacts with","RABL6 (interacts with) NBPF6","0","Q3YEC7","","Q5VWK0",""
"34.0","","interacts with","0","0.464192161","","RABL6 (interacts with) ZNF449",,"0","0","0","1","0.526829268","0.401555054",,"false","interacts with","RABL6 (interacts with) ZNF449","0","Q3YEC7","","Q6P9G9",""
"33.0","","interacts with","0","0.46423143","","RABL6 (interacts with) CALHM2",,"0","0","0","1","0.526829268","0.401633591",,"false","interacts with","RABL6 (interacts with) CALHM2","0","Q3YEC7","","Q9HA72",""
"45.83333333333333","","interacts with","0","0.476426203","","COL1A2 (interacts with) PPP2CB",,"1","0","1","1","0.551219512","0.401632893",,"false","interacts with","COL1A2 (interacts with) PPP2CB","0","P08123","","P62714",""
"38.0","","interacts with","0","0.561629566","","PROS1 (interacts with) BMP4",,"0","0","0","1","0.72195122","0.401307912",,"false","interacts with","PROS1 (interacts with) BMP4","0","P07225","","P12644",""
"8.782295482295481","","interacts with","0","0.476426206","","PRKACA (interacts with) BMP7",,"1","1","1","1","0.551219512","0.401632899","0.115429918","false","interacts with","PRKACA (interacts with) BMP7","1","P17612","","P18075",""
"638.1518315018319","","interacts with","0","0.564068111","","PFKL (interacts with) RNF2",,"0","0","0","1","0.726829268","0.401306953",,"false","interacts with","PFKL (interacts with) RNF2","0","P17858","","Q99496",""
"120.0","","interacts with","0","0.461816204","","NPIPB7 (interacts with) COL1A2",,"0","1","1","1","0.52195122","0.401681188",,"false","interacts with","NPIPB7 (interacts with) COL1A2","0","O75200","","P08123",""
"4.0","","interacts with","0","0.469070257","","TLX3 (interacts with) SMIM44",,"0","0","0","1","0.536585366","0.401555147",,"false","interacts with","TLX3 (interacts with) SMIM44","0","O43711","","A0A286YF18",""
"192.0","","interacts with","0","0.464255332","","LEFTY2 (interacts with) COL3A1",,"0","1","1","1","0.526829268","0.401681395",,"false","interacts with","LEFTY2 (interacts with) COL3A1","0","O00292","","P02461",""
"648.0","","interacts with","0","0.476387153","","IGLV1-36 (interacts with) FAM117B",,"0","0","0","1","0.551219512","0.401554794",,"false","interacts with","IGLV1-36 (interacts with) FAM117B","0","A0A0B4J1U3","","Q6P1L5",""
"206.33333333333334","","interacts with","0","0.476426225","","IGHV4-59 (interacts with) BMP2",,"0","1","1","1","0.551219512","0.401632937",,"false","interacts with","IGHV4-59 (interacts with) BMP2","0","P01825","","P12643",""
"428.6513653013656","","interacts with","0","0.476426268","","SUZ12 (interacts with) MAPK14",,"0","1","1","1","0.551219512","0.401633023",,"false","interacts with","SUZ12 (interacts with) MAPK14","0","Q15022","","Q16539",""
"73.64861804861806","","interacts with","0","0.561662646","","RAB11FIP2 (interacts with) DLST",,"0","0","0","1","0.72195122","0.401374073",,"false","interacts with","RAB11FIP2 (interacts with) DLST","0","Q7L804","","P36957",""
"220.0","","interacts with","0","0.476426199","","CASP3 (interacts with) SDCCAG8",,"1","0","1","1","0.551219512","0.401632887",,"false","interacts with","CASP3 (interacts with) SDCCAG8","0","P42574","","Q86SQ7",""
"11.0","","interacts with","0","0.590951677","","SCO1 (interacts with) IMMT",,"0","0","0","1","0.780487805","0.40141555",,"false","interacts with","SCO1 (interacts with) IMMT","0","O75880","","Q16891",""
"40.0","","interacts with","0","0.571361803","","FAM234A (interacts with) LETM1",,"0","0","0","1","0.741463415","0.40126019",,"false","interacts with","FAM234A (interacts with) LETM1","0","Q9H0X4","","O95202",""
"40.0","","interacts with","0","0.56150137","","FAM234A (interacts with) SLC30A6",,"0","0","0","1","0.72195122","0.40105152",,"false","interacts with","FAM234A (interacts with) SLC30A6","0","Q9H0X4","","Q6NXT4",""
"414.0","","interacts with","0","0.461753149","","PDPK1 (interacts with) HMGCS2",,"0","0","0","1","0.52195122","0.401555079",,"false","interacts with","PDPK1 (interacts with) HMGCS2","0","O15530","","P54868",""
"27.0","","interacts with","0","0.47642625","","PGR (interacts with) FUBP1",,"1","0","1","1","0.551219512","0.401632987",,"false","interacts with","PGR (interacts with) FUBP1","0","P06401","","Q96AE4",""
"128.0","","interacts with","0","0.476387146","","CC2D1A (interacts with) OR10H4",,"0","0","0","1","0.551219512","0.401554779",,"false","interacts with","CC2D1A (interacts with) OR10H4","0","Q6P1N0","","Q8NGA5",""
"126.0","","interacts with","0","0.476387071","","CC2D1A (interacts with) ZNF547",,"0","0","0","1","0.551219512","0.401554631",,"false","interacts with","CC2D1A (interacts with) ZNF547","0","Q6P1N0","","Q8IVP9",""
"220.0","","interacts with","0","0.461752994","","IGLV1-36 (interacts with) ARPIN",,"0","0","0","1","0.52195122","0.401554769",,"false","interacts with","IGLV1-36 (interacts with) ARPIN","0","A0A0B4J1U3","","Q7Z6K5",""
"128.0","","interacts with","0","0.47638715","","CC2D1A (interacts with) OR52K2",,"0","0","0","1","0.551219512","0.401554788",,"false","interacts with","CC2D1A (interacts with) OR52K2","0","Q6P1N0","","Q8NGK3",""
"220.0","","interacts with","0","0.464192459","","IGLV1-36 (interacts with) HDGFL1",,"0","0","0","1","0.526829268","0.40155565",,"false","interacts with","IGLV1-36 (interacts with) HDGFL1","0","A0A0B4J1U3","","Q5TGJ6",""
"128.0","","interacts with","0","0.476387166","","CC2D1A (interacts with) OR4K15",,"0","0","0","1","0.551219512","0.40155482",,"false","interacts with","CC2D1A (interacts with) OR4K15","0","Q6P1N0","","Q8NH41",""
"54.99999999999999","","interacts with","0","0.47642619","","SUV39H1 (interacts with) PGR",,"0","1","1","1","0.551219512","0.401632868",,"false","interacts with","SUV39H1 (interacts with) PGR","0","O43463","","P06401",""
"126.0","","interacts with","0","0.476387169","","CC2D1A (interacts with) OR12D2",,"0","0","0","1","0.551219512","0.401554825",,"false","interacts with","CC2D1A (interacts with) OR12D2","0","Q6P1N0","","P58182",""
"10.066666666666668","","interacts with","0","0.464255214","","BMP2 (interacts with) CCDC7",,"1","0","1","1","0.526829268","0.40168116",,"false","interacts with","BMP2 (interacts with) CCDC7","0","P12643","","Q96M83",""
"1633.8507936507924","","interacts with","0","0.476387024","","PDPK1 (interacts with) CEP162",,"0","0","0","1","0.551219512","0.401554537",,"false","interacts with","PDPK1 (interacts with) CEP162","0","O15530","","Q5TB80",""
"1958.9223488757536","","interacts with","0","0.476387024","","PDPK1 (interacts with) AP3B1",,"0","0","0","1","0.551219512","0.401554537",,"false","interacts with","PDPK1 (interacts with) AP3B1","0","O15530","","O00203",""
"54.355555555555554","","interacts with","0","0.461816237","","RDH16 (interacts with) NFKB1",,"0","1","1","1","0.52195122","0.401681254",,"false","interacts with","RDH16 (interacts with) NFKB1","0","O75452","","P19838",""
"30.66666666666666","","interacts with","0","0.464231265","","BCL2 (interacts with) LRRC71",,"1","0","1","1","0.526829268","0.401633261",,"false","interacts with","BCL2 (interacts with) LRRC71","0","P10415","","Q8N4P6",""
"195.22857142857146","","interacts with","0","0.464192079","","ADARB2-AS1 (interacts with) FAM117B",,"0","0","0","1","0.526829268","0.401554889",,"false","interacts with","ADARB2-AS1 (interacts with) FAM117B","0","A8MUL3","","Q6P1L5",""
"357.7619047619048","","interacts with","0","0.476426155","","COL5A3 (interacts with) TLCD3B",,"1","0","1","1","0.551219512","0.401632799",,"false","interacts with","COL5A3 (interacts with) TLCD3B","0","P25940","","Q71RH2",""
"91.46666666666667","","interacts with","0","0.47642619","","COL1A2 (interacts with) SNAPC3",,"1","0","1","1","0.551219512","0.401632867",,"false","interacts with","COL1A2 (interacts with) SNAPC3","0","P08123","","Q92966",""
"708.0","","interacts with","0","0.476387045","","CC2D1A (interacts with) TRIB1",,"0","0","0","1","0.551219512","0.401554577",,"false","interacts with","CC2D1A (interacts with) TRIB1","0","Q6P1N0","","Q96RU8",""
"46.0","","interacts with","0","0.476426199","","COL5A2 (interacts with) STK39",,"1","0","1","1","0.551219512","0.401632886",,"false","interacts with","COL5A2 (interacts with) STK39","0","P05997","","Q9UEW8",""
"3.6666666666666665","","interacts with","0","0.469070201","","PPWD1 (interacts with) PGA4",,"0","0","0","1","0.536585366","0.401555036",,"false","interacts with","PPWD1 (interacts with) PGA4","0","Q96BP3","","P0DJD7",""
"11.238095238095239","","interacts with","0","0.4641922","","PPWD1 (interacts with) LIG1",,"0","0","0","1","0.526829268","0.401555132",,"false","interacts with","PPWD1 (interacts with) LIG1","0","Q96BP3","","P18858",""
"5.471428571428572","","interacts with","0","0.464231184","","BMP7 (interacts with) SYT9",,"1","0","1","1","0.526829268","0.4016331",,"false","interacts with","BMP7 (interacts with) SYT9","0","P18075","","Q86SS6",""
"204.77460317460321","","interacts with","0","0.591022532","","NOCT (interacts with) TRMT1",,"0","0","0","1","0.780487805","0.401557259",,"false","interacts with","NOCT (interacts with) TRMT1","0","Q9UK39","","Q9NXH9",""
"55.543650793650805","","interacts with","0","0.464192163","","PSMF1 (interacts with) RNF168",,"0","0","0","1","0.526829268","0.401555057",,"false","interacts with","PSMF1 (interacts with) RNF168","0","Q92530","","Q8IYW5",""
"108.01904761904761","","interacts with","0","0.47642629","","BMP2 (interacts with) SAMD11",,"1","0","1","1","0.551219512","0.401633069",,"false","interacts with","BMP2 (interacts with) SAMD11","0","P12643","","Q96NU1",""
"56.73070818070817","","interacts with","0","0.476426239","","MAPK14 (interacts with) PALS1",,"1","0","1","1","0.551219512","0.401632966",,"false","interacts with","MAPK14 (interacts with) PALS1","0","Q16539","","Q8N3R9",""
"24.0","","interacts with","0","0.476387097","","PHACTR2 (interacts with) CYB5A",,"0","0","0","1","0.551219512","0.401554682",,"false","interacts with","PHACTR2 (interacts with) CYB5A","0","O75167","","P00167",""
"138.0","","interacts with","0","0.476426334","","TNFSF11 (interacts with) ZBTB18",,"1","0","1","1","0.551219512","0.401633157",,"false","interacts with","TNFSF11 (interacts with) ZBTB18","0","O14788","","Q99592",""
"34.666666666666664","","interacts with","0","0.476426228","","COL5A2 (interacts with) CLDN12",,"1","0","1","1","0.551219512","0.401632943",,"false","interacts with","COL5A2 (interacts with) CLDN12","0","P05997","","P56749",""
"86.66666666666667","","interacts with","0","0.476387119","","CGN (interacts with) FAM86B2",,"0","0","0","1","0.551219512","0.401554727",,"false","interacts with","CGN (interacts with) FAM86B2","0","Q9P2M7","","P0C5J1",""
"202.23333333333335","","interacts with","0","0.476426184","","TRGV5 (interacts with) BMP2",,"0","1","1","1","0.551219512","0.401632857",,"false","interacts with","TRGV5 (interacts with) BMP2","0","A0A0B4J1U4","","P12643",""
"414.0","","interacts with","0","0.47642616","","AQP7 (interacts with) COL5A3",,"0","1","1","1","0.551219512","0.401632807",,"false","interacts with","AQP7 (interacts with) COL5A3","0","O14520","","P25940",""
"1435.9079365079356","","interacts with","0","0.561636824","","ATXN10 (interacts with) CEP162",,"0","0","0","1","0.72195122","0.401322429",,"false","interacts with","ATXN10 (interacts with) CEP162","0","Q9UBB4","","Q5TB80",""
"957.0885281385284","","interacts with","0","0.573823642","","CGN (interacts with) ZNF638",,"0","0","0","1","0.746341463","0.40130582",,"false","interacts with","CGN (interacts with) ZNF638","0","Q9P2M7","","Q14966",""
"412.0","","interacts with","0","0.476426234","","ZSCAN5C (interacts with) SOST",,"0","1","1","1","0.551219512","0.401632957",,"false","interacts with","ZSCAN5C (interacts with) SOST","0","A6NGD5","","Q9BQB4",""
"60.333333333333336","","interacts with","0","0.569085382","","CGN (interacts with) RAB11FIP2",,"0","0","0","1","0.736585366","0.401585399",,"false","interacts with","CGN (interacts with) RAB11FIP2","0","Q9P2M7","","Q7L804",""
"1115.1944444444448","","interacts with","0","0.464216157","","NOCT (interacts with) BDP1",,"0","0","0","1","0.526829268","0.401603046",,"false","interacts with","NOCT (interacts with) BDP1","0","Q9UK39","","A6H8Y1",""
"33.40637140637141","","interacts with","0","0.464231204","","ELAC2 (interacts with) TNMD",,"0","0","0","1","0.526829268","0.40163314",,"false","interacts with","ELAC2 (interacts with) TNMD","0","Q9BQ52","","Q9H2S6",""
"31.41904761904762","","interacts with","0","0.476387162","","ELAC2 (interacts with) AMZ2",,"0","0","0","1","0.551219512","0.401554813",,"false","interacts with","ELAC2 (interacts with) AMZ2","0","Q9BQ52","","Q86W34",""
"40.0","","interacts with","0","0.561630038","","ZBTB22 (interacts with) CCDC13",,"0","0","0","1","0.72195122","0.401308856",,"false","interacts with","ZBTB22 (interacts with) CCDC13","0","O15209","","Q8IYE1",""
"88.33333333333333","","interacts with","0","0.476387152","","CGN (interacts with) VWA1",,"0","0","0","1","0.551219512","0.401554791",,"false","interacts with","CGN (interacts with) VWA1","0","Q9P2M7","","Q6PCB0",""
"147.16666666666666","","interacts with","0","0.476426308","","MAGEB6B (interacts with) TRAF6",,"0","1","1","1","0.551219512","0.401633104",,"false","interacts with","MAGEB6B (interacts with) TRAF6","0","A0A0J9YX57","","Q9Y4K3",""
"32.0","","interacts with","0","0.564067946","","DPH1 (interacts with) TP63",,"0","0","0","1","0.726829268","0.401306625",,"false","interacts with","DPH1 (interacts with) TP63","0","Q9BZG8","","Q9H3D4",""
"45.547619047619044","","interacts with","0","0.476426237","","MAPK14 (interacts with) PSD2",,"1","0","1","1","0.551219512","0.401632963",,"false","interacts with","MAPK14 (interacts with) PSD2","0","Q16539","","Q9BQI7",""
"414.0","","interacts with","0","0.464255216","","COL5A3 (interacts with) ASB2",,"1","0","1","1","0.526829268","0.401681164",,"false","interacts with","COL5A3 (interacts with) ASB2","0","P25940","","Q96Q27",""
"158.37503607503618","","interacts with","0","0.461752998","","PAK4 (interacts with) ATMIN",,"0","0","0","1","0.52195122","0.401554777",,"false","interacts with","PAK4 (interacts with) ATMIN","0","O96013","","O43313",""
"7.957142857142857","","interacts with","0","0.461753086","","SKI (interacts with) SYT9",,"0","0","0","1","0.52195122","0.401554952",,"false","interacts with","SKI (interacts with) SYT9","0","P12755","","Q86SS6",""
"26.0","","interacts with","0","0.469070246","","KAZN (interacts with) RGR",,"0","0","0","1","0.536585366","0.401555125",,"false","interacts with","KAZN (interacts with) RGR","0","Q674X7","","P47804",""
"124.77848817848817","","interacts with","0","0.469070171","","CGN (interacts with) CDY1B",,"0","0","0","1","0.536585366","0.401554976",,"false","interacts with","CGN (interacts with) CDY1B","0","Q9P2M7","","Q9Y6F8",""
"560.8593181328476","","interacts with","0","0.561636288","","CGN (interacts with) DLST",,"0","0","0","1","0.72195122","0.401321356",,"false","interacts with","CGN (interacts with) DLST","0","Q9P2M7","","P36957",""
"19.333333333333332","","interacts with","0","0.461752985","","PROS1 (interacts with) SUV39H1",,"0","0","0","1","0.52195122","0.401554751",,"false","interacts with","PROS1 (interacts with) SUV39H1","0","P07225","","O43463",""
"293.8820512820513","","interacts with","0","0.476426178","","TRAF3IP1 (interacts with) SOST",,"0","1","1","1","0.551219512","0.401632845",,"false","interacts with","TRAF3IP1 (interacts with) SOST","0","Q8TDR0","","Q9BQB4",""
"10.548962148962149","","interacts with","0","0.476426323","","PRKACA (interacts with) SYT9",,"1","0","1","1","0.551219512","0.401633135",,"false","interacts with","PRKACA (interacts with) SYT9","0","P17612","","Q86SS6",""
"45.66666666666667","","interacts with","0","0.476426221","","RELA (interacts with) COA7",,"1","0","1","1","0.551219512","0.40163293",,"false","interacts with","RELA (interacts with) COA7","0","Q04206","","Q96BR5",""
"16.885714285714286","","interacts with","0","0.464231146","","SKI (interacts with) IL16",,"0","0","0","1","0.526829268","0.401633024",,"false","interacts with","SKI (interacts with) IL16","0","P12755","","Q14005",""
"13.333333333333332","","interacts with","0","0.476387315","","PROS1 (interacts with) PPP2R3C",,"0","0","0","1","0.551219512","0.401555118",,"false","interacts with","PROS1 (interacts with) PPP2R3C","0","P07225","","Q969Q6",""
"19.999999999999993","","interacts with","0","0.476426344","","AKT1 (interacts with) PPWD1",,"1","0","1","1","0.551219512","0.401633176",,"false","interacts with","AKT1 (interacts with) PPWD1","0","P31749","","Q96BP3",""
"32.0","","interacts with","0","0.461777237","","SEC23B (interacts with) FGD5",,"0","0","0","1","0.52195122","0.401603254",,"false","interacts with","SEC23B (interacts with) FGD5","0","Q15437","","Q6ZNL6",""
"84.0","","interacts with","0","0.573823588","","SEC23B (interacts with) FYCO1",,"0","0","0","1","0.746341463","0.401305713",,"false","interacts with","SEC23B (interacts with) FYCO1","0","Q15437","","Q9BQS8",""
"4.966666666666667","","interacts with","0","0.47642637","","MYCL (interacts with) TIMP4",,"1","0","1","1","0.551219512","0.401633228",,"false","interacts with","MYCL (interacts with) TIMP4","0","P12524","","Q99727",""
"54.0","","interacts with","0","0.561629856","","SKI (interacts with) SLC25A13",,"0","0","0","1","0.72195122","0.401308492",,"false","interacts with","SKI (interacts with) SLC25A13","0","P12755","","Q9UJS0",""
"110.23333333333333","","interacts with","0","0.464192152","","PAK4 (interacts with) RBMX2",,"0","0","0","1","0.526829268","0.401555035",,"false","interacts with","PAK4 (interacts with) RBMX2","0","O96013","","Q9Y388",""
"192.0","","interacts with","0","0.464255229","","IQCF5 (interacts with) COL3A1",,"0","1","1","1","0.526829268","0.40168119",,"false","interacts with","IQCF5 (interacts with) COL3A1","0","A8MTL0","","P02461",""
"8.07142857142857","","interacts with","0","0.464231338","","SKI (interacts with) NMUR1",,"0","0","0","1","0.526829268","0.401633407",,"false","interacts with","SKI (interacts with) NMUR1","0","P12755","","Q9HB89",""
"4.0","","interacts with","0","0.476426197","","SYNJ2 (interacts with) NOS3",,"0","1","1","1","0.551219512","0.401632882",,"false","interacts with","SYNJ2 (interacts with) NOS3","0","O15056","","P29474",""
"68.75555555555556","","interacts with","0","0.476387513","","PAK4 (interacts with) SGCA",,"0","0","0","1","0.551219512","0.401555514",,"false","interacts with","PAK4 (interacts with) SGCA","0","O96013","","Q16586",""
"7.538095238095238","","interacts with","0","0.464192046","","SKI (interacts with) NXPH1",,"0","0","0","1","0.526829268","0.401554824",,"false","interacts with","SKI (interacts with) NXPH1","0","P12755","","P58417",""
"5.600000000000001","","interacts with","0","0.646100103","","PPP2CA (interacts with) PPP2CB",,"0","0","0","1","0.87804878","0.414151426",,"false","interacts with","PPP2CA (interacts with) PPP2CB","0","P67775","","P62714",""
"0.0","taxid:9606(Homo sapiens)","interacts with","1","0.672821408","""psi-mi:""""MI:0007""""(anti tag coimmunoprecipitation)""","MAPK1 (interacts with) MAPK1","2","1","1","1","1","0.941463415","0.404179401",,"false","interacts with","MAPK1 (interacts with) MAPK1","0","P28482","P28482","P28482","P28482"
"329.0444444444444","","interacts with","0","0.476387243","","MYOCD (interacts with) BCL9",,"0","0","0","1","0.551219512","0.401554973",,"false","interacts with","MYOCD (interacts with) BCL9","0","Q8IZQ8","","O00512",""
"43.214285714285715","","interacts with","0","0.476426236","","MAPK14 (interacts with) RAPGEFL1",,"1","0","1","1","0.551219512","0.401632959",,"false","interacts with","MAPK14 (interacts with) RAPGEFL1","0","Q16539","","Q9UHV5",""
"147.0","","interacts with","0","0.476387043","","N4BP2L2 (interacts with) ZC3H13",,"0","0","0","1","0.551219512","0.401554574",,"false","interacts with","N4BP2L2 (interacts with) ZC3H13","0","Q92802","","Q5T200",""
"10.966666666666669","","interacts with","0","0.476426149","","PRKACA (interacts with) ARHGAP28",,"1","0","1","1","0.551219512","0.401632786",,"false","interacts with","PRKACA (interacts with) ARHGAP28","0","P17612","","Q9P2N2",""
"7.466666666666666","","interacts with","0","0.476387083","","MYOCD (interacts with) GTF2A1L",,"0","0","0","1","0.551219512","0.401554654",,"false","interacts with","MYOCD (interacts with) GTF2A1L","0","Q8IZQ8","","Q9UNN4",""
"37.104362304362304","","interacts with","0","0.476387094","","MYOCD (interacts with) C10orf67",,"0","0","0","1","0.551219512","0.401554676",,"false","interacts with","MYOCD (interacts with) C10orf67","0","Q8IZQ8","","Q8IYJ2",""
"128.62822573729093","","interacts with","0","0.476387284","","MS4A14 (interacts with) CCDC150",,"0","0","0","1","0.551219512","0.401555057",,"false","interacts with","MS4A14 (interacts with) CCDC150","0","Q96JA4","","Q8NCX0",""
"199.66666666666669","","interacts with","0","0.476426177","","VTN (interacts with) NHS",,"1","0","1","1","0.551219512","0.401632843",,"false","interacts with","VTN (interacts with) NHS","0","P04004","","Q6T4R5",""
"38.0","","interacts with","0","0.561630069","","FAM161B (interacts with) PPP2R3C",,"0","0","0","1","0.72195122","0.401308919",,"false","interacts with","FAM161B (interacts with) PPP2R3C","0","Q96MY7","","Q969Q6",""
"46.88551448551449","","interacts with","0","0.461753111","","MYOCD (interacts with) RTL5",,"0","0","0","1","0.52195122","0.401555002",,"false","interacts with","MYOCD (interacts with) RTL5","0","Q8IZQ8","","Q5HYW3",""
"435.4517038517038","","interacts with","0","0.476426225","","SLC25A11 (interacts with) TRAF6",,"0","1","1","1","0.551219512","0.401632938",,"false","interacts with","SLC25A11 (interacts with) TRAF6","0","Q02978","","Q9Y4K3",""
"136.66666666666683","","interacts with","0","0.464216183","","MEIS3P2 (interacts with) CCDC7",,"0","0","0","1","0.526829268","0.401603097",,"false","interacts with","MEIS3P2 (interacts with) CCDC7","0","A8K0S8","","Q96M83",""
"64.37440337440341","","interacts with","0","0.476387296","","MYOCD (interacts with) SGCA",,"0","0","0","1","0.551219512","0.401555081",,"false","interacts with","MYOCD (interacts with) SGCA","0","Q8IZQ8","","Q16586",""
"425.1809523809525","","interacts with","0","0.561526283","","SLC2A1 (interacts with) PDIA3",,"0","0","0","1","0.72195122","0.401101347",,"false","interacts with","SLC2A1 (interacts with) PDIA3","0","P11166","","P30101",""
"124.0","","interacts with","0","0.578662948","","UVSSA (interacts with) GTF2H1",,"0","0","0","1","0.756097561","0.401228334",,"false","interacts with","UVSSA (interacts with) GTF2H1","0","Q2YD98","","P32780",""
"18.999999999999996","","interacts with","0","0.476387385","","CLDN12 (interacts with) MYLK3",,"0","0","0","1","0.551219512","0.401555257",,"false","interacts with","CLDN12 (interacts with) MYLK3","0","P56749","","Q32MK0",""
"795.4505177828707","","interacts with","0","0.561561157","","HEBP1 (interacts with) AKR1B1",,"0","0","0","1","0.72195122","0.401171095",,"false","interacts with","HEBP1 (interacts with) AKR1B1","0","Q9NRV9","","P15121",""
"414.0","","interacts with","0","0.464216124","","RCOR2 (interacts with) BDP1",,"0","0","0","1","0.526829268","0.401602981",,"false","interacts with","RCOR2 (interacts with) BDP1","0","Q8IZ40","","A6H8Y1",""
"14.0","","interacts with","0","0.564173324","","SMAGP (interacts with) PIGP",,"0","0","0","1","0.726829268","0.40151738",,"false","interacts with","SMAGP (interacts with) PIGP","0","Q0VAQ4","","P57054",""
"208.00317460317464","","interacts with","0","0.464191983","","KIAA0513 (interacts with) TRMT1",,"0","0","0","1","0.526829268","0.401554698",,"false","interacts with","KIAA0513 (interacts with) TRMT1","0","O60268","","Q9NXH9",""
"1051.1950761484823","","interacts with","0","0.464192129","","CGAS (interacts with) MRPL28",,"0","0","0","1","0.526829268","0.401554989",,"false","interacts with","CGAS (interacts with) MRPL28","0","Q8N884","","Q13084",""
"1062.9079195314491","","interacts with","0","0.47638722","","CGAS (interacts with) AICDA",,"0","0","0","1","0.551219512","0.401554928",,"false","interacts with","CGAS (interacts with) AICDA","0","Q8N884","","Q9GZX7",""
"27.833333333333336","","interacts with","0","0.476426272","","COL5A2 (interacts with) CEACAM21",,"1","0","1","1","0.551219512","0.401633031",,"false","interacts with","COL5A2 (interacts with) CEACAM21","0","P05997","","Q3KPI0",""
"1108.6829379598726","","interacts with","0","0.5665142","","CGAS (interacts with) AP3B1",,"0","0","0","1","0.731707317","0.401321084",,"false","interacts with","CGAS (interacts with) AP3B1","0","Q8N884","","O00203",""
"205.99682539682536","","interacts with","0","0.464216059","","KIAA0513 (interacts with) BDP1",,"0","0","0","1","0.526829268","0.401602849",,"false","interacts with","KIAA0513 (interacts with) BDP1","0","O60268","","A6H8Y1",""
"10.0","","interacts with","0","0.56406802","","BAHD1 (interacts with) H2BC26",,"0","0","0","1","0.726829268","0.401306771",,"false","interacts with","BAHD1 (interacts with) H2BC26","0","Q8TBE0","","Q8N257",""
"68.0","","interacts with","0","0.464255206","","COL1A2 (interacts with) TREML4",,"1","0","1","1","0.526829268","0.401681144",,"false","interacts with","COL1A2 (interacts with) TREML4","0","P08123","","Q6UXN2",""
"217.0","","interacts with","0","0.476426323","","HMMR (interacts with) CASP3",,"0","1","1","1","0.551219512","0.401633134",,"false","interacts with","HMMR (interacts with) CASP3","0","O75330","","P42574",""
"373.35787545787565","","interacts with","0","0.464255288","","COL3A1 (interacts with) LRP2BP",,"1","0","1","1","0.526829268","0.401681308",,"false","interacts with","COL3A1 (interacts with) LRP2BP","0","P02461","","Q9P2M1",""
"24.0","","interacts with","0","0.476426372","","CTSK (interacts with) EPM2AIP1",,"1","0","1","1","0.551219512","0.401633231",,"false","interacts with","CTSK (interacts with) EPM2AIP1","0","P43235","","Q7L775",""
"18.0","","interacts with","0","0.476387094","","IFNLR1 (interacts with) PCARE",,"0","0","0","1","0.551219512","0.401554676",,"false","interacts with","IFNLR1 (interacts with) PCARE","0","Q8IU57","","A6NGG8",""
"124.0","","interacts with","0","0.476426197","","COL1A2 (interacts with) ZNF718",,"1","0","1","1","0.551219512","0.401632881",,"false","interacts with","COL1A2 (interacts with) ZNF718","0","P08123","","Q3SXZ3",""
"1260.0","","interacts with","0","0.566514443","","USO1 (interacts with) ANKRD22",,"0","0","0","1","0.731707317","0.401321568",,"false","interacts with","USO1 (interacts with) ANKRD22","0","O60763","","Q5VYY1",""
"38.0","","interacts with","0","0.564075445","","RBL2 (interacts with) SUV39H1",,"0","0","0","1","0.726829268","0.401321623",,"false","interacts with","RBL2 (interacts with) SUV39H1","0","Q08999","","O43463",""
"4201.333333333325","","interacts with","0","0.476426332","","STK16 (interacts with) BMP2",,"0","1","1","1","0.551219512","0.401633152",,"false","interacts with","STK16 (interacts with) BMP2","0","O75716","","P12643",""
"352.79761904761915","","interacts with","0","0.564068147","","WDR77 (interacts with) LSM6",,"0","0","0","1","0.726829268","0.401307026",,"false","interacts with","WDR77 (interacts with) LSM6","0","Q9BQA1","","P62312",""
"144.66666666666666","","interacts with","0","0.559198996","","CYB5R1 (interacts with) KCNA5",,"0","0","0","1","0.717073171","0.401324821",,"false","interacts with","CYB5R1 (interacts with) KCNA5","0","Q9UHQ9","","P22460",""
"414.0","","interacts with","0","0.47642623","","CREB3L4 (interacts with) SOST",,"0","1","1","1","0.551219512","0.401632947",,"false","interacts with","CREB3L4 (interacts with) SOST","0","Q8TEY5","","Q9BQB4",""
"7.352380952380953","","interacts with","0","0.461816136","","TPR (interacts with) BMP7",,"0","1","1","1","0.52195122","0.401681052",,"false","interacts with","TPR (interacts with) BMP7","0","P12270","","P18075",""
"812.0","","interacts with","0","0.461752951","","PSMA4 (interacts with) TRIB1",,"0","0","0","1","0.52195122","0.401554683",,"false","interacts with","PSMA4 (interacts with) TRIB1","0","P25789","","Q96RU8",""
"368.6190476190477","","interacts with","0","0.476426175","","COL5A3 (interacts with) DPEP2",,"1","0","1","1","0.551219512","0.401632837",,"false","interacts with","COL5A3 (interacts with) DPEP2","0","P25940","","Q9H4A9",""
"150.66666666666666","","interacts with","0","0.561662261","","CYB5R1 (interacts with) TTYH1",,"0","0","0","1","0.72195122","0.401373303",,"false","interacts with","CYB5R1 (interacts with) TTYH1","0","Q9UHQ9","","Q9H313",""
"26.41666666666666","","interacts with","0","0.476426152","","MYC (interacts with) PMS2",,"1","0","1","1","0.551219512","0.401632792",,"false","interacts with","MYC (interacts with) PMS2","0","P01106","","P54278",""
"26.0","","interacts with","0","0.576133445","","MLEC (interacts with) CYB5A",,"0","0","0","1","0.751219512","0.401047377",,"false","interacts with","MLEC (interacts with) CYB5A","0","Q14165","","P00167",""
"378.574762165939","","interacts with","0","0.476426183","","COL5A3 (interacts with) AIG1",,"1","0","1","1","0.551219512","0.401632854",,"false","interacts with","COL5A3 (interacts with) AIG1","0","P25940","","Q9NVV5",""
"5.93896103896104","","interacts with","0","0.476426233","","BMP7 (interacts with) FAM184B",,"1","0","1","1","0.551219512","0.401632953",,"false","interacts with","BMP7 (interacts with) FAM184B","0","P18075","","Q9ULE4",""
"192.0","","interacts with","0","0.464216039","","TBX10 (interacts with) BOD1L1",,"0","0","0","1","0.526829268","0.40160281",,"false","interacts with","TBX10 (interacts with) BOD1L1","0","O75333","","Q8NFC6",""
"359.7619047619048","","interacts with","0","0.47642615","","COL5A3 (interacts with) SHF",,"1","0","1","1","0.551219512","0.401632787",,"false","interacts with","COL5A3 (interacts with) SHF","0","P25940","","Q7M4L6",""
"557.9855699855696","","interacts with","0","0.622735641","","MFSD10 (interacts with) PECAM1",,"0","0","0","1","0.843902439","0.401568842",,"false","interacts with","MFSD10 (interacts with) PECAM1","0","Q14728","","P16284",""
"62.16666666666668","","interacts with","0","0.476426201","","COL1A2 (interacts with) B4GALNT2",,"1","0","1","1","0.551219512","0.40163289",,"false","interacts with","COL1A2 (interacts with) B4GALNT2","0","P08123","","Q8NHY0",""
"8.0","","interacts with","0","0.612855727","","SAA1 (interacts with) COL4A4",,"0","0","0","1","0.824390244","0.40132121",,"false","interacts with","SAA1 (interacts with) COL4A4","0","P0DJI8","","P53420",""
"112.13679653679652","","interacts with","0","0.47642626","","COL1A2 (interacts with) PUM3",,"1","0","1","1","0.551219512","0.401633008",,"false","interacts with","COL1A2 (interacts with) PUM3","0","P08123","","Q15397",""
"128.0","","interacts with","0","0.56406767","","PSMA4 (interacts with) TRIM38",,"0","0","0","1","0.726829268","0.401306072",,"false","interacts with","PSMA4 (interacts with) TRIM38","0","P25789","","O00635",""
"128.0","","interacts with","0","0.461753467","","PSMA4 (interacts with) KLF3",,"0","0","0","1","0.52195122","0.401555715",,"false","interacts with","PSMA4 (interacts with) KLF3","0","P25789","","P57682",""
"370.7835301952949","","interacts with","0","0.476426166","","BCL2 (interacts with) CGN",,"1","0","1","1","0.551219512","0.401632819",,"false","interacts with","BCL2 (interacts with) CGN","0","P10415","","Q9P2M7",""
"809.09898989899","","interacts with","0","0.595255701","","PECAM1 (interacts with) JUP",,"0","0","0","1","0.790243902","0.4002675",,"false","interacts with","PECAM1 (interacts with) JUP","0","P16284","","P14923",""
"391.3547619047618","","interacts with","0","0.476387173","","TRMT1 (interacts with) IL34",,"0","0","0","1","0.551219512","0.401554833",,"false","interacts with","TRMT1 (interacts with) IL34","0","Q9NXH9","","Q6ZMJ4",""
"72.0","","interacts with","0","0.464255232","","COL1A2 (interacts with) MS4A10",,"1","0","1","1","0.526829268","0.401681195",,"false","interacts with","COL1A2 (interacts with) MS4A10","0","P08123","","Q96PG2",""
"3876.983474025114","","interacts with","0","0.461777003","","TRMT1 (interacts with) BDP1",,"0","0","0","1","0.52195122","0.401602786",,"false","interacts with","TRMT1 (interacts with) BDP1","0","Q9NXH9","","A6H8Y1",""
"2163.6585858585872","","interacts with","0","0.561499845","","MFSD10 (interacts with) TCTN3",,"0","0","0","1","0.72195122","0.40104847",,"false","interacts with","MFSD10 (interacts with) TCTN3","0","Q14728","","Q6NUS6",""
"282.14456099456106","","interacts with","0","0.564076035","","SARS1 (interacts with) ELAC2",,"0","0","0","1","0.726829268","0.401322802",,"false","interacts with","SARS1 (interacts with) ELAC2","0","P49591","","Q9BQ52",""
"201.25259740259727","","interacts with","0","0.464216143","","SARS1 (interacts with) BOD1L1",,"0","0","0","1","0.526829268","0.401603017",,"false","interacts with","SARS1 (interacts with) BOD1L1","0","P49591","","Q8NFC6",""
"43.533333333333346","","interacts with","0","0.476426354","","COL1A2 (interacts with) OIT3",,"1","0","1","1","0.551219512","0.401633196",,"false","interacts with","COL1A2 (interacts with) OIT3","0","P08123","","Q8WWZ8",""
"208.0031746031747","","interacts with","0","0.464192192","","TRMT1 (interacts with) NPY4R",,"0","0","0","1","0.526829268","0.401555115",,"false","interacts with","TRMT1 (interacts with) NPY4R","0","Q9NXH9","","P50391",""
"1617.5732963227888","","interacts with","0","0.476426252","","TP53 (interacts with) ZNF526",,"1","0","1","1","0.551219512","0.401632991",,"false","interacts with","TP53 (interacts with) ZNF526","0","P04637","","Q8TF50",""
"792.3841694253455","","interacts with","0","0.476387121","","TRMT1 (interacts with) AICDA",,"0","0","0","1","0.551219512","0.401554731",,"false","interacts with","TRMT1 (interacts with) AICDA","0","Q9NXH9","","Q9GZX7",""
"138.0","","interacts with","0","0.464231237","","TNFSF11 (interacts with) STRADA",,"1","0","1","1","0.526829268","0.401633206",,"false","interacts with","TNFSF11 (interacts with) STRADA","0","O14788","","Q7RTN6",""
"208.0031746031747","","interacts with","0","0.476387185","","TRMT1 (interacts with) HDHD5",,"0","0","0","1","0.551219512","0.401554857",,"false","interacts with","TRMT1 (interacts with) HDHD5","0","Q9NXH9","","Q9BXW7",""
"208.0031746031747","","interacts with","0","0.46419239","","TRMT1 (interacts with) CYP26B1",,"0","0","0","1","0.526829268","0.401555512",,"false","interacts with","TRMT1 (interacts with) CYP26B1","0","Q9NXH9","","Q9NR63",""
"1246.205555555555","","interacts with","0","0.476426274","","COL3A1 (interacts with) SYVN1",,"1","0","1","1","0.551219512","0.401633035",,"false","interacts with","COL3A1 (interacts with) SYVN1","0","P02461","","Q86TM6",""
"120.0","","interacts with","0","0.564068569","","TP63 (interacts with) GCGR",,"0","0","0","1","0.726829268","0.401307869",,"false","interacts with","TP63 (interacts with) GCGR","0","Q9H3D4","","P47871",""
"9.202208902208898","","interacts with","0","0.476426219","","PRKACA (interacts with) FAM184B",,"1","0","1","1","0.551219512","0.401632925",,"false","interacts with","PRKACA (interacts with) FAM184B","0","P17612","","Q9ULE4",""
"204.336507936508","","interacts with","0","0.464191923","","TRMT1 (interacts with) ZFP57",,"0","0","0","1","0.526829268","0.401554579",,"false","interacts with","TRMT1 (interacts with) ZFP57","0","Q9NXH9","","Q9NU63",""
"47.63333333333336","","interacts with","0","0.476426221","","COL1A2 (interacts with) ADORA3",,"1","0","1","1","0.551219512","0.40163293",,"false","interacts with","COL1A2 (interacts with) ADORA3","0","P08123","","P0DMS8",""
"208.00317460317467","","interacts with","0","0.476387166","","TRMT1 (interacts with) MAPK1IP1L",,"0","0","0","1","0.551219512","0.401554819",,"false","interacts with","TRMT1 (interacts with) MAPK1IP1L","0","Q9NXH9","","Q8NDC0",""
"101.39999999999998","","interacts with","0","0.476426217","","COL3A1 (interacts with) P2RY11",,"1","0","1","1","0.551219512","0.401632921",,"false","interacts with","COL3A1 (interacts with) P2RY11","0","P02461","","Q96G91",""
"51.666666666666664","","interacts with","0","0.476426196","","COL5A2 (interacts with) SYPL1",,"1","0","1","1","0.551219512","0.401632879",,"false","interacts with","COL5A2 (interacts with) SYPL1","0","P05997","","Q16563",""
"1178.6319063633307","","interacts with","0","0.464191911","","TRMT1 (interacts with) DCP2",,"0","0","0","1","0.526829268","0.401554553",,"false","interacts with","TRMT1 (interacts with) DCP2","0","Q9NXH9","","Q8IU60",""
"38.0","","interacts with","0","0.476426254","","PGR (interacts with) SESN1",,"1","0","1","1","0.551219512","0.401632995",,"false","interacts with","PGR (interacts with) SESN1","0","P06401","","Q9Y6P5",""
"28.333333333333336","","interacts with","0","0.561637924","","KRTAP8-1 (interacts with) PROP1",,"0","0","0","1","0.72195122","0.401324628",,"false","interacts with","KRTAP8-1 (interacts with) PROP1","0","Q8IUC2","","O75360",""
"4.8","","interacts with","0","0.464191969","","OIT3 (interacts with) SNAPC3",,"0","0","0","1","0.526829268","0.401554669",,"false","interacts with","OIT3 (interacts with) SNAPC3","0","Q8WWZ8","","Q92966",""
"56.0","","interacts with","0","0.612848463","","KRTAP8-1 (interacts with) MECP2",,"0","0","0","1","0.824390244","0.401306681",,"false","interacts with","KRTAP8-1 (interacts with) MECP2","0","Q8IUC2","","P51608",""
"36.352380952380955","","interacts with","0","0.590743804","","YARS2 (interacts with) HNRNPDL",,"0","0","0","1","0.780487805","0.400999803",,"false","interacts with","YARS2 (interacts with) HNRNPDL","0","Q9Y2Z4","","O14979",""
"32.0","","interacts with","0","0.564068343","","TP63 (interacts with) PEX14",,"0","0","0","1","0.726829268","0.401307417",,"false","interacts with","TP63 (interacts with) PEX14","0","Q9H3D4","","O75381",""
"65.1666666666667","","interacts with","0","0.464231266","","COL1A2 (interacts with) MAP2K5",,"1","0","1","1","0.526829268","0.401633265",,"false","interacts with","COL1A2 (interacts with) MAP2K5","0","P08123","","Q13163",""
"208.0031746031747","","interacts with","0","0.476387066","","TRMT1 (interacts with) CADM4",,"0","0","0","1","0.551219512","0.401554619",,"false","interacts with","TRMT1 (interacts with) CADM4","0","Q9NXH9","","Q8NFZ8",""
"60.0","","interacts with","0","0.637246538","","TP63 (interacts with) PPP1R13B",,"0","0","0","1","0.873170732","0.401322343",,"false","interacts with","TP63 (interacts with) PPP1R13B","0","Q9H3D4","","Q96KQ4",""
"30.0","","interacts with","0","0.476426233","","TMCO6 (interacts with) PROCR",,"0","1","1","1","0.551219512","0.401632953",,"false","interacts with","TMCO6 (interacts with) PROCR","0","Q96DC7","","Q9UNN8",""
"414.0","","interacts with","0","0.476387108","","TRMT1 (interacts with) DAPP1",,"0","0","0","1","0.551219512","0.401554704",,"false","interacts with","TRMT1 (interacts with) DAPP1","0","Q9NXH9","","Q9UN19",""
"3395.9517316017336","","interacts with","0","0.464192001","","TRMT1 (interacts with) ST8SIA4",,"0","0","0","1","0.526829268","0.401554733",,"false","interacts with","TRMT1 (interacts with) ST8SIA4","0","Q9NXH9","","Q92187",""
"217.61904761904762","","interacts with","0","0.561525322","","YARS2 (interacts with) IGF2BP3",,"0","0","0","1","0.72195122","0.401099424",,"false","interacts with","YARS2 (interacts with) IGF2BP3","0","Q9Y2Z4","","O00425",""
"34.16666666666667","","interacts with","0","0.469109348","","VTN (interacts with) LIPK",,"1","0","1","1","0.536585366","0.401633331",,"false","interacts with","VTN (interacts with) LIPK","0","P04004","","Q5VXJ0",""
"209.66666666666669","","interacts with","0","0.464231162","","BMP2 (interacts with) TPMT",,"1","0","1","1","0.526829268","0.401633055",,"false","interacts with","BMP2 (interacts with) TPMT","0","P12643","","P51580",""
"354.2801587301589","","interacts with","0","0.561492479","","YARS2 (interacts with) SYVN1",,"0","0","0","1","0.72195122","0.401033739",,"false","interacts with","YARS2 (interacts with) SYVN1","0","Q9Y2Z4","","Q86TM6",""
"192.0","","interacts with","0","0.476426254","","COL3A1 (interacts with) NUAK2",,"1","0","1","1","0.551219512","0.401632995",,"false","interacts with","COL3A1 (interacts with) NUAK2","0","P02461","","Q9H093",""
"95.32777777777783","","interacts with","0","0.571490743","","YARS2 (interacts with) FBF1",,"0","0","0","1","0.741463415","0.401518071",,"false","interacts with","YARS2 (interacts with) FBF1","0","Q9Y2Z4","","Q8TES7",""
"294.8820512820513","","interacts with","0","0.476426227","","SOST (interacts with) RANBP3",,"1","0","1","1","0.551219512","0.401632942",,"false","interacts with","SOST (interacts with) RANBP3","0","Q9BQB4","","Q9H6Z4",""
"192.0","","interacts with","0","0.461753818","","TMEM231 (interacts with) ACTL6B",,"0","0","0","1","0.52195122","0.401556416",,"false","interacts with","TMEM231 (interacts with) ACTL6B","0","Q9H6L2","","O94805",""
"3194.691025641027","","interacts with","0","0.464231253","","YWHAH (interacts with) TRAF6",,"0","1","1","1","0.526829268","0.401633238",,"false","interacts with","YWHAH (interacts with) TRAF6","0","Q04917","","Q9Y4K3",""
"241.98809523809516","","interacts with","0","0.564075224","","NCOR2 (interacts with) THRB",,"0","0","0","1","0.726829268","0.401321179",,"false","interacts with","NCOR2 (interacts with) THRB","0","Q9Y618","","P10828",""
"138.0","","interacts with","0","0.476426228","","TNFSF11 (interacts with) DOC2B",,"1","0","1","1","0.551219512","0.401632944",,"false","interacts with","TNFSF11 (interacts with) DOC2B","0","O14788","","Q14184",""
"305.32142857142856","","interacts with","0","0.564067756","","NCOR2 (interacts with) RPL34",,"0","0","0","1","0.726829268","0.401306244",,"false","interacts with","NCOR2 (interacts with) RPL34","0","Q9Y618","","P49207",""
"13.333333333333334","","interacts with","0","0.476426167","","PGR (interacts with) KIF27",,"1","0","1","1","0.551219512","0.401632821",,"false","interacts with","PGR (interacts with) KIF27","0","P06401","","Q86VH2",""
"94.3587301587301","","interacts with","0","0.464192146","","MCHR1 (interacts with) SLC9A8",,"0","0","0","1","0.526829268","0.401555024",,"false","interacts with","MCHR1 (interacts with) SLC9A8","0","Q99705","","Q9Y2E8",""
"825.3387559808608","","interacts with","0","0.46419215","","MCHR1 (interacts with) TCTN3",,"0","0","0","1","0.526829268","0.401555032",,"false","interacts with","MCHR1 (interacts with) TCTN3","0","Q99705","","Q6NUS6",""
"254.51428571428568","","interacts with","0","0.476387257","","TMEM231 (interacts with) SLC2A1",,"0","0","0","1","0.551219512","0.401555002",,"false","interacts with","TMEM231 (interacts with) SLC2A1","0","Q9H6L2","","P11166",""
"249.04920079920086","","interacts with","0","0.476426255","","SAMD15 (interacts with) TRAF6",,"0","1","1","1","0.551219512","0.401632997",,"false","interacts with","SAMD15 (interacts with) TRAF6","0","Q9P1V8","","Q9Y4K3",""
"213.41991341991337","","interacts with","0","0.461777216","","KPNA6 (interacts with) BOD1L1",,"0","0","0","1","0.52195122","0.401603213",,"false","interacts with","KPNA6 (interacts with) BOD1L1","0","O60684","","Q8NFC6",""
"158.3","","interacts with","0","0.461777135","","ZNF716 (interacts with) CGN",,"0","0","0","1","0.52195122","0.40160305",,"false","interacts with","ZNF716 (interacts with) CGN","0","A6NP11","","Q9P2M7",""
"27.0","","interacts with","0","0.476426217","","PGR (interacts with) SNX27",,"1","0","1","1","0.551219512","0.401632921",,"false","interacts with","PGR (interacts with) SNX27","0","P06401","","Q96L92",""
"10.066666666666668","","interacts with","0","0.476387162","","BTBD16 (interacts with) IL16",,"0","0","0","1","0.551219512","0.401554812",,"false","interacts with","BTBD16 (interacts with) IL16","0","Q32M84","","Q14005",""
"124.0","","interacts with","0","0.559198542","","PRSS8 (interacts with) ERF",,"0","0","0","1","0.717073171","0.401323913",,"false","interacts with","PRSS8 (interacts with) ERF","0","Q16651","","P50548",""
"136.0","","interacts with","0","0.461777168","","CERS4 (interacts with) RAPGEF4",,"0","0","0","1","0.52195122","0.401603117",,"false","interacts with","CERS4 (interacts with) RAPGEF4","0","Q9HA82","","Q8WZA2",""
"402.0","","interacts with","0","0.564286529","","CERS4 (interacts with) TTYH1",,"0","0","0","1","0.726829268","0.40174379",,"false","interacts with","CERS4 (interacts with) TTYH1","0","Q9HA82","","Q9H313",""
"5.0","","interacts with","0","0.464216209","","PDE5A (interacts with) CDK5RAP2",,"0","0","0","1","0.526829268","0.40160315",,"false","interacts with","PDE5A (interacts with) CDK5RAP2","0","O76074","","Q96SN8",""
"0.0","","interacts with","0","0.692131552","","MAPK14 (interacts with) MAPK14",,"1","1","1","1","0.970731707","0.413531396",,"false","interacts with","MAPK14 (interacts with) MAPK14","0","Q16539","","Q16539",""
"115.68658008658011","","interacts with","0","0.561629686","","KPNA6 (interacts with) NCBP2",,"0","0","0","1","0.72195122","0.401308153",,"false","interacts with","KPNA6 (interacts with) NCBP2","0","O60684","","P52298",""
"42.78095238095238","","interacts with","0","0.476387141","","DPEP2 (interacts with) ARHGEF15",,"0","0","0","1","0.551219512","0.40155477",,"false","interacts with","DPEP2 (interacts with) ARHGEF15","0","Q9H4A9","","O94989",""
"213.1499999999999","","interacts with","0","0.561493641","","HNRNPDL (interacts with) WDR77",,"0","0","0","1","0.72195122","0.401036063",,"false","interacts with","HNRNPDL (interacts with) WDR77","0","O14979","","Q9BQA1",""
"128.0","","interacts with","0","0.561655388","","CAPG (interacts with) ST6GALNAC6",,"0","0","0","1","0.72195122","0.401359556",,"false","interacts with","CAPG (interacts with) ST6GALNAC6","0","P40121","","Q969X2",""
"14.66666666666667","","interacts with","0","0.47642626","","PRKACA (interacts with) TIGD4",,"1","0","1","1","0.551219512","0.401633008",,"false","interacts with","PRKACA (interacts with) TIGD4","0","P17612","","Q8IY51",""
"144.41904761904763","","interacts with","0","0.469070221","","TMEM231 (interacts with) RBM25",,"0","0","0","1","0.536585366","0.401555076",,"false","interacts with","TMEM231 (interacts with) RBM25","0","Q9H6L2","","P49756",""
"129.5555555555556","","interacts with","0","0.476426179","","COL3A1 (interacts with) TNMD",,"1","0","1","1","0.551219512","0.401632845",,"false","interacts with","COL3A1 (interacts with) TNMD","0","P02461","","Q9H2S6",""
"5.4","","interacts with","0","0.461753174","","DPEP2 (interacts with) B3GAT1",,"0","0","0","1","0.52195122","0.401555128",,"false","interacts with","DPEP2 (interacts with) B3GAT1","0","Q9H4A9","","Q9P2W7",""
"67.74155844155848","","interacts with","0","0.46419221","","MCAM (interacts with) SULT1E1",,"0","0","0","1","0.526829268","0.401555151",,"false","interacts with","MCAM (interacts with) SULT1E1","0","P43121","","P49888",""
"30.0","","interacts with","0","0.5908164","","TMEM143 (interacts with) CSGALNACT2",,"0","0","0","1","0.780487805","0.401144995",,"false","interacts with","TMEM143 (interacts with) CSGALNACT2","0","Q96AN5","","Q8N6G5",""
"447.0045988944569","","interacts with","0","0.464192401","","ERICH6 (interacts with) TMPPE",,"0","0","0","1","0.526829268","0.401555534",,"false","interacts with","ERICH6 (interacts with) TMPPE","0","Q7L0X2","","Q6ZT21",""
"6.619047619047619","","interacts with","0","0.464231188","","BMP7 (interacts with) NXPH1",,"1","0","1","1","0.526829268","0.401633108",,"false","interacts with","BMP7 (interacts with) NXPH1","0","P18075","","P58417",""
"39.37467532467534","","interacts with","0","0.476387222","","ERICH6 (interacts with) ZNF772",,"0","0","0","1","0.551219512","0.401554932",,"false","interacts with","ERICH6 (interacts with) ZNF772","0","Q7L0X2","","Q68DY9",""
"389.5","","interacts with","0","0.47642618","","COL5A2 (interacts with) RCN1",,"1","0","1","1","0.551219512","0.401632848",,"false","interacts with","COL5A2 (interacts with) RCN1","0","P05997","","Q15293",""
"39.37467532467533","","interacts with","0","0.461752941","","ERICH6 (interacts with) IQCM",,"0","0","0","1","0.52195122","0.401554662",,"false","interacts with","ERICH6 (interacts with) IQCM","0","Q7L0X2","","A0A1B0GVH7",""
"28.53997113997112","","interacts with","0","0.47638707","","ERICH6 (interacts with) SULT1E1",,"0","0","0","1","0.551219512","0.401554628",,"false","interacts with","ERICH6 (interacts with) SULT1E1","0","Q7L0X2","","P49888",""
"828.0","","interacts with","0","0.576210182","","RCN1 (interacts with) OFD1",,"0","0","0","1","0.751219512","0.401200851",,"false","interacts with","RCN1 (interacts with) OFD1","0","Q15293","","O75665",""
"82.13095238095237","","interacts with","0","0.561669799","","HNRNPDL (interacts with) TARDBP",,"0","0","0","1","0.72195122","0.401388379",,"false","interacts with","HNRNPDL (interacts with) TARDBP","0","O14979","","Q13148",""
"49.86825396825397","","interacts with","0","0.461753912","","ERICH6 (interacts with) MCAM",,"0","0","0","1","0.52195122","0.401556604",,"false","interacts with","ERICH6 (interacts with) MCAM","0","Q7L0X2","","P43121",""
"414.0","","interacts with","0","0.464216167","","RASGEF1A (interacts with) BDP1",,"0","0","0","1","0.526829268","0.401603065",,"false","interacts with","RASGEF1A (interacts with) BDP1","0","Q8N9B8","","A6H8Y1",""
"71.96548636173381","","interacts with","0","0.464192133","","ERICH6 (interacts with) ARHGAP44",,"0","0","0","1","0.526829268","0.401554999",,"false","interacts with","ERICH6 (interacts with) ARHGAP44","0","Q7L0X2","","Q17R89",""
"48.833333333333336","","interacts with","0","0.464231161","","RCN1 (interacts with) AHRR",,"0","0","0","1","0.526829268","0.401633053",,"false","interacts with","RCN1 (interacts with) AHRR","0","Q15293","","A9YTQ3",""
"8.133333333333333","","interacts with","0","0.476387047","","ARHGAP30 (interacts with) PWWP3A",,"0","0","0","1","0.551219512","0.401554582",,"false","interacts with","ARHGAP30 (interacts with) PWWP3A","0","Q7Z6I6","","Q2TAK8",""
"124.5","","interacts with","0","0.464231166","","RCN1 (interacts with) MYLK3",,"0","0","0","1","0.526829268","0.401633064",,"false","interacts with","RCN1 (interacts with) MYLK3","0","Q15293","","Q32MK0",""
"40.0","","interacts with","0","0.561636569","","FAM83H (interacts with) OR2A4",,"0","0","0","1","0.72195122","0.401321919",,"false","interacts with","FAM83H (interacts with) OR2A4","0","Q6ZRV2","","O95047",""
"76.0","","interacts with","0","0.564067823","","FAM83H (interacts with) NOP9",,"0","0","0","1","0.726829268","0.401306378",,"false","interacts with","FAM83H (interacts with) NOP9","0","Q6ZRV2","","Q86U38",""
"46.0","","interacts with","0","0.476426218","","TNFRSF11B (interacts with) COL5A2",,"0","1","1","1","0.551219512","0.401632924",,"false","interacts with","TNFRSF11B (interacts with) COL5A2","0","O00300","","P05997",""
"99.41904761904762","","interacts with","0","0.476387182","","SAMD11 (interacts with) IGHV7-81",,"0","0","0","1","0.551219512","0.401554851",,"false","interacts with","SAMD11 (interacts with) IGHV7-81","0","Q96NU1","","A0A0B4J1V7",""
"5.666666666666666","","interacts with","0","0.476387104","","SAMD11 (interacts with) APOBEC3A",,"0","0","0","1","0.551219512","0.401554695",,"false","interacts with","SAMD11 (interacts with) APOBEC3A","0","Q96NU1","","P31941",""
"40.71666666666666","","interacts with","0","0.476387192","","ERICH6 (interacts with) GLYATL1",,"0","0","0","1","0.551219512","0.401554871",,"false","interacts with","ERICH6 (interacts with) GLYATL1","0","Q7L0X2","","Q969I3",""
"39.374675324675316","","interacts with","0","0.476387302","","ERICH6 (interacts with) PDE7A",,"0","0","0","1","0.551219512","0.401555092",,"false","interacts with","ERICH6 (interacts with) PDE7A","0","Q7L0X2","","Q13946",""
"2.6666666666666665","","interacts with","0","0.476387526","","ARHGAP30 (interacts with) CASKIN2",,"0","0","0","1","0.551219512","0.401555541",,"false","interacts with","ARHGAP30 (interacts with) CASKIN2","0","Q7Z6I6","","Q8WXE0",""
"6.666666666666666","","interacts with","0","0.464216076","","ARHGAP30 (interacts with) CDK5RAP2",,"0","0","0","1","0.526829268","0.401602884",,"false","interacts with","ARHGAP30 (interacts with) CDK5RAP2","0","Q7Z6I6","","Q96SN8",""
"414.0","","interacts with","0","0.476426237","","UNCX (interacts with) SOST",,"0","1","1","1","0.551219512","0.401632961",,"false","interacts with","UNCX (interacts with) SOST","0","A6NJT0","","Q9BQB4",""
"4.133333333333333","","interacts with","0","0.476387178","","ARHGAP30 (interacts with) TSPYL2",,"0","0","0","1","0.551219512","0.401554844",,"false","interacts with","ARHGAP30 (interacts with) TSPYL2","0","Q7Z6I6","","Q9H2G4",""
"262.08809523809526","","interacts with","0","0.464255316","","B3GNT3 (interacts with) BOD1L1",,"0","0","0","1","0.526829268","0.401681364",,"false","interacts with","B3GNT3 (interacts with) BOD1L1","0","Q9Y2A9","","Q8NFC6",""
"192.0","","interacts with","0","0.564067928","","PDCD6 (interacts with) ABCB7",,"0","0","0","1","0.726829268","0.401306588",,"false","interacts with","PDCD6 (interacts with) ABCB7","0","O75340","","O75027",""
"205.9968253968253","","interacts with","0","0.464255243","","NPY4R (interacts with) BDP1",,"0","0","0","1","0.526829268","0.401681218",,"false","interacts with","NPY4R (interacts with) BDP1","0","P50391","","A6H8Y1",""
"192.0","","interacts with","0","0.620080998","","PDCD6 (interacts with) RTF1",,"0","0","0","1","0.83902439","0.401137606",,"false","interacts with","PDCD6 (interacts with) RTF1","0","O75340","","Q92541",""
"40.833333333333336","","interacts with","0","0.464231226","","BCL2 (interacts with) GCKR",,"1","0","1","1","0.526829268","0.401633185",,"false","interacts with","BCL2 (interacts with) GCKR","0","P10415","","Q14397",""
"5.485714285714286","","interacts with","0","0.476387086","","SAMD11 (interacts with) TMEM61",,"0","0","0","1","0.551219512","0.40155466",,"false","interacts with","SAMD11 (interacts with) TMEM61","0","Q96NU1","","Q8N0U2",""
"412.0","","interacts with","0","0.464231251","","COX6B2 (interacts with) SOST",,"0","1","1","1","0.526829268","0.401633235",,"false","interacts with","COX6B2 (interacts with) SOST","0","Q6YFQ2","","Q9BQB4",""
"102.68571428571427","","interacts with","0","0.46177713","","SAMD11 (interacts with) CCDC7",,"0","0","0","1","0.52195122","0.401603041",,"false","interacts with","SAMD11 (interacts with) CCDC7","0","Q96NU1","","Q96M83",""
"287.6738095238097","","interacts with","0","0.461816301","","COL5A3 (interacts with) NIBAN1",,"1","0","1","1","0.52195122","0.401681383",,"false","interacts with","COL5A3 (interacts with) NIBAN1","0","P25940","","Q9BZQ8",""
"5.252380952380952","","interacts with","0","0.4763871","","SAMD11 (interacts with) TRGV5",,"0","0","0","1","0.551219512","0.401554687",,"false","interacts with","SAMD11 (interacts with) TRGV5","0","Q96NU1","","A0A0B4J1U4",""
"436.0","","interacts with","0","0.476387421","","TRAV6 (interacts with) FAM117B",,"0","0","0","1","0.551219512","0.40155533",,"false","interacts with","TRAV6 (interacts with) FAM117B","0","A0A075B6T7","","Q6P1L5",""
"161.28571428571436","","interacts with","0","0.561637419","","PDCD6 (interacts with) IGF2BP3",,"0","0","0","1","0.72195122","0.401323618",,"false","interacts with","PDCD6 (interacts with) IGF2BP3","0","O75340","","O00425",""
"414.0","","interacts with","0","0.476426266","","SOST (interacts with) HEYL",,"1","0","1","1","0.551219512","0.40163302",,"false","interacts with","SOST (interacts with) HEYL","0","Q9BQB4","","Q9NQ87",""
"220.0","","interacts with","0","0.566514354","","DDX52 (interacts with) RNF2",,"0","0","0","1","0.731707317","0.401321392",,"false","interacts with","DDX52 (interacts with) RNF2","0","Q9Y2R4","","Q99496",""
"184.26984126984124","","interacts with","0","0.461753032","","AICDA (interacts with) ST8SIA4",,"0","0","0","1","0.52195122","0.401554844",,"false","interacts with","AICDA (interacts with) ST8SIA4","0","Q9GZX7","","Q92187",""
"481.18248026483315","","interacts with","0","0.464255338","","AICDA (interacts with) BDP1",,"0","0","0","1","0.526829268","0.401681408",,"false","interacts with","AICDA (interacts with) BDP1","0","Q9GZX7","","A6H8Y1",""
"80.6333333333333","","interacts with","0","0.573823718","","PDCD6 (interacts with) TARDBP",,"0","0","0","1","0.746341463","0.401305972",,"false","interacts with","PDCD6 (interacts with) TARDBP","0","O75340","","Q13148",""
"44.800000000000004","","interacts with","0","0.476426296","","COL1A2 (interacts with) SLC25A3",,"1","0","1","1","0.551219512","0.40163308",,"false","interacts with","COL1A2 (interacts with) SLC25A3","0","P08123","","Q00325",""
"135.17857142857144","","interacts with","0","0.461792138","","AICDA (interacts with) TCP11X2",,"0","0","0","1","0.52195122","0.401633056",,"false","interacts with","AICDA (interacts with) TCP11X2","0","Q9GZX7","","Q5H9J9",""
"312.203104085457","","interacts with","0","0.476387254","","ARHGAP44 (interacts with) TMPPE",,"0","0","0","1","0.551219512","0.401554997",,"false","interacts with","ARHGAP44 (interacts with) TMPPE","0","Q17R89","","Q6ZT21",""
"215.46098715348197","","interacts with","0","0.476387266","","ARHGAP44 (interacts with) OTUD5",,"0","0","0","1","0.551219512","0.40155502",,"false","interacts with","ARHGAP44 (interacts with) OTUD5","0","Q17R89","","Q96G74",""
"151.0090187590189","","interacts with","0","0.476387183","","ARHGAP44 (interacts with) ZNF772",,"0","0","0","1","0.551219512","0.401554854",,"false","interacts with","ARHGAP44 (interacts with) ZNF772","0","Q17R89","","Q68DY9",""
"129.33333333333334","","interacts with","0","0.476426304","","TNFSF11 (interacts with) SOX13",,"1","0","1","1","0.551219512","0.401633096",,"false","interacts with","TNFSF11 (interacts with) SOX13","0","O14788","","Q9UN79",""
"73.01707366332116","","interacts with","0","0.464192213","","ARHGAP44 (interacts with) ZNF221",,"0","0","0","1","0.526829268","0.401555158",,"false","interacts with","ARHGAP44 (interacts with) ZNF221","0","Q17R89","","Q9UK13",""
"2.0","","interacts with","0","0.461792948","","OR12D2 (interacts with) ZNF547",,"0","0","0","1","0.52195122","0.401634676",,"false","interacts with","OR12D2 (interacts with) ZNF547","0","P58182","","Q8IVP9",""
"1074.3999999999974","","interacts with","0","0.469070413","","IGHV7-81 (interacts with) STK16",,"0","0","0","1","0.536585366","0.40155546",,"false","interacts with","IGHV7-81 (interacts with) STK16","0","A0A0B4J1V7","","O75716",""
"287.6738095238098","","interacts with","0","0.464255254","","COL5A3 (interacts with) HLCS",,"1","0","1","1","0.526829268","0.401681239",,"false","interacts with","COL5A3 (interacts with) HLCS","0","P25940","","P50747",""
"66.3","","interacts with","0","0.476387191","","ZNF716 (interacts with) ZNF382",,"0","0","0","1","0.551219512","0.401554869",,"false","interacts with","ZNF716 (interacts with) ZNF382","0","A6NP11","","Q96SR6",""
"56.0","","interacts with","0","0.476426463","","RELA (interacts with) OR10G6",,"1","0","1","1","0.551219512","0.401633413",,"false","interacts with","RELA (interacts with) OR10G6","0","Q04206","","Q8NH81",""
"125.73333333333278","","interacts with","0","0.469070667","","IGHV7-81 (interacts with) TMEM61",,"0","0","0","1","0.536585366","0.401555968",,"false","interacts with","IGHV7-81 (interacts with) TMEM61","0","A0A0B4J1V7","","Q8N0U2",""
"6.8","","interacts with","0","0.476387347","","MED15 (interacts with) TMCO6",,"0","0","0","1","0.551219512","0.401555182",,"false","interacts with","MED15 (interacts with) TMCO6","0","Q96RN5","","Q96DC7",""
"189.79999999999998","","interacts with","0","0.476387139","","IGHV7-81 (interacts with) GOLGA6B",,"0","0","0","1","0.551219512","0.401554765",,"false","interacts with","IGHV7-81 (interacts with) GOLGA6B","0","A0A0B4J1V7","","A6NDN3",""
"84.0","","interacts with","0","0.476426207","","COL1A2 (interacts with) ACP6",,"1","0","1","1","0.551219512","0.401632902",,"false","interacts with","COL1A2 (interacts with) ACP6","0","P08123","","Q9NPH0",""
"188.66666666666666","","interacts with","0","0.476387304","","IGHV7-81 (interacts with) IZUMO1",,"0","0","0","1","0.551219512","0.401555096",,"false","interacts with","IGHV7-81 (interacts with) IZUMO1","0","A0A0B4J1V7","","Q8IYV9",""
"151.00901875901872","","interacts with","0","0.47638714","","ARHGAP44 (interacts with) PDE7A",,"0","0","0","1","0.551219512","0.401554767",,"false","interacts with","ARHGAP44 (interacts with) PDE7A","0","Q17R89","","Q13946",""
"386.2573812822291","","interacts with","0","0.476388296","","TMPPE (interacts with) OTUD5",,"0","0","0","1","0.551219512","0.401557079",,"false","interacts with","TMPPE (interacts with) OTUD5","0","Q6ZT21","","Q96G74",""
"45.547619047619044","","interacts with","0","0.476426227","","MAPK14 (interacts with) PRDM8",,"1","0","1","1","0.551219512","0.401632941",,"false","interacts with","MAPK14 (interacts with) PRDM8","0","Q16539","","Q9NQV8",""
"310.9607316505896","","interacts with","0","0.461753422","","TMPPE (interacts with) ZNF221",,"0","0","0","1","0.52195122","0.401555624",,"false","interacts with","TMPPE (interacts with) ZNF221","0","Q6ZT21","","Q9UK13",""
"42.0","","interacts with","0","0.476426233","","RELA (interacts with) C1QL2",,"1","0","1","1","0.551219512","0.401632954",,"false","interacts with","RELA (interacts with) C1QL2","0","Q04206","","Q7Z5L3",""
"647.7119047619049","","interacts with","0","0.56163644","","EPB41L3 (interacts with) SCML1",,"0","0","0","1","0.72195122","0.40132166",,"false","interacts with","EPB41L3 (interacts with) SCML1","0","Q9Y2J2","","Q9UN30",""
"151.00901875901886","","interacts with","0","0.464192032","","ARHGAP44 (interacts with) IQCM",,"0","0","0","1","0.526829268","0.401554795",,"false","interacts with","ARHGAP44 (interacts with) IQCM","0","Q17R89","","A0A1B0GVH7",""
"146.93398268398278","","interacts with","0","0.476387106","","ARHGAP44 (interacts with) SULT1E1",,"0","0","0","1","0.551219512","0.401554701",,"false","interacts with","ARHGAP44 (interacts with) SULT1E1","0","Q17R89","","P49888",""
"6.8","","interacts with","0","0.476387159","","MED15 (interacts with) TRAV12-3",,"0","0","0","1","0.551219512","0.401554806",,"false","interacts with","MED15 (interacts with) TRAV12-3","0","Q96RN5","","A0A0B4J271",""
"30.333333333333325","","interacts with","0","0.464231364","","FAM86B2 (interacts with) BCL2",,"0","1","1","1","0.526829268","0.401633459",,"false","interacts with","FAM86B2 (interacts with) BCL2","0","P0C5J1","","P10415",""
"154.42222222222222","","interacts with","0","0.476387073","","ARHGAP44 (interacts with) GLYATL1",,"0","0","0","1","0.551219512","0.401554634",,"false","interacts with","ARHGAP44 (interacts with) GLYATL1","0","Q17R89","","Q969I3",""
"336.57843137254906","","interacts with","0","0.47642631","","TP53 (interacts with) AKAP14",,"1","0","1","1","0.551219512","0.401633108",,"false","interacts with","TP53 (interacts with) AKAP14","0","P04637","","Q86UN6",""
"530.5","","interacts with","0","0.464216217","","EPB41L3 (interacts with) KIAA1217",,"0","0","0","1","0.526829268","0.401603166",,"false","interacts with","EPB41L3 (interacts with) KIAA1217","0","Q9Y2J2","","Q5T5P2",""
"94.67319347319349","","interacts with","0","0.464231347","","SPP1 (interacts with) LACC1",,"1","0","1","1","0.526829268","0.401633425",,"false","interacts with","SPP1 (interacts with) LACC1","0","P10451","","Q8IV20",""
"88.8235294117647","","interacts with","0","0.476426161","","BCL2 (interacts with) ZNF219",,"1","0","1","1","0.551219512","0.401632811",,"false","interacts with","BCL2 (interacts with) ZNF219","0","P10415","","Q9P2Y4",""
"5.999999999999999","","interacts with","0","0.476387371","","ZMYM5 (interacts with) RIOX2",,"0","0","0","1","0.551219512","0.40155523",,"false","interacts with","ZMYM5 (interacts with) RIOX2","0","Q9UJ78","","Q8IUF8",""
"5.7857142857142865","","interacts with","0","0.464192115","","ZMYM5 (interacts with) NXPH1",,"0","0","0","1","0.526829268","0.401554961",,"false","interacts with","ZMYM5 (interacts with) NXPH1","0","Q9UJ78","","P58417",""
"10.257142857142856","","interacts with","0","0.476426267","","ZMYM5 (interacts with) IL16",,"0","0","0","1","0.551219512","0.401633021",,"false","interacts with","ZMYM5 (interacts with) IL16","0","Q9UJ78","","Q14005",""
"129.33333333333334","","interacts with","0","0.476426214","","TNFSF11 (interacts with) XRCC5",,"1","0","1","1","0.551219512","0.401632916",,"false","interacts with","TNFSF11 (interacts with) XRCC5","0","O14788","","P13010",""
"40.0","","interacts with","0","0.56407581","","MED15 (interacts with) MED1",,"0","0","0","1","0.726829268","0.401322353",,"false","interacts with","MED15 (interacts with) MED1","0","Q96RN5","","Q15648",""
"60.70259740259751","","interacts with","0","0.469070346","","ATMIN (interacts with) SGCA",,"0","0","0","1","0.536585366","0.401555325",,"false","interacts with","ATMIN (interacts with) SGCA","0","O43313","","Q16586",""
"1769.981892966173","","interacts with","0","0.56406791","","TMPPE (interacts with) SCN3B",,"0","0","0","1","0.726829268","0.401306551",,"false","interacts with","TMPPE (interacts with) SCN3B","0","Q6ZT21","","Q9NY72",""
"256.5209956709957","","interacts with","0","0.461753505","","TMPPE (interacts with) SULT1E1",,"0","0","0","1","0.52195122","0.401555791",,"false","interacts with","TMPPE (interacts with) SULT1E1","0","Q6ZT21","","P49888",""
"218.86111111111114","","interacts with","0","0.461753448","","TMPPE (interacts with) GLYATL1",,"0","0","0","1","0.52195122","0.401555677",,"false","interacts with","TMPPE (interacts with) GLYATL1","0","Q6ZT21","","Q969I3",""
"8.8","","interacts with","0","0.476387259","","MED15 (interacts with) TMEM41A",,"0","0","0","1","0.551219512","0.401555006",,"false","interacts with","MED15 (interacts with) TMEM41A","0","Q96RN5","","Q96HV5",""
"4.8047619047619055","","interacts with","0","0.461753199","","ZMYM5 (interacts with) SYT9",,"0","0","0","1","0.52195122","0.401555178",,"false","interacts with","ZMYM5 (interacts with) SYT9","0","Q9UJ78","","Q86SS6",""
"4.8047619047619055","","interacts with","0","0.476387047","","ZMYM5 (interacts with) ASXL2",,"0","0","0","1","0.551219512","0.401554582",,"false","interacts with","ZMYM5 (interacts with) ASXL2","0","Q9UJ78","","Q76L83",""
"73.59920634920637","","interacts with","0","0.476387189","","SOCS2 (interacts with) ATXN7L1",,"0","0","0","1","0.551219512","0.401554866",,"false","interacts with","SOCS2 (interacts with) ATXN7L1","0","O14508","","Q9ULK2",""
"36.400000000000006","","interacts with","0","0.476426251","","PSMD12 (interacts with) COL1A2",,"0","1","1","1","0.551219512","0.40163299",,"false","interacts with","PSMD12 (interacts with) COL1A2","0","O00232","","P08123",""
"46.666666666666664","","interacts with","0","0.476426248","","COL5A2 (interacts with) THBD",,"1","0","1","1","0.551219512","0.401632984",,"false","interacts with","COL5A2 (interacts with) THBD","0","P05997","","P07204",""
"25.0","","interacts with","0","0.476426245","","PGR (interacts with) TXNRD3",,"1","0","1","1","0.551219512","0.401632977",,"false","interacts with","PGR (interacts with) TXNRD3","0","P06401","","Q86VQ6",""
"6.800000000000001","","interacts with","0","0.476387146","","MED15 (interacts with) SMIM26",,"0","0","0","1","0.551219512","0.401554779",,"false","interacts with","MED15 (interacts with) SMIM26","0","Q96RN5","","A0A096LP01",""
"130.62481962481968","","interacts with","0","0.46419231","","ATMIN (interacts with) GTF2A1L",,"0","0","0","1","0.526829268","0.401555351",,"false","interacts with","ATMIN (interacts with) GTF2A1L","0","O43313","","Q9UNN4",""
"414.0","","interacts with","0","0.464216061","","WDR13 (interacts with) BDP1",,"0","0","0","1","0.526829268","0.401602853",,"false","interacts with","WDR13 (interacts with) BDP1","0","Q9H1Z4","","A6H8Y1",""
"45.460606060606075","","interacts with","0","0.476426293","","COL1A2 (interacts with) DDX4",,"1","0","1","1","0.551219512","0.401633073",,"false","interacts with","COL1A2 (interacts with) DDX4","0","P08123","","Q9NQI0",""
"46.0","","interacts with","0","0.476426275","","COL5A2 (interacts with) PDSS1",,"1","0","1","1","0.551219512","0.401633038",,"false","interacts with","COL5A2 (interacts with) PDSS1","0","P05997","","Q5T2R2",""
"2545.7333333333295","","interacts with","0","0.464216124","","STK16 (interacts with) CCDC7",,"0","0","0","1","0.526829268","0.401602981",,"false","interacts with","STK16 (interacts with) CCDC7","0","O75716","","Q96M83",""
"156.16666666666669","","interacts with","0","0.476387094","","PKLR (interacts with) SHISA2",,"0","0","0","1","0.551219512","0.401554675",,"false","interacts with","PKLR (interacts with) SHISA2","0","P30613","","Q6UWI4",""
"0.0","","interacts with","0","0.621471331","","CALCA (interacts with) CALCA",,"1","1","1","1","0.834146341","0.408796321",,"false","interacts with","CALCA (interacts with) CALCA","0","P01258","","P01258",""
"174.24999999999997","","interacts with","0","0.476387041","","PKLR (interacts with) C3orf84",,"0","0","0","1","0.551219512","0.40155457",,"false","interacts with","PKLR (interacts with) C3orf84","0","P30613","","H3BNL1",""
"63.666666666666664","","interacts with","0","0.4764262","","CCT8L1P (interacts with) BCL2",,"0","1","1","1","0.551219512","0.401632888",,"false","interacts with","CCT8L1P (interacts with) BCL2","0","A6NM43","","P10415",""
"6.666666666666665","","interacts with","0","0.476387055","","ARMH4 (interacts with) TPMT",,"0","0","0","1","0.551219512","0.401554597",,"false","interacts with","ARMH4 (interacts with) TPMT","0","Q86TY3","","P51580",""
"138.0","","interacts with","0","0.561916179","","MANEAL (interacts with) TTYH1",,"0","0","0","1","0.72195122","0.401881139",,"false","interacts with","MANEAL (interacts with) TTYH1","0","Q5VSG8","","Q9H313",""
"6.9190476190476184","","interacts with","0","0.476387068","","ARMH4 (interacts with) RPUSD1",,"0","0","0","1","0.551219512","0.401554625",,"false","interacts with","ARMH4 (interacts with) RPUSD1","0","Q86TY3","","Q9UJJ7",""
"12.466666666666665","","interacts with","0","0.476426301","","CTSK (interacts with) TSPYL2",,"1","0","1","1","0.551219512","0.40163309",,"false","interacts with","CTSK (interacts with) TSPYL2","0","P43235","","Q9H2G4",""
"18.666666666666664","","interacts with","0","0.476426334","","TRGV3 (interacts with) BMP2",,"0","1","1","1","0.551219512","0.401633157",,"false","interacts with","TRGV3 (interacts with) BMP2","0","P03979","","P12643",""
"46.0","","interacts with","0","0.476426196","","AKR1B10 (interacts with) COL5A2",,"0","1","1","1","0.551219512","0.40163288",,"false","interacts with","AKR1B10 (interacts with) COL5A2","0","O60218","","P05997",""
"55.54365079365078","","interacts with","0","0.464192207","","SOCS2 (interacts with) RNF168",,"0","0","0","1","0.526829268","0.401555145",,"false","interacts with","SOCS2 (interacts with) RNF168","0","O14508","","Q8IYW5",""
"5.333333333333332","","interacts with","0","0.464192831","","OR1M1 (interacts with) COA7",,"0","0","0","1","0.526829268","0.401556394",,"false","interacts with","OR1M1 (interacts with) COA7","0","Q8NGA1","","Q96BR5",""
"434.0","","interacts with","0","0.476387099","","SALL2 (interacts with) ANKRD22",,"0","0","0","1","0.551219512","0.401554686",,"false","interacts with","SALL2 (interacts with) ANKRD22","0","Q9Y467","","Q5VYY1",""
"139.68571428571443","","interacts with","0","0.469109262","","BMP2 (interacts with) ARMH4",,"1","0","1","1","0.536585366","0.401633158",,"false","interacts with","BMP2 (interacts with) ARMH4","0","P12643","","Q86TY3",""
"68.0","","interacts with","0","0.476387074","","SALL2 (interacts with) LCN15",,"0","0","0","1","0.551219512","0.401554635",,"false","interacts with","SALL2 (interacts with) LCN15","0","Q9Y467","","Q6UWW0",""
"200.0","","interacts with","0","0.461777159","","IGHV4-61 (interacts with) CCDC7",,"0","0","0","1","0.52195122","0.401603098",,"false","interacts with","IGHV4-61 (interacts with) CCDC7","0","A0A0C4DH41","","Q96M83",""
"63.666666666666664","","interacts with","0","0.464231206","","BCL2 (interacts with) RGL4",,"1","0","1","1","0.526829268","0.401633143",,"false","interacts with","BCL2 (interacts with) RGL4","0","P10415","","Q8IZJ4",""
"252.0","","interacts with","0","0.561424658","","RAB11A (interacts with) ARF1",,"0","0","0","1","0.72195122","0.400898096",,"false","interacts with","RAB11A (interacts with) ARF1","0","P62491","","P84077",""
"1456.0","","interacts with","0","0.564067926","","SALL2 (interacts with) CARD8",,"0","0","0","1","0.726829268","0.401306584",,"false","interacts with","SALL2 (interacts with) CARD8","0","Q9Y467","","Q9Y2G2",""
"68.0","","interacts with","0","0.476387162","","SALL2 (interacts with) RAC3",,"0","0","0","1","0.551219512","0.401554812",,"false","interacts with","SALL2 (interacts with) RAC3","0","Q9Y467","","P60763",""
"122.0","","interacts with","0","0.464191977","","PKLR (interacts with) HLA-DRB3",,"0","0","0","1","0.526829268","0.401554686",,"false","interacts with","PKLR (interacts with) HLA-DRB3","0","P30613","","P79483",""
"15.399999999999999","","interacts with","0","0.464231248","","MYCL (interacts with) ZKSCAN4",,"1","0","1","1","0.526829268","0.401633227",,"false","interacts with","MYCL (interacts with) ZKSCAN4","0","P12524","","Q969J2",""
"283.08333333333326","","interacts with","0","0.476387431","","PKLR (interacts with) OR56A4",,"0","0","0","1","0.551219512","0.40155535",,"false","interacts with","PKLR (interacts with) OR56A4","0","P30613","","Q8NGH8",""
"192.0","","interacts with","0","0.464255204","","GSG1L2 (interacts with) COL3A1",,"0","1","1","1","0.526829268","0.401681139",,"false","interacts with","GSG1L2 (interacts with) COL3A1","0","A8MUP6","","P02461",""
"3.3333333333333335","","interacts with","0","0.464231602","","OR1M1 (interacts with) RNF13",,"0","0","0","1","0.526829268","0.401633935",,"false","interacts with","OR1M1 (interacts with) RNF13","0","Q8NGA1","","O43567",""
"6.666666666666666","","interacts with","0","0.476387079","","ARMH4 (interacts with) IGHV4-39",,"0","0","0","1","0.551219512","0.401554646",,"false","interacts with","ARMH4 (interacts with) IGHV4-39","0","Q86TY3","","P01824",""
"7.619047619047619","","interacts with","0","0.476387126","","ARMH4 (interacts with) STARD3NL",,"0","0","0","1","0.551219512","0.401554739",,"false","interacts with","ARMH4 (interacts with) STARD3NL","0","Q86TY3","","O95772",""
"128.0","","interacts with","0","0.561723891","","CLN5 (interacts with) SLC25A4",,"0","0","0","1","0.72195122","0.401496563",,"false","interacts with","CLN5 (interacts with) SLC25A4","0","O75503","","P12235",""
"20.0","","interacts with","0","0.464255221","","CTSK (interacts with) FRMPD4",,"1","0","1","1","0.526829268","0.401681173",,"false","interacts with","CTSK (interacts with) FRMPD4","0","P43235","","Q14CM0",""
"51.666666666666664","","interacts with","0","0.59348484","","NEDD1 (interacts with) OFD1",,"0","0","0","1","0.785365854","0.401603825",,"false","interacts with","NEDD1 (interacts with) OFD1","0","Q8NHV4","","O75665",""
"220.0","","interacts with","0","0.56406862","","ZEB1 (interacts with) USP29",,"0","0","0","1","0.726829268","0.401307971",,"false","interacts with","ZEB1 (interacts with) USP29","0","P37275","","Q9HBJ7",""
"19.4","","interacts with","0","0.59346079","","NEDD1 (interacts with) RPL3",,"0","0","0","1","0.785365854","0.401555727",,"false","interacts with","NEDD1 (interacts with) RPL3","0","Q8NHV4","","P39023",""
"414.0","","interacts with","0","0.464216152","","MFSD9 (interacts with) BDP1",,"0","0","0","1","0.526829268","0.401603035",,"false","interacts with","MFSD9 (interacts with) BDP1","0","Q8NBP5","","A6H8Y1",""
"347.96666666666664","","interacts with","0","0.476387167","","ZNF839 (interacts with) RNF2",,"0","0","0","1","0.551219512","0.401554822",,"false","interacts with","ZNF839 (interacts with) RNF2","0","A8K0R7","","Q99496",""
"903.2142857142856","","interacts with","0","0.476387157","","SALL2 (interacts with) PPP1R8",,"0","0","0","1","0.551219512","0.401554802",,"false","interacts with","SALL2 (interacts with) PPP1R8","0","Q9Y467","","Q12972",""
"68.96666666666668","","interacts with","0","0.476387194","","ZNF839 (interacts with) WDR45B",,"0","0","0","1","0.551219512","0.401554876",,"false","interacts with","ZNF839 (interacts with) WDR45B","0","A8K0R7","","Q5MNZ6",""
"281.063362128068","","interacts with","0","0.464255189","","BCL2 (interacts with) DCTN1",,"1","0","1","1","0.526829268","0.401681109",,"false","interacts with","BCL2 (interacts with) DCTN1","0","P10415","","Q14203",""
"196.33333333333334","","interacts with","0","0.461777058","","APOBEC3A (interacts with) CCDC7",,"0","0","0","1","0.52195122","0.401602896",,"false","interacts with","APOBEC3A (interacts with) CCDC7","0","P31941","","Q96M83",""
"105.0","","interacts with","0","0.461753108","","ZNF839 (interacts with) DMRTA2",,"0","0","0","1","0.52195122","0.401554997",,"false","interacts with","ZNF839 (interacts with) DMRTA2","0","A8K0R7","","Q96SC8",""
"209.66666666666669","","interacts with","0","0.476426304","","IGHV4-39 (interacts with) BMP2",,"0","1","1","1","0.551219512","0.401633096",,"false","interacts with","IGHV4-39 (interacts with) BMP2","0","P01824","","P12643",""
"361.5047619047616","","interacts with","0","0.476426208","","PTGS1 (interacts with) BMS1",,"1","0","1","1","0.551219512","0.401632903",,"false","interacts with","PTGS1 (interacts with) BMS1","0","P23219","","Q14692",""
"11.000000000000002","","interacts with","0","0.476387275","","MFSD4A (interacts with) IL16",,"0","0","0","1","0.551219512","0.401555037",,"false","interacts with","MFSD4A (interacts with) IL16","0","Q8N468","","Q14005",""
"228.35555555555558","","interacts with","0","0.476426206","","RDH16 (interacts with) COL3A1",,"0","1","1","1","0.551219512","0.401632899",,"false","interacts with","RDH16 (interacts with) COL3A1","0","O75452","","P02461",""
"11.0","","interacts with","0","0.476387188","","PARP3 (interacts with) IL16",,"0","0","0","1","0.551219512","0.401554864",,"false","interacts with","PARP3 (interacts with) IL16","0","Q9Y6F1","","Q14005",""
"138.0","","interacts with","0","0.561629552","","PPM1B (interacts with) MINDY2",,"0","0","0","1","0.72195122","0.401307884",,"false","interacts with","PPM1B (interacts with) MINDY2","0","O75688","","Q8NBR6",""
"128.0","","interacts with","0","0.469070822","","EFNA1 (interacts with) OR56A4",,"0","0","0","1","0.536585366","0.401556279",,"false","interacts with","EFNA1 (interacts with) OR56A4","0","P20827","","Q8NGH8",""
"80.0","","interacts with","0","0.47642619","","COL5A2 (interacts with) GLYAT",,"1","0","1","1","0.551219512","0.401632867",,"false","interacts with","COL5A2 (interacts with) GLYAT","0","P05997","","Q6IB77",""
"130.4190476190474","","interacts with","0","0.46419212","","ARMH4 (interacts with) IGHV7-81",,"0","0","0","1","0.526829268","0.401554973",,"false","interacts with","ARMH4 (interacts with) IGHV7-81","0","Q86TY3","","A0A0B4J1V7",""
"124.0","","interacts with","0","0.564067977","","TDGF1 (interacts with) GID4",,"0","0","0","1","0.726829268","0.401306685","0.287396938","false","interacts with","TDGF1 (interacts with) GID4","1","P13385","","Q8IVV7",""
"290.10352980352974","","interacts with","0","0.56406846","","MRTFA (interacts with) TCTN1",,"0","0","0","1","0.726829268","0.401307652",,"false","interacts with","MRTFA (interacts with) TCTN1","0","Q969V6","","Q2MV58",""
"7.915151515151516","","interacts with","0","0.476387088","","NXPH1 (interacts with) IL16",,"0","0","0","1","0.551219512","0.401554664",,"false","interacts with","NXPH1 (interacts with) IL16","0","P58417","","Q14005",""
"76.0","","interacts with","0","0.47642629","","ZBTB22 (interacts with) PROCR",,"0","1","1","1","0.551219512","0.401633068",,"false","interacts with","ZBTB22 (interacts with) PROCR","0","O15209","","Q9UNN8",""
"3.7","","interacts with","0","0.464192044","","NXPH1 (interacts with) ARHGAP28",,"0","0","0","1","0.526829268","0.40155482",,"false","interacts with","NXPH1 (interacts with) ARHGAP28","0","P58417","","Q9P2N2",""
"414.0","","interacts with","0","0.461792166","","IGLV1-51 (interacts with) SOST",,"0","1","1","1","0.52195122","0.401633112",,"false","interacts with","IGLV1-51 (interacts with) SOST","0","P01701","","Q9BQB4",""
"5.485714285714286","","interacts with","0","0.476387159","","ARMH4 (interacts with) TMEM61",,"0","0","0","1","0.551219512","0.401554805",,"false","interacts with","ARMH4 (interacts with) TMEM61","0","Q86TY3","","Q8N0U2",""
"199.39047619047616","","interacts with","0","0.476426261","","AKT1 (interacts with) CEP126",,"1","0","1","1","0.551219512","0.401633011",,"false","interacts with","AKT1 (interacts with) CEP126","0","P31749","","Q9P2H0",""
"4.0","","interacts with","0","0.476426236","","XPNPEP2 (interacts with) NOS3",,"0","1","1","1","0.551219512","0.401632959",,"false","interacts with","XPNPEP2 (interacts with) NOS3","0","O43895","","P29474",""
"23.666666666666664","","interacts with","0","0.464231269","","AKT1 (interacts with) KLHL40",,"1","0","1","1","0.526829268","0.40163327",,"false","interacts with","AKT1 (interacts with) KLHL40","0","P31749","","Q2TBA0",""
"1327.9666666666665","","interacts with","0","0.464231315","","CASP3 (interacts with) RNF2",,"1","0","1","1","0.526829268","0.401633362",,"false","interacts with","CASP3 (interacts with) RNF2","0","P42574","","Q99496",""
"51.0","","interacts with","0","0.476426241","","RELA (interacts with) OR51A4",,"1","0","1","1","0.551219512","0.401632969",,"false","interacts with","RELA (interacts with) OR51A4","0","Q04206","","Q8NGJ6",""
"1669.277497665731","","interacts with","0","0.564068115","","AP3B1 (interacts with) GKAP1",,"0","0","0","1","0.726829268","0.401306962",,"false","interacts with","AP3B1 (interacts with) GKAP1","0","O00203","","Q5VSY0",""
"372.0","","interacts with","0","0.564100705","","RAB11A (interacts with) SLC25A4",,"0","0","0","1","0.726829268","0.401372142",,"false","interacts with","RAB11A (interacts with) SLC25A4","0","P62491","","P12235",""
"25.0","","interacts with","0","0.476426227","","PDE5A (interacts with) CTSK",,"0","1","1","1","0.551219512","0.401632942",,"false","interacts with","PDE5A (interacts with) CTSK","0","O76074","","P43235",""
"9.5","","interacts with","0","0.47642622","","BMP7 (interacts with) FAM83C",,"1","0","1","1","0.551219512","0.401632929",,"false","interacts with","BMP7 (interacts with) FAM83C","0","P18075","","Q9BQN1",""
"56.0","","interacts with","0","0.47642638","","RELA (interacts with) OR51I2",,"1","0","1","1","0.551219512","0.401633249",,"false","interacts with","RELA (interacts with) OR51I2","0","Q04206","","Q9H344",""
"670.0","","interacts with","0","0.476387064","","CFAP107 (interacts with) SYT17",,"0","0","0","1","0.551219512","0.401554616",,"false","interacts with","CFAP107 (interacts with) SYT17","0","Q8N1D5","","Q9BSW7",""
"5.585714285714285","","interacts with","0","0.476387259","","ARMH4 (interacts with) TRGV5",,"0","0","0","1","0.551219512","0.401555005",,"false","interacts with","ARMH4 (interacts with) TRGV5","0","Q86TY3","","A0A0B4J1U4",""
"128.0","","interacts with","0","0.461753068","","LYG1 (interacts with) HSP90AA2P",,"0","0","0","1","0.52195122","0.401554917",,"false","interacts with","LYG1 (interacts with) HSP90AA2P","0","Q8N1E2","","Q14568",""
"48.038095238095266","","interacts with","0","0.47638714","","LYG1 (interacts with) ATXN7L1",,"0","0","0","1","0.551219512","0.401554769",,"false","interacts with","LYG1 (interacts with) ATXN7L1","0","Q8N1E2","","Q9ULK2",""
"42.566666666666684","","interacts with","0","0.469070455","","IL34 (interacts with) ZFP57",,"0","0","0","1","0.536585366","0.401555544",,"false","interacts with","IL34 (interacts with) ZFP57","0","Q6ZMJ4","","Q9NU63",""
"1500.9637721755366","","interacts with","0","0.47642626","","GKAP1 (interacts with) SOST",,"0","1","1","1","0.551219512","0.401633007",,"false","interacts with","GKAP1 (interacts with) SOST","0","Q5VSY0","","Q9BQB4",""
"92.80000000000003","","interacts with","0","0.47638721","","LYG1 (interacts with) TCP11L2",,"0","0","0","1","0.551219512","0.401554907",,"false","interacts with","LYG1 (interacts with) TCP11L2","0","Q8N1E2","","Q8N4U5",""
"192.0","","interacts with","0","0.47642626","","COL3A1 (interacts with) PTPN18",,"1","0","1","1","0.551219512","0.401633008",,"false","interacts with","COL3A1 (interacts with) PTPN18","0","P02461","","Q99952",""
"399.33333333333337","","interacts with","0","0.469109326","","STARD3NL (interacts with) BMP2",,"0","1","1","1","0.536585366","0.401633287",,"false","interacts with","STARD3NL (interacts with) BMP2","0","O95772","","P12643",""
"359.7619047619048","","interacts with","0","0.476426184","","CD72 (interacts with) COL5A3",,"0","1","1","1","0.551219512","0.401632856",,"false","interacts with","CD72 (interacts with) COL5A3","0","P21854","","P25940",""
"756.8076606400136","","interacts with","0","0.4764263","","TP53 (interacts with) HEBP1",,"1","0","1","1","0.551219512","0.401633087",,"false","interacts with","TP53 (interacts with) HEBP1","0","P04637","","Q9NRV9",""
"167.96666666666664","","interacts with","0","0.461777238","","OFD1 (interacts with) RPL3",,"0","0","0","1","0.52195122","0.401603257",,"false","interacts with","OFD1 (interacts with) RPL3","0","O75665","","P39023",""
"359.7619047619048","","interacts with","0","0.476426164","","COL5A3 (interacts with) FCRL6",,"1","0","1","1","0.551219512","0.401632815",,"false","interacts with","COL5A3 (interacts with) FCRL6","0","P25940","","Q6DN72",""
"45.56666666666668","","interacts with","0","0.476426282","","COL1A2 (interacts with) NAP1L3",,"1","0","1","1","0.551219512","0.401633051",,"false","interacts with","COL1A2 (interacts with) NAP1L3","0","P08123","","Q99457",""
"133.35238095238086","","interacts with","0","0.461777145","","ARMH4 (interacts with) CCDC7",,"0","0","0","1","0.52195122","0.401603071",,"false","interacts with","ARMH4 (interacts with) CCDC7","0","Q86TY3","","Q96M83",""
"128.0","","interacts with","0","0.464192081","","CFAP107 (interacts with) CCKAR",,"0","0","0","1","0.526829268","0.401554893",,"false","interacts with","CFAP107 (interacts with) CCKAR","0","Q8N1D5","","P32238",""
"48.5666666666667","","interacts with","0","0.46419215","","LYG1 (interacts with) TMEM200C",,"0","0","0","1","0.526829268","0.401555031",,"false","interacts with","LYG1 (interacts with) TMEM200C","0","Q8N1E2","","A6NKL6",""
"183.61666666666667","","interacts with","0","0.476426241","","COL3A1 (interacts with) C9orf64",,"1","0","1","1","0.551219512","0.401632971",,"false","interacts with","COL3A1 (interacts with) C9orf64","0","P02461","","Q5T6V5",""
"270.8842934842936","","interacts with","0","0.476426263","","COL3A1 (interacts with) ELAC2",,"1","0","1","1","0.551219512","0.401633014",,"false","interacts with","COL3A1 (interacts with) ELAC2","0","P02461","","Q9BQ52",""
"56.0","","interacts with","0","0.464231291","","RELA (interacts with) OR6C1",,"1","0","1","1","0.526829268","0.401633313",,"false","interacts with","RELA (interacts with) OR6C1","0","Q04206","","Q96RD1",""
"55.804761904761946","","interacts with","0","0.476387296","","LYG1 (interacts with) RNF168",,"0","0","0","1","0.551219512","0.40155508",,"false","interacts with","LYG1 (interacts with) RNF168","0","Q8N1E2","","Q8IYW5",""
"66.66666666666666","","interacts with","0","0.476426426","","OR52D1 (interacts with) PHC2",,"0","0","0","1","0.551219512","0.40163334",,"false","interacts with","OR52D1 (interacts with) PHC2","0","Q9H346","","Q8IXK0",""
"188.10000000000005","","interacts with","0","0.469070614","","LYG1 (interacts with) OR56A4",,"0","0","0","1","0.536585366","0.401555861",,"false","interacts with","LYG1 (interacts with) OR56A4","0","Q8N1E2","","Q8NGH8",""
"5.0","","interacts with","0","0.476387068","","PJVK (interacts with) CCSER1",,"0","0","0","1","0.551219512","0.401554623",,"false","interacts with","PJVK (interacts with) CCSER1","0","Q0ZLH3","","Q9C0I3",""
"22.5","","interacts with","0","0.47642633","","SPP1 (interacts with) RFESD",,"1","0","1","1","0.551219512","0.401633148",,"false","interacts with","SPP1 (interacts with) RFESD","0","P10451","","Q8TAC1",""
"500.0","","interacts with","0","0.47642622","","TNFSF11 (interacts with) ZNF133",,"1","0","1","1","0.551219512","0.401632928",,"false","interacts with","TNFSF11 (interacts with) ZNF133","0","O14788","","P52736",""
"2.0","","interacts with","0","0.46419244","","IGKV2D-30 (interacts with) SINHCAF",,"0","0","0","1","0.526829268","0.401555611",,"false","interacts with","IGKV2D-30 (interacts with) SINHCAF","0","A0A075B6S6","","Q9NP50",""
"56.0","","interacts with","0","0.47642622","","GSK3B (interacts with) POLI",,"1","0","1","1","0.551219512","0.401632928",,"false","interacts with","GSK3B (interacts with) POLI","0","P49841","","Q9UNA4",""
"7.0","","interacts with","0","0.464192269","","SPEM3 (interacts with) COL4A4",,"0","0","0","1","0.526829268","0.40155527",,"false","interacts with","SPEM3 (interacts with) COL4A4","0","A0A1B0GUW6","","P53420",""
"920.0","","interacts with","0","0.476426256","","SOCS5 (interacts with) COL3A1",,"0","1","1","1","0.551219512","0.401633",,"false","interacts with","SOCS5 (interacts with) COL3A1","0","O75159","","P02461",""
"42.74444444444446","","interacts with","0","0.476387338","","LYG1 (interacts with) GTF2F1",,"0","0","0","1","0.551219512","0.401555164",,"false","interacts with","LYG1 (interacts with) GTF2F1","0","Q8N1E2","","P35269",""
"131.0","","interacts with","0","0.464231254","","BGLAP (interacts with) POLR2M",,"1","0","1","1","0.526829268","0.401633239",,"false","interacts with","BGLAP (interacts with) POLR2M","0","P02818","","P0CAP2",""
"2.0","","interacts with","0","0.476387126","","SYNJ2 (interacts with) XPNPEP2",,"0","0","0","1","0.551219512","0.40155474",,"false","interacts with","SYNJ2 (interacts with) XPNPEP2","0","O15056","","O43895",""
"232.94206349206365","","interacts with","0","0.464216082","","BDP1 (interacts with) ZFP57",,"0","0","0","1","0.526829268","0.401602897",,"false","interacts with","BDP1 (interacts with) ZFP57","0","A6H8Y1","","Q9NU63",""
"128.0","","interacts with","0","0.464192073","","CFAP107 (interacts with) ACOT4",,"0","0","0","1","0.526829268","0.401554878",,"false","interacts with","CFAP107 (interacts with) ACOT4","0","Q8N1D5","","Q8N9L9",""
"192.0","","interacts with","0","0.476426248","","JUN (interacts with) LSM6",,"1","0","1","1","0.551219512","0.401632985",,"false","interacts with","JUN (interacts with) LSM6","0","P05412","","P62312",""
"17.038095238095234","","interacts with","0","0.47642623","","AKT1 (interacts with) ZNF629",,"1","0","1","1","0.551219512","0.401632948",,"false","interacts with","AKT1 (interacts with) ZNF629","0","P31749","","Q9UEG4",""
"205.99682539682533","","interacts with","0","0.464216111","","BDP1 (interacts with) MAPK1IP1L",,"0","0","0","1","0.526829268","0.401602954",,"false","interacts with","BDP1 (interacts with) MAPK1IP1L","0","A6H8Y1","","Q8NDC0",""
"110.5","","interacts with","0","0.461777069","","KIAA1217 (interacts with) TRIM36",,"0","0","0","1","0.52195122","0.401602918",,"false","interacts with","KIAA1217 (interacts with) TRIM36","0","Q5T5P2","","Q9NQ86",""
"0.0","taxid:9606(Homo sapiens)","interacts with","1","0.675575862","""psi-mi:""""MI:0364""""(inferred by curator)""","NFKB1 (interacts with) NFKB1","2","1","1","1","1","0.951219512","0.399932211",,"false","interacts with","NFKB1 (interacts with) NFKB1","0","P19838","P19838","P19838","P19838"
"15.12991452991453","","interacts with","0","0.476426169","","ATP2C2 (interacts with) PRKACA",,"0","1","1","1","0.551219512","0.401632827",,"false","interacts with","ATP2C2 (interacts with) PRKACA","0","O75185","","P17612",""
"128.0","","interacts with","0","0.476387219","","CFAP107 (interacts with) CYP20A1",,"0","0","0","1","0.551219512","0.401554925",,"false","interacts with","CFAP107 (interacts with) CYP20A1","0","Q8N1D5","","Q6UW02",""
"38.0","","interacts with","0","0.476426212","","PGR (interacts with) NT5DC4",,"1","0","1","1","0.551219512","0.401632911",,"false","interacts with","PGR (interacts with) NT5DC4","0","P06401","","Q86YG4",""
"278.8214285714285","","interacts with","0","0.464216123","","BDP1 (interacts with) TCP11X2",,"0","0","0","1","0.526829268","0.401602977",,"false","interacts with","BDP1 (interacts with) TCP11X2","0","A6H8Y1","","Q5H9J9",""
"110.5","","interacts with","0","0.464216067","","KIAA1217 (interacts with) CFAP221",,"0","0","0","1","0.526829268","0.401602865",,"false","interacts with","KIAA1217 (interacts with) CFAP221","0","Q5T5P2","","Q4G0U5",""
"90.33333333333333","","interacts with","0","0.464216109","","DCTN1 (interacts with) RGL4",,"0","0","0","1","0.526829268","0.401602949",,"false","interacts with","DCTN1 (interacts with) RGL4","0","Q14203","","Q8IZJ4",""
"205.9968253968253","","interacts with","0","0.464216186","","BDP1 (interacts with) CADM4",,"0","0","0","1","0.526829268","0.401603103",,"false","interacts with","BDP1 (interacts with) CADM4","0","A6H8Y1","","Q8NFZ8",""
"0.0","","interacts with","0","0.607495679","","BMP7 (interacts with) BMP7",,"1","1","1","1","0.814634146","0.400357211",,"false","interacts with","BMP7 (interacts with) BMP7","0","P18075","","P18075",""
"23.73333333333333","","interacts with","0","0.476426308","","IGHV7-81 (interacts with) BMP2",,"0","1","1","1","0.551219512","0.401633103",,"false","interacts with","IGHV7-81 (interacts with) BMP2","0","A0A0B4J1V7","","P12643",""
"1140.5578676225734","taxid:9606(Homo sapiens)","interacts with","1","0.571403161","""psi-mi:""""MI:2222""""(inference by socio-affinity scoring)""","DCTN1 (interacts with) CAPZB","2","0","0","0","1","0.741463415","0.401342907",,"false","interacts with","DCTN1 (interacts with) CAPZB","0","Q14203","Q14203","P47756","P47756"
"192.0","","interacts with","0","0.476426255","","NFKB1 (interacts with) MCM8",,"1","0","1","1","0.551219512","0.401632997",,"false","interacts with","NFKB1 (interacts with) MCM8","0","P19838","","Q9UJA3",""
"15.80769230769231","","interacts with","0","0.476426257","","PRKACA (interacts with) FAM83C",,"1","0","1","1","0.551219512","0.401633002",,"false","interacts with","PRKACA (interacts with) FAM83C","0","P17612","","Q9BQN1",""
"3358.2964391673227","","interacts with","0","0.464216102","","BDP1 (interacts with) ST8SIA4",,"0","0","0","1","0.526829268","0.401602935",,"false","interacts with","BDP1 (interacts with) ST8SIA4","0","A6H8Y1","","Q92187",""
"110.5","","interacts with","0","0.464216087","","KIAA1217 (interacts with) ZFR2",,"0","0","0","1","0.526829268","0.401602905",,"false","interacts with","KIAA1217 (interacts with) ZFR2","0","Q5T5P2","","Q9UPR6",""
"0.0","","interacts with","0","0.625823843","","CASP3 (interacts with) CASP3",,"1","1","1","1","0.83902439","0.412623296",,"false","interacts with","CASP3 (interacts with) CASP3","0","P42574","","P42574",""
"20.14578754578754","","interacts with","0","0.476426224","","SKI (interacts with) PRKACA",,"0","1","1","1","0.551219512","0.401632936","0.014134276","false","interacts with","SKI (interacts with) PRKACA","1","P12755","","P17612",""
"414.0","","interacts with","0","0.476426335","","TP53 (interacts with) IFNK",,"1","0","1","1","0.551219512","0.401633158",,"false","interacts with","TP53 (interacts with) IFNK","0","P04637","","Q9P0W0",""
"205.9968253968253","","interacts with","0","0.464216172","","BDP1 (interacts with) HDHD5",,"0","0","0","1","0.526829268","0.401603075",,"false","interacts with","BDP1 (interacts with) HDHD5","0","A6H8Y1","","Q9BXW7",""
"205.9968253968253","","interacts with","0","0.464216199","","BDP1 (interacts with) CYP26B1",,"0","0","0","1","0.526829268","0.401603129",,"false","interacts with","BDP1 (interacts with) CYP26B1","0","A6H8Y1","","Q9NR63",""
"417.50299700299684","","interacts with","0","0.476426202","","SPP1 (interacts with) CC2D1B",,"1","0","1","1","0.551219512","0.401632893",,"false","interacts with","SPP1 (interacts with) CC2D1B","0","P10451","","Q5T0F9",""
"1538.6666666666665","","interacts with","0","0.617727017","","CUX1 (interacts with) TTYH1",,"0","0","0","1","0.834146341","0.401307693",,"false","interacts with","CUX1 (interacts with) TTYH1","0","Q13948","","Q9H313",""
"10.500000000000002","","interacts with","0","0.464231275","","TBKBP1 (interacts with) BMP7",,"0","1","1","1","0.526829268","0.401633281",,"false","interacts with","TBKBP1 (interacts with) BMP7","0","A7MCY6","","P18075",""
"25.5","","interacts with","0","0.476426194","","SPP1 (interacts with) POLR3GL",,"1","0","1","1","0.551219512","0.401632875",,"false","interacts with","SPP1 (interacts with) POLR3GL","0","P10451","","Q9BT43",""
"98.36666666666663","","interacts with","0","0.461777093","","DCTN1 (interacts with) LRRC71",,"0","0","0","1","0.52195122","0.401602967",,"false","interacts with","DCTN1 (interacts with) LRRC71","0","Q14203","","Q8N4P6",""
"27.999999999999996","","interacts with","0","0.476426718","","TMEM41A (interacts with) PROCR",,"0","1","1","1","0.551219512","0.401633924",,"false","interacts with","TMEM41A (interacts with) PROCR","0","Q96HV5","","Q9UNN8",""
"192.0","","interacts with","0","0.464231159","","CALCA (interacts with) RPS27L",,"1","0","1","1","0.526829268","0.401633049",,"false","interacts with","CALCA (interacts with) RPS27L","0","P01258","","Q71UM5",""
"11.0","","interacts with","0","0.591022394","","CORO1C (interacts with) DLAT",,"0","0","0","1","0.780487805","0.401556983",,"false","interacts with","CORO1C (interacts with) DLAT","0","Q9ULV4","","P10515",""
"196.0","","interacts with","0","0.476426197","","NOP9 (interacts with) PROCR",,"0","1","1","1","0.551219512","0.401632881",,"false","interacts with","NOP9 (interacts with) PROCR","0","Q86U38","","Q9UNN8",""
"1002.494540718999","","interacts with","0","0.464216055","","BDP1 (interacts with) DCP2",,"0","0","0","1","0.526829268","0.401602842",,"false","interacts with","BDP1 (interacts with) DCP2","0","A6H8Y1","","Q8IU60",""
"89.26666666666667","","interacts with","0","0.476426357","","COL1A2 (interacts with) KYNU",,"1","0","1","1","0.551219512","0.401633201",,"false","interacts with","COL1A2 (interacts with) KYNU","0","P08123","","Q16719",""
"35.0","","interacts with","0","0.476426212","","PGR (interacts with) ERLEC1",,"1","0","1","1","0.551219512","0.401632912",,"false","interacts with","PGR (interacts with) ERLEC1","0","P06401","","Q96DZ1",""
"10.0","","interacts with","0","0.588372024","","GID4 (interacts with) PRG2",,"0","0","0","1","0.775609756","0.401134293",,"false","interacts with","GID4 (interacts with) PRG2","0","Q8IVV7","","P13727",""
"15.333333333333332","","interacts with","0","0.461816202","","CTSK (interacts with) CDK5RAP2",,"1","0","1","1","0.52195122","0.401681185",,"false","interacts with","CTSK (interacts with) CDK5RAP2","0","P43235","","Q96SN8",""
"112.188011988012","","interacts with","0","0.461777132","","DCTN1 (interacts with) CDY1B",,"0","0","0","1","0.52195122","0.401603044",,"false","interacts with","DCTN1 (interacts with) CDY1B","0","Q14203","","Q9Y6F8",""
"43.333333333333336","","interacts with","0","0.476426257","","RELA (interacts with) CCSER1",,"1","0","1","1","0.551219512","0.401633003",,"false","interacts with","RELA (interacts with) CCSER1","0","Q04206","","Q9C0I3",""
"253.30000000000007","","interacts with","0","0.476426234","","VTN (interacts with) PFKL",,"1","0","1","1","0.551219512","0.401632955",,"false","interacts with","VTN (interacts with) PFKL","0","P04004","","P17858",""
"146.45238095238093","","interacts with","0","0.464216088","","BOD1L1 (interacts with) PRDM8",,"0","0","0","1","0.526829268","0.401602907",,"false","interacts with","BOD1L1 (interacts with) PRDM8","0","Q8NFC6","","Q9NQV8",""
"192.0","","interacts with","0","0.464255206","","COL3A1 (interacts with) KLK9",,"1","0","1","1","0.526829268","0.401681144",,"false","interacts with","COL3A1 (interacts with) KLK9","0","P02461","","Q9UKQ9",""
"414.0","","interacts with","0","0.469109582","","KCNK13 (interacts with) SLC50A1",,"0","0","0","1","0.536585366","0.401633799",,"false","interacts with","KCNK13 (interacts with) SLC50A1","0","Q9HB14","","Q9BRV3",""
"145.7","","interacts with","0","0.476387169","","DCTN1 (interacts with) ZNF382",,"0","0","0","1","0.551219512","0.401554826",,"false","interacts with","DCTN1 (interacts with) ZNF382","0","Q14203","","Q96SR6",""
"65.0","","interacts with","0","0.476426198","","COL1A2 (interacts with) ZNF669",,"1","0","1","1","0.551219512","0.401632884",,"false","interacts with","COL1A2 (interacts with) ZNF669","0","P08123","","Q96BR6",""
"144.0","","interacts with","0","0.464192159","","CFAP107 (interacts with) KIR3DL1",,"0","0","0","1","0.526829268","0.401555049",,"false","interacts with","CFAP107 (interacts with) KIR3DL1","0","Q8N1D5","","P43629",""
"107.25238095238092","","interacts with","0","0.461816257","","OFD1 (interacts with) MYCL",,"0","1","1","1","0.52195122","0.401681295",,"false","interacts with","OFD1 (interacts with) MYCL","0","O75665","","P12524",""
"436.0","","interacts with","0","0.461777191","","ZNF277 (interacts with) ZEB1",,"0","0","0","1","0.52195122","0.401603163",,"false","interacts with","ZNF277 (interacts with) ZEB1","0","Q9NRM2","","P37275",""
"14.0","","interacts with","0","0.476387305","","CFAP107 (interacts with) CLNK",,"0","0","0","1","0.551219512","0.401555098",,"false","interacts with","CFAP107 (interacts with) CLNK","0","Q8N1D5","","Q7Z7G1",""
"220.0","","interacts with","0","0.464192101","","ZNF277 (interacts with) UNC45A",,"0","0","0","1","0.526829268","0.401554934",,"false","interacts with","ZNF277 (interacts with) UNC45A","0","Q9NRM2","","Q9H3U1",""
"7.0","","interacts with","0","0.476387125","","OR6C76 (interacts with) CCSER1",,"0","0","0","1","0.551219512","0.401554737",,"false","interacts with","OR6C76 (interacts with) CCSER1","0","A6NM76","","Q9C0I3",""
"28.009523809523802","","interacts with","0","0.476387102","","SF3A1 (interacts with) HPD",,"0","0","0","1","0.551219512","0.401554691",,"false","interacts with","SF3A1 (interacts with) HPD","0","Q15459","","P32754",""
"128.0","","interacts with","0","0.476426197","","CFAP107 (interacts with) TRIM17",,"0","0","0","1","0.551219512","0.401632882",,"false","interacts with","CFAP107 (interacts with) TRIM17","0","Q8N1D5","","Q9Y577",""
"4.333333333333333","","interacts with","0","0.476387753","","OR6C76 (interacts with) RNF13",,"0","0","0","1","0.551219512","0.401555993",,"false","interacts with","OR6C76 (interacts with) RNF13","0","A6NM76","","O43567",""
"429.38002582213124","","interacts with","0","0.47642641","","KCNK13 (interacts with) XRCC1",,"0","0","0","1","0.551219512","0.401633307",,"false","interacts with","KCNK13 (interacts with) XRCC1","0","Q9HB14","","P18887",""
"9.666666666666666","","interacts with","0","0.476426198","","COL5A2 (interacts with) RABL6",,"1","0","1","1","0.551219512","0.401632885",,"false","interacts with","COL5A2 (interacts with) RABL6","0","P05997","","Q3YEC7",""
"25.642857142857125","","interacts with","0","0.464192192","","SF3A1 (interacts with) MAP2K5",,"0","0","0","1","0.526829268","0.401555117",,"false","interacts with","SF3A1 (interacts with) MAP2K5","0","Q15459","","Q13163",""
"55.67142857142858","","interacts with","0","0.464216063","","BOD1L1 (interacts with) PALS1",,"0","0","0","1","0.526829268","0.401602857",,"false","interacts with","BOD1L1 (interacts with) PALS1","0","Q8NFC6","","Q8N3R9",""
"22.266666666666666","","interacts with","0","0.461753463","","KCNK13 (interacts with) MCHR1",,"0","0","0","1","0.52195122","0.401555706",,"false","interacts with","KCNK13 (interacts with) MCHR1","0","Q9HB14","","Q99705",""
"11.0","","interacts with","0","0.461753062","","DBR1 (interacts with) SUV39H1",,"0","0","0","1","0.52195122","0.401554904",,"false","interacts with","DBR1 (interacts with) SUV39H1","0","Q9UK59","","O43463",""
"192.0","","interacts with","0","0.461777086","","BOD1L1 (interacts with) ZMYND12",,"0","0","0","1","0.52195122","0.401602952",,"false","interacts with","BOD1L1 (interacts with) ZMYND12","0","Q8NFC6","","Q9H0C1",""
"1954.5800258221268","","interacts with","0","0.469070053","","KCNK13 (interacts with) TCTN3",,"0","0","0","1","0.536585366","0.401554741",,"false","interacts with","KCNK13 (interacts with) TCTN3","0","Q9HB14","","Q6NUS6",""
"192.0","","interacts with","0","0.461816166","","COL3A1 (interacts with) SNAP47",,"1","0","1","1","0.52195122","0.401681113",,"false","interacts with","COL3A1 (interacts with) SNAP47","0","P02461","","Q5SQN1",""
"6.0","","interacts with","0","0.469070625","","DBR1 (interacts with) CPSF3",,"0","0","0","1","0.536585366","0.401555885",,"false","interacts with","DBR1 (interacts with) CPSF3","0","Q9UK59","","Q9UKF6",""
"414.0","","interacts with","0","0.461754834","","KCNK13 (interacts with) CXCR3",,"0","0","0","1","0.52195122","0.401558449",,"false","interacts with","KCNK13 (interacts with) CXCR3","0","Q9HB14","","P49682",""
"9.0","","interacts with","0","0.476387177","","DBR1 (interacts with) KIF27",,"0","0","0","1","0.551219512","0.401554841",,"false","interacts with","DBR1 (interacts with) KIF27","0","Q9UK59","","Q86VH2",""
"8.033333333333333","","interacts with","0","0.476426264","","BMP7 (interacts with) ARHGAP28",,"1","0","1","1","0.551219512","0.401633017",,"false","interacts with","BMP7 (interacts with) ARHGAP28","0","P18075","","Q9P2N2",""
"414.0","","interacts with","0","0.464231902","","KCNK13 (interacts with) SH2D7",,"0","0","0","1","0.526829268","0.401634535",,"false","interacts with","KCNK13 (interacts with) SH2D7","0","Q9HB14","","A6NKC9",""
"20.509523809523802","","interacts with","0","0.476387167","","SF3A1 (interacts with) UAP1",,"0","0","0","1","0.551219512","0.401554821",,"false","interacts with","SF3A1 (interacts with) UAP1","0","Q15459","","Q16222",""
"146.34365079365074","","interacts with","0","0.593484985","","PDIA3 (interacts with) FBF1",,"0","0","0","1","0.785365854","0.401604117",,"false","interacts with","PDIA3 (interacts with) FBF1","0","P30101","","Q8TES7",""
"192.0","","interacts with","0","0.476426195","","COL3A1 (interacts with) UTS2R",,"1","0","1","1","0.551219512","0.401632878",,"false","interacts with","COL3A1 (interacts with) UTS2R","0","P02461","","Q9UKP6",""
"6.333333333333333","","interacts with","0","0.461753885","","OR6C76 (interacts with) COA7",,"0","0","0","1","0.52195122","0.40155655",,"false","interacts with","OR6C76 (interacts with) COA7","0","A6NM76","","Q96BR5",""
"414.0","","interacts with","0","0.561630013","","RUFY1 (interacts with) RUFY2",,"0","0","0","1","0.72195122","0.401308806",,"false","interacts with","RUFY1 (interacts with) RUFY2","0","Q96T51","","Q8WXA3",""
"48.042857142857144","","interacts with","0","0.469070069","","SF3A1 (interacts with) STOX2",,"0","0","0","1","0.536585366","0.401554772",,"false","interacts with","SF3A1 (interacts with) STOX2","0","Q15459","","Q9P2F5",""
"22.7095238095238","","interacts with","0","0.47638699","","SF3A1 (interacts with) NAP1L3",,"0","0","0","1","0.551219512","0.401554469",,"false","interacts with","SF3A1 (interacts with) NAP1L3","0","Q15459","","Q99457",""
"6739.018012038893","","interacts with","0","0.561636485","","RUFY1 (interacts with) ST8SIA4",,"0","0","0","1","0.72195122","0.40132175",,"false","interacts with","RUFY1 (interacts with) ST8SIA4","0","Q96T51","","Q92187",""
"48.0","","interacts with","0","0.476387332","","RARS1 (interacts with) ZNF570",,"0","0","0","1","0.551219512","0.401555153",,"false","interacts with","RARS1 (interacts with) ZNF570","0","P54136","","Q96NI8",""
"56.0","","interacts with","0","0.476426183","","RELA (interacts with) EGR3",,"1","0","1","1","0.551219512","0.401632855",,"false","interacts with","RELA (interacts with) EGR3","0","Q04206","","Q06889",""
"26.0","","interacts with","0","0.464192569","","RARS1 (interacts with) ZNF136",,"0","0","0","1","0.526829268","0.401555869",,"false","interacts with","RARS1 (interacts with) ZNF136","0","P54136","","P52737",""
"128.0","","interacts with","0","0.564067879","","TNFAIP3 (interacts with) RNF168",,"0","0","0","1","0.726829268","0.40130649",,"false","interacts with","TNFAIP3 (interacts with) RNF168","0","P21580","","Q8IYW5",""
"124.0","","interacts with","0","0.464255225","","COL1A2 (interacts with) FRMD6-AS1",,"1","0","1","1","0.526829268","0.401681181",,"false","interacts with","COL1A2 (interacts with) FRMD6-AS1","0","P08123","","P0C7T7",""
"79.99999999999999","","interacts with","0","0.476426316","","DCDC2C (interacts with) TNFSF11",,"0","1","1","1","0.551219512","0.40163312",,"false","interacts with","DCDC2C (interacts with) TNFSF11","0","A8MYV0","","O14788",""
"44.36666666666667","","interacts with","0","0.476426243","","COL1A2 (interacts with) OR9A1P",,"1","0","1","1","0.551219512","0.401632973",,"false","interacts with","COL1A2 (interacts with) OR9A1P","0","P08123","","Q8NGU1",""
"177.35476190476192","","interacts with","0","0.590816098","","PDIA3 (interacts with) TARDBP",,"0","0","0","1","0.780487805","0.401144392",,"false","interacts with","PDIA3 (interacts with) TARDBP","0","P30101","","Q13148",""
"192.0","","interacts with","0","0.47642629","","RIPK2 (interacts with) COL3A1",,"0","1","1","1","0.551219512","0.401633067",,"false","interacts with","RIPK2 (interacts with) COL3A1","0","O43353","","P02461",""
"19.376190476190473","","interacts with","0","0.476387359","","SF3A1 (interacts with) FAM20A",,"0","0","0","1","0.551219512","0.401555206",,"false","interacts with","SF3A1 (interacts with) FAM20A","0","Q15459","","Q96MK3",""
"55.0","","interacts with","0","0.593390687","","RARS1 (interacts with) CORO1B",,"0","0","0","1","0.785365854","0.401415521",,"false","interacts with","RARS1 (interacts with) CORO1B","0","P54136","","Q9BR76",""
"42.0","","interacts with","0","0.47642635","","NTRK1 (interacts with) IFNLR1",,"1","0","1","1","0.551219512","0.401633187",,"false","interacts with","NTRK1 (interacts with) IFNLR1","0","P04629","","Q8IU57",""
"128.0","","interacts with","0","0.464192163","","SYT17 (interacts with) TRIP10",,"0","0","0","1","0.526829268","0.401555058",,"false","interacts with","SYT17 (interacts with) TRIP10","0","Q9BSW7","","Q15642",""
"18.999999999999993","","interacts with","0","0.464192195","","TRIM59 (interacts with) MYLK3",,"0","0","0","1","0.526829268","0.401555122",,"false","interacts with","TRIM59 (interacts with) MYLK3","0","Q8IWR1","","Q32MK0",""
"1249.4327183541018","","interacts with","0","0.476387133","","GOLGA3 (interacts with) ALDH18A1",,"0","0","0","1","0.551219512","0.401554754",,"false","interacts with","GOLGA3 (interacts with) ALDH18A1","0","Q08378","","P54886",""
"48.0","","interacts with","0","0.47638744","","RGR (interacts with) DLAT",,"0","0","0","1","0.551219512","0.401555368",,"false","interacts with","RGR (interacts with) DLAT","0","P47804","","P10515",""
"0.0","","interacts with","0","0.650217941","","SRC (interacts with) SRC",,"1","1","1","1","0.892682927","0.407752955",,"false","interacts with","SRC (interacts with) SRC","0","P12931","","P12931",""
"21.666666666666654","","interacts with","0","0.469109274","","PGA4 (interacts with) AKT1",,"0","1","1","1","0.536585366","0.401633182",,"false","interacts with","PGA4 (interacts with) AKT1","0","P0DJD7","","P31749",""
"19.96666666666666","","interacts with","0","0.461753014","","SF3A1 (interacts with) DDX4",,"0","0","0","1","0.52195122","0.401554808",,"false","interacts with","SF3A1 (interacts with) DDX4","0","Q15459","","Q9NQI0",""
"4.0","","interacts with","0","0.464192193","","ZDHHC14 (interacts with) SOBP",,"0","0","0","1","0.526829268","0.401555118",,"false","interacts with","ZDHHC14 (interacts with) SOBP","0","Q8IZN3","","A7XYQ1",""
"30.776190476190475","","interacts with","0","0.476387247","","SF3A1 (interacts with) PSMD12",,"0","0","0","1","0.551219512","0.401554982",,"false","interacts with","SF3A1 (interacts with) PSMD12","0","Q15459","","O00232",""
"35.0","","interacts with","0","0.588508752","","RARS1 (interacts with) DLAT",,"0","0","0","1","0.775609756","0.401407748",,"false","interacts with","RARS1 (interacts with) DLAT","0","P54136","","P10515",""
"47.538888888888884","","interacts with","0","0.476387364","","GTF2F1 (interacts with) C3orf84",,"0","0","0","1","0.551219512","0.401555215",,"false","interacts with","GTF2F1 (interacts with) C3orf84","0","P35269","","H3BNL1",""
"26.0","","interacts with","0","0.464191977","","RARS1 (interacts with) TPTE2",,"0","0","0","1","0.526829268","0.401554687",,"false","interacts with","RARS1 (interacts with) TPTE2","0","P54136","","Q6XPS3",""
"331.8730120756435","","interacts with","0","0.476426287","","GOLGA3 (interacts with) ZNF438",,"0","0","0","1","0.551219512","0.401633062",,"false","interacts with","GOLGA3 (interacts with) ZNF438","0","Q08378","","Q7Z4V0",""
"32.92777777777778","","interacts with","0","0.464192447","","GTF2F1 (interacts with) HLA-DRB3",,"0","0","0","1","0.526829268","0.401555625",,"false","interacts with","GTF2F1 (interacts with) HLA-DRB3","0","P35269","","P79483",""
