"EdgeBetweenness","Host_organism_taxid","interaction","irefindex_check","mean_prob_aff","method","name","numParticipants","OP_A","OP_B","OP_check","Predicted Classes","Probability Score","Regression Value","score_norm","selected","shared interaction","shared name","stringdb_check","uidA","uidA_irefindex","uidB","uidB_irefindex"
"0.0","","interacts with","0","0.677821383","","MYC (interacts with) MYC",,"1","1","1","1","0.946341463","0.409301303",,"false","interacts with","MYC (interacts with) MYC","0","P01106","","P01106",""
"20.601352242528712","","interacts with","0","0.476426321","","MYC (interacts with) PSMA4",,"1","0","1","1","0.551219512","0.40163313",,"false","interacts with","MYC (interacts with) PSMA4","0","P01106","","P25789",""
"10.5577087515168","","interacts with","0","0.476426425","","MYC (interacts with) OR51M1",,"1","0","1","1","0.551219512","0.401633338",,"false","interacts with","MYC (interacts with) OR51M1","0","P01106","","Q9H341",""
"14.089588450764918","","interacts with","0","0.476426152","","MYC (interacts with) PMS2",,"1","0","1","1","0.551219512","0.401632792",,"false","interacts with","MYC (interacts with) PMS2","0","P01106","","P54278",""
"21.547144517886203","","interacts with","0","0.464231186","","MYC (interacts with) ZNF319",,"1","0","1","1","0.526829268","0.401633103",,"false","interacts with","MYC (interacts with) ZNF319","0","P01106","","Q9P2F9",""
"18.910221260221256","","interacts with","0","0.47642628","","MYC (interacts with) TRIM55",,"1","0","1","1","0.551219512","0.401633048",,"false","interacts with","MYC (interacts with) TRIM55","0","P01106","","Q9BYV6",""
"16.024375418183467","","interacts with","0","0.476426266","","MYC (interacts with) UCP3",,"1","0","1","1","0.551219512","0.401633019",,"false","interacts with","MYC (interacts with) UCP3","0","P01106","","P55916",""
"17.204093945270415","","interacts with","0","0.476426303","","MYC (interacts with) ZNF668",,"1","0","1","1","0.551219512","0.401633095",,"false","interacts with","MYC (interacts with) ZNF668","0","P01106","","Q96K58",""
"14.665998707175177","","interacts with","0","0.476426301","","MYC (interacts with) METTL15P1",,"1","0","1","1","0.551219512","0.40163309",,"false","interacts with","MYC (interacts with) METTL15P1","0","P01106","","P0C7V9",""
"18.35807329924977","","interacts with","0","0.46423127","","MYC (interacts with) STAP1",,"1","0","1","1","0.526829268","0.401633272",,"false","interacts with","MYC (interacts with) STAP1","0","P01106","","Q9ULZ2",""
"13.14911226028873","","interacts with","0","0.476426247","","MYC (interacts with) RAB24",,"1","0","1","1","0.551219512","0.401632982",,"false","interacts with","MYC (interacts with) RAB24","0","P01106","","Q969Q5",""
"13.363617754794223","","interacts with","0","0.476426371","","EFCAB9 (interacts with) MYC",,"0","1","1","1","0.551219512","0.401633231",,"false","interacts with","EFCAB9 (interacts with) MYC","0","A8MZ26","","P01106",""
"17.923335219294298","","interacts with","0","0.476426165","","MYC (interacts with) PHC2",,"1","0","1","1","0.551219512","0.401632818",,"false","interacts with","MYC (interacts with) PHC2","0","P01106","","Q8IXK0",""
"13.171994465802515","","interacts with","0","0.476426373","","MYC (interacts with) GSTP1",,"1","0","1","1","0.551219512","0.401633234",,"false","interacts with","MYC (interacts with) GSTP1","0","P01106","","P09211",""
"22.346335813471363","","interacts with","0","0.476426262","","MYC (interacts with) FILIP1",,"1","0","1","1","0.551219512","0.401633012",,"false","interacts with","MYC (interacts with) FILIP1","0","P01106","","Q7Z7B0",""
"16.668098361906416","","interacts with","0","0.47642647","","MYC (interacts with) OR2A7",,"1","0","1","1","0.551219512","0.401633427",,"false","interacts with","MYC (interacts with) OR2A7","0","P01106","","Q96R45",""
"42.4470950102529","","interacts with","0","0.476426365","","MYC (interacts with) OR6C2",,"1","0","1","1","0.551219512","0.401633217",,"false","interacts with","MYC (interacts with) OR6C2","0","P01106","","Q9NZP2",""
"15.224375418183469","","interacts with","0","0.476426267","","FAM166C (interacts with) MYC",,"0","1","1","1","0.551219512","0.401633021",,"false","interacts with","FAM166C (interacts with) MYC","0","A6NJV1","","P01106",""
"19.932665373841843","","interacts with","0","0.464231281","","MYC (interacts with) MITD1",,"1","0","1","1","0.526829268","0.401633293",,"false","interacts with","MYC (interacts with) MITD1","0","P01106","","Q8WV92",""
"22.26599870717518","","interacts with","0","0.476426451","","MYC (interacts with) OR10A2",,"1","0","1","1","0.551219512","0.401633389",,"false","interacts with","MYC (interacts with) OR10A2","0","P01106","","Q9H208",""
"9.976255117431586","","interacts with","0","0.464231204","","MYC (interacts with) SAMD15",,"1","0","1","1","0.526829268","0.401633139",,"false","interacts with","MYC (interacts with) SAMD15","0","P01106","","Q9P1V8",""
"28.286272877449342","","interacts with","0","0.476426267","","PSMA4 (interacts with) TRAF6",,"0","1","1","1","0.551219512","0.401633023",,"false","interacts with","PSMA4 (interacts with) TRAF6","0","P25789","","Q9Y4K3",""
"13.702380952380953","","interacts with","0","0.476387053","","PSMA4 (interacts with) PMS2",,"0","0","0","1","0.551219512","0.401554594",,"false","interacts with","PSMA4 (interacts with) PMS2","0","P25789","","P54278",""
"16.206421356421355","","interacts with","0","0.476387322","","TRIM55 (interacts with) PSMA4",,"0","0","0","1","0.551219512","0.401555132",,"false","interacts with","TRIM55 (interacts with) PSMA4","0","Q9BYV6","","P25789",""
"7.916666666666666","","interacts with","0","0.469109671","","PSMA4 (interacts with) UCP3",,"0","0","0","1","0.536585366","0.401633975",,"false","interacts with","PSMA4 (interacts with) UCP3","0","P25789","","P55916",""
"10.502380952380951","","interacts with","0","0.461752951","","PSMA4 (interacts with) TRIB1",,"0","0","0","1","0.52195122","0.401554683",,"false","interacts with","PSMA4 (interacts with) TRIB1","0","P25789","","Q96RU8",""
"10.435714285714287","","interacts with","0","0.476387049","","PSMA4 (interacts with) PHC2",,"0","0","0","1","0.551219512","0.401554585",,"false","interacts with","PSMA4 (interacts with) PHC2","0","P25789","","Q8IXK0",""
"14.249999999999998","","interacts with","0","0.464192195","","PSMA4 (interacts with) ELAVL2",,"0","0","0","1","0.526829268","0.401555122",,"false","interacts with","PSMA4 (interacts with) ELAVL2","0","P25789","","Q12926",""
"13.288528138528138","","interacts with","0","0.476387125","","FILIP1 (interacts with) PSMA4",,"0","0","0","1","0.551219512","0.401554738",,"false","interacts with","FILIP1 (interacts with) PSMA4","0","Q7Z7B0","","P25789",""
"7.633333333333333","","interacts with","0","0.461754737","","PSMA4 (interacts with) OR2A7",,"0","0","0","1","0.52195122","0.401558255",,"false","interacts with","PSMA4 (interacts with) OR2A7","0","P25789","","Q96R45",""
"7.578571428571429","","interacts with","0","0.47638729","","PSMA4 (interacts with) MAGEB6B",,"0","0","0","1","0.551219512","0.401555068",,"false","interacts with","PSMA4 (interacts with) MAGEB6B","0","P25789","","A0A0J9YX57",""
"9.277777777777779","","interacts with","0","0.464191986","","PSMA4 (interacts with) C17orf75",,"0","0","0","1","0.526829268","0.401554704",,"false","interacts with","PSMA4 (interacts with) C17orf75","0","P25789","","Q9HAS0",""
"9.824242424242424","","interacts with","0","0.476387539","","PSMA4 (interacts with) MSI1",,"0","0","0","1","0.551219512","0.401555566",,"false","interacts with","PSMA4 (interacts with) MSI1","0","P25789","","O43347",""
"9.90238095238095","","interacts with","0","0.461753265","","PSMA4 (interacts with) MAGEB17",,"0","0","0","1","0.52195122","0.40155531",,"false","interacts with","PSMA4 (interacts with) MAGEB17","0","P25789","","A8MXT2",""
"0.0","","interacts with","0","0.552806146","","TRAF6 (interacts with) TRAF6",,"1","1","1","1","0.707317073","0.398295219",,"false","interacts with","TRAF6 (interacts with) TRAF6","0","Q9Y4K3","","Q9Y4K3",""
"29.008081845217394","","interacts with","0","0.476426377","","OR51M1 (interacts with) TRAF6",,"0","1","1","1","0.551219512","0.401633243",,"false","interacts with","OR51M1 (interacts with) TRAF6","0","Q9H341","","Q9Y4K3",""
"17.77674906792554","","interacts with","0","0.476426281","","PMS2 (interacts with) TRAF6",,"0","1","1","1","0.551219512","0.40163305",,"false","interacts with","PMS2 (interacts with) TRAF6","0","P54278","","Q9Y4K3",""
"25.71666666666667","","interacts with","0","0.476426321","","RASSF2 (interacts with) TRAF6",,"0","1","1","1","0.551219512","0.40163313",,"false","interacts with","RASSF2 (interacts with) TRAF6","0","P50749","","Q9Y4K3",""
"31.934940280899358","","interacts with","0","0.476426379","","OR12D2 (interacts with) TRAF6",,"0","1","1","1","0.551219512","0.401633245",,"false","interacts with","OR12D2 (interacts with) TRAF6","0","P58182","","Q9Y4K3",""
"32.76599870717517","","interacts with","0","0.476426237","","UCP3 (interacts with) TRAF6",,"0","1","1","1","0.551219512","0.401632962",,"false","interacts with","UCP3 (interacts with) TRAF6","0","P55916","","Q9Y4K3",""
"46.76599870717518","","interacts with","0","0.46423115","","ZNF668 (interacts with) TRAF6",,"0","1","1","1","0.526829268","0.401633031",,"false","interacts with","ZNF668 (interacts with) TRAF6","0","Q96K58","","Q9Y4K3",""
"45.46599870717519","","interacts with","0","0.476426293","","METTL15P1 (interacts with) TRAF6",,"0","1","1","1","0.551219512","0.401633074",,"false","interacts with","METTL15P1 (interacts with) TRAF6","0","P0C7V9","","Q9Y4K3",""
"48.96666666666668","","interacts with","0","0.476426295","","SNRNP48 (interacts with) TRAF6",,"0","1","1","1","0.551219512","0.401633078",,"false","interacts with","SNRNP48 (interacts with) TRAF6","0","Q6IEG0","","Q9Y4K3",""
"37.53809523809524","","interacts with","0","0.47642617","","TRIB1 (interacts with) TRAF6",,"0","1","1","1","0.551219512","0.401632827",,"false","interacts with","TRIB1 (interacts with) TRAF6","0","Q96RU8","","Q9Y4K3",""
"58.080952380952375","","interacts with","0","0.476426174","","GNAT2 (interacts with) TRAF6",,"0","1","1","1","0.551219512","0.401632836",,"false","interacts with","GNAT2 (interacts with) TRAF6","0","P19087","","Q9Y4K3",""
"43.36637910351466","","interacts with","0","0.46423123","","STAP1 (interacts with) TRAF6",,"0","1","1","1","0.526829268","0.401633191",,"false","interacts with","STAP1 (interacts with) TRAF6","0","Q9ULZ2","","Q9Y4K3",""
"27.415998707175174","","interacts with","0","0.476426321","","RAB24 (interacts with) TRAF6",,"0","1","1","1","0.551219512","0.40163313",,"false","interacts with","RAB24 (interacts with) TRAF6","0","Q969Q5","","Q9Y4K3",""
"47.680672268907564","","interacts with","0","0.476426416","","OR4K15 (interacts with) TRAF6",,"0","1","1","1","0.551219512","0.401633321",,"false","interacts with","OR4K15 (interacts with) TRAF6","0","Q8NH41","","Q9Y4K3",""
"28.80770144887792","","interacts with","0","0.476426327","","EFCAB9 (interacts with) TRAF6",,"0","1","1","1","0.551219512","0.401633143",,"false","interacts with","EFCAB9 (interacts with) TRAF6","0","A8MZ26","","Q9Y4K3",""
"26.971808967768045","","interacts with","0","0.476426224","","ODF3 (interacts with) TRAF6",,"0","1","1","1","0.551219512","0.401632936",,"false","interacts with","ODF3 (interacts with) TRAF6","0","Q96PU9","","Q9Y4K3",""
"22.06827361423269","","interacts with","0","0.476426212","","OR4X1 (interacts with) TRAF6",,"0","1","1","1","0.551219512","0.401632911",,"false","interacts with","OR4X1 (interacts with) TRAF6","0","Q8NH49","","Q9Y4K3",""
"55.98470038733197","","interacts with","0","0.476426184","","NVL (interacts with) TRAF6",,"0","1","1","1","0.551219512","0.401632856",,"false","interacts with","NVL (interacts with) TRAF6","0","O15381","","Q9Y4K3",""
"17.767225258401734","","interacts with","0","0.464231175","","PHC2 (interacts with) TRAF6",,"0","1","1","1","0.526829268","0.401633082",,"false","interacts with","PHC2 (interacts with) TRAF6","0","Q8IXK0","","Q9Y4K3",""
"17.675605680868838","","interacts with","0","0.464231208","","CC2D1A (interacts with) TRAF6",,"0","1","1","1","0.526829268","0.401633148",,"false","interacts with","CC2D1A (interacts with) TRAF6","0","Q6P1N0","","Q9Y4K3",""
"45.0","","interacts with","0","0.464231294","","OR52D1 (interacts with) TRAF6",,"0","1","1","1","0.526829268","0.401633319",,"false","interacts with","OR52D1 (interacts with) TRAF6","0","Q9H346","","Q9Y4K3",""
"37.7","","interacts with","0","0.476426289","","ZNF547 (interacts with) TRAF6",,"0","1","1","1","0.551219512","0.401633066",,"false","interacts with","ZNF547 (interacts with) TRAF6","0","Q8IVP9","","Q9Y4K3",""
"28.01837965955613","","interacts with","0","0.476426401","","GSTP1 (interacts with) TRAF6",,"0","1","1","1","0.551219512","0.401633289",,"false","interacts with","GSTP1 (interacts with) TRAF6","0","P09211","","Q9Y4K3",""
"44.50000000000001","","interacts with","0","0.476426238","","ELAVL2 (interacts with) TRAF6",,"0","1","1","1","0.551219512","0.401632964",,"false","interacts with","ELAVL2 (interacts with) TRAF6","0","Q12926","","Q9Y4K3",""
"48.73333333333334","","interacts with","0","0.476426415","","TFAP2A (interacts with) TRAF6",,"0","1","1","1","0.551219512","0.401633318",,"false","interacts with","TFAP2A (interacts with) TRAF6","0","P05549","","Q9Y4K3",""
"14.649332040508508","","interacts with","0","0.476426282","","FILIP1 (interacts with) TRAF6",,"0","1","1","1","0.551219512","0.401633051",,"false","interacts with","FILIP1 (interacts with) TRAF6","0","Q7Z7B0","","Q9Y4K3",""
"29.032665373841837","","interacts with","0","0.47642634","","OR2A7 (interacts with) TRAF6",,"0","1","1","1","0.551219512","0.401633168",,"false","interacts with","OR2A7 (interacts with) TRAF6","0","Q96R45","","Q9Y4K3",""
"34.64935064935065","","interacts with","0","0.464231246","","NRG1 (interacts with) TRAF6",,"0","1","1","1","0.526829268","0.401633224",,"false","interacts with","NRG1 (interacts with) TRAF6","0","Q02297","","Q9Y4K3",""
"43.39595959595961","","interacts with","0","0.476426321","","OR10H4 (interacts with) TRAF6",,"0","1","1","1","0.551219512","0.401633129",,"false","interacts with","OR10H4 (interacts with) TRAF6","0","Q8NGA5","","Q9Y4K3",""
"38.10307840307841","","interacts with","0","0.476426329","","CALB2 (interacts with) TRAF6",,"0","1","1","1","0.551219512","0.401633145",,"false","interacts with","CALB2 (interacts with) TRAF6","0","P22676","","Q9Y4K3",""
"29.67114100827655","","interacts with","0","0.476426291","","FAM166C (interacts with) TRAF6",,"0","1","1","1","0.551219512","0.40163307",,"false","interacts with","FAM166C (interacts with) TRAF6","0","A6NJV1","","Q9Y4K3",""
"60.68455988455992","","interacts with","0","0.476426191","","GCA (interacts with) TRAF6",,"0","1","1","1","0.551219512","0.40163287",,"false","interacts with","GCA (interacts with) TRAF6","0","P28676","","Q9Y4K3",""
"53.93266537384186","","interacts with","0","0.476426314","","MITD1 (interacts with) TRAF6",,"0","1","1","1","0.551219512","0.401633116",,"false","interacts with","MITD1 (interacts with) TRAF6","0","Q8WV92","","Q9Y4K3",""
"35.26666666666668","","interacts with","0","0.476426227","","SH3GLB1 (interacts with) TRAF6",,"0","1","1","1","0.551219512","0.401632943",,"false","interacts with","SH3GLB1 (interacts with) TRAF6","0","Q9Y371","","Q9Y4K3",""
"63.93266537384186","","interacts with","0","0.476426324","","OR10A2 (interacts with) TRAF6",,"0","1","1","1","0.551219512","0.401633135",,"false","interacts with","OR10A2 (interacts with) TRAF6","0","Q9H208","","Q9Y4K3",""
"39.74202898550727","","interacts with","0","0.476426386","","OR7D2 (interacts with) TRAF6",,"0","1","1","1","0.551219512","0.40163326",,"false","interacts with","OR7D2 (interacts with) TRAF6","0","Q96RA2","","Q9Y4K3",""
"53.460000000000015","","interacts with","0","0.464231224","","EVX1 (interacts with) TRAF6",,"0","1","1","1","0.526829268","0.401633179",,"false","interacts with","EVX1 (interacts with) TRAF6","0","P49640","","Q9Y4K3",""
"35.519047619047626","","interacts with","0","0.476426308","","MAGEB6B (interacts with) TRAF6",,"0","1","1","1","0.551219512","0.401633104",,"false","interacts with","MAGEB6B (interacts with) TRAF6","0","A0A0J9YX57","","Q9Y4K3",""
"48.61111111111113","","interacts with","0","0.476426334","","C17orf75 (interacts with) TRAF6",,"0","1","1","1","0.551219512","0.401633156",,"false","interacts with","C17orf75 (interacts with) TRAF6","0","Q9HAS0","","Q9Y4K3",""
"29.00038039633947","","interacts with","0","0.464231193","","ELAVL3 (interacts with) TRAF6",,"0","1","1","1","0.526829268","0.401633118",,"false","interacts with","ELAVL3 (interacts with) TRAF6","0","Q14576","","Q9Y4K3",""
"30.082445126253173","","interacts with","0","0.476426255","","SAMD15 (interacts with) TRAF6",,"0","1","1","1","0.551219512","0.401632997",,"false","interacts with","SAMD15 (interacts with) TRAF6","0","Q9P1V8","","Q9Y4K3",""
"43.036363636363646","","interacts with","0","0.464231212","","MSI1 (interacts with) TRAF6",,"0","1","1","1","0.526829268","0.401633157",,"false","interacts with","MSI1 (interacts with) TRAF6","0","O43347","","Q9Y4K3",""
"61.26007326007327","","interacts with","0","0.476426356","","OR52K2 (interacts with) TRAF6",,"0","1","1","1","0.551219512","0.4016332",,"false","interacts with","OR52K2 (interacts with) TRAF6","0","Q8NGK3","","Q9Y4K3",""
"36.27142857142859","","interacts with","0","0.476426285","","MAGEB17 (interacts with) TRAF6",,"0","1","1","1","0.551219512","0.401633059",,"false","interacts with","MAGEB17 (interacts with) TRAF6","0","A8MXT2","","Q9Y4K3",""
"9.115714285714283","","interacts with","0","0.476387218","","OR51M1 (interacts with) PMS2",,"0","0","0","1","0.551219512","0.401554924",,"false","interacts with","OR51M1 (interacts with) PMS2","0","Q9H341","","P54278",""
"10.153008319709086","","interacts with","0","0.476387476","","OR51M1 (interacts with) ZNF319",,"0","0","0","1","0.551219512","0.401555439",,"false","interacts with","OR51M1 (interacts with) ZNF319","0","Q9H341","","Q9P2F9",""
"8.74001924001924","","interacts with","0","0.476387716","","OR51M1 (interacts with) TRIM55",,"0","0","0","1","0.551219512","0.401555919",,"false","interacts with","OR51M1 (interacts with) TRIM55","0","Q9H341","","Q9BYV6",""
"6.9","","interacts with","0","0.4617536","","OR51M1 (interacts with) METTL15P1",,"0","0","0","1","0.52195122","0.40155598",,"false","interacts with","OR51M1 (interacts with) METTL15P1","0","Q9H341","","P0C7V9",""
"9.106691729323307","","interacts with","0","0.476387182","","OR51M1 (interacts with) NVL",,"0","0","0","1","0.551219512","0.401554851",,"false","interacts with","OR51M1 (interacts with) NVL","0","Q9H341","","O15381",""
"12.516860321642929","","interacts with","0","0.47638721","","OR51M1 (interacts with) PHC2",,"0","0","0","1","0.551219512","0.401554907",,"false","interacts with","OR51M1 (interacts with) PHC2","0","Q9H341","","Q8IXK0",""
"21.452775486629303","","interacts with","0","0.476387147","","CC2D1A (interacts with) OR51M1",,"0","0","0","1","0.551219512","0.401554781",,"false","interacts with","CC2D1A (interacts with) OR51M1","0","Q6P1N0","","Q9H341",""
"5.1000000000000005","","interacts with","0","0.464192354","","OR51M1 (interacts with) GSTP1",,"0","0","0","1","0.526829268","0.40155544",,"false","interacts with","OR51M1 (interacts with) GSTP1","0","Q9H341","","P09211",""
"8.029866332497912","","interacts with","0","0.476387322","","OR51M1 (interacts with) SAMD15",,"0","0","0","1","0.551219512","0.401555132",,"false","interacts with","OR51M1 (interacts with) SAMD15","0","Q9H341","","Q9P1V8",""
"10.109523809523804","","interacts with","0","0.476387143","","RASSF2 (interacts with) PMS2",,"0","0","0","1","0.551219512","0.401554774",,"false","interacts with","RASSF2 (interacts with) PMS2","0","P50749","","P54278",""
"10.49190476190476","","interacts with","0","0.469070306","","OR12D2 (interacts with) PMS2",,"0","0","0","1","0.536585366","0.401555247",,"false","interacts with","OR12D2 (interacts with) PMS2","0","P58182","","P54278",""
"13.854473304473302","","interacts with","0","0.464192117","","TRIM55 (interacts with) PMS2",,"0","0","0","1","0.526829268","0.401554965",,"false","interacts with","TRIM55 (interacts with) PMS2","0","Q9BYV6","","P54278",""
"17.099999999999998","","interacts with","0","0.476387164","","SNRNP48 (interacts with) PMS2",,"0","0","0","1","0.551219512","0.401554816",,"false","interacts with","SNRNP48 (interacts with) PMS2","0","Q6IEG0","","P54278",""
"8.342857142857142","","interacts with","0","0.476387205","","RAB24 (interacts with) PMS2",,"0","0","0","1","0.551219512","0.401554899",,"false","interacts with","RAB24 (interacts with) PMS2","0","Q969Q5","","P54278",""
"9.849999999999996","","interacts with","0","0.476387214","","EFCAB9 (interacts with) PMS2",,"0","0","0","1","0.551219512","0.401554915",,"false","interacts with","EFCAB9 (interacts with) PMS2","0","A8MZ26","","P54278",""
"14.401428571428568","","interacts with","0","0.476387111","","ODF3 (interacts with) PMS2",,"0","0","0","1","0.551219512","0.40155471",,"false","interacts with","ODF3 (interacts with) PMS2","0","Q96PU9","","P54278",""
"8.008571428571427","","interacts with","0","0.476387121","","OR4X1 (interacts with) PMS2",,"0","0","0","1","0.551219512","0.40155473",,"false","interacts with","OR4X1 (interacts with) PMS2","0","Q8NH49","","P54278",""
"9.361904761904759","","interacts with","0","0.476387296","","GSTP1 (interacts with) PMS2",,"0","0","0","1","0.551219512","0.401555079",,"false","interacts with","GSTP1 (interacts with) PMS2","0","P09211","","P54278",""
"16.686879786879786","","interacts with","0","0.47638717","","TFAP2A (interacts with) PMS2",,"0","0","0","1","0.551219512","0.401554827",,"false","interacts with","TFAP2A (interacts with) PMS2","0","P05549","","P54278",""
"16.033766233766233","","interacts with","0","0.476387263","","FILIP1 (interacts with) PMS2",,"0","0","0","1","0.551219512","0.401555013",,"false","interacts with","FILIP1 (interacts with) PMS2","0","Q7Z7B0","","P54278",""
"9.713333333333335","","interacts with","0","0.476387135","","FAM166C (interacts with) PMS2",,"0","0","0","1","0.551219512","0.401554757",,"false","interacts with","FAM166C (interacts with) PMS2","0","A6NJV1","","P54278",""
"15.000000000000004","","interacts with","0","0.476387164","","GCA (interacts with) PMS2",,"0","0","0","1","0.551219512","0.401554815",,"false","interacts with","GCA (interacts with) PMS2","0","P28676","","P54278",""
"13.843333333333337","","interacts with","0","0.464231118","","EVX1 (interacts with) PMS2",,"0","0","0","1","0.526829268","0.401632969",,"false","interacts with","EVX1 (interacts with) PMS2","0","P49640","","P54278",""
"14.14190476190476","","interacts with","0","0.47638709","","ELAVL3 (interacts with) PMS2",,"0","0","0","1","0.551219512","0.401554669",,"false","interacts with","ELAVL3 (interacts with) PMS2","0","Q14576","","P54278",""
"10.424580342457578","","interacts with","0","0.464231399","","OR12D2 (interacts with) ZNF319",,"0","0","0","1","0.526829268","0.40163353",,"false","interacts with","OR12D2 (interacts with) ZNF319","0","P58182","","Q9P2F9",""
"11.037066708984868","","interacts with","0","0.464231285","","STAP1 (interacts with) ZNF319",,"0","0","0","1","0.526829268","0.401633301",,"false","interacts with","STAP1 (interacts with) ZNF319","0","Q9ULZ2","","Q9P2F9",""
"19.5646485313493","","interacts with","0","0.47638714","","ODF3 (interacts with) ZNF319",,"0","0","0","1","0.551219512","0.401554768",,"false","interacts with","ODF3 (interacts with) ZNF319","0","Q96PU9","","Q9P2F9",""
"15.29429780695765","","interacts with","0","0.476426371","","OR4X1 (interacts with) ZNF319",,"0","0","0","1","0.551219512","0.401633229",,"false","interacts with","OR4X1 (interacts with) ZNF319","0","Q8NH49","","Q9P2F9",""
"12.679886626587386","","interacts with","0","0.464231171","","FAM166C (interacts with) ZNF319",,"0","0","0","1","0.526829268","0.401633074",,"false","interacts with","FAM166C (interacts with) ZNF319","0","A6NJV1","","Q9P2F9",""
"14.985081431782195","","interacts with","0","0.476387161","","ELAVL3 (interacts with) ZNF319",,"0","0","0","1","0.551219512","0.40155481",,"false","interacts with","ELAVL3 (interacts with) ZNF319","0","Q14576","","Q9P2F9",""
"8.58708133971292","","interacts with","0","0.476387085","","RASSF2 (interacts with) NVL",,"0","0","0","1","0.551219512","0.401554657",,"false","interacts with","RASSF2 (interacts with) NVL","0","P50749","","O15381",""
"11.666666666666664","","interacts with","0","0.476387086","","RASSF2 (interacts with) PHC2",,"0","0","0","1","0.551219512","0.401554659",,"false","interacts with","RASSF2 (interacts with) PHC2","0","P50749","","Q8IXK0",""
"15.392272347535505","","interacts with","0","0.464192028","","RASSF2 (interacts with) CC2D1A",,"0","0","0","1","0.526829268","0.401554787",,"false","interacts with","RASSF2 (interacts with) CC2D1A","0","P50749","","Q6P1N0",""
"15.664285714285713","","interacts with","0","0.476387094","","RASSF2 (interacts with) FILIP1",,"0","0","0","1","0.551219512","0.401554676",,"false","interacts with","RASSF2 (interacts with) FILIP1","0","P50749","","Q7Z7B0",""
"7.966017316017317","","interacts with","0","0.464192163","","RASSF2 (interacts with) NRG1",,"0","0","0","1","0.526829268","0.401555059",,"false","interacts with","RASSF2 (interacts with) NRG1","0","P50749","","Q02297",""
"7.352380952380953","","interacts with","0","0.464192352","","FAM166C (interacts with) RASSF2",,"0","0","0","1","0.526829268","0.401555436",,"false","interacts with","FAM166C (interacts with) RASSF2","0","A6NJV1","","P50749",""
"7.952160704792286","","interacts with","0","0.469070109","","RASSF2 (interacts with) SAMD15",,"0","0","0","1","0.536585366","0.401554852",,"false","interacts with","RASSF2 (interacts with) SAMD15","0","P50749","","Q9P1V8",""
"10.707118807118805","","interacts with","0","0.464231675","","OR12D2 (interacts with) TRIM55",,"0","0","0","1","0.526829268","0.401634082",,"false","interacts with","OR12D2 (interacts with) TRIM55","0","P58182","","Q9BYV6",""
"17.315326093916752","","interacts with","0","0.476387169","","CC2D1A (interacts with) OR12D2",,"0","0","0","1","0.551219512","0.401554825",,"false","interacts with","CC2D1A (interacts with) OR12D2","0","Q6P1N0","","P58182",""
"6.333333333333333","","interacts with","0","0.461792948","","OR12D2 (interacts with) ZNF547",,"0","0","0","1","0.52195122","0.401634676",,"false","interacts with","OR12D2 (interacts with) ZNF547","0","P58182","","Q8IVP9",""
"17.773194249153327","","interacts with","0","0.47638719","","OR12D2 (interacts with) FILIP1",,"0","0","0","1","0.551219512","0.401554868",,"false","interacts with","OR12D2 (interacts with) FILIP1","0","P58182","","Q7Z7B0",""
"8.475108225108226","","interacts with","0","0.476387402","","OR12D2 (interacts with) NRG1",,"0","0","0","1","0.551219512","0.401555291",,"false","interacts with","OR12D2 (interacts with) NRG1","0","P58182","","Q02297",""
"10.487874990506567","","interacts with","0","0.476387389","","OR12D2 (interacts with) SAMD15",,"0","0","0","1","0.551219512","0.401555267",,"false","interacts with","OR12D2 (interacts with) SAMD15","0","P58182","","Q9P1V8",""
"10.84213564213564","","interacts with","0","0.464192294","","EFCAB9 (interacts with) TRIM55",,"0","0","0","1","0.526829268","0.401555319",,"false","interacts with","EFCAB9 (interacts with) TRIM55","0","A8MZ26","","Q9BYV6",""
"10.657118807118804","","interacts with","0","0.476426463","","OR4X1 (interacts with) TRIM55",,"0","0","0","1","0.551219512","0.401633413",,"false","interacts with","OR4X1 (interacts with) TRIM55","0","Q8NH49","","Q9BYV6",""
"17.620707070707066","","interacts with","0","0.593460499","","TRIM55 (interacts with) PHC2",,"0","0","0","1","0.785365854","0.401555145",,"false","interacts with","TRIM55 (interacts with) PHC2","0","Q9BYV6","","Q8IXK0",""
"9.446007696007696","","interacts with","0","0.464192269","","TRIM55 (interacts with) CALB2",,"0","0","0","1","0.526829268","0.401555271",,"false","interacts with","TRIM55 (interacts with) CALB2","0","Q9BYV6","","P22676",""
"8.351226551226551","","interacts with","0","0.476387237","","GCA (interacts with) TRIM55",,"0","0","0","1","0.551219512","0.401554963",,"false","interacts with","GCA (interacts with) TRIM55","0","P28676","","Q9BYV6",""
"9.338095238095237","","interacts with","0","0.464192518","","ODF3 (interacts with) UCP3",,"0","0","0","1","0.526829268","0.401555768",,"false","interacts with","ODF3 (interacts with) UCP3","0","Q96PU9","","P55916",""
"18.496471949103523","","interacts with","0","0.476387122","","CC2D1A (interacts with) UCP3",,"0","0","0","1","0.551219512","0.401554732",,"false","interacts with","CC2D1A (interacts with) UCP3","0","Q6P1N0","","P55916",""
"16.05952380952381","","interacts with","0","0.476387124","","FILIP1 (interacts with) UCP3",,"0","0","0","1","0.551219512","0.401554735",,"false","interacts with","FILIP1 (interacts with) UCP3","0","Q7Z7B0","","P55916",""
"7.869047619047619","","interacts with","0","0.464192211","","EFCAB9 (interacts with) ZNF668",,"0","0","0","1","0.526829268","0.401555154",,"false","interacts with","EFCAB9 (interacts with) ZNF668","0","A8MZ26","","Q96K58",""
"10.690476190476192","","interacts with","0","0.47638711","","ODF3 (interacts with) ZNF668",,"0","0","0","1","0.551219512","0.401554708",,"false","interacts with","ODF3 (interacts with) ZNF668","0","Q96PU9","","Q96K58",""
"10.283333333333331","","interacts with","0","0.46907026","","OR4X1 (interacts with) ZNF668",,"0","0","0","1","0.536585366","0.401555154",,"false","interacts with","OR4X1 (interacts with) ZNF668","0","Q8NH49","","Q96K58",""
"8.833333333333334","","interacts with","0","0.476387233","","ELAVL3 (interacts with) ZNF668",,"0","0","0","1","0.551219512","0.401554954",,"false","interacts with","ELAVL3 (interacts with) ZNF668","0","Q14576","","Q96K58",""
"9.933333333333334","","interacts with","0","0.461753303","","OR4X1 (interacts with) METTL15P1",,"0","0","0","1","0.52195122","0.401555387",,"false","interacts with","OR4X1 (interacts with) METTL15P1","0","Q8NH49","","P0C7V9",""
"21.03333333333333","","interacts with","0","0.476387171","","FILIP1 (interacts with) METTL15P1",,"0","0","0","1","0.551219512","0.401554829",,"false","interacts with","FILIP1 (interacts with) METTL15P1","0","Q7Z7B0","","P0C7V9",""
"21.366666666666664","","interacts with","0","0.464192087","","CC2D1A (interacts with) SNRNP48",,"0","0","0","1","0.526829268","0.401554905",,"false","interacts with","CC2D1A (interacts with) SNRNP48","0","Q6P1N0","","Q6IEG0",""
"8.966666666666665","","interacts with","0","0.469109647","","FAM166C (interacts with) SNRNP48",,"0","0","0","1","0.536585366","0.401633927",,"false","interacts with","FAM166C (interacts with) SNRNP48","0","A6NJV1","","Q6IEG0",""
"11.204761904761904","","interacts with","0","0.476387337","","ODF3 (interacts with) TRIB1",,"0","0","0","1","0.551219512","0.401555162",,"false","interacts with","ODF3 (interacts with) TRIB1","0","Q96PU9","","Q96RU8",""
"18.94285714285714","","interacts with","0","0.476387045","","CC2D1A (interacts with) TRIB1",,"0","0","0","1","0.551219512","0.401554577",,"false","interacts with","CC2D1A (interacts with) TRIB1","0","Q6P1N0","","Q96RU8",""
"19.76428571428571","","interacts with","0","0.476387098","","FILIP1 (interacts with) TRIB1",,"0","0","0","1","0.551219512","0.401554685",,"false","interacts with","FILIP1 (interacts with) TRIB1","0","Q7Z7B0","","Q96RU8",""
"14.361904761904762","","interacts with","0","0.476387299","","ODF3 (interacts with) GNAT2",,"0","0","0","1","0.551219512","0.401555086",,"false","interacts with","ODF3 (interacts with) GNAT2","0","Q96PU9","","P19087",""
"23.557142857142853","","interacts with","0","0.476387062","","CC2D1A (interacts with) GNAT2",,"0","0","0","1","0.551219512","0.401554612",,"false","interacts with","CC2D1A (interacts with) GNAT2","0","Q6P1N0","","P19087",""
"8.33089133089133","","interacts with","0","0.464192227","","STAP1 (interacts with) TFAP2A",,"0","0","0","1","0.526829268","0.401555187",,"false","interacts with","STAP1 (interacts with) TFAP2A","0","Q9ULZ2","","P05549",""
"21.710856586815662","","interacts with","0","0.47642615","","STAP1 (interacts with) FILIP1",,"0","0","0","1","0.551219512","0.401632787",,"false","interacts with","STAP1 (interacts with) FILIP1","0","Q9ULZ2","","Q7Z7B0",""
"8.55844155844156","","interacts with","0","0.464231286","","STAP1 (interacts with) NRG1",,"0","0","0","1","0.526829268","0.401633303",,"false","interacts with","STAP1 (interacts with) NRG1","0","Q9ULZ2","","Q02297",""
"8.913333333333334","","interacts with","0","0.461792694","","OR4X1 (interacts with) RAB24",,"0","0","0","1","0.52195122","0.401634168",,"false","interacts with","OR4X1 (interacts with) RAB24","0","Q8NH49","","Q969Q5",""
"7.209523809523809","","interacts with","0","0.47638725","","RAB24 (interacts with) NVL",,"0","0","0","1","0.551219512","0.401554988",,"false","interacts with","RAB24 (interacts with) NVL","0","Q969Q5","","O15381",""
"11.033333333333333","","interacts with","0","0.476426231","","RAB24 (interacts with) PHC2",,"0","0","0","1","0.551219512","0.40163295",,"false","interacts with","RAB24 (interacts with) PHC2","0","Q969Q5","","Q8IXK0",""
"9.81025641025641","","interacts with","0","0.476387541","","TFAP2A (interacts with) RAB24",,"0","0","0","1","0.551219512","0.40155557",,"false","interacts with","TFAP2A (interacts with) RAB24","0","P05549","","Q969Q5",""
"15.483333333333334","","interacts with","0","0.476387191","","FILIP1 (interacts with) RAB24",,"0","0","0","1","0.551219512","0.401554869",,"false","interacts with","FILIP1 (interacts with) RAB24","0","Q7Z7B0","","Q969Q5",""
"6.06","","interacts with","0","0.464231433","","EVX1 (interacts with) RAB24",,"0","0","0","1","0.526829268","0.401633598",,"false","interacts with","EVX1 (interacts with) RAB24","0","P49640","","Q969Q5",""
"7.8119047619047635","","interacts with","0","0.464192233","","RAB24 (interacts with) MAGEB6B",,"0","0","0","1","0.526829268","0.401555198",,"false","interacts with","RAB24 (interacts with) MAGEB6B","0","Q969Q5","","A0A0J9YX57",""
"7.752380952380952","","interacts with","0","0.464192106","","RAB24 (interacts with) SAMD15",,"0","0","0","1","0.526829268","0.401554945",,"false","interacts with","RAB24 (interacts with) SAMD15","0","Q969Q5","","Q9P1V8",""
"22.229691876750696","","interacts with","0","0.476387166","","CC2D1A (interacts with) OR4K15",,"0","0","0","1","0.551219512","0.40155482",,"false","interacts with","CC2D1A (interacts with) OR4K15","0","Q6P1N0","","Q8NH41",""
"26.375350140056025","","interacts with","0","0.476387255","","OR4K15 (interacts with) FILIP1",,"0","0","0","1","0.551219512","0.401554997",,"false","interacts with","OR4K15 (interacts with) FILIP1","0","Q8NH41","","Q7Z7B0",""
"10.430952380952379","","interacts with","0","0.464192141","","EFCAB9 (interacts with) NVL",,"0","0","0","1","0.526829268","0.401555013",,"false","interacts with","EFCAB9 (interacts with) NVL","0","A8MZ26","","O15381",""
"10.973809523809521","","interacts with","0","0.464192121","","EFCAB9 (interacts with) PHC2",,"0","0","0","1","0.526829268","0.401554973",,"false","interacts with","EFCAB9 (interacts with) PHC2","0","A8MZ26","","Q8IXK0",""
"10.066666666666666","","interacts with","0","0.476387513","","EFCAB9 (interacts with) ZNF547",,"0","0","0","1","0.551219512","0.401555514",,"false","interacts with","EFCAB9 (interacts with) ZNF547","0","A8MZ26","","Q8IVP9",""
"14.121861471861472","","interacts with","0","0.476387204","","FILIP1 (interacts with) EFCAB9",,"0","0","0","1","0.551219512","0.401554896",,"false","interacts with","FILIP1 (interacts with) EFCAB9","0","Q7Z7B0","","A8MZ26",""
"10.633333333333331","","interacts with","0","0.461753232","","EFCAB9 (interacts with) SH3GLB1",,"0","0","0","1","0.52195122","0.401555244",,"false","interacts with","EFCAB9 (interacts with) SH3GLB1","0","A8MZ26","","Q9Y371",""
"8.216666666666669","","interacts with","0","0.464192475","","EFCAB9 (interacts with) MAGEB6B",,"0","0","0","1","0.526829268","0.401555681",,"false","interacts with","EFCAB9 (interacts with) MAGEB6B","0","A8MZ26","","A0A0J9YX57",""
"9.107142857142858","","interacts with","0","0.476387324","","EFCAB9 (interacts with) SAMD15",,"0","0","0","1","0.551219512","0.401555135",,"false","interacts with","EFCAB9 (interacts with) SAMD15","0","A8MZ26","","Q9P1V8",""
"14.537644110275686","","interacts with","0","0.476387209","","ODF3 (interacts with) NVL",,"0","0","0","1","0.551219512","0.401554906",,"false","interacts with","ODF3 (interacts with) NVL","0","Q96PU9","","O15381",""
"16.302574607357215","","interacts with","0","0.476387179","","ODF3 (interacts with) PHC2",,"0","0","0","1","0.551219512","0.401554845",,"false","interacts with","ODF3 (interacts with) PHC2","0","Q96PU9","","Q8IXK0",""
"16.817775398997636","","interacts with","0","0.464192135","","ODF3 (interacts with) CC2D1A",,"0","0","0","1","0.526829268","0.401555001",,"false","interacts with","ODF3 (interacts with) CC2D1A","0","Q96PU9","","Q6P1N0",""
"10.333333333333334","","interacts with","0","0.476387584","","ODF3 (interacts with) ELAVL2",,"0","0","0","1","0.551219512","0.401555655",,"false","interacts with","ODF3 (interacts with) ELAVL2","0","Q96PU9","","Q12926",""
"10.638095238095238","","interacts with","0","0.476387276","","ODF3 (interacts with) MAGEB6B",,"0","0","0","1","0.551219512","0.40155504",,"false","interacts with","ODF3 (interacts with) MAGEB6B","0","Q96PU9","","A0A0J9YX57",""
"14.146532999164574","","interacts with","0","0.464192043","","ODF3 (interacts with) SAMD15",,"0","0","0","1","0.526829268","0.401554818",,"false","interacts with","ODF3 (interacts with) SAMD15","0","Q96PU9","","Q9P1V8",""
"10.604761904761904","","interacts with","0","0.461753238","","ODF3 (interacts with) MAGEB17",,"0","0","0","1","0.52195122","0.401555256",,"false","interacts with","ODF3 (interacts with) MAGEB17","0","Q96PU9","","A8MXT2",""
"11.433748006379586","","interacts with","0","0.476387085","","OR4X1 (interacts with) NVL",,"0","0","0","1","0.551219512","0.401554658",,"false","interacts with","OR4X1 (interacts with) NVL","0","Q8NH49","","O15381",""
"11.393050797833407","","interacts with","0","0.464231263","","OR4X1 (interacts with) PHC2",,"0","0","0","1","0.526829268","0.401633257",,"false","interacts with","OR4X1 (interacts with) PHC2","0","Q8NH49","","Q8IXK0",""
"20.00392258514482","","interacts with","0","0.476387089","","OR4X1 (interacts with) CC2D1A",,"0","0","0","1","0.551219512","0.401554665",,"false","interacts with","OR4X1 (interacts with) CC2D1A","0","Q8NH49","","Q6P1N0",""
"7.7523809523809515","","interacts with","0","0.476387476","","OR4X1 (interacts with) GSTP1",,"0","0","0","1","0.551219512","0.40155544",,"false","interacts with","OR4X1 (interacts with) GSTP1","0","Q8NH49","","P09211",""
"16.125575201534282","","interacts with","0","0.476387059","","OR4X1 (interacts with) FILIP1",,"0","0","0","1","0.551219512","0.401554606",,"false","interacts with","OR4X1 (interacts with) FILIP1","0","Q8NH49","","Q7Z7B0",""
"12.456926406926407","","interacts with","0","0.476387309","","OR4X1 (interacts with) NRG1",,"0","0","0","1","0.551219512","0.401555105",,"false","interacts with","OR4X1 (interacts with) NRG1","0","Q8NH49","","Q02297",""
"13.333333333333336","","interacts with","0","0.464231684","","OR4X1 (interacts with) GCA",,"0","0","0","1","0.526829268","0.401634099",,"false","interacts with","OR4X1 (interacts with) GCA","0","Q8NH49","","P28676",""
"9.537874990506568","","interacts with","0","0.476387196","","OR4X1 (interacts with) SAMD15",,"0","0","0","1","0.551219512","0.40155488",,"false","interacts with","OR4X1 (interacts with) SAMD15","0","Q8NH49","","Q9P1V8",""
"20.536056049213936","","interacts with","0","0.476387164","","OR6C2 (interacts with) NVL",,"0","0","0","1","0.551219512","0.401554816",,"false","interacts with","OR6C2 (interacts with) NVL","0","Q9NZP2","","O15381",""
"7.140000000000001","","interacts with","0","0.464192108","","EVX1 (interacts with) NVL",,"0","0","0","1","0.526829268","0.401554947",,"false","interacts with","EVX1 (interacts with) NVL","0","P49640","","O15381",""
"20.66666666666666","","interacts with","0","0.476426426","","OR52D1 (interacts with) PHC2",,"0","0","0","1","0.551219512","0.40163334",,"false","interacts with","OR52D1 (interacts with) PHC2","0","Q9H346","","Q8IXK0",""
"12.352380952380953","","interacts with","0","0.464192191","","GSTP1 (interacts with) PHC2",,"0","0","0","1","0.526829268","0.401555113",,"false","interacts with","GSTP1 (interacts with) PHC2","0","P09211","","Q8IXK0",""
"12.39090909090909","","interacts with","0","0.464192102","","FILIP1 (interacts with) PHC2",,"0","0","0","1","0.526829268","0.401554936",,"false","interacts with","FILIP1 (interacts with) PHC2","0","Q7Z7B0","","Q8IXK0",""
"11.700000000000001","","interacts with","0","0.464192334","","PHC2 (interacts with) OR2A7",,"0","0","0","1","0.526829268","0.401555399",,"false","interacts with","PHC2 (interacts with) OR2A7","0","Q8IXK0","","Q96R45",""
"14.011111111111116","","interacts with","0","0.46419207","","CALB2 (interacts with) PHC2",,"0","0","0","1","0.526829268","0.401554872",,"false","interacts with","CALB2 (interacts with) PHC2","0","P22676","","Q8IXK0",""
"14.714479369261976","","interacts with","0","0.47638708","","FAM166C (interacts with) PHC2",,"0","0","0","1","0.551219512","0.401554648",,"false","interacts with","FAM166C (interacts with) PHC2","0","A6NJV1","","Q8IXK0",""
"17.08840579710145","","interacts with","0","0.4642313","","OR7D2 (interacts with) PHC2",,"0","0","0","1","0.526829268","0.401633332",,"false","interacts with","OR7D2 (interacts with) PHC2","0","Q96RA2","","Q8IXK0",""
"16.763333333333332","","interacts with","0","0.47638705","","EVX1 (interacts with) PHC2",,"0","0","0","1","0.551219512","0.401554587",,"false","interacts with","EVX1 (interacts with) PHC2","0","P49640","","Q8IXK0",""
"13.276190476190473","","interacts with","0","0.476387041","","MAGEB6B (interacts with) PHC2",,"0","0","0","1","0.551219512","0.40155457",,"false","interacts with","MAGEB6B (interacts with) PHC2","0","A0A0J9YX57","","Q8IXK0",""
"17.166666666666668","","interacts with","0","0.464192131","","PHC2 (interacts with) C17orf75",,"0","0","0","1","0.526829268","0.401554993",,"false","interacts with","PHC2 (interacts with) C17orf75","0","Q8IXK0","","Q9HAS0",""
"15.543050797833406","","interacts with","0","0.476387152","","ELAVL3 (interacts with) PHC2",,"0","0","0","1","0.551219512","0.401554791",,"false","interacts with","ELAVL3 (interacts with) PHC2","0","Q14576","","Q8IXK0",""
"16.612121212121213","","interacts with","0","0.476387233","","PHC2 (interacts with) MSI1",,"0","0","0","1","0.551219512","0.401554954",,"false","interacts with","PHC2 (interacts with) MSI1","0","Q8IXK0","","O43347",""
"20.16666666666666","","interacts with","0","0.4763872","","CC2D1A (interacts with) OR52D1",,"0","0","0","1","0.551219512","0.401554888",,"false","interacts with","CC2D1A (interacts with) OR52D1","0","Q6P1N0","","Q9H346",""
"19.14285714285714","","interacts with","0","0.476387071","","CC2D1A (interacts with) ZNF547",,"0","0","0","1","0.551219512","0.401554631",,"false","interacts with","CC2D1A (interacts with) ZNF547","0","Q6P1N0","","Q8IVP9",""
"17.81443351969668","","interacts with","0","0.476387124","","CC2D1A (interacts with) GSTP1",,"0","0","0","1","0.551219512","0.401554737",,"false","interacts with","CC2D1A (interacts with) GSTP1","0","Q6P1N0","","P09211",""
"20.166666666666664","","interacts with","0","0.476387114","","CC2D1A (interacts with) ELAVL2",,"0","0","0","1","0.551219512","0.401554715",,"false","interacts with","CC2D1A (interacts with) ELAVL2","0","Q6P1N0","","Q12926",""
"16.663138615770194","","interacts with","0","0.476387234","","CC2D1A (interacts with) OR2A7",,"0","0","0","1","0.551219512","0.401554955",,"false","interacts with","CC2D1A (interacts with) OR2A7","0","Q6P1N0","","Q96R45",""
"19.83333333333333","","interacts with","0","0.476387138","","CC2D1A (interacts with) NRG1",,"0","0","0","1","0.551219512","0.401554763",,"false","interacts with","CC2D1A (interacts with) NRG1","0","Q6P1N0","","Q02297",""
"22.00649350649351","","interacts with","0","0.476387146","","CC2D1A (interacts with) OR10H4",,"0","0","0","1","0.551219512","0.401554779",,"false","interacts with","CC2D1A (interacts with) OR10H4","0","Q6P1N0","","Q8NGA5",""
"19.61630591630591","","interacts with","0","0.464192042","","CC2D1A (interacts with) CALB2",,"0","0","0","1","0.526829268","0.401554816",,"false","interacts with","CC2D1A (interacts with) CALB2","0","Q6P1N0","","P22676",""
"17.99946038068262","","interacts with","0","0.464231227","","FAM166C (interacts with) CC2D1A",,"0","0","0","1","0.526829268","0.401633186",,"false","interacts with","FAM166C (interacts with) CC2D1A","0","A6NJV1","","Q6P1N0",""
"18.142857142857142","","interacts with","0","0.476387091","","CC2D1A (interacts with) SH3GLB1",,"0","0","0","1","0.551219512","0.40155467",,"false","interacts with","CC2D1A (interacts with) SH3GLB1","0","Q6P1N0","","Q9Y371",""
"19.16459627329192","","interacts with","0","0.476387198","","CC2D1A (interacts with) OR7D2",,"0","0","0","1","0.551219512","0.401554885",,"false","interacts with","CC2D1A (interacts with) OR7D2","0","Q6P1N0","","Q96RA2",""
"17.726797955388612","","interacts with","0","0.476387151","","ELAVL3 (interacts with) CC2D1A",,"0","0","0","1","0.551219512","0.40155479",,"false","interacts with","ELAVL3 (interacts with) CC2D1A","0","Q14576","","Q6P1N0",""
"26.646520146520146","","interacts with","0","0.47638715","","CC2D1A (interacts with) OR52K2",,"0","0","0","1","0.551219512","0.401554788",,"false","interacts with","CC2D1A (interacts with) OR52K2","0","Q6P1N0","","Q8NGK3",""
"19.609523809523807","","interacts with","0","0.476387097","","CC2D1A (interacts with) MAGEB17",,"0","0","0","1","0.551219512","0.401554682",,"false","interacts with","CC2D1A (interacts with) MAGEB17","0","Q6P1N0","","A8MXT2",""
"10.5","","interacts with","0","0.464194792","","ELAVL3 (interacts with) OR52D1",,"0","0","0","1","0.526829268","0.401560316",,"false","interacts with","ELAVL3 (interacts with) OR52D1","0","Q14576","","Q9H346",""
"19.46190476190476","","interacts with","0","0.476387102","","FILIP1 (interacts with) ZNF547",,"0","0","0","1","0.551219512","0.401554691",,"false","interacts with","FILIP1 (interacts with) ZNF547","0","Q7Z7B0","","Q8IVP9",""
"7.485714285714286","","interacts with","0","0.476426433","","FAM166C (interacts with) ZNF547",,"0","0","0","1","0.551219512","0.401633354",,"false","interacts with","FAM166C (interacts with) ZNF547","0","A6NJV1","","Q8IVP9",""
"6.385714285714287","","interacts with","0","0.591022233","","GSTP1 (interacts with) SH3GLB1",,"0","0","0","1","0.780487805","0.401556661",,"false","interacts with","GSTP1 (interacts with) SH3GLB1","0","P09211","","Q9Y371",""
"7.822723475355055","","interacts with","0","0.464192215","","GSTP1 (interacts with) SAMD15",,"0","0","0","1","0.526829268","0.401555162",,"false","interacts with","GSTP1 (interacts with) SAMD15","0","P09211","","Q9P1V8",""
"9.416666666666666","","interacts with","0","0.584698583","","ELAVL3 (interacts with) ELAVL2",,"0","0","0","1","0.765853659","0.403543507",,"false","interacts with","ELAVL3 (interacts with) ELAVL2","0","Q14576","","Q12926",""
"9.24848484848485","","interacts with","0","0.476387439","","TFAP2A (interacts with) NRG1",,"0","0","0","1","0.551219512","0.401555366",,"false","interacts with","TFAP2A (interacts with) NRG1","0","P05549","","Q02297",""
"7.435353535353534","","interacts with","0","0.469070542","","TFAP2A (interacts with) OR10H4",,"0","0","0","1","0.536585366","0.401555717",,"false","interacts with","TFAP2A (interacts with) OR10H4","0","P05549","","Q8NGA5",""
"14.034931734931737","","interacts with","0","0.464192167","","TFAP2A (interacts with) SAMD15",,"0","0","0","1","0.526829268","0.401555065",,"false","interacts with","TFAP2A (interacts with) SAMD15","0","P05549","","Q9P1V8",""
"9.093406593406595","","interacts with","0","0.461753347","","TFAP2A (interacts with) OR52K2",,"0","0","0","1","0.52195122","0.401555474",,"false","interacts with","TFAP2A (interacts with) OR52K2","0","P05549","","Q8NGK3",""
"14.195238095238095","","interacts with","0","0.476387194","","FILIP1 (interacts with) OR2A7",,"0","0","0","1","0.551219512","0.401554875",,"false","interacts with","FILIP1 (interacts with) OR2A7","0","Q7Z7B0","","Q96R45",""
"25.114574314574313","","interacts with","0","0.476387223","","FILIP1 (interacts with) OR10H4",,"0","0","0","1","0.551219512","0.401554934",,"false","interacts with","FILIP1 (interacts with) OR10H4","0","Q7Z7B0","","Q8NGA5",""
"19.60863395863396","","interacts with","0","0.476387121","","FILIP1 (interacts with) CALB2",,"0","0","0","1","0.551219512","0.401554729",,"false","interacts with","FILIP1 (interacts with) CALB2","0","Q7Z7B0","","P22676",""
"22.66666666666666","","interacts with","0","0.476387186","","FILIP1 (interacts with) MITD1",,"0","0","0","1","0.551219512","0.40155486",,"false","interacts with","FILIP1 (interacts with) MITD1","0","Q7Z7B0","","Q8WV92",""
"20.428571428571423","","interacts with","0","0.476387123","","FILIP1 (interacts with) SH3GLB1",,"0","0","0","1","0.551219512","0.401554735",,"false","interacts with","FILIP1 (interacts with) SH3GLB1","0","Q7Z7B0","","Q9Y371",""
"20.624016563146995","","interacts with","0","0.47638717","","FILIP1 (interacts with) OR7D2",,"0","0","0","1","0.551219512","0.401554828",,"false","interacts with","FILIP1 (interacts with) OR7D2","0","Q7Z7B0","","Q96RA2",""
"16.00238095238095","","interacts with","0","0.476387114","","FILIP1 (interacts with) MAGEB6B",,"0","0","0","1","0.551219512","0.401554716",,"false","interacts with","FILIP1 (interacts with) MAGEB6B","0","Q7Z7B0","","A0A0J9YX57",""
"20.94444444444444","","interacts with","0","0.476387188","","FILIP1 (interacts with) C17orf75",,"0","0","0","1","0.551219512","0.401554864",,"false","interacts with","FILIP1 (interacts with) C17orf75","0","Q7Z7B0","","Q9HAS0",""
"20.21190476190476","","interacts with","0","0.476387135","","FILIP1 (interacts with) SAMD15",,"0","0","0","1","0.551219512","0.401554758",,"false","interacts with","FILIP1 (interacts with) SAMD15","0","Q7Z7B0","","Q9P1V8",""
"20.049350649350647","","interacts with","0","0.476387084","","FILIP1 (interacts with) MSI1",,"0","0","0","1","0.551219512","0.401554656",,"false","interacts with","FILIP1 (interacts with) MSI1","0","Q7Z7B0","","O43347",""
"18.49761904761904","","interacts with","0","0.476387181","","FILIP1 (interacts with) MAGEB17",,"0","0","0","1","0.551219512","0.40155485",,"false","interacts with","FILIP1 (interacts with) MAGEB17","0","Q7Z7B0","","A8MXT2",""
"8.167532467532467","","interacts with","0","0.476387514","","NRG1 (interacts with) OR2A7",,"0","0","0","1","0.551219512","0.401555516",,"false","interacts with","NRG1 (interacts with) OR2A7","0","Q02297","","Q96R45",""
"10.689393939393941","","interacts with","0","0.476387214","","ELAVL3 (interacts with) NRG1",,"0","0","0","1","0.551219512","0.401554916",,"false","interacts with","ELAVL3 (interacts with) NRG1","0","Q14576","","Q02297",""
"9.04935064935065","","interacts with","0","0.46419209","","NRG1 (interacts with) MSI1",,"0","0","0","1","0.526829268","0.401554911",,"false","interacts with","NRG1 (interacts with) MSI1","0","Q02297","","O43347",""
"34.51684894053315","","interacts with","0","0.476387312","","OR6C2 (interacts with) SAMD15",,"0","0","0","1","0.551219512","0.401555111",,"false","interacts with","OR6C2 (interacts with) SAMD15","0","Q9NZP2","","Q9P1V8",""
"9.560818713450292","","interacts with","0","0.476387082","","FAM166C (interacts with) SAMD15",,"0","0","0","1","0.551219512","0.401554652",,"false","interacts with","FAM166C (interacts with) SAMD15","0","A6NJV1","","Q9P1V8",""
"10.133333333333333","","interacts with","0","0.461672115","","ELAVL3 (interacts with) SH3GLB1",,"0","0","0","1","0.52195122","0.40139301",,"false","interacts with","ELAVL3 (interacts with) SH3GLB1","0","Q14576","","Q9Y371",""
"11.0","","interacts with","0","0.46907122","","ELAVL3 (interacts with) OR10A2",,"0","0","0","1","0.536585366","0.401557074",,"false","interacts with","ELAVL3 (interacts with) OR10A2","0","Q14576","","Q9H208",""
"4.4","","interacts with","0","0.461753163","","MAGEB17 (interacts with) MAGEB6B",,"0","0","0","1","0.52195122","0.401555107",,"false","interacts with","MAGEB17 (interacts with) MAGEB6B","0","A8MXT2","","A0A0J9YX57",""
"13.771208323839902","","interacts with","0","0.47638719","","ELAVL3 (interacts with) SAMD15",,"0","0","0","1","0.551219512","0.401554868",,"false","interacts with","ELAVL3 (interacts with) SAMD15","0","Q14576","","Q9P1V8",""
"0.0","","interacts with","0","0.673191388","","COL5A2 (interacts with) COL5A2",,"1","1","1","1","0.941463415","0.404919361",,"false","interacts with","COL5A2 (interacts with) COL5A2","0","P05997","","P05997",""
"14.416941391941393","","interacts with","0","0.476426198","","COL5A2 (interacts with) RABL6",,"1","0","1","1","0.551219512","0.401632885",,"false","interacts with","COL5A2 (interacts with) RABL6","0","P05997","","Q3YEC7",""
"42.20238095238099","","interacts with","0","0.476426205","","COL5A2 (interacts with) TCEANC",,"1","0","1","1","0.551219512","0.401632897",,"false","interacts with","COL5A2 (interacts with) TCEANC","0","P05997","","Q8N8B7",""
"37.76904761904763","","interacts with","0","0.476426228","","COL5A2 (interacts with) NPY4R",,"1","0","1","1","0.551219512","0.401632944",,"false","interacts with","COL5A2 (interacts with) NPY4R","0","P05997","","P50391",""
"39.78809523809526","","interacts with","0","0.476426247","","COL5A2 (interacts with) CYB5RL",,"1","0","1","1","0.551219512","0.401632982",,"false","interacts with","COL5A2 (interacts with) CYB5RL","0","P05997","","Q6IPT4",""
"45.192857142857186","","interacts with","0","0.47642622","","COL5A2 (interacts with) UBA2",,"1","0","1","1","0.551219512","0.401632929",,"false","interacts with","COL5A2 (interacts with) UBA2","0","P05997","","Q9UBT2",""
"30.9690476190476","","interacts with","0","0.476426193","","COL5A2 (interacts with) TRIM59",,"1","0","1","1","0.551219512","0.401632873",,"false","interacts with","COL5A2 (interacts with) TRIM59","0","P05997","","Q8IWR1",""
"46.535714285714334","","interacts with","0","0.476426211","","COL5A2 (interacts with) PDIA2",,"1","0","1","1","0.551219512","0.401632909",,"false","interacts with","COL5A2 (interacts with) PDIA2","0","P05997","","Q13087",""
"38.20238095238098","","interacts with","0","0.476426144","","COL5A2 (interacts with) PUS1",,"1","0","1","1","0.551219512","0.401632776",,"false","interacts with","COL5A2 (interacts with) PUS1","0","P05997","","Q9Y606",""
"38.66904761904763","","interacts with","0","0.476426204","","TBX10 (interacts with) COL5A2",,"0","1","1","1","0.551219512","0.401632895",,"false","interacts with","TBX10 (interacts with) COL5A2","0","O75333","","P05997",""
"32.135714285714265","","interacts with","0","0.476426171","","COL5A2 (interacts with) ZDHHC11",,"1","0","1","1","0.551219512","0.401632829",,"false","interacts with","COL5A2 (interacts with) ZDHHC11","0","P05997","","Q9H8X9",""
"64.16666666666666","","interacts with","0","0.464231252","","COL5A2 (interacts with) DGLUCY",,"1","0","1","1","0.526829268","0.401633236",,"false","interacts with","COL5A2 (interacts with) DGLUCY","0","P05997","","Q7Z3D6",""
"37.369047619047635","","interacts with","0","0.476426359","","COL5A2 (interacts with) DCP2",,"1","0","1","1","0.551219512","0.401633206",,"false","interacts with","COL5A2 (interacts with) DCP2","0","P05997","","Q8IU60",""
"37.00238095238097","","interacts with","0","0.47642622","","COL5A2 (interacts with) MRPL28",,"1","0","1","1","0.551219512","0.401632928",,"false","interacts with","COL5A2 (interacts with) MRPL28","0","P05997","","Q13084",""
"32.73571428571427","","interacts with","0","0.476426197","","COL5A2 (interacts with) NBPF6",,"1","0","1","1","0.551219512","0.401632882",,"false","interacts with","COL5A2 (interacts with) NBPF6","0","P05997","","Q5VWK0",""
"36.66904761904762","","interacts with","0","0.47642625","","COL5A2 (interacts with) RASGEF1A",,"1","0","1","1","0.551219512","0.401632987",,"false","interacts with","COL5A2 (interacts with) RASGEF1A","0","P05997","","Q8N9B8",""
"29.62380952380951","","interacts with","0","0.476426264","","COL5A2 (interacts with) CALHM2",,"1","0","1","1","0.551219512","0.401633015",,"false","interacts with","COL5A2 (interacts with) CALHM2","0","P05997","","Q9HA72",""
"38.102380952380955","","interacts with","0","0.476426255","","COL5A2 (interacts with) CCNQ",,"1","0","1","1","0.551219512","0.401632997",,"false","interacts with","COL5A2 (interacts with) CCNQ","0","P05997","","Q8N1B3",""
"41.20238095238098","","interacts with","0","0.464231236","","KIAA0513 (interacts with) COL5A2",,"0","1","1","1","0.526829268","0.401633203",,"false","interacts with","KIAA0513 (interacts with) COL5A2","0","O60268","","P05997",""
"20.330158730158722","","interacts with","0","0.476426203","","COL5A2 (interacts with) TRMT1",,"1","0","1","1","0.551219512","0.401632893",,"false","interacts with","COL5A2 (interacts with) TRMT1","0","P05997","","Q9NXH9",""
"44.15000000000001","","interacts with","0","0.476426193","","AHRR (interacts with) COL5A2",,"0","1","1","1","0.551219512","0.401632874",,"false","interacts with","AHRR (interacts with) COL5A2","0","A9YTQ3","","P05997",""
"29.96904761904761","","interacts with","0","0.476426234","","COL5A2 (interacts with) CKMT1B",,"1","0","1","1","0.551219512","0.401632957",,"false","interacts with","COL5A2 (interacts with) CKMT1B","0","P05997","","P12532",""
"21.711904761904748","","interacts with","0","0.476426227","","COL5A2 (interacts with) NKAIN1",,"1","0","1","1","0.551219512","0.401632942",,"false","interacts with","COL5A2 (interacts with) NKAIN1","0","P05997","","Q4KMZ8",""
"44.93571428571433","","interacts with","0","0.476426217","","COL5A2 (interacts with) CGAS",,"1","0","1","1","0.551219512","0.401632922",,"false","interacts with","COL5A2 (interacts with) CGAS","0","P05997","","Q8N884",""
"52.00000000000002","","interacts with","0","0.476426247","","COL5A2 (interacts with) HDHD5",,"1","0","1","1","0.551219512","0.401632982",,"false","interacts with","COL5A2 (interacts with) HDHD5","0","P05997","","Q9BXW7",""
"58.16666666666666","","interacts with","0","0.476426288","","COL5A2 (interacts with) DAPP1",,"1","0","1","1","0.551219512","0.401633063",,"false","interacts with","COL5A2 (interacts with) DAPP1","0","P05997","","Q9UN19",""
"38.035714285714285","","interacts with","0","0.476426243","","COL5A2 (interacts with) RCOR2",,"1","0","1","1","0.551219512","0.401632974",,"false","interacts with","COL5A2 (interacts with) RCOR2","0","P05997","","Q8IZ40",""
"38.569047619047645","","interacts with","0","0.47642621","","COL5A2 (interacts with) CYP26B1",,"1","0","1","1","0.551219512","0.401632908",,"false","interacts with","COL5A2 (interacts with) CYP26B1","0","P05997","","Q9NR63",""
"39.10238095238099","","interacts with","0","0.476426314","","COL5A2 (interacts with) MARCHF7",,"1","0","1","1","0.551219512","0.401633115",,"false","interacts with","COL5A2 (interacts with) MARCHF7","0","P05997","","Q9H992",""
"28.140476190476168","","interacts with","0","0.476426192","","COL5A2 (interacts with) ZNF449",,"1","0","1","1","0.551219512","0.401632873",,"false","interacts with","COL5A2 (interacts with) ZNF449","0","P05997","","Q6P9G9",""
"43.76904761904763","","interacts with","0","0.476426245","","TCP11X1 (interacts with) COL5A2",,"0","1","1","1","0.551219512","0.401632978",,"false","interacts with","TCP11X1 (interacts with) COL5A2","0","B4DZS4","","P05997",""
"29.002380952380943","","interacts with","0","0.476426204","","COL5A2 (interacts with) ZSCAN22",,"1","0","1","1","0.551219512","0.401632895",,"false","interacts with","COL5A2 (interacts with) ZSCAN22","0","P05997","","P10073",""
"39.86904761904764","","interacts with","0","0.476426204","","COL5A2 (interacts with) WDR13",,"1","0","1","1","0.551219512","0.401632896",,"false","interacts with","COL5A2 (interacts with) WDR13","0","P05997","","Q9H1Z4",""
"45.42460317460318","","interacts with","0","0.476426259","","COL5A2 (interacts with) IL34",,"1","0","1","1","0.551219512","0.401633005",,"false","interacts with","COL5A2 (interacts with) IL34","0","P05997","","Q6ZMJ4",""
"36.069047619047616","","interacts with","0","0.476426202","","BECN2 (interacts with) COL5A2",,"0","1","1","1","0.551219512","0.401632892",,"false","interacts with","BECN2 (interacts with) COL5A2","0","A8MW95","","P05997",""
"38.10238095238097","","interacts with","0","0.47642623","","COL5A2 (interacts with) OR2A5",,"1","0","1","1","0.551219512","0.401632947",,"false","interacts with","COL5A2 (interacts with) OR2A5","0","P05997","","Q96R48",""
"26.7547619047619","","interacts with","0","0.476426159","","COL5A2 (interacts with) ST8SIA4",,"1","0","1","1","0.551219512","0.401632805",,"false","interacts with","COL5A2 (interacts with) ST8SIA4","0","P05997","","Q92187",""
"39.86904761904763","","interacts with","0","0.47642633","","COL5A2 (interacts with) ALDH6A1",,"1","0","1","1","0.551219512","0.401633147",,"false","interacts with","COL5A2 (interacts with) ALDH6A1","0","P05997","","Q02252",""
"36.06904761904763","","interacts with","0","0.476426345","","KPNA6 (interacts with) COL5A2",,"0","1","1","1","0.551219512","0.401633178",,"false","interacts with","KPNA6 (interacts with) COL5A2","0","O60684","","P05997",""
"24.48095238095238","","interacts with","0","0.476426199","","COL5A2 (interacts with) AICDA",,"1","0","1","1","0.551219512","0.401632886",,"false","interacts with","COL5A2 (interacts with) AICDA","0","P05997","","Q9GZX7",""
"47.53571428571435","","interacts with","0","0.476426217","","COL5A2 (interacts with) ZNF454",,"1","0","1","1","0.551219512","0.401632922",,"false","interacts with","COL5A2 (interacts with) ZNF454","0","P05997","","Q8N9F8",""
"30.669719169719162","","interacts with","0","0.476426352","","COL5A2 (interacts with) MYLK3",,"1","0","1","1","0.551219512","0.401633192",,"false","interacts with","COL5A2 (interacts with) MYLK3","0","P05997","","Q32MK0",""
"38.03571428571429","","interacts with","0","0.476426229","","COL5A2 (interacts with) SPATA18",,"1","0","1","1","0.551219512","0.401632946",,"false","interacts with","COL5A2 (interacts with) SPATA18","0","P05997","","Q8TC71",""
"38.26904761904763","","interacts with","0","0.476426199","","COL5A2 (interacts with) STK39",,"1","0","1","1","0.551219512","0.401632886",,"false","interacts with","COL5A2 (interacts with) STK39","0","P05997","","Q9UEW8",""
"41.63571428571431","","interacts with","0","0.476426305","","COL5A2 (interacts with) B3GNT3",,"1","0","1","1","0.551219512","0.401633097",,"false","interacts with","COL5A2 (interacts with) B3GNT3","0","P05997","","Q9Y2A9",""
"32.921428571428564","","interacts with","0","0.476426228","","COL5A2 (interacts with) CLDN12",,"1","0","1","1","0.551219512","0.401632943",,"false","interacts with","COL5A2 (interacts with) CLDN12","0","P05997","","P56749",""
"48.76904761904765","","interacts with","0","0.476426279","","COL5A2 (interacts with) NBPF4",,"1","0","1","1","0.551219512","0.401633047",,"false","interacts with","COL5A2 (interacts with) NBPF4","0","P05997","","Q96M43",""
"45.6","","interacts with","0","0.47642633","","COL5A2 (interacts with) CADM4",,"1","0","1","1","0.551219512","0.401633148",,"false","interacts with","COL5A2 (interacts with) CADM4","0","P05997","","Q8NFZ8",""
"27.561904761904756","","interacts with","0","0.476426272","","COL5A2 (interacts with) CEACAM21",,"1","0","1","1","0.551219512","0.401633031",,"false","interacts with","COL5A2 (interacts with) CEACAM21","0","P05997","","Q3KPI0",""
"42.402380952380994","","interacts with","0","0.476426251","","COL5A2 (interacts with) TCP11X2",,"1","0","1","1","0.551219512","0.40163299",,"false","interacts with","COL5A2 (interacts with) TCP11X2","0","P05997","","Q5H9J9",""
"31.721428571428554","","interacts with","0","0.476426196","","COL5A2 (interacts with) SYPL1",,"1","0","1","1","0.551219512","0.401632879",,"false","interacts with","COL5A2 (interacts with) SYPL1","0","P05997","","Q16563",""
"4.919047619047619","","interacts with","0","0.461816135","","BDP1 (interacts with) COL5A2",,"0","1","1","1","0.52195122","0.401681051",,"false","interacts with","BDP1 (interacts with) COL5A2","0","A6H8Y1","","P05997",""
"27.740476190476183","","interacts with","0","0.47642618","","COL5A2 (interacts with) RCN1",,"1","0","1","1","0.551219512","0.401632848",,"false","interacts with","COL5A2 (interacts with) RCN1","0","P05997","","Q15293",""
"28.72142857142856","","interacts with","0","0.476426203","","COL5A2 (interacts with) THRB",,"1","0","1","1","0.551219512","0.401632895",,"false","interacts with","COL5A2 (interacts with) THRB","0","P05997","","P10828",""
"31.602380952380948","","interacts with","0","0.476426264","","COL5A2 (interacts with) MAPK1IP1L",,"1","0","1","1","0.551219512","0.401633015",,"false","interacts with","COL5A2 (interacts with) MAPK1IP1L","0","P05997","","Q8NDC0",""
"37.00238095238096","","interacts with","0","0.476426218","","TNFRSF11B (interacts with) COL5A2",,"0","1","1","1","0.551219512","0.401632924",,"false","interacts with","TNFRSF11B (interacts with) COL5A2","0","O00300","","P05997",""
"40.202380952380985","","interacts with","0","0.476426154","","SCO1 (interacts with) COL5A2",,"0","1","1","1","0.551219512","0.401632795",,"false","interacts with","SCO1 (interacts with) COL5A2","0","O75880","","P05997",""
"38.08809523809524","","interacts with","0","0.476426232","","COL5A2 (interacts with) SLC25A30",,"1","0","1","1","0.551219512","0.401632951",,"false","interacts with","COL5A2 (interacts with) SLC25A30","0","P05997","","Q5SVS4",""
"39.86904761904763","","interacts with","0","0.476426275","","COL5A2 (interacts with) SLC29A2",,"1","0","1","1","0.551219512","0.401633039",,"false","interacts with","COL5A2 (interacts with) SLC29A2","0","P05997","","Q14542",""
"29.171428571428567","","interacts with","0","0.476426248","","COL5A2 (interacts with) THBD",,"1","0","1","1","0.551219512","0.401632984",,"false","interacts with","COL5A2 (interacts with) THBD","0","P05997","","P07204",""
"38.102380952380976","","interacts with","0","0.476426196","","AKR1B10 (interacts with) COL5A2",,"0","1","1","1","0.551219512","0.40163288",,"false","interacts with","AKR1B10 (interacts with) COL5A2","0","O60218","","P05997",""
"35.49126984126984","","interacts with","0","0.476426286","","COL5A2 (interacts with) CD82",,"1","0","1","1","0.551219512","0.40163306",,"false","interacts with","COL5A2 (interacts with) CD82","0","P05997","","P27701",""
"22.210714285714282","","interacts with","0","0.476426203","","COL5A2 (interacts with) TRIM23",,"1","0","1","1","0.551219512","0.401632894",,"false","interacts with","COL5A2 (interacts with) TRIM23","0","P05997","","P36406",""
"29.78809523809523","","interacts with","0","0.476426152","","COL5A2 (interacts with) ZFP57",,"1","0","1","1","0.551219512","0.401632792",,"false","interacts with","COL5A2 (interacts with) ZFP57","0","P05997","","Q9NU63",""
"23.14920634920633","","interacts with","0","0.476387296","","CYB5RL (interacts with) RABL6",,"0","0","0","1","0.551219512","0.401555079",,"false","interacts with","CYB5RL (interacts with) RABL6","0","Q6IPT4","","Q3YEC7",""
"17.57884615384615","","interacts with","0","0.464192187","","RABL6 (interacts with) TRIM59",,"0","0","0","1","0.526829268","0.401555105",,"false","interacts with","RABL6 (interacts with) TRIM59","0","Q3YEC7","","Q8IWR1",""
"12.32598901098901","","interacts with","0","0.461777029","","RABL6 (interacts with) BOD1L1",,"0","0","0","1","0.52195122","0.401602838",,"false","interacts with","RABL6 (interacts with) BOD1L1","0","Q3YEC7","","Q8NFC6",""
"18.17289377289377","","interacts with","0","0.476387254","","RABL6 (interacts with) ZDHHC11",,"0","0","0","1","0.551219512","0.401554996",,"false","interacts with","RABL6 (interacts with) ZDHHC11","0","Q3YEC7","","Q9H8X9",""
"19.13333333333333","","interacts with","0","0.476387182","","RABL6 (interacts with) MRPL28",,"0","0","0","1","0.551219512","0.401554852",,"false","interacts with","RABL6 (interacts with) MRPL28","0","Q3YEC7","","Q13084",""
"18.46666666666666","","interacts with","0","0.464192647","","RABL6 (interacts with) NBPF6",,"0","0","0","1","0.526829268","0.401556026",,"false","interacts with","RABL6 (interacts with) NBPF6","0","Q3YEC7","","Q5VWK0",""
"20.70555555555555","","interacts with","0","0.476387273","","RABL6 (interacts with) RASGEF1A",,"0","0","0","1","0.551219512","0.401555034",,"false","interacts with","RABL6 (interacts with) RASGEF1A","0","Q3YEC7","","Q8N9B8",""
"17.607539682539677","","interacts with","0","0.46423143","","RABL6 (interacts with) CALHM2",,"0","0","0","1","0.526829268","0.401633591",,"false","interacts with","RABL6 (interacts with) CALHM2","0","Q3YEC7","","Q9HA72",""
"19.9","","interacts with","0","0.476387161","","RABL6 (interacts with) CCNQ",,"0","0","0","1","0.551219512","0.401554809",,"false","interacts with","RABL6 (interacts with) CCNQ","0","Q3YEC7","","Q8N1B3",""
"17.236111111111107","","interacts with","0","0.47638723","","RABL6 (interacts with) CKMT1B",,"0","0","0","1","0.551219512","0.401554949",,"false","interacts with","RABL6 (interacts with) CKMT1B","0","Q3YEC7","","P12532",""
"14.04948107448107","","interacts with","0","0.476387249","","NKAIN1 (interacts with) RABL6",,"0","0","0","1","0.551219512","0.401554986",,"false","interacts with","NKAIN1 (interacts with) RABL6","0","Q4KMZ8","","Q3YEC7",""
"23.05384615384614","","interacts with","0","0.476387298","","RABL6 (interacts with) CGAS",,"0","0","0","1","0.551219512","0.401555084",,"false","interacts with","RABL6 (interacts with) CGAS","0","Q3YEC7","","Q8N884",""
"31.152777777777775","","interacts with","0","0.464192231","","RABL6 (interacts with) DAPP1",,"0","0","0","1","0.526829268","0.401555194",,"false","interacts with","RABL6 (interacts with) DAPP1","0","Q3YEC7","","Q9UN19",""
"20.888888888888886","","interacts with","0","0.476387313","","RABL6 (interacts with) RCOR2",,"0","0","0","1","0.551219512","0.401555113",,"false","interacts with","RABL6 (interacts with) RCOR2","0","Q3YEC7","","Q8IZ40",""
"16.21904761904761","","interacts with","0","0.464192161","","RABL6 (interacts with) ZNF449",,"0","0","0","1","0.526829268","0.401555054",,"false","interacts with","RABL6 (interacts with) ZNF449","0","Q3YEC7","","Q6P9G9",""
"16.555555555555557","","interacts with","0","0.476387119","","ZSCAN22 (interacts with) RABL6",,"0","0","0","1","0.551219512","0.401554727",,"false","interacts with","ZSCAN22 (interacts with) RABL6","0","P10073","","Q3YEC7",""
"21.166666666666664","","interacts with","0","0.47638722","","RABL6 (interacts with) WDR13",,"0","0","0","1","0.551219512","0.401554928",,"false","interacts with","RABL6 (interacts with) WDR13","0","Q3YEC7","","Q9H1Z4",""
"27.466941391941386","","interacts with","0","0.476387228","","RABL6 (interacts with) IL34",,"0","0","0","1","0.551219512","0.401554943",,"false","interacts with","RABL6 (interacts with) IL34","0","Q3YEC7","","Q6ZMJ4",""
"20.020512820512817","","interacts with","0","0.476387422","","RABL6 (interacts with) BECN2",,"0","0","0","1","0.551219512","0.401555332",,"false","interacts with","RABL6 (interacts with) BECN2","0","Q3YEC7","","A8MW95",""
"19.899999999999995","","interacts with","0","0.476387342","","RABL6 (interacts with) OR2A5",,"0","0","0","1","0.551219512","0.401555172",,"false","interacts with","RABL6 (interacts with) OR2A5","0","Q3YEC7","","Q96R48",""
"16.59233821733822","","interacts with","0","0.46419226","","RABL6 (interacts with) ST8SIA4",,"0","0","0","1","0.526829268","0.401555252",,"false","interacts with","RABL6 (interacts with) ST8SIA4","0","Q3YEC7","","Q92187",""
"21.166666666666664","","interacts with","0","0.476387304","","RABL6 (interacts with) ALDH6A1",,"0","0","0","1","0.551219512","0.401555096",,"false","interacts with","RABL6 (interacts with) ALDH6A1","0","Q3YEC7","","Q02252",""
"20.020512820512817","","interacts with","0","0.476387418","","RABL6 (interacts with) KPNA6",,"0","0","0","1","0.551219512","0.401555324",,"false","interacts with","RABL6 (interacts with) KPNA6","0","Q3YEC7","","O60684",""
"17.40039682539682","","interacts with","0","0.476387181","","RABL6 (interacts with) AICDA",,"0","0","0","1","0.551219512","0.40155485",,"false","interacts with","RABL6 (interacts with) AICDA","0","Q3YEC7","","Q9GZX7",""
"20.88888888888889","","interacts with","0","0.476387277","","RABL6 (interacts with) SPATA18",,"0","0","0","1","0.551219512","0.401555042",,"false","interacts with","RABL6 (interacts with) SPATA18","0","Q3YEC7","","Q8TC71",""
"20.566666666666666","","interacts with","0","0.464192216","","RABL6 (interacts with) STK39",,"0","0","0","1","0.526829268","0.401555164",,"false","interacts with","RABL6 (interacts with) STK39","0","Q3YEC7","","Q9UEW8",""
"22.66944444444443","","interacts with","0","0.47638731","","RABL6 (interacts with) B3GNT3",,"0","0","0","1","0.551219512","0.401555108",,"false","interacts with","RABL6 (interacts with) B3GNT3","0","Q3YEC7","","Q9Y2A9",""
"18.691941391941388","","interacts with","0","0.476387234","","RABL6 (interacts with) CLDN12",,"0","0","0","1","0.551219512","0.401554956",,"false","interacts with","RABL6 (interacts with) CLDN12","0","Q3YEC7","","P56749",""
"23.066666666666656","","interacts with","0","0.464192624","","RABL6 (interacts with) NBPF4",,"0","0","0","1","0.526829268","0.40155598",,"false","interacts with","RABL6 (interacts with) NBPF4","0","Q3YEC7","","Q96M43",""
"17.597100122100123","","interacts with","0","0.464231329","","RABL6 (interacts with) CEACAM21",,"0","0","0","1","0.526829268","0.40163339",,"false","interacts with","RABL6 (interacts with) CEACAM21","0","Q3YEC7","","Q3KPI0",""
"16.503888888888888","","interacts with","0","0.461777051","","RABL6 (interacts with) BDP1",,"0","0","0","1","0.52195122","0.401602882",,"false","interacts with","RABL6 (interacts with) BDP1","0","Q3YEC7","","A6H8Y1",""
"18.0780525030525","","interacts with","0","0.476387127","","RABL6 (interacts with) RCN1",,"0","0","0","1","0.551219512","0.401554742",,"false","interacts with","RABL6 (interacts with) RCN1","0","Q3YEC7","","Q15293",""
"18.060714285714283","","interacts with","0","0.476387215","","RABL6 (interacts with) THRB",,"0","0","0","1","0.551219512","0.401554918",,"false","interacts with","RABL6 (interacts with) THRB","0","Q3YEC7","","P10828",""
"18.336111111111112","","interacts with","0","0.476387097","","RABL6 (interacts with) MAPK1IP1L",,"0","0","0","1","0.551219512","0.401554681",,"false","interacts with","RABL6 (interacts with) MAPK1IP1L","0","Q3YEC7","","Q8NDC0",""
"19.799999999999997","","interacts with","0","0.476387204","","RABL6 (interacts with) TNFRSF11B",,"0","0","0","1","0.551219512","0.401554895",,"false","interacts with","RABL6 (interacts with) TNFRSF11B","0","Q3YEC7","","O00300",""
"21.166666666666664","","interacts with","0","0.476387551","","RABL6 (interacts with) SLC29A2",,"0","0","0","1","0.551219512","0.40155559",,"false","interacts with","RABL6 (interacts with) SLC29A2","0","Q3YEC7","","Q14542",""
"19.9","","interacts with","0","0.476387148","","RABL6 (interacts with) AKR1B10",,"0","0","0","1","0.551219512","0.401554784",,"false","interacts with","RABL6 (interacts with) AKR1B10","0","Q3YEC7","","O60218",""
"17.28015873015873","","interacts with","0","0.476387123","","RABL6 (interacts with) ZFP57",,"0","0","0","1","0.551219512","0.401554734",,"false","interacts with","RABL6 (interacts with) ZFP57","0","Q3YEC7","","Q9NU63",""
"36.909047619047634","","interacts with","0","0.464216106","","TCEANC (interacts with) BOD1L1",,"0","0","0","1","0.526829268","0.401602944",,"false","interacts with","TCEANC (interacts with) BOD1L1","0","Q8N8B7","","Q8NFC6",""
"35.20666666666667","","interacts with","0","0.464216113","","TCEANC (interacts with) BDP1",,"0","0","0","1","0.526829268","0.401602958",,"false","interacts with","TCEANC (interacts with) BDP1","0","Q8N8B7","","A6H8Y1",""
"13.833333333333334","","interacts with","0","0.591022225","","TCEANC (interacts with) TRIM23",,"0","0","0","1","0.780487805","0.401556645",,"false","interacts with","TCEANC (interacts with) TRIM23","0","Q8N8B7","","P36406",""
"33.3090476190476","","interacts with","0","0.464255226","","NPY4R (interacts with) BOD1L1",,"0","0","0","1","0.526829268","0.401681184",,"false","interacts with","NPY4R (interacts with) BOD1L1","0","P50391","","Q8NFC6",""
"14.73333333333333","","interacts with","0","0.464192192","","TRMT1 (interacts with) NPY4R",,"0","0","0","1","0.526829268","0.401555115",,"false","interacts with","TRMT1 (interacts with) NPY4R","0","Q9NXH9","","P50391",""
"10.344444444444441","","interacts with","0","0.476426407","","NPY4R (interacts with) MYLK3",,"0","0","0","1","0.551219512","0.401633302",,"false","interacts with","NPY4R (interacts with) MYLK3","0","P50391","","Q32MK0",""
"32.217777777777755","","interacts with","0","0.464255243","","NPY4R (interacts with) BDP1",,"0","0","0","1","0.526829268","0.401681218",,"false","interacts with","NPY4R (interacts with) BDP1","0","P50391","","A6H8Y1",""
"6.871428571428572","","interacts with","0","0.464192153","","CYB5RL (interacts with) UBA2",,"0","0","0","1","0.526829268","0.401555038",,"false","interacts with","CYB5RL (interacts with) UBA2","0","Q6IPT4","","Q9UBT2",""
"34.840476190476174","","interacts with","0","0.464216205","","CYB5RL (interacts with) BOD1L1",,"0","0","0","1","0.526829268","0.401603141",,"false","interacts with","CYB5RL (interacts with) BOD1L1","0","Q6IPT4","","Q8NFC6",""
"16.3468253968254","","interacts with","0","0.464192222","","CYB5RL (interacts with) TRMT1",,"0","0","0","1","0.526829268","0.401555175",,"false","interacts with","CYB5RL (interacts with) TRMT1","0","Q6IPT4","","Q9NXH9",""
"7.421428571428573","","interacts with","0","0.464192351","","CYB5RL (interacts with) AHRR",,"0","0","0","1","0.526829268","0.401555435",,"false","interacts with","CYB5RL (interacts with) AHRR","0","Q6IPT4","","A9YTQ3",""
"6.652380952380953","","interacts with","0","0.469070258","","CYB5RL (interacts with) MARCHF7",,"0","0","0","1","0.536585366","0.40155515",,"false","interacts with","CYB5RL (interacts with) MARCHF7","0","Q6IPT4","","Q9H992",""
"38.24047619047619","","interacts with","0","0.46177705","","BOD1L1 (interacts with) UBA2",,"0","0","0","1","0.52195122","0.40160288",,"false","interacts with","BOD1L1 (interacts with) UBA2","0","Q8NFC6","","Q9UBT2",""
"5.0238095238095255","","interacts with","0","0.464192165","","ZDHHC11 (interacts with) UBA2",,"0","0","0","1","0.526829268","0.401555063",,"false","interacts with","ZDHHC11 (interacts with) UBA2","0","Q9H8X9","","Q9UBT2",""
"10.711904761904762","","interacts with","0","0.476387173","","NKAIN1 (interacts with) UBA2",,"0","0","0","1","0.551219512","0.401554833",,"false","interacts with","NKAIN1 (interacts with) UBA2","0","Q4KMZ8","","Q9UBT2",""
"8.64047619047619","","interacts with","0","0.461792166","","AICDA (interacts with) UBA2",,"0","0","0","1","0.52195122","0.401633112",,"false","interacts with","AICDA (interacts with) UBA2","0","Q9GZX7","","Q9UBT2",""
"5.50952380952381","","interacts with","0","0.476387354","","CLDN12 (interacts with) UBA2",,"0","0","0","1","0.551219512","0.401555196",,"false","interacts with","CLDN12 (interacts with) UBA2","0","P56749","","Q9UBT2",""
"5.723809523809525","","interacts with","0","0.464192164","","SLC25A30 (interacts with) UBA2",,"0","0","0","1","0.526829268","0.40155506",,"false","interacts with","SLC25A30 (interacts with) UBA2","0","Q5SVS4","","Q9UBT2",""
"16.37142857142857","","interacts with","0","0.464192393","","TRIM23 (interacts with) UBA2",,"0","0","0","1","0.526829268","0.401555518",,"false","interacts with","TRIM23 (interacts with) UBA2","0","P36406","","Q9UBT2",""
"26.67571428571427","","interacts with","0","0.464216086","","BOD1L1 (interacts with) TRIM59",,"0","0","0","1","0.526829268","0.401602903",,"false","interacts with","BOD1L1 (interacts with) TRIM59","0","Q8NFC6","","Q8IWR1",""
"7.300000000000002","","interacts with","0","0.464192033","","NKAIN1 (interacts with) TRIM59",,"0","0","0","1","0.526829268","0.401554798",,"false","interacts with","NKAIN1 (interacts with) TRIM59","0","Q4KMZ8","","Q8IWR1",""
"8.931623931623928","","interacts with","0","0.464192195","","TRIM59 (interacts with) MYLK3",,"0","0","0","1","0.526829268","0.401555122",,"false","interacts with","TRIM59 (interacts with) MYLK3","0","Q8IWR1","","Q32MK0",""
"27.251111111111097","","interacts with","0","0.464216082","","BDP1 (interacts with) TRIM59",,"0","0","0","1","0.526829268","0.401602895",,"false","interacts with","BDP1 (interacts with) TRIM59","0","A6H8Y1","","Q8IWR1",""
"10.224999999999998","","interacts with","0","0.464192048","","TRIM23 (interacts with) TRIM59",,"0","0","0","1","0.526829268","0.401554828",,"false","interacts with","TRIM23 (interacts with) TRIM59","0","P36406","","Q8IWR1",""
"38.575714285714284","","interacts with","0","0.46177709","","PDIA2 (interacts with) BOD1L1",,"0","0","0","1","0.52195122","0.401602961",,"false","interacts with","PDIA2 (interacts with) BOD1L1","0","Q13087","","Q8NFC6",""
"36.53999999999999","","interacts with","0","0.464216122","","PDIA2 (interacts with) BDP1",,"0","0","0","1","0.526829268","0.401602976",,"false","interacts with","PDIA2 (interacts with) BDP1","0","Q13087","","A6H8Y1",""
"6.5","","interacts with","0","0.464231247","","CD82 (interacts with) PDIA2",,"0","0","0","1","0.526829268","0.401633225",,"false","interacts with","CD82 (interacts with) PDIA2","0","P27701","","Q13087",""
"33.24238095238094","","interacts with","0","0.464216067","","BOD1L1 (interacts with) PUS1",,"0","0","0","1","0.526829268","0.401602866",,"false","interacts with","BOD1L1 (interacts with) PUS1","0","Q8NFC6","","Q9Y606",""
"33.828095238095216","","interacts with","0","0.464216039","","TBX10 (interacts with) BOD1L1",,"0","0","0","1","0.526829268","0.40160281",,"false","interacts with","TBX10 (interacts with) BOD1L1","0","O75333","","Q8NFC6",""
"26.84238095238093","","interacts with","0","0.464216057","","ZDHHC11 (interacts with) BOD1L1",,"0","0","0","1","0.526829268","0.401602845",,"false","interacts with","ZDHHC11 (interacts with) BOD1L1","0","Q9H8X9","","Q8NFC6",""
"33.409047619047605","","interacts with","0","0.464216082","","BOD1L1 (interacts with) DCP2",,"0","0","0","1","0.526829268","0.401602896",,"false","interacts with","BOD1L1 (interacts with) DCP2","0","Q8NFC6","","Q8IU60",""
"31.04238095238094","","interacts with","0","0.464255237","","MRPL28 (interacts with) BOD1L1",,"0","0","0","1","0.526829268","0.401681206",,"false","interacts with","MRPL28 (interacts with) BOD1L1","0","Q13084","","Q8NFC6",""
"27.109047619047608","","interacts with","0","0.46177705","","BOD1L1 (interacts with) NBPF6",,"0","0","0","1","0.52195122","0.401602881",,"false","interacts with","BOD1L1 (interacts with) NBPF6","0","Q8NFC6","","Q5VWK0",""
"30.709047619047592","","interacts with","0","0.461777128","","RASGEF1A (interacts with) BOD1L1",,"0","0","0","1","0.52195122","0.401603036",,"false","interacts with","RASGEF1A (interacts with) BOD1L1","0","Q8N9B8","","Q8NFC6",""
"26.197142857142843","","interacts with","0","0.464216183","","BOD1L1 (interacts with) CALHM2",,"0","0","0","1","0.526829268","0.401603097",,"false","interacts with","BOD1L1 (interacts with) CALHM2","0","Q8NFC6","","Q9HA72",""
"32.142380952380954","","interacts with","0","0.464216214","","CCNQ (interacts with) BOD1L1",,"0","0","0","1","0.526829268","0.40160316",,"false","interacts with","CCNQ (interacts with) BOD1L1","0","Q8N1B3","","Q8NFC6",""
"36.242380952380984","","interacts with","0","0.464216048","","KIAA0513 (interacts with) BOD1L1",,"0","0","0","1","0.526829268","0.401602828",,"false","interacts with","KIAA0513 (interacts with) BOD1L1","0","O60268","","Q8NFC6",""
"22.441587301587294","","interacts with","0","0.461777007","","TRMT1 (interacts with) BOD1L1",,"0","0","0","1","0.52195122","0.401602794",,"false","interacts with","TRMT1 (interacts with) BOD1L1","0","Q9NXH9","","Q8NFC6",""
"26.342380952380946","","interacts with","0","0.464216196","","CKMT1B (interacts with) BOD1L1",,"0","0","0","1","0.526829268","0.401603124",,"false","interacts with","CKMT1B (interacts with) BOD1L1","0","P12532","","Q8NFC6",""
"18.53523809523809","","interacts with","0","0.464216132","","NKAIN1 (interacts with) BOD1L1",,"0","0","0","1","0.526829268","0.401602996",,"false","interacts with","NKAIN1 (interacts with) BOD1L1","0","Q4KMZ8","","Q8NFC6",""
"36.769047619047626","","interacts with","0","0.461777071","","CGAS (interacts with) BOD1L1",,"0","0","0","1","0.52195122","0.401602923",,"false","interacts with","CGAS (interacts with) BOD1L1","0","Q8N884","","Q8NFC6",""
"32.075714285714284","","interacts with","0","0.461777091","","RCOR2 (interacts with) BOD1L1",,"0","0","0","1","0.52195122","0.401602962",,"false","interacts with","RCOR2 (interacts with) BOD1L1","0","Q8IZ40","","Q8NFC6",""
"33.77571428571428","","interacts with","0","0.461777159","","BOD1L1 (interacts with) CYP26B1",,"0","0","0","1","0.52195122","0.401603099",,"false","interacts with","BOD1L1 (interacts with) CYP26B1","0","Q8NFC6","","Q9NR63",""
"32.64238095238094","","interacts with","0","0.461777016","","MARCHF7 (interacts with) BOD1L1",,"0","0","0","1","0.52195122","0.401602812",,"false","interacts with","MARCHF7 (interacts with) BOD1L1","0","Q9H992","","Q8NFC6",""
"25.299523809523787","","interacts with","0","0.461777037","","BOD1L1 (interacts with) ZNF449",,"0","0","0","1","0.52195122","0.401602854",,"false","interacts with","BOD1L1 (interacts with) ZNF449","0","Q8NFC6","","Q6P9G9",""
"36.142380952380975","","interacts with","0","0.461777114","","TCP11X1 (interacts with) BOD1L1",,"0","0","0","1","0.52195122","0.401603009",,"false","interacts with","TCP11X1 (interacts with) BOD1L1","0","B4DZS4","","Q8NFC6",""
"23.709047619047613","","interacts with","0","0.461777133","","ZSCAN22 (interacts with) BOD1L1",,"0","0","0","1","0.52195122","0.401603046",,"false","interacts with","ZSCAN22 (interacts with) BOD1L1","0","P10073","","Q8NFC6",""
"33.909047619047605","","interacts with","0","0.461777037","","WDR13 (interacts with) BOD1L1",,"0","0","0","1","0.52195122","0.401602854",,"false","interacts with","WDR13 (interacts with) BOD1L1","0","Q9H1Z4","","Q8NFC6",""
"30.775714285714262","","interacts with","0","0.4642161","","BECN2 (interacts with) BOD1L1",,"0","0","0","1","0.526829268","0.401602932",,"false","interacts with","BECN2 (interacts with) BOD1L1","0","A8MW95","","Q8NFC6",""
"32.14238095238092","","interacts with","0","0.464216176","","OR2A5 (interacts with) BOD1L1",,"0","0","0","1","0.526829268","0.401603083",,"false","interacts with","OR2A5 (interacts with) BOD1L1","0","Q96R48","","Q8NFC6",""
"24.413809523809523","","interacts with","0","0.464216097","","BOD1L1 (interacts with) ST8SIA4",,"0","0","0","1","0.526829268","0.401602925",,"false","interacts with","BOD1L1 (interacts with) ST8SIA4","0","Q8NFC6","","Q92187",""
"33.90904761904763","","interacts with","0","0.461777035","","ALDH6A1 (interacts with) BOD1L1",,"0","0","0","1","0.52195122","0.40160285",,"false","interacts with","ALDH6A1 (interacts with) BOD1L1","0","Q02252","","Q8NFC6",""
"30.775714285714283","","interacts with","0","0.461777216","","KPNA6 (interacts with) BOD1L1",,"0","0","0","1","0.52195122","0.401603213",,"false","interacts with","KPNA6 (interacts with) BOD1L1","0","O60684","","Q8NFC6",""
"22.006666666666664","","interacts with","0","0.464255214","","AICDA (interacts with) BOD1L1",,"0","0","0","1","0.526829268","0.40168116",,"false","interacts with","AICDA (interacts with) BOD1L1","0","Q9GZX7","","Q8NFC6",""
"39.90904761904765","","interacts with","0","0.461777059","","ZNF454 (interacts with) BOD1L1",,"0","0","0","1","0.52195122","0.401602898",,"false","interacts with","ZNF454 (interacts with) BOD1L1","0","Q8N9F8","","Q8NFC6",""
"29.094322344322336","","interacts with","0","0.461777092","","BOD1L1 (interacts with) MYLK3",,"0","0","0","1","0.52195122","0.401602965",,"false","interacts with","BOD1L1 (interacts with) MYLK3","0","Q8NFC6","","Q32MK0",""
"32.075714285714284","","interacts with","0","0.461777079","","SPATA18 (interacts with) BOD1L1",,"0","0","0","1","0.52195122","0.401602939",,"false","interacts with","SPATA18 (interacts with) BOD1L1","0","Q8TC71","","Q8NFC6",""
"32.642380952380954","","interacts with","0","0.46177702","","STK39 (interacts with) BOD1L1",,"0","0","0","1","0.52195122","0.40160282",,"false","interacts with","STK39 (interacts with) BOD1L1","0","Q9UEW8","","Q8NFC6",""
"35.802380952380986","","interacts with","0","0.464255316","","B3GNT3 (interacts with) BOD1L1",,"0","0","0","1","0.526829268","0.401681364",,"false","interacts with","B3GNT3 (interacts with) BOD1L1","0","Q9Y2A9","","Q8NFC6",""
"27.628095238095224","","interacts with","0","0.464216176","","CLDN12 (interacts with) BOD1L1",,"0","0","0","1","0.526829268","0.401603083",,"false","interacts with","CLDN12 (interacts with) BOD1L1","0","P56749","","Q8NFC6",""
"38.26904761904764","","interacts with","0","0.461777146","","NBPF4 (interacts with) BOD1L1",,"0","0","0","1","0.52195122","0.401603072",,"false","interacts with","NBPF4 (interacts with) BOD1L1","0","Q96M43","","Q8NFC6",""
"25.36857142857143","","interacts with","0","0.464216171","","BOD1L1 (interacts with) CEACAM21",,"0","0","0","1","0.526829268","0.401603073",,"false","interacts with","BOD1L1 (interacts with) CEACAM21","0","Q8NFC6","","Q3KPI0",""
"34.77571428571428","","interacts with","0","0.461777061","","BOD1L1 (interacts with) TCP11X2",,"0","0","0","1","0.52195122","0.401602903",,"false","interacts with","BOD1L1 (interacts with) TCP11X2","0","Q8NFC6","","Q5H9J9",""
"28.294761904761888","","interacts with","0","0.464216106","","BOD1L1 (interacts with) SYPL1",,"0","0","0","1","0.526829268","0.401602943",,"false","interacts with","BOD1L1 (interacts with) SYPL1","0","Q8NFC6","","Q16563",""
"25.399523809523803","","interacts with","0","0.464255262","","RCN1 (interacts with) BOD1L1",,"0","0","0","1","0.526829268","0.401681255",,"false","interacts with","RCN1 (interacts with) BOD1L1","0","Q15293","","Q8NFC6",""
"25.0947619047619","","interacts with","0","0.461777039","","BOD1L1 (interacts with) THRB",,"0","0","0","1","0.52195122","0.401602859",,"false","interacts with","BOD1L1 (interacts with) THRB","0","Q8NFC6","","P10828",""
"27.97571428571428","","interacts with","0","0.464216168","","BOD1L1 (interacts with) MAPK1IP1L",,"0","0","0","1","0.526829268","0.401603068",,"false","interacts with","BOD1L1 (interacts with) MAPK1IP1L","0","Q8NFC6","","Q8NDC0",""
"31.042380952380938","","interacts with","0","0.464255196","","TNFRSF11B (interacts with) BOD1L1",,"0","0","0","1","0.526829268","0.401681123",,"false","interacts with","TNFRSF11B (interacts with) BOD1L1","0","O00300","","Q8NFC6",""
"38.24238095238096","","interacts with","0","0.464216098","","SCO1 (interacts with) BOD1L1",,"0","0","0","1","0.526829268","0.401602928",,"false","interacts with","SCO1 (interacts with) BOD1L1","0","O75880","","Q8NFC6",""
"31.46142857142854","","interacts with","0","0.464216117","","SLC25A30 (interacts with) BOD1L1",,"0","0","0","1","0.526829268","0.401602965",,"false","interacts with","SLC25A30 (interacts with) BOD1L1","0","Q5SVS4","","Q8NFC6",""
"33.90904761904763","","interacts with","0","0.461777106","","SLC29A2 (interacts with) BOD1L1",,"0","0","0","1","0.52195122","0.401602993",,"false","interacts with","SLC29A2 (interacts with) BOD1L1","0","Q14542","","Q8NFC6",""
"27.763809523809517","","interacts with","0","0.461777032","","BOD1L1 (interacts with) THBD",,"0","0","0","1","0.52195122","0.401602845",,"false","interacts with","BOD1L1 (interacts with) THBD","0","Q8NFC6","","P07204",""
"32.14238095238095","","interacts with","0","0.464216234","","AKR1B10 (interacts with) BOD1L1",,"0","0","0","1","0.526829268","0.4016032",,"false","interacts with","AKR1B10 (interacts with) BOD1L1","0","O60218","","Q8NFC6",""
"29.864603174603157","","interacts with","0","0.464255329","","CD82 (interacts with) BOD1L1",,"0","0","0","1","0.526829268","0.401681389",,"false","interacts with","CD82 (interacts with) BOD1L1","0","P27701","","Q8NFC6",""
"23.953095238095237","","interacts with","0","0.461777022","","TRIM23 (interacts with) BOD1L1",,"0","0","0","1","0.52195122","0.401602825",,"false","interacts with","TRIM23 (interacts with) BOD1L1","0","P36406","","Q8NFC6",""
"26.94714285714285","","interacts with","0","0.461777033","","BOD1L1 (interacts with) ZFP57",,"0","0","0","1","0.52195122","0.401602847",,"false","interacts with","BOD1L1 (interacts with) ZFP57","0","Q8NFC6","","Q9NU63",""
"15.333333333333334","","interacts with","0","0.476387022","","TRMT1 (interacts with) PUS1",,"0","0","0","1","0.551219512","0.401554532",,"false","interacts with","TRMT1 (interacts with) PUS1","0","Q9NXH9","","Q9Y606",""
"9.333333333333334","","interacts with","0","0.469070309","","NKAIN1 (interacts with) PUS1",,"0","0","0","1","0.536585366","0.401555251",,"false","interacts with","NKAIN1 (interacts with) PUS1","0","Q4KMZ8","","Q9Y606",""
"32.039999999999985","","interacts with","0","0.464216058","","BDP1 (interacts with) PUS1",,"0","0","0","1","0.526829268","0.401602849",,"false","interacts with","BDP1 (interacts with) PUS1","0","A6H8Y1","","Q9Y606",""
"7.135714285714286","","interacts with","0","0.476387184","","TBX10 (interacts with) AHRR",,"0","0","0","1","0.551219512","0.401554855",,"false","interacts with","TBX10 (interacts with) AHRR","0","O75333","","A9YTQ3",""
"8.366666666666667","","interacts with","0","0.464192397","","ZSCAN22 (interacts with) TBX10",,"0","0","0","1","0.526829268","0.401555526",,"false","interacts with","ZSCAN22 (interacts with) TBX10","0","P10073","","O75333",""
"11.327777777777774","","interacts with","0","0.476387152","","TBX10 (interacts with) MYLK3",,"0","0","0","1","0.551219512","0.401554792",,"false","interacts with","TBX10 (interacts with) MYLK3","0","O75333","","Q32MK0",""
"32.117777777777754","","interacts with","0","0.464216036","","TBX10 (interacts with) BDP1",,"0","0","0","1","0.526829268","0.401602804",,"false","interacts with","TBX10 (interacts with) BDP1","0","O75333","","A6H8Y1",""
"3.8","","interacts with","0","0.469070169","","ZDHHC11 (interacts with) NBPF6",,"0","0","0","1","0.536585366","0.401554971",,"false","interacts with","ZDHHC11 (interacts with) NBPF6","0","Q9H8X9","","Q5VWK0",""
"6.866666666666669","","interacts with","0","0.476387294","","NKAIN1 (interacts with) ZDHHC11",,"0","0","0","1","0.551219512","0.401555076",,"false","interacts with","NKAIN1 (interacts with) ZDHHC11","0","Q4KMZ8","","Q9H8X9",""
"10.317338217338213","","interacts with","0","0.47638719","","ZDHHC11 (interacts with) MYLK3",,"0","0","0","1","0.551219512","0.401554867",,"false","interacts with","ZDHHC11 (interacts with) MYLK3","0","Q9H8X9","","Q32MK0",""
"28.703492063492046","","interacts with","0","0.464216057","","ZDHHC11 (interacts with) BDP1",,"0","0","0","1","0.526829268","0.401602845",,"false","interacts with","ZDHHC11 (interacts with) BDP1","0","Q9H8X9","","A6H8Y1",""
"8.38888888888889","","interacts with","0","0.464192181","","DGLUCY (interacts with) IL34",,"0","0","0","1","0.526829268","0.401555093",,"false","interacts with","DGLUCY (interacts with) IL34","0","Q7Z3D6","","Q6ZMJ4",""
"51.3888888888889","","interacts with","0","0.461777148","","DGLUCY (interacts with) BDP1",,"0","0","0","1","0.52195122","0.401603077",,"false","interacts with","DGLUCY (interacts with) BDP1","0","Q7Z3D6","","A6H8Y1",""
"5.833333333333333","","interacts with","0","0.476387044","","SCO1 (interacts with) DGLUCY",,"0","0","0","1","0.551219512","0.401554575",,"false","interacts with","SCO1 (interacts with) DGLUCY","0","O75880","","Q7Z3D6",""
"14.266666666666666","","interacts with","0","0.464191911","","TRMT1 (interacts with) DCP2",,"0","0","0","1","0.526829268","0.401554553",,"false","interacts with","TRMT1 (interacts with) DCP2","0","Q9NXH9","","Q8IU60",""
"31.706666666666646","","interacts with","0","0.464216055","","BDP1 (interacts with) DCP2",,"0","0","0","1","0.526829268","0.401602842",,"false","interacts with","BDP1 (interacts with) DCP2","0","A6H8Y1","","Q8IU60",""
"11.599999999999998","","interacts with","0","0.464192298","","TRIM23 (interacts with) DCP2",,"0","0","0","1","0.526829268","0.401555328",,"false","interacts with","TRIM23 (interacts with) DCP2","0","P36406","","Q8IU60",""
"4.066666666666666","","interacts with","0","0.464192129","","CGAS (interacts with) MRPL28",,"0","0","0","1","0.526829268","0.401554989",,"false","interacts with","CGAS (interacts with) MRPL28","0","Q8N884","","Q13084",""
"6.9","","interacts with","0","0.464192249","","ZSCAN22 (interacts with) MRPL28",,"0","0","0","1","0.526829268","0.401555229",,"false","interacts with","ZSCAN22 (interacts with) MRPL28","0","P10073","","Q13084",""
"32.00666666666666","","interacts with","0","0.464255246","","MRPL28 (interacts with) BDP1",,"0","0","0","1","0.526829268","0.401681223",,"false","interacts with","MRPL28 (interacts with) BDP1","0","Q13084","","A6H8Y1",""
"4.502380952380952","","interacts with","0","0.464192226","","NBPF6 (interacts with) CALHM2",,"0","0","0","1","0.526829268","0.401555183",,"false","interacts with","NBPF6 (interacts with) CALHM2","0","Q5VWK0","","Q9HA72",""
"8.41904761904762","","interacts with","0","0.476387156","","NKAIN1 (interacts with) NBPF6",,"0","0","0","1","0.551219512","0.4015548",,"false","interacts with","NKAIN1 (interacts with) NBPF6","0","Q4KMZ8","","Q5VWK0",""
"7.335714285714286","","interacts with","0","0.469109213","","AICDA (interacts with) NBPF6",,"0","0","0","1","0.536585366","0.40163306",,"false","interacts with","AICDA (interacts with) NBPF6","0","Q9GZX7","","Q5VWK0",""
"27.67333333333332","","interacts with","0","0.461777088","","BDP1 (interacts with) NBPF6",,"0","0","0","1","0.52195122","0.401602956",,"false","interacts with","BDP1 (interacts with) NBPF6","0","A6H8Y1","","Q5VWK0",""
"4.985714285714287","","interacts with","0","0.476387258","","SLC25A30 (interacts with) NBPF6",,"0","0","0","1","0.551219512","0.401555003",,"false","interacts with","SLC25A30 (interacts with) NBPF6","0","Q5SVS4","","Q5VWK0",""
"5.116666666666667","","interacts with","0","0.461753134","","MARCHF7 (interacts with) RASGEF1A",,"0","0","0","1","0.52195122","0.401555049",,"false","interacts with","MARCHF7 (interacts with) RASGEF1A","0","Q9H992","","Q8N9B8",""
"30.17333333333331","","interacts with","0","0.464216167","","RASGEF1A (interacts with) BDP1",,"0","0","0","1","0.526829268","0.401603065",,"false","interacts with","RASGEF1A (interacts with) BDP1","0","Q8N9B8","","A6H8Y1",""
"6.38888888888889","","interacts with","0","0.476426373","","CD82 (interacts with) RASGEF1A",,"0","0","0","1","0.551219512","0.401633233",,"false","interacts with","CD82 (interacts with) RASGEF1A","0","P27701","","Q8N9B8",""
"12.33253968253968","","interacts with","0","0.476387167","","TRMT1 (interacts with) CALHM2",,"0","0","0","1","0.551219512","0.401554821",,"false","interacts with","TRMT1 (interacts with) CALHM2","0","Q9NXH9","","Q9HA72",""
"25.528095238095233","","interacts with","0","0.464216083","","BDP1 (interacts with) CALHM2",,"0","0","0","1","0.526829268","0.401602898",,"false","interacts with","BDP1 (interacts with) CALHM2","0","A6H8Y1","","Q9HA72",""
"5.419047619047619","","interacts with","0","0.461753335","","THBD (interacts with) CALHM2",,"0","0","0","1","0.52195122","0.40155545",,"false","interacts with","THBD (interacts with) CALHM2","0","P07204","","Q9HA72",""
"10.64642857142857","","interacts with","0","0.464191977","","TRIM23 (interacts with) CALHM2",,"0","0","0","1","0.526829268","0.401554686",,"false","interacts with","TRIM23 (interacts with) CALHM2","0","P36406","","Q9HA72",""
"6.3999999999999995","","interacts with","0","0.476387302","","ZSCAN22 (interacts with) CCNQ",,"0","0","0","1","0.551219512","0.401555091",,"false","interacts with","ZSCAN22 (interacts with) CCNQ","0","P10073","","Q8N1B3",""
"31.606666666666666","","interacts with","0","0.464216176","","CCNQ (interacts with) BDP1",,"0","0","0","1","0.526829268","0.401603083",,"false","interacts with","CCNQ (interacts with) BDP1","0","Q8N1B3","","A6H8Y1",""
"16.5","","interacts with","0","0.464191983","","KIAA0513 (interacts with) TRMT1",,"0","0","0","1","0.526829268","0.401554698",,"false","interacts with","KIAA0513 (interacts with) TRMT1","0","O60268","","Q9NXH9",""
"34.20666666666669","","interacts with","0","0.464216059","","KIAA0513 (interacts with) BDP1",,"0","0","0","1","0.526829268","0.401602849",,"false","interacts with","KIAA0513 (interacts with) BDP1","0","O60268","","A6H8Y1",""
"14.169047619047618","","interacts with","0","0.461753381","","TRMT1 (interacts with) AHRR",,"0","0","0","1","0.52195122","0.401555542",,"false","interacts with","TRMT1 (interacts with) AHRR","0","Q9NXH9","","A9YTQ3",""
"12.211111111111109","","interacts with","0","0.476387131","","TRMT1 (interacts with) CKMT1B",,"0","0","0","1","0.551219512","0.401554749",,"false","interacts with","TRMT1 (interacts with) CKMT1B","0","Q9NXH9","","P12532",""
"12.115873015873014","","interacts with","0","0.469070225","","NKAIN1 (interacts with) TRMT1",,"0","0","0","1","0.536585366","0.401555085",,"false","interacts with","NKAIN1 (interacts with) TRMT1","0","Q4KMZ8","","Q9NXH9",""
"18.1","","interacts with","0","0.476387185","","TRMT1 (interacts with) HDHD5",,"0","0","0","1","0.551219512","0.401554857",,"false","interacts with","TRMT1 (interacts with) HDHD5","0","Q9NXH9","","Q9BXW7",""
"18.211111111111112","","interacts with","0","0.476387108","","TRMT1 (interacts with) DAPP1",,"0","0","0","1","0.551219512","0.401554704",,"false","interacts with","TRMT1 (interacts with) DAPP1","0","Q9NXH9","","Q9UN19",""
"15.450000000000001","","interacts with","0","0.46419239","","TRMT1 (interacts with) CYP26B1",,"0","0","0","1","0.526829268","0.401555512",,"false","interacts with","TRMT1 (interacts with) CYP26B1","0","Q9NXH9","","Q9NR63",""
"13.182539682539677","","interacts with","0","0.461752978","","TRMT1 (interacts with) ZNF449",,"0","0","0","1","0.52195122","0.401554736",,"false","interacts with","TRMT1 (interacts with) ZNF449","0","Q9NXH9","","Q6P9G9",""
"14.088095238095235","","interacts with","0","0.476387173","","TRMT1 (interacts with) IL34",,"0","0","0","1","0.551219512","0.401554833",,"false","interacts with","TRMT1 (interacts with) IL34","0","Q9NXH9","","Q6ZMJ4",""
"11.13015873015873","","interacts with","0","0.464192001","","TRMT1 (interacts with) ST8SIA4",,"0","0","0","1","0.526829268","0.401554733",,"false","interacts with","TRMT1 (interacts with) ST8SIA4","0","Q9NXH9","","Q92187",""
"13.506349206349206","","interacts with","0","0.476387121","","TRMT1 (interacts with) AICDA",,"0","0","0","1","0.551219512","0.401554731",,"false","interacts with","TRMT1 (interacts with) AICDA","0","Q9NXH9","","Q9GZX7",""
"13.594444444444445","","interacts with","0","0.476387076","","TRMT1 (interacts with) MYLK3",,"0","0","0","1","0.551219512","0.40155464",,"false","interacts with","TRMT1 (interacts with) MYLK3","0","Q9NXH9","","Q32MK0",""
"15.977777777777778","","interacts with","0","0.476387247","","TRMT1 (interacts with) B3GNT3",,"0","0","0","1","0.551219512","0.401554982",,"false","interacts with","TRMT1 (interacts with) B3GNT3","0","Q9NXH9","","Q9Y2A9",""
"14.700000000000003","","interacts with","0","0.476387066","","TRMT1 (interacts with) CADM4",,"0","0","0","1","0.551219512","0.401554619",,"false","interacts with","TRMT1 (interacts with) CADM4","0","Q9NXH9","","Q8NFZ8",""
"10.237301587301587","","interacts with","0","0.476387086","","TRMT1 (interacts with) CEACAM21",,"0","0","0","1","0.551219512","0.401554659",,"false","interacts with","TRMT1 (interacts with) CEACAM21","0","Q9NXH9","","Q3KPI0",""
"11.552380952380952","","interacts with","0","0.476387093","","TRMT1 (interacts with) SYPL1",,"0","0","0","1","0.551219512","0.401554674",,"false","interacts with","TRMT1 (interacts with) SYPL1","0","Q9NXH9","","Q16563",""
"20.401111111111103","","interacts with","0","0.461777003","","TRMT1 (interacts with) BDP1",,"0","0","0","1","0.52195122","0.401602786",,"false","interacts with","TRMT1 (interacts with) BDP1","0","Q9NXH9","","A6H8Y1",""
"10.415873015873014","","interacts with","0","0.476387029","","TRMT1 (interacts with) RCN1",,"0","0","0","1","0.551219512","0.401554545",,"false","interacts with","TRMT1 (interacts with) RCN1","0","Q9NXH9","","Q15293",""
"13.146825396825394","","interacts with","0","0.464191959","","TRMT1 (interacts with) THRB",,"0","0","0","1","0.526829268","0.401554649",,"false","interacts with","TRMT1 (interacts with) THRB","0","Q9NXH9","","P10828",""
"13.044444444444443","","interacts with","0","0.476387166","","TRMT1 (interacts with) MAPK1IP1L",,"0","0","0","1","0.551219512","0.401554819",,"false","interacts with","TRMT1 (interacts with) MAPK1IP1L","0","Q9NXH9","","Q8NDC0",""
"10.752380952380953","","interacts with","0","0.461752942","","TRMT1 (interacts with) THBD",,"0","0","0","1","0.52195122","0.401554664",,"false","interacts with","TRMT1 (interacts with) THBD","0","Q9NXH9","","P07204",""
"12.480158730158728","","interacts with","0","0.464191923","","TRMT1 (interacts with) ZFP57",,"0","0","0","1","0.526829268","0.401554579",,"false","interacts with","TRMT1 (interacts with) ZFP57","0","Q9NXH9","","Q9NU63",""
"7.957936507936508","","interacts with","0","0.476387397","","IL34 (interacts with) AHRR",,"0","0","0","1","0.551219512","0.401555282",,"false","interacts with","IL34 (interacts with) AHRR","0","Q6ZMJ4","","A9YTQ3",""
"5.669047619047619","","interacts with","0","0.464192112","","AHRR (interacts with) ST8SIA4",,"0","0","0","1","0.526829268","0.401554955",,"false","interacts with","AHRR (interacts with) ST8SIA4","0","A9YTQ3","","Q92187",""
"9.10952380952381","","interacts with","0","0.476387116","","AICDA (interacts with) AHRR",,"0","0","0","1","0.551219512","0.40155472",,"false","interacts with","AICDA (interacts with) AHRR","0","Q9GZX7","","A9YTQ3",""
"5.466666666666669","","interacts with","0","0.476387419","","AHRR (interacts with) CADM4",,"0","0","0","1","0.551219512","0.401555325",,"false","interacts with","AHRR (interacts with) CADM4","0","A9YTQ3","","Q8NFZ8",""
"5.64047619047619","","interacts with","0","0.476387186","","AHRR (interacts with) CEACAM21",,"0","0","0","1","0.551219512","0.40155486",,"false","interacts with","AHRR (interacts with) CEACAM21","0","A9YTQ3","","Q3KPI0",""
"38.855555555555576","","interacts with","0","0.461777113","","BDP1 (interacts with) AHRR",,"0","0","0","1","0.52195122","0.401603007",,"false","interacts with","BDP1 (interacts with) AHRR","0","A6H8Y1","","A9YTQ3",""
"5.788095238095239","","interacts with","0","0.464231161","","RCN1 (interacts with) AHRR",,"0","0","0","1","0.526829268","0.401633053",,"false","interacts with","RCN1 (interacts with) AHRR","0","Q15293","","A9YTQ3",""
"7.1333333333333355","","interacts with","0","0.46175325","","NKAIN1 (interacts with) CKMT1B",,"0","0","0","1","0.52195122","0.40155528",,"false","interacts with","NKAIN1 (interacts with) CKMT1B","0","Q4KMZ8","","P12532",""
"26.006666666666664","","interacts with","0","0.46421618","","CKMT1B (interacts with) BDP1",,"0","0","0","1","0.526829268","0.401603092",,"false","interacts with","CKMT1B (interacts with) BDP1","0","P12532","","A6H8Y1",""
"9.924999999999999","","interacts with","0","0.461752918","","TRIM23 (interacts with) CKMT1B",,"0","0","0","1","0.52195122","0.401554617",,"false","interacts with","TRIM23 (interacts with) CKMT1B","0","P36406","","P12532",""
"7.754761904761906","","interacts with","0","0.476387218","","NKAIN1 (interacts with) ZNF449",,"0","0","0","1","0.551219512","0.401554924",,"false","interacts with","NKAIN1 (interacts with) ZNF449","0","Q4KMZ8","","Q6P9G9",""
"10.271428571428572","","interacts with","0","0.47638742","","ZSCAN22 (interacts with) NKAIN1",,"0","0","0","1","0.551219512","0.401555327",,"false","interacts with","ZSCAN22 (interacts with) NKAIN1","0","P10073","","Q4KMZ8",""
"10.460195360195357","","interacts with","0","0.476387157","","NKAIN1 (interacts with) MYLK3",,"0","0","0","1","0.551219512","0.401554802",,"false","interacts with","NKAIN1 (interacts with) MYLK3","0","Q4KMZ8","","Q32MK0",""
"10.566666666666668","","interacts with","0","0.476387265","","NKAIN1 (interacts with) NBPF4",,"0","0","0","1","0.551219512","0.401555018",,"false","interacts with","NKAIN1 (interacts with) NBPF4","0","Q4KMZ8","","Q96M43",""
"7.4333333333333345","","interacts with","0","0.461753851","","NKAIN1 (interacts with) SYPL1",,"0","0","0","1","0.52195122","0.401556482",,"false","interacts with","NKAIN1 (interacts with) SYPL1","0","Q4KMZ8","","Q16563",""
"20.663015873015866","","interacts with","0","0.464216207","","NKAIN1 (interacts with) BDP1",,"0","0","0","1","0.526829268","0.401603145",,"false","interacts with","NKAIN1 (interacts with) BDP1","0","Q4KMZ8","","A6H8Y1",""
"9.133333333333333","","interacts with","0","0.464192241","","NKAIN1 (interacts with) TNFRSF11B",,"0","0","0","1","0.526829268","0.401555213",,"false","interacts with","NKAIN1 (interacts with) TNFRSF11B","0","Q4KMZ8","","O00300",""
"8.785714285714285","","interacts with","0","0.476387261","","NKAIN1 (interacts with) THBD",,"0","0","0","1","0.551219512","0.401555009",,"false","interacts with","NKAIN1 (interacts with) THBD","0","Q4KMZ8","","P07204",""
"11.39642857142857","","interacts with","0","0.469070253","","TRIM23 (interacts with) NKAIN1",,"0","0","0","1","0.536585366","0.40155514",,"false","interacts with","TRIM23 (interacts with) NKAIN1","0","P36406","","Q4KMZ8",""
"8.469047619047618","","interacts with","0","0.46907035","","NKAIN1 (interacts with) ZFP57",,"0","0","0","1","0.536585366","0.401555334",,"false","interacts with","NKAIN1 (interacts with) ZFP57","0","Q4KMZ8","","Q9NU63",""
"8.799999999999999","","interacts with","0","0.47638722","","CGAS (interacts with) AICDA",,"0","0","0","1","0.551219512","0.401554928",,"false","interacts with","CGAS (interacts with) AICDA","0","Q8N884","","Q9GZX7",""
"13.553846153846154","","interacts with","0","0.476426288","","CGAS (interacts with) MYLK3",,"0","0","0","1","0.551219512","0.401633064",,"false","interacts with","CGAS (interacts with) MYLK3","0","Q8N884","","Q32MK0",""
"43.333333333333336","","interacts with","0","0.464216172","","BDP1 (interacts with) HDHD5",,"0","0","0","1","0.526829268","0.401603075",,"false","interacts with","BDP1 (interacts with) HDHD5","0","A6H8Y1","","Q9BXW7",""
"14.766666666666671","","interacts with","0","0.464192014","","TRIM23 (interacts with) HDHD5",,"0","0","0","1","0.526829268","0.401554759",,"false","interacts with","TRIM23 (interacts with) HDHD5","0","P36406","","Q9BXW7",""
"6.95","","interacts with","0","0.464231168","","THBD (interacts with) DAPP1",,"0","0","0","1","0.526829268","0.401633067",,"false","interacts with","THBD (interacts with) DAPP1","0","P07204","","Q9UN19",""
"15.091666666666665","","interacts with","0","0.476387049","","TRIM23 (interacts with) DAPP1",,"0","0","0","1","0.551219512","0.401554587",,"false","interacts with","TRIM23 (interacts with) DAPP1","0","P36406","","Q9UN19",""
"31.373333333333328","","interacts with","0","0.464216124","","RCOR2 (interacts with) BDP1",,"0","0","0","1","0.526829268","0.401602981",,"false","interacts with","RCOR2 (interacts with) BDP1","0","Q8IZ40","","A6H8Y1",""
"6.222222222222223","","interacts with","0","0.476426375","","CD82 (interacts with) RCOR2",,"0","0","0","1","0.551219512","0.401633238",,"false","interacts with","CD82 (interacts with) RCOR2","0","P27701","","Q8IZ40",""
"5.450000000000001","","interacts with","0","0.461753419","","MARCHF7 (interacts with) CYP26B1",,"0","0","0","1","0.52195122","0.401555619",,"false","interacts with","MARCHF7 (interacts with) CYP26B1","0","Q9H992","","Q9NR63",""
"31.906666666666656","","interacts with","0","0.464216199","","BDP1 (interacts with) CYP26B1",,"0","0","0","1","0.526829268","0.401603129",,"false","interacts with","BDP1 (interacts with) CYP26B1","0","A6H8Y1","","Q9NR63",""
"4.5","","interacts with","0","0.464192404","","RCN1 (interacts with) CYP26B1",,"0","0","0","1","0.526829268","0.401555541",,"false","interacts with","RCN1 (interacts with) CYP26B1","0","Q15293","","Q9NR63",""
"7.771428571428572","","interacts with","0","0.469070287","","MARCHF7 (interacts with) AICDA",,"0","0","0","1","0.536585366","0.401555208",,"false","interacts with","MARCHF7 (interacts with) AICDA","0","Q9H992","","Q9GZX7",""
"4.800000000000001","","interacts with","0","0.461753431","","MARCHF7 (interacts with) TCP11X2",,"0","0","0","1","0.52195122","0.401555643",,"false","interacts with","MARCHF7 (interacts with) TCP11X2","0","Q9H992","","Q5H9J9",""
"32.33999999999998","","interacts with","0","0.461777016","","MARCHF7 (interacts with) BDP1",,"0","0","0","1","0.52195122","0.401602812",,"false","interacts with","MARCHF7 (interacts with) BDP1","0","Q9H992","","A6H8Y1",""
"5.385714285714287","","interacts with","0","0.46175312","","MARCHF7 (interacts with) THRB",,"0","0","0","1","0.52195122","0.40155502",,"false","interacts with","MARCHF7 (interacts with) THRB","0","Q9H992","","P10828",""
"6.366666666666667","","interacts with","0","0.469070075","","MARCHF7 (interacts with) ZFP57",,"0","0","0","1","0.536585366","0.401554783",,"false","interacts with","MARCHF7 (interacts with) ZFP57","0","Q9H992","","Q9NU63",""
"6.466666666666668","","interacts with","0","0.600546618","","ZSCAN22 (interacts with) ZNF449",,"0","0","0","1","0.8","0.401093235",,"false","interacts with","ZSCAN22 (interacts with) ZNF449","0","P10073","","Q6P9G9",""
"6.62936507936508","","interacts with","0","0.476387349","","IL34 (interacts with) ZNF449",,"0","0","0","1","0.551219512","0.401555186",,"false","interacts with","IL34 (interacts with) ZNF449","0","Q6ZMJ4","","Q6P9G9",""
"24.56698412698411","","interacts with","0","0.464216092","","BDP1 (interacts with) ZNF449",,"0","0","0","1","0.526829268","0.401602916",,"false","interacts with","BDP1 (interacts with) ZNF449","0","A6H8Y1","","Q6P9G9",""
"6.874603174603176","","interacts with","0","0.476426302","","CD82 (interacts with) ZNF449",,"0","0","0","1","0.551219512","0.401633093",,"false","interacts with","CD82 (interacts with) ZNF449","0","P27701","","Q6P9G9",""
"7.8","","interacts with","0","0.461753138","","TCP11X1 (interacts with) AICDA",,"0","0","0","1","0.52195122","0.401555057",,"false","interacts with","TCP11X1 (interacts with) AICDA","0","B4DZS4","","Q9GZX7",""
"34.44000000000001","","interacts with","0","0.464216151","","TCP11X1 (interacts with) BDP1",,"0","0","0","1","0.526829268","0.401603034",,"false","interacts with","TCP11X1 (interacts with) BDP1","0","B4DZS4","","A6H8Y1",""
"6.800000000000001","","interacts with","0","0.476426395","","CD82 (interacts with) TCP11X1",,"0","0","0","1","0.551219512","0.401633278",,"false","interacts with","CD82 (interacts with) TCP11X1","0","P27701","","B4DZS4",""
"6.4","","interacts with","0","0.476387768","","ZSCAN22 (interacts with) OR2A5",,"0","0","0","1","0.551219512","0.401556024",,"false","interacts with","ZSCAN22 (interacts with) OR2A5","0","P10073","","Q96R48",""
"6.752380952380952","","interacts with","0","0.476387435","","ZSCAN22 (interacts with) CLDN12",,"0","0","0","1","0.551219512","0.401555357",,"false","interacts with","ZSCAN22 (interacts with) CLDN12","0","P10073","","P56749",""
"7.4","","interacts with","0","0.464192213","","ZSCAN22 (interacts with) NBPF4",,"0","0","0","1","0.526829268","0.401555158",,"false","interacts with","ZSCAN22 (interacts with) NBPF4","0","P10073","","Q96M43",""
"25.27333333333333","","interacts with","0","0.464216175","","ZSCAN22 (interacts with) BDP1",,"0","0","0","1","0.526829268","0.401603081",,"false","interacts with","ZSCAN22 (interacts with) BDP1","0","P10073","","A6H8Y1",""
"8.152380952380952","","interacts with","0","0.476387421","","ZSCAN22 (interacts with) SLC25A30",,"0","0","0","1","0.551219512","0.40155533",,"false","interacts with","ZSCAN22 (interacts with) SLC25A30","0","P10073","","Q5SVS4",""
"6.3999999999999995","","interacts with","0","0.469070254","","ZSCAN22 (interacts with) AKR1B10",,"0","0","0","1","0.536585366","0.401555143",,"false","interacts with","ZSCAN22 (interacts with) AKR1B10","0","P10073","","O60218",""
"10.222222222222221","","interacts with","0","0.47638736","","ZSCAN22 (interacts with) CD82",,"0","0","0","1","0.551219512","0.401555207",,"false","interacts with","ZSCAN22 (interacts with) CD82","0","P10073","","P27701",""
"33.20666666666666","","interacts with","0","0.464216061","","WDR13 (interacts with) BDP1",,"0","0","0","1","0.526829268","0.401602853",,"false","interacts with","WDR13 (interacts with) BDP1","0","Q9H1Z4","","A6H8Y1",""
"12.658608058608056","","interacts with","0","0.4763873","","IL34 (interacts with) MYLK3",,"0","0","0","1","0.551219512","0.401555087",,"false","interacts with","IL34 (interacts with) MYLK3","0","Q6ZMJ4","","Q32MK0",""
"7.046031746031746","","interacts with","0","0.464192341","","IL34 (interacts with) THBD",,"0","0","0","1","0.526829268","0.401555414",,"false","interacts with","IL34 (interacts with) THBD","0","Q6ZMJ4","","P07204",""
"14.185317460317455","","interacts with","0","0.476387129","","TRIM23 (interacts with) IL34",,"0","0","0","1","0.551219512","0.401554747",,"false","interacts with","TRIM23 (interacts with) IL34","0","P36406","","Q6ZMJ4",""
"6.343650793650793","","interacts with","0","0.469070455","","IL34 (interacts with) ZFP57",,"0","0","0","1","0.536585366","0.401555544",,"false","interacts with","IL34 (interacts with) ZFP57","0","Q6ZMJ4","","Q9NU63",""
"10.798290598290595","","interacts with","0","0.476387294","","BECN2 (interacts with) MYLK3",,"0","0","0","1","0.551219512","0.401555076",,"false","interacts with","BECN2 (interacts with) MYLK3","0","A8MW95","","Q32MK0",""
"31.017777777777756","","interacts with","0","0.464216091","","BECN2 (interacts with) BDP1",,"0","0","0","1","0.526829268","0.401602914",,"false","interacts with","BECN2 (interacts with) BDP1","0","A8MW95","","A6H8Y1",""
"31.60666666666664","","interacts with","0","0.464216191","","OR2A5 (interacts with) BDP1",,"0","0","0","1","0.526829268","0.401603113",,"false","interacts with","OR2A5 (interacts with) BDP1","0","Q96R48","","A6H8Y1",""
"5.533333333333333","","interacts with","0","0.461753032","","AICDA (interacts with) ST8SIA4",,"0","0","0","1","0.52195122","0.401554844",,"false","interacts with","AICDA (interacts with) ST8SIA4","0","Q9GZX7","","Q92187",""
"9.334004884004884","","interacts with","0","0.464192139","","MYLK3 (interacts with) ST8SIA4",,"0","0","0","1","0.526829268","0.40155501",,"false","interacts with","MYLK3 (interacts with) ST8SIA4","0","Q32MK0","","Q92187",""
"4.7333333333333325","","interacts with","0","0.591022943","","STK39 (interacts with) ST8SIA4",,"0","0","0","1","0.780487805","0.401558081",,"false","interacts with","STK39 (interacts with) ST8SIA4","0","Q9UEW8","","Q92187",""
"23.670158730158732","","interacts with","0","0.464216102","","BDP1 (interacts with) ST8SIA4",,"0","0","0","1","0.526829268","0.401602935",,"false","interacts with","BDP1 (interacts with) ST8SIA4","0","A6H8Y1","","Q92187",""
"9.727380952380951","","interacts with","0","0.476387064","","TRIM23 (interacts with) ST8SIA4",,"0","0","0","1","0.551219512","0.401554616",,"false","interacts with","TRIM23 (interacts with) ST8SIA4","0","P36406","","Q92187",""
"33.20666666666667","","interacts with","0","0.464216058","","ALDH6A1 (interacts with) BDP1",,"0","0","0","1","0.526829268","0.401602848",,"false","interacts with","ALDH6A1 (interacts with) BDP1","0","Q02252","","A6H8Y1",""
"10.798290598290597","","interacts with","0","0.476387329","","KPNA6 (interacts with) MYLK3",,"0","0","0","1","0.551219512","0.401555146",,"false","interacts with","KPNA6 (interacts with) MYLK3","0","O60684","","Q32MK0",""
"31.017777777777773","","interacts with","0","0.464216215","","KPNA6 (interacts with) BDP1",,"0","0","0","1","0.526829268","0.401603163",,"false","interacts with","KPNA6 (interacts with) BDP1","0","O60684","","A6H8Y1",""
"7.3","","interacts with","0","0.461792138","","AICDA (interacts with) TCP11X2",,"0","0","0","1","0.52195122","0.401633056",,"false","interacts with","AICDA (interacts with) TCP11X2","0","Q9GZX7","","Q5H9J9",""
"22.685238095238095","","interacts with","0","0.464255338","","AICDA (interacts with) BDP1",,"0","0","0","1","0.526829268","0.401681408",,"false","interacts with","AICDA (interacts with) BDP1","0","Q9GZX7","","A6H8Y1",""
"11.501190476190477","","interacts with","0","0.469069992","","TRIM23 (interacts with) AICDA",,"0","0","0","1","0.536585366","0.401554618",,"false","interacts with","TRIM23 (interacts with) AICDA","0","P36406","","Q9GZX7",""
"37.54000000000002","","interacts with","0","0.464216096","","ZNF454 (interacts with) BDP1",,"0","0","0","1","0.526829268","0.401602923",,"false","interacts with","ZNF454 (interacts with) BDP1","0","Q8N9F8","","A6H8Y1",""
"3.1666666666666665","","interacts with","0","0.469109358","","SCO1 (interacts with) ZNF454",,"0","0","0","1","0.536585366","0.401633349",,"false","interacts with","SCO1 (interacts with) ZNF454","0","O75880","","Q8N9F8",""
"10.869719169719168","","interacts with","0","0.476387385","","CLDN12 (interacts with) MYLK3",,"0","0","0","1","0.551219512","0.401555257",,"false","interacts with","CLDN12 (interacts with) MYLK3","0","P56749","","Q32MK0",""
"11.56111111111111","","interacts with","0","0.476387228","","MYLK3 (interacts with) CADM4",,"0","0","0","1","0.551219512","0.401554944",,"false","interacts with","MYLK3 (interacts with) CADM4","0","Q32MK0","","Q8NFZ8",""
"7.9030525030525025","","interacts with","0","0.476387107","","MYLK3 (interacts with) CEACAM21",,"0","0","0","1","0.551219512","0.401554702",,"false","interacts with","MYLK3 (interacts with) CEACAM21","0","Q32MK0","","Q3KPI0",""
"8.163492063492065","","interacts with","0","0.476387224","","MYLK3 (interacts with) SYPL1",,"0","0","0","1","0.551219512","0.401554936",,"false","interacts with","MYLK3 (interacts with) SYPL1","0","Q32MK0","","Q16563",""
"8.934004884004883","","interacts with","0","0.464231166","","RCN1 (interacts with) MYLK3",,"0","0","0","1","0.526829268","0.401633064",,"false","interacts with","RCN1 (interacts with) MYLK3","0","Q15293","","Q32MK0",""
"12.215873015873013","","interacts with","0","0.476387377","","SLC25A30 (interacts with) MYLK3",,"0","0","0","1","0.551219512","0.401555241",,"false","interacts with","SLC25A30 (interacts with) MYLK3","0","Q5SVS4","","Q32MK0",""
"9.544444444444444","","interacts with","0","0.476387045","","THBD (interacts with) MYLK3",,"0","0","0","1","0.551219512","0.401554578",,"false","interacts with","THBD (interacts with) MYLK3","0","P07204","","Q32MK0",""
"11.963492063492064","","interacts with","0","0.476387186","","TRIM23 (interacts with) MYLK3",,"0","0","0","1","0.551219512","0.401554861",,"false","interacts with","TRIM23 (interacts with) MYLK3","0","P36406","","Q32MK0",""
"31.373333333333328","","interacts with","0","0.464216115","","SPATA18 (interacts with) BDP1",,"0","0","0","1","0.526829268","0.401602962",,"false","interacts with","SPATA18 (interacts with) BDP1","0","Q8TC71","","A6H8Y1",""
"6.222222222222222","","interacts with","0","0.4691094","","CD82 (interacts with) SPATA18",,"0","0","0","1","0.536585366","0.401633435",,"false","interacts with","CD82 (interacts with) SPATA18","0","P27701","","Q8TC71",""
"31.939999999999998","","interacts with","0","0.464216042","","STK39 (interacts with) BDP1",,"0","0","0","1","0.526829268","0.401602815",,"false","interacts with","STK39 (interacts with) BDP1","0","Q9UEW8","","A6H8Y1",""
"12.658333333333335","","interacts with","0","0.476387202","","TRIM23 (interacts with) B3GNT3",,"0","0","0","1","0.551219512","0.401554892",,"false","interacts with","TRIM23 (interacts with) B3GNT3","0","P36406","","Q9Y2A9",""
"29.489206349206334","","interacts with","0","0.464216114","","CLDN12 (interacts with) BDP1",,"0","0","0","1","0.526829268","0.40160296",,"false","interacts with","CLDN12 (interacts with) BDP1","0","P56749","","A6H8Y1",""
"39.31111111111111","","interacts with","0","0.464216186","","BDP1 (interacts with) CADM4",,"0","0","0","1","0.526829268","0.401603103",,"false","interacts with","BDP1 (interacts with) CADM4","0","A6H8Y1","","Q8NFZ8",""
"12.783333333333335","","interacts with","0","0.476387161","","TRIM23 (interacts with) CADM4",,"0","0","0","1","0.551219512","0.401554809",,"false","interacts with","TRIM23 (interacts with) CADM4","0","P36406","","Q8NFZ8",""
"24.35825396825397","","interacts with","0","0.464216137","","BDP1 (interacts with) CEACAM21",,"0","0","0","1","0.526829268","0.401603005",,"false","interacts with","BDP1 (interacts with) CEACAM21","0","A6H8Y1","","Q3KPI0",""
"4.857142857142858","","interacts with","0","0.464192014","","THBD (interacts with) CEACAM21",,"0","0","0","1","0.526829268","0.40155476",,"false","interacts with","THBD (interacts with) CEACAM21","0","P07204","","Q3KPI0",""
"9.601190476190476","","interacts with","0","0.476387101","","TRIM23 (interacts with) CEACAM21",,"0","0","0","1","0.551219512","0.401554689",,"false","interacts with","TRIM23 (interacts with) CEACAM21","0","P36406","","Q3KPI0",""
"33.406666666666666","","interacts with","0","0.464216123","","BDP1 (interacts with) TCP11X2",,"0","0","0","1","0.526829268","0.401602977",,"false","interacts with","BDP1 (interacts with) TCP11X2","0","A6H8Y1","","Q5H9J9",""
"6.933333333333334","","interacts with","0","0.476426397","","CD82 (interacts with) TCP11X2",,"0","0","0","1","0.551219512","0.401633281",,"false","interacts with","CD82 (interacts with) TCP11X2","0","P27701","","Q5H9J9",""
"27.936825396825384","","interacts with","0","0.464216166","","BDP1 (interacts with) SYPL1",,"0","0","0","1","0.526829268","0.401603064",,"false","interacts with","BDP1 (interacts with) SYPL1","0","A6H8Y1","","Q16563",""
"4.219047619047619","","interacts with","0","0.476387144","","THBD (interacts with) SYPL1",,"0","0","0","1","0.551219512","0.401554776",,"false","interacts with","THBD (interacts with) SYPL1","0","P07204","","Q16563",""
"9.652380952380954","","interacts with","0","0.476387116","","TRIM23 (interacts with) SYPL1",,"0","0","0","1","0.551219512","0.40155472",,"false","interacts with","TRIM23 (interacts with) SYPL1","0","P36406","","Q16563",""
"24.389206349206347","","interacts with","0","0.464255273","","RCN1 (interacts with) BDP1",,"0","0","0","1","0.526829268","0.401681277",,"false","interacts with","RCN1 (interacts with) BDP1","0","Q15293","","A6H8Y1",""
"24.42571428571428","","interacts with","0","0.464216093","","BDP1 (interacts with) THRB",,"0","0","0","1","0.526829268","0.401602917",,"false","interacts with","BDP1 (interacts with) THRB","0","A6H8Y1","","P10828",""
"27.206666666666663","","interacts with","0","0.464216111","","BDP1 (interacts with) MAPK1IP1L",,"0","0","0","1","0.526829268","0.401602954",,"false","interacts with","BDP1 (interacts with) MAPK1IP1L","0","A6H8Y1","","Q8NDC0",""
"31.173333333333325","","interacts with","0","0.464255215","","TNFRSF11B (interacts with) BDP1",,"0","0","0","1","0.526829268","0.401681161",,"false","interacts with","TNFRSF11B (interacts with) BDP1","0","O00300","","A6H8Y1",""
"33.53999999999999","","interacts with","0","0.464216072","","SCO1 (interacts with) BDP1",,"0","0","0","1","0.526829268","0.401602875",,"false","interacts with","SCO1 (interacts with) BDP1","0","O75880","","A6H8Y1",""
"32.48920634920633","","interacts with","0","0.464216149","","SLC25A30 (interacts with) BDP1",,"0","0","0","1","0.526829268","0.401603029",,"false","interacts with","SLC25A30 (interacts with) BDP1","0","Q5SVS4","","A6H8Y1",""
"33.20666666666667","","interacts with","0","0.46421614","","SLC29A2 (interacts with) BDP1",,"0","0","0","1","0.526829268","0.401603012",,"false","interacts with","SLC29A2 (interacts with) BDP1","0","Q14542","","A6H8Y1",""
"26.57571428571428","","interacts with","0","0.464216067","","BDP1 (interacts with) THBD",,"0","0","0","1","0.526829268","0.401602866",,"false","interacts with","BDP1 (interacts with) THBD","0","A6H8Y1","","P07204",""
"31.606666666666655","","interacts with","0","0.464216211","","AKR1B10 (interacts with) BDP1",,"0","0","0","1","0.526829268","0.401603153",,"false","interacts with","AKR1B10 (interacts with) BDP1","0","O60218","","A6H8Y1",""
"28.49555555555554","","interacts with","0","0.464255373","","CD82 (interacts with) BDP1",,"0","0","0","1","0.526829268","0.401681478",,"false","interacts with","CD82 (interacts with) BDP1","0","P27701","","A6H8Y1",""
"21.90071428571428","","interacts with","0","0.461777042","","TRIM23 (interacts with) BDP1",,"0","0","0","1","0.52195122","0.401602864",,"false","interacts with","TRIM23 (interacts with) BDP1","0","P36406","","A6H8Y1",""
"26.214603174603166","","interacts with","0","0.464216082","","BDP1 (interacts with) ZFP57",,"0","0","0","1","0.526829268","0.401602897",,"false","interacts with","BDP1 (interacts with) ZFP57","0","A6H8Y1","","Q9NU63",""
"10.179761904761905","","interacts with","0","0.476387149","","TRIM23 (interacts with) RCN1",,"0","0","0","1","0.551219512","0.401554785",,"false","interacts with","TRIM23 (interacts with) RCN1","0","P36406","","Q15293",""
"7.055555555555555","","interacts with","0","0.469109307","","CD82 (interacts with) THRB",,"0","0","0","1","0.536585366","0.401633249",,"false","interacts with","CD82 (interacts with) THRB","0","P27701","","P10828",""
"11.510714285714284","","interacts with","0","0.464192157","","TRIM23 (interacts with) THRB",,"0","0","0","1","0.526829268","0.401555045",,"false","interacts with","TRIM23 (interacts with) THRB","0","P36406","","P10828",""
"10.658333333333331","","interacts with","0","0.476387306","","TRIM23 (interacts with) MAPK1IP1L",,"0","0","0","1","0.551219512","0.4015551",,"false","interacts with","TRIM23 (interacts with) MAPK1IP1L","0","P36406","","Q8NDC0",""
"14.500000000000002","","interacts with","0","0.476387143","","SCO1 (interacts with) TRIM23",,"0","0","0","1","0.551219512","0.401554774",,"false","interacts with","SCO1 (interacts with) TRIM23","0","O75880","","P36406",""
"10.585714285714285","","interacts with","0","0.476387245","","CD82 (interacts with) THBD",,"0","0","0","1","0.551219512","0.401554978",,"false","interacts with","CD82 (interacts with) THBD","0","P27701","","P07204",""
"11.113636363636365","","interacts with","0","0.600586136","","MSI2 (interacts with) BMI1",,"0","0","0","1","0.8","0.401172273",,"false","interacts with","MSI2 (interacts with) BMI1","0","Q96DH6","","P35226",""
"23.83798701298701","","interacts with","0","0.564143134","","UBE2I (interacts with) BMI1",,"0","0","0","1","0.726829268","0.401457001",,"false","interacts with","UBE2I (interacts with) BMI1","0","P63279","","P35226",""
"21.473484848484848","","interacts with","0","0.561629634","","BMI1 (interacts with) RTCB",,"0","0","0","1","0.72195122","0.401308048",,"false","interacts with","BMI1 (interacts with) RTCB","0","P35226","","Q9Y3I0",""
"17.564826839826843","","interacts with","0","0.593499829","","BMI1 (interacts with) NCBP2",,"0","0","0","1","0.785365854","0.401633804",,"false","interacts with","BMI1 (interacts with) NCBP2","0","P35226","","P52298",""
"11.654040404040403","","interacts with","0","0.61772664","","SUZ12 (interacts with) BMI1",,"0","0","0","1","0.834146341","0.401306939",,"false","interacts with","SUZ12 (interacts with) BMI1","0","Q15022","","P35226",""
"19.8024753024753","","interacts with","0","0.564136947","","BMI1 (interacts with) SLC25A11",,"0","0","0","1","0.726829268","0.401444626",,"false","interacts with","BMI1 (interacts with) SLC25A11","0","P35226","","Q02978",""
"10.155303030303031","","interacts with","0","0.561636315","","PABPC4 (interacts with) BMI1",,"0","0","0","1","0.72195122","0.401321411",,"false","interacts with","PABPC4 (interacts with) BMI1","0","Q13310","","P35226",""
"33.097222222222214","","interacts with","0","0.561629859","","YARS2 (interacts with) BMI1",,"0","0","0","1","0.72195122","0.401308498",,"false","interacts with","YARS2 (interacts with) BMI1","0","Q9Y2Z4","","P35226",""
"15.26760461760462","","interacts with","0","0.564100927","","BMI1 (interacts with) TARDBP",,"0","0","0","1","0.726829268","0.401372586",,"false","interacts with","BMI1 (interacts with) TARDBP","0","P35226","","Q13148",""
"8.311854811854811","","interacts with","0","0.561703837","","BMI1 (interacts with) XRCC5",,"0","0","0","1","0.72195122","0.401456454",,"false","interacts with","BMI1 (interacts with) XRCC5","0","P35226","","P13010",""
"8.729040404040402","","interacts with","0","0.602920642","","BMI1 (interacts with) RNF2",,"0","0","0","1","0.804878049","0.400963236",,"false","interacts with","BMI1 (interacts with) RNF2","0","P35226","","Q99496",""
"21.71269841269841","","interacts with","0","0.56192652","","CALU (interacts with) CLN5",,"0","0","0","1","0.72195122","0.401901821",,"false","interacts with","CALU (interacts with) CLN5","0","O43852","","O75503",""
"21.585714285714285","","interacts with","0","0.564067703","","SLC25A13 (interacts with) CLN5",,"0","0","0","1","0.726829268","0.401306139",,"false","interacts with","SLC25A13 (interacts with) CLN5","0","Q9UJS0","","O75503",""
"16.503968253968253","","interacts with","0","0.564240256","","SLC25A11 (interacts with) CLN5",,"0","0","0","1","0.726829268","0.401651243",,"false","interacts with","SLC25A11 (interacts with) CLN5","0","Q02978","","O75503",""
"47.964285714285715","","interacts with","0","0.564286696","","CLN5 (interacts with) TARDBP",,"0","0","0","1","0.726829268","0.401744125",,"false","interacts with","CLN5 (interacts with) TARDBP","0","O75503","","Q13148",""
"13.455303030303032","","interacts with","0","0.564135525","","MSI2 (interacts with) SUZ12",,"0","0","0","1","0.726829268","0.401441781",,"false","interacts with","MSI2 (interacts with) SUZ12","0","Q96DH6","","Q15022",""
"6.43030303030303","","interacts with","0","0.561636499","","MSI2 (interacts with) PABPC4",,"0","0","0","1","0.72195122","0.401321778",,"false","interacts with","MSI2 (interacts with) PABPC4","0","Q96DH6","","Q13310",""
"21.735606060606056","","interacts with","0","0.564168672","","MSI2 (interacts with) TARDBP",,"0","0","0","1","0.726829268","0.401508075",,"false","interacts with","MSI2 (interacts with) TARDBP","0","Q96DH6","","Q13148",""
"6.015151515151515","","interacts with","0","0.563999321","","MSI2 (interacts with) RNF2",,"0","0","0","1","0.726829268","0.401169374",,"false","interacts with","MSI2 (interacts with) RNF2","0","Q96DH6","","Q99496",""
"24.784199134199138","","interacts with","0","0.57147808","","UBE2I (interacts with) HNRNPM",,"0","0","0","1","0.741463415","0.401492745",,"false","interacts with","UBE2I (interacts with) HNRNPM","0","P63279","","P52272",""
"37.6","","interacts with","0","0.56162961","","UBE2I (interacts with) CALU",,"0","0","0","1","0.72195122","0.401308001",,"false","interacts with","UBE2I (interacts with) CALU","0","P63279","","O43852",""
"18.07435064935065","","interacts with","0","0.573941915","","UBE2I (interacts with) SART1",,"0","0","0","1","0.746341463","0.401542366",,"false","interacts with","UBE2I (interacts with) SART1","0","P63279","","O43290",""
"18.842748917748914","","interacts with","0","0.566514437","","SUZ12 (interacts with) UBE2I",,"0","0","0","1","0.731707317","0.401321558",,"false","interacts with","SUZ12 (interacts with) UBE2I","0","Q15022","","P63279",""
"15.607900432900434","","interacts with","0","0.561525405","","UBE2I (interacts with) AGR2",,"0","0","0","1","0.72195122","0.40109959",,"false","interacts with","UBE2I (interacts with) AGR2","0","P63279","","O95994",""
"10.466666666666667","","interacts with","0","0.573935967","","UBE2I (interacts with) XRCC5",,"0","0","0","1","0.746341463","0.40153047",,"false","interacts with","UBE2I (interacts with) XRCC5","0","P63279","","P13010",""
"32.224675324675324","","interacts with","0","0.564068513","","UBE2I (interacts with) SLC2A1",,"0","0","0","1","0.726829268","0.401307758",,"false","interacts with","UBE2I (interacts with) SLC2A1","0","P63279","","P11166",""
"13.763636363636364","","interacts with","0","0.564075184","","UBE2I (interacts with) NONO",,"0","0","0","1","0.726829268","0.401321099",,"false","interacts with","UBE2I (interacts with) NONO","0","P63279","","Q15233",""
"10.734523809523811","","interacts with","0","0.566514475","","PCBP1 (interacts with) HNRNPM",,"0","0","0","1","0.731707317","0.401321632",,"false","interacts with","PCBP1 (interacts with) HNRNPM","0","Q15365","","P52272",""
"12.848484848484848","","interacts with","0","0.561492387","","PCBP1 (interacts with) IGF2BP3",,"0","0","0","1","0.72195122","0.401033555",,"false","interacts with","PCBP1 (interacts with) IGF2BP3","0","Q15365","","O00425",""
"9.309199134199133","","interacts with","0","0.564067888","","PCBP1 (interacts with) SART1",,"0","0","0","1","0.726829268","0.401306507",,"false","interacts with","PCBP1 (interacts with) SART1","0","Q15365","","O43290",""
"11.23333333333333","","interacts with","0","0.564107577","","PCBP1 (interacts with) BMP4",,"0","0","0","1","0.726829268","0.401385886",,"false","interacts with","PCBP1 (interacts with) BMP4","0","Q15365","","P12644",""
"13.532936507936508","","interacts with","0","0.612849534","","PCBP1 (interacts with) NCBP2",,"0","0","0","1","0.824390244","0.401308825",,"false","interacts with","PCBP1 (interacts with) NCBP2","0","Q15365","","P52298",""
"20.508802308802306","","interacts with","0","0.561684113","","PCBP1 (interacts with) TARDBP",,"0","0","0","1","0.72195122","0.401417007",,"false","interacts with","PCBP1 (interacts with) TARDBP","0","Q15365","","Q13148",""
"11.19642857142857","","interacts with","0","0.564068285","","PCBP1 (interacts with) XRCC5",,"0","0","0","1","0.726829268","0.401307301",,"false","interacts with","PCBP1 (interacts with) XRCC5","0","Q15365","","P13010",""
"8.99134199134199","","interacts with","0","0.591022771","","PCBP1 (interacts with) NONO",,"0","0","0","1","0.780487805","0.401557738",,"false","interacts with","PCBP1 (interacts with) NONO","0","Q15365","","Q15233",""
"21.758333333333336","","interacts with","0","0.603092851","","WDR77 (interacts with) HNRNPM",,"0","0","0","1","0.804878049","0.401307654",,"false","interacts with","WDR77 (interacts with) HNRNPM","0","Q9BQA1","","P52272",""
"16.995707070707066","","interacts with","0","0.569057715","","HNRNPM (interacts with) IGF2BP3",,"0","0","0","1","0.736585366","0.401530063",,"false","interacts with","HNRNPM (interacts with) IGF2BP3","0","P52272","","O00425",""
"15.191666666666665","","interacts with","0","0.561629726","","RTCB (interacts with) HNRNPM",,"0","0","0","1","0.72195122","0.401308233",,"false","interacts with","RTCB (interacts with) HNRNPM","0","Q9Y3I0","","P52272",""
"26.158333333333328","","interacts with","0","0.561629916","","BMP4 (interacts with) HNRNPM",,"0","0","0","1","0.72195122","0.401308613",,"false","interacts with","BMP4 (interacts with) HNRNPM","0","P12644","","P52272",""
"17.66197691197691","","interacts with","0","0.561629983","","PRPF19 (interacts with) HNRNPM",,"0","0","0","1","0.72195122","0.401308747","0.637220259","false","interacts with","PRPF19 (interacts with) HNRNPM","1","Q9UMS4","","P52272",""
"15.137373737373736","","interacts with","0","0.56406769","","HNRNPDL (interacts with) HNRNPM",,"0","0","0","1","0.726829268","0.401306111","0.938751472","false","interacts with","HNRNPDL (interacts with) HNRNPM","1","O14979","","P52272",""
"19.95649350649351","","interacts with","0","0.586070034","","HNRNPM (interacts with) AGR2",,"0","0","0","1","0.770731707","0.401408361","0.176678445","false","interacts with","HNRNPM (interacts with) AGR2","1","P52272","","O95994",""
"16.57348484848485","","interacts with","0","0.56406805","","HNRNPM (interacts with) TARDBP",,"0","0","0","1","0.726829268","0.401306831",,"false","interacts with","HNRNPM (interacts with) TARDBP","0","P52272","","Q13148",""
"8.681818181818183","","interacts with","0","0.564075514","","NONO (interacts with) HNRNPM",,"0","0","0","1","0.726829268","0.40132176",,"false","interacts with","NONO (interacts with) HNRNPM","0","Q15233","","P52272",""
"12.93174603174603","","interacts with","0","0.564100777","","RAB11A (interacts with) CALU",,"0","0","0","1","0.726829268","0.401372286",,"false","interacts with","RAB11A (interacts with) CALU","0","P62491","","O43852",""
"12.781818181818181","","interacts with","0","0.561493641","","HNRNPDL (interacts with) WDR77",,"0","0","0","1","0.72195122","0.401036063",,"false","interacts with","HNRNPDL (interacts with) WDR77","0","O14979","","Q9BQA1",""
"24.260606060606058","","interacts with","0","0.573830768","","WDR77 (interacts with) CORO1C",,"0","0","0","1","0.746341463","0.401320073",,"false","interacts with","WDR77 (interacts with) CORO1C","0","Q9BQA1","","Q9ULV4",""
"20.30681818181818","","interacts with","0","0.573823899","","SUZ12 (interacts with) WDR77",,"0","0","0","1","0.746341463","0.401306335",,"false","interacts with","SUZ12 (interacts with) WDR77","0","Q15022","","Q9BQA1",""
"12.863636363636363","","interacts with","0","0.564067851","","PABPC4 (interacts with) WDR77",,"0","0","0","1","0.726829268","0.401306434",,"false","interacts with","PABPC4 (interacts with) WDR77","0","Q13310","","Q9BQA1",""
"8.12348484848485","","interacts with","0","0.561493802","","RTCB (interacts with) IGF2BP3",,"0","0","0","1","0.72195122","0.401036385",,"false","interacts with","RTCB (interacts with) IGF2BP3","0","Q9Y3I0","","O00425",""
"12.461868686868687","","interacts with","0","0.561525322","","YARS2 (interacts with) IGF2BP3",,"0","0","0","1","0.72195122","0.401099424",,"false","interacts with","YARS2 (interacts with) IGF2BP3","0","Q9Y2Z4","","O00425",""
"29.244191919191916","","interacts with","0","0.617590932","","TARDBP (interacts with) IGF2BP3",,"0","0","0","1","0.834146341","0.401035522",,"false","interacts with","TARDBP (interacts with) IGF2BP3","0","Q13148","","O00425",""
"21.65833333333333","","interacts with","0","0.573935996","","BMP4 (interacts with) SART1",,"0","0","0","1","0.746341463","0.401530529",,"false","interacts with","BMP4 (interacts with) SART1","0","P12644","","O43290",""
"11.132683982683982","","interacts with","0","0.57382431","","PRPF19 (interacts with) SART1",,"0","0","0","1","0.746341463","0.401307156",,"false","interacts with","PRPF19 (interacts with) SART1","0","Q9UMS4","","O43290",""
"8.962373737373738","","interacts with","0","0.612848215","","NCBP2 (interacts with) SART1",,"0","0","0","1","0.824390244","0.401306187",,"false","interacts with","NCBP2 (interacts with) SART1","0","P52298","","O43290",""
"12.516341991341989","","interacts with","0","0.561629766","","SUZ12 (interacts with) SART1",,"0","0","0","1","0.72195122","0.401308312",,"false","interacts with","SUZ12 (interacts with) SART1","0","Q15022","","O43290",""
"10.387121212121214","","interacts with","0","0.573936288","","PABPC4 (interacts with) SART1",,"0","0","0","1","0.746341463","0.401531113",,"false","interacts with","PABPC4 (interacts with) SART1","0","Q13310","","O43290",""
"15.342676767676767","","interacts with","0","0.57377876","","TARDBP (interacts with) SART1",,"0","0","0","1","0.746341463","0.401216056",,"false","interacts with","TARDBP (interacts with) SART1","0","Q13148","","O43290",""
"10.998160173160173","","interacts with","0","0.566514663","","RNF2 (interacts with) SART1",,"0","0","0","1","0.731707317","0.401322009",,"false","interacts with","RNF2 (interacts with) SART1","0","Q99496","","O43290",""
"12.423010323010322","","interacts with","0","0.561667703","","PDIA3 (interacts with) DLST",,"0","0","0","1","0.72195122","0.401384186",,"false","interacts with","PDIA3 (interacts with) DLST","0","P30101","","P36957",""
"29.970745920745916","","interacts with","0","0.564162685","","PRPF19 (interacts with) DLST",,"0","0","0","1","0.726829268","0.401496102",,"false","interacts with","PRPF19 (interacts with) DLST","0","Q9UMS4","","P36957",""
"10.433333333333334","","interacts with","0","0.564067807","","SLC25A13 (interacts with) DLST",,"0","0","0","1","0.726829268","0.401306346",,"false","interacts with","SLC25A13 (interacts with) DLST","0","Q9UJS0","","P36957",""
"9.414452214452213","","interacts with","0","0.561859264","","CORO1C (interacts with) DLST",,"0","0","0","1","0.72195122","0.401767308",,"false","interacts with","CORO1C (interacts with) DLST","0","Q9ULV4","","P36957",""
"19.05715950715951","","interacts with","0","0.615288732","","SLC25A11 (interacts with) DLST",,"0","0","0","1","0.829268293","0.401309171",,"false","interacts with","SLC25A11 (interacts with) DLST","0","Q02978","","P36957",""
"22.521969696969702","","interacts with","0","0.564068506","","RTCB (interacts with) AGR2",,"0","0","0","1","0.726829268","0.401307744",,"false","interacts with","RTCB (interacts with) AGR2","0","Q9Y3I0","","O95994",""
"25.952380952380953","","interacts with","0","0.476387196","","SLC25A13 (interacts with) PDIA3",,"0","0","0","1","0.551219512","0.401554879",,"false","interacts with","SLC25A13 (interacts with) PDIA3","0","Q9UJS0","","P30101",""
"10.546969696969697","","interacts with","0","0.561684671","","CORO1C (interacts with) PDIA3",,"0","0","0","1","0.72195122","0.401418123",,"false","interacts with","CORO1C (interacts with) PDIA3","0","Q9ULV4","","P30101",""
"27.89572927072927","","interacts with","0","0.573936604","","SUZ12 (interacts with) PDIA3",,"0","0","0","1","0.746341463","0.401531746",,"false","interacts with","SUZ12 (interacts with) PDIA3","0","Q15022","","P30101",""
"20.059473859473858","","interacts with","0","0.561697515","","PDIA3 (interacts with) AGR2",,"0","0","0","1","0.72195122","0.40144381","0.645465253","false","interacts with","PDIA3 (interacts with) AGR2","1","P30101","","O95994",""
"39.04486346986347","","interacts with","0","0.590816098","","PDIA3 (interacts with) TARDBP",,"0","0","0","1","0.780487805","0.401144392",,"false","interacts with","PDIA3 (interacts with) TARDBP","0","P30101","","Q13148",""
"23.710389610389605","","interacts with","0","0.561526283","","SLC2A1 (interacts with) PDIA3",,"0","0","0","1","0.72195122","0.401101347",,"false","interacts with","SLC2A1 (interacts with) PDIA3","0","P11166","","P30101",""
"13.332489732489734","","interacts with","0","0.617726681","","PRPF19 (interacts with) NCBP2",,"0","0","0","1","0.834146341","0.401307021",,"false","interacts with","PRPF19 (interacts with) NCBP2","0","Q9UMS4","","P52298",""
"10.375419025419026","","interacts with","0","0.590947852","","PRPF19 (interacts with) SUZ12",,"0","0","0","1","0.780487805","0.4014079",,"false","interacts with","PRPF19 (interacts with) SUZ12","0","Q9UMS4","","Q15022",""
"13.647244422244423","","interacts with","0","0.564136117","","PRPF19 (interacts with) AGR2",,"0","0","0","1","0.726829268","0.401442966","0.017667845","false","interacts with","PRPF19 (interacts with) AGR2","1","Q9UMS4","","O95994",""
"13.701934176934179","","interacts with","0","0.559062298","","PRPF19 (interacts with) TARDBP",,"0","0","0","1","0.717073171","0.401051426",,"false","interacts with","PRPF19 (interacts with) TARDBP","0","Q9UMS4","","Q13148",""
"10.093745143745144","","interacts with","0","0.564068373","","PRPF19 (interacts with) RNF2",,"0","0","0","1","0.726829268","0.401307477",,"false","interacts with","PRPF19 (interacts with) RNF2","0","Q9UMS4","","Q99496",""
"8.93030303030303","","interacts with","0","0.564067867","","PABPC4 (interacts with) HNRNPDL",,"0","0","0","1","0.726829268","0.401306466",,"false","interacts with","PABPC4 (interacts with) HNRNPDL","0","Q13310","","O14979",""
"16.857575757575763","","interacts with","0","0.590743804","","YARS2 (interacts with) HNRNPDL",,"0","0","0","1","0.780487805","0.400999803",,"false","interacts with","YARS2 (interacts with) HNRNPDL","0","Q9Y2Z4","","O14979",""
"19.967676767676764","","interacts with","0","0.561669799","","HNRNPDL (interacts with) TARDBP",,"0","0","0","1","0.72195122","0.401388379",,"false","interacts with","HNRNPDL (interacts with) TARDBP","0","O14979","","Q13148",""
"15.027272727272726","","interacts with","0","0.561683033","","HNRNPDL (interacts with) NONO",,"0","0","0","1","0.72195122","0.401414847",,"false","interacts with","HNRNPDL (interacts with) NONO","0","O14979","","Q15233",""
"13.934343434343436","","interacts with","0","0.564101034","","HNRNPDL (interacts with) RNF2",,"0","0","0","1","0.726829268","0.401372799",,"false","interacts with","HNRNPDL (interacts with) RNF2","0","O14979","","Q99496",""
"13.733333333333333","","interacts with","0","0.564067852","","SLC25A13 (interacts with) CORO1C",,"0","0","0","1","0.726829268","0.401306437",,"false","interacts with","SLC25A13 (interacts with) CORO1C","0","Q9UJS0","","Q9ULV4",""
"32.87960372960373","","interacts with","0","0.561630301","","CORO1C (interacts with) AGR2",,"0","0","0","1","0.72195122","0.401309382",,"false","interacts with","CORO1C (interacts with) AGR2","0","Q9ULV4","","O95994",""
"14.438564213564213","","interacts with","0","0.561636377","","SUZ12 (interacts with) NCBP2",,"0","0","0","1","0.72195122","0.401321533",,"false","interacts with","SUZ12 (interacts with) NCBP2","0","Q15022","","P52298",""
"12.969191919191918","","interacts with","0","0.612923152","","PABPC4 (interacts with) NCBP2",,"0","0","0","1","0.824390244","0.40145606",,"false","interacts with","PABPC4 (interacts with) NCBP2","0","Q13310","","P52298",""
"30.524603174603172","","interacts with","0","0.573772122","","RAB11A (interacts with) NCBP2",,"0","0","0","1","0.746341463","0.40120278",,"false","interacts with","RAB11A (interacts with) NCBP2","0","P62491","","P52298",""
"7.026068376068376","","interacts with","0","0.612856038","","XRCC5 (interacts with) NCBP2",,"0","0","0","1","0.824390244","0.401321833",,"false","interacts with","XRCC5 (interacts with) NCBP2","0","P13010","","P52298",""
"11.928787878787876","","interacts with","0","0.610418149","","NONO (interacts with) NCBP2",,"0","0","0","1","0.819512195","0.401324103",,"false","interacts with","NONO (interacts with) NCBP2","0","Q15233","","P52298",""
"15.789704739704739","","interacts with","0","0.561636574","","SUZ12 (interacts with) SLC25A11",,"0","0","0","1","0.72195122","0.401321929",,"false","interacts with","SUZ12 (interacts with) SLC25A11","0","Q15022","","Q02978",""
"8.287121212121214","","interacts with","0","0.564067944","","PABPC4 (interacts with) SUZ12",,"0","0","0","1","0.726829268","0.401306621",,"false","interacts with","PABPC4 (interacts with) SUZ12","0","Q13310","","Q15022",""
"9.371062271062272","","interacts with","0","0.561845986","","SUZ12 (interacts with) XRCC5",,"0","0","0","1","0.72195122","0.401740752",,"false","interacts with","SUZ12 (interacts with) XRCC5","0","Q15022","","P13010",""
"7.438636363636363","","interacts with","0","0.564068131","","SUZ12 (interacts with) RNF2",,"0","0","0","1","0.726829268","0.401306994",,"false","interacts with","SUZ12 (interacts with) RNF2","0","Q15022","","Q99496",""
"21.244538794538794","","interacts with","0","0.559062278","","SLC25A11 (interacts with) AGR2",,"0","0","0","1","0.717073171","0.401051386",,"false","interacts with","SLC25A11 (interacts with) AGR2","0","Q02978","","O95994",""
"14.161205461205459","","interacts with","0","0.56163132","","SLC25A11 (interacts with) RNF2",,"0","0","0","1","0.72195122","0.401311421",,"false","interacts with","SLC25A11 (interacts with) RNF2","0","Q02978","","Q99496",""
"15.227525252525252","","interacts with","0","0.566514475","","PABPC4 (interacts with) TARDBP",,"0","0","0","1","0.731707317","0.401321633",,"false","interacts with","PABPC4 (interacts with) TARDBP","0","Q13310","","Q13148",""
"5.212121212121211","","interacts with","0","0.561636233","","PABPC4 (interacts with) RNF2",,"0","0","0","1","0.72195122","0.401321247",,"false","interacts with","PABPC4 (interacts with) RNF2","0","Q13310","","Q99496",""
"20.576948051948055","","interacts with","0","0.564135693","","TARDBP (interacts with) AGR2",,"0","0","0","1","0.726829268","0.401442119",,"false","interacts with","TARDBP (interacts with) AGR2","0","Q13148","","O95994",""
"29.707142857142856","","interacts with","0","0.598133967","","RAB11A (interacts with) AGR2",,"0","0","0","1","0.795121951","0.401145983",,"false","interacts with","RAB11A (interacts with) AGR2","0","P62491","","O95994",""
"13.771878121878123","","interacts with","0","0.566514428","","XRCC5 (interacts with) AGR2",,"0","0","0","1","0.731707317","0.401321539",,"false","interacts with","XRCC5 (interacts with) AGR2","0","P13010","","O95994",""
"18.823160173160172","","interacts with","0","0.564006688","","NONO (interacts with) AGR2",,"0","0","0","1","0.726829268","0.401184108",,"false","interacts with","NONO (interacts with) AGR2","0","Q15233","","O95994",""
"11.238247863247862","","interacts with","0","0.571478312","","XRCC5 (interacts with) TARDBP",,"0","0","0","1","0.741463415","0.40149321",,"false","interacts with","XRCC5 (interacts with) TARDBP","0","P13010","","Q13148",""
"10.998160173160173","","interacts with","0","0.561662973","","RNF2 (interacts with) TARDBP",,"0","0","0","1","0.72195122","0.401374727",,"false","interacts with","RNF2 (interacts with) TARDBP","0","Q99496","","Q13148",""
"10.704761904761906","","interacts with","0","0.561630011","","RAB11A (interacts with) SLC2A1",,"0","0","0","1","0.72195122","0.401308803",,"false","interacts with","RAB11A (interacts with) SLC2A1","0","P62491","","P11166",""
"8.832367632367633","","interacts with","0","0.564075516","","RNF2 (interacts with) XRCC5",,"0","0","0","1","0.726829268","0.401321763",,"false","interacts with","RNF2 (interacts with) XRCC5","0","Q99496","","P13010",""
"0.0","","interacts with","0","0.621471331","","CALCA (interacts with) CALCA",,"1","1","1","1","0.834146341","0.408796321",,"false","interacts with","CALCA (interacts with) CALCA","0","P01258","","P01258",""
"18.0","","interacts with","0","0.476426251","","CALCA (interacts with) COL9A3",,"1","0","1","1","0.551219512","0.401632989",,"false","interacts with","CALCA (interacts with) COL9A3","0","P01258","","Q14050",""
"16.0","","interacts with","0","0.464231295","","TRBJ1-2 (interacts with) CALCA",,"0","1","1","1","0.526829268","0.401633321",,"false","interacts with","TRBJ1-2 (interacts with) CALCA","0","A0A0J9YX06","","P01258",""
"14.0","","interacts with","0","0.464231485","","CALCA (interacts with) DYNLRB2",,"1","0","1","1","0.526829268","0.401633703",,"false","interacts with","CALCA (interacts with) DYNLRB2","0","P01258","","Q8TF09",""
"12.0","","interacts with","0","0.47642627","","CALCA (interacts with) SREK1",,"1","0","1","1","0.551219512","0.401633029",,"false","interacts with","CALCA (interacts with) SREK1","0","P01258","","Q8WXA9",""
"14.0","","interacts with","0","0.461792268","","CALCA (interacts with) TAC3",,"1","0","1","1","0.52195122","0.401633317",,"false","interacts with","CALCA (interacts with) TAC3","0","P01258","","Q9UHF0",""
"18.0","","interacts with","0","0.464231219","","CALCA (interacts with) LINC00208",,"1","0","1","1","0.526829268","0.40163317",,"false","interacts with","CALCA (interacts with) LINC00208","0","P01258","","Q96KT6",""
"14.0","","interacts with","0","0.46423137","","CALCA (interacts with) SPANXN1",,"1","0","1","1","0.526829268","0.401633472",,"false","interacts with","CALCA (interacts with) SPANXN1","0","P01258","","Q5VSR9",""
"18.0","","interacts with","0","0.464231218","","CALCA (interacts with) C12orf60",,"1","0","1","1","0.526829268","0.401633167",,"false","interacts with","CALCA (interacts with) C12orf60","0","P01258","","Q5U649",""
"16.0","","interacts with","0","0.476426223","","CALCA (interacts with) TLNRD1",,"1","0","1","1","0.551219512","0.401632933",,"false","interacts with","CALCA (interacts with) TLNRD1","0","P01258","","Q9H1K6",""
"2.0","","interacts with","0","0.461753215","","TLNRD1 (interacts with) TRBJ1-2",,"0","0","0","1","0.52195122","0.401555211",,"false","interacts with","TLNRD1 (interacts with) TRBJ1-2","0","Q9H1K6","","A0A0J9YX06",""
"4.0","","interacts with","0","0.461753226","","DYNLRB2 (interacts with) SREK1",,"0","0","0","1","0.52195122","0.401555233",,"false","interacts with","DYNLRB2 (interacts with) SREK1","0","Q8TF09","","Q8WXA9",""
"4.0","","interacts with","0","0.461753185","","TAC3 (interacts with) SREK1",,"0","0","0","1","0.52195122","0.40155515",,"false","interacts with","TAC3 (interacts with) SREK1","0","Q9UHF0","","Q8WXA9",""
"4.0","","interacts with","0","0.46175305","","SPANXN1 (interacts with) SREK1",,"0","0","0","1","0.52195122","0.401554881",,"false","interacts with","SPANXN1 (interacts with) SREK1","0","Q5VSR9","","Q8WXA9",""
"12.0","","interacts with","0","0.564067754","","RPS27L (interacts with) EIF2S1",,"0","0","0","1","0.726829268","0.401306239","0.90459364","false","interacts with","RPS27L (interacts with) EIF2S1","1","Q71UM5","","P05198",""
"20.0","","interacts with","0","0.56406796","","SYVN1 (interacts with) EIF2S1",,"0","0","0","1","0.726829268","0.401306652","0.318021201","false","interacts with","SYVN1 (interacts with) EIF2S1","1","Q86TM6","","P05198",""
"12.0","","interacts with","0","0.564068065","","UBE2G1 (interacts with) SYVN1",,"0","0","0","1","0.726829268","0.401306861",,"false","interacts with","UBE2G1 (interacts with) SYVN1","0","P62253","","Q86TM6",""
"12.0","","interacts with","0","0.564075486","","POC1B (interacts with) TACC1",,"0","0","0","1","0.726829268","0.401321703",,"false","interacts with","POC1B (interacts with) TACC1","0","Q8TC44","","O75410",""
"12.0","","interacts with","0","0.561630576","","SYVN1 (interacts with) RTN1",,"0","0","0","1","0.72195122","0.401309933",,"false","interacts with","SYVN1 (interacts with) RTN1","0","Q86TM6","","Q16799",""
"20.0","","interacts with","0","0.561630301","","SYVN1 (interacts with) TACC1",,"0","0","0","1","0.72195122","0.401309382",,"false","interacts with","SYVN1 (interacts with) TACC1","0","Q86TM6","","O75410",""
"4.0","","interacts with","0","0.476426236","","XPNPEP2 (interacts with) NOS3",,"0","1","1","1","0.551219512","0.401632959",,"false","interacts with","XPNPEP2 (interacts with) NOS3","0","O43895","","P29474",""
"2.0","","interacts with","0","0.476387126","","SYNJ2 (interacts with) XPNPEP2",,"0","0","0","1","0.551219512","0.40155474",,"false","interacts with","SYNJ2 (interacts with) XPNPEP2","0","O15056","","O43895",""
"0.0","","interacts with","0","0.654684947","","NOS3 (interacts with) NOS3",,"1","1","1","1","0.902439024","0.406930869",,"false","interacts with","NOS3 (interacts with) NOS3","0","P29474","","P29474",""
"6.0","","interacts with","0","0.461816176","","NOS3 (interacts with) ATRX",,"1","0","1","1","0.52195122","0.401681133",,"false","interacts with","NOS3 (interacts with) ATRX","0","P29474","","P46100",""
"4.0","","interacts with","0","0.476426197","","SYNJ2 (interacts with) NOS3",,"0","1","1","1","0.551219512","0.401632882",,"false","interacts with","SYNJ2 (interacts with) NOS3","0","O15056","","P29474",""
"32.0","","interacts with","0","0.461792166","","IGLV1-51 (interacts with) SOST",,"0","1","1","1","0.52195122","0.401633112",,"false","interacts with","IGLV1-51 (interacts with) SOST","0","P01701","","Q9BQB4",""
"32.0","","interacts with","0","0.4764262","","SOST (interacts with) TCFL5",,"1","0","1","1","0.551219512","0.401632888",,"false","interacts with","SOST (interacts with) TCFL5","0","Q9BQB4","","Q9UL49",""
"32.0","","interacts with","0","0.476426328","","SOST (interacts with) ATXN10",,"1","0","1","1","0.551219512","0.401633143",,"false","interacts with","SOST (interacts with) ATXN10","0","Q9BQB4","","Q9UBB4",""
"29.0","","interacts with","0","0.469109238","","PODXL (interacts with) SOST",,"0","1","1","1","0.536585366","0.40163311",,"false","interacts with","PODXL (interacts with) SOST","0","O00592","","Q9BQB4",""
"26.0","","interacts with","0","0.476426311",""," (interacts with) SOST",,"0","1","1","1","0.551219512","0.401633111",,"false","interacts with"," (interacts with) SOST","0","Q6ZVL8","","Q9BQB4",""
"32.0","","interacts with","0","0.476426198","","SMTNL1 (interacts with) SOST",,"0","1","1","1","0.551219512","0.401632883",,"false","interacts with","SMTNL1 (interacts with) SOST","0","A8MU46","","Q9BQB4",""
"29.0","","interacts with","0","0.476426271","","CCDC166 (interacts with) SOST",,"0","1","1","1","0.551219512","0.40163303",,"false","interacts with","CCDC166 (interacts with) SOST","0","P0CW27","","Q9BQB4",""
"32.0","","interacts with","0","0.469109272","","SOST (interacts with) AMDHD2",,"1","0","1","1","0.536585366","0.401633179",,"false","interacts with","SOST (interacts with) AMDHD2","0","Q9BQB4","","Q9Y303",""
"32.0","","interacts with","0","0.461792254","","IGKV3D-15 (interacts with) SOST",,"0","1","1","1","0.52195122","0.401633289",,"false","interacts with","IGKV3D-15 (interacts with) SOST","0","A0A087WSY6","","Q9BQB4",""
"27.0","","interacts with","0","0.476426176","","SOST (interacts with) SPZ1",,"1","0","1","1","0.551219512","0.401632839",,"false","interacts with","SOST (interacts with) SPZ1","0","Q9BQB4","","Q9BXG8",""
"28.0","","interacts with","0","0.464231222","","ODAPH (interacts with) SOST",,"0","1","1","1","0.526829268","0.401633175",,"false","interacts with","ODAPH (interacts with) SOST","0","Q17RF5","","Q9BQB4",""
"27.0","","interacts with","0","0.476426178","","TRAF3IP1 (interacts with) SOST",,"0","1","1","1","0.551219512","0.401632845",,"false","interacts with","TRAF3IP1 (interacts with) SOST","0","Q8TDR0","","Q9BQB4",""
"32.0","","interacts with","0","0.47642623","","CREB3L4 (interacts with) SOST",,"0","1","1","1","0.551219512","0.401632947",,"false","interacts with","CREB3L4 (interacts with) SOST","0","Q8TEY5","","Q9BQB4",""
"28.0","","interacts with","0","0.476426227","","SOST (interacts with) RANBP3",,"1","0","1","1","0.551219512","0.401632942",,"false","interacts with","SOST (interacts with) RANBP3","0","Q9BQB4","","Q9H6Z4",""
"32.0","","interacts with","0","0.476426237","","UNCX (interacts with) SOST",,"0","1","1","1","0.551219512","0.401632961",,"false","interacts with","UNCX (interacts with) SOST","0","A6NJT0","","Q9BQB4",""
"32.0","","interacts with","0","0.476426266","","SOST (interacts with) HEYL",,"1","0","1","1","0.551219512","0.40163302",,"false","interacts with","SOST (interacts with) HEYL","0","Q9BQB4","","Q9NQ87",""
"3.0","","interacts with","0","0.461792241","","ODAPH (interacts with) PODXL",,"0","0","0","1","0.52195122","0.401633262",,"false","interacts with","ODAPH (interacts with) PODXL","0","Q17RF5","","O00592",""
"3.0","","interacts with","0","0.461753008",""," (interacts with) SPZ1",,"0","0","0","1","0.52195122","0.401554797",,"false","interacts with"," (interacts with) SPZ1","0","Q6ZVL8","","Q9BXG8",""
"3.0","","interacts with","0","0.476387212",""," (interacts with) TRAF3IP1",,"0","0","0","1","0.551219512","0.401554912",,"false","interacts with"," (interacts with) TRAF3IP1","0","Q6ZVL8","","Q8TDR0",""
"4.0","","interacts with","0","0.476387147",""," (interacts with) RANBP3",,"0","0","0","1","0.551219512","0.401554782",,"false","interacts with"," (interacts with) RANBP3","0","Q6ZVL8","","Q9H6Z4",""
"3.0","","interacts with","0","0.464192393","","ODAPH (interacts with) CCDC166",,"0","0","0","1","0.526829268","0.401555517",,"false","interacts with","ODAPH (interacts with) CCDC166","0","Q17RF5","","P0CW27",""
"2.0","","interacts with","0","0.461753093","","TRAF3IP1 (interacts with) SPZ1",,"0","0","0","1","0.52195122","0.401554967",,"false","interacts with","TRAF3IP1 (interacts with) SPZ1","0","Q8TDR0","","Q9BXG8",""
"37.0","","interacts with","0","0.476426267","","MYCN (interacts with) RAB38",,"1","0","1","1","0.551219512","0.401633023",,"false","interacts with","MYCN (interacts with) RAB38","0","P04198","","P57729",""
"31.999999999999993","","interacts with","0","0.47642622","","SMIM44 (interacts with) MYCN",,"0","1","1","1","0.551219512","0.401632928",,"false","interacts with","SMIM44 (interacts with) MYCN","0","A0A286YF18","","P04198",""
"47.0","","interacts with","0","0.476426204","","IGKV2D-30 (interacts with) MYCN",,"0","1","1","1","0.551219512","0.401632895",,"false","interacts with","IGKV2D-30 (interacts with) MYCN","0","A0A075B6S6","","P04198",""
"37.0","","interacts with","0","0.476426162","","NKX2-8 (interacts with) MYCN",,"0","1","1","1","0.551219512","0.401632813",,"false","interacts with","NKX2-8 (interacts with) MYCN","0","O15522","","P04198",""
"28.999999999999996","","interacts with","0","0.464231191","","ADARB2-AS1 (interacts with) MYCN",,"0","1","1","1","0.526829268","0.401633115",,"false","interacts with","ADARB2-AS1 (interacts with) MYCN","0","A8MUL3","","P04198",""
"30.333333333333336","","interacts with","0","0.476426272","","MYCN (interacts with) TDGF1",,"1","0","1","1","0.551219512","0.401633033","0.146054181","false","interacts with","MYCN (interacts with) TDGF1","1","P04198","","P13385",""
"31.666666666666668","","interacts with","0","0.464231282","","MYCN (interacts with) ARF5",,"1","0","1","1","0.526829268","0.401633295",,"false","interacts with","MYCN (interacts with) ARF5","0","P04198","","P84085",""
"6.75","","interacts with","0","0.476426181","","PHACTR2 (interacts with) MYCN",,"0","1","1","1","0.551219512","0.40163285",,"false","interacts with","PHACTR2 (interacts with) MYCN","0","O75167","","P04198",""
"34.25","","interacts with","0","0.47642656","","MYCN (interacts with) FAM117B",,"1","0","1","1","0.551219512","0.401633607",,"false","interacts with","MYCN (interacts with) FAM117B","0","P04198","","Q6P1L5",""
"37.0","","interacts with","0","0.464231164","","MYCN (interacts with) CFAP418",,"1","0","1","1","0.526829268","0.40163306",,"false","interacts with","MYCN (interacts with) CFAP418","0","P04198","","Q96NL8",""
"32.666666666666664","","interacts with","0","0.476426231","","IGHV3-9 (interacts with) MYCN",,"0","1","1","1","0.551219512","0.40163295",,"false","interacts with","IGHV3-9 (interacts with) MYCN","0","P01782","","P04198",""
"48.66666666666667","","interacts with","0","0.476426257","","MYCN (interacts with) SYT14P1",,"1","0","1","1","0.551219512","0.401633001",,"false","interacts with","MYCN (interacts with) SYT14P1","0","P04198","","Q58G82",""
"31.999999999999996","","interacts with","0","0.464231328","","MYCN (interacts with) ARHGAP11B",,"1","0","1","1","0.526829268","0.401633388",,"false","interacts with","MYCN (interacts with) ARHGAP11B","0","P04198","","Q3KRB8",""
"32.33333333333333","","interacts with","0","0.476426291","","FAM237B (interacts with) MYCN",,"0","1","1","1","0.551219512","0.40163307",,"false","interacts with","FAM237B (interacts with) MYCN","0","A0A1B0GVD1","","P04198",""
"27.333333333333325","","interacts with","0","0.476426286","","TRAV6 (interacts with) MYCN",,"0","1","1","1","0.551219512","0.401633059",,"false","interacts with","TRAV6 (interacts with) MYCN","0","A0A075B6T7","","P04198",""
"53.0","","interacts with","0","0.476426183","","IGHV1-69D (interacts with) MYCN",,"0","1","1","1","0.551219512","0.401632854",,"false","interacts with","IGHV1-69D (interacts with) MYCN","0","A0A0B4J2H0","","P04198",""
"28.500000000000004","","interacts with","0","0.46423117","","MYCN (interacts with) PDCL2",,"1","0","1","1","0.526829268","0.401633073",,"false","interacts with","MYCN (interacts with) PDCL2","0","P04198","","Q8N4E4",""
"37.0","","interacts with","0","0.47642623","","MYCN (interacts with) UBE2W",,"1","0","1","1","0.551219512","0.401632947",,"false","interacts with","MYCN (interacts with) UBE2W","0","P04198","","Q96B02",""
"32.66666666666667","","interacts with","0","0.464231189","","RFPL4AL1 (interacts with) MYCN",,"0","1","1","1","0.526829268","0.40163311",,"false","interacts with","RFPL4AL1 (interacts with) MYCN","0","F8VTS6","","P04198",""
"30.666666666666664","","interacts with","0","0.464231188","","MYCN (interacts with) SINHCAF",,"1","0","1","1","0.526829268","0.401633108",,"false","interacts with","MYCN (interacts with) SINHCAF","0","P04198","","Q9NP50",""
"31.833333333333332","","interacts with","0","0.476426418","","MYCN (interacts with) HDGFL1",,"1","0","1","1","0.551219512","0.401633324",,"false","interacts with","MYCN (interacts with) HDGFL1","0","P04198","","Q5TGJ6",""
"46.16666666666667","","interacts with","0","0.476426269","","IGHV1-69 (interacts with) MYCN",,"0","1","1","1","0.551219512","0.401633026",,"false","interacts with","IGHV1-69 (interacts with) MYCN","0","P01742","","P04198",""
"31.999999999999996","","interacts with","0","0.476426261","","TRAV12-1 (interacts with) MYCN",,"0","1","1","1","0.551219512","0.40163301",,"false","interacts with","TRAV12-1 (interacts with) MYCN","0","A0A0B4J245","","P04198",""
"40.33333333333333","","interacts with","0","0.464231201","","MYCN (interacts with) SFRP2",,"1","0","1","1","0.526829268","0.401633133",,"false","interacts with","MYCN (interacts with) SFRP2","0","P04198","","Q96HF1",""
"25.666666666666668","","interacts with","0","0.476426356","","MYCN (interacts with) PRXL2A",,"1","0","1","1","0.551219512","0.4016332",,"false","interacts with","MYCN (interacts with) PRXL2A","0","P04198","","Q9BRX8",""
"37.0","","interacts with","0","0.476426318","","MYCN (interacts with) C11orf40",,"1","0","1","1","0.551219512","0.401633124",,"false","interacts with","MYCN (interacts with) C11orf40","0","P04198","","Q8WZ69",""
"34.333333333333336","","interacts with","0","0.476426307","","MYCN (interacts with) ARPIN",,"1","0","1","1","0.551219512","0.401633101",,"false","interacts with","MYCN (interacts with) ARPIN","0","P04198","","Q7Z6K5",""
"26.66666666666666","","interacts with","0","0.476426305","","IGLV1-36 (interacts with) MYCN",,"0","1","1","1","0.551219512","0.401633099",,"false","interacts with","IGLV1-36 (interacts with) MYCN","0","A0A0B4J1U3","","P04198",""
"25.666666666666668","","interacts with","0","0.464231198","","MYCN (interacts with) CHCT1",,"1","0","1","1","0.526829268","0.401633128",,"false","interacts with","MYCN (interacts with) CHCT1","0","P04198","","Q86WR6",""
"52.0","","interacts with","0","0.46423124","","MYCN (interacts with) PRELID2",,"1","0","1","1","0.526829268","0.401633212",,"false","interacts with","MYCN (interacts with) PRELID2","0","P04198","","Q8N945",""
"23.0","","interacts with","0","0.469070154","","RAB38 (interacts with) PHACTR2",,"0","0","0","1","0.536585366","0.401554942",,"false","interacts with","RAB38 (interacts with) PHACTR2","0","P57729","","O75167",""
"21.249999999999996","","interacts with","0","0.476387172","","PHACTR2 (interacts with) SMIM44",,"0","0","0","1","0.551219512","0.401554832",,"false","interacts with","PHACTR2 (interacts with) SMIM44","0","O75167","","A0A286YF18",""
"7.249999999999998","","interacts with","0","0.46419233","","FAM117B (interacts with) SMIM44",,"0","0","0","1","0.526829268","0.401555391",,"false","interacts with","FAM117B (interacts with) SMIM44","0","Q6P1L5","","A0A286YF18",""
"10.0","","interacts with","0","0.464192202","","IGKV2D-30 (interacts with) FAM117B",,"0","0","0","1","0.526829268","0.401555136",,"false","interacts with","IGKV2D-30 (interacts with) FAM117B","0","A0A075B6S6","","Q6P1L5",""
"5.0","","interacts with","0","0.46419244","","IGKV2D-30 (interacts with) SINHCAF",,"0","0","0","1","0.526829268","0.401555611",,"false","interacts with","IGKV2D-30 (interacts with) SINHCAF","0","A0A075B6S6","","Q9NP50",""
"23.0","","interacts with","0","0.464192117","","PHACTR2 (interacts with) NKX2-8",,"0","0","0","1","0.526829268","0.401554965",,"false","interacts with","PHACTR2 (interacts with) NKX2-8","0","O75167","","O15522",""
"20.25","","interacts with","0","0.464191987","","ADARB2-AS1 (interacts with) PHACTR2",,"0","0","0","1","0.526829268","0.401554706",,"false","interacts with","ADARB2-AS1 (interacts with) PHACTR2","0","A8MUL3","","O75167",""
"6.583333333333333","","interacts with","0","0.464192079","","ADARB2-AS1 (interacts with) FAM117B",,"0","0","0","1","0.526829268","0.401554889",,"false","interacts with","ADARB2-AS1 (interacts with) FAM117B","0","A8MUL3","","Q6P1L5",""
"4.666666666666666","","interacts with","0","0.461753274","","ADARB2-AS1 (interacts with) PRXL2A",,"0","0","0","1","0.52195122","0.401555328",,"false","interacts with","ADARB2-AS1 (interacts with) PRXL2A","0","A8MUL3","","Q9BRX8",""
"20.666666666666668","","interacts with","0","0.476387178","","PHACTR2 (interacts with) TDGF1",,"0","0","0","1","0.551219512","0.401554844",,"false","interacts with","PHACTR2 (interacts with) TDGF1","0","O75167","","P13385",""
"4.333333333333334","","interacts with","0","0.461792642","","SFRP2 (interacts with) TDGF1",,"0","0","0","1","0.52195122","0.401634065",,"false","interacts with","SFRP2 (interacts with) TDGF1","0","Q96HF1","","P13385",""
"5.333333333333333","","interacts with","0","0.476387752","","CHCT1 (interacts with) TDGF1",,"0","0","0","1","0.551219512","0.401555992",,"false","interacts with","CHCT1 (interacts with) TDGF1","0","Q86WR6","","P13385",""
"21.0","","interacts with","0","0.476387281","","PHACTR2 (interacts with) ARF5",,"0","0","0","1","0.551219512","0.40155505",,"false","interacts with","PHACTR2 (interacts with) ARF5","0","O75167","","P84085",""
"4.0","","interacts with","0","0.476387672","","RFPL4AL1 (interacts with) ARF5",,"0","0","0","1","0.551219512","0.401555832",,"false","interacts with","RFPL4AL1 (interacts with) ARF5","0","F8VTS6","","P84085",""
"5.999999999999999","","interacts with","0","0.469109499","","SFRP2 (interacts with) ARF5",,"0","0","0","1","0.536585366","0.401633632",,"false","interacts with","SFRP2 (interacts with) ARF5","0","Q96HF1","","P84085",""
"23.0","","interacts with","0","0.464192149","","CFAP418 (interacts with) PHACTR2",,"0","0","0","1","0.526829268","0.401555029",,"false","interacts with","CFAP418 (interacts with) PHACTR2","0","Q96NL8","","O75167",""
"21.666666666666664","","interacts with","0","0.476387208","","PHACTR2 (interacts with) IGHV3-9",,"0","0","0","1","0.551219512","0.401554903",,"false","interacts with","PHACTR2 (interacts with) IGHV3-9","0","O75167","","P01782",""
"21.249999999999996","","interacts with","0","0.476387354","","ARHGAP11B (interacts with) PHACTR2",,"0","0","0","1","0.551219512","0.401555196",,"false","interacts with","ARHGAP11B (interacts with) PHACTR2","0","Q3KRB8","","O75167",""
"21.333333333333332","","interacts with","0","0.464192204","","FAM237B (interacts with) PHACTR2",,"0","0","0","1","0.526829268","0.40155514",,"false","interacts with","FAM237B (interacts with) PHACTR2","0","A0A1B0GVD1","","O75167",""
"19.583333333333332","","interacts with","0","0.476387236","","PHACTR2 (interacts with) TRAV6",,"0","0","0","1","0.551219512","0.401554959",,"false","interacts with","PHACTR2 (interacts with) TRAV6","0","O75167","","A0A075B6T7",""
"20.333333333333332","","interacts with","0","0.476387208","","PHACTR2 (interacts with) PDCL2",,"0","0","0","1","0.551219512","0.401554903",,"false","interacts with","PHACTR2 (interacts with) PDCL2","0","O75167","","Q8N4E4",""
"23.0","","interacts with","0","0.476387099","","PHACTR2 (interacts with) UBE2W",,"0","0","0","1","0.551219512","0.401554686",,"false","interacts with","PHACTR2 (interacts with) UBE2W","0","O75167","","Q96B02",""
"22.33333333333333","","interacts with","0","0.464192165","","RFPL4AL1 (interacts with) PHACTR2",,"0","0","0","1","0.526829268","0.401555062",,"false","interacts with","RFPL4AL1 (interacts with) PHACTR2","0","F8VTS6","","O75167",""
"22.999999999999993","","interacts with","0","0.476387178","","PHACTR2 (interacts with) SINHCAF",,"0","0","0","1","0.551219512","0.401554843",,"false","interacts with","PHACTR2 (interacts with) SINHCAF","0","O75167","","Q9NP50",""
"21.333333333333332","","interacts with","0","0.464192086","","PHACTR2 (interacts with) HDGFL1",,"0","0","0","1","0.526829268","0.401554903",,"false","interacts with","PHACTR2 (interacts with) HDGFL1","0","O75167","","Q5TGJ6",""
"21.249999999999996","","interacts with","0","0.476387262","","PHACTR2 (interacts with) TRAV12-1",,"0","0","0","1","0.551219512","0.401555011",,"false","interacts with","PHACTR2 (interacts with) TRAV12-1","0","O75167","","A0A0B4J245",""
"20.416666666666664","","interacts with","0","0.476387206","","PRXL2A (interacts with) PHACTR2",,"0","0","0","1","0.551219512","0.4015549",,"false","interacts with","PRXL2A (interacts with) PHACTR2","0","Q9BRX8","","O75167",""
"23.0","","interacts with","0","0.476387297","","C11orf40 (interacts with) PHACTR2",,"0","0","0","1","0.551219512","0.401555081",,"false","interacts with","C11orf40 (interacts with) PHACTR2","0","Q8WZ69","","O75167",""
"21.33333333333333","","interacts with","0","0.476387221","","PHACTR2 (interacts with) ARPIN",,"0","0","0","1","0.551219512","0.401554929",,"false","interacts with","PHACTR2 (interacts with) ARPIN","0","O75167","","Q7Z6K5",""
"18.25","","interacts with","0","0.4763871","","IGLV1-36 (interacts with) PHACTR2",,"0","0","0","1","0.551219512","0.401554687",,"false","interacts with","IGLV1-36 (interacts with) PHACTR2","0","A0A0B4J1U3","","O75167",""
"20.666666666666668","","interacts with","0","0.476387168","","CHCT1 (interacts with) PHACTR2",,"0","0","0","1","0.551219512","0.401554823",,"false","interacts with","CHCT1 (interacts with) PHACTR2","0","Q86WR6","","O75167",""
"7.25","","interacts with","0","0.476387482","","ARHGAP11B (interacts with) FAM117B",,"0","0","0","1","0.551219512","0.401555452",,"false","interacts with","ARHGAP11B (interacts with) FAM117B","0","Q3KRB8","","Q6P1L5",""
"8.25","","interacts with","0","0.476387421","","TRAV6 (interacts with) FAM117B",,"0","0","0","1","0.551219512","0.40155533",,"false","interacts with","TRAV6 (interacts with) FAM117B","0","A0A075B6T7","","Q6P1L5",""
"7.249999999999999","","interacts with","0","0.464192383","","FAM117B (interacts with) TRAV12-1",,"0","0","0","1","0.526829268","0.401555498",,"false","interacts with","FAM117B (interacts with) TRAV12-1","0","Q6P1L5","","A0A0B4J245",""
"9.583333333333332","","interacts with","0","0.476387286","","PRXL2A (interacts with) FAM117B",,"0","0","0","1","0.551219512","0.40155506",,"false","interacts with","PRXL2A (interacts with) FAM117B","0","Q9BRX8","","Q6P1L5",""
"10.25","","interacts with","0","0.476387153","","IGLV1-36 (interacts with) FAM117B",,"0","0","0","1","0.551219512","0.401554794",,"false","interacts with","IGLV1-36 (interacts with) FAM117B","0","A0A0B4J1U3","","Q6P1L5",""
"5.666666666666666","","interacts with","0","0.476387154","","PRXL2A (interacts with) IGHV3-9",,"0","0","0","1","0.551219512","0.401554796",,"false","interacts with","PRXL2A (interacts with) IGHV3-9","0","Q9BRX8","","P01782",""
"4.333333333333333","","interacts with","0","0.464192323","","RFPL4AL1 (interacts with) SYT14P1",,"0","0","0","1","0.526829268","0.401555378",,"false","interacts with","RFPL4AL1 (interacts with) SYT14P1","0","F8VTS6","","Q58G82",""
"8.333333333333332","","interacts with","0","0.464192554","","CHCT1 (interacts with) SYT14P1",,"0","0","0","1","0.526829268","0.401555839",,"false","interacts with","CHCT1 (interacts with) SYT14P1","0","Q86WR6","","Q58G82",""
"6.333333333333333","","interacts with","0","0.469070245","","CHCT1 (interacts with) FAM237B",,"0","0","0","1","0.536585366","0.401555124",,"false","interacts with","CHCT1 (interacts with) FAM237B","0","Q86WR6","","A0A1B0GVD1",""
"7.333333333333333","","interacts with","0","0.476387488","","CHCT1 (interacts with) TRAV6",,"0","0","0","1","0.551219512","0.401555464",,"false","interacts with","CHCT1 (interacts with) TRAV6","0","Q86WR6","","A0A075B6T7",""
"7.0","","interacts with","0","0.464192581","","PRXL2A (interacts with) IGHV1-69D",,"0","0","0","1","0.526829268","0.401555895",,"false","interacts with","PRXL2A (interacts with) IGHV1-69D","0","Q9BRX8","","A0A0B4J2H0",""
"5.333333333333333","","interacts with","0","0.461753395","","IGHV1-69 (interacts with) PDCL2",,"0","0","0","1","0.52195122","0.40155557",,"false","interacts with","IGHV1-69 (interacts with) PDCL2","0","P01742","","Q8N4E4",""
"6.999999999999999","","interacts with","0","0.476427237","","SFRP2 (interacts with) PDCL2",,"0","0","0","1","0.551219512","0.401634961",,"false","interacts with","SFRP2 (interacts with) PDCL2","0","Q96HF1","","Q8N4E4",""
"5.833333333333333","","interacts with","0","0.464192046","","IGLV1-36 (interacts with) PDCL2",,"0","0","0","1","0.526829268","0.401554824",,"false","interacts with","IGLV1-36 (interacts with) PDCL2","0","A0A0B4J1U3","","Q8N4E4",""
"5.999999999999998","","interacts with","0","0.476427238","","SFRP2 (interacts with) SINHCAF",,"0","0","0","1","0.551219512","0.401634963",,"false","interacts with","SFRP2 (interacts with) SINHCAF","0","Q96HF1","","Q9NP50",""
"4.333333333333333","","interacts with","0","0.464192468","","IGHV1-69 (interacts with) HDGFL1",,"0","0","0","1","0.526829268","0.401555668",,"false","interacts with","IGHV1-69 (interacts with) HDGFL1","0","P01742","","Q5TGJ6",""
"4.833333333333333","","interacts with","0","0.464192459","","IGLV1-36 (interacts with) HDGFL1",,"0","0","0","1","0.526829268","0.40155565",,"false","interacts with","IGLV1-36 (interacts with) HDGFL1","0","A0A0B4J1U3","","Q5TGJ6",""
"7.833333333333333","","interacts with","0","0.464192581","","PRXL2A (interacts with) IGHV1-69",,"0","0","0","1","0.526829268","0.401555894",,"false","interacts with","PRXL2A (interacts with) IGHV1-69","0","Q9BRX8","","P01742",""
"8.333333333333334","","interacts with","0","0.461753156","","CHCT1 (interacts with) SFRP2",,"0","0","0","1","0.52195122","0.401555093",,"false","interacts with","CHCT1 (interacts with) SFRP2","0","Q86WR6","","Q96HF1",""
"4.333333333333333","","interacts with","0","0.461752994","","IGLV1-36 (interacts with) ARPIN",,"0","0","0","1","0.52195122","0.401554769",,"false","interacts with","IGLV1-36 (interacts with) ARPIN","0","A0A0B4J1U3","","Q7Z6K5",""
"8.0","","interacts with","0","0.464193267","","CHCT1 (interacts with) PRELID2",,"0","0","0","1","0.526829268","0.401557267",,"false","interacts with","CHCT1 (interacts with) PRELID2","0","Q86WR6","","Q8N945",""
"28.0","","interacts with","0","0.564246195","","DNAJA2 (interacts with) PTPN18",,"0","0","0","1","0.726829268","0.401663121",,"false","interacts with","DNAJA2 (interacts with) PTPN18","0","O60884","","Q99952",""
"16.0","","interacts with","0","0.564068353","","PTPN18 (interacts with) ARF1",,"0","0","0","1","0.726829268","0.401307438",,"false","interacts with","PTPN18 (interacts with) ARF1","0","Q99952","","P84077",""
"36.0","","interacts with","0","0.561630068","","FITM2 (interacts with) CMKLR1",,"0","0","0","1","0.72195122","0.401308917",,"false","interacts with","FITM2 (interacts with) CMKLR1","0","Q8N6M3","","Q99788",""
"28.0","","interacts with","0","0.561630401","","FITM2 (interacts with) CCR6",,"0","0","0","1","0.72195122","0.401309583",,"false","interacts with","FITM2 (interacts with) CCR6","0","Q8N6M3","","P51684",""
"40.0","","interacts with","0","0.563863854","","NOCT (interacts with) CMKLR1",,"0","0","0","1","0.726829268","0.40089844",,"false","interacts with","NOCT (interacts with) CMKLR1","0","Q9UK39","","Q99788",""
"16.0","","interacts with","0","0.561499897","","CRTAC1 (interacts with) NOCT",,"0","0","0","1","0.72195122","0.401048574",,"false","interacts with","CRTAC1 (interacts with) NOCT","0","Q9NQ79","","Q9UK39",""
"36.0","","interacts with","0","0.561839433","","DNAJA2 (interacts with) NOCT",,"0","0","0","1","0.72195122","0.401727647",,"false","interacts with","DNAJA2 (interacts with) NOCT","0","O60884","","Q9UK39",""
"16.0","","interacts with","0","0.617726331","","DEFB4B (interacts with) CCR6",,"0","0","0","1","0.834146341","0.401306321",,"false","interacts with","DEFB4B (interacts with) CCR6","0","O15263","","P51684",""
"0.0","","interacts with","0","0.607495679","","BMP7 (interacts with) BMP7",,"1","1","1","1","0.814634146","0.400357211",,"false","interacts with","BMP7 (interacts with) BMP7","0","P18075","","P18075",""
"9.5","","interacts with","0","0.47642622","","BMP7 (interacts with) FAM83C",,"1","0","1","1","0.551219512","0.401632929",,"false","interacts with","BMP7 (interacts with) FAM83C","0","P18075","","Q9BQN1",""
"8.95079365079365","","interacts with","0","0.476426206","","PRKACA (interacts with) BMP7",,"1","1","1","1","0.551219512","0.401632899","0.115429918","false","interacts with","PRKACA (interacts with) BMP7","1","P17612","","P18075",""
"7.8","","interacts with","0","0.476426264","","BMP7 (interacts with) ARHGAP28",,"1","0","1","1","0.551219512","0.401633017",,"false","interacts with","BMP7 (interacts with) ARHGAP28","0","P18075","","Q9P2N2",""
"8.866666666666667","","interacts with","0","0.476426351","","ACP5 (interacts with) BMP7",,"0","1","1","1","0.551219512","0.401633191",,"false","interacts with","ACP5 (interacts with) BMP7","0","P13686","","P18075",""
"6.819047619047619","","interacts with","0","0.476426264","","SKI (interacts with) BMP7",,"0","1","1","1","0.551219512","0.401633016",,"false","interacts with","SKI (interacts with) BMP7","0","P12755","","P18075",""
"6.488888888888889","","interacts with","0","0.476426244","","SULT1A4 (interacts with) BMP7",,"0","1","1","1","0.551219512","0.401632975",,"false","interacts with","SULT1A4 (interacts with) BMP7","0","P0DMN0","","P18075",""
"7.338961038961039","","interacts with","0","0.476426285","","BMP7 (interacts with) IL16",,"1","0","1","1","0.551219512","0.401633058",,"false","interacts with","BMP7 (interacts with) IL16","0","P18075","","Q14005",""
"5.5619047619047635","","interacts with","0","0.476426197","","BMP7 (interacts with) SULT1A1",,"1","0","1","1","0.551219512","0.401632883",,"false","interacts with","BMP7 (interacts with) SULT1A1","0","P18075","","P50225",""
"6.954761904761906","","interacts with","0","0.476426321","","BMP7 (interacts with) ASXL2",,"1","0","1","1","0.551219512","0.40163313",,"false","interacts with","BMP7 (interacts with) ASXL2","0","P18075","","Q76L83",""
"9.533333333333333","","interacts with","0","0.476426256","","BMP7 (interacts with) SH3D19",,"1","0","1","1","0.551219512","0.401633",,"false","interacts with","BMP7 (interacts with) SH3D19","0","P18075","","Q5HYK7",""
"6.9523809523809526","","interacts with","0","0.464231188","","BMP7 (interacts with) NXPH1",,"1","0","1","1","0.526829268","0.401633108",,"false","interacts with","BMP7 (interacts with) NXPH1","0","P18075","","P58417",""
"7.685714285714286","","interacts with","0","0.461816136","","TPR (interacts with) BMP7",,"0","1","1","1","0.52195122","0.401681052",,"false","interacts with","TPR (interacts with) BMP7","0","P12270","","P18075",""
"8.533333333333335","","interacts with","0","0.476426281","","ATP2C2 (interacts with) BMP7",,"0","1","1","1","0.551219512","0.40163305",,"false","interacts with","ATP2C2 (interacts with) BMP7","0","O75185","","P18075",""
"5.9714285714285715","","interacts with","0","0.464231184","","BMP7 (interacts with) SYT9",,"1","0","1","1","0.526829268","0.4016331",,"false","interacts with","BMP7 (interacts with) SYT9","0","P18075","","Q86SS6",""
"6.284199134199134","","interacts with","0","0.476426233","","BMP7 (interacts with) FAM184B",,"1","0","1","1","0.551219512","0.401632953",,"false","interacts with","BMP7 (interacts with) FAM184B","0","P18075","","Q9ULE4",""
"10.333333333333334","","interacts with","0","0.464231275","","TBKBP1 (interacts with) BMP7",,"0","1","1","1","0.526829268","0.401633281",,"false","interacts with","TBKBP1 (interacts with) BMP7","0","A7MCY6","","P18075",""
"16.642857142857142","","interacts with","0","0.476426257","","PRKACA (interacts with) FAM83C",,"1","0","1","1","0.551219512","0.401633002",,"false","interacts with","PRKACA (interacts with) FAM83C","0","P17612","","Q9BQN1",""
"8.976190476190476","","interacts with","0","0.476387201","","SULT1A1 (interacts with) FAM83C",,"0","0","0","1","0.551219512","0.401554891",,"false","interacts with","SULT1A1 (interacts with) FAM83C","0","P50225","","Q9BQN1",""
"19.166666666666664","","interacts with","0","0.461777099","","TPR (interacts with) FAM83C",,"0","0","0","1","0.52195122","0.401602978",,"false","interacts with","TPR (interacts with) FAM83C","0","P12270","","Q9BQN1",""
"0.0","","interacts with","0","0.670084774","","PRKACA (interacts with) PRKACA",,"1","1","1","1","0.941463415","0.398706133",,"false","interacts with","PRKACA (interacts with) PRKACA","0","P17612","","P17612",""
"11.900000000000004","","interacts with","0","0.476426149","","PRKACA (interacts with) ARHGAP28",,"1","0","1","1","0.551219512","0.401632786",,"false","interacts with","PRKACA (interacts with) ARHGAP28","0","P17612","","Q9P2N2",""
"21.0","","interacts with","0","0.476426325","","PRKACA (interacts with) NCAPH",,"1","0","1","1","0.551219512","0.401633138",,"false","interacts with","PRKACA (interacts with) NCAPH","0","P17612","","Q15003",""
"15.976190476190474","","interacts with","0","0.476426339","","PRKACA (interacts with) MFSD4A",,"1","0","1","1","0.551219512","0.401633165",,"false","interacts with","PRKACA (interacts with) MFSD4A","0","P17612","","Q8N468",""
"17.333333333333332","","interacts with","0","0.476426302","","PRKACA (interacts with) RIOX2",,"1","0","1","1","0.551219512","0.401633093",,"false","interacts with","PRKACA (interacts with) RIOX2","0","P17612","","Q8IUF8",""
"11.561904761904762","","interacts with","0","0.476426224","","SKI (interacts with) PRKACA",,"0","1","1","1","0.551219512","0.401632936","0.014134276","false","interacts with","SKI (interacts with) PRKACA","1","P12755","","P17612",""
"15.265079365079364","","interacts with","0","0.464231305","","PRKACA (interacts with) BTBD16",,"1","0","1","1","0.526829268","0.401633342",,"false","interacts with","PRKACA (interacts with) BTBD16","0","P17612","","Q32M84",""
"8.418326118326119","","interacts with","0","0.476426173","","PRKACA (interacts with) IL16",,"1","0","1","1","0.551219512","0.401632834",,"false","interacts with","PRKACA (interacts with) IL16","0","P17612","","Q14005",""
"13.267460317460317","","interacts with","0","0.476426321","","PRKACA (interacts with) ASXL2",,"1","0","1","1","0.551219512","0.40163313",,"false","interacts with","PRKACA (interacts with) ASXL2","0","P17612","","Q76L83",""
"17.5","","interacts with","0","0.469109424","","PRKACA (interacts with) NMUR1",,"1","0","1","1","0.536585366","0.401633483",,"false","interacts with","PRKACA (interacts with) NMUR1","0","P17612","","Q9HB89",""
"15.342857142857143","","interacts with","0","0.476426254","","PRKACA (interacts with) SH3D19",,"1","0","1","1","0.551219512","0.401632996",,"false","interacts with","PRKACA (interacts with) SH3D19","0","P17612","","Q5HYK7",""
"13.122222222222224","","interacts with","0","0.46423122","","PRKACA (interacts with) TC2N",,"1","0","1","1","0.526829268","0.401633172",,"false","interacts with","PRKACA (interacts with) TC2N","0","P17612","","Q8N9U0",""
"11.066666666666666","","interacts with","0","0.464231215","","PRKACA (interacts with) NXPH1",,"1","0","1","1","0.526829268","0.401633161",,"false","interacts with","PRKACA (interacts with) NXPH1","0","P17612","","P58417",""
"11.761904761904761","","interacts with","0","0.476426192","","PRKACA (interacts with) ZMYM5",,"1","0","1","1","0.551219512","0.401632872",,"false","interacts with","PRKACA (interacts with) ZMYM5","0","P17612","","Q9UJ78",""
"3.265079365079365","","interacts with","0","0.461816119","","TPR (interacts with) PRKACA",,"0","1","1","1","0.52195122","0.401681019","0.02237927","false","interacts with","TPR (interacts with) PRKACA","1","P12270","","P17612",""
"14.731746031746031","","interacts with","0","0.476426169","","ATP2C2 (interacts with) PRKACA",,"0","1","1","1","0.551219512","0.401632827",,"false","interacts with","ATP2C2 (interacts with) PRKACA","0","O75185","","P17612",""
"18.666666666666664","","interacts with","0","0.476426329","","RIOK3 (interacts with) PRKACA",,"0","1","1","1","0.551219512","0.401633147",,"false","interacts with","RIOK3 (interacts with) PRKACA","0","O14730","","P17612",""
"15.976190476190474","","interacts with","0","0.47642628","","PRKACA (interacts with) PARP3",,"1","0","1","1","0.551219512","0.401633048",,"false","interacts with","PRKACA (interacts with) PARP3","0","P17612","","Q9Y6F1",""
"15.500000000000002","","interacts with","0","0.476426301","","PRKACA (interacts with) TFCP2",,"1","0","1","1","0.551219512","0.40163309",,"false","interacts with","PRKACA (interacts with) TFCP2","0","P17612","","Q12800",""
"11.384126984126985","","interacts with","0","0.476426323","","PRKACA (interacts with) SYT9",,"1","0","1","1","0.551219512","0.401633135",,"false","interacts with","PRKACA (interacts with) SYT9","0","P17612","","Q86SS6",""
"9.049278499278497","","interacts with","0","0.476426219","","PRKACA (interacts with) FAM184B",,"1","0","1","1","0.551219512","0.401632925",,"false","interacts with","PRKACA (interacts with) FAM184B","0","P17612","","Q9ULE4",""
"15.66666666666667","","interacts with","0","0.47642626","","PRKACA (interacts with) TIGD4",,"1","0","1","1","0.551219512","0.401633008",,"false","interacts with","PRKACA (interacts with) TIGD4","0","P17612","","Q8IY51",""
"8.148484848484848","","interacts with","0","0.476387103","","IL16 (interacts with) ARHGAP28",,"0","0","0","1","0.551219512","0.401554693",,"false","interacts with","IL16 (interacts with) ARHGAP28","0","Q14005","","Q9P2N2",""
"3.8000000000000003","","interacts with","0","0.464192017","","TC2N (interacts with) ARHGAP28",,"0","0","0","1","0.526829268","0.401554766",,"false","interacts with","TC2N (interacts with) ARHGAP28","0","Q8N9U0","","Q9P2N2",""
"3.3","","interacts with","0","0.464192044","","NXPH1 (interacts with) ARHGAP28",,"0","0","0","1","0.526829268","0.40155482",,"false","interacts with","NXPH1 (interacts with) ARHGAP28","0","P58417","","Q9P2N2",""
"13.800000000000002","","interacts with","0","0.46177703","","TPR (interacts with) ARHGAP28",,"0","0","0","1","0.52195122","0.401602841",,"false","interacts with","TPR (interacts with) ARHGAP28","0","P12270","","Q9P2N2",""
"7.081818181818181","","interacts with","0","0.476387101","","FAM184B (interacts with) ARHGAP28",,"0","0","0","1","0.551219512","0.401554691",,"false","interacts with","FAM184B (interacts with) ARHGAP28","0","Q9ULE4","","Q9P2N2",""
"4.999999999999999","","interacts with","0","0.464192019","","TC2N (interacts with) NCAPH",,"0","0","0","1","0.526829268","0.401554769",,"false","interacts with","TC2N (interacts with) NCAPH","0","Q8N9U0","","Q15003",""
"28.000000000000004","","interacts with","0","0.461777031","","TPR (interacts with) NCAPH",,"0","0","0","1","0.52195122","0.401602843",,"false","interacts with","TPR (interacts with) NCAPH","0","P12270","","Q15003",""
"10.500000000000002","","interacts with","0","0.476387275","","MFSD4A (interacts with) IL16",,"0","0","0","1","0.551219512","0.401555037",,"false","interacts with","MFSD4A (interacts with) IL16","0","Q8N468","","Q14005",""
"9.309523809523812","","interacts with","0","0.464192365","","SULT1A1 (interacts with) MFSD4A",,"0","0","0","1","0.526829268","0.401555462",,"false","interacts with","SULT1A1 (interacts with) MFSD4A","0","P50225","","Q8N468",""
"18.499999999999996","","interacts with","0","0.461777145","","TPR (interacts with) MFSD4A",,"0","0","0","1","0.52195122","0.40160307",,"false","interacts with","TPR (interacts with) MFSD4A","0","P12270","","Q8N468",""
"5.333333333333333","","interacts with","0","0.476387371","","ZMYM5 (interacts with) RIOX2",,"0","0","0","1","0.551219512","0.40155523",,"false","interacts with","ZMYM5 (interacts with) RIOX2","0","Q9UJ78","","Q8IUF8",""
"21.0","","interacts with","0","0.461777088","","TPR (interacts with) RIOX2",,"0","0","0","1","0.52195122","0.401602957",,"false","interacts with","TPR (interacts with) RIOX2","0","P12270","","Q8IUF8",""
"11.0","","interacts with","0","0.476426181","","FAM184B (interacts with) RIOX2",,"0","0","0","1","0.551219512","0.401632849",,"false","interacts with","FAM184B (interacts with) RIOX2","0","Q9ULE4","","Q8IUF8",""
"11.834199134199135","","interacts with","0","0.476426368","","ACP5 (interacts with) IL16",,"0","0","0","1","0.551219512","0.401633224",,"false","interacts with","ACP5 (interacts with) IL16","0","P13686","","Q14005",""
"5.569047619047619","","interacts with","0","0.476426353","","ACP5 (interacts with) ASXL2",,"0","0","0","1","0.551219512","0.401633194",,"false","interacts with","ACP5 (interacts with) ASXL2","0","P13686","","Q76L83",""
"19.533333333333335","","interacts with","0","0.461777003","","TPR (interacts with) ACP5",,"0","0","0","1","0.52195122","0.401602786",,"false","interacts with","TPR (interacts with) ACP5","0","P12270","","P13686",""
"9.631818181818183","","interacts with","0","0.476387154","","FAM184B (interacts with) ACP5",,"0","0","0","1","0.551219512","0.401554796",,"false","interacts with","FAM184B (interacts with) ACP5","0","Q9ULE4","","P13686",""
"8.919047619047618","","interacts with","0","0.464231146","","SKI (interacts with) IL16",,"0","0","0","1","0.526829268","0.401633024",,"false","interacts with","SKI (interacts with) IL16","0","P12755","","Q14005",""
"7.561904761904763","","interacts with","0","0.464192046","","SULT1A1 (interacts with) SKI",,"0","0","0","1","0.526829268","0.401554824",,"false","interacts with","SULT1A1 (interacts with) SKI","0","P50225","","P12755",""
"5.1190476190476195","","interacts with","0","0.464231338","","SKI (interacts with) NMUR1",,"0","0","0","1","0.526829268","0.401633407",,"false","interacts with","SKI (interacts with) NMUR1","0","P12755","","Q9HB89",""
"4.185714285714286","","interacts with","0","0.464192046","","SKI (interacts with) NXPH1",,"0","0","0","1","0.526829268","0.401554824",,"false","interacts with","SKI (interacts with) NXPH1","0","P12755","","P58417",""
"13.15238095238095","","interacts with","0","0.461777057","","TPR (interacts with) SKI",,"0","0","0","1","0.52195122","0.401602894",,"false","interacts with","TPR (interacts with) SKI","0","P12270","","P12755",""
"4.538095238095239","","interacts with","0","0.461753086","","SKI (interacts with) SYT9",,"0","0","0","1","0.52195122","0.401554952",,"false","interacts with","SKI (interacts with) SYT9","0","P12755","","Q86SS6",""
"5.122222222222222","","interacts with","0","0.476387283","","SULT1A4 (interacts with) BTBD16",,"0","0","0","1","0.551219512","0.401555054",,"false","interacts with","SULT1A4 (interacts with) BTBD16","0","P0DMN0","","Q32M84",""
"8.975468975468978","","interacts with","0","0.476387187","","SULT1A4 (interacts with) IL16",,"0","0","0","1","0.551219512","0.401554862",,"false","interacts with","SULT1A4 (interacts with) IL16","0","P0DMN0","","Q14005",""
"5.966666666666667","","interacts with","0","0.629436144","","SULT1A4 (interacts with) SULT1A1",,"0","0","0","1","0.858536585","0.400335702",,"false","interacts with","SULT1A4 (interacts with) SULT1A1","0","P0DMN0","","P50225",""
"5.557936507936509","","interacts with","0","0.476387161","","SULT1A4 (interacts with) ASXL2",,"0","0","0","1","0.551219512","0.40155481",,"false","interacts with","SULT1A4 (interacts with) ASXL2","0","P0DMN0","","Q76L83",""
"6.788888888888889","","interacts with","0","0.476387133","","SULT1A4 (interacts with) TC2N",,"0","0","0","1","0.551219512","0.401554753",,"false","interacts with","SULT1A4 (interacts with) TC2N","0","P0DMN0","","Q8N9U0",""
"12.655555555555557","","interacts with","0","0.464216075","","TPR (interacts with) SULT1A4",,"0","0","0","1","0.526829268","0.401602881",,"false","interacts with","TPR (interacts with) SULT1A4","0","P12270","","P0DMN0",""
"5.355555555555556","","interacts with","0","0.476387182","","SULT1A4 (interacts with) ATP2C2",,"0","0","0","1","0.551219512","0.401554851",,"false","interacts with","SULT1A4 (interacts with) ATP2C2","0","P0DMN0","","O75185",""
"4.707936507936509","","interacts with","0","0.476387175","","SULT1A4 (interacts with) SYT9",,"0","0","0","1","0.551219512","0.401554837",,"false","interacts with","SULT1A4 (interacts with) SYT9","0","P0DMN0","","Q86SS6",""
"8.454040404040404","","interacts with","0","0.464192088","","FAM184B (interacts with) SULT1A4",,"0","0","0","1","0.526829268","0.401554908",,"false","interacts with","FAM184B (interacts with) SULT1A4","0","Q9ULE4","","P0DMN0",""
"9.566666666666668","","interacts with","0","0.476387162","","BTBD16 (interacts with) IL16",,"0","0","0","1","0.551219512","0.401554812",,"false","interacts with","BTBD16 (interacts with) IL16","0","Q32M84","","Q14005",""
"7.876190476190477","","interacts with","0","0.476387361","","SULT1A1 (interacts with) BTBD16",,"0","0","0","1","0.551219512","0.40155521",,"false","interacts with","SULT1A1 (interacts with) BTBD16","0","P50225","","Q32M84",""
"16.9","","interacts with","0","0.461777073","","TPR (interacts with) BTBD16",,"0","0","0","1","0.52195122","0.401602927",,"false","interacts with","TPR (interacts with) BTBD16","0","P12270","","Q32M84",""
"8.196103896103896","","interacts with","0","0.476387061","","SULT1A1 (interacts with) IL16",,"0","0","0","1","0.551219512","0.401554611",,"false","interacts with","SULT1A1 (interacts with) IL16","0","P50225","","Q14005",""
"9.74848484848485","","interacts with","0","0.476387059","","TC2N (interacts with) IL16",,"0","0","0","1","0.551219512","0.401554605",,"false","interacts with","TC2N (interacts with) IL16","0","Q8N9U0","","Q14005",""
"7.581818181818181","","interacts with","0","0.476387088","","NXPH1 (interacts with) IL16",,"0","0","0","1","0.551219512","0.401554664",,"false","interacts with","NXPH1 (interacts with) IL16","0","P58417","","Q14005",""
"9.923809523809524","","interacts with","0","0.476426267","","ZMYM5 (interacts with) IL16",,"0","0","0","1","0.551219512","0.401633021",,"false","interacts with","ZMYM5 (interacts with) IL16","0","Q9UJ78","","Q14005",""
"7.153246753246752","","interacts with","0","0.464216142","","TPR (interacts with) IL16",,"0","0","0","1","0.526829268","0.401603015",,"false","interacts with","TPR (interacts with) IL16","0","P12270","","Q14005",""
"12.66666666666667","","interacts with","0","0.476387081","","IL16 (interacts with) RIOK3",,"0","0","0","1","0.551219512","0.40155465",,"false","interacts with","IL16 (interacts with) RIOK3","0","Q14005","","O14730",""
"10.500000000000002","","interacts with","0","0.476387188","","PARP3 (interacts with) IL16",,"0","0","0","1","0.551219512","0.401554864",,"false","interacts with","PARP3 (interacts with) IL16","0","Q9Y6F1","","Q14005",""
"10.848484848484853","","interacts with","0","0.476387114","","IL16 (interacts with) TIGD4",,"0","0","0","1","0.551219512","0.401554716",,"false","interacts with","IL16 (interacts with) TIGD4","0","Q14005","","Q8IY51",""
"12.181818181818182","","interacts with","0","0.47638718","","TBKBP1 (interacts with) IL16",,"0","0","0","1","0.551219512","0.401554848",,"false","interacts with","TBKBP1 (interacts with) IL16","0","A7MCY6","","Q14005",""
"6.9452380952380945","","interacts with","0","0.476387063","","SULT1A1 (interacts with) ASXL2",,"0","0","0","1","0.551219512","0.401554614",,"false","interacts with","SULT1A1 (interacts with) ASXL2","0","P50225","","Q76L83",""
"9.076190476190478","","interacts with","0","0.476387129","","SULT1A1 (interacts with) SH3D19",,"0","0","0","1","0.551219512","0.401554745",,"false","interacts with","SULT1A1 (interacts with) SH3D19","0","P50225","","Q5HYK7",""
"7.995238095238095","","interacts with","0","0.476387162","","SULT1A1 (interacts with) ZMYM5",,"0","0","0","1","0.551219512","0.401554812",,"false","interacts with","SULT1A1 (interacts with) ZMYM5","0","P50225","","Q9UJ78",""
"9.776190476190475","","interacts with","0","0.464216028","","TPR (interacts with) SULT1A1",,"0","0","0","1","0.526829268","0.401602787",,"false","interacts with","TPR (interacts with) SULT1A1","0","P12270","","P50225",""
"7.909523809523809","","interacts with","0","0.476387106","","SULT1A1 (interacts with) ATP2C2",,"0","0","0","1","0.551219512","0.401554699",,"false","interacts with","SULT1A1 (interacts with) ATP2C2","0","P50225","","O75185",""
"9.309523809523812","","interacts with","0","0.476387187","","SULT1A1 (interacts with) PARP3",,"0","0","0","1","0.551219512","0.401554862",,"false","interacts with","SULT1A1 (interacts with) PARP3","0","P50225","","Q9Y6F1",""
"5.661904761904761","","interacts with","0","0.461753132","","SULT1A1 (interacts with) SYT9",,"0","0","0","1","0.52195122","0.401555045",,"false","interacts with","SULT1A1 (interacts with) SYT9","0","P50225","","Q86SS6",""
"10.893722943722944","","interacts with","0","0.464192095","","FAM184B (interacts with) SULT1A1",,"0","0","0","1","0.526829268","0.401554922",,"false","interacts with","FAM184B (interacts with) SULT1A1","0","Q9ULE4","","P50225",""
"5.4714285714285715","","interacts with","0","0.476387047","","ZMYM5 (interacts with) ASXL2",,"0","0","0","1","0.551219512","0.401554582",,"false","interacts with","ZMYM5 (interacts with) ASXL2","0","Q9UJ78","","Q76L83",""
"13.502380952380953","","interacts with","0","0.464216193","","TPR (interacts with) ASXL2",,"0","0","0","1","0.526829268","0.401603117",,"false","interacts with","TPR (interacts with) ASXL2","0","P12270","","Q76L83",""
"6.05","","interacts with","0","0.476387035","","TFCP2 (interacts with) ASXL2",,"0","0","0","1","0.551219512","0.401554558",,"false","interacts with","TFCP2 (interacts with) ASXL2","0","Q12800","","Q76L83",""
"3.6500000000000004","","interacts with","0","0.476387158","","SYT9 (interacts with) ASXL2",,"0","0","0","1","0.551219512","0.401554804",,"false","interacts with","SYT9 (interacts with) ASXL2","0","Q86SS6","","Q76L83",""
"21.166666666666668","","interacts with","0","0.461777103","","TPR (interacts with) NMUR1",,"0","0","0","1","0.52195122","0.401602986",,"false","interacts with","TPR (interacts with) NMUR1","0","P12270","","Q9HB89",""
"10.785714285714285","","interacts with","0","0.476387157","","FAM184B (interacts with) NMUR1",,"0","0","0","1","0.551219512","0.401554803",,"false","interacts with","FAM184B (interacts with) NMUR1","0","Q9ULE4","","Q9HB89",""
"17.866666666666664","","interacts with","0","0.461777097","","TPR (interacts with) SH3D19",,"0","0","0","1","0.52195122","0.401602975",,"false","interacts with","TPR (interacts with) SH3D19","0","P12270","","Q5HYK7",""
"3.9333333333333336","","interacts with","0","0.476387215","","TFCP2 (interacts with) SH3D19",,"0","0","0","1","0.551219512","0.401554918",,"false","interacts with","TFCP2 (interacts with) SH3D19","0","Q12800","","Q5HYK7",""
"14.733333333333336","","interacts with","0","0.461777084","","TPR (interacts with) TC2N",,"0","0","0","1","0.52195122","0.401602948",,"false","interacts with","TPR (interacts with) TC2N","0","P12270","","Q8N9U0",""
"8.415151515151512","","interacts with","0","0.464231148","","FAM184B (interacts with) TC2N",,"0","0","0","1","0.526829268","0.401633029",,"false","interacts with","FAM184B (interacts with) TC2N","0","Q9ULE4","","Q8N9U0",""
"5.1190476190476195","","interacts with","0","0.464192115","","ZMYM5 (interacts with) NXPH1",,"0","0","0","1","0.526829268","0.401554961",,"false","interacts with","ZMYM5 (interacts with) NXPH1","0","Q9UJ78","","P58417",""
"12.899999999999999","","interacts with","0","0.464216133","","TPR (interacts with) NXPH1",,"0","0","0","1","0.526829268","0.401602998",,"false","interacts with","TPR (interacts with) NXPH1","0","P12270","","P58417",""
"7.534199134199134","","interacts with","0","0.464192095","","FAM184B (interacts with) NXPH1",,"0","0","0","1","0.526829268","0.401554923",,"false","interacts with","FAM184B (interacts with) NXPH1","0","Q9ULE4","","P58417",""
"13.685714285714285","","interacts with","0","0.461777062","","TPR (interacts with) ZMYM5",,"0","0","0","1","0.52195122","0.401602905",,"false","interacts with","TPR (interacts with) ZMYM5","0","P12270","","Q9UJ78",""
"4.4714285714285715","","interacts with","0","0.461753199","","ZMYM5 (interacts with) SYT9",,"0","0","0","1","0.52195122","0.401555178",,"false","interacts with","ZMYM5 (interacts with) SYT9","0","Q9UJ78","","Q86SS6",""
"16.36666666666667","","interacts with","0","0.461777084","","TPR (interacts with) ATP2C2",,"0","0","0","1","0.52195122","0.401602949",,"false","interacts with","TPR (interacts with) ATP2C2","0","P12270","","O75185",""
"22.66666666666666","","interacts with","0","0.461777073","","TPR (interacts with) RIOK3",,"0","0","0","1","0.52195122","0.401602926",,"false","interacts with","TPR (interacts with) RIOK3","0","P12270","","O14730",""
"18.499999999999996","","interacts with","0","0.46177712","","TPR (interacts with) PARP3",,"0","0","0","1","0.52195122","0.40160302",,"false","interacts with","TPR (interacts with) PARP3","0","P12270","","Q9Y6F1",""
"18.066666666666666","","interacts with","0","0.461777005","","TPR (interacts with) TFCP2",,"0","0","0","1","0.52195122","0.401602791",,"false","interacts with","TPR (interacts with) TFCP2","0","P12270","","Q12800",""
"12.185714285714287","","interacts with","0","0.461777081","","TPR (interacts with) SYT9",,"0","0","0","1","0.52195122","0.401602943",,"false","interacts with","TPR (interacts with) SYT9","0","P12270","","Q86SS6",""
"7.784199134199135","","interacts with","0","0.461777166","","TPR (interacts with) FAM184B",,"0","0","0","1","0.52195122","0.401603113",,"false","interacts with","TPR (interacts with) FAM184B","0","P12270","","Q9ULE4",""
"18.333333333333336","","interacts with","0","0.461777077","","TPR (interacts with) TIGD4",,"0","0","0","1","0.52195122","0.401602935",,"false","interacts with","TPR (interacts with) TIGD4","0","P12270","","Q8IY51",""
"21.666666666666664","","interacts with","0","0.461777073","","TPR (interacts with) TBKBP1",,"0","0","0","1","0.52195122","0.401602927",,"false","interacts with","TPR (interacts with) TBKBP1","0","P12270","","A7MCY6",""
"4.300000000000001","","interacts with","0","0.476387098","","TFCP2 (interacts with) ATP2C2",,"0","0","0","1","0.551219512","0.401554684",,"false","interacts with","TFCP2 (interacts with) ATP2C2","0","Q12800","","O75185",""
"10.383333333333335","","interacts with","0","0.476387099","","FAM184B (interacts with) TFCP2",,"0","0","0","1","0.551219512","0.401554686",,"false","interacts with","FAM184B (interacts with) TFCP2","0","Q9ULE4","","Q12800",""
"7.535714285714286","","interacts with","0","0.476387085","","FAM184B (interacts with) SYT9",,"0","0","0","1","0.551219512","0.401554658",,"false","interacts with","FAM184B (interacts with) SYT9","0","Q9ULE4","","Q86SS6",""
"9.515151515151516","","interacts with","0","0.476387054","","FAM184B (interacts with) TIGD4",,"0","0","0","1","0.551219512","0.401554595",,"false","interacts with","FAM184B (interacts with) TIGD4","0","Q9ULE4","","Q8IY51",""
"10.18181818181818","","interacts with","0","0.476387109","","FAM184B (interacts with) TBKBP1",,"0","0","0","1","0.551219512","0.401554706",,"false","interacts with","FAM184B (interacts with) TBKBP1","0","Q9ULE4","","A7MCY6",""
"0.0","taxid:9606(Homo sapiens)","interacts with","1","0.666044958","""psi-mi:""""MI:0364""""(inferred by curator)""","RELA (interacts with) RELA","2","1","1","1","1","0.926829268","0.405260648",,"false","interacts with","RELA (interacts with) RELA","0","Q04206","Q04206","Q04206","Q04206"
"30.666666666666668","","interacts with","0","0.476426241","","RELA (interacts with) OR51A4",,"1","0","1","1","0.551219512","0.401632969",,"false","interacts with","RELA (interacts with) OR51A4","0","Q04206","","Q8NGJ6",""
"27.666666666666668","","interacts with","0","0.476426305","","RELA (interacts with) OR1M1",,"1","0","1","1","0.551219512","0.401633097",,"false","interacts with","RELA (interacts with) OR1M1","0","Q04206","","Q8NGA1",""
"17.333333333333332","","interacts with","0","0.476426389","","OR6C76 (interacts with) RELA",,"0","1","1","1","0.551219512","0.401633266",,"false","interacts with","OR6C76 (interacts with) RELA","0","A6NM76","","Q04206",""
"38.0","","interacts with","0","0.476426406","","RELA (interacts with) OR10D3",,"1","0","1","1","0.551219512","0.4016333",,"false","interacts with","RELA (interacts with) OR10D3","0","Q04206","","Q8NH80",""
"38.0","","interacts with","0","0.476426242","","RELA (interacts with) BEAN1",,"1","0","1","1","0.551219512","0.401632972",,"false","interacts with","RELA (interacts with) BEAN1","0","Q04206","","Q3B7T3",""
"26.666666666666664","","interacts with","0","0.476426198","","RELA (interacts with) FGF13",,"1","0","1","1","0.551219512","0.401632884",,"false","interacts with","RELA (interacts with) FGF13","0","Q04206","","Q92913",""
"29.0","","interacts with","0","0.476426208","","RELA (interacts with) NAA11",,"1","0","1","1","0.551219512","0.401632904",,"false","interacts with","RELA (interacts with) NAA11","0","Q04206","","Q9BSU3",""
"30.0","","interacts with","0","0.476426243","","RELA (interacts with) PJVK",,"1","0","1","1","0.551219512","0.401632974",,"false","interacts with","RELA (interacts with) PJVK","0","Q04206","","Q0ZLH3",""
"30.0","","interacts with","0","0.476426228","","RELA (interacts with) C1orf43",,"1","0","1","1","0.551219512","0.401632944",,"false","interacts with","RELA (interacts with) C1orf43","0","Q04206","","Q9BWL3",""
"38.0","","interacts with","0","0.476426316","","RELA (interacts with) OR7A2P",,"1","0","1","1","0.551219512","0.401633119",,"false","interacts with","RELA (interacts with) OR7A2P","0","Q04206","","Q8NGA2",""
"25.333333333333332","","interacts with","0","0.476426316","","RNF13 (interacts with) RELA",,"0","1","1","1","0.551219512","0.401633119",,"false","interacts with","RNF13 (interacts with) RELA","0","O43567","","Q04206",""
"38.0","","interacts with","0","0.47642628","","RELA (interacts with) SCRT2",,"1","0","1","1","0.551219512","0.401633047",,"false","interacts with","RELA (interacts with) SCRT2","0","Q04206","","Q9NQ03",""
"29.0","","interacts with","0","0.476426221","","RELA (interacts with) CXorf66",,"1","0","1","1","0.551219512","0.40163293",,"false","interacts with","RELA (interacts with) CXorf66","0","Q04206","","Q5JRM2",""
"49.33333333333333","","interacts with","0","0.476426221","","RELA (interacts with) COA7",,"1","0","1","1","0.551219512","0.40163293",,"false","interacts with","RELA (interacts with) COA7","0","Q04206","","Q96BR5",""
"29.0","","interacts with","0","0.47642629","","SHISAL2B (interacts with) RELA",,"0","1","1","1","0.551219512","0.401633067",,"false","interacts with","SHISAL2B (interacts with) RELA","0","A6NKW6","","Q04206",""
"33.0","","interacts with","0","0.476426233","","RELA (interacts with) C1QL2",,"1","0","1","1","0.551219512","0.401632954",,"false","interacts with","RELA (interacts with) C1QL2","0","Q04206","","Q7Z5L3",""
"38.0","","interacts with","0","0.464231291","","RELA (interacts with) OR6C1",,"1","0","1","1","0.526829268","0.401633313",,"false","interacts with","RELA (interacts with) OR6C1","0","Q04206","","Q96RD1",""
"21.666666666666664","","interacts with","0","0.476426257","","RELA (interacts with) CCSER1",,"1","0","1","1","0.551219512","0.401633003",,"false","interacts with","RELA (interacts with) CCSER1","0","Q04206","","Q9C0I3",""
"3.3333333333333335","","interacts with","0","0.461753983","","FGF13 (interacts with) OR51A4",,"0","0","0","1","0.52195122","0.401556747",,"false","interacts with","FGF13 (interacts with) OR51A4","0","Q92913","","Q8NGJ6",""
"5.333333333333333","","interacts with","0","0.476387245","","OR51A4 (interacts with) CCSER1",,"0","0","0","1","0.551219512","0.401554978",,"false","interacts with","OR51A4 (interacts with) CCSER1","0","Q8NGJ6","","Q9C0I3",""
"38.0","","interacts with","0","0.564068387","","COA7 (interacts with) FKBP10",,"0","0","0","1","0.726829268","0.401307505",,"false","interacts with","COA7 (interacts with) FKBP10","0","Q96BR5","","Q96AY3",""
"6.0","","interacts with","0","0.591023213","","C1orf43 (interacts with) OR1M1",,"0","0","0","1","0.780487805","0.401558622",,"false","interacts with","C1orf43 (interacts with) OR1M1","0","Q9BWL3","","Q8NGA1",""
"4.999999999999999","","interacts with","0","0.464231602","","OR1M1 (interacts with) RNF13",,"0","0","0","1","0.526829268","0.401633935",,"false","interacts with","OR1M1 (interacts with) RNF13","0","Q8NGA1","","O43567",""
"8.0","","interacts with","0","0.464192831","","OR1M1 (interacts with) COA7",,"0","0","0","1","0.526829268","0.401556394",,"false","interacts with","OR1M1 (interacts with) COA7","0","Q8NGA1","","Q96BR5",""
"9.333333333333332","","interacts with","0","0.461753967","","FGF13 (interacts with) OR6C76",,"0","0","0","1","0.52195122","0.401556714",,"false","interacts with","FGF13 (interacts with) OR6C76","0","Q92913","","A6NM76",""
"9.0","","interacts with","0","0.469070862","","OR6C76 (interacts with) NAA11",,"0","0","0","1","0.536585366","0.401556357",,"false","interacts with","OR6C76 (interacts with) NAA11","0","A6NM76","","Q9BSU3",""
"9.0","","interacts with","0","0.476387753","","OR6C76 (interacts with) RNF13",,"0","0","0","1","0.551219512","0.401555993",,"false","interacts with","OR6C76 (interacts with) RNF13","0","A6NM76","","O43567",""
"9.0","","interacts with","0","0.469071677","","OR6C76 (interacts with) CXorf66",,"0","0","0","1","0.536585366","0.401557987",,"false","interacts with","OR6C76 (interacts with) CXorf66","0","A6NM76","","Q5JRM2",""
"16.0","","interacts with","0","0.461753885","","OR6C76 (interacts with) COA7",,"0","0","0","1","0.52195122","0.40155655",,"false","interacts with","OR6C76 (interacts with) COA7","0","A6NM76","","Q96BR5",""
"9.0","","interacts with","0","0.461753401","","OR6C76 (interacts with) SHISAL2B",,"0","0","0","1","0.52195122","0.401555582",,"false","interacts with","OR6C76 (interacts with) SHISAL2B","0","A6NM76","","A6NKW6",""
"11.333333333333332","","interacts with","0","0.476387125","","OR6C76 (interacts with) CCSER1",,"0","0","0","1","0.551219512","0.401554737",,"false","interacts with","OR6C76 (interacts with) CCSER1","0","A6NM76","","Q9C0I3",""
"4.0","","interacts with","0","0.464192266","","PJVK (interacts with) C1orf43",,"0","0","0","1","0.526829268","0.401555264",,"false","interacts with","PJVK (interacts with) C1orf43","0","Q0ZLH3","","Q9BWL3",""
"6.0","","interacts with","0","0.476387068","","PJVK (interacts with) CCSER1",,"0","0","0","1","0.551219512","0.401554623",,"false","interacts with","PJVK (interacts with) CCSER1","0","Q0ZLH3","","Q9C0I3",""
"5.0","","interacts with","0","0.476387065","","C1QL2 (interacts with) CCSER1",,"0","0","0","1","0.551219512","0.401554618",,"false","interacts with","C1QL2 (interacts with) CCSER1","0","Q7Z5L3","","Q9C0I3",""
"12.371428571428572","","interacts with","0","0.561630261","","POF1B (interacts with) GABPA",,"0","0","0","1","0.72195122","0.401309303",,"false","interacts with","POF1B (interacts with) GABPA","0","Q8WVV4","","Q06546",""
"10.038095238095238","","interacts with","0","0.593419831","","POF1B (interacts with) ST6GALNAC6",,"0","0","0","1","0.785365854","0.401473809",,"false","interacts with","POF1B (interacts with) ST6GALNAC6","0","Q8WVV4","","Q969X2",""
"9.142857142857144","","interacts with","0","0.564136119","","OR2A4 (interacts with) POF1B",,"0","0","0","1","0.726829268","0.40144297",,"false","interacts with","OR2A4 (interacts with) POF1B","0","O95047","","Q8WVV4",""
"12.157142857142857","","interacts with","0","0.564100983","","GABPA (interacts with) ANXA3",,"0","0","0","1","0.726829268","0.401372698",,"false","interacts with","GABPA (interacts with) ANXA3","0","Q06546","","P12429",""
"12.442857142857141","","interacts with","0","0.564286829","","ST6GALNAC6 (interacts with) ANXA3",,"0","0","0","1","0.726829268","0.40174439",,"false","interacts with","ST6GALNAC6 (interacts with) ANXA3","0","Q969X2","","P12429",""
"14.571428571428571","","interacts with","0","0.561655388","","CAPG (interacts with) ST6GALNAC6",,"0","0","0","1","0.72195122","0.401359556",,"false","interacts with","CAPG (interacts with) ST6GALNAC6","0","P40121","","Q969X2",""
"9.571428571428571","","interacts with","0","0.561599263","","OR2A4 (interacts with) CAPG",,"0","0","0","1","0.72195122","0.401247306",,"false","interacts with","OR2A4 (interacts with) CAPG","0","O95047","","P40121",""
"20.871428571428567","","interacts with","0","0.593419427","","JUP (interacts with) GABPA",,"0","0","0","1","0.785365854","0.401472999",,"false","interacts with","JUP (interacts with) GABPA","0","P14923","","Q06546",""
"14.204761904761904","","interacts with","0","0.561736756","","GABPA (interacts with) CPA4",,"0","0","0","1","0.72195122","0.401522293",,"false","interacts with","GABPA (interacts with) CPA4","0","Q06546","","Q9UI42",""
"12.157142857142857","","interacts with","0","0.56407575","","NCCRP1 (interacts with) GABPA",,"0","0","0","1","0.726829268","0.401322232",,"false","interacts with","NCCRP1 (interacts with) GABPA","0","Q6ZVX7","","Q06546",""
"22.0","","interacts with","0","0.564068531","","NCOA7 (interacts with) GABPA",,"0","0","0","1","0.726829268","0.401307794",,"false","interacts with","NCOA7 (interacts with) GABPA","0","Q8NI08","","Q06546",""
"18.0","","interacts with","0","0.564067889","","DUSP4 (interacts with) JUP",,"0","0","0","1","0.726829268","0.40130651",,"false","interacts with","DUSP4 (interacts with) JUP","0","Q13115","","P14923",""
"10.5","","interacts with","0","0.561636921","","DSG2 (interacts with) JUP",,"0","0","0","1","0.72195122","0.401322623","0.997644287","false","interacts with","DSG2 (interacts with) JUP","1","Q14126","","P14923",""
"17.038095238095234","","interacts with","0","0.573936438","","JUP (interacts with) ST6GALNAC6",,"0","0","0","1","0.746341463","0.401531412",,"false","interacts with","JUP (interacts with) ST6GALNAC6","0","P14923","","Q969X2",""
"13.142857142857142","","interacts with","0","0.564135658","","OR2A4 (interacts with) JUP",,"0","0","0","1","0.726829268","0.401442049",,"false","interacts with","OR2A4 (interacts with) JUP","0","O95047","","P14923",""
"4.0","","interacts with","0","0.561629651","","DUSP4 (interacts with) DSG2",,"0","0","0","1","0.72195122","0.401308082",,"false","interacts with","DUSP4 (interacts with) DSG2","0","Q13115","","Q14126",""
"12.5","","interacts with","0","0.461777179","","DSG2 (interacts with) CPA4",,"0","0","0","1","0.52195122","0.401603139",,"false","interacts with","DSG2 (interacts with) CPA4","0","Q14126","","Q9UI42",""
"11.37142857142857","","interacts with","0","0.561663162","","ST6GALNAC6 (interacts with) CPA4",,"0","0","0","1","0.72195122","0.401375105",,"false","interacts with","ST6GALNAC6 (interacts with) CPA4","0","Q969X2","","Q9UI42",""
"12.442857142857141","","interacts with","0","0.566488095","","NCCRP1 (interacts with) ST6GALNAC6",,"0","0","0","1","0.731707317","0.401268872",,"false","interacts with","NCCRP1 (interacts with) ST6GALNAC6","0","Q6ZVX7","","Q969X2",""
"9.476190476190474","","interacts with","0","0.56417371","","OR2A4 (interacts with) CPA4",,"0","0","0","1","0.726829268","0.401518152",,"false","interacts with","OR2A4 (interacts with) CPA4","0","O95047","","Q9UI42",""
"6.0","","interacts with","0","0.561637924","","KRTAP8-1 (interacts with) PROP1",,"0","0","0","1","0.72195122","0.401324628",,"false","interacts with","KRTAP8-1 (interacts with) PROP1","0","Q8IUC2","","O75360",""
"18.0","","interacts with","0","0.561492876","","DAZAP2 (interacts with) PROP1",,"0","0","0","1","0.72195122","0.401034532",,"false","interacts with","DAZAP2 (interacts with) PROP1","0","Q15038","","O75360",""
"20.0","","interacts with","0","0.559199086","","COX6B2 (interacts with) PROP1",,"0","0","0","1","0.717073171","0.401325001","0.075382803","false","interacts with","COX6B2 (interacts with) PROP1","1","Q6YFQ2","","O75360",""
"6.0","","interacts with","0","0.591022336","","DAZAP2 (interacts with) KRTAP8-1",,"0","0","0","1","0.780487805","0.401556868",,"false","interacts with","DAZAP2 (interacts with) KRTAP8-1","0","Q15038","","Q8IUC2",""
"20.0","","interacts with","0","0.561629812","","DAZAP2 (interacts with) SMAP2",,"0","0","0","1","0.72195122","0.401308405",,"false","interacts with","DAZAP2 (interacts with) SMAP2","0","Q15038","","Q8WU79",""
"12.0","","interacts with","0","0.573823948","","ESRP2 (interacts with) SMAP2",,"0","0","0","1","0.746341463","0.401306433",,"false","interacts with","ESRP2 (interacts with) SMAP2","0","Q9H6T0","","Q8WU79",""
"12.0","","interacts with","0","0.476387205","","ZSCAN5C (interacts with) COX6B2",,"0","0","0","1","0.551219512","0.401554898",,"false","interacts with","ZSCAN5C (interacts with) COX6B2","0","A6NGD5","","Q6YFQ2",""
"0.0","","interacts with","0","0.529450212","","AKT1 (interacts with) AKT1",,"1","1","1","1","0.63902439","0.419876033",,"false","interacts with","AKT1 (interacts with) AKT1","0","P31749","","P31749",""
"24.000000000000004","","interacts with","0","0.464231269","","AKT1 (interacts with) KLHL40",,"1","0","1","1","0.526829268","0.40163327",,"false","interacts with","AKT1 (interacts with) KLHL40","0","P31749","","Q2TBA0",""
"6.585714285714285","","interacts with","0","0.469109274","","PGA4 (interacts with) AKT1",,"0","1","1","1","0.536585366","0.401633182",,"false","interacts with","PGA4 (interacts with) AKT1","0","P0DJD7","","P31749",""
"14.333333333333337","","interacts with","0","0.47642624","","AKT1 (interacts with) PDXDC1",,"1","0","1","1","0.551219512","0.401632967",,"false","interacts with","AKT1 (interacts with) PDXDC1","0","P31749","","Q6P996",""
"6.233333333333334","","interacts with","0","0.476426176","","AKT1 (interacts with) MIDEAS",,"1","0","1","1","0.551219512","0.40163284",,"false","interacts with","AKT1 (interacts with) MIDEAS","0","P31749","","Q6PJG2",""
"8.899999999999999","","interacts with","0","0.476426286","","AKT1 (interacts with) CNTLN",,"1","0","1","1","0.551219512","0.401633059",,"false","interacts with","AKT1 (interacts with) CNTLN","0","P31749","","Q9NXG0",""
"11.16666666666667","","interacts with","0","0.47642618","","PGA3 (interacts with) AKT1",,"0","1","1","1","0.551219512","0.401632848",,"false","interacts with","PGA3 (interacts with) AKT1","0","P0DJD8","","P31749",""
"12.333333333333336","","interacts with","0","0.476426299","","LIG1 (interacts with) AKT1",,"0","1","1","1","0.551219512","0.401633085",,"false","interacts with","LIG1 (interacts with) AKT1","0","P18858","","P31749",""
"11.166666666666668","","interacts with","0","0.476426197","","PCCA (interacts with) AKT1",,"0","1","1","1","0.551219512","0.401632881",,"false","interacts with","PCCA (interacts with) AKT1","0","P05165","","P31749",""
"4.82051282051282","","interacts with","0","0.46181614","","AKT1 (interacts with) ZNF638",,"1","0","1","1","0.52195122","0.401681061",,"false","interacts with","AKT1 (interacts with) ZNF638","0","P31749","","Q14966",""
"6.738095238095238","","interacts with","0","0.476426302","","AKT1 (interacts with) PSG11",,"1","0","1","1","0.551219512","0.401633091",,"false","interacts with","AKT1 (interacts with) PSG11","0","P31749","","Q9UQ72",""
"6.585714285714286","","interacts with","0","0.476426344","","AKT1 (interacts with) PPWD1",,"1","0","1","1","0.551219512","0.401633176",,"false","interacts with","AKT1 (interacts with) PPWD1","0","P31749","","Q96BP3",""
"11.133333333333335","","interacts with","0","0.476426357","","AKT1 (interacts with) PDE4B",,"1","0","1","1","0.551219512","0.401633202",,"false","interacts with","AKT1 (interacts with) PDE4B","0","P31749","","Q07343",""
"7.916666666666666","","interacts with","0","0.476426167","","AKT1 (interacts with) RNASEL",,"1","0","1","1","0.551219512","0.401632822",,"false","interacts with","AKT1 (interacts with) RNASEL","0","P31749","","Q05823",""
"10.666666666666666","","interacts with","0","0.476426282","","AKT1 (interacts with) DENND2A",,"1","0","1","1","0.551219512","0.401633053",,"false","interacts with","AKT1 (interacts with) DENND2A","0","P31749","","Q9ULE3",""
"2.1538461538461537","","interacts with","0","0.476426148","","AKT1 (interacts with) TRIP11",,"1","0","1","1","0.551219512","0.401632783",,"false","interacts with","AKT1 (interacts with) TRIP11","0","P31749","","Q15643",""
"8.933333333333334","","interacts with","0","0.476426261","","AKT1 (interacts with) CEP126",,"1","0","1","1","0.551219512","0.401633011",,"false","interacts with","AKT1 (interacts with) CEP126","0","P31749","","Q9P2H0",""
"3.8166666666666664","","interacts with","0","0.47642623","","AKT1 (interacts with) ZNF629",,"1","0","1","1","0.551219512","0.401632948",,"false","interacts with","AKT1 (interacts with) ZNF629","0","P31749","","Q9UEG4",""
"6.971428571428572","","interacts with","0","0.464231202","","AKT1 (interacts with) SNX33",,"1","0","1","1","0.526829268","0.401633135",,"false","interacts with","AKT1 (interacts with) SNX33","0","P31749","","Q8WV41",""
"9.333333333333332","","interacts with","0","0.476426264","","MIDEAS (interacts with) KLHL40",,"0","0","0","1","0.551219512","0.401633016",,"false","interacts with","MIDEAS (interacts with) KLHL40","0","Q6PJG2","","Q2TBA0",""
"22.666666666666668","","interacts with","0","0.464192064","","KLHL40 (interacts with) TRIP11",,"0","0","0","1","0.526829268","0.40155486",,"false","interacts with","KLHL40 (interacts with) TRIP11","0","Q2TBA0","","Q15643",""
"16.0","","interacts with","0","0.464192207","","ZNF629 (interacts with) KLHL40",,"0","0","0","1","0.526829268","0.401555145",,"false","interacts with","ZNF629 (interacts with) KLHL40","0","Q9UEG4","","Q2TBA0",""
"38.0","","interacts with","0","0.571498018","","KLHL40 (interacts with) MCM8",,"0","0","0","1","0.741463415","0.401532621",,"false","interacts with","KLHL40 (interacts with) MCM8","0","Q2TBA0","","Q9UJA3",""
"4.9523809523809526","","interacts with","0","0.476387075","","MIDEAS (interacts with) PGA4",,"0","0","0","1","0.551219512","0.401554637",,"false","interacts with","MIDEAS (interacts with) PGA4","0","Q6PJG2","","P0DJD7",""
"5.339560439560439","","interacts with","0","0.461816201","","ZNF638 (interacts with) PGA4",,"0","0","0","1","0.52195122","0.401681183",,"false","interacts with","ZNF638 (interacts with) PGA4","0","Q14966","","P0DJD7",""
"4.419047619047619","","interacts with","0","0.469070201","","PPWD1 (interacts with) PGA4",,"0","0","0","1","0.536585366","0.401555036",,"false","interacts with","PPWD1 (interacts with) PGA4","0","Q96BP3","","P0DJD7",""
"4.866666666666667","","interacts with","0","0.469070173","","PGA4 (interacts with) PDE4B",,"0","0","0","1","0.536585366","0.40155498",,"false","interacts with","PGA4 (interacts with) PDE4B","0","P0DJD7","","Q07343",""
"4.935714285714285","","interacts with","0","0.476387159","","RNASEL (interacts with) PGA4",,"0","0","0","1","0.551219512","0.401554806",,"false","interacts with","RNASEL (interacts with) PGA4","0","Q05823","","P0DJD7",""
"4.166666666666666","","interacts with","0","0.469070145","","PGA4 (interacts with) DENND2A",,"0","0","0","1","0.536585366","0.401554925",,"false","interacts with","PGA4 (interacts with) DENND2A","0","P0DJD7","","Q9ULE3",""
"6.739560439560439","","interacts with","0","0.476387057","","PGA4 (interacts with) TRIP11",,"0","0","0","1","0.551219512","0.401554603",,"false","interacts with","PGA4 (interacts with) TRIP11","0","P0DJD7","","Q15643",""
"6.06904761904762","","interacts with","0","0.476387136","","ZNF629 (interacts with) PGA4",,"0","0","0","1","0.551219512","0.40155476",,"false","interacts with","ZNF629 (interacts with) PGA4","0","Q9UEG4","","P0DJD7",""
"9.487179487179485","","interacts with","0","0.461777243","","ZNF638 (interacts with) PDXDC1",,"0","0","0","1","0.52195122","0.401603265",,"false","interacts with","ZNF638 (interacts with) PDXDC1","0","Q14966","","Q6P996",""
"14.48717948717949","","interacts with","0","0.464192085","","PDXDC1 (interacts with) TRIP11",,"0","0","0","1","0.526829268","0.401554902",,"false","interacts with","PDXDC1 (interacts with) TRIP11","0","Q6P996","","Q15643",""
"6.387179487179487","","interacts with","0","0.464216054","","MIDEAS (interacts with) ZNF638",,"0","0","0","1","0.526829268","0.40160284",,"false","interacts with","MIDEAS (interacts with) ZNF638","0","Q6PJG2","","Q14966",""
"4.638095238095238","","interacts with","0","0.476387093","","MIDEAS (interacts with) PSG11",,"0","0","0","1","0.551219512","0.401554673",,"false","interacts with","MIDEAS (interacts with) PSG11","0","Q6PJG2","","Q9UQ72",""
"4.119047619047619","","interacts with","0","0.476426264","","MIDEAS (interacts with) PPWD1",,"0","0","0","1","0.551219512","0.401633015",,"false","interacts with","MIDEAS (interacts with) PPWD1","0","Q6PJG2","","Q96BP3",""
"6.387179487179488","","interacts with","0","0.476387083","","MIDEAS (interacts with) TRIP11",,"0","0","0","1","0.551219512","0.401554653",,"false","interacts with","MIDEAS (interacts with) TRIP11","0","Q6PJG2","","Q15643",""
"4.233333333333333","","interacts with","0","0.464231272","","MIDEAS (interacts with) ZNF629",,"0","0","0","1","0.526829268","0.401633276",,"false","interacts with","MIDEAS (interacts with) ZNF629","0","Q6PJG2","","Q9UEG4",""
"5.071428571428572","","interacts with","0","0.476387166","","MIDEAS (interacts with) SNX33",,"0","0","0","1","0.551219512","0.401554819",,"false","interacts with","MIDEAS (interacts with) SNX33","0","Q6PJG2","","Q8WV41",""
"4.4523809523809526","","interacts with","0","0.476387153","","CNTLN (interacts with) PSG11",,"0","0","0","1","0.551219512","0.401554793",,"false","interacts with","CNTLN (interacts with) PSG11","0","Q9NXG0","","Q9UQ72",""
"4.252380952380952","","interacts with","0","0.476387168","","CNTLN (interacts with) PPWD1",,"0","0","0","1","0.551219512","0.401554824",,"false","interacts with","CNTLN (interacts with) PPWD1","0","Q9NXG0","","Q96BP3",""
"4.533333333333334","","interacts with","0","0.476387024","","CNTLN (interacts with) PDE4B",,"0","0","0","1","0.551219512","0.401554536",,"false","interacts with","CNTLN (interacts with) PDE4B","0","Q9NXG0","","Q07343",""
"8.566666666666666","","interacts with","0","0.476387112","","CNTLN (interacts with) TRIP11",,"0","0","0","1","0.551219512","0.401554711",,"false","interacts with","CNTLN (interacts with) TRIP11","0","Q9NXG0","","Q15643",""
"7.3","","interacts with","0","0.476387197","","CNTLN (interacts with) ZNF629",,"0","0","0","1","0.551219512","0.401554882",,"false","interacts with","CNTLN (interacts with) ZNF629","0","Q9NXG0","","Q9UEG4",""
"4.738095238095239","","interacts with","0","0.476426314","","CNTLN (interacts with) SNX33",,"0","0","0","1","0.551219512","0.401633115",,"false","interacts with","CNTLN (interacts with) SNX33","0","Q9NXG0","","Q8WV41",""
"7.653846153846153","","interacts with","0","0.461777207","","PGA3 (interacts with) ZNF638",,"0","0","0","1","0.52195122","0.401603194",,"false","interacts with","PGA3 (interacts with) ZNF638","0","P0DJD8","","Q14966",""
"11.320512820512823","","interacts with","0","0.476387131","","PGA3 (interacts with) TRIP11",,"0","0","0","1","0.551219512","0.40155475",,"false","interacts with","PGA3 (interacts with) TRIP11","0","P0DJD8","","Q15643",""
"8.166666666666666","","interacts with","0","0.469070169","","PGA3 (interacts with) ZNF629",,"0","0","0","1","0.536585366","0.401554971",,"false","interacts with","PGA3 (interacts with) ZNF629","0","P0DJD8","","Q9UEG4",""
"5.6190476190476195","","interacts with","0","0.4641922","","PPWD1 (interacts with) LIG1",,"0","0","0","1","0.526829268","0.401555132",,"false","interacts with","PPWD1 (interacts with) LIG1","0","Q96BP3","","P18858",""
"5.166666666666666","","interacts with","0","0.476387266","","RNASEL (interacts with) LIG1",,"0","0","0","1","0.551219512","0.401555019",,"false","interacts with","RNASEL (interacts with) LIG1","0","Q05823","","P18858",""
"11.833333333333336","","interacts with","0","0.476426319","","LIG1 (interacts with) TRIP11",,"0","0","0","1","0.551219512","0.401633126",,"false","interacts with","LIG1 (interacts with) TRIP11","0","P18858","","Q15643",""
"4.285714285714286","","interacts with","0","0.464231202","","LIG1 (interacts with) SNX33",,"0","0","0","1","0.526829268","0.401633135",,"false","interacts with","LIG1 (interacts with) SNX33","0","P18858","","Q8WV41",""
"7.653846153846152","","interacts with","0","0.461777092","","PCCA (interacts with) ZNF638",,"0","0","0","1","0.52195122","0.401602964",,"false","interacts with","PCCA (interacts with) ZNF638","0","P05165","","Q14966",""
"11.320512820512821","","interacts with","0","0.476387118","","PCCA (interacts with) TRIP11",,"0","0","0","1","0.551219512","0.401554723",,"false","interacts with","PCCA (interacts with) TRIP11","0","P05165","","Q15643",""
"8.166666666666666","","interacts with","0","0.461753151","","ZNF629 (interacts with) PCCA",,"0","0","0","1","0.52195122","0.401555082",,"false","interacts with","ZNF629 (interacts with) PCCA","0","Q9UEG4","","P05165",""
"5.2252747252747245","","interacts with","0","0.461777118","","PSG11 (interacts with) ZNF638",,"0","0","0","1","0.52195122","0.401603016",,"false","interacts with","PSG11 (interacts with) ZNF638","0","Q9UQ72","","Q14966",""
"6.0728937728937735","","interacts with","0","0.461777034","","PPWD1 (interacts with) ZNF638",,"0","0","0","1","0.52195122","0.401602849",,"false","interacts with","PPWD1 (interacts with) ZNF638","0","Q96BP3","","Q14966",""
"7.953846153846153","","interacts with","0","0.461777217","","ZNF638 (interacts with) PDE4B",,"0","0","0","1","0.52195122","0.401603214",,"false","interacts with","ZNF638 (interacts with) PDE4B","0","Q14966","","Q07343",""
"6.570512820512819","","interacts with","0","0.461777049","","RNASEL (interacts with) ZNF638",,"0","0","0","1","0.52195122","0.401602878",,"false","interacts with","RNASEL (interacts with) ZNF638","0","Q05823","","Q14966",""
"6.087179487179487","","interacts with","0","0.464216206","","CEP126 (interacts with) ZNF638",,"0","0","0","1","0.526829268","0.401603144",,"false","interacts with","CEP126 (interacts with) ZNF638","0","Q9P2H0","","Q14966",""
"5.637179487179488","","interacts with","0","0.464216052","","ZNF629 (interacts with) ZNF638",,"0","0","0","1","0.526829268","0.401602835",,"false","interacts with","ZNF629 (interacts with) ZNF638","0","Q9UEG4","","Q14966",""
"6.45860805860806","","interacts with","0","0.461777173","","ZNF638 (interacts with) SNX33",,"0","0","0","1","0.52195122","0.401603126",,"false","interacts with","ZNF638 (interacts with) SNX33","0","Q14966","","Q8WV41",""
"3.519047619047619","","interacts with","0","0.476387296","","PPWD1 (interacts with) PSG11",,"0","0","0","1","0.551219512","0.40155508",,"false","interacts with","PPWD1 (interacts with) PSG11","0","Q96BP3","","Q9UQ72",""
"4.988095238095238","","interacts with","0","0.476387102","","RNASEL (interacts with) PSG11",,"0","0","0","1","0.551219512","0.401554692",,"false","interacts with","RNASEL (interacts with) PSG11","0","Q05823","","Q9UQ72",""
"6.891941391941391","","interacts with","0","0.47638711","","PSG11 (interacts with) TRIP11",,"0","0","0","1","0.551219512","0.401554707",,"false","interacts with","PSG11 (interacts with) TRIP11","0","Q9UQ72","","Q15643",""
"3.3","","interacts with","0","0.476387249","","PSG11 (interacts with) CEP126",,"0","0","0","1","0.551219512","0.401554987",,"false","interacts with","PSG11 (interacts with) CEP126","0","Q9UQ72","","Q9P2H0",""
"5.321428571428572","","interacts with","0","0.476387156","","ZNF629 (interacts with) PSG11",,"0","0","0","1","0.551219512","0.4015548",,"false","interacts with","ZNF629 (interacts with) PSG11","0","Q9UEG4","","Q9UQ72",""
"6.73956043956044","","interacts with","0","0.47638717","","PPWD1 (interacts with) TRIP11",,"0","0","0","1","0.551219512","0.401554828",,"false","interacts with","PPWD1 (interacts with) TRIP11","0","Q96BP3","","Q15643",""
"5.685714285714286","","interacts with","0","0.476387328","","ZNF629 (interacts with) PPWD1",,"0","0","0","1","0.551219512","0.401555143",,"false","interacts with","ZNF629 (interacts with) PPWD1","0","Q9UEG4","","Q96BP3",""
"11.28717948717949","","interacts with","0","0.476387068","","TRIP11 (interacts with) PDE4B",,"0","0","0","1","0.551219512","0.401554625",,"false","interacts with","TRIP11 (interacts with) PDE4B","0","Q15643","","Q07343",""
"4.916666666666666","","interacts with","0","0.476387126","","RNASEL (interacts with) DENND2A",,"0","0","0","1","0.551219512","0.401554739",,"false","interacts with","RNASEL (interacts with) DENND2A","0","Q05823","","Q9ULE3",""
"8.07051282051282","","interacts with","0","0.476387031","","RNASEL (interacts with) TRIP11",,"0","0","0","1","0.551219512","0.40155455",,"false","interacts with","RNASEL (interacts with) TRIP11","0","Q05823","","Q15643",""
"4.216666666666667","","interacts with","0","0.476387153","","RNASEL (interacts with) CEP126",,"0","0","0","1","0.551219512","0.401554795",,"false","interacts with","RNASEL (interacts with) CEP126","0","Q05823","","Q9P2H0",""
"4.602380952380952","","interacts with","0","0.476387316","","RNASEL (interacts with) SNX33",,"0","0","0","1","0.551219512","0.40155512",,"false","interacts with","RNASEL (interacts with) SNX33","0","Q05823","","Q8WV41",""
"10.166666666666664","","interacts with","0","0.476387076","","TRIP11 (interacts with) DENND2A",,"0","0","0","1","0.551219512","0.401554639",,"false","interacts with","TRIP11 (interacts with) DENND2A","0","Q15643","","Q9ULE3",""
"8.583333333333332","","interacts with","0","0.46175325","","ZNF629 (interacts with) DENND2A",,"0","0","0","1","0.52195122","0.401555281",,"false","interacts with","ZNF629 (interacts with) DENND2A","0","Q9UEG4","","Q9ULE3",""
"9.087179487179489","","interacts with","0","0.476387252","","CEP126 (interacts with) TRIP11",,"0","0","0","1","0.551219512","0.401554993",,"false","interacts with","CEP126 (interacts with) TRIP11","0","Q9P2H0","","Q15643",""
"3.97051282051282","","interacts with","0","0.47638707","","ZNF629 (interacts with) TRIP11",,"0","0","0","1","0.551219512","0.401554628",,"false","interacts with","ZNF629 (interacts with) TRIP11","0","Q9UEG4","","Q15643",""
"7.125274725274726","","interacts with","0","0.476387073","","TRIP11 (interacts with) SNX33",,"0","0","0","1","0.551219512","0.401554634",,"false","interacts with","TRIP11 (interacts with) SNX33","0","Q15643","","Q8WV41",""
"7.183333333333333","","interacts with","0","0.47638714","","ZNF629 (interacts with) CEP126",,"0","0","0","1","0.551219512","0.401554769",,"false","interacts with","ZNF629 (interacts with) CEP126","0","Q9UEG4","","Q9P2H0",""
"6.554761904761906","","interacts with","0","0.476387148","","ZNF629 (interacts with) SNX33",,"0","0","0","1","0.551219512","0.401554785",,"false","interacts with","ZNF629 (interacts with) SNX33","0","Q9UEG4","","Q8WV41",""
"0.0","taxid:9606(Homo sapiens)","interacts with","1","0.672821408","""psi-mi:""""MI:0007""""(anti tag coimmunoprecipitation)""","MAPK1 (interacts with) MAPK1","2","1","1","1","1","0.941463415","0.404179401",,"false","interacts with","MAPK1 (interacts with) MAPK1","0","P28482","P28482","P28482","P28482"
"12.859523809523811","","interacts with","0","0.476426193","","MAPK1 (interacts with) NCAPG",,"1","0","1","1","0.551219512","0.401632874",,"false","interacts with","MAPK1 (interacts with) NCAPG","0","P28482","","Q9BPX3",""
"11.333333333333334","","interacts with","0","0.464231288","","MAPK1 (interacts with) ZNF382",,"1","0","1","1","0.526829268","0.401633307",,"false","interacts with","MAPK1 (interacts with) ZNF382","0","P28482","","Q96SR6",""
"10.97142857142857","","interacts with","0","0.476426263","","MAPK1 (interacts with) MYT1",,"1","0","1","1","0.551219512","0.401633014",,"false","interacts with","MAPK1 (interacts with) MYT1","0","P28482","","Q01538",""
"15.038095238095238","","interacts with","0","0.461816203","","MAPK1 (interacts with) FBF1",,"1","0","1","1","0.52195122","0.401681187",,"false","interacts with","MAPK1 (interacts with) FBF1","0","P28482","","Q8TES7",""
"18.91190476190476","","interacts with","0","0.464255275","","MAPK1 (interacts with) CGN",,"1","0","1","1","0.526829268","0.401681281",,"false","interacts with","MAPK1 (interacts with) CGN","0","P28482","","Q9P2M7",""
"14.6","","interacts with","0","0.464231308","","ZNF716 (interacts with) MAPK1",,"0","1","1","1","0.526829268","0.401633347",,"false","interacts with","ZNF716 (interacts with) MAPK1","0","A6NP11","","P28482",""
"28.057142857142853","","interacts with","0","0.476426209","","MAPK1 (interacts with) DCTN1",,"1","0","1","1","0.551219512","0.401632905",,"false","interacts with","MAPK1 (interacts with) DCTN1","0","P28482","","Q14203",""
"0.0","","interacts with","0","0.582333853","","BCL2 (interacts with) BCL2",,"1","1","1","1","0.765853659","0.398814048",,"false","interacts with","BCL2 (interacts with) BCL2","0","P10415","","P10415",""
"41.666666666666664","","interacts with","0","0.476426359","","BCL2 (interacts with) LRFN3",,"1","0","1","1","0.551219512","0.401633207",,"false","interacts with","BCL2 (interacts with) LRFN3","0","P10415","","Q9BTN0",""
"29.971428571428564","","interacts with","0","0.461816169","","BCL2 (interacts with) NCAPG",,"1","0","1","1","0.52195122","0.401681118",,"false","interacts with","BCL2 (interacts with) NCAPG","0","P10415","","Q9BPX3",""
"20.23333333333333","","interacts with","0","0.476426244","","BCL2 (interacts with) PSMD13",,"1","0","1","1","0.551219512","0.401632976",,"false","interacts with","BCL2 (interacts with) PSMD13","0","P10415","","Q9UNM6",""
"26.66666666666666","","interacts with","0","0.47642623","","WNT9A (interacts with) BCL2",,"0","1","1","1","0.551219512","0.401632949",,"false","interacts with","WNT9A (interacts with) BCL2","0","O14904","","P10415",""
"33.66666666666667","","interacts with","0","0.476426339","","BCL2 (interacts with) NPEPL1",,"1","0","1","1","0.551219512","0.401633166",,"false","interacts with","BCL2 (interacts with) NPEPL1","0","P10415","","Q8NDH3",""
"27.4","","interacts with","0","0.464231188","","GRAP2 (interacts with) BCL2",,"0","1","1","1","0.526829268","0.401633107",,"false","interacts with","GRAP2 (interacts with) BCL2","0","O75791","","P10415",""
"39.42857142857143","","interacts with","0","0.476426258","","BCL2 (interacts with) CDY2B",,"1","0","1","1","0.551219512","0.401633003",,"false","interacts with","BCL2 (interacts with) CDY2B","0","P10415","","Q9Y6F7",""
"42.971428571428575","","interacts with","0","0.464255336","","BCL2 (interacts with) MYT1",,"1","0","1","1","0.526829268","0.401681404",,"false","interacts with","BCL2 (interacts with) MYT1","0","P10415","","Q01538",""
"37.30476190476192","","interacts with","0","0.47642619","","BCL2 (interacts with) FBF1",,"1","0","1","1","0.551219512","0.401632868",,"false","interacts with","BCL2 (interacts with) FBF1","0","P10415","","Q8TES7",""
"21.333333333333332","","interacts with","0","0.476426241","","BCL2 (interacts with) MVD",,"1","0","1","1","0.551219512","0.401632969",,"false","interacts with","BCL2 (interacts with) MVD","0","P10415","","P53602",""
"19.316666666666663","","interacts with","0","0.476426423","","BCL2 (interacts with) SLC48A1",,"1","0","1","1","0.551219512","0.401633335",,"false","interacts with","BCL2 (interacts with) SLC48A1","0","P10415","","Q6P1K1",""
"29.390476190476193","","interacts with","0","0.476426166","","BCL2 (interacts with) CGN",,"1","0","1","1","0.551219512","0.401632819",,"false","interacts with","BCL2 (interacts with) CGN","0","P10415","","Q9P2M7",""
"26.666666666666664","","interacts with","0","0.476426267","","BCL2 (interacts with) CDY1B",,"1","0","1","1","0.551219512","0.401633022",,"false","interacts with","BCL2 (interacts with) CDY1B","0","P10415","","Q9Y6F8",""
"18.566666666666666","","interacts with","0","0.476426266","","REELD1 (interacts with) BCL2",,"0","1","1","1","0.551219512","0.40163302",,"false","interacts with","REELD1 (interacts with) BCL2","0","A0A1B0GV85","","P10415",""
"31.333333333333332","","interacts with","0","0.476426273","","BCL2 (interacts with) VWA1",,"1","0","1","1","0.551219512","0.401633034",,"false","interacts with","BCL2 (interacts with) VWA1","0","P10415","","Q6PCB0",""
"29.166666666666668","","interacts with","0","0.476426241","","BCL2 (interacts with) RNF112",,"1","0","1","1","0.551219512","0.401632969",,"false","interacts with","BCL2 (interacts with) RNF112","0","P10415","","Q9ULX5",""
"24.5","","interacts with","0","0.464231265","","BCL2 (interacts with) LRRC71",,"1","0","1","1","0.526829268","0.401633261",,"false","interacts with","BCL2 (interacts with) LRRC71","0","P10415","","Q8N4P6",""
"22.07380952380952","","interacts with","0","0.464255189","","BCL2 (interacts with) DCTN1",,"1","0","1","1","0.526829268","0.401681109",,"false","interacts with","BCL2 (interacts with) DCTN1","0","P10415","","Q14203",""
"27.400000000000006","","interacts with","0","0.464231226","","BCL2 (interacts with) GCKR",,"1","0","1","1","0.526829268","0.401633185",,"false","interacts with","BCL2 (interacts with) GCKR","0","P10415","","Q14397",""
"27.499999999999996","","interacts with","0","0.464231364","","FAM86B2 (interacts with) BCL2",,"0","1","1","1","0.526829268","0.401633459",,"false","interacts with","FAM86B2 (interacts with) BCL2","0","P0C5J1","","P10415",""
"39.42857142857143","","interacts with","0","0.476426161","","BCL2 (interacts with) ZNF219",,"1","0","1","1","0.551219512","0.401632811",,"false","interacts with","BCL2 (interacts with) ZNF219","0","P10415","","Q9P2Y4",""
"33.66666666666667","","interacts with","0","0.4764262","","CCT8L1P (interacts with) BCL2",,"0","1","1","1","0.551219512","0.401632888",,"false","interacts with","CCT8L1P (interacts with) BCL2","0","A6NM43","","P10415",""
"30.666666666666668","","interacts with","0","0.464231206","","BCL2 (interacts with) RGL4",,"1","0","1","1","0.526829268","0.401633143",,"false","interacts with","BCL2 (interacts with) RGL4","0","P10415","","Q8IZJ4",""
"7.666666666666666","","interacts with","0","0.464231257","","LRFN3 (interacts with) FBF1",,"0","0","0","1","0.526829268","0.401633246",,"false","interacts with","LRFN3 (interacts with) FBF1","0","Q9BTN0","","Q8TES7",""
"4.666666666666666","","interacts with","0","0.464231109","","LRFN3 (interacts with) RGL4",,"0","0","0","1","0.526829268","0.40163295",,"false","interacts with","LRFN3 (interacts with) RGL4","0","Q9BTN0","","Q8IZJ4",""
"5.3999999999999995","","interacts with","0","0.461777191","","GRAP2 (interacts with) NCAPG",,"0","0","0","1","0.52195122","0.401603162",,"false","interacts with","GRAP2 (interacts with) NCAPG","0","O75791","","Q9BPX3",""
"13.488095238095237","","interacts with","0","0.464216149","","SLC48A1 (interacts with) NCAPG",,"0","0","0","1","0.526829268","0.401603029",,"false","interacts with","SLC48A1 (interacts with) NCAPG","0","Q6P1K1","","Q9BPX3",""
"9.216666666666667","","interacts with","0","0.46419203","","SLC48A1 (interacts with) PSMD13",,"0","0","0","1","0.526829268","0.401554792",,"false","interacts with","SLC48A1 (interacts with) PSMD13","0","Q6P1K1","","Q9UNM6",""
"9.919047619047618","","interacts with","0","0.476387131","","CGN (interacts with) PSMD13",,"0","0","0","1","0.551219512","0.401554749",,"false","interacts with","CGN (interacts with) PSMD13","0","Q9P2M7","","Q9UNM6",""
"13.835714285714287","","interacts with","0","0.464216124","","DCTN1 (interacts with) PSMD13",,"0","0","0","1","0.526829268","0.401602981",,"false","interacts with","DCTN1 (interacts with) PSMD13","0","Q14203","","Q9UNM6",""
"4.133333333333333","","interacts with","0","0.464192214","","GCKR (interacts with) PSMD13",,"0","0","0","1","0.526829268","0.40155516",,"false","interacts with","GCKR (interacts with) PSMD13","0","Q14397","","Q9UNM6",""
"10.952380952380953","","interacts with","0","0.476387165","","WNT9A (interacts with) CGN",,"0","0","0","1","0.551219512","0.401554818",,"false","interacts with","WNT9A (interacts with) CGN","0","O14904","","Q9P2M7",""
"14.952380952380953","","interacts with","0","0.46421616","","WNT9A (interacts with) DCTN1",,"0","0","0","1","0.526829268","0.401603052",,"false","interacts with","WNT9A (interacts with) DCTN1","0","O14904","","Q14203",""
"18.333333333333332","","interacts with","0","0.461777077","","DCTN1 (interacts with) NPEPL1",,"0","0","0","1","0.52195122","0.401602935",,"false","interacts with","DCTN1 (interacts with) NPEPL1","0","Q14203","","Q8NDH3",""
"5.3999999999999995","","interacts with","0","0.476387151","","GRAP2 (interacts with) FBF1",,"0","0","0","1","0.551219512","0.40155479",,"false","interacts with","GRAP2 (interacts with) FBF1","0","O75791","","Q8TES7",""
"17.8","","interacts with","0","0.464216135","","GRAP2 (interacts with) DCTN1",,"0","0","0","1","0.526829268","0.401603001",,"false","interacts with","GRAP2 (interacts with) DCTN1","0","O75791","","Q14203",""
"12.571428571428571","","interacts with","0","0.464192262","","SLC48A1 (interacts with) CDY2B",,"0","0","0","1","0.526829268","0.401555255",,"false","interacts with","SLC48A1 (interacts with) CDY2B","0","Q6P1K1","","Q9Y6F7",""
"9.216666666666667","","interacts with","0","0.476387191","","ZNF716 (interacts with) ZNF382",,"0","0","0","1","0.551219512","0.401554869",,"false","interacts with","ZNF716 (interacts with) ZNF382","0","A6NP11","","Q96SR6",""
"41.050000000000004","","interacts with","0","0.476387169","","DCTN1 (interacts with) ZNF382",,"0","0","0","1","0.551219512","0.401554826",,"false","interacts with","DCTN1 (interacts with) ZNF382","0","Q14203","","Q96SR6",""
"8.65","","interacts with","0","0.476387407","","SLC48A1 (interacts with) MVD",,"0","0","0","1","0.551219512","0.401555302",,"false","interacts with","SLC48A1 (interacts with) MVD","0","Q6P1K1","","P53602",""
"8.952380952380953","","interacts with","0","0.476387135","","CGN (interacts with) MVD",,"0","0","0","1","0.551219512","0.401554758",,"false","interacts with","CGN (interacts with) MVD","0","Q9P2M7","","P53602",""
"14.935714285714285","","interacts with","0","0.464216154","","DCTN1 (interacts with) MVD",,"0","0","0","1","0.526829268","0.401603039",,"false","interacts with","DCTN1 (interacts with) MVD","0","Q14203","","P53602",""
"14.238095238095237","","interacts with","0","0.476387167","","SLC48A1 (interacts with) CGN",,"0","0","0","1","0.551219512","0.401554821",,"false","interacts with","SLC48A1 (interacts with) CGN","0","Q6P1K1","","Q9P2M7",""
"9.55","","interacts with","0","0.476387197","","REELD1 (interacts with) SLC48A1",,"0","0","0","1","0.551219512","0.401554882",,"false","interacts with","REELD1 (interacts with) SLC48A1","0","A0A1B0GV85","","Q6P1K1",""
"8.666666666666668","","interacts with","0","0.476387181","","SLC48A1 (interacts with) VWA1",,"0","0","0","1","0.551219512","0.40155485",,"false","interacts with","SLC48A1 (interacts with) VWA1","0","Q6P1K1","","Q6PCB0",""
"11.15","","interacts with","0","0.464192149","","SLC48A1 (interacts with) LRRC71",,"0","0","0","1","0.526829268","0.401555031",,"false","interacts with","SLC48A1 (interacts with) LRRC71","0","Q6P1K1","","Q8N4P6",""
"7.999999999999999","","interacts with","0","0.476387169","","SLC48A1 (interacts with) FAM86B2",,"0","0","0","1","0.551219512","0.401554826",,"false","interacts with","SLC48A1 (interacts with) FAM86B2","0","Q6P1K1","","P0C5J1",""
"12.571428571428571","","interacts with","0","0.476387184","","SLC48A1 (interacts with) ZNF219",,"0","0","0","1","0.551219512","0.401554855",,"false","interacts with","SLC48A1 (interacts with) ZNF219","0","Q6P1K1","","Q9P2Y4",""
"10.95238095238095","","interacts with","0","0.469070171","","CGN (interacts with) CDY1B",,"0","0","0","1","0.536585366","0.401554976",,"false","interacts with","CGN (interacts with) CDY1B","0","Q9P2M7","","Q9Y6F8",""
"10.752380952380951","","interacts with","0","0.476387088","","REELD1 (interacts with) CGN",,"0","0","0","1","0.551219512","0.401554664",,"false","interacts with","REELD1 (interacts with) CGN","0","A0A1B0GV85","","Q9P2M7",""
"33.016666666666666","","interacts with","0","0.461777135","","ZNF716 (interacts with) CGN",,"0","0","0","1","0.52195122","0.40160305",,"false","interacts with","ZNF716 (interacts with) CGN","0","A6NP11","","Q9P2M7",""
"12.0","","interacts with","0","0.476387152","","CGN (interacts with) VWA1",,"0","0","0","1","0.551219512","0.401554791",,"false","interacts with","CGN (interacts with) VWA1","0","Q9P2M7","","Q6PCB0",""
"11.0","","interacts with","0","0.476387119","","CGN (interacts with) FAM86B2",,"0","0","0","1","0.551219512","0.401554727",,"false","interacts with","CGN (interacts with) FAM86B2","0","Q9P2M7","","P0C5J1",""
"14.952380952380953","","interacts with","0","0.461777132","","DCTN1 (interacts with) CDY1B",,"0","0","0","1","0.52195122","0.401603044",,"false","interacts with","DCTN1 (interacts with) CDY1B","0","Q14203","","Q9Y6F8",""
"6.166666666666666","","interacts with","0","0.46175335","","REELD1 (interacts with) RNF112",,"0","0","0","1","0.52195122","0.40155548",,"false","interacts with","REELD1 (interacts with) RNF112","0","A0A1B0GV85","","Q9ULX5",""
"14.335714285714287","","interacts with","0","0.461777089","","REELD1 (interacts with) DCTN1",,"0","0","0","1","0.52195122","0.401602958",,"false","interacts with","REELD1 (interacts with) DCTN1","0","A0A1B0GV85","","Q14203",""
"5.800000000000001","","interacts with","0","0.476387398","","REELD1 (interacts with) GCKR",,"0","0","0","1","0.551219512","0.401555284",,"false","interacts with","REELD1 (interacts with) GCKR","0","A0A1B0GV85","","Q14397",""
"5.5","","interacts with","0","0.476387361","","REELD1 (interacts with) FAM86B2",,"0","0","0","1","0.551219512","0.401555211",,"false","interacts with","REELD1 (interacts with) FAM86B2","0","A0A1B0GV85","","P0C5J1",""
"16.666666666666664","","interacts with","0","0.622752907","","RNF112 (interacts with) DCTN1",,"0","0","0","1","0.843902439","0.401603374",,"false","interacts with","RNF112 (interacts with) DCTN1","0","Q9ULX5","","Q14203",""
"17.65","","interacts with","0","0.461777093","","DCTN1 (interacts with) LRRC71",,"0","0","0","1","0.52195122","0.401602967",,"false","interacts with","DCTN1 (interacts with) LRRC71","0","Q14203","","Q8N4P6",""
"15.466666666666667","","interacts with","0","0.461777047","","GCKR (interacts with) DCTN1",,"0","0","0","1","0.52195122","0.401602874",,"false","interacts with","GCKR (interacts with) DCTN1","0","Q14397","","Q14203",""
"18.333333333333332","","interacts with","0","0.461777091","","CCT8L1P (interacts with) DCTN1",,"0","0","0","1","0.52195122","0.401602962",,"false","interacts with","CCT8L1P (interacts with) DCTN1","0","A6NM43","","Q14203",""
"19.999999999999996","","interacts with","0","0.464216109","","DCTN1 (interacts with) RGL4",,"0","0","0","1","0.526829268","0.401602949",,"false","interacts with","DCTN1 (interacts with) RGL4","0","Q14203","","Q8IZJ4",""
"26.283333333333328","","interacts with","0","0.476426263","","COL3A1 (interacts with) ELAC2",,"1","0","1","1","0.551219512","0.401633014",,"false","interacts with","COL3A1 (interacts with) ELAC2","0","P02461","","Q9BQ52",""
"32.874242424242425","","interacts with","0","0.47642629","","RIPK2 (interacts with) COL3A1",,"0","1","1","1","0.551219512","0.401633067",,"false","interacts with","RIPK2 (interacts with) COL3A1","0","O43353","","P02461",""
"38.99999999999999","","interacts with","0","0.476426198","","COL3A1 (interacts with) ZNF311",,"1","0","1","1","0.551219512","0.401632883",,"false","interacts with","COL3A1 (interacts with) ZNF311","0","P02461","","Q5JNZ3",""
"27.077990642442977","","interacts with","0","0.476426222","","COL3A1 (interacts with) SULT1E1",,"1","0","1","1","0.551219512","0.401632932",,"false","interacts with","COL3A1 (interacts with) SULT1E1","0","P02461","","P49888",""
"17.421368861024032","","interacts with","0","0.476426241","","COL3A1 (interacts with) RUBCNL",,"1","0","1","1","0.551219512","0.40163297",,"false","interacts with","COL3A1 (interacts with) RUBCNL","0","P02461","","Q9H714",""
"48.424242424242436","","interacts with","0","0.476426346","","COL3A1 (interacts with) MINDY2",,"1","0","1","1","0.551219512","0.40163318",,"false","interacts with","COL3A1 (interacts with) MINDY2","0","P02461","","Q8NBR6",""
"42.07799064244299","","interacts with","0","0.464255288","","COL3A1 (interacts with) LRP2BP",,"1","0","1","1","0.526829268","0.401681308",,"false","interacts with","COL3A1 (interacts with) LRP2BP","0","P02461","","Q9P2M1",""
"29.53426769872003","","interacts with","0","0.464231272","","COL3A1 (interacts with) HTR1E",,"1","0","1","1","0.526829268","0.401633276",,"false","interacts with","COL3A1 (interacts with) HTR1E","0","P02461","","P28566",""
"14.602593817046149","","interacts with","0","0.476426179","","COL3A1 (interacts with) POPDC3",,"1","0","1","1","0.551219512","0.401632845",,"false","interacts with","COL3A1 (interacts with) POPDC3","0","P02461","","Q9HBV1",""
"31.566666666666666","","interacts with","0","0.476426223","","COL3A1 (interacts with) FLYWCH1",,"1","0","1","1","0.551219512","0.401632933",,"false","interacts with","COL3A1 (interacts with) FLYWCH1","0","P02461","","Q4VC44",""
"38.28138528138528","","interacts with","0","0.476426241","","COL3A1 (interacts with) GOT1L1",,"1","0","1","1","0.551219512","0.40163297",,"false","interacts with","COL3A1 (interacts with) GOT1L1","0","P02461","","Q8NHS2",""
"25.27424242424242","","interacts with","0","0.476426219","","COL3A1 (interacts with) PDE7A",,"1","0","1","1","0.551219512","0.401632925",,"false","interacts with","COL3A1 (interacts with) PDE7A","0","P02461","","Q13946",""
"27.040909090909086","","interacts with","0","0.476426205","","COL3A1 (interacts with) ZNF221",,"1","0","1","1","0.551219512","0.401632897",,"false","interacts with","COL3A1 (interacts with) ZNF221","0","P02461","","Q9UK13",""
"46.55757575757576","","interacts with","0","0.476426284","","COL3A1 (interacts with) OTUD1",,"1","0","1","1","0.551219512","0.401633055",,"false","interacts with","COL3A1 (interacts with) OTUD1","0","P02461","","Q5VV17",""
"23.657575757575756","","interacts with","0","0.476426229","","COL3A1 (interacts with) AADACL4",,"1","0","1","1","0.551219512","0.401632945",,"false","interacts with","COL3A1 (interacts with) AADACL4","0","P02461","","Q5VUY2",""
"27.707575757575754","","interacts with","0","0.476426206","","IQCM (interacts with) COL3A1",,"0","1","1","1","0.551219512","0.4016329",,"false","interacts with","IQCM (interacts with) COL3A1","0","A0A1B0GVH7","","P02461",""
"33.099999999999994","","interacts with","0","0.476426385","","COL3A1 (interacts with) EPB41L5",,"1","0","1","1","0.551219512","0.401633257",,"false","interacts with","COL3A1 (interacts with) EPB41L5","0","P02461","","Q9HCM4",""
"41.583333333333336","","interacts with","0","0.476426288","","COL3A1 (interacts with) UEVLD",,"1","0","1","1","0.551219512","0.401633063",,"false","interacts with","COL3A1 (interacts with) UEVLD","0","P02461","","Q8IX04",""
"43.32142857142857","","interacts with","0","0.476426212","","COL3A1 (interacts with) AMZ2",,"1","0","1","1","0.551219512","0.401632912",,"false","interacts with","COL3A1 (interacts with) AMZ2","0","P02461","","Q86W34",""
"22.19090909090909","","interacts with","0","0.476426217","","COL3A1 (interacts with) ERICH6",,"1","0","1","1","0.551219512","0.401632921",,"false","interacts with","COL3A1 (interacts with) ERICH6","0","P02461","","Q7L0X2",""
"30.94090909090909","","interacts with","0","0.464231289","","COL3A1 (interacts with) CARD8",,"1","0","1","1","0.526829268","0.401633309",,"false","interacts with","COL3A1 (interacts with) CARD8","0","P02461","","Q9Y2G2",""
"56.42424242424242","","interacts with","0","0.476426285","","COL3A1 (interacts with) NOSTRIN",,"1","0","1","1","0.551219512","0.401633059",,"false","interacts with","COL3A1 (interacts with) NOSTRIN","0","P02461","","Q8IVI9",""
"18.049999999999997","","interacts with","0","0.476426379","","COL3A1 (interacts with) ARHGAP44",,"1","0","1","1","0.551219512","0.401633246",,"false","interacts with","COL3A1 (interacts with) ARHGAP44","0","P02461","","Q17R89",""
"31.463458110516928","","interacts with","0","0.46423127","","COL3A1 (interacts with) PRKCSH",,"1","0","1","1","0.526829268","0.401633271",,"false","interacts with","COL3A1 (interacts with) PRKCSH","0","P02461","","P14314",""
"27.6009343653867","","interacts with","0","0.476426235","","COL3A1 (interacts with) ZNF772",,"1","0","1","1","0.551219512","0.401632957",,"false","interacts with","COL3A1 (interacts with) ZNF772","0","P02461","","Q68DY9",""
"24.899999999999995","","interacts with","0","0.469109309","","SCAF4 (interacts with) COL3A1",,"0","1","1","1","0.536585366","0.401633252",,"false","interacts with","SCAF4 (interacts with) COL3A1","0","O95104","","P02461",""
"34.329437229437225","","interacts with","0","0.476426179","","COL3A1 (interacts with) TNMD",,"1","0","1","1","0.551219512","0.401632845",,"false","interacts with","COL3A1 (interacts with) TNMD","0","P02461","","Q9H2S6",""
"31.39465730910964","","interacts with","0","0.476426199","","COL3A1 (interacts with) GLYATL1",,"1","0","1","1","0.551219512","0.401632886",,"false","interacts with","COL3A1 (interacts with) GLYATL1","0","P02461","","Q969I3",""
"19.963131313131314","","interacts with","0","0.47642625","","COL3A1 (interacts with) TMPPE",,"1","0","1","1","0.551219512","0.401632987",,"false","interacts with","COL3A1 (interacts with) TMPPE","0","P02461","","Q6ZT21",""
"49.660389610389615","","interacts with","0","0.476426206","","RDH16 (interacts with) COL3A1",,"0","1","1","1","0.551219512","0.401632899",,"false","interacts with","RDH16 (interacts with) COL3A1","0","O75452","","P02461",""
"26.55757575757575","","interacts with","0","0.476426215","","COL3A1 (interacts with) OTUD5",,"1","0","1","1","0.551219512","0.401632917",,"false","interacts with","COL3A1 (interacts with) OTUD5","0","P02461","","Q96G74",""
"46.55757575757577","","interacts with","0","0.476426254","","COL3A1 (interacts with) NUAK2",,"1","0","1","1","0.551219512","0.401632995",,"false","interacts with","COL3A1 (interacts with) NUAK2","0","P02461","","Q9H093",""
"54.133333333333326","","interacts with","0","0.476426194","","COL3A1 (interacts with) ST3GAL3",,"1","0","1","1","0.551219512","0.401632877",,"false","interacts with","COL3A1 (interacts with) ST3GAL3","0","P02461","","Q11203",""
"36.800000000000004","","interacts with","0","0.476426349","","COL3A1 (interacts with) LNX2",,"1","0","1","1","0.551219512","0.401633186",,"false","interacts with","COL3A1 (interacts with) LNX2","0","P02461","","Q8N448",""
"29.924242424242422","","interacts with","0","0.464231263","","COL3A1 (interacts with) MCAM",,"1","0","1","1","0.526829268","0.401633258",,"false","interacts with","COL3A1 (interacts with) MCAM","0","P02461","","P43121",""
"45.58333333333333","","interacts with","0","0.476426256","","SOCS5 (interacts with) COL3A1",,"0","1","1","1","0.551219512","0.401633",,"false","interacts with","SOCS5 (interacts with) COL3A1","0","O75159","","P02461",""
"8.886904761904761","","interacts with","0","0.464231179","","ELAC2 (interacts with) SULT1E1",,"0","0","0","1","0.526829268","0.40163309",,"false","interacts with","ELAC2 (interacts with) SULT1E1","0","Q9BQ52","","P49888",""
"10.575000000000001","","interacts with","0","0.476387102","","HTR1E (interacts with) ELAC2",,"0","0","0","1","0.551219512","0.401554691",,"false","interacts with","HTR1E (interacts with) ELAC2","0","P28566","","Q9BQ52",""
"13.311507936507939","","interacts with","0","0.476387123","","POPDC3 (interacts with) ELAC2",,"0","0","0","1","0.551219512","0.401554733",,"false","interacts with","POPDC3 (interacts with) ELAC2","0","Q9HBV1","","Q9BQ52",""
"9.233333333333333","","interacts with","0","0.461753062","","FLYWCH1 (interacts with) ELAC2",,"0","0","0","1","0.52195122","0.401554905",,"false","interacts with","FLYWCH1 (interacts with) ELAC2","0","Q4VC44","","Q9BQ52",""
"8.989285714285714","","interacts with","0","0.476387162","","ELAC2 (interacts with) AMZ2",,"0","0","0","1","0.551219512","0.401554813",,"false","interacts with","ELAC2 (interacts with) AMZ2","0","Q9BQ52","","Q86W34",""
"8.414285714285713","","interacts with","0","0.464231204","","ELAC2 (interacts with) TNMD",,"0","0","0","1","0.526829268","0.40163314",,"false","interacts with","ELAC2 (interacts with) TNMD","0","Q9BQ52","","Q9H2S6",""
"8.555555555555554","","interacts with","0","0.464192151","","ELAC2 (interacts with) TMPPE",,"0","0","0","1","0.526829268","0.401555034",,"false","interacts with","ELAC2 (interacts with) TMPPE","0","Q9BQ52","","Q6ZT21",""
"14.545238095238096","","interacts with","0","0.461777124","","ELAC2 (interacts with) MED1",,"0","0","0","1","0.52195122","0.401603029",,"false","interacts with","ELAC2 (interacts with) MED1","0","Q9BQ52","","Q15648",""
"0.0","taxid:9606(Homo sapiens)","interacts with","1","0.675575862","""psi-mi:""""MI:0364""""(inferred by curator)""","NFKB1 (interacts with) NFKB1","2","1","1","1","1","0.951219512","0.399932211",,"false","interacts with","NFKB1 (interacts with) NFKB1","0","P19838","P19838","P19838","P19838"
"9.736894005251003","","interacts with","0","0.476426349","","NFKB1 (interacts with) ZCCHC2",,"1","0","1","1","0.551219512","0.401633186",,"false","interacts with","NFKB1 (interacts with) ZCCHC2","0","P19838","","Q9C0B9",""
"9.679437229437228","","interacts with","0","0.461816155","","NFKB1 (interacts with) SULT1E1",,"1","0","1","1","0.52195122","0.40168109",,"false","interacts with","NFKB1 (interacts with) SULT1E1","0","P19838","","P49888",""
"5.81038961038961","","interacts with","0","0.476426243","","NFKB1 (interacts with) LRP2BP",,"1","0","1","1","0.551219512","0.401632975",,"false","interacts with","NFKB1 (interacts with) LRP2BP","0","P19838","","Q9P2M1",""
"18.36515151515151","","interacts with","0","0.461816175","","NFKB1 (interacts with) POPDC3",,"1","0","1","1","0.52195122","0.401681131",,"false","interacts with","NFKB1 (interacts with) POPDC3","0","P19838","","Q9HBV1",""
"23.444296558748892","","interacts with","0","0.476426257","","NFKB1 (interacts with) SMC1B",,"1","0","1","1","0.551219512","0.401633002",,"false","interacts with","NFKB1 (interacts with) SMC1B","0","P19838","","Q8NDV3",""
"14.083582273034603","","interacts with","0","0.461816273","","NFKB1 (interacts with) TNMD",,"1","0","1","1","0.52195122","0.401681326",,"false","interacts with","NFKB1 (interacts with) TNMD","0","P19838","","Q9H2S6",""
"9.467532467532468","","interacts with","0","0.461816175","","NFKB1 (interacts with) GLYATL1",,"1","0","1","1","0.52195122","0.401681131",,"false","interacts with","NFKB1 (interacts with) GLYATL1","0","P19838","","Q969I3",""
"10.661370002546471","","interacts with","0","0.461816237","","RDH16 (interacts with) NFKB1",,"0","1","1","1","0.52195122","0.401681254",,"false","interacts with","RDH16 (interacts with) NFKB1","0","O75452","","P19838",""
"14.682926556202418","","interacts with","0","0.476426281","","NFKB1 (interacts with) MED1",,"1","0","1","1","0.551219512","0.40163305",,"false","interacts with","NFKB1 (interacts with) MED1","0","P19838","","Q15648",""
"11.249999999999998","","interacts with","0","0.464192203","","RIPK2 (interacts with) ARHGAP44",,"0","0","0","1","0.526829268","0.401555138",,"false","interacts with","RIPK2 (interacts with) ARHGAP44","0","O43353","","Q17R89",""
"17.382575757575758","","interacts with","0","0.461777089","","RIPK2 (interacts with) SMC1B",,"0","0","0","1","0.52195122","0.401602959",,"false","interacts with","RIPK2 (interacts with) SMC1B","0","O43353","","Q8NDV3",""
"9.075000000000001","","interacts with","0","0.464192184","","RIPK2 (interacts with) SCAF4",,"0","0","0","1","0.526829268","0.401555101",,"false","interacts with","RIPK2 (interacts with) SCAF4","0","O43353","","O95104",""
"13.366666666666664","","interacts with","0","0.464216117","","RIPK2 (interacts with) MED1",,"0","0","0","1","0.526829268","0.401602965",,"false","interacts with","RIPK2 (interacts with) MED1","0","O43353","","Q15648",""
"6.816666666666665","","interacts with","0","0.476387301","","HTR1E (interacts with) ZNF311",,"0","0","0","1","0.551219512","0.401555089",,"false","interacts with","HTR1E (interacts with) ZNF311","0","P28566","","Q5JNZ3",""
"17.166666666666668","","interacts with","0","0.476387293","","POPDC3 (interacts with) ZNF311",,"0","0","0","1","0.551219512","0.401555074",,"false","interacts with","POPDC3 (interacts with) ZNF311","0","Q9HBV1","","Q5JNZ3",""
"12.000000000000002","","interacts with","0","0.464192283","","ARHGAP44 (interacts with) ZNF311",,"0","0","0","1","0.526829268","0.401555297",,"false","interacts with","ARHGAP44 (interacts with) ZNF311","0","Q17R89","","Q5JNZ3",""
"6.8166666666666655","","interacts with","0","0.476387247","","GLYATL1 (interacts with) ZNF311",,"0","0","0","1","0.551219512","0.401554982",,"false","interacts with","GLYATL1 (interacts with) ZNF311","0","Q969I3","","Q5JNZ3",""
"12.460362535818925","","interacts with","0","0.464216126","","SULT1E1 (interacts with) ZCCHC2",,"0","0","0","1","0.526829268","0.401602985",,"false","interacts with","SULT1E1 (interacts with) ZCCHC2","0","P49888","","Q9C0B9",""
"7.744174796355324","","interacts with","0","0.476387105","","LRP2BP (interacts with) ZCCHC2",,"0","0","0","1","0.551219512","0.401554697",,"false","interacts with","LRP2BP (interacts with) ZCCHC2","0","Q9P2M1","","Q9C0B9",""
"14.60657107147979","","interacts with","0","0.46177711","","HTR1E (interacts with) ZCCHC2",,"0","0","0","1","0.52195122","0.401603",,"false","interacts with","HTR1E (interacts with) ZCCHC2","0","P28566","","Q9C0B9",""
"29.00879777198236","","interacts with","0","0.464216121","","POPDC3 (interacts with) ZCCHC2",,"0","0","0","1","0.526829268","0.401602974",,"false","interacts with","POPDC3 (interacts with) ZCCHC2","0","Q9HBV1","","Q9C0B9",""
"10.721473646930036","","interacts with","0","0.461777162","","ZNF772 (interacts with) ZCCHC2",,"0","0","0","1","0.52195122","0.401603105",,"false","interacts with","ZNF772 (interacts with) ZCCHC2","0","Q68DY9","","Q9C0B9",""
"10.318695869152258","","interacts with","0","0.464216143","","GLYATL1 (interacts with) ZCCHC2",,"0","0","0","1","0.526829268","0.401603018",,"false","interacts with","GLYATL1 (interacts with) ZCCHC2","0","Q969I3","","Q9C0B9",""
"8.366666666666667","","interacts with","0","0.476387178","","EPB41L5 (interacts with) SULT1E1",,"0","0","0","1","0.551219512","0.401554844",,"false","interacts with","EPB41L5 (interacts with) SULT1E1","0","Q9HCM4","","P49888",""
"6.936904761904762","","interacts with","0","0.47638707","","ERICH6 (interacts with) SULT1E1",,"0","0","0","1","0.551219512","0.401554628",,"false","interacts with","ERICH6 (interacts with) SULT1E1","0","Q7L0X2","","P49888",""
"11.868965517241378","","interacts with","0","0.476387106","","ARHGAP44 (interacts with) SULT1E1",,"0","0","0","1","0.551219512","0.401554701",,"false","interacts with","ARHGAP44 (interacts with) SULT1E1","0","Q17R89","","P49888",""
"15.73942642887876","","interacts with","0","0.464216137","","SMC1B (interacts with) SULT1E1",,"0","0","0","1","0.526829268","0.401603005",,"false","interacts with","SMC1B (interacts with) SULT1E1","0","Q8NDV3","","P49888",""
"6.985632183908046","","interacts with","0","0.461753505","","TMPPE (interacts with) SULT1E1",,"0","0","0","1","0.52195122","0.401555791",,"false","interacts with","TMPPE (interacts with) SULT1E1","0","Q6ZT21","","P49888",""
"9.959126984126984","","interacts with","0","0.464192098","","LNX2 (interacts with) SULT1E1",,"0","0","0","1","0.526829268","0.401554927",,"false","interacts with","LNX2 (interacts with) SULT1E1","0","Q8N448","","P49888",""
"6.699999999999999","","interacts with","0","0.46419221","","MCAM (interacts with) SULT1E1",,"0","0","0","1","0.526829268","0.401555151",,"false","interacts with","MCAM (interacts with) SULT1E1","0","P43121","","P49888",""
"11.833333333333332","","interacts with","0","0.476387288","","RUBCNL (interacts with) GOT1L1",,"0","0","0","1","0.551219512","0.401555063",,"false","interacts with","RUBCNL (interacts with) GOT1L1","0","Q9H714","","Q8NHS2",""
"13.01904761904762","","interacts with","0","0.476387081","","RUBCNL (interacts with) AMZ2",,"0","0","0","1","0.551219512","0.401554651",,"false","interacts with","RUBCNL (interacts with) AMZ2","0","Q9H714","","Q86W34",""
"14.347753396029258","","interacts with","0","0.476387406","","RUBCNL (interacts with) NOSTRIN",,"0","0","0","1","0.551219512","0.401555299",,"false","interacts with","RUBCNL (interacts with) NOSTRIN","0","Q9H714","","Q8IVI9",""
"14.07816091954023","","interacts with","0","0.464192107","","RUBCNL (interacts with) ARHGAP44",,"0","0","0","1","0.526829268","0.401554946",,"false","interacts with","RUBCNL (interacts with) ARHGAP44","0","Q9H714","","Q17R89",""
"8.666666666666666","","interacts with","0","0.476387277","","RUBCNL (interacts with) PRKCSH",,"0","0","0","1","0.551219512","0.401555041",,"false","interacts with","RUBCNL (interacts with) PRKCSH","0","Q9H714","","P14314",""
"16.659057321988357","","interacts with","0","0.461777143","","RUBCNL (interacts with) SMC1B",,"0","0","0","1","0.52195122","0.401603067",,"false","interacts with","RUBCNL (interacts with) SMC1B","0","Q9H714","","Q8NDV3",""
"11.946264367816092","","interacts with","0","0.476387155","","RUBCNL (interacts with) SCAF4",,"0","0","0","1","0.551219512","0.401554797",,"false","interacts with","RUBCNL (interacts with) SCAF4","0","Q9H714","","O95104",""
"11.912688460964326","","interacts with","0","0.476387097","","RUBCNL (interacts with) TNMD",,"0","0","0","1","0.551219512","0.401554682",,"false","interacts with","RUBCNL (interacts with) TNMD","0","Q9H714","","Q9H2S6",""
"9.671264367816091","","interacts with","0","0.464192238","","RUBCNL (interacts with) TMPPE",,"0","0","0","1","0.526829268","0.401555207",,"false","interacts with","RUBCNL (interacts with) TMPPE","0","Q9H714","","Q6ZT21",""
"8.902298850574713","","interacts with","0","0.464192339","","RUBCNL (interacts with) OTUD5",,"0","0","0","1","0.526829268","0.40155541",,"false","interacts with","RUBCNL (interacts with) OTUD5","0","Q9H714","","Q96G74",""
"13.066666666666666","","interacts with","0","0.476387156","","RUBCNL (interacts with) ST3GAL3",,"0","0","0","1","0.551219512","0.401554799",,"false","interacts with","RUBCNL (interacts with) ST3GAL3","0","Q9H714","","Q11203",""
"20.95291834602179","","interacts with","0","0.464216128","","RUBCNL (interacts with) MED1",,"0","0","0","1","0.526829268","0.401602988",,"false","interacts with","RUBCNL (interacts with) MED1","0","Q9H714","","Q15648",""
"23.424242424242422","","interacts with","0","0.461777022","","MINDY2 (interacts with) SMC1B",,"0","0","0","1","0.52195122","0.401602824",,"false","interacts with","MINDY2 (interacts with) SMC1B","0","Q8NBR6","","Q8NDV3",""
"8.333333333333332","","interacts with","0","0.464192247","","MINDY2 (interacts with) ZNF772",,"0","0","0","1","0.526829268","0.401555226",,"false","interacts with","MINDY2 (interacts with) ZNF772","0","Q8NBR6","","Q68DY9",""
"19.31442642887876","","interacts with","0","0.476387104","","SMC1B (interacts with) LRP2BP",,"0","0","0","1","0.551219512","0.401554695",,"false","interacts with","SMC1B (interacts with) LRP2BP","0","Q8NDV3","","Q9P2M1",""
"14.16063218390805","","interacts with","0","0.464192101","","LRP2BP (interacts with) MED1",,"0","0","0","1","0.526829268","0.401554935",,"false","interacts with","LRP2BP (interacts with) MED1","0","Q9P2M1","","Q15648",""
"6.883333333333333","","interacts with","0","0.464192457","","HTR1E (interacts with) ZNF221",,"0","0","0","1","0.526829268","0.401555645",,"false","interacts with","HTR1E (interacts with) ZNF221","0","P28566","","Q9UK13",""
"10.165935214211077","","interacts with","0","0.469070338","","HTR1E (interacts with) NOSTRIN",,"0","0","0","1","0.536585366","0.401555309",,"false","interacts with","HTR1E (interacts with) NOSTRIN","0","P28566","","Q8IVI9",""
"11.435632183908046","","interacts with","0","0.476387122","","HTR1E (interacts with) ARHGAP44",,"0","0","0","1","0.551219512","0.401554733",,"false","interacts with","HTR1E (interacts with) ARHGAP44","0","P28566","","Q17R89",""
"19.20457794403028","","interacts with","0","0.464216149","","HTR1E (interacts with) SMC1B",,"0","0","0","1","0.526829268","0.401603029",,"false","interacts with","HTR1E (interacts with) SMC1B","0","P28566","","Q8NDV3",""
"12.003279242731576","","interacts with","0","0.476387256","","HTR1E (interacts with) SCAF4",,"0","0","0","1","0.551219512","0.401555",,"false","interacts with","HTR1E (interacts with) SCAF4","0","P28566","","O95104",""
"17.045238095238094","","interacts with","0","0.476387171","","FLYWCH1 (interacts with) POPDC3",,"0","0","0","1","0.551219512","0.40155483",,"false","interacts with","FLYWCH1 (interacts with) POPDC3","0","Q4VC44","","Q9HBV1",""
"12.133333333333333","","interacts with","0","0.469070228","","POPDC3 (interacts with) PDE7A",,"0","0","0","1","0.536585366","0.40155509",,"false","interacts with","POPDC3 (interacts with) PDE7A","0","Q9HBV1","","Q13946",""
"12.772222222222222","","interacts with","0","0.47638734","","POPDC3 (interacts with) ZNF221",,"0","0","0","1","0.551219512","0.401555168",,"false","interacts with","POPDC3 (interacts with) ZNF221","0","Q9HBV1","","Q9UK13",""
"13.800000000000002","","interacts with","0","0.469070306","","POPDC3 (interacts with) IQCM",,"0","0","0","1","0.536585366","0.401555245",,"false","interacts with","POPDC3 (interacts with) IQCM","0","Q9HBV1","","A0A1B0GVH7",""
"16.79126984126984","","interacts with","0","0.476387132","","POPDC3 (interacts with) EPB41L5",,"0","0","0","1","0.551219512","0.401554752",,"false","interacts with","POPDC3 (interacts with) EPB41L5","0","Q9HBV1","","Q9HCM4",""
"18.666666666666664","","interacts with","0","0.461753164","","POPDC3 (interacts with) UEVLD",,"0","0","0","1","0.52195122","0.401555108",,"false","interacts with","POPDC3 (interacts with) UEVLD","0","Q9HBV1","","Q8IX04",""
"11.344841269841268","","interacts with","0","0.476387235","","POPDC3 (interacts with) ERICH6",,"0","0","0","1","0.551219512","0.401554957",,"false","interacts with","POPDC3 (interacts with) ERICH6","0","Q9HBV1","","Q7L0X2",""
"14.6","","interacts with","0","0.469109288","","POPDC3 (interacts with) CARD8",,"0","0","0","1","0.536585366","0.40163321",,"false","interacts with","POPDC3 (interacts with) CARD8","0","Q9HBV1","","Q9Y2G2",""
"8.957854406130267","","interacts with","0","0.476387142","","POPDC3 (interacts with) ARHGAP44",,"0","0","0","1","0.551219512","0.401554771",,"false","interacts with","POPDC3 (interacts with) ARHGAP44","0","Q9HBV1","","Q17R89",""
"16.10331531776765","","interacts with","0","0.464216076","","POPDC3 (interacts with) SMC1B",,"0","0","0","1","0.526829268","0.401602883",,"false","interacts with","POPDC3 (interacts with) SMC1B","0","Q9HBV1","","Q8NDV3",""
"12.3","","interacts with","0","0.469070539","","POPDC3 (interacts with) ZNF772",,"0","0","0","1","0.536585366","0.401555712",,"false","interacts with","POPDC3 (interacts with) ZNF772","0","Q9HBV1","","Q68DY9",""
"20.544945909398233","","interacts with","0","0.476387152","","POPDC3 (interacts with) SCAF4",,"0","0","0","1","0.551219512","0.401554791",,"false","interacts with","POPDC3 (interacts with) SCAF4","0","Q9HBV1","","O95104",""
"16.257854406130267","","interacts with","0","0.464192429","","POPDC3 (interacts with) OTUD5",,"0","0","0","1","0.526829268","0.40155559",,"false","interacts with","POPDC3 (interacts with) OTUD5","0","Q9HBV1","","Q96G74",""
"12.057854406130268","","interacts with","0","0.461777076","","POPDC3 (interacts with) MED1",,"0","0","0","1","0.52195122","0.401602933",,"false","interacts with","POPDC3 (interacts with) MED1","0","Q9HBV1","","Q15648",""
"20.14246031746032","","interacts with","0","0.476387163","","POPDC3 (interacts with) LNX2",,"0","0","0","1","0.551219512","0.401554815",,"false","interacts with","POPDC3 (interacts with) LNX2","0","Q9HBV1","","Q8N448",""
"16.31904761904762","","interacts with","0","0.476387166","","POPDC3 (interacts with) MCAM",,"0","0","0","1","0.551219512","0.401554819",,"false","interacts with","POPDC3 (interacts with) MCAM","0","Q9HBV1","","P43121",""
"20.333333333333332","","interacts with","0","0.476387341","","POPDC3 (interacts with) SOCS5",,"0","0","0","1","0.551219512","0.40155517",,"false","interacts with","POPDC3 (interacts with) SOCS5","0","Q9HBV1","","O75159",""
"8.476190476190476","","interacts with","0","0.461753062","","FLYWCH1 (interacts with) GOT1L1",,"0","0","0","1","0.52195122","0.401554904",,"false","interacts with","FLYWCH1 (interacts with) GOT1L1","0","Q4VC44","","Q8NHS2",""
"7.3","","interacts with","0","0.476387175","","FLYWCH1 (interacts with) PDE7A",,"0","0","0","1","0.551219512","0.401554837",,"false","interacts with","FLYWCH1 (interacts with) PDE7A","0","Q4VC44","","Q13946",""
"7.85","","interacts with","0","0.476387154","","FLYWCH1 (interacts with) AADACL4",,"0","0","0","1","0.551219512","0.401554797",,"false","interacts with","FLYWCH1 (interacts with) AADACL4","0","Q4VC44","","Q5VUY2",""
"6.7333333333333325","","interacts with","0","0.461753065","","FLYWCH1 (interacts with) UEVLD",,"0","0","0","1","0.52195122","0.40155491",,"false","interacts with","FLYWCH1 (interacts with) UEVLD","0","Q4VC44","","Q8IX04",""
"10.133333333333333","","interacts with","0","0.476387187","","FLYWCH1 (interacts with) SCAF4",,"0","0","0","1","0.551219512","0.401554862",,"false","interacts with","FLYWCH1 (interacts with) SCAF4","0","Q4VC44","","O95104",""
"9.419047619047618","","interacts with","0","0.476387194","","FLYWCH1 (interacts with) TNMD",,"0","0","0","1","0.551219512","0.401554875",,"false","interacts with","FLYWCH1 (interacts with) TNMD","0","Q4VC44","","Q9H2S6",""
"23.590909090909086","","interacts with","0","0.464216189","","GOT1L1 (interacts with) SMC1B",,"0","0","0","1","0.526829268","0.40160311",,"false","interacts with","GOT1L1 (interacts with) SMC1B","0","Q8NHS2","","Q8NDV3",""
"7.066666666666667","","interacts with","0","0.476387302","","ERICH6 (interacts with) PDE7A",,"0","0","0","1","0.551219512","0.401555092",,"false","interacts with","ERICH6 (interacts with) PDE7A","0","Q7L0X2","","Q13946",""
"8.733333333333333","","interacts with","0","0.47638714","","ARHGAP44 (interacts with) PDE7A",,"0","0","0","1","0.551219512","0.401554767",,"false","interacts with","ARHGAP44 (interacts with) PDE7A","0","Q17R89","","Q13946",""
"14.94924242424242","","interacts with","0","0.461777131","","SMC1B (interacts with) PDE7A",,"0","0","0","1","0.52195122","0.401603043",,"false","interacts with","SMC1B (interacts with) PDE7A","0","Q8NDV3","","Q13946",""
"10.541666666666666","","interacts with","0","0.464216171","","MED1 (interacts with) PDE7A",,"0","0","0","1","0.526829268","0.401603073",,"false","interacts with","MED1 (interacts with) PDE7A","0","Q15648","","Q13946",""
"7.4333333333333345","","interacts with","0","0.464192213","","ARHGAP44 (interacts with) ZNF221",,"0","0","0","1","0.526829268","0.401555158",,"false","interacts with","ARHGAP44 (interacts with) ZNF221","0","Q17R89","","Q9UK13",""
"14.315909090909088","","interacts with","0","0.4617772","","SMC1B (interacts with) ZNF221",,"0","0","0","1","0.52195122","0.401603181",,"false","interacts with","SMC1B (interacts with) ZNF221","0","Q8NDV3","","Q9UK13",""
"5.888888888888889","","interacts with","0","0.461753422","","TMPPE (interacts with) ZNF221",,"0","0","0","1","0.52195122","0.401555624",,"false","interacts with","TMPPE (interacts with) ZNF221","0","Q6ZT21","","Q9UK13",""
"10.275","","interacts with","0","0.464216068","","ZNF221 (interacts with) MED1",,"0","0","0","1","0.526829268","0.401602867",,"false","interacts with","ZNF221 (interacts with) MED1","0","Q9UK13","","Q15648",""
"24.690909090909095","","interacts with","0","0.464216113","","OTUD1 (interacts with) SMC1B",,"0","0","0","1","0.526829268","0.401602957",,"false","interacts with","OTUD1 (interacts with) SMC1B","0","Q5VV17","","Q8NDV3",""
"9.433333333333334","","interacts with","0","0.464192083","","OTUD1 (interacts with) SCAF4",,"0","0","0","1","0.526829268","0.401554897",,"false","interacts with","OTUD1 (interacts with) SCAF4","0","Q5VV17","","O95104",""
"6.316666666666666","","interacts with","0","0.464192113","","EPB41L5 (interacts with) AADACL4",,"0","0","0","1","0.526829268","0.401554958",,"false","interacts with","EPB41L5 (interacts with) AADACL4","0","Q9HCM4","","Q5VUY2",""
"11.683333333333334","","interacts with","0","0.476387145","","ARHGAP44 (interacts with) AADACL4",,"0","0","0","1","0.551219512","0.401554778",,"false","interacts with","ARHGAP44 (interacts with) AADACL4","0","Q17R89","","Q5VUY2",""
"17.64924242424242","","interacts with","0","0.464216147","","SMC1B (interacts with) AADACL4",,"0","0","0","1","0.526829268","0.401603025",,"false","interacts with","SMC1B (interacts with) AADACL4","0","Q8NDV3","","Q5VUY2",""
"7.558333333333333","","interacts with","0","0.469070263","","SCAF4 (interacts with) AADACL4",,"0","0","0","1","0.536585366","0.40155516",,"false","interacts with","SCAF4 (interacts with) AADACL4","0","O95104","","Q5VUY2",""
"14.35","","interacts with","0","0.464216211","","MED1 (interacts with) AADACL4",,"0","0","0","1","0.526829268","0.401603153",,"false","interacts with","MED1 (interacts with) AADACL4","0","Q15648","","Q5VUY2",""
"9.083333333333334","","interacts with","0","0.476387211","","LNX2 (interacts with) AADACL4",,"0","0","0","1","0.551219512","0.401554909",,"false","interacts with","LNX2 (interacts with) AADACL4","0","Q8N448","","Q5VUY2",""
"6.9","","interacts with","0","0.461752941","","ERICH6 (interacts with) IQCM",,"0","0","0","1","0.52195122","0.401554662",,"false","interacts with","ERICH6 (interacts with) IQCM","0","Q7L0X2","","A0A1B0GVH7",""
"8.333333333333332","","interacts with","0","0.464192032","","ARHGAP44 (interacts with) IQCM",,"0","0","0","1","0.526829268","0.401554795",,"false","interacts with","ARHGAP44 (interacts with) IQCM","0","Q17R89","","A0A1B0GVH7",""
"14.882575757575758","","interacts with","0","0.461777135","","SMC1B (interacts with) IQCM",,"0","0","0","1","0.52195122","0.401603051",,"false","interacts with","SMC1B (interacts with) IQCM","0","Q8NDV3","","A0A1B0GVH7",""
"10.575","","interacts with","0","0.464216105","","MED1 (interacts with) IQCM",,"0","0","0","1","0.526829268","0.401602943",,"false","interacts with","MED1 (interacts with) IQCM","0","Q15648","","A0A1B0GVH7",""
"9.633333333333333","","interacts with","0","0.476387253","","EPB41L5 (interacts with) SCAF4",,"0","0","0","1","0.551219512","0.401554994",,"false","interacts with","EPB41L5 (interacts with) SCAF4","0","Q9HCM4","","O95104",""
"7.61904761904762","","interacts with","0","0.476387208","","EPB41L5 (interacts with) TNMD",,"0","0","0","1","0.551219512","0.401554904",,"false","interacts with","EPB41L5 (interacts with) TNMD","0","Q9HCM4","","Q9H2S6",""
"8.88888888888889","","interacts with","0","0.464192167","","EPB41L5 (interacts with) TMPPE",,"0","0","0","1","0.526829268","0.401555065",,"false","interacts with","EPB41L5 (interacts with) TMPPE","0","Q9HCM4","","Q6ZT21",""
"14.316666666666668","","interacts with","0","0.464216242","","UEVLD (interacts with) MED1",,"0","0","0","1","0.526829268","0.401603216",,"false","interacts with","UEVLD (interacts with) MED1","0","Q8IX04","","Q15648",""
"12.376190476190475","","interacts with","0","0.476387118","","ERICH6 (interacts with) AMZ2",,"0","0","0","1","0.551219512","0.401554723",,"false","interacts with","ERICH6 (interacts with) AMZ2","0","Q7L0X2","","Q86W34",""
"7.560714285714285","","interacts with","0","0.476387103","","LNX2 (interacts with) AMZ2",,"0","0","0","1","0.551219512","0.401554695",,"false","interacts with","LNX2 (interacts with) AMZ2","0","Q8N448","","Q86W34",""
"8.433333333333335","","interacts with","0","0.464192133","","ERICH6 (interacts with) ARHGAP44",,"0","0","0","1","0.526829268","0.401554999",,"false","interacts with","ERICH6 (interacts with) ARHGAP44","0","Q7L0X2","","Q17R89",""
"13.086147186147187","","interacts with","0","0.461777028","","ERICH6 (interacts with) SMC1B",,"0","0","0","1","0.52195122","0.401602836",,"false","interacts with","ERICH6 (interacts with) SMC1B","0","Q7L0X2","","Q8NDV3",""
"7.991666666666667","","interacts with","0","0.476387222","","ERICH6 (interacts with) ZNF772",,"0","0","0","1","0.551219512","0.401554932",,"false","interacts with","ERICH6 (interacts with) ZNF772","0","Q7L0X2","","Q68DY9",""
"10.647619047619044","","interacts with","0","0.476387099","","ERICH6 (interacts with) TNMD",,"0","0","0","1","0.551219512","0.401554686",,"false","interacts with","ERICH6 (interacts with) TNMD","0","Q7L0X2","","Q9H2S6",""
"7.920238095238095","","interacts with","0","0.476387192","","ERICH6 (interacts with) GLYATL1",,"0","0","0","1","0.551219512","0.401554871",,"false","interacts with","ERICH6 (interacts with) GLYATL1","0","Q7L0X2","","Q969I3",""
"7.022222222222224","","interacts with","0","0.464192401","","ERICH6 (interacts with) TMPPE",,"0","0","0","1","0.526829268","0.401555534",,"false","interacts with","ERICH6 (interacts with) TMPPE","0","Q7L0X2","","Q6ZT21",""
"6.166666666666666","","interacts with","0","0.461753912","","ERICH6 (interacts with) MCAM",,"0","0","0","1","0.52195122","0.401556604",,"false","interacts with","ERICH6 (interacts with) MCAM","0","Q7L0X2","","P43121",""
"9.4","","interacts with","0","0.476387084","","ARHGAP44 (interacts with) CARD8",,"0","0","0","1","0.551219512","0.401554655",,"false","interacts with","ARHGAP44 (interacts with) CARD8","0","Q17R89","","Q9Y2G2",""
"16.115909090909092","","interacts with","0","0.461777113","","SMC1B (interacts with) CARD8",,"0","0","0","1","0.52195122","0.401603006",,"false","interacts with","SMC1B (interacts with) CARD8","0","Q8NDV3","","Q9Y2G2",""
"10.475","","interacts with","0","0.464216249","","MED1 (interacts with) CARD8",,"0","0","0","1","0.526829268","0.40160323",,"false","interacts with","MED1 (interacts with) CARD8","0","Q15648","","Q9Y2G2",""
"9.585632183908045","","interacts with","0","0.476387183","","ARHGAP44 (interacts with) ZNF772",,"0","0","0","1","0.551219512","0.401554854",,"false","interacts with","ARHGAP44 (interacts with) ZNF772","0","Q17R89","","Q68DY9",""
"9.952298850574714","","interacts with","0","0.476387073","","ARHGAP44 (interacts with) GLYATL1",,"0","0","0","1","0.551219512","0.401554634",,"false","interacts with","ARHGAP44 (interacts with) GLYATL1","0","Q17R89","","Q969I3",""
"6.7555555555555555","","interacts with","0","0.476387254","","ARHGAP44 (interacts with) TMPPE",,"0","0","0","1","0.551219512","0.401554997",,"false","interacts with","ARHGAP44 (interacts with) TMPPE","0","Q17R89","","Q6ZT21",""
"9.100000000000001","","interacts with","0","0.476387266","","ARHGAP44 (interacts with) OTUD5",,"0","0","0","1","0.551219512","0.40155502",,"false","interacts with","ARHGAP44 (interacts with) OTUD5","0","Q17R89","","Q96G74",""
"10.083333333333336","","interacts with","0","0.461777043","","ARHGAP44 (interacts with) MED1",,"0","0","0","1","0.52195122","0.401602867",,"false","interacts with","ARHGAP44 (interacts with) MED1","0","Q17R89","","Q15648",""
"22.697771836007124","","interacts with","0","0.461777189","","PRKCSH (interacts with) SMC1B",,"0","0","0","1","0.52195122","0.401603159",,"false","interacts with","PRKCSH (interacts with) SMC1B","0","P14314","","Q8NDV3",""
"9.885294117647062","","interacts with","0","0.469070161","","PRKCSH (interacts with) SCAF4",,"0","0","0","1","0.536585366","0.401554956",,"false","interacts with","PRKCSH (interacts with) SCAF4","0","P14314","","O95104",""
"8.717647058823529","","interacts with","0","0.464192179","","PRKCSH (interacts with) TNMD",,"0","0","0","1","0.526829268","0.40155509",,"false","interacts with","PRKCSH (interacts with) TNMD","0","P14314","","Q9H2S6",""
"8.250980392156862","","interacts with","0","0.469070351","","PRKCSH (interacts with) RDH16",,"0","0","0","1","0.536585366","0.401555337",,"false","interacts with","PRKCSH (interacts with) RDH16","0","P14314","","O75452",""
"6.7333333333333325","","interacts with","0","0.461753361","","PRKCSH (interacts with) ST3GAL3",,"0","0","0","1","0.52195122","0.401555503",,"false","interacts with","PRKCSH (interacts with) ST3GAL3","0","P14314","","Q11203",""
"14.214426428878758","","interacts with","0","0.461777163","","SMC1B (interacts with) ZNF772",,"0","0","0","1","0.52195122","0.401603107",,"false","interacts with","SMC1B (interacts with) ZNF772","0","Q8NDV3","","Q68DY9",""
"16.222759762212096","","interacts with","0","0.46421612","","SMC1B (interacts with) GLYATL1",,"0","0","0","1","0.526829268","0.401602971",,"false","interacts with","SMC1B (interacts with) GLYATL1","0","Q8NDV3","","Q969I3",""
"12.738131313131312","","interacts with","0","0.464216083","","TMPPE (interacts with) SMC1B",,"0","0","0","1","0.526829268","0.401602897",,"false","interacts with","TMPPE (interacts with) SMC1B","0","Q6ZT21","","Q8NDV3",""
"15.024242424242424","","interacts with","0","0.461777186","","OTUD5 (interacts with) SMC1B",,"0","0","0","1","0.52195122","0.401603152",,"false","interacts with","OTUD5 (interacts with) SMC1B","0","Q96G74","","Q8NDV3",""
"24.690909090909084","","interacts with","0","0.46177701","","NUAK2 (interacts with) SMC1B",,"0","0","0","1","0.52195122","0.4016028",,"false","interacts with","NUAK2 (interacts with) SMC1B","0","Q9H093","","Q8NDV3",""
"16.990909090909096","","interacts with","0","0.46177707","","MCAM (interacts with) SMC1B",,"0","0","0","1","0.52195122","0.40160292",,"false","interacts with","MCAM (interacts with) SMC1B","0","P43121","","Q8NDV3",""
"12.960632183908048","","interacts with","0","0.464216101","","ZNF772 (interacts with) MED1",,"0","0","0","1","0.526829268","0.401602933",,"false","interacts with","ZNF772 (interacts with) MED1","0","Q68DY9","","Q15648",""
"9.433333333333332","","interacts with","0","0.476387197","","NUAK2 (interacts with) SCAF4",,"0","0","0","1","0.551219512","0.401554883",,"false","interacts with","NUAK2 (interacts with) SCAF4","0","Q9H093","","O95104",""
"6.519047619047619","","interacts with","0","0.464192241","","MCAM (interacts with) TNMD",,"0","0","0","1","0.526829268","0.401555214",,"false","interacts with","MCAM (interacts with) TNMD","0","P43121","","Q9H2S6",""
"9.318965517241379","","interacts with","0","0.461753448","","TMPPE (interacts with) GLYATL1",,"0","0","0","1","0.52195122","0.401555677",,"false","interacts with","TMPPE (interacts with) GLYATL1","0","Q6ZT21","","Q969I3",""
"9.27579365079365","","interacts with","0","0.464192103","","LNX2 (interacts with) GLYATL1",,"0","0","0","1","0.526829268","0.401554937",,"false","interacts with","LNX2 (interacts with) GLYATL1","0","Q8N448","","Q969I3",""
"5.855555555555554","","interacts with","0","0.476388296","","TMPPE (interacts with) OTUD5",,"0","0","0","1","0.551219512","0.401557079",,"false","interacts with","TMPPE (interacts with) OTUD5","0","Q6ZT21","","Q96G74",""
"12.197222222222221","","interacts with","0","0.464216119","","TMPPE (interacts with) MED1",,"0","0","0","1","0.526829268","0.40160297",,"false","interacts with","TMPPE (interacts with) MED1","0","Q6ZT21","","Q15648",""
"17.25","","interacts with","0","0.461777206","","RDH16 (interacts with) MED1",,"0","0","0","1","0.52195122","0.401603192",,"false","interacts with","RDH16 (interacts with) MED1","0","O75452","","Q15648",""
"9.4","","interacts with","0","0.476387101","","LNX2 (interacts with) ST3GAL3",,"0","0","0","1","0.551219512","0.401554691",,"false","interacts with","LNX2 (interacts with) ST3GAL3","0","Q8N448","","Q11203",""
"14.583333333333332","","interacts with","0","0.464255322","","SOCS5 (interacts with) MED1",,"0","0","0","1","0.526829268","0.401681376",,"false","interacts with","SOCS5 (interacts with) MED1","0","O75159","","Q15648",""
"4.0","","interacts with","0","0.56196892","","SNAP47 (interacts with) CEP57L1",,"0","0","0","1","0.72195122","0.401986621",,"false","interacts with","SNAP47 (interacts with) CEP57L1","0","Q5SQN1","","Q8IYX8",""
"4.0","","interacts with","0","0.464192205","","CEP57L1 (interacts with) IGKV3D-11",,"0","0","0","1","0.526829268","0.401555142",,"false","interacts with","CEP57L1 (interacts with) IGKV3D-11","0","Q8IYX8","","A0A0A0MRZ8",""
"8.0","","interacts with","0","0.461792661","","ZNF565 (interacts with) UTS2R",,"0","0","0","1","0.52195122","0.401634103",,"false","interacts with","ZNF565 (interacts with) UTS2R","0","Q8N9K5","","Q9UKP6",""
"12.0","","interacts with","0","0.464192036","","ZNF565 (interacts with) RSBN1",,"0","0","0","1","0.526829268","0.401554805",,"false","interacts with","ZNF565 (interacts with) RSBN1","0","Q8N9K5","","Q5VWQ0",""
"8.0","","interacts with","0","0.464192272","","ZNF565 (interacts with) C9orf64",,"0","0","0","1","0.526829268","0.401555277",,"false","interacts with","ZNF565 (interacts with) C9orf64","0","Q8N9K5","","Q5T6V5",""
"8.0","","interacts with","0","0.615287743","","RSBN1 (interacts with) ARID5B",,"0","0","0","1","0.829268293","0.401307193",,"false","interacts with","RSBN1 (interacts with) ARID5B","0","Q5VWQ0","","Q14865",""
"0.0","","interacts with","0","0.606404844","","COL1A1 (interacts with) COL1A1",,"1","1","1","1","0.814634146","0.398175542",,"false","interacts with","COL1A1 (interacts with) COL1A1","0","P02452","","P02452",""
"58.166666666666664","","interacts with","0","0.464231273","","COL1A1 (interacts with) GPR146",,"1","0","1","1","0.526829268","0.401633277",,"false","interacts with","COL1A1 (interacts with) GPR146","0","P02452","","Q96CH1",""
"62.66666666666667","","interacts with","0","0.476426243","","COL1A1 (interacts with) NPAS1",,"1","0","1","1","0.551219512","0.401632974",,"false","interacts with","COL1A1 (interacts with) NPAS1","0","P02452","","Q99742",""
"36.06666666666667","","interacts with","0","0.476426234","","COL1A1 (interacts with) CFAP107",,"1","0","1","1","0.551219512","0.401632956",,"false","interacts with","COL1A1 (interacts with) CFAP107","0","P02452","","Q8N1D5",""
"27.066666666666666","","interacts with","0","0.476426197","","COL1A1 (interacts with) KCNK13",,"1","0","1","1","0.551219512","0.401632883",,"false","interacts with","COL1A1 (interacts with) KCNK13","0","P02452","","Q9HB14",""
"55.0","","interacts with","0","0.476426308","","COL1A1 (interacts with) KCNJ2",,"1","0","1","1","0.551219512","0.401633104",,"false","interacts with","COL1A1 (interacts with) KCNJ2","0","P02452","","P63252",""
"45.33333333333335","","interacts with","0","0.476426176","","MSTN (interacts with) COL1A1",,"0","1","1","1","0.551219512","0.40163284",,"false","interacts with","MSTN (interacts with) COL1A1","0","O14793","","P02452",""
"58.0","","interacts with","0","0.476426203","","CNMD (interacts with) COL1A1",,"0","1","1","1","0.551219512","0.401632893",,"false","interacts with","CNMD (interacts with) COL1A1","0","O75829","","P02452",""
"18.333333333333332","","interacts with","0","0.47642624","","COL1A1 (interacts with) SYT17",,"1","0","1","1","0.551219512","0.401632967",,"false","interacts with","COL1A1 (interacts with) SYT17","0","P02452","","Q9BSW7",""
"45.33333333333333","","interacts with","0","0.476426214","","COL1A1 (interacts with) OR2J1",,"1","0","1","1","0.551219512","0.401632916",,"false","interacts with","COL1A1 (interacts with) OR2J1","0","P02452","","Q9GZK6",""
"53.66666666666667","","interacts with","0","0.476426197","","COL1A1 (interacts with) CCDC83",,"1","0","1","1","0.551219512","0.401632881",,"false","interacts with","COL1A1 (interacts with) CCDC83","0","P02452","","Q8IWF9",""
"51.49999999999999","","interacts with","0","0.476426227","","COL1A1 (interacts with) TCTN3",,"1","0","1","1","0.551219512","0.401632942",,"false","interacts with","COL1A1 (interacts with) TCTN3","0","P02452","","Q6NUS6",""
"44.56666666666667","","interacts with","0","0.476426171","","COL1A1 (interacts with) REEP4",,"1","0","1","1","0.551219512","0.401632829",,"false","interacts with","COL1A1 (interacts with) REEP4","0","P02452","","Q9H6H4",""
"62.166666666666664","","interacts with","0","0.476426259","","COL1A1 (interacts with) KIR3DL1",,"1","0","1","1","0.551219512","0.401633006",,"false","interacts with","COL1A1 (interacts with) KIR3DL1","0","P02452","","P43629",""
"58.0","","interacts with","0","0.476426214","","COL1A1 (interacts with) CFHR2",,"1","0","1","1","0.551219512","0.401632917",,"false","interacts with","COL1A1 (interacts with) CFHR2","0","P02452","","P36980",""
"51.833333333333336","","interacts with","0","0.476426235","","COL1A1 (interacts with) UVSSA",,"1","0","1","1","0.551219512","0.401632957",,"false","interacts with","COL1A1 (interacts with) UVSSA","0","P02452","","Q2YD98",""
"45.333333333333336","","interacts with","0","0.476426268","","COL1A1 (interacts with) DOK5",,"1","0","1","1","0.551219512","0.401633024",,"false","interacts with","COL1A1 (interacts with) DOK5","0","P02452","","Q9P104",""
"74.0","","interacts with","0","0.476426214","","COL1A1 (interacts with) TRNT1",,"1","0","1","1","0.551219512","0.401632916",,"false","interacts with","COL1A1 (interacts with) TRNT1","0","P02452","","Q96Q11",""
"47.666666666666664","","interacts with","0","0.476426259","","COL1A1 (interacts with) SLC35B4",,"1","0","1","1","0.551219512","0.401633006",,"false","interacts with","COL1A1 (interacts with) SLC35B4","0","P02452","","Q969S0",""
"70.33333333333333","","interacts with","0","0.476426272","","COL1A1 (interacts with) SLC9A8",,"1","0","1","1","0.551219512","0.401633032",,"false","interacts with","COL1A1 (interacts with) SLC9A8","0","P02452","","Q9Y2E8",""
"52.0","","interacts with","0","0.476426183","","WNT7A (interacts with) COL1A1",,"0","1","1","1","0.551219512","0.401632854",,"false","interacts with","WNT7A (interacts with) COL1A1","0","O00755","","P02452",""
"38.66666666666667","","interacts with","0","0.476426205","","COL1A1 (interacts with) LPAR2",,"1","0","1","1","0.551219512","0.401632898",,"false","interacts with","COL1A1 (interacts with) LPAR2","0","P02452","","Q9HBW0",""
"52.333333333333336","","interacts with","0","0.476426267","","COL1A1 (interacts with) CXCR1",,"1","0","1","1","0.551219512","0.401633021",,"false","interacts with","COL1A1 (interacts with) CXCR1","0","P02452","","P25024",""
"50.50000000000001","","interacts with","0","0.476426195","","COL1A1 (interacts with) RCOR3",,"1","0","1","1","0.551219512","0.401632878",,"false","interacts with","COL1A1 (interacts with) RCOR3","0","P02452","","Q9P2K3",""
"52.833333333333336","","interacts with","0","0.464231298","","COL1A1 (interacts with) FAAP100",,"1","0","1","1","0.526829268","0.401633328",,"false","interacts with","COL1A1 (interacts with) FAAP100","0","P02452","","Q0VG06",""
"62.66666666666667","","interacts with","0","0.476426241","","PRICKLE3 (interacts with) COL1A1",,"0","1","1","1","0.551219512","0.40163297",,"false","interacts with","PRICKLE3 (interacts with) COL1A1","0","O43900","","P02452",""
"46.66666666666667","","interacts with","0","0.476426224","","COL1A1 (interacts with) SLC30A6",,"1","0","1","1","0.551219512","0.401632936",,"false","interacts with","COL1A1 (interacts with) SLC30A6","0","P02452","","Q6NXT4",""
"41.50000000000001","","interacts with","0","0.476426252","","COL1A1 (interacts with) NPBWR2",,"1","0","1","1","0.551219512","0.401632993",,"false","interacts with","COL1A1 (interacts with) NPBWR2","0","P02452","","P48146",""
"53.00000000000001","","interacts with","0","0.476426197","","COL1A1 (interacts with) TRIM17",,"1","0","1","1","0.551219512","0.401632882",,"false","interacts with","COL1A1 (interacts with) TRIM17","0","P02452","","Q9Y577",""
"51.99999999999999","","interacts with","0","0.476426236","","COL1A1 (interacts with) CXCR3",,"1","0","1","1","0.551219512","0.40163296",,"false","interacts with","COL1A1 (interacts with) CXCR3","0","P02452","","P49682",""
"50.16666666666667","","interacts with","0","0.476426214","","COL1A1 (interacts with) SLC50A1",,"1","0","1","1","0.551219512","0.401632915",,"false","interacts with","COL1A1 (interacts with) SLC50A1","0","P02452","","Q9BRV3",""
"41.33333333333335","","interacts with","0","0.476426257","","COL1A1 (interacts with) NDUFAF6",,"1","0","1","1","0.551219512","0.401633001",,"false","interacts with","COL1A1 (interacts with) NDUFAF6","0","P02452","","Q330K2",""
"45.333333333333336","","interacts with","0","0.476426209","","COL1A1 (interacts with) MPPED2",,"1","0","1","1","0.551219512","0.401632905",,"false","interacts with","COL1A1 (interacts with) MPPED2","0","P02452","","Q15777",""
"46.50000000000001","","interacts with","0","0.476426197","","COL1A1 (interacts with) TMEM231",,"1","0","1","1","0.551219512","0.401632882",,"false","interacts with","COL1A1 (interacts with) TMEM231","0","P02452","","Q9H6L2",""
"45.33333333333334","","interacts with","0","0.476426305","","COL1A1 (interacts with) SLC25A4",,"1","0","1","1","0.551219512","0.401633099",,"false","interacts with","COL1A1 (interacts with) SLC25A4","0","P02452","","P12235",""
"71.0","","interacts with","0","0.4618163","","COL1A1 (interacts with) ASIC1",,"1","0","1","1","0.52195122","0.401681381",,"false","interacts with","COL1A1 (interacts with) ASIC1","0","P02452","","P78348",""
"21.685714285714287","","interacts with","0","0.469109266","","COL1A1 (interacts with) RBM25",,"1","0","1","1","0.536585366","0.401633166",,"false","interacts with","COL1A1 (interacts with) RBM25","0","P02452","","P49756",""
"58.0","","interacts with","0","0.476426351","","AKR7A3 (interacts with) COL1A1",,"0","1","1","1","0.551219512","0.40163319",,"false","interacts with","AKR7A3 (interacts with) COL1A1","0","O95154","","P02452",""
"39.833333333333336","","interacts with","0","0.464231265","","COL1A1 (interacts with) MCHR1",,"1","0","1","1","0.526829268","0.401633262",,"false","interacts with","COL1A1 (interacts with) MCHR1","0","P02452","","Q99705",""
"46.666666666666664","","interacts with","0","0.476426206","","COL1A1 (interacts with) CLNK",,"1","0","1","1","0.551219512","0.4016329",,"false","interacts with","COL1A1 (interacts with) CLNK","0","P02452","","Q7Z7G1",""
"33.78571428571428","","interacts with","0","0.476426166","","COL1A1 (interacts with) XRCC1",,"1","0","1","1","0.551219512","0.40163282",,"false","interacts with","COL1A1 (interacts with) XRCC1","0","P02452","","P18887",""
"8.666666666666666","","interacts with","0","0.464192254","","GPR146 (interacts with) TCTN3",,"0","0","0","1","0.526829268","0.401555239",,"false","interacts with","GPR146 (interacts with) TCTN3","0","Q96CH1","","Q6NUS6",""
"4.833333333333333","","interacts with","0","0.464231262","","GPR146 (interacts with) SLC9A8",,"0","0","0","1","0.526829268","0.401633256",,"false","interacts with","GPR146 (interacts with) SLC9A8","0","Q96CH1","","Q9Y2E8",""
"5.0","","interacts with","0","0.469109574","","GPR146 (interacts with) PRICKLE3",,"0","0","0","1","0.536585366","0.401633783",,"false","interacts with","GPR146 (interacts with) PRICKLE3","0","Q96CH1","","O43900",""
"10.666666666666666","","interacts with","0","0.469109585","","GPR146 (interacts with) XRCC1",,"0","0","0","1","0.536585366","0.401633805",,"false","interacts with","GPR146 (interacts with) XRCC1","0","Q96CH1","","P18887",""
"5.166666666666666","","interacts with","0","0.464192185","","NPAS1 (interacts with) KIR3DL1",,"0","0","0","1","0.526829268","0.401555102",,"false","interacts with","NPAS1 (interacts with) KIR3DL1","0","Q99742","","P43629",""
"7.166666666666666","","interacts with","0","0.4617532","","NPAS1 (interacts with) UVSSA",,"0","0","0","1","0.52195122","0.401555181",,"false","interacts with","NPAS1 (interacts with) UVSSA","0","Q99742","","Q2YD98",""
"6.0","","interacts with","0","0.461792229","","NPAS1 (interacts with) TRNT1",,"0","0","0","1","0.52195122","0.401633239",,"false","interacts with","NPAS1 (interacts with) TRNT1","0","Q99742","","Q96Q11",""
"7.0","","interacts with","0","0.47642649","","NPAS1 (interacts with) WNT7A",,"0","0","0","1","0.551219512","0.401633468",,"false","interacts with","NPAS1 (interacts with) WNT7A","0","Q99742","","O00755",""
"7.0","","interacts with","0","0.464192236","","NPAS1 (interacts with) TMEM231",,"0","0","0","1","0.526829268","0.401555204",,"false","interacts with","NPAS1 (interacts with) TMEM231","0","Q99742","","Q9H6L2",""
"20.233333333333334","","interacts with","0","0.476387064","","CFAP107 (interacts with) SYT17",,"0","0","0","1","0.551219512","0.401554616",,"false","interacts with","CFAP107 (interacts with) SYT17","0","Q8N1D5","","Q9BSW7",""
"9.333333333333334","","interacts with","0","0.464192159","","CFAP107 (interacts with) KIR3DL1",,"0","0","0","1","0.526829268","0.401555049",,"false","interacts with","CFAP107 (interacts with) KIR3DL1","0","Q8N1D5","","P43629",""
"9.666666666666666","","interacts with","0","0.476387136","","CFAP107 (interacts with) UVSSA",,"0","0","0","1","0.551219512","0.40155476",,"false","interacts with","CFAP107 (interacts with) UVSSA","0","Q8N1D5","","Q2YD98",""
"8.899999999999999","","interacts with","0","0.464192045","","CFAP107 (interacts with) RCOR3",,"0","0","0","1","0.526829268","0.401554822",,"false","interacts with","CFAP107 (interacts with) RCOR3","0","Q8N1D5","","Q9P2K3",""
"9.4","","interacts with","0","0.464231299","","CFAP107 (interacts with) SLC30A6",,"0","0","0","1","0.526829268","0.40163333",,"false","interacts with","CFAP107 (interacts with) SLC30A6","0","Q8N1D5","","Q6NXT4",""
"8.4","","interacts with","0","0.476426197","","CFAP107 (interacts with) TRIM17",,"0","0","0","1","0.551219512","0.401632882",,"false","interacts with","CFAP107 (interacts with) TRIM17","0","Q8N1D5","","Q9Y577",""
"7.499999999999999","","interacts with","0","0.476387305","","CFAP107 (interacts with) CLNK",,"0","0","0","1","0.551219512","0.401555098",,"false","interacts with","CFAP107 (interacts with) CLNK","0","Q8N1D5","","Q7Z7G1",""
"13.500000000000002","","interacts with","0","0.464192091","","CFAP107 (interacts with) XRCC1",,"0","0","0","1","0.526829268","0.401554914",,"false","interacts with","CFAP107 (interacts with) XRCC1","0","Q8N1D5","","P18887",""
"16.333333333333332","","interacts with","0","0.461752982","","SYT17 (interacts with) KCNK13",,"0","0","0","1","0.52195122","0.401554745",,"false","interacts with","SYT17 (interacts with) KCNK13","0","Q9BSW7","","Q9HB14",""
"10.566666666666666","","interacts with","0","0.469070053","","KCNK13 (interacts with) TCTN3",,"0","0","0","1","0.536585366","0.401554741",,"false","interacts with","KCNK13 (interacts with) TCTN3","0","Q9HB14","","Q6NUS6",""
"11.333333333333332","","interacts with","0","0.476426259","","KCNK13 (interacts with) UVSSA",,"0","0","0","1","0.551219512","0.401633006",,"false","interacts with","KCNK13 (interacts with) UVSSA","0","Q9HB14","","Q2YD98",""
"9.566666666666666","","interacts with","0","0.476426561","","KCNK13 (interacts with) PRICKLE3",,"0","0","0","1","0.551219512","0.401633609",,"false","interacts with","KCNK13 (interacts with) PRICKLE3","0","Q9HB14","","O43900",""
"7.999999999999999","","interacts with","0","0.461754834","","KCNK13 (interacts with) CXCR3",,"0","0","0","1","0.52195122","0.401558449",,"false","interacts with","KCNK13 (interacts with) CXCR3","0","Q9HB14","","P49682",""
"9.166666666666666","","interacts with","0","0.469109582","","KCNK13 (interacts with) SLC50A1",,"0","0","0","1","0.536585366","0.401633799",,"false","interacts with","KCNK13 (interacts with) SLC50A1","0","Q9HB14","","Q9BRV3",""
"15.852380952380955","","interacts with","0","0.476426377","","KCNK13 (interacts with) RBM25",,"0","0","0","1","0.551219512","0.401633242",,"false","interacts with","KCNK13 (interacts with) RBM25","0","Q9HB14","","P49756",""
"7.333333333333332","","interacts with","0","0.461753463","","KCNK13 (interacts with) MCHR1",,"0","0","0","1","0.52195122","0.401555706",,"false","interacts with","KCNK13 (interacts with) MCHR1","0","Q9HB14","","Q99705",""
"9.019047619047619","","interacts with","0","0.47642641","","KCNK13 (interacts with) XRCC1",,"0","0","0","1","0.551219512","0.401633307",,"false","interacts with","KCNK13 (interacts with) XRCC1","0","Q9HB14","","P18887",""
"6.0","","interacts with","0","0.476387781","","TMEM231 (interacts with) KCNJ2",,"0","0","0","1","0.551219512","0.401556049",,"false","interacts with","TMEM231 (interacts with) KCNJ2","0","Q9H6L2","","P63252",""
"19.0","","interacts with","0","0.469070128","","KCNJ2 (interacts with) RBM25",,"0","0","0","1","0.536585366","0.401554889",,"false","interacts with","KCNJ2 (interacts with) RBM25","0","P63252","","P49756",""
"18.333333333333336","","interacts with","0","0.476387372","","SYT17 (interacts with) MSTN",,"0","0","0","1","0.551219512","0.401555231",,"false","interacts with","SYT17 (interacts with) MSTN","0","Q9BSW7","","O14793",""
"16.333333333333336","","interacts with","0","0.46175309","","MSTN (interacts with) RBM25",,"0","0","0","1","0.52195122","0.40155496",,"false","interacts with","MSTN (interacts with) RBM25","0","O14793","","P49756",""
"22.0","","interacts with","0","0.464192283","","SYT17 (interacts with) CNMD",,"0","0","0","1","0.526829268","0.401555298",,"false","interacts with","SYT17 (interacts with) CNMD","0","Q9BSW7","","O75829",""
"18.33333333333333","","interacts with","0","0.47638755","","SYT17 (interacts with) OR2J1",,"0","0","0","1","0.551219512","0.401555589",,"false","interacts with","SYT17 (interacts with) OR2J1","0","Q9BSW7","","Q9GZK6",""
"22.0","","interacts with","0","0.476387302","","SYT17 (interacts with) CFHR2",,"0","0","0","1","0.551219512","0.401555093",,"false","interacts with","SYT17 (interacts with) CFHR2","0","Q9BSW7","","P36980",""
"18.333333333333332","","interacts with","0","0.464192079","","SYT17 (interacts with) DOK5",,"0","0","0","1","0.526829268","0.401554889",,"false","interacts with","SYT17 (interacts with) DOK5","0","Q9BSW7","","Q9P104",""
"23.0","","interacts with","0","0.464192373","","SYT17 (interacts with) WNT7A",,"0","0","0","1","0.526829268","0.401555478",,"false","interacts with","SYT17 (interacts with) WNT7A","0","Q9BSW7","","O00755",""
"16.499999999999996","","interacts with","0","0.461753445","","SYT17 (interacts with) LPAR2",,"0","0","0","1","0.52195122","0.401555671",,"false","interacts with","SYT17 (interacts with) LPAR2","0","Q9BSW7","","Q9HBW0",""
"19.33333333333333","","interacts with","0","0.464192555","","SYT17 (interacts with) CXCR1",,"0","0","0","1","0.526829268","0.401555841",,"false","interacts with","SYT17 (interacts with) CXCR1","0","Q9BSW7","","P25024",""
"21.833333333333332","","interacts with","0","0.476387145","","SYT17 (interacts with) FAAP100",,"0","0","0","1","0.551219512","0.401554779",,"false","interacts with","SYT17 (interacts with) FAAP100","0","Q9BSW7","","Q0VG06",""
"18.333333333333332","","interacts with","0","0.464192314","","SYT17 (interacts with) NPBWR2",,"0","0","0","1","0.526829268","0.401555361",,"false","interacts with","SYT17 (interacts with) NPBWR2","0","Q9BSW7","","P48146",""
"20.0","","interacts with","0","0.461753665","","SYT17 (interacts with) CXCR3",,"0","0","0","1","0.52195122","0.40155611",,"false","interacts with","SYT17 (interacts with) CXCR3","0","Q9BSW7","","P49682",""
"16.000000000000004","","interacts with","0","0.464192111","","SYT17 (interacts with) NDUFAF6",,"0","0","0","1","0.526829268","0.401554954",,"false","interacts with","SYT17 (interacts with) NDUFAF6","0","Q9BSW7","","Q330K2",""
"18.33333333333333","","interacts with","0","0.476387286","","SYT17 (interacts with) MPPED2",,"0","0","0","1","0.551219512","0.40155506",,"false","interacts with","SYT17 (interacts with) MPPED2","0","Q9BSW7","","Q15777",""
"18.333333333333332","","interacts with","0","0.464192162","","SYT17 (interacts with) SLC25A4",,"0","0","0","1","0.526829268","0.401555056",,"false","interacts with","SYT17 (interacts with) SLC25A4","0","Q9BSW7","","P12235",""
"16.352380952380955","","interacts with","0","0.469070196","","SYT17 (interacts with) RBM25",,"0","0","0","1","0.536585366","0.401555026",,"false","interacts with","SYT17 (interacts with) RBM25","0","Q9BSW7","","P49756",""
"22.0","","interacts with","0","0.464192036","","SYT17 (interacts with) AKR7A3",,"0","0","0","1","0.526829268","0.401554803",,"false","interacts with","SYT17 (interacts with) AKR7A3","0","Q9BSW7","","O95154",""
"19.666666666666664","","interacts with","0","0.464192201","","SYT17 (interacts with) MCHR1",,"0","0","0","1","0.526829268","0.401555134",,"false","interacts with","SYT17 (interacts with) MCHR1","0","Q9BSW7","","Q99705",""
"21.000000000000004","","interacts with","0","0.476388287","","SYT17 (interacts with) CLNK",,"0","0","0","1","0.551219512","0.401557062",,"false","interacts with","SYT17 (interacts with) CLNK","0","Q9BSW7","","Q7Z7G1",""
"16.785714285714285","","interacts with","0","0.464192346","","SYT17 (interacts with) XRCC1",,"0","0","0","1","0.526829268","0.401555424",,"false","interacts with","SYT17 (interacts with) XRCC1","0","Q9BSW7","","P18887",""
"16.333333333333332","","interacts with","0","0.461753242","","OR2J1 (interacts with) RBM25",,"0","0","0","1","0.52195122","0.401555264",,"false","interacts with","OR2J1 (interacts with) RBM25","0","Q9GZK6","","P49756",""
"8.0","","interacts with","0","0.464192224","","CCDC83 (interacts with) TCTN3",,"0","0","0","1","0.526829268","0.40155518",,"false","interacts with","CCDC83 (interacts with) TCTN3","0","Q8IWF9","","Q6NUS6",""
"19.0","","interacts with","0","0.469070135","","CCDC83 (interacts with) RBM25",,"0","0","0","1","0.536585366","0.401554905",,"false","interacts with","CCDC83 (interacts with) RBM25","0","Q8IWF9","","P49756",""
"8.566666666666668","","interacts with","0","0.591022033","","TCTN3 (interacts with) REEP4",,"0","0","0","1","0.780487805","0.401556261",,"false","interacts with","TCTN3 (interacts with) REEP4","0","Q6NUS6","","Q9H6H4",""
"7.333333333333332","","interacts with","0","0.591022375","","TCTN3 (interacts with) SLC35B4",,"0","0","0","1","0.780487805","0.401556945",,"false","interacts with","TCTN3 (interacts with) SLC35B4","0","Q6NUS6","","Q969S0",""
"8.999999999999998","","interacts with","0","0.59576321","","TCTN3 (interacts with) SLC30A6",,"0","0","0","1","0.790243902","0.401282518",,"false","interacts with","TCTN3 (interacts with) SLC30A6","0","Q6NUS6","","Q6NXT4",""
"9.0","","interacts with","0","0.59074311","","TCTN3 (interacts with) ASIC1",,"0","0","0","1","0.780487805","0.400998416",,"false","interacts with","TCTN3 (interacts with) ASIC1","0","Q6NUS6","","P78348",""
"8.5","","interacts with","0","0.46419215","","MCHR1 (interacts with) TCTN3",,"0","0","0","1","0.526829268","0.401555032",,"false","interacts with","MCHR1 (interacts with) TCTN3","0","Q99705","","Q6NUS6",""
"4.5","","interacts with","0","0.469110574","","LPAR2 (interacts with) REEP4",,"0","0","0","1","0.536585366","0.401635783",,"false","interacts with","LPAR2 (interacts with) REEP4","0","Q9HBW0","","Q9H6H4",""
"5.566666666666666","","interacts with","0","0.476387257","","PRICKLE3 (interacts with) REEP4",,"0","0","0","1","0.551219512","0.401555001",,"false","interacts with","PRICKLE3 (interacts with) REEP4","0","O43900","","Q9H6H4",""
"17.685714285714287","","interacts with","0","0.476387189","","REEP4 (interacts with) RBM25",,"0","0","0","1","0.551219512","0.401554865",,"false","interacts with","REEP4 (interacts with) RBM25","0","Q9H6H4","","P49756",""
"8.352380952380953","","interacts with","0","0.476387221","","XRCC1 (interacts with) REEP4",,"0","0","0","1","0.551219512","0.401554931",,"false","interacts with","XRCC1 (interacts with) REEP4","0","P18887","","Q9H6H4",""
"5.666666666666666","","interacts with","0","0.46419268","","TMEM231 (interacts with) KIR3DL1",,"0","0","0","1","0.526829268","0.401556092",,"false","interacts with","TMEM231 (interacts with) KIR3DL1","0","Q9H6L2","","P43629",""
"5.833333333333334","","interacts with","0","0.469070286","","NPBWR2 (interacts with) UVSSA",,"0","0","0","1","0.536585366","0.401555206",,"false","interacts with","NPBWR2 (interacts with) UVSSA","0","P48146","","Q2YD98",""
"6.499999999999999","","interacts with","0","0.476387247","","TMEM231 (interacts with) UVSSA",,"0","0","0","1","0.551219512","0.401554983",,"false","interacts with","TMEM231 (interacts with) UVSSA","0","Q9H6L2","","Q2YD98",""
"16.333333333333332","","interacts with","0","0.476387211","","DOK5 (interacts with) RBM25",,"0","0","0","1","0.551219512","0.401554909",,"false","interacts with","DOK5 (interacts with) RBM25","0","Q9P104","","P49756",""
"17.952380952380953","","interacts with","0","0.46907015","","SLC35B4 (interacts with) RBM25",,"0","0","0","1","0.536585366","0.401554934",,"false","interacts with","SLC35B4 (interacts with) RBM25","0","Q969S0","","P49756",""
"8.952380952380954","","interacts with","0","0.46907042","","XRCC1 (interacts with) SLC35B4",,"0","0","0","1","0.536585366","0.401555474",,"false","interacts with","XRCC1 (interacts with) SLC35B4","0","P18887","","Q969S0",""
"5.833333333333333","","interacts with","0","0.464192146","","MCHR1 (interacts with) SLC9A8",,"0","0","0","1","0.526829268","0.401555024",,"false","interacts with","MCHR1 (interacts with) SLC9A8","0","Q99705","","Q9Y2E8",""
"14.952380952380953","","interacts with","0","0.476426436","","LPAR2 (interacts with) RBM25",,"0","0","0","1","0.551219512","0.401633359",,"false","interacts with","LPAR2 (interacts with) RBM25","0","Q9HBW0","","P49756",""
"6.952380952380951","","interacts with","0","0.47638753","","XRCC1 (interacts with) LPAR2",,"0","0","0","1","0.551219512","0.401555548",,"false","interacts with","XRCC1 (interacts with) LPAR2","0","P18887","","Q9HBW0",""
"8.333333333333332","","interacts with","0","0.476387568","","XRCC1 (interacts with) CXCR1",,"0","0","0","1","0.551219512","0.401555625",,"false","interacts with","XRCC1 (interacts with) CXCR1","0","P18887","","P25024",""
"4.333333333333333","","interacts with","0","0.464192213","","RCOR3 (interacts with) FAAP100",,"0","0","0","1","0.526829268","0.401555158",,"false","interacts with","RCOR3 (interacts with) FAAP100","0","Q9P2K3","","Q0VG06",""
"19.4","","interacts with","0","0.461753024","","RCOR3 (interacts with) RBM25",,"0","0","0","1","0.52195122","0.401554828",,"false","interacts with","RCOR3 (interacts with) RBM25","0","Q9P2K3","","P49756",""
"4.333333333333333","","interacts with","0","0.46419219","","SLC50A1 (interacts with) FAAP100",,"0","0","0","1","0.526829268","0.401555112",,"false","interacts with","SLC50A1 (interacts with) FAAP100","0","Q9BRV3","","Q0VG06",""
"18.400000000000002","","interacts with","0","0.46175322","","SLC30A6 (interacts with) RBM25",,"0","0","0","1","0.52195122","0.40155522",,"false","interacts with","SLC30A6 (interacts with) RBM25","0","Q6NXT4","","P49756",""
"16.333333333333332","","interacts with","0","0.469070237","","NPBWR2 (interacts with) RBM25",,"0","0","0","1","0.536585366","0.401555108",,"false","interacts with","NPBWR2 (interacts with) RBM25","0","P48146","","P49756",""
"19.399999999999995","","interacts with","0","0.461753177","","TRIM17 (interacts with) RBM25",,"0","0","0","1","0.52195122","0.401555134",,"false","interacts with","TRIM17 (interacts with) RBM25","0","Q9Y577","","P49756",""
"18.666666666666664","","interacts with","0","0.461753258","","SLC50A1 (interacts with) RBM25",,"0","0","0","1","0.52195122","0.401555297",,"false","interacts with","SLC50A1 (interacts with) RBM25","0","Q9BRV3","","P49756",""
"15.61904761904762","","interacts with","0","0.476387135","","NDUFAF6 (interacts with) RBM25",,"0","0","0","1","0.551219512","0.401554759",,"false","interacts with","NDUFAF6 (interacts with) RBM25","0","Q330K2","","P49756",""
"7.619047619047618","","interacts with","0","0.476387352","","XRCC1 (interacts with) NDUFAF6",,"0","0","0","1","0.551219512","0.401555191",,"false","interacts with","XRCC1 (interacts with) NDUFAF6","0","P18887","","Q330K2",""
"16.333333333333332","","interacts with","0","0.469070109","","MPPED2 (interacts with) RBM25",,"0","0","0","1","0.536585366","0.401554853",,"false","interacts with","MPPED2 (interacts with) RBM25","0","Q15777","","P49756",""
"21.166666666666664","","interacts with","0","0.469070221","","TMEM231 (interacts with) RBM25",,"0","0","0","1","0.536585366","0.401555076",,"false","interacts with","TMEM231 (interacts with) RBM25","0","Q9H6L2","","P49756",""
"7.166666666666665","","interacts with","0","0.46419272","","TMEM231 (interacts with) CLNK",,"0","0","0","1","0.526829268","0.401556172",,"false","interacts with","TMEM231 (interacts with) CLNK","0","Q9H6L2","","Q7Z7G1",""
"16.333333333333332","","interacts with","0","0.476387187","","SLC25A4 (interacts with) RBM25",,"0","0","0","1","0.551219512","0.401554861",,"false","interacts with","SLC25A4 (interacts with) RBM25","0","P12235","","P49756",""
"7.500000000000001","","interacts with","0","0.476387398","","XRCC1 (interacts with) MCHR1",,"0","0","0","1","0.551219512","0.401555284",,"false","interacts with","XRCC1 (interacts with) MCHR1","0","P18887","","Q99705",""
"4.0","","interacts with","0","0.564067946","","DPH1 (interacts with) TP63",,"0","0","0","1","0.726829268","0.401306625",,"false","interacts with","DPH1 (interacts with) TP63","0","Q9BZG8","","Q9H3D4",""
"4.0","","interacts with","0","0.564068343","","TP63 (interacts with) PEX14",,"0","0","0","1","0.726829268","0.401307417",,"false","interacts with","TP63 (interacts with) PEX14","0","Q9H3D4","","O75381",""
"2.0","","interacts with","0","0.561492758","","ZNF397 (interacts with) ZNF213",,"0","0","0","1","0.72195122","0.401034297",,"false","interacts with","ZNF397 (interacts with) ZNF213","0","Q8NF99","","O14771",""
"12.0","","interacts with","0","0.56407559","","CYB5R1 (interacts with) LETM1",,"0","0","0","1","0.726829268","0.401321912",,"false","interacts with","CYB5R1 (interacts with) LETM1","0","Q9UHQ9","","O95202",""
"12.0","","interacts with","0","0.564075427","","BMS1 (interacts with) PNMA8A",,"0","0","0","1","0.726829268","0.401321586",,"false","interacts with","BMS1 (interacts with) PNMA8A","0","Q14692","","Q86V59",""
"20.0","","interacts with","0","0.564068684","","NOP9 (interacts with) PNMA8A",,"0","0","0","1","0.726829268","0.401308099",,"false","interacts with","NOP9 (interacts with) PNMA8A","0","Q86U38","","Q86V59",""
"12.0","","interacts with","0","0.564067823","","FAM83H (interacts with) NOP9",,"0","0","0","1","0.726829268","0.401306378",,"false","interacts with","FAM83H (interacts with) NOP9","0","Q6ZRV2","","Q86U38",""
"20.0","","interacts with","0","0.571361803","","FAM234A (interacts with) LETM1",,"0","0","0","1","0.741463415","0.40126019",,"false","interacts with","FAM234A (interacts with) LETM1","0","Q9H0X4","","O95202",""
"24.0","","interacts with","0","0.56406929","","NOP9 (interacts with) FAM234A",,"0","0","0","1","0.726829268","0.401309311",,"false","interacts with","NOP9 (interacts with) FAM234A","0","Q86U38","","Q9H0X4",""
"0.0","","interacts with","0","0.55832244","","PTGS2 (interacts with) PTGS2",,"1","1","1","1","0.702439024","0.414205856",,"false","interacts with","PTGS2 (interacts with) PTGS2","0","P35354","","P35354",""
"5.666666666666665","","interacts with","0","0.476426226","","PTGS2 (interacts with) EPB41L3",,"1","0","1","1","0.551219512","0.40163294",,"false","interacts with","PTGS2 (interacts with) EPB41L3","0","P35354","","Q9Y2J2",""
"7.166666666666666","","interacts with","0","0.476426247","","PTGS2 (interacts with) ZFR2",,"1","0","1","1","0.551219512","0.401632982",,"false","interacts with","PTGS2 (interacts with) ZFR2","0","P35354","","Q9UPR6",""
"2.4722222222222223","","interacts with","0","0.476426141","","PTGS2 (interacts with) PRR14L",,"1","0","1","1","0.551219512","0.40163277",,"false","interacts with","PTGS2 (interacts with) PRR14L","0","P35354","","Q5THK1",""
"4.472222222222221","","interacts with","0","0.461816208","","PTGS2 (interacts with) KIAA1217",,"1","0","1","1","0.52195122","0.401681196",,"false","interacts with","PTGS2 (interacts with) KIAA1217","0","P35354","","Q5T5P2",""
"7.166666666666667","","interacts with","0","0.476426247","","PTGS2 (interacts with) CFAP221",,"1","0","1","1","0.551219512","0.401632982",,"false","interacts with","PTGS2 (interacts with) CFAP221","0","P35354","","Q4G0U5",""
"10.333333333333332","","interacts with","0","0.476426268","","PTGS2 (interacts with) PCDHGA11",,"1","0","1","1","0.551219512","0.401633024",,"false","interacts with","PTGS2 (interacts with) PCDHGA11","0","P35354","","Q9Y5H2",""
"12.166666666666666","","interacts with","0","0.476426293","","PTGS2 (interacts with) AP1B1",,"1","0","1","1","0.551219512","0.401633074",,"false","interacts with","PTGS2 (interacts with) AP1B1","0","P35354","","Q10567",""
"5.666666666666665","","interacts with","0","0.476426246","","PTGS2 (interacts with) TRIM36",,"1","0","1","1","0.551219512","0.401632981",,"false","interacts with","PTGS2 (interacts with) TRIM36","0","P35354","","Q9NQ86",""
"7.166666666666666","","interacts with","0","0.476426253","","PTGS2 (interacts with) ERCC4",,"1","0","1","1","0.551219512","0.401632993",,"false","interacts with","PTGS2 (interacts with) ERCC4","0","P35354","","Q92889",""
"6.138888888888888","","interacts with","0","0.476387084","","PRR14L (interacts with) EPB41L3",,"0","0","0","1","0.551219512","0.401554656",,"false","interacts with","PRR14L (interacts with) EPB41L3","0","Q5THK1","","Q9Y2J2",""
"8.63888888888889","","interacts with","0","0.464216217","","EPB41L3 (interacts with) KIAA1217",,"0","0","0","1","0.526829268","0.401603166",,"false","interacts with","EPB41L3 (interacts with) KIAA1217","0","Q9Y2J2","","Q5T5P2",""
"4.5","","interacts with","0","0.476387337","","PCDHGA11 (interacts with) EPB41L3",,"0","0","0","1","0.551219512","0.401555161",,"false","interacts with","PCDHGA11 (interacts with) EPB41L3","0","Q9Y5H2","","Q9Y2J2",""
"7.638888888888888","","interacts with","0","0.476387076","","PRR14L (interacts with) ZFR2",,"0","0","0","1","0.551219512","0.401554639",,"false","interacts with","PRR14L (interacts with) ZFR2","0","Q5THK1","","Q9UPR6",""
"10.138888888888891","","interacts with","0","0.464216087","","KIAA1217 (interacts with) ZFR2",,"0","0","0","1","0.526829268","0.401602905",,"false","interacts with","KIAA1217 (interacts with) ZFR2","0","Q5T5P2","","Q9UPR6",""
"7.638888888888888","","interacts with","0","0.476387077","","PRR14L (interacts with) CFAP221",,"0","0","0","1","0.551219512","0.401554641",,"false","interacts with","PRR14L (interacts with) CFAP221","0","Q5THK1","","Q4G0U5",""
"10.805555555555554","","interacts with","0","0.47638709","","PRR14L (interacts with) PCDHGA11",,"0","0","0","1","0.551219512","0.401554667",,"false","interacts with","PRR14L (interacts with) PCDHGA11","0","Q5THK1","","Q9Y5H2",""
"12.861111111111112","","interacts with","0","0.476387104","","PRR14L (interacts with) AP1B1",,"0","0","0","1","0.551219512","0.401554696",,"false","interacts with","PRR14L (interacts with) AP1B1","0","Q5THK1","","Q10567",""
"6.138888888888888","","interacts with","0","0.476387064","","PRR14L (interacts with) TRIM36",,"0","0","0","1","0.551219512","0.401554615",,"false","interacts with","PRR14L (interacts with) TRIM36","0","Q5THK1","","Q9NQ86",""
"7.6388888888888875","","interacts with","0","0.4763871","","PRR14L (interacts with) ERCC4",,"0","0","0","1","0.551219512","0.401554688",,"false","interacts with","PRR14L (interacts with) ERCC4","0","Q5THK1","","Q92889",""
"7.722222222222221","","interacts with","0","0.571179237","","TRIP10 (interacts with) ABI1",,"0","0","0","1","0.741463415","0.40089506",,"false","interacts with","TRIP10 (interacts with) ABI1","0","Q15642","","Q8IZP0",""
"18.72222222222222","","interacts with","0","0.561630552","","TRIP10 (interacts with) AP1B1",,"0","0","0","1","0.72195122","0.401309884",,"false","interacts with","TRIP10 (interacts with) AP1B1","0","Q15642","","Q10567",""
"25.277777777777775","","interacts with","0","0.57149594","","KIAA1217 (interacts with) ABI1",,"0","0","0","1","0.741463415","0.401528466",,"false","interacts with","KIAA1217 (interacts with) ABI1","0","Q5T5P2","","Q8IZP0",""
"10.13888888888889","","interacts with","0","0.464216067","","KIAA1217 (interacts with) CFAP221",,"0","0","0","1","0.526829268","0.401602865",,"false","interacts with","KIAA1217 (interacts with) CFAP221","0","Q5T5P2","","Q4G0U5",""
"15.805555555555554","","interacts with","0","0.464216097","","PCDHGA11 (interacts with) KIAA1217",,"0","0","0","1","0.526829268","0.401602926",,"false","interacts with","PCDHGA11 (interacts with) KIAA1217","0","Q9Y5H2","","Q5T5P2",""
"12.63888888888889","","interacts with","0","0.464216098","","KIAA1217 (interacts with) AP1B1",,"0","0","0","1","0.526829268","0.401602928",,"false","interacts with","KIAA1217 (interacts with) AP1B1","0","Q5T5P2","","Q10567",""
"8.63888888888889","","interacts with","0","0.461777069","","KIAA1217 (interacts with) TRIM36",,"0","0","0","1","0.52195122","0.401602918",,"false","interacts with","KIAA1217 (interacts with) TRIM36","0","Q5T5P2","","Q9NQ86",""
"10.138888888888893","","interacts with","0","0.464216141","","KIAA1217 (interacts with) ERCC4",,"0","0","0","1","0.526829268","0.401603015",,"false","interacts with","KIAA1217 (interacts with) ERCC4","0","Q5T5P2","","Q92889",""
"24.0","","interacts with","0","0.566514472","","CLEC4A (interacts with) PCDHGA11",,"0","0","0","1","0.731707317","0.401321626",,"false","interacts with","CLEC4A (interacts with) PCDHGA11","0","Q9UMR7","","Q9Y5H2",""
"4.5","","interacts with","0","0.464192185","","PCDHGA11 (interacts with) TRIM36",,"0","0","0","1","0.526829268","0.401555101",,"false","interacts with","PCDHGA11 (interacts with) TRIM36","0","Q9Y5H2","","Q9NQ86",""
"16.0","","interacts with","0","0.560808582","","GPANK1 (interacts with) CEACAM6",,"0","0","0","1","0.72195122","0.399665944",,"false","interacts with","GPANK1 (interacts with) CEACAM6","0","O95872","","P40199",""
"18.0","","interacts with","0","0.576223243","","SPATA2 (interacts with) GPANK1",,"0","0","0","1","0.751219512","0.401226974",,"false","interacts with","SPATA2 (interacts with) GPANK1","0","Q9UM82","","O95872",""
"10.0","","interacts with","0","0.561669933","","CEACAM6 (interacts with) TLX3",,"0","0","0","1","0.72195122","0.401388647",,"false","interacts with","CEACAM6 (interacts with) TLX3","0","P40199","","O43711",""
"16.0","","interacts with","0","0.461753288","","SPATA2 (interacts with) TMBIM1",,"0","0","0","1","0.52195122","0.401555357",,"false","interacts with","SPATA2 (interacts with) TMBIM1","0","Q9UM82","","Q969X1",""
"10.0","","interacts with","0","0.564237545","","SLC10A1 (interacts with) TMBIM1",,"0","0","0","1","0.726829268","0.401645822",,"false","interacts with","SLC10A1 (interacts with) TMBIM1","0","Q14973","","Q969X1",""
"0.0","","interacts with","0","0.625823843","","CASP3 (interacts with) CASP3",,"1","1","1","1","0.83902439","0.412623296",,"false","interacts with","CASP3 (interacts with) CASP3","0","P42574","","P42574",""
"5.666666666666666","","interacts with","0","0.476426331","","CASP3 (interacts with) SEPTIN5",,"1","0","1","1","0.551219512","0.40163315",,"false","interacts with","CASP3 (interacts with) SEPTIN5","0","P42574","","Q99719",""
"22.666666666666664","","interacts with","0","0.46423124","","CASP3 (interacts with) MRTFB",,"1","0","1","1","0.526829268","0.401633212",,"false","interacts with","CASP3 (interacts with) MRTFB","0","P42574","","Q9ULH7",""
"11.666666666666668","","interacts with","0","0.476426282","","TOM1L1 (interacts with) CASP3",,"0","1","1","1","0.551219512","0.401633052",,"false","interacts with","TOM1L1 (interacts with) CASP3","0","O75674","","P42574",""
"18.0","","interacts with","0","0.464231222","","CASP3 (interacts with) WDR45B",,"1","0","1","1","0.526829268","0.401633175",,"false","interacts with","CASP3 (interacts with) WDR45B","0","P42574","","Q5MNZ6",""
"11.0","","interacts with","0","0.476426238","","ZNF839 (interacts with) CASP3",,"0","1","1","1","0.551219512","0.401632964",,"false","interacts with","ZNF839 (interacts with) CASP3","0","A8K0R7","","P42574",""
"18.0","","interacts with","0","0.464231235","","CASP3 (interacts with) DMRTA2",,"1","0","1","1","0.526829268","0.401633202",,"false","interacts with","CASP3 (interacts with) DMRTA2","0","P42574","","Q96SC8",""
"18.666666666666668","","interacts with","0","0.476426184","","CASP3 (interacts with) TPX2",,"1","0","1","1","0.551219512","0.401632855",,"false","interacts with","CASP3 (interacts with) TPX2","0","P42574","","Q9ULW0",""
"15.0","","interacts with","0","0.47642618","","ZBTB48 (interacts with) CASP3",,"0","1","1","1","0.551219512","0.401632849",,"false","interacts with","ZBTB48 (interacts with) CASP3","0","P10074","","P42574",""
"16.0","","interacts with","0","0.476426323","","HMMR (interacts with) CASP3",,"0","1","1","1","0.551219512","0.401633134",,"false","interacts with","HMMR (interacts with) CASP3","0","O75330","","P42574",""
"11.333333333333332","","interacts with","0","0.476387083","","SEPTIN5 (interacts with) MRTFB",,"0","0","0","1","0.551219512","0.401554653",,"false","interacts with","SEPTIN5 (interacts with) MRTFB","0","Q99719","","Q9ULH7",""
"9.0","","interacts with","0","0.476387178","","SEPTIN5 (interacts with) ZNF839",,"0","0","0","1","0.551219512","0.401554843",,"false","interacts with","SEPTIN5 (interacts with) ZNF839","0","Q99719","","A8K0R7",""
"12.33333333333333","","interacts with","0","0.476387158","","SEPTIN5 (interacts with) TPX2",,"0","0","0","1","0.551219512","0.401554803",,"false","interacts with","SEPTIN5 (interacts with) TPX2","0","Q99719","","Q9ULW0",""
"7.0","","interacts with","0","0.476387165","","SEPTIN5 (interacts with) ZBTB48",,"0","0","0","1","0.551219512","0.401554818",,"false","interacts with","SEPTIN5 (interacts with) ZBTB48","0","Q99719","","P10074",""
"22.0","","interacts with","0","0.571292245","","MRTFA (interacts with) MRTFB",,"0","0","0","1","0.741463415","0.401121075",,"false","interacts with","MRTFA (interacts with) MRTFB","0","Q969V6","","Q9ULH7",""
"7.333333333333332","","interacts with","0","0.476387133","","TOM1L1 (interacts with) MRTFB",,"0","0","0","1","0.551219512","0.401554754",,"false","interacts with","TOM1L1 (interacts with) MRTFB","0","O75674","","Q9ULH7",""
"8.333333333333332","","interacts with","0","0.46907028","","TOM1L1 (interacts with) TPX2",,"0","0","0","1","0.536585366","0.401555193",,"false","interacts with","TOM1L1 (interacts with) TPX2","0","O75674","","Q9ULW0",""
"4.0","","interacts with","0","0.476387194","","ZNF839 (interacts with) WDR45B",,"0","0","0","1","0.551219512","0.401554876",,"false","interacts with","ZNF839 (interacts with) WDR45B","0","A8K0R7","","Q5MNZ6",""
"22.0","","interacts with","0","0.561630108","","PHF10 (interacts with) TPX2",,"0","0","0","1","0.72195122","0.401308997",,"false","interacts with","PHF10 (interacts with) TPX2","0","Q8WUB8","","Q9ULW0",""
"4.0","","interacts with","0","0.461753108","","ZNF839 (interacts with) DMRTA2",,"0","0","0","1","0.52195122","0.401554997",,"false","interacts with","ZNF839 (interacts with) DMRTA2","0","A8K0R7","","Q96SC8",""
"6.0","","interacts with","0","0.595572918","","HMMR (interacts with) TPX2",,"0","0","0","1","0.790243902","0.400901934",,"false","interacts with","HMMR (interacts with) TPX2","0","O75330","","Q9ULW0",""
"24.0","","interacts with","0","0.461792209","","OOSP4A (interacts with) BGLAP",,"0","1","1","1","0.52195122","0.401633198",,"false","interacts with","OOSP4A (interacts with) BGLAP","0","A0A2R8YFL7","","P02818",""
"22.0","","interacts with","0","0.464231152","","STX16 (interacts with) BGLAP",,"0","1","1","1","0.526829268","0.401633035",,"false","interacts with","STX16 (interacts with) BGLAP","0","O14662","","P02818",""
"24.0","","interacts with","0","0.476426394","","BGLAP (interacts with) FAM110C",,"1","0","1","1","0.551219512","0.401633276",,"false","interacts with","BGLAP (interacts with) FAM110C","0","P02818","","Q1W6H9",""
"40.0","","interacts with","0","0.464231275","","BGLAP (interacts with) MECP2",,"1","0","1","1","0.526829268","0.401633282",,"false","interacts with","BGLAP (interacts with) MECP2","0","P02818","","P51608",""
"24.0","","interacts with","0","0.476426374","","BGLAP (interacts with) GSX2",,"1","0","1","1","0.551219512","0.401633236",,"false","interacts with","BGLAP (interacts with) GSX2","0","P02818","","Q9BZM3",""
"22.0","","interacts with","0","0.476426258","","BGLAP (interacts with) EP400P1",,"1","0","1","1","0.551219512","0.401633004",,"false","interacts with","BGLAP (interacts with) EP400P1","0","P02818","","Q6ZTU2",""
"24.0","","interacts with","0","0.464231176","","BGLAP (interacts with) PPP4R2",,"1","0","1","1","0.526829268","0.401633085",,"false","interacts with","BGLAP (interacts with) PPP4R2","0","P02818","","Q9NY27",""
"24.0","","interacts with","0","0.461792308","","C5orf52 (interacts with) BGLAP",,"0","1","1","1","0.52195122","0.401633396",,"false","interacts with","C5orf52 (interacts with) BGLAP","0","A6NGY3","","P02818",""
"22.0","","interacts with","0","0.476426283","","BGLAP (interacts with) DDI2",,"1","0","1","1","0.551219512","0.401633053",,"false","interacts with","BGLAP (interacts with) DDI2","0","P02818","","Q5TDH0",""
"20.0","","interacts with","0","0.46423117","","BGLAP (interacts with) C18orf21",,"1","0","1","1","0.526829268","0.401633073",,"false","interacts with","BGLAP (interacts with) C18orf21","0","P02818","","Q32NC0",""
"22.0","","interacts with","0","0.476426281","","BGLAP (interacts with) SP2",,"1","0","1","1","0.551219512","0.401633049",,"false","interacts with","BGLAP (interacts with) SP2","0","P02818","","Q02086",""
"2.0","","interacts with","0","0.464192201","","STX16 (interacts with) DDI2",,"0","0","0","1","0.526829268","0.401555133",,"false","interacts with","STX16 (interacts with) DDI2","0","O14662","","Q5TDH0",""
"24.0","","interacts with","0","0.603272244","","FOXC1 (interacts with) MECP2",,"0","0","0","1","0.804878049","0.401666439",,"false","interacts with","FOXC1 (interacts with) MECP2","0","Q12948","","P51608",""
"4.0","","interacts with","0","0.591022789","","C18orf21 (interacts with) MECP2",,"0","0","0","1","0.780487805","0.401557773",,"false","interacts with","C18orf21 (interacts with) MECP2","0","Q32NC0","","P51608",""
"2.0","","interacts with","0","0.464192266","","EP400P1 (interacts with) SP2",,"0","0","0","1","0.526829268","0.401555264",,"false","interacts with","EP400P1 (interacts with) SP2","0","Q6ZTU2","","Q02086",""
"10.0","","interacts with","0","0.564162141","","KRTAP10-9 (interacts with) VGLL3",,"0","0","0","1","0.726829268","0.401495014",,"false","interacts with","KRTAP10-9 (interacts with) VGLL3","0","P60411","","A8MV65",""
"8.0","","interacts with","0","0.561662831","","KRTAP9-2 (interacts with) VGLL3",,"0","0","0","1","0.72195122","0.401374442",,"false","interacts with","KRTAP9-2 (interacts with) VGLL3","0","Q9BYQ4","","A8MV65",""
"18.0","","interacts with","0","0.461629056","","TAPT1 (interacts with) KRTAP9-2",,"0","0","0","1","0.52195122","0.401306893",,"false","interacts with","TAPT1 (interacts with) KRTAP9-2","0","Q6NXT6","","Q9BYQ4",""
"18.0","","interacts with","0","0.461852561","","FCN2 (interacts with) KRTAP10-9",,"0","0","0","1","0.52195122","0.401753903",,"false","interacts with","FCN2 (interacts with) KRTAP10-9","0","Q15485","","P60411",""
"40.0","taxid:9606(Homo sapiens)","interacts with","1","0.561493801","""psi-mi:""""MI:0231""""(mammalian protein protein interaction trap)""","KRTAP9-2 (interacts with) KRTAP10-9","2","0","0","0","1","0.72195122","0.401036383",,"false","interacts with","KRTAP9-2 (interacts with) KRTAP10-9","0","Q9BYQ4","Q9BYQ4","P60411","P60411"
"18.0","","interacts with","0","0.461661585","","CBLIF (interacts with) KRTAP10-9",,"0","0","0","1","0.52195122","0.401371951",,"false","interacts with","CBLIF (interacts with) KRTAP10-9","0","P27352","","P60411",""
"32.0","","interacts with","0","0.571497257","","ZNF275 (interacts with) KRTAP10-9",,"0","0","0","1","0.741463415","0.401531099",,"false","interacts with","ZNF275 (interacts with) KRTAP10-9","0","Q9NSD4","","P60411",""
"18.0","","interacts with","0","0.461628957","","CLEC4M (interacts with) KRTAP9-2",,"0","0","0","1","0.52195122","0.401306694",,"false","interacts with","CLEC4M (interacts with) KRTAP9-2","0","Q9H2X3","","Q9BYQ4",""
"18.0","","interacts with","0","0.564068572","","KRTAP9-2 (interacts with) NR4A3",,"0","0","0","1","0.726829268","0.401307876",,"false","interacts with","KRTAP9-2 (interacts with) NR4A3","0","Q9BYQ4","","Q92570",""
"18.0","","interacts with","0","0.564068108","","BAHD1 (interacts with) ZNF275",,"0","0","0","1","0.726829268","0.401306947",,"false","interacts with","BAHD1 (interacts with) ZNF275","0","Q8TBE0","","Q9NSD4",""
"8.0","","interacts with","0","0.566514602","","PDK1 (interacts with) NDUFAF5",,"0","0","0","1","0.731707317","0.401321888",,"false","interacts with","PDK1 (interacts with) NDUFAF5","0","Q15118","","Q5TEU4",""
"12.0","","interacts with","0","0.564075364","","PDK1 (interacts with) MRPS24",,"0","0","0","1","0.726829268","0.401321459",,"false","interacts with","PDK1 (interacts with) MRPS24","0","Q15118","","Q96EL2",""
"8.0","","interacts with","0","0.571490845","","MRPS24 (interacts with) ZNF133",,"0","0","0","1","0.741463415","0.401518276",,"false","interacts with","MRPS24 (interacts with) ZNF133","0","Q96EL2","","P52736",""
"8.0","","interacts with","0","0.564075605","","MRPS24 (interacts with) D2HGDH",,"0","0","0","1","0.726829268","0.401321941",,"false","interacts with","MRPS24 (interacts with) D2HGDH","0","Q96EL2","","Q8N465",""
"17.299999999999997","","interacts with","0","0.476426308","","IGHV7-81 (interacts with) BMP2",,"0","1","1","1","0.551219512","0.401633103",,"false","interacts with","IGHV7-81 (interacts with) BMP2","0","A0A0B4J1V7","","P12643",""
"3.4000000000000004","","interacts with","0","0.469070667","","IGHV7-81 (interacts with) TMEM61",,"0","0","0","1","0.536585366","0.401555968",,"false","interacts with","IGHV7-81 (interacts with) TMEM61","0","A0A0B4J1V7","","Q8N0U2",""
"6.716666666666666","","interacts with","0","0.476387139","","IGHV7-81 (interacts with) GOLGA6B",,"0","0","0","1","0.551219512","0.401554765",,"false","interacts with","IGHV7-81 (interacts with) GOLGA6B","0","A0A0B4J1V7","","A6NDN3",""
"5.166666666666666","","interacts with","0","0.476387304","","IGHV7-81 (interacts with) IZUMO1",,"0","0","0","1","0.551219512","0.401555096",,"false","interacts with","IGHV7-81 (interacts with) IZUMO1","0","A0A0B4J1V7","","Q8IYV9",""
"10.602380952380953","","interacts with","0","0.476387189","","RRBP1 (interacts with) IGHV7-81",,"0","0","0","1","0.551219512","0.401554867",,"false","interacts with","RRBP1 (interacts with) IGHV7-81","0","Q9P2E9","","A0A0B4J1V7",""
"8.038095238095238","","interacts with","0","0.476387182","","SAMD11 (interacts with) IGHV7-81",,"0","0","0","1","0.551219512","0.401554851",,"false","interacts with","SAMD11 (interacts with) IGHV7-81","0","Q96NU1","","A0A0B4J1V7",""
"6.233333333333333","","interacts with","0","0.469070413","","IGHV7-81 (interacts with) STK16",,"0","0","0","1","0.536585366","0.40155546",,"false","interacts with","IGHV7-81 (interacts with) STK16","0","A0A0B4J1V7","","O75716",""
"7.985714285714286","","interacts with","0","0.46419212","","ARMH4 (interacts with) IGHV7-81",,"0","0","0","1","0.526829268","0.401554973",,"false","interacts with","ARMH4 (interacts with) IGHV7-81","0","Q86TY3","","A0A0B4J1V7",""
"0.0","","interacts with","0","0.630263945","","BMP2 (interacts with) BMP2",,"1","1","1","1","0.848780488","0.411747402",,"false","interacts with","BMP2 (interacts with) BMP2","0","P12643","","P12643",""
"29.833333333333332","","interacts with","0","0.464231233","","BMP2 (interacts with) FAM161B",,"1","0","1","1","0.526829268","0.401633197",,"false","interacts with","BMP2 (interacts with) FAM161B","0","P12643","","Q96MY7",""
"20.33333333333333","","interacts with","0","0.47642626","","IGHV1-45 (interacts with) BMP2",,"0","1","1","1","0.551219512","0.401633008",,"false","interacts with","IGHV1-45 (interacts with) BMP2","0","A0A0A0MS14","","P12643",""
"14.799999999999999","","interacts with","0","0.476426155","","BMP2 (interacts with) TMEM61",,"1","0","1","1","0.551219512","0.401632797",,"false","interacts with","BMP2 (interacts with) TMEM61","0","P12643","","Q8N0U2",""
"36.0","","interacts with","0","0.476426239","","GOLGA6D (interacts with) BMP2",,"0","1","1","1","0.551219512","0.401632965",,"false","interacts with","GOLGA6D (interacts with) BMP2","0","P0CG33","","P12643",""
"18.46666666666666","","interacts with","0","0.476426343","","BMP2 (interacts with) APOBEC3A",,"1","0","1","1","0.551219512","0.401633174",,"false","interacts with","BMP2 (interacts with) APOBEC3A","0","P12643","","P31941",""
"23.99999999999999","","interacts with","0","0.476426277","","IGHV4-61 (interacts with) BMP2",,"0","1","1","1","0.551219512","0.401633042",,"false","interacts with","IGHV4-61 (interacts with) BMP2","0","A0A0C4DH41","","P12643",""
"26.666666666666668","","interacts with","0","0.476426255","","BMP2 (interacts with) ZNF165",,"1","0","1","1","0.551219512","0.401632997",,"false","interacts with","BMP2 (interacts with) ZNF165","0","P12643","","P49910",""
"23.999999999999986","","interacts with","0","0.476426204","","IGHV4-38-2 (interacts with) BMP2",,"0","1","1","1","0.551219512","0.401632896",,"false","interacts with","IGHV4-38-2 (interacts with) BMP2","0","P0DP08","","P12643",""
"20.16666666666666","","interacts with","0","0.461792283","","MEIS3P2 (interacts with) BMP2",,"0","1","1","1","0.52195122","0.401633347",,"false","interacts with","MEIS3P2 (interacts with) BMP2","0","A8K0S8","","P12643",""
"14.233333333333333","","interacts with","0","0.476426358","","BMP2 (interacts with) RPUSD1",,"1","0","1","1","0.551219512","0.401633203",,"false","interacts with","BMP2 (interacts with) RPUSD1","0","P12643","","Q9UJJ7",""
"21.935714285714283","","interacts with","0","0.476426265","","GOLGA6B (interacts with) BMP2",,"0","1","1","1","0.551219512","0.401633017",,"false","interacts with","GOLGA6B (interacts with) BMP2","0","A6NDN3","","P12643",""
"25.83333333333333","","interacts with","0","0.469109173","","BMP2 (interacts with) IZUMO1",,"1","0","1","1","0.536585366","0.401632981",,"false","interacts with","BMP2 (interacts with) IZUMO1","0","P12643","","Q8IYV9",""
"14.96666666666667","","interacts with","0","0.476426225","","IGHV4-59 (interacts with) BMP2",,"0","1","1","1","0.551219512","0.401632937",,"false","interacts with","IGHV4-59 (interacts with) BMP2","0","P01825","","P12643",""
"6.661904761904762","","interacts with","0","0.464255214","","BMP2 (interacts with) CCDC7",,"1","0","1","1","0.526829268","0.40168116",,"false","interacts with","BMP2 (interacts with) CCDC7","0","P12643","","Q96M83",""
"7.678571428571429","","interacts with","0","0.476426212","","BMP2 (interacts with) RRBP1",,"1","0","1","1","0.551219512","0.401632911",,"false","interacts with","BMP2 (interacts with) RRBP1","0","P12643","","Q9P2E9",""
"13.238095238095237","","interacts with","0","0.47642629","","BMP2 (interacts with) SAMD11",,"1","0","1","1","0.551219512","0.401633069",,"false","interacts with","BMP2 (interacts with) SAMD11","0","P12643","","Q96NU1",""
"14.933333333333334","","interacts with","0","0.476426184","","TRGV5 (interacts with) BMP2",,"0","1","1","1","0.551219512","0.401632857",,"false","interacts with","TRGV5 (interacts with) BMP2","0","A0A0B4J1U4","","P12643",""
"17.16666666666666","","interacts with","0","0.476426332","","STK16 (interacts with) BMP2",,"0","1","1","1","0.551219512","0.401633152",,"false","interacts with","STK16 (interacts with) BMP2","0","O75716","","P12643",""
"20.833333333333325","","interacts with","0","0.464231162","","BMP2 (interacts with) TPMT",,"1","0","1","1","0.526829268","0.401633055",,"false","interacts with","BMP2 (interacts with) TPMT","0","P12643","","P51580",""
"14.933333333333335","","interacts with","0","0.476426242","","PDCD6 (interacts with) BMP2",,"0","1","1","1","0.551219512","0.401632972",,"false","interacts with","PDCD6 (interacts with) BMP2","0","O75340","","P12643",""
"11.266666666666667","","interacts with","0","0.476426334","","TRGV3 (interacts with) BMP2",,"0","1","1","1","0.551219512","0.401633157",,"false","interacts with","TRGV3 (interacts with) BMP2","0","P03979","","P12643",""
"16.01904761904762","","interacts with","0","0.469109262","","BMP2 (interacts with) ARMH4",,"1","0","1","1","0.536585366","0.401633158",,"false","interacts with","BMP2 (interacts with) ARMH4","0","P12643","","Q86TY3",""
"20.833333333333325","","interacts with","0","0.476426304","","IGHV4-39 (interacts with) BMP2",,"0","1","1","1","0.551219512","0.401633096",,"false","interacts with","IGHV4-39 (interacts with) BMP2","0","P01824","","P12643",""
"30.66666666666666","","interacts with","0","0.469109326","","STARD3NL (interacts with) BMP2",,"0","1","1","1","0.536585366","0.401633287",,"false","interacts with","STARD3NL (interacts with) BMP2","0","O95772","","P12643",""
"6.133333333333334","","interacts with","0","0.469070158","","IGHV4-59 (interacts with) FAM161B",,"0","0","0","1","0.536585366","0.40155495",,"false","interacts with","IGHV4-59 (interacts with) FAM161B","0","P01825","","Q96MY7",""
"5.633333333333333","","interacts with","0","0.476387127","","PDCD6 (interacts with) FAM161B",,"0","0","0","1","0.551219512","0.401554742",,"false","interacts with","PDCD6 (interacts with) FAM161B","0","O75340","","Q96MY7",""
"9.633333333333333","","interacts with","0","0.476387194","","TRGV3 (interacts with) FAM161B",,"0","0","0","1","0.551219512","0.401554875",,"false","interacts with","TRGV3 (interacts with) FAM161B","0","P03979","","Q96MY7",""
"5.833333333333333","","interacts with","0","0.461753189","","STARD3NL (interacts with) FAM161B",,"0","0","0","1","0.52195122","0.401555159",,"false","interacts with","STARD3NL (interacts with) FAM161B","0","O95772","","Q96MY7",""
"6.535714285714286","","interacts with","0","0.476387168","","IGHV1-45 (interacts with) GOLGA6B",,"0","0","0","1","0.551219512","0.401554825",,"false","interacts with","IGHV1-45 (interacts with) GOLGA6B","0","A0A0A0MS14","","A6NDN3",""
"13.428571428571427","","interacts with","0","0.46177705","","IGHV1-45 (interacts with) CCDC7",,"0","0","0","1","0.52195122","0.40160288",,"false","interacts with","IGHV1-45 (interacts with) CCDC7","0","A0A0A0MS14","","Q96M83",""
"11.05952380952381","","interacts with","0","0.47638717","","IGHV1-45 (interacts with) RRBP1",,"0","0","0","1","0.551219512","0.401554827",,"false","interacts with","IGHV1-45 (interacts with) RRBP1","0","A0A0A0MS14","","Q9P2E9",""
"5.902380952380954","","interacts with","0","0.476387165","","TMEM61 (interacts with) GOLGA6B",,"0","0","0","1","0.551219512","0.401554818",,"false","interacts with","TMEM61 (interacts with) GOLGA6B","0","Q8N0U2","","A6NDN3",""
"10.46190476190476","","interacts with","0","0.461777066","","TMEM61 (interacts with) CCDC7",,"0","0","0","1","0.52195122","0.401602913",,"false","interacts with","TMEM61 (interacts with) CCDC7","0","Q8N0U2","","Q96M83",""
"9.745238095238095","","interacts with","0","0.476387157","","RRBP1 (interacts with) TMEM61",,"0","0","0","1","0.551219512","0.401554803",,"false","interacts with","RRBP1 (interacts with) TMEM61","0","Q9P2E9","","Q8N0U2",""
"5.704761904761906","","interacts with","0","0.476387086","","SAMD11 (interacts with) TMEM61",,"0","0","0","1","0.551219512","0.40155466",,"false","interacts with","SAMD11 (interacts with) TMEM61","0","Q96NU1","","Q8N0U2",""
"5.41904761904762","","interacts with","0","0.476387159","","ARMH4 (interacts with) TMEM61",,"0","0","0","1","0.551219512","0.401554805",,"false","interacts with","ARMH4 (interacts with) TMEM61","0","Q86TY3","","Q8N0U2",""
"5.3999999999999995","","interacts with","0","0.476387132","","IGHV4-59 (interacts with) GOLGA6D",,"0","0","0","1","0.551219512","0.401554753",,"false","interacts with","IGHV4-59 (interacts with) GOLGA6D","0","P01825","","P0CG33",""
"9.4","","interacts with","0","0.476387139","","TRGV3 (interacts with) GOLGA6D",,"0","0","0","1","0.551219512","0.401554766",,"false","interacts with","TRGV3 (interacts with) GOLGA6D","0","P03979","","P0CG33",""
"4.966666666666667","","interacts with","0","0.476387226","","RPUSD1 (interacts with) APOBEC3A",,"0","0","0","1","0.551219512","0.401554939",,"false","interacts with","RPUSD1 (interacts with) APOBEC3A","0","Q9UJJ7","","P31941",""
"10.942857142857145","","interacts with","0","0.461777058","","APOBEC3A (interacts with) CCDC7",,"0","0","0","1","0.52195122","0.401602896",,"false","interacts with","APOBEC3A (interacts with) CCDC7","0","P31941","","Q96M83",""
"11.72857142857143","","interacts with","0","0.476387155","","RRBP1 (interacts with) APOBEC3A",,"0","0","0","1","0.551219512","0.401554798",,"false","interacts with","RRBP1 (interacts with) APOBEC3A","0","Q9P2E9","","P31941",""
"5.752380952380953","","interacts with","0","0.476387104","","SAMD11 (interacts with) APOBEC3A",,"0","0","0","1","0.551219512","0.401554695",,"false","interacts with","SAMD11 (interacts with) APOBEC3A","0","Q96NU1","","P31941",""
"14.142857142857146","","interacts with","0","0.461777159","","IGHV4-61 (interacts with) CCDC7",,"0","0","0","1","0.52195122","0.401603098",,"false","interacts with","IGHV4-61 (interacts with) CCDC7","0","A0A0C4DH41","","Q96M83",""
"12.142857142857146","","interacts with","0","0.464192079","","IGHV4-61 (interacts with) RRBP1",,"0","0","0","1","0.526829268","0.401554891",,"false","interacts with","IGHV4-61 (interacts with) RRBP1","0","A0A0C4DH41","","Q9P2E9",""
"15.666666666666668","","interacts with","0","0.464216225","","ZNF165 (interacts with) CCDC7",,"0","0","0","1","0.526829268","0.401603182",,"false","interacts with","ZNF165 (interacts with) CCDC7","0","P49910","","Q96M83",""
"7.666666666666666","","interacts with","0","0.476387304","","TRGV3 (interacts with) ZNF165",,"0","0","0","1","0.551219512","0.401555095",,"false","interacts with","TRGV3 (interacts with) ZNF165","0","P03979","","P49910",""
"14.142857142857148","","interacts with","0","0.461777053","","IGHV4-38-2 (interacts with) CCDC7",,"0","0","0","1","0.52195122","0.401602886",,"false","interacts with","IGHV4-38-2 (interacts with) CCDC7","0","P0DP08","","Q96M83",""
"12.142857142857146","","interacts with","0","0.476387092","","IGHV4-38-2 (interacts with) RRBP1",,"0","0","0","1","0.551219512","0.401554671",,"false","interacts with","IGHV4-38-2 (interacts with) RRBP1","0","P0DP08","","Q9P2E9",""
"12.309523809523812","","interacts with","0","0.464216183","","MEIS3P2 (interacts with) CCDC7",,"0","0","0","1","0.526829268","0.401603097",,"false","interacts with","MEIS3P2 (interacts with) CCDC7","0","A8K0S8","","Q96M83",""
"11.30952380952381","","interacts with","0","0.476387154","","RRBP1 (interacts with) MEIS3P2",,"0","0","0","1","0.551219512","0.401554796",,"false","interacts with","RRBP1 (interacts with) MEIS3P2","0","Q9P2E9","","A8K0S8",""
"6.499999999999999","","interacts with","0","0.476387471","","TRGV3 (interacts with) MEIS3P2",,"0","0","0","1","0.551219512","0.401555429",,"false","interacts with","TRGV3 (interacts with) MEIS3P2","0","P03979","","A8K0S8",""
"8.752380952380951","","interacts with","0","0.476387046","","RPUSD1 (interacts with) GOLGA6B",,"0","0","0","1","0.551219512","0.40155458",,"false","interacts with","RPUSD1 (interacts with) GOLGA6B","0","Q9UJJ7","","A6NDN3",""
"9.852380952380953","","interacts with","0","0.464216043","","RPUSD1 (interacts with) CCDC7",,"0","0","0","1","0.526829268","0.401602818",,"false","interacts with","RPUSD1 (interacts with) CCDC7","0","Q9UJJ7","","Q96M83",""
"4.685714285714286","","interacts with","0","0.476387082","","RPUSD1 (interacts with) SAMD11",,"0","0","0","1","0.551219512","0.401554652",,"false","interacts with","RPUSD1 (interacts with) SAMD11","0","Q9UJJ7","","Q96NU1",""
"3.3","","interacts with","0","0.476387197","","RPUSD1 (interacts with) TRGV5",,"0","0","0","1","0.551219512","0.401554881",,"false","interacts with","RPUSD1 (interacts with) TRGV5","0","Q9UJJ7","","A0A0B4J1U4",""
"8.966666666666665","","interacts with","0","0.476387397","","TRGV3 (interacts with) RPUSD1",,"0","0","0","1","0.551219512","0.401555281",,"false","interacts with","TRGV3 (interacts with) RPUSD1","0","P03979","","Q9UJJ7",""
"6.919047619047619","","interacts with","0","0.476387068","","ARMH4 (interacts with) RPUSD1",,"0","0","0","1","0.551219512","0.401554625",,"false","interacts with","ARMH4 (interacts with) RPUSD1","0","Q86TY3","","Q9UJJ7",""
"6.416666666666665","","interacts with","0","0.469070166","","GOLGA6B (interacts with) IZUMO1",,"0","0","0","1","0.536585366","0.401554966",,"false","interacts with","GOLGA6B (interacts with) IZUMO1","0","A6NDN3","","Q8IYV9",""
"8.102380952380951","","interacts with","0","0.476387176","","IGHV4-59 (interacts with) GOLGA6B",,"0","0","0","1","0.551219512","0.401554839",,"false","interacts with","IGHV4-59 (interacts with) GOLGA6B","0","P01825","","A6NDN3",""
"6.06904761904762","","interacts with","0","0.476387182","","GOLGA6B (interacts with) TRGV5",,"0","0","0","1","0.551219512","0.401554851",,"false","interacts with","GOLGA6B (interacts with) TRGV5","0","A6NDN3","","A0A0B4J1U4",""
"6.902380952380953","","interacts with","0","0.47638729","","PDCD6 (interacts with) GOLGA6B",,"0","0","0","1","0.551219512","0.401555067",,"false","interacts with","PDCD6 (interacts with) GOLGA6B","0","O75340","","A6NDN3",""
"13.083333333333334","","interacts with","0","0.476387188","","RRBP1 (interacts with) IZUMO1",,"0","0","0","1","0.551219512","0.401554865",,"false","interacts with","RRBP1 (interacts with) IZUMO1","0","Q9P2E9","","Q8IYV9",""
"14.228571428571431","","interacts with","0","0.46177708","","IGHV4-59 (interacts with) CCDC7",,"0","0","0","1","0.52195122","0.401602941",,"false","interacts with","IGHV4-59 (interacts with) CCDC7","0","P01825","","Q96M83",""
"11.859523809523811","","interacts with","0","0.47638712","","IGHV4-59 (interacts with) RRBP1",,"0","0","0","1","0.551219512","0.401554727",,"false","interacts with","IGHV4-59 (interacts with) RRBP1","0","P01825","","Q9P2E9",""
"11.185714285714289","","interacts with","0","0.46177713","","SAMD11 (interacts with) CCDC7",,"0","0","0","1","0.52195122","0.401603041",,"false","interacts with","SAMD11 (interacts with) CCDC7","0","Q96NU1","","Q96M83",""
"9.62857142857143","","interacts with","0","0.46177711","","CCDC7 (interacts with) TRGV5",,"0","0","0","1","0.52195122","0.401603001",,"false","interacts with","CCDC7 (interacts with) TRGV5","0","Q96M83","","A0A0B4J1U4",""
"12.042857142857146","","interacts with","0","0.464216124","","STK16 (interacts with) CCDC7",,"0","0","0","1","0.526829268","0.401602981",,"false","interacts with","STK16 (interacts with) CCDC7","0","O75716","","Q96M83",""
"12.309523809523812","","interacts with","0","0.461777098","","TPMT (interacts with) CCDC7",,"0","0","0","1","0.52195122","0.401602976",,"false","interacts with","TPMT (interacts with) CCDC7","0","P51580","","Q96M83",""
"12.02857142857143","","interacts with","0","0.461777104","","PDCD6 (interacts with) CCDC7",,"0","0","0","1","0.52195122","0.401602988",,"false","interacts with","PDCD6 (interacts with) CCDC7","0","O75340","","Q96M83",""
"9.40952380952381","","interacts with","0","0.46177718","","TRGV3 (interacts with) CCDC7",,"0","0","0","1","0.52195122","0.401603141",,"false","interacts with","TRGV3 (interacts with) CCDC7","0","P03979","","Q96M83",""
"12.352380952380953","","interacts with","0","0.461777145","","ARMH4 (interacts with) CCDC7",,"0","0","0","1","0.52195122","0.401603071",,"false","interacts with","ARMH4 (interacts with) CCDC7","0","Q86TY3","","Q96M83",""
"12.30952380952381","","interacts with","0","0.461777215","","IGHV4-39 (interacts with) CCDC7",,"0","0","0","1","0.52195122","0.40160321",,"false","interacts with","IGHV4-39 (interacts with) CCDC7","0","P01824","","Q96M83",""
"10.778571428571428","","interacts with","0","0.47638717","","RRBP1 (interacts with) TRGV5",,"0","0","0","1","0.551219512","0.401554828",,"false","interacts with","RRBP1 (interacts with) TRGV5","0","Q9P2E9","","A0A0B4J1U4",""
"9.80952380952381","","interacts with","0","0.476387203","","RRBP1 (interacts with) STK16",,"0","0","0","1","0.551219512","0.401554894",,"false","interacts with","RRBP1 (interacts with) STK16","0","Q9P2E9","","O75716",""
"11.642857142857144","","interacts with","0","0.464231259","","RRBP1 (interacts with) TPMT",,"0","0","0","1","0.526829268","0.40163325",,"false","interacts with","RRBP1 (interacts with) TPMT","0","Q9P2E9","","P51580",""
"10.945238095238095","","interacts with","0","0.476387055","","PDCD6 (interacts with) RRBP1",,"0","0","0","1","0.551219512","0.401554598",,"false","interacts with","PDCD6 (interacts with) RRBP1","0","O75340","","Q9P2E9",""
"12.028571428571428","","interacts with","0","0.476387103","","TRGV3 (interacts with) RRBP1",,"0","0","0","1","0.551219512","0.401554694",,"false","interacts with","TRGV3 (interacts with) RRBP1","0","P03979","","Q9P2E9",""
"11.642857142857144","","interacts with","0","0.46419213","","RRBP1 (interacts with) IGHV4-39",,"0","0","0","1","0.526829268","0.401554991",,"false","interacts with","RRBP1 (interacts with) IGHV4-39","0","Q9P2E9","","P01824",""
"5.504761904761905","","interacts with","0","0.4763871","","SAMD11 (interacts with) TRGV5",,"0","0","0","1","0.551219512","0.401554687",,"false","interacts with","SAMD11 (interacts with) TRGV5","0","Q96NU1","","A0A0B4J1U4",""
"6.485714285714286","","interacts with","0","0.476387166","","PDCD6 (interacts with) SAMD11",,"0","0","0","1","0.551219512","0.401554819",,"false","interacts with","PDCD6 (interacts with) SAMD11","0","O75340","","Q96NU1",""
"8.485714285714286","","interacts with","0","0.476387168","","TRGV3 (interacts with) SAMD11",,"0","0","0","1","0.551219512","0.401554823",,"false","interacts with","TRGV3 (interacts with) SAMD11","0","P03979","","Q96NU1",""
"8.45238095238095","","interacts with","0","0.476387229","","STARD3NL (interacts with) SAMD11",,"0","0","0","1","0.551219512","0.401554945",,"false","interacts with","STARD3NL (interacts with) SAMD11","0","O95772","","Q96NU1",""
"5.419047619047619","","interacts with","0","0.476387259","","ARMH4 (interacts with) TRGV5",,"0","0","0","1","0.551219512","0.401555005",,"false","interacts with","ARMH4 (interacts with) TRGV5","0","Q86TY3","","A0A0B4J1U4",""
"6.833333333333332","","interacts with","0","0.464192242","","TRGV3 (interacts with) STK16",,"0","0","0","1","0.526829268","0.401555216",,"false","interacts with","TRGV3 (interacts with) STK16","0","P03979","","O75716",""
"6.166666666666666","","interacts with","0","0.476387055","","ARMH4 (interacts with) TPMT",,"0","0","0","1","0.551219512","0.401554597",,"false","interacts with","ARMH4 (interacts with) TPMT","0","Q86TY3","","P51580",""
"6.166666666666666","","interacts with","0","0.476387079","","ARMH4 (interacts with) IGHV4-39",,"0","0","0","1","0.551219512","0.401554646",,"false","interacts with","ARMH4 (interacts with) IGHV4-39","0","Q86TY3","","P01824",""
"8.619047619047619","","interacts with","0","0.476387126","","ARMH4 (interacts with) STARD3NL",,"0","0","0","1","0.551219512","0.401554739",,"false","interacts with","ARMH4 (interacts with) STARD3NL","0","Q86TY3","","O95772",""
"0.0","","interacts with","0","0.650830335","","TNFSF11 (interacts with) TNFSF11",,"1","1","1","1","0.907317073","0.394343597",,"false","interacts with","TNFSF11 (interacts with) TNFSF11","0","O14788","","O14788",""
"26.333333333333332","","interacts with","0","0.476426333","","TNFSF11 (interacts with) HSP90AA4P",,"1","0","1","1","0.551219512","0.401633153",,"false","interacts with","TNFSF11 (interacts with) HSP90AA4P","0","O14788","","Q58FG1",""
"17.233333333333334","","interacts with","0","0.476426316","","DCDC2C (interacts with) TNFSF11",,"0","1","1","1","0.551219512","0.40163312",,"false","interacts with","DCDC2C (interacts with) TNFSF11","0","A8MYV0","","O14788",""
"21.666666666666664","","interacts with","0","0.47642618","","TNFSF11 (interacts with) CTNNA3",,"1","0","1","1","0.551219512","0.401632847",,"false","interacts with","TNFSF11 (interacts with) CTNNA3","0","O14788","","Q9UI47",""
"28.33333333333333","","interacts with","0","0.476426282","","TNFSF11 (interacts with) TCTN1",,"1","0","1","1","0.551219512","0.401633051",,"false","interacts with","TNFSF11 (interacts with) TCTN1","0","O14788","","Q2MV58",""
"7.899999999999999","","interacts with","0","0.476426193","","TNFSF11 (interacts with) ZCCHC8",,"1","0","1","1","0.551219512","0.401632874",,"false","interacts with","TNFSF11 (interacts with) ZCCHC8","0","O14788","","Q6NZY4",""
"31.63333333333333","","interacts with","0","0.476426442","","TNFSF11 (interacts with) KCNK18",,"1","0","1","1","0.551219512","0.401633371",,"false","interacts with","TNFSF11 (interacts with) KCNK18","0","O14788","","Q7Z418",""
"34.0","","interacts with","0","0.476426279","","TNFSF11 (interacts with) SERPINB10",,"1","0","1","1","0.551219512","0.401633046",,"false","interacts with","TNFSF11 (interacts with) SERPINB10","0","O14788","","P48595",""
"34.0","","interacts with","0","0.464231193","","TNFSF11 (interacts with) GSR",,"1","0","1","1","0.526829268","0.401633118",,"false","interacts with","TNFSF11 (interacts with) GSR","0","O14788","","P00390",""
"37.66666666666667","","interacts with","0","0.476426244","","TNFSF11 (interacts with) SYN1",,"1","0","1","1","0.551219512","0.401632977",,"false","interacts with","TNFSF11 (interacts with) SYN1","0","O14788","","P17600",""
"30.666666666666664","","interacts with","0","0.476426366","","TNFSF11 (interacts with) MIER2",,"1","0","1","1","0.551219512","0.401633221",,"false","interacts with","TNFSF11 (interacts with) MIER2","0","O14788","","Q8N344",""
"21.666666666666664","","interacts with","0","0.476426245","","SOBP (interacts with) TNFSF11",,"0","1","1","1","0.551219512","0.401632978",,"false","interacts with","SOBP (interacts with) TNFSF11","0","A7XYQ1","","O14788",""
"30.333333333333332","","interacts with","0","0.47642631","","TNFSF11 (interacts with) CCDC183",,"1","0","1","1","0.551219512","0.401633107",,"false","interacts with","TNFSF11 (interacts with) CCDC183","0","O14788","","Q5T5S1",""
"22.666666666666664","","interacts with","0","0.476426197","","TNFSF11 (interacts with) ARMC2",,"1","0","1","1","0.551219512","0.401632882",,"false","interacts with","TNFSF11 (interacts with) ARMC2","0","O14788","","Q8NEN0",""
"43.0","","interacts with","0","0.476426191","","TNFSF11 (interacts with) KCNA5",,"1","0","1","1","0.551219512","0.40163287",,"false","interacts with","TNFSF11 (interacts with) KCNA5","0","O14788","","P22460",""
"34.0","","interacts with","0","0.476426368","","TNFSF11 (interacts with) WEE2",,"1","0","1","1","0.551219512","0.401633223",,"false","interacts with","TNFSF11 (interacts with) WEE2","0","O14788","","P0C1S8",""
"28.499999999999996","","interacts with","0","0.47642634","","TNFSF11 (interacts with) ZNF485",,"1","0","1","1","0.551219512","0.401633167",,"false","interacts with","TNFSF11 (interacts with) ZNF485","0","O14788","","Q8NCK3",""
"22.666666666666664","","interacts with","0","0.464231231","","TNFSF11 (interacts with) NEIL3",,"1","0","1","1","0.526829268","0.401633194",,"false","interacts with","TNFSF11 (interacts with) NEIL3","0","O14788","","Q8TAT5",""
"46.0","","interacts with","0","0.476426256","","TNFSF11 (interacts with) CUX1",,"1","0","1","1","0.551219512","0.401633",,"false","interacts with","TNFSF11 (interacts with) CUX1","0","O14788","","Q13948",""
"18.0","","interacts with","0","0.476426304","","TNFSF11 (interacts with) C6orf118",,"1","0","1","1","0.551219512","0.401633095",,"false","interacts with","TNFSF11 (interacts with) C6orf118","0","O14788","","Q5T5N4",""
"37.33333333333333","","interacts with","0","0.476426254","","TNFSF11 (interacts with) RUFY2",,"1","0","1","1","0.551219512","0.401632995",,"false","interacts with","TNFSF11 (interacts with) RUFY2","0","O14788","","Q8WXA3",""
"37.33333333333333","","interacts with","0","0.4764263","","TNFSF11 (interacts with) ZDHHC14",,"1","0","1","1","0.551219512","0.401633088",,"false","interacts with","TNFSF11 (interacts with) ZDHHC14","0","O14788","","Q8IZN3",""
"34.0","","interacts with","0","0.464231237","","TNFSF11 (interacts with) STRADA",,"1","0","1","1","0.526829268","0.401633206",,"false","interacts with","TNFSF11 (interacts with) STRADA","0","O14788","","Q7RTN6",""
"34.0","","interacts with","0","0.476426228","","TNFSF11 (interacts with) DOC2B",,"1","0","1","1","0.551219512","0.401632944",,"false","interacts with","TNFSF11 (interacts with) DOC2B","0","O14788","","Q14184",""
"30.666666666666668","","interacts with","0","0.476426283","","TNFSF11 (interacts with) KRT39",,"1","0","1","1","0.551219512","0.401633054",,"false","interacts with","TNFSF11 (interacts with) KRT39","0","O14788","","Q6A163",""
"43.0","","interacts with","0","0.476426304","","TNFSF11 (interacts with) SOX13",,"1","0","1","1","0.551219512","0.401633096",,"false","interacts with","TNFSF11 (interacts with) SOX13","0","O14788","","Q9UN79",""
"34.0","","interacts with","0","0.476426255","","TNFSF11 (interacts with) HRC",,"1","0","1","1","0.551219512","0.401632998",,"false","interacts with","TNFSF11 (interacts with) HRC","0","O14788","","P23327",""
"17.0","","interacts with","0","0.476387178","","ZCCHC8 (interacts with) HSP90AA4P",,"0","0","0","1","0.551219512","0.401554843",,"false","interacts with","ZCCHC8 (interacts with) HSP90AA4P","0","Q6NZY4","","Q58FG1",""
"6.333333333333333","","interacts with","0","0.464192132","","HSP90AA4P (interacts with) SYN1",,"0","0","0","1","0.526829268","0.401554996",,"false","interacts with","HSP90AA4P (interacts with) SYN1","0","Q58FG1","","P17600",""
"6.333333333333333","","interacts with","0","0.47638719","","HSP90AA4P (interacts with) NEIL3",,"0","0","0","1","0.551219512","0.401554868",,"false","interacts with","HSP90AA4P (interacts with) NEIL3","0","Q58FG1","","Q8TAT5",""
"6.0","","interacts with","0","0.464192046","","HSP90AA4P (interacts with) CUX1",,"0","0","0","1","0.526829268","0.401554824",,"false","interacts with","HSP90AA4P (interacts with) CUX1","0","Q58FG1","","Q13948",""
"4.666666666666666","","interacts with","0","0.469070139","","KRT39 (interacts with) HSP90AA4P",,"0","0","0","1","0.536585366","0.401554912",,"false","interacts with","KRT39 (interacts with) HSP90AA4P","0","Q6A163","","Q58FG1",""
"8.4","","interacts with","0","0.476387183","","DCDC2C (interacts with) CTNNA3",,"0","0","0","1","0.551219512","0.401554854",,"false","interacts with","DCDC2C (interacts with) CTNNA3","0","A8MYV0","","Q9UI47",""
"14.5","","interacts with","0","0.476387061","","ZCCHC8 (interacts with) DCDC2C",,"0","0","0","1","0.551219512","0.401554609",,"false","interacts with","ZCCHC8 (interacts with) DCDC2C","0","Q6NZY4","","A8MYV0",""
"7.7333333333333325","","interacts with","0","0.476387318","","DCDC2C (interacts with) ARMC2",,"0","0","0","1","0.551219512","0.401555123",,"false","interacts with","DCDC2C (interacts with) ARMC2","0","A8MYV0","","Q8NEN0",""
"9.0","","interacts with","0","0.464192204","","KCNA5 (interacts with) DCDC2C",,"0","0","0","1","0.526829268","0.40155514",,"false","interacts with","KCNA5 (interacts with) DCDC2C","0","P22460","","A8MYV0",""
"7.4","","interacts with","0","0.476387164","","NEIL3 (interacts with) DCDC2C",,"0","0","0","1","0.551219512","0.401554816",,"false","interacts with","NEIL3 (interacts with) DCDC2C","0","Q8TAT5","","A8MYV0",""
"8.333333333333334","","interacts with","0","0.476387622","","C6orf118 (interacts with) DCDC2C",,"0","0","0","1","0.551219512","0.401555731",,"false","interacts with","C6orf118 (interacts with) DCDC2C","0","Q5T5N4","","A8MYV0",""
"7.333333333333333","","interacts with","0","0.476387403","","DCDC2C (interacts with) RUFY2",,"0","0","0","1","0.551219512","0.401555293",,"false","interacts with","DCDC2C (interacts with) RUFY2","0","A8MYV0","","Q8WXA3",""
"6.7333333333333325","","interacts with","0","0.464192206","","DCDC2C (interacts with) HRC",,"0","0","0","1","0.526829268","0.401555143",,"false","interacts with","DCDC2C (interacts with) HRC","0","A8MYV0","","P23327",""
"13.9","","interacts with","0","0.464192033","","ZCCHC8 (interacts with) CTNNA3",,"0","0","0","1","0.526829268","0.401554798",,"false","interacts with","ZCCHC8 (interacts with) CTNNA3","0","Q6NZY4","","Q9UI47",""
"6.966666666666668","","interacts with","0","0.476387171","","CTNNA3 (interacts with) KCNK18",,"0","0","0","1","0.551219512","0.401554829",,"false","interacts with","CTNNA3 (interacts with) KCNK18","0","Q9UI47","","Q7Z418",""
"5.333333333333333","","interacts with","0","0.593460977","","CCDC183 (interacts with) CTNNA3",,"0","0","0","1","0.785365854","0.401556101",,"false","interacts with","CCDC183 (interacts with) CTNNA3","0","Q5T5S1","","Q9UI47",""
"4.833333333333334","","interacts with","0","0.464192185","","ZNF485 (interacts with) CTNNA3",,"0","0","0","1","0.526829268","0.401555101",,"false","interacts with","ZNF485 (interacts with) CTNNA3","0","Q8NCK3","","Q9UI47",""
"6.166666666666667","","interacts with","0","0.464192085","","ZDHHC14 (interacts with) CTNNA3",,"0","0","0","1","0.526829268","0.401554901",,"false","interacts with","ZDHHC14 (interacts with) CTNNA3","0","Q8IZN3","","Q9UI47",""
"16.333333333333336","","interacts with","0","0.464192273","","ZCCHC8 (interacts with) TCTN1",,"0","0","0","1","0.526829268","0.401555277",,"false","interacts with","ZCCHC8 (interacts with) TCTN1","0","Q6NZY4","","Q2MV58",""
"7.333333333333332","","interacts with","0","0.461753515","","C6orf118 (interacts with) TCTN1",,"0","0","0","1","0.52195122","0.401555811",,"false","interacts with","C6orf118 (interacts with) TCTN1","0","Q5T5N4","","Q2MV58",""
"18.0","","interacts with","0","0.476387225","","ZCCHC8 (interacts with) SERPINB10",,"0","0","0","1","0.551219512","0.401554938",,"false","interacts with","ZCCHC8 (interacts with) SERPINB10","0","Q6NZY4","","P48595",""
"18.0","","interacts with","0","0.464191971","","ZCCHC8 (interacts with) GSR",,"0","0","0","1","0.526829268","0.401554673",,"false","interacts with","ZCCHC8 (interacts with) GSR","0","Q6NZY4","","P00390",""
"16.666666666666664","","interacts with","0","0.476387089","","ZCCHC8 (interacts with) MIER2",,"0","0","0","1","0.551219512","0.401554665",,"false","interacts with","ZCCHC8 (interacts with) MIER2","0","Q6NZY4","","Q8N344",""
"14.9","","interacts with","0","0.46419213","","ZCCHC8 (interacts with) SOBP",,"0","0","0","1","0.526829268","0.401554992",,"false","interacts with","ZCCHC8 (interacts with) SOBP","0","Q6NZY4","","A7XYQ1",""
"16.333333333333336","","interacts with","0","0.461753273","","ZCCHC8 (interacts with) CCDC183",,"0","0","0","1","0.52195122","0.401555326",,"false","interacts with","ZCCHC8 (interacts with) CCDC183","0","Q6NZY4","","Q5T5S1",""
"14.9","","interacts with","0","0.476387508","","ZCCHC8 (interacts with) ARMC2",,"0","0","0","1","0.551219512","0.401555503",,"false","interacts with","ZCCHC8 (interacts with) ARMC2","0","Q6NZY4","","Q8NEN0",""
"18.0","","interacts with","0","0.476387174","","ZCCHC8 (interacts with) WEE2",,"0","0","0","1","0.551219512","0.401554836",,"false","interacts with","ZCCHC8 (interacts with) WEE2","0","Q6NZY4","","P0C1S8",""
"15.166666666666666","","interacts with","0","0.476387195","","ZCCHC8 (interacts with) ZNF485",,"0","0","0","1","0.551219512","0.401554878",,"false","interacts with","ZCCHC8 (interacts with) ZNF485","0","Q6NZY4","","Q8NCK3",""
"14.399999999999999","","interacts with","0","0.476387082","","ZCCHC8 (interacts with) NEIL3",,"0","0","0","1","0.551219512","0.401554652",,"false","interacts with","ZCCHC8 (interacts with) NEIL3","0","Q6NZY4","","Q8TAT5",""
"16.333333333333336","","interacts with","0","0.476387301","","C6orf118 (interacts with) ZCCHC8",,"0","0","0","1","0.551219512","0.40155509",,"false","interacts with","C6orf118 (interacts with) ZCCHC8","0","Q5T5N4","","Q6NZY4",""
"18.0","","interacts with","0","0.476387308","","ZCCHC8 (interacts with) STRADA",,"0","0","0","1","0.551219512","0.401555104",,"false","interacts with","ZCCHC8 (interacts with) STRADA","0","Q6NZY4","","Q7RTN6",""
"18.0","","interacts with","0","0.476387171","","ZCCHC8 (interacts with) DOC2B",,"0","0","0","1","0.551219512","0.40155483",,"false","interacts with","ZCCHC8 (interacts with) DOC2B","0","Q6NZY4","","Q14184",""
"16.666666666666664","","interacts with","0","0.469070261","","ZCCHC8 (interacts with) KRT39",,"0","0","0","1","0.536585366","0.401555156",,"false","interacts with","ZCCHC8 (interacts with) KRT39","0","Q6NZY4","","Q6A163",""
"6.8999999999999995","","interacts with","0","0.46419225","","SOBP (interacts with) KCNK18",,"0","0","0","1","0.526829268","0.401555232",,"false","interacts with","SOBP (interacts with) KCNK18","0","A7XYQ1","","Q7Z418",""
"5.966666666666667","","interacts with","0","0.476387237","","ARMC2 (interacts with) KCNK18",,"0","0","0","1","0.551219512","0.401554962",,"false","interacts with","ARMC2 (interacts with) KCNK18","0","Q8NEN0","","Q7Z418",""
"6.133333333333334","","interacts with","0","0.47638737","","NEIL3 (interacts with) KCNK18",,"0","0","0","1","0.551219512","0.401555228",,"false","interacts with","NEIL3 (interacts with) KCNK18","0","Q8TAT5","","Q7Z418",""
"5.7333333333333325","","interacts with","0","0.476387485","","HRC (interacts with) KCNK18",,"0","0","0","1","0.551219512","0.401555459",,"false","interacts with","HRC (interacts with) KCNK18","0","P23327","","Q7Z418",""
"9.333333333333334","","interacts with","0","0.464192344","","C6orf118 (interacts with) SYN1",,"0","0","0","1","0.526829268","0.40155542",,"false","interacts with","C6orf118 (interacts with) SYN1","0","Q5T5N4","","P17600",""
"4.666666666666666","","interacts with","0","0.476426274","","MIER2 (interacts with) SOBP",,"0","0","0","1","0.551219512","0.401633036",,"false","interacts with","MIER2 (interacts with) SOBP","0","Q8N344","","A7XYQ1",""
"9.333333333333336","","interacts with","0","0.476387204","","C6orf118 (interacts with) SOBP",,"0","0","0","1","0.551219512","0.401554895",,"false","interacts with","C6orf118 (interacts with) SOBP","0","Q5T5N4","","A7XYQ1",""
"6.0","","interacts with","0","0.464192193","","ZDHHC14 (interacts with) SOBP",,"0","0","0","1","0.526829268","0.401555118",,"false","interacts with","ZDHHC14 (interacts with) SOBP","0","Q8IZN3","","A7XYQ1",""
"4.166666666666667","","interacts with","0","0.476387405","","ZNF485 (interacts with) ARMC2",,"0","0","0","1","0.551219512","0.401555298",,"false","interacts with","ZNF485 (interacts with) ARMC2","0","Q8NCK3","","Q8NEN0",""
"5.166666666666666","","interacts with","0","0.464192167","","ZDHHC14 (interacts with) ARMC2",,"0","0","0","1","0.526829268","0.401555065",,"false","interacts with","ZDHHC14 (interacts with) ARMC2","0","Q8IZN3","","Q8NEN0",""
"7.333333333333333","","interacts with","0","0.469070204","","C6orf118 (interacts with) RUFY2",,"0","0","0","1","0.536585366","0.401555043",,"false","interacts with","C6orf118 (interacts with) RUFY2","0","Q5T5N4","","Q8WXA3",""
"9.0","","interacts with","0","0.47638744","","C6orf118 (interacts with) SOX13",,"0","0","0","1","0.551219512","0.401555367",,"false","interacts with","C6orf118 (interacts with) SOX13","0","Q5T5N4","","Q9UN79",""
"7.666666666666667","","interacts with","0","0.476387488","","C6orf118 (interacts with) HRC",,"0","0","0","1","0.551219512","0.401555463",,"false","interacts with","C6orf118 (interacts with) HRC","0","Q5T5N4","","P23327",""
"24.733333333333327","","interacts with","0","0.476426282","","COL1A2 (interacts with) NAP1L3",,"1","0","1","1","0.551219512","0.401633051",,"false","interacts with","COL1A2 (interacts with) NAP1L3","0","P08123","","Q99457",""
"39.00000000000001","","interacts with","0","0.476426198","","COL1A2 (interacts with) ZNF669",,"1","0","1","1","0.551219512","0.401632884",,"false","interacts with","COL1A2 (interacts with) ZNF669","0","P08123","","Q96BR6",""
"23.73333333333333","","interacts with","0","0.476426243","","COL1A2 (interacts with) OR9A1P",,"1","0","1","1","0.551219512","0.401632973",,"false","interacts with","COL1A2 (interacts with) OR9A1P","0","P08123","","Q8NGU1",""
"23.86666666666666","","interacts with","0","0.476426244","","COL1A2 (interacts with) UAP1",,"1","0","1","1","0.551219512","0.401632976",,"false","interacts with","COL1A2 (interacts with) UAP1","0","P08123","","Q16222",""
"27.499999999999996","","interacts with","0","0.476426183","","COL1A2 (interacts with) GTF2H1",,"1","0","1","1","0.551219512","0.401632855",,"false","interacts with","COL1A2 (interacts with) GTF2H1","0","P08123","","P32780",""
"24.39999999999999","","interacts with","0","0.476426194","","COL1A2 (interacts with) HOXA13",,"1","0","1","1","0.551219512","0.401632875",,"false","interacts with","COL1A2 (interacts with) HOXA13","0","P08123","","P31271",""
"39.833333333333336","","interacts with","0","0.476426342","","COL1A2 (interacts with) AP1M2",,"1","0","1","1","0.551219512","0.401633172",,"false","interacts with","COL1A2 (interacts with) AP1M2","0","P08123","","Q9Y6Q5",""
"29.666666666666654","","interacts with","0","0.464231226","","COL1A2 (interacts with) ERF",,"1","0","1","1","0.526829268","0.401633185",,"false","interacts with","COL1A2 (interacts with) ERF","0","P08123","","P50548",""
"36.666666666666664","","interacts with","0","0.476426259","","COL1A2 (interacts with) PDZD4",,"1","0","1","1","0.551219512","0.401633005",,"false","interacts with","COL1A2 (interacts with) PDZD4","0","P08123","","Q76G19",""
"25.999999999999993","","interacts with","0","0.476426243","","COL1A2 (interacts with) USP17L6P",,"1","0","1","1","0.551219512","0.401632974",,"false","interacts with","COL1A2 (interacts with) USP17L6P","0","P08123","","Q6QN14",""
"17.533333333333328","","interacts with","0","0.476426313","","COL1A2 (interacts with) HPD",,"1","0","1","1","0.551219512","0.401633114",,"false","interacts with","COL1A2 (interacts with) HPD","0","P08123","","P32754",""
"25.999999999999993","","interacts with","0","0.476426335","","COL1A2 (interacts with) CAMKV",,"1","0","1","1","0.551219512","0.401633158",,"false","interacts with","COL1A2 (interacts with) CAMKV","0","P08123","","Q8NCB2",""
"10.724242424242423","","interacts with","0","0.476426237","","COL1A2 (interacts with) SF3A1",,"1","0","1","1","0.551219512","0.401632963",,"false","interacts with","COL1A2 (interacts with) SF3A1","0","P08123","","Q15459",""
"26.000000000000004","","interacts with","0","0.464231253","","COL1A2 (interacts with) CAMK1G",,"1","0","1","1","0.526829268","0.401633238",,"false","interacts with","COL1A2 (interacts with) CAMK1G","0","P08123","","Q96NX5",""
"21.966666666666665","","interacts with","0","0.476426246","","COL1A2 (interacts with) GID4",,"1","0","1","1","0.551219512","0.40163298",,"false","interacts with","COL1A2 (interacts with) GID4","0","P08123","","Q8IVV7",""
"50.166666666666664","","interacts with","0","0.476426312","","COL1A2 (interacts with) FOXI1",,"1","0","1","1","0.551219512","0.401633112",,"false","interacts with","COL1A2 (interacts with) FOXI1","0","P08123","","Q12951",""
"32.66666666666665","","interacts with","0","0.476426218","","COL1A2 (interacts with) BPIFC",,"1","0","1","1","0.551219512","0.401632924",,"false","interacts with","COL1A2 (interacts with) BPIFC","0","P08123","","Q8NFQ6",""
"23.96666666666666","","interacts with","0","0.464231252","","COL1A2 (interacts with) MAPK11",,"1","0","1","1","0.526829268","0.401633235",,"false","interacts with","COL1A2 (interacts with) MAPK11","0","P08123","","Q15759",""
"34.00000000000001","","interacts with","0","0.476426256","","COL1A2 (interacts with) GAL3ST3",,"1","0","1","1","0.551219512","0.401632999",,"false","interacts with","COL1A2 (interacts with) GAL3ST3","0","P08123","","Q96A11",""
"20.566666666666666","","interacts with","0","0.476426267","","COL1A2 (interacts with) FAM20A",,"1","0","1","1","0.551219512","0.401633021",,"false","interacts with","COL1A2 (interacts with) FAM20A","0","P08123","","Q96MK3",""
"4.333333333333333","","interacts with","0","0.476426274","","COL1A2 (interacts with) STOX2",,"1","0","1","1","0.551219512","0.401633035",,"false","interacts with","COL1A2 (interacts with) STOX2","0","P08123","","Q9P2F5",""
"35.9","","interacts with","0","0.464231275","","COL1A2 (interacts with) CARF",,"1","0","1","1","0.526829268","0.401633281",,"false","interacts with","COL1A2 (interacts with) CARF","0","P08123","","Q8N187",""
"41.66666666666667","","interacts with","0","0.476426215","","COL1A2 (interacts with) PDGFD",,"1","0","1","1","0.551219512","0.401632917",,"false","interacts with","COL1A2 (interacts with) PDGFD","0","P08123","","Q9GZP0",""
"29.49999999999999","","interacts with","0","0.476426159","","COL1A2 (interacts with) MKRN4P",,"1","0","1","1","0.551219512","0.401632806",,"false","interacts with","COL1A2 (interacts with) MKRN4P","0","P08123","","Q13434",""
"22.666666666666664","","interacts with","0","0.476426212","","COL1A2 (interacts with) GPR141",,"1","0","1","1","0.551219512","0.401632911",,"false","interacts with","COL1A2 (interacts with) GPR141","0","P08123","","Q7Z602",""
"22.066666666666663","","interacts with","0","0.476426219","","COL1A2 (interacts with) PPP2CA",,"1","0","1","1","0.551219512","0.401632926",,"false","interacts with","COL1A2 (interacts with) PPP2CA","0","P08123","","P67775",""
"24.400000000000002","","interacts with","0","0.47642622","","COL1A2 (interacts with) HOXD13",,"1","0","1","1","0.551219512","0.401632927",,"false","interacts with","COL1A2 (interacts with) HOXD13","0","P08123","","P35453",""
"41.666666666666664","","interacts with","0","0.464255241","","COL1A2 (interacts with) PRG2",,"1","0","1","1","0.526829268","0.401681214",,"false","interacts with","COL1A2 (interacts with) PRG2","0","P08123","","P13727",""
"24.53333333333333","","interacts with","0","0.476426203","","COL1A2 (interacts with) PPP2CB",,"1","0","1","1","0.551219512","0.401632893",,"false","interacts with","COL1A2 (interacts with) PPP2CB","0","P08123","","P62714",""
"25.39999999999999","","interacts with","0","0.47642619","","COL1A2 (interacts with) SNAPC3",,"1","0","1","1","0.551219512","0.401632867",,"false","interacts with","COL1A2 (interacts with) SNAPC3","0","P08123","","Q92966",""
"9.83939393939394","","interacts with","0","0.47642626","","COL1A2 (interacts with) PUM3",,"1","0","1","1","0.551219512","0.401633008",,"false","interacts with","COL1A2 (interacts with) PUM3","0","P08123","","Q15397",""
"36.5","","interacts with","0","0.476426201","","COL1A2 (interacts with) B4GALNT2",,"1","0","1","1","0.551219512","0.40163289",,"false","interacts with","COL1A2 (interacts with) B4GALNT2","0","P08123","","Q8NHY0",""
"23.366666666666664","","interacts with","0","0.476426354","","COL1A2 (interacts with) OIT3",,"1","0","1","1","0.551219512","0.401633196",,"false","interacts with","COL1A2 (interacts with) OIT3","0","P08123","","Q8WWZ8",""
"26.33333333333333","","interacts with","0","0.476426221","","COL1A2 (interacts with) ADORA3",,"1","0","1","1","0.551219512","0.40163293",,"false","interacts with","COL1A2 (interacts with) ADORA3","0","P08123","","P0DMS8",""
"37.16666666666666","","interacts with","0","0.464231266","","COL1A2 (interacts with) MAP2K5",,"1","0","1","1","0.526829268","0.401633265",,"false","interacts with","COL1A2 (interacts with) MAP2K5","0","P08123","","Q13163",""
"23.96666666666666","","interacts with","0","0.476426296","","COL1A2 (interacts with) SLC25A3",,"1","0","1","1","0.551219512","0.40163308",,"false","interacts with","COL1A2 (interacts with) SLC25A3","0","P08123","","Q00325",""
"51.0","","interacts with","0","0.476426207","","COL1A2 (interacts with) ACP6",,"1","0","1","1","0.551219512","0.401632902",,"false","interacts with","COL1A2 (interacts with) ACP6","0","P08123","","Q9NPH0",""
"24.248484848484843","","interacts with","0","0.476426293","","COL1A2 (interacts with) DDX4",,"1","0","1","1","0.551219512","0.401633073",,"false","interacts with","COL1A2 (interacts with) DDX4","0","P08123","","Q9NQI0",""
"17.399999999999995","","interacts with","0","0.476426251","","PSMD12 (interacts with) COL1A2",,"0","1","1","1","0.551219512","0.40163299",,"false","interacts with","PSMD12 (interacts with) COL1A2","0","O00232","","P08123",""
"24.39999999999999","","interacts with","0","0.476426357","","COL1A2 (interacts with) KYNU",,"1","0","1","1","0.551219512","0.401633201",,"false","interacts with","COL1A2 (interacts with) KYNU","0","P08123","","Q16719",""
"15.157575757575758","","interacts with","0","0.47638699","","SF3A1 (interacts with) NAP1L3",,"0","0","0","1","0.551219512","0.401554469",,"false","interacts with","SF3A1 (interacts with) NAP1L3","0","Q15459","","Q99457",""
"21.066666666666663","","interacts with","0","0.47638709","","STOX2 (interacts with) NAP1L3",,"0","0","0","1","0.551219512","0.401554669",,"false","interacts with","STOX2 (interacts with) NAP1L3","0","Q9P2F5","","Q99457",""
"3.8","","interacts with","0","0.476387415","","NAP1L3 (interacts with) CARF",,"0","0","0","1","0.551219512","0.401555318",,"false","interacts with","NAP1L3 (interacts with) CARF","0","Q99457","","Q8N187",""
"17.224242424242426","","interacts with","0","0.46419234","","PUM3 (interacts with) NAP1L3",,"0","0","0","1","0.526829268","0.401555413",,"false","interacts with","PUM3 (interacts with) NAP1L3","0","Q15397","","Q99457",""
"9.0","","interacts with","0","0.461753254","","HPD (interacts with) ZNF669",,"0","0","0","1","0.52195122","0.401555289",,"false","interacts with","HPD (interacts with) ZNF669","0","P32754","","Q96BR6",""
"31.999999999999993","","interacts with","0","0.47638705","","STOX2 (interacts with) ZNF669",,"0","0","0","1","0.551219512","0.401554587",,"false","interacts with","STOX2 (interacts with) ZNF669","0","Q9P2F5","","Q96BR6",""
"12.924242424242422","","interacts with","0","0.476387313","","SF3A1 (interacts with) OR9A1P",,"0","0","0","1","0.551219512","0.401555114",,"false","interacts with","SF3A1 (interacts with) OR9A1P","0","Q15459","","Q8NGU1",""
"3.1333333333333333","","interacts with","0","0.461753116","","FAM20A (interacts with) OR9A1P",,"0","0","0","1","0.52195122","0.401555013",,"false","interacts with","FAM20A (interacts with) OR9A1P","0","Q96MK3","","Q8NGU1",""
"20.066666666666663","","interacts with","0","0.476387203","","STOX2 (interacts with) OR9A1P",,"0","0","0","1","0.551219512","0.401554895",,"false","interacts with","STOX2 (interacts with) OR9A1P","0","Q9P2F5","","Q8NGU1",""
"15.672727272727274","","interacts with","0","0.47638726","","PUM3 (interacts with) OR9A1P",,"0","0","0","1","0.551219512","0.401555008",,"false","interacts with","PUM3 (interacts with) OR9A1P","0","Q15397","","Q8NGU1",""
"5.015151515151516","","interacts with","0","0.476387418","","DDX4 (interacts with) OR9A1P",,"0","0","0","1","0.551219512","0.401555323",,"false","interacts with","DDX4 (interacts with) OR9A1P","0","Q9NQI0","","Q8NGU1",""
"6.199999999999999","","interacts with","0","0.47638701","","HPD (interacts with) UAP1",,"0","0","0","1","0.551219512","0.401554507",,"false","interacts with","HPD (interacts with) UAP1","0","P32754","","Q16222",""
"13.957575757575757","","interacts with","0","0.476387167","","SF3A1 (interacts with) UAP1",,"0","0","0","1","0.551219512","0.401554821",,"false","interacts with","SF3A1 (interacts with) UAP1","0","Q15459","","Q16222",""
"20.53333333333333","","interacts with","0","0.476387097","","STOX2 (interacts with) UAP1",,"0","0","0","1","0.551219512","0.401554682",,"false","interacts with","STOX2 (interacts with) UAP1","0","Q9P2F5","","Q16222",""
"15.624242424242425","","interacts with","0","0.476387234","","PUM3 (interacts with) UAP1",,"0","0","0","1","0.551219512","0.401554955",,"false","interacts with","PUM3 (interacts with) UAP1","0","Q15397","","Q16222",""
"6.333333333333333","","interacts with","0","0.476387102","","HPD (interacts with) GTF2H1",,"0","0","0","1","0.551219512","0.401554691",,"false","interacts with","HPD (interacts with) GTF2H1","0","P32754","","P32780",""
"22.999999999999996","","interacts with","0","0.476387125","","STOX2 (interacts with) GTF2H1",,"0","0","0","1","0.551219512","0.401554738",,"false","interacts with","STOX2 (interacts with) GTF2H1","0","Q9P2F5","","P32780",""
"16.999999999999993","","interacts with","0","0.464192036","","PUM3 (interacts with) GTF2H1",,"0","0","0","1","0.526829268","0.401554803",,"false","interacts with","PUM3 (interacts with) GTF2H1","0","Q15397","","P32780",""
"6.166666666666666","","interacts with","0","0.464192291","","PSMD12 (interacts with) GTF2H1",,"0","0","0","1","0.526829268","0.401555314",,"false","interacts with","PSMD12 (interacts with) GTF2H1","0","O00232","","P32780",""
"13.490909090909089","","interacts with","0","0.461753064","","SF3A1 (interacts with) HOXA13",,"0","0","0","1","0.52195122","0.401554908",,"false","interacts with","SF3A1 (interacts with) HOXA13","0","Q15459","","P31271",""
"20.73333333333333","","interacts with","0","0.464231147","","STOX2 (interacts with) HOXA13",,"0","0","0","1","0.526829268","0.401633026",,"false","interacts with","STOX2 (interacts with) HOXA13","0","Q9P2F5","","P31271",""
"16.33939393939394","","interacts with","0","0.46175311","","PUM3 (interacts with) HOXA13",,"0","0","0","1","0.52195122","0.401555001",,"false","interacts with","PUM3 (interacts with) HOXA13","0","Q15397","","P31271",""
"5.581818181818183","","interacts with","0","0.461753038","","DDX4 (interacts with) HOXA13",,"0","0","0","1","0.52195122","0.401554856",,"false","interacts with","DDX4 (interacts with) HOXA13","0","Q9NQI0","","P31271",""
"31.833333333333332","","interacts with","0","0.476387181","","AP1M2 (interacts with) STOX2",,"0","0","0","1","0.551219512","0.40155485",,"false","interacts with","AP1M2 (interacts with) STOX2","0","Q9Y6Q5","","Q9P2F5",""
"4.5","","interacts with","0","0.476387612","","AP1M2 (interacts with) GPR141",,"0","0","0","1","0.551219512","0.401555711",,"false","interacts with","AP1M2 (interacts with) GPR141","0","Q9Y6Q5","","Q7Z602",""
"4.499999999999999","","interacts with","0","0.476387201","","AP1M2 (interacts with) PPP2CA",,"0","0","0","1","0.551219512","0.401554889",,"false","interacts with","AP1M2 (interacts with) PPP2CA","0","Q9Y6Q5","","P67775",""
"24.99999999999999","","interacts with","0","0.476387178","","STOX2 (interacts with) ERF",,"0","0","0","1","0.551219512","0.401554844",,"false","interacts with","STOX2 (interacts with) ERF","0","Q9P2F5","","P50548",""
"18.33333333333333","","interacts with","0","0.46907025","","PUM3 (interacts with) ERF",,"0","0","0","1","0.536585366","0.401555134",,"false","interacts with","PUM3 (interacts with) ERF","0","Q15397","","P50548",""
"6.999999999999999","","interacts with","0","0.464193027","","PSMD12 (interacts with) ERF",,"0","0","0","1","0.526829268","0.401556785",,"false","interacts with","PSMD12 (interacts with) ERF","0","O00232","","P50548",""
"8.799999999999999","","interacts with","0","0.476387147","","HPD (interacts with) PDZD4",,"0","0","0","1","0.551219512","0.401554782",,"false","interacts with","HPD (interacts with) PDZD4","0","P32754","","Q76G19",""
"5.566666666666666","","interacts with","0","0.47638723","","PPP2CB (interacts with) PDZD4",,"0","0","0","1","0.551219512","0.401554947",,"false","interacts with","PPP2CB (interacts with) PDZD4","0","P62714","","Q76G19",""
"20.499999999999996","","interacts with","0","0.461753198","","PUM3 (interacts with) PDZD4",,"0","0","0","1","0.52195122","0.401555177",,"false","interacts with","PUM3 (interacts with) PDZD4","0","Q15397","","Q76G19",""
"4.8","","interacts with","0","0.469070153","","SLC25A3 (interacts with) PDZD4",,"0","0","0","1","0.536585366","0.40155494",,"false","interacts with","SLC25A3 (interacts with) PDZD4","0","Q00325","","Q76G19",""
"7.066666666666666","","interacts with","0","0.469070199","","PSMD12 (interacts with) PDZD4",,"0","0","0","1","0.536585366","0.401555033",,"false","interacts with","PSMD12 (interacts with) PDZD4","0","O00232","","Q76G19",""
"14.757575757575758","","interacts with","0","0.476387238","","SF3A1 (interacts with) USP17L6P",,"0","0","0","1","0.551219512","0.401554964",,"false","interacts with","SF3A1 (interacts with) USP17L6P","0","Q15459","","Q6QN14",""
"22.333333333333325","","interacts with","0","0.476387094","","STOX2 (interacts with) USP17L6P",,"0","0","0","1","0.551219512","0.401554676",,"false","interacts with","STOX2 (interacts with) USP17L6P","0","Q9P2F5","","Q6QN14",""
"17.09090909090909","","interacts with","0","0.476387079","","PUM3 (interacts with) USP17L6P",,"0","0","0","1","0.551219512","0.401554646",,"false","interacts with","PUM3 (interacts with) USP17L6P","0","Q15397","","Q6QN14",""
"14.490909090909092","","interacts with","0","0.476387102","","SF3A1 (interacts with) HPD",,"0","0","0","1","0.551219512","0.401554691",,"false","interacts with","SF3A1 (interacts with) HPD","0","Q15459","","P32754",""
"7.833333333333334","","interacts with","0","0.469070249","","HPD (interacts with) FAM20A",,"0","0","0","1","0.536585366","0.401555132",,"false","interacts with","HPD (interacts with) FAM20A","0","P32754","","Q96MK3",""
"15.53333333333333","","interacts with","0","0.476387057","","HPD (interacts with) STOX2",,"0","0","0","1","0.551219512","0.401554601",,"false","interacts with","HPD (interacts with) STOX2","0","P32754","","Q9P2F5",""
"7.166666666666667","","interacts with","0","0.464192607","","HPD (interacts with) MKRN4P",,"0","0","0","1","0.526829268","0.401555946",,"false","interacts with","HPD (interacts with) MKRN4P","0","P32754","","Q13434",""
"12.79090909090909","","interacts with","0","0.476387142","","PUM3 (interacts with) HPD",,"0","0","0","1","0.551219512","0.401554772",,"false","interacts with","PUM3 (interacts with) HPD","0","Q15397","","P32754",""
"9.5","","interacts with","0","0.476387236","","HPD (interacts with) B4GALNT2",,"0","0","0","1","0.551219512","0.40155496",,"false","interacts with","HPD (interacts with) B4GALNT2","0","P32754","","Q8NHY0",""
"6.6","","interacts with","0","0.476387028","","HPD (interacts with) OIT3",,"0","0","0","1","0.551219512","0.401554544",,"false","interacts with","HPD (interacts with) OIT3","0","P32754","","Q8WWZ8",""
"7.733333333333334","","interacts with","0","0.469070423","","HPD (interacts with) PSMD12",,"0","0","0","1","0.536585366","0.40155548",,"false","interacts with","HPD (interacts with) PSMD12","0","P32754","","O00232",""
"14.75757575757576","","interacts with","0","0.464191976","","SF3A1 (interacts with) CAMKV",,"0","0","0","1","0.526829268","0.401554684",,"false","interacts with","SF3A1 (interacts with) CAMKV","0","Q15459","","Q8NCB2",""
"22.33333333333333","","interacts with","0","0.464231158","","STOX2 (interacts with) CAMKV",,"0","0","0","1","0.526829268","0.401633047",,"false","interacts with","STOX2 (interacts with) CAMKV","0","Q9P2F5","","Q8NCB2",""
"17.09090909090909","","interacts with","0","0.461753161","","PUM3 (interacts with) CAMKV",,"0","0","0","1","0.52195122","0.401555103",,"false","interacts with","PUM3 (interacts with) CAMKV","0","Q15397","","Q8NCB2",""
"14.757575757575758","","interacts with","0","0.476387362","","SF3A1 (interacts with) CAMK1G",,"0","0","0","1","0.551219512","0.401555213",,"false","interacts with","SF3A1 (interacts with) CAMK1G","0","Q15459","","Q96NX5",""
"15.39090909090909","","interacts with","0","0.476387178","","SF3A1 (interacts with) GID4",,"0","0","0","1","0.551219512","0.401554844",,"false","interacts with","SF3A1 (interacts with) GID4","0","Q15459","","Q8IVV7",""
"24.666666666666664","","interacts with","0","0.476387204","","SF3A1 (interacts with) FOXI1",,"0","0","0","1","0.551219512","0.401554895",,"false","interacts with","SF3A1 (interacts with) FOXI1","0","Q15459","","Q12951",""
"17.0","","interacts with","0","0.476387524","","SF3A1 (interacts with) BPIFC",,"0","0","0","1","0.551219512","0.401555535",,"false","interacts with","SF3A1 (interacts with) BPIFC","0","Q15459","","Q8NFQ6",""
"14.057575757575759","","interacts with","0","0.469070283","","SF3A1 (interacts with) MAPK11",,"0","0","0","1","0.536585366","0.4015552",,"false","interacts with","SF3A1 (interacts with) MAPK11","0","Q15459","","Q15759",""
"17.999999999999993","","interacts with","0","0.476426432","","SF3A1 (interacts with) GAL3ST3",,"0","0","0","1","0.551219512","0.401633352",,"false","interacts with","SF3A1 (interacts with) GAL3ST3","0","Q15459","","Q96A11",""
"12.224242424242421","","interacts with","0","0.476387359","","SF3A1 (interacts with) FAM20A",,"0","0","0","1","0.551219512","0.401555206",,"false","interacts with","SF3A1 (interacts with) FAM20A","0","Q15459","","Q96MK3",""
"9.224242424242425","","interacts with","0","0.469070069","","SF3A1 (interacts with) STOX2",,"0","0","0","1","0.536585366","0.401554772",,"false","interacts with","SF3A1 (interacts with) STOX2","0","Q15459","","Q9P2F5",""
"13.357575757575757","","interacts with","0","0.476426464","","SF3A1 (interacts with) GPR141",,"0","0","0","1","0.551219512","0.401633415",,"false","interacts with","SF3A1 (interacts with) GPR141","0","Q15459","","Q7Z602",""
"14.224242424242425","","interacts with","0","0.476387195","","SF3A1 (interacts with) PPP2CA",,"0","0","0","1","0.551219512","0.401554878",,"false","interacts with","SF3A1 (interacts with) PPP2CA","0","Q15459","","P67775",""
"13.490909090909094","","interacts with","0","0.464192002","","SF3A1 (interacts with) HOXD13",,"0","0","0","1","0.526829268","0.401554736",,"false","interacts with","SF3A1 (interacts with) HOXD13","0","Q15459","","P35453",""
"14.157575757575758","","interacts with","0","0.476387226","","SF3A1 (interacts with) SNAPC3",,"0","0","0","1","0.551219512","0.40155494",,"false","interacts with","SF3A1 (interacts with) SNAPC3","0","Q15459","","Q92966",""
"13.457575757575757","","interacts with","0","0.476387312","","SF3A1 (interacts with) OIT3",,"0","0","0","1","0.551219512","0.401555112",,"false","interacts with","SF3A1 (interacts with) OIT3","0","Q15459","","Q8WWZ8",""
"18.590909090909086","","interacts with","0","0.464192192","","SF3A1 (interacts with) MAP2K5",,"0","0","0","1","0.526829268","0.401555117",,"false","interacts with","SF3A1 (interacts with) MAP2K5","0","Q15459","","Q13163",""
"14.39090909090909","","interacts with","0","0.476426372","","SF3A1 (interacts with) SLC25A3",,"0","0","0","1","0.551219512","0.401633231",,"false","interacts with","SF3A1 (interacts with) SLC25A3","0","Q15459","","Q00325",""
"13.700000000000003","","interacts with","0","0.461753014","","SF3A1 (interacts with) DDX4",,"0","0","0","1","0.52195122","0.401554808",,"false","interacts with","SF3A1 (interacts with) DDX4","0","Q15459","","Q9NQI0",""
"15.290909090909087","","interacts with","0","0.476387247","","SF3A1 (interacts with) PSMD12",,"0","0","0","1","0.551219512","0.401554982",,"false","interacts with","SF3A1 (interacts with) PSMD12","0","Q15459","","O00232",""
"13.490909090909089","","interacts with","0","0.476387423","","SF3A1 (interacts with) KYNU",,"0","0","0","1","0.551219512","0.401555334",,"false","interacts with","SF3A1 (interacts with) KYNU","0","Q15459","","Q16719",""
"22.333333333333332","","interacts with","0","0.47638711","","STOX2 (interacts with) CAMK1G",,"0","0","0","1","0.551219512","0.401554708",,"false","interacts with","STOX2 (interacts with) CAMK1G","0","Q9P2F5","","Q96NX5",""
"17.09090909090909","","interacts with","0","0.476387113","","PUM3 (interacts with) CAMK1G",,"0","0","0","1","0.551219512","0.401554714",,"false","interacts with","PUM3 (interacts with) CAMK1G","0","Q15397","","Q96NX5",""
"18.633333333333333","","interacts with","0","0.476387058","","STOX2 (interacts with) GID4",,"0","0","0","1","0.551219512","0.401554604",,"false","interacts with","STOX2 (interacts with) GID4","0","Q9P2F5","","Q8IVV7",""
"4.666666666666666","","interacts with","0","0.591022551","","PDGFD (interacts with) GID4",,"0","0","0","1","0.780487805","0.401557296",,"false","interacts with","PDGFD (interacts with) GID4","0","Q9GZP0","","Q8IVV7",""
"4.666666666666667","","interacts with","0","0.588372024","","GID4 (interacts with) PRG2",,"0","0","0","1","0.775609756","0.401134293",,"false","interacts with","GID4 (interacts with) PRG2","0","Q8IVV7","","P13727",""
"16.724242424242423","","interacts with","0","0.476387094","","PUM3 (interacts with) GID4",,"0","0","0","1","0.551219512","0.401554676",,"false","interacts with","PUM3 (interacts with) GID4","0","Q15397","","Q8IVV7",""
"7.466666666666667","","interacts with","0","0.46419217","","PSMD12 (interacts with) GID4",,"0","0","0","1","0.526829268","0.401555072",,"false","interacts with","PSMD12 (interacts with) GID4","0","O00232","","Q8IVV7",""
"3.1666666666666665","","interacts with","0","0.476387501","","FOXI1 (interacts with) BPIFC",,"0","0","0","1","0.551219512","0.40155549",,"false","interacts with","FOXI1 (interacts with) BPIFC","0","Q12951","","Q8NFQ6",""
"4.333333333333333","","interacts with","0","0.476387261","","FOXI1 (interacts with) B4GALNT2",,"0","0","0","1","0.551219512","0.401555011",,"false","interacts with","FOXI1 (interacts with) B4GALNT2","0","Q12951","","Q8NHY0",""
"28.166666666666647","","interacts with","0","0.476387233","","STOX2 (interacts with) BPIFC",,"0","0","0","1","0.551219512","0.401554955",,"false","interacts with","STOX2 (interacts with) BPIFC","0","Q9P2F5","","Q8NFQ6",""
"20.633333333333333","","interacts with","0","0.476426327","","STOX2 (interacts with) MAPK11",,"0","0","0","1","0.551219512","0.401633143",,"false","interacts with","STOX2 (interacts with) MAPK11","0","Q9P2F5","","Q15759",""
"15.390909090909092","","interacts with","0","0.476387139","","PUM3 (interacts with) MAPK11",,"0","0","0","1","0.551219512","0.401554766",,"false","interacts with","PUM3 (interacts with) MAPK11","0","Q15397","","Q15759",""
"6.133333333333333","","interacts with","0","0.464191983","","PSMD12 (interacts with) MAPK11",,"0","0","0","1","0.526829268","0.401554697",,"false","interacts with","PSMD12 (interacts with) MAPK11","0","O00232","","Q15759",""
"28.0","","interacts with","0","0.476426277","","STOX2 (interacts with) GAL3ST3",,"0","0","0","1","0.551219512","0.401633042",,"false","interacts with","STOX2 (interacts with) GAL3ST3","0","Q9P2F5","","Q96A11",""
"17.23333333333333","","interacts with","0","0.476387232","","STOX2 (interacts with) FAM20A",,"0","0","0","1","0.551219512","0.401554951",,"false","interacts with","STOX2 (interacts with) FAM20A","0","Q9P2F5","","Q96MK3",""
"3.8000000000000003","","interacts with","0","0.469070101","","FAM20A (interacts with) GPR141",,"0","0","0","1","0.536585366","0.401554837",,"false","interacts with","FAM20A (interacts with) GPR141","0","Q96MK3","","Q7Z602",""
"13.506060606060606","","interacts with","0","0.46175336","","PUM3 (interacts with) FAM20A",,"0","0","0","1","0.52195122","0.401555501",,"false","interacts with","PUM3 (interacts with) FAM20A","0","Q15397","","Q96MK3",""
"3.9333333333333336","","interacts with","0","0.476387408","","FAM20A (interacts with) ADORA3",,"0","0","0","1","0.551219512","0.401555304",,"false","interacts with","FAM20A (interacts with) ADORA3","0","Q96MK3","","P0DMS8",""
"4.781818181818182","","interacts with","0","0.476387459","","FAM20A (interacts with) DDX4",,"0","0","0","1","0.551219512","0.401555406",,"false","interacts with","FAM20A (interacts with) DDX4","0","Q96MK3","","Q9NQI0",""
"29.233333333333327","","interacts with","0","0.476387203","","STOX2 (interacts with) CARF",,"0","0","0","1","0.551219512","0.401554894",,"false","interacts with","STOX2 (interacts with) CARF","0","Q9P2F5","","Q8N187",""
"33.666666666666664","","interacts with","0","0.476387174","","PDGFD (interacts with) STOX2",,"0","0","0","1","0.551219512","0.401554835",,"false","interacts with","PDGFD (interacts with) STOX2","0","Q9GZP0","","Q9P2F5",""
"24.83333333333332","","interacts with","0","0.476426286","","STOX2 (interacts with) MKRN4P",,"0","0","0","1","0.551219512","0.40163306",,"false","interacts with","STOX2 (interacts with) MKRN4P","0","Q9P2F5","","Q13434",""
"19.0","","interacts with","0","0.476387191","","STOX2 (interacts with) GPR141",,"0","0","0","1","0.551219512","0.40155487",,"false","interacts with","STOX2 (interacts with) GPR141","0","Q9P2F5","","Q7Z602",""
"18.733333333333334","","interacts with","0","0.476387105","","STOX2 (interacts with) PPP2CA",,"0","0","0","1","0.551219512","0.401554697",,"false","interacts with","STOX2 (interacts with) PPP2CA","0","Q9P2F5","","P67775",""
"20.733333333333334","","interacts with","0","0.464191983","","STOX2 (interacts with) HOXD13",,"0","0","0","1","0.526829268","0.401554699",,"false","interacts with","STOX2 (interacts with) HOXD13","0","Q9P2F5","","P35453",""
"33.666666666666664","","interacts with","0","0.461816235","","STOX2 (interacts with) PRG2",,"0","0","0","1","0.52195122","0.401681251",,"false","interacts with","STOX2 (interacts with) PRG2","0","Q9P2F5","","P13727",""
"20.866666666666667","","interacts with","0","0.476387105","","STOX2 (interacts with) PPP2CB",,"0","0","0","1","0.551219512","0.401554697",,"false","interacts with","STOX2 (interacts with) PPP2CB","0","Q9P2F5","","P62714",""
"21.733333333333327","","interacts with","0","0.476387095","","STOX2 (interacts with) SNAPC3",,"0","0","0","1","0.551219512","0.401554678",,"false","interacts with","STOX2 (interacts with) SNAPC3","0","Q9P2F5","","Q92966",""
"9.672727272727274","","interacts with","0","0.476387202","","PUM3 (interacts with) STOX2",,"0","0","0","1","0.551219512","0.401554892",,"false","interacts with","PUM3 (interacts with) STOX2","0","Q15397","","Q9P2F5",""
"32.0","","interacts with","0","0.476387224","","STOX2 (interacts with) B4GALNT2",,"0","0","0","1","0.551219512","0.401554935",,"false","interacts with","STOX2 (interacts with) B4GALNT2","0","Q9P2F5","","Q8NHY0",""
"20.03333333333333","","interacts with","0","0.476387113","","STOX2 (interacts with) OIT3",,"0","0","0","1","0.551219512","0.401554714",,"false","interacts with","STOX2 (interacts with) OIT3","0","Q9P2F5","","Q8WWZ8",""
"21.666666666666657","","interacts with","0","0.476387216","","STOX2 (interacts with) ADORA3",,"0","0","0","1","0.551219512","0.401554921",,"false","interacts with","STOX2 (interacts with) ADORA3","0","Q9P2F5","","P0DMS8",""
"22.799999999999994","","interacts with","0","0.476387115","","STOX2 (interacts with) SLC25A3",,"0","0","0","1","0.551219512","0.401554718",,"false","interacts with","STOX2 (interacts with) SLC25A3","0","Q9P2F5","","Q00325",""
"19.248484848484846","","interacts with","0","0.476387136","","STOX2 (interacts with) DDX4",,"0","0","0","1","0.551219512","0.40155476",,"false","interacts with","STOX2 (interacts with) DDX4","0","Q9P2F5","","Q9NQI0",""
"15.066666666666663","","interacts with","0","0.476387171","","STOX2 (interacts with) PSMD12",,"0","0","0","1","0.551219512","0.40155483",,"false","interacts with","STOX2 (interacts with) PSMD12","0","Q9P2F5","","O00232",""
"20.73333333333333","","interacts with","0","0.476387157","","STOX2 (interacts with) KYNU",,"0","0","0","1","0.551219512","0.401554802",,"false","interacts with","STOX2 (interacts with) KYNU","0","Q9P2F5","","Q16719",""
"4.9","","interacts with","0","0.476387214","","PPP2CB (interacts with) CARF",,"0","0","0","1","0.551219512","0.401554916",,"false","interacts with","PPP2CB (interacts with) CARF","0","P62714","","Q8N187",""
"7.966666666666666","","interacts with","0","0.476387142","","PSMD12 (interacts with) CARF",,"0","0","0","1","0.551219512","0.401554772",,"false","interacts with","PSMD12 (interacts with) CARF","0","O00232","","Q8N187",""
"18.49999999999999","","interacts with","0","0.47638742","","PUM3 (interacts with) MKRN4P",,"0","0","0","1","0.551219512","0.401555328",,"false","interacts with","PUM3 (interacts with) MKRN4P","0","Q15397","","Q13434",""
"16.10606060606061","","interacts with","0","0.476387238","","PUM3 (interacts with) GPR141",,"0","0","0","1","0.551219512","0.401554964",,"false","interacts with","PUM3 (interacts with) GPR141","0","Q15397","","Q7Z602",""
"5.448484848484849","","interacts with","0","0.476387399","","DDX4 (interacts with) GPR141",,"0","0","0","1","0.551219512","0.401555285",,"false","interacts with","DDX4 (interacts with) GPR141","0","Q9NQI0","","Q7Z602",""
"4.800000000000001","","interacts with","0","0.646100103","","PPP2CA (interacts with) PPP2CB",,"0","0","0","1","0.87804878","0.414151426",,"false","interacts with","PPP2CA (interacts with) PPP2CB","0","P67775","","P62714",""
"15.839393939393942","","interacts with","0","0.476387094","","PUM3 (interacts with) PPP2CA",,"0","0","0","1","0.551219512","0.401554676",,"false","interacts with","PUM3 (interacts with) PPP2CA","0","Q15397","","P67775",""
"5.515151515151515","","interacts with","0","0.476387269","","DDX4 (interacts with) PPP2CA",,"0","0","0","1","0.551219512","0.401555027",,"false","interacts with","DDX4 (interacts with) PPP2CA","0","Q9NQI0","","P67775",""
"16.33939393939394","","interacts with","0","0.464192151","","PUM3 (interacts with) HOXD13",,"0","0","0","1","0.526829268","0.401555034",,"false","interacts with","PUM3 (interacts with) HOXD13","0","Q15397","","P35453",""
"5.581818181818182","","interacts with","0","0.464192203","","DDX4 (interacts with) HOXD13",,"0","0","0","1","0.526829268","0.401555138",,"false","interacts with","DDX4 (interacts with) HOXD13","0","Q9NQI0","","P35453",""
"16.048484848484847","","interacts with","0","0.476387094","","PUM3 (interacts with) PPP2CB",,"0","0","0","1","0.551219512","0.401554676",,"false","interacts with","PUM3 (interacts with) PPP2CB","0","Q15397","","P62714",""
"8.048484848484849","","interacts with","0","0.476387245","","DDX4 (interacts with) PPP2CB",,"0","0","0","1","0.551219512","0.401554978",,"false","interacts with","DDX4 (interacts with) PPP2CB","0","Q9NQI0","","P62714",""
"6.0","","interacts with","0","0.4763872","","PSMD12 (interacts with) PPP2CB",,"0","0","0","1","0.551219512","0.401554887",,"false","interacts with","PSMD12 (interacts with) PPP2CB","0","O00232","","P62714",""
"16.490909090909092","","interacts with","0","0.476387081","","PUM3 (interacts with) SNAPC3",,"0","0","0","1","0.551219512","0.401554651",,"false","interacts with","PUM3 (interacts with) SNAPC3","0","Q15397","","Q92966",""
"2.4","","interacts with","0","0.464191969","","OIT3 (interacts with) SNAPC3",,"0","0","0","1","0.526829268","0.401554669",,"false","interacts with","OIT3 (interacts with) SNAPC3","0","Q8WWZ8","","Q92966",""
"15.124242424242425","","interacts with","0","0.461753069","","PUM3 (interacts with) OIT3",,"0","0","0","1","0.52195122","0.401554918",,"false","interacts with","PUM3 (interacts with) OIT3","0","Q15397","","Q8WWZ8",""
"16.44848484848485","","interacts with","0","0.476387284","","PUM3 (interacts with) ADORA3",,"0","0","0","1","0.551219512","0.401555056",,"false","interacts with","PUM3 (interacts with) ADORA3","0","Q15397","","P0DMS8",""
"21.257575757575747","","interacts with","0","0.47638711","","PUM3 (interacts with) MAP2K5",,"0","0","0","1","0.551219512","0.401554707",,"false","interacts with","PUM3 (interacts with) MAP2K5","0","Q15397","","Q13163",""
"15.057575757575759","","interacts with","0","0.476387103","","PUM3 (interacts with) SLC25A3",,"0","0","0","1","0.551219512","0.401554694",,"false","interacts with","PUM3 (interacts with) SLC25A3","0","Q15397","","Q00325",""
"29.0","","interacts with","0","0.476387214","","PUM3 (interacts with) ACP6",,"0","0","0","1","0.551219512","0.401554916",,"false","interacts with","PUM3 (interacts with) ACP6","0","Q15397","","Q9NPH0",""
"11.490909090909089","","interacts with","0","0.476387247","","PUM3 (interacts with) PSMD12",,"0","0","0","1","0.551219512","0.401554982",,"false","interacts with","PUM3 (interacts with) PSMD12","0","Q15397","","O00232",""
"16.339393939393943","","interacts with","0","0.476387195","","PUM3 (interacts with) KYNU",,"0","0","0","1","0.551219512","0.401554879",,"false","interacts with","PUM3 (interacts with) KYNU","0","Q15397","","Q16719",""
"6.181818181818182","","interacts with","0","0.476387559","","DDX4 (interacts with) ADORA3",,"0","0","0","1","0.551219512","0.401555606",,"false","interacts with","DDX4 (interacts with) ADORA3","0","Q9NQI0","","P0DMS8",""
"7.266666666666667","","interacts with","0","0.476387439","","PSMD12 (interacts with) ADORA3",,"0","0","0","1","0.551219512","0.401555367",,"false","interacts with","PSMD12 (interacts with) ADORA3","0","O00232","","P0DMS8",""
"3.1666666666666665","","interacts with","0","0.598133906","","MAP2K5 (interacts with) SLC25A3",,"0","0","0","1","0.795121951","0.40114586",,"false","interacts with","MAP2K5 (interacts with) SLC25A3","0","Q13163","","Q00325",""
"5.581818181818183","","interacts with","0","0.476387526","","DDX4 (interacts with) KYNU",,"0","0","0","1","0.551219512","0.40155554",,"false","interacts with","DDX4 (interacts with) KYNU","0","Q9NQI0","","Q16719",""
"12.0","","interacts with","0","0.569063494","","YWHAH (interacts with) CRTC3",,"0","0","0","1","0.736585366","0.401541623",,"false","interacts with","YWHAH (interacts with) CRTC3","0","Q04917","","Q6UUV7",""
"12.0","","interacts with","0","0.564068399","","ALDH9A1 (interacts with) TNFAIP3",,"0","0","0","1","0.726829268","0.401307529",,"false","interacts with","ALDH9A1 (interacts with) TNFAIP3","0","P49189","","P21580",""
"20.0","","interacts with","0","0.564067949","","YWHAH (interacts with) TNFAIP3",,"0","0","0","1","0.726829268","0.401306629",,"false","interacts with","YWHAH (interacts with) TNFAIP3","0","Q04917","","P21580",""
"12.0","","interacts with","0","0.561629922","","YWHAH (interacts with) INPP5E",,"0","0","0","1","0.72195122","0.401308625",,"false","interacts with","YWHAH (interacts with) INPP5E","0","Q04917","","Q9NRR6",""
"12.0","","interacts with","0","0.564421799","","YWHAH (interacts with) PSME3IP1",,"0","0","0","1","0.726829268","0.402014329","0.016489988","false","interacts with","YWHAH (interacts with) PSME3IP1","1","Q04917","","Q9GZU8",""
"12.0","","interacts with","0","0.569054843","","YWHAH (interacts with) MEX3D",,"0","0","0","1","0.736585366","0.40152432",,"false","interacts with","YWHAH (interacts with) MEX3D","0","Q04917","","Q86XN8",""
"4.0","","interacts with","0","0.622735641","","MFSD10 (interacts with) PECAM1",,"0","0","0","1","0.843902439","0.401568842",,"false","interacts with","MFSD10 (interacts with) PECAM1","0","Q14728","","P16284",""
"4.0","","interacts with","0","0.612960828","","PECAM1 (interacts with) CD38",,"0","0","0","1","0.824390244","0.401531413",,"false","interacts with","PECAM1 (interacts with) CD38","0","P16284","","P28907",""
"4.0","","interacts with","0","0.461753265","","GPATCH2 (interacts with) TREML4",,"0","0","0","1","0.52195122","0.40155531",,"false","interacts with","GPATCH2 (interacts with) TREML4","0","Q9NW75","","Q6UXN2",""
"4.0","","interacts with","0","0.461753192","","NPIPB7 (interacts with) TREML4",,"0","0","0","1","0.52195122","0.401555165",,"false","interacts with","NPIPB7 (interacts with) TREML4","0","O75200","","Q6UXN2",""
"8.0","","interacts with","0","0.561630632","","SYNE4 (interacts with) TRIM69",,"0","0","0","1","0.72195122","0.401310045",,"false","interacts with","SYNE4 (interacts with) TRIM69","0","Q8N205","","Q86WT6",""
"8.0","","interacts with","0","0.5908164","","TMEM143 (interacts with) CSGALNACT2",,"0","0","0","1","0.780487805","0.401144995",,"false","interacts with","TMEM143 (interacts with) CSGALNACT2","0","Q96AN5","","Q8N6G5",""
"12.0","","interacts with","0","0.561637511","","SYNE4 (interacts with) CSGALNACT2",,"0","0","0","1","0.72195122","0.401323802",,"false","interacts with","SYNE4 (interacts with) CSGALNACT2","0","Q8N205","","Q8N6G5",""
"8.0","","interacts with","0","0.564100697","","UTP15 (interacts with) CSGALNACT2",,"0","0","0","1","0.726829268","0.401372125",,"false","interacts with","UTP15 (interacts with) CSGALNACT2","0","Q8TED0","","Q8N6G5",""
"12.38015873015873","","interacts with","0","0.464231183","","RAMACL (interacts with) MYCL",,"0","1","1","1","0.526829268","0.401633097",,"false","interacts with","RAMACL (interacts with) MYCL","0","A0A3B3IU46","","P12524",""
"7.657936507936508","","interacts with","0","0.476387223","","RAMACL (interacts with) GOLGA3",,"0","0","0","1","0.551219512","0.401554934",,"false","interacts with","RAMACL (interacts with) GOLGA3","0","A0A3B3IU46","","Q08378",""
"7.78888888888889","","interacts with","0","0.476387152","","RAMACL (interacts with) RABEP1",,"0","0","0","1","0.551219512","0.401554792",,"false","interacts with","RAMACL (interacts with) RABEP1","0","A0A3B3IU46","","Q15276",""
"7.796825396825396","","interacts with","0","0.476387087","","RAMACL (interacts with) ESCO1",,"0","0","0","1","0.551219512","0.401554662",,"false","interacts with","RAMACL (interacts with) ESCO1","0","A0A3B3IU46","","Q5FWF5",""
"6.746825396825398","","interacts with","0","0.47638718","","RAMACL (interacts with) CFAP100",,"0","0","0","1","0.551219512","0.401554848",,"false","interacts with","RAMACL (interacts with) CFAP100","0","A0A3B3IU46","","Q494V2",""
"10.934004884004885","","interacts with","0","0.476387103","","TMF1 (interacts with) RAMACL",,"0","0","0","1","0.551219512","0.401554694",,"false","interacts with","TMF1 (interacts with) RAMACL","0","P82094","","A0A3B3IU46",""
"8.344444444444445","","interacts with","0","0.476387223","","RAMACL (interacts with) RPL3",,"0","0","0","1","0.551219512","0.401554934",,"false","interacts with","RAMACL (interacts with) RPL3","0","A0A3B3IU46","","P39023",""
"7.205555555555556","","interacts with","0","0.476387178","","RAMACL (interacts with) ALDH18A1",,"0","0","0","1","0.551219512","0.401554844",,"false","interacts with","RAMACL (interacts with) ALDH18A1","0","A0A3B3IU46","","P54886",""
"6.938888888888889","","interacts with","0","0.476387335","","TRAPPC14 (interacts with) RAMACL",,"0","0","0","1","0.551219512","0.401555157",,"false","interacts with","TRAPPC14 (interacts with) RAMACL","0","Q8WVR3","","A0A3B3IU46",""
"8.805555555555555","","interacts with","0","0.464216129","","RAMACL (interacts with) EFCAB13",,"0","0","0","1","0.526829268","0.401602989",,"false","interacts with","RAMACL (interacts with) EFCAB13","0","A0A3B3IU46","","Q8IY85",""
"8.974603174603173","","interacts with","0","0.476387172","","RAMACL (interacts with) FOXP1",,"0","0","0","1","0.551219512","0.401554831",,"false","interacts with","RAMACL (interacts with) FOXP1","0","A0A3B3IU46","","Q9H334",""
"7.667338217338217","","interacts with","0","0.476387114","","RAMACL (interacts with) CCDC150",,"0","0","0","1","0.551219512","0.401554715",,"false","interacts with","RAMACL (interacts with) CCDC150","0","A0A3B3IU46","","Q8NCX0",""
"31.333333333333332","","interacts with","0","0.476426236","","MYCL (interacts with) STK3",,"1","0","1","1","0.551219512","0.401632959",,"false","interacts with","MYCL (interacts with) STK3","0","P12524","","Q13188",""
"18.650000000000002","","interacts with","0","0.476426322","","MYCL (interacts with) KCNJ12",,"1","0","1","1","0.551219512","0.401633133",,"false","interacts with","MYCL (interacts with) KCNJ12","0","P12524","","Q14500",""
"10.235714285714288","","interacts with","0","0.476426205","","MYCL (interacts with) GOLGA3",,"1","0","1","1","0.551219512","0.401632898",,"false","interacts with","MYCL (interacts with) GOLGA3","0","P12524","","Q08378",""
"40.0","","interacts with","0","0.476426343","","MYCL (interacts with) FBXL18",,"1","0","1","1","0.551219512","0.401633174",,"false","interacts with","MYCL (interacts with) FBXL18","0","P12524","","Q96ME1",""
"15.9","","interacts with","0","0.476426215","","MYCL (interacts with) ZNF438",,"1","0","1","1","0.551219512","0.401632918",,"false","interacts with","MYCL (interacts with) ZNF438","0","P12524","","Q7Z4V0",""
"15.502380952380953","","interacts with","0","0.476426288","","MYCL (interacts with) RABEP1",,"1","0","1","1","0.551219512","0.401633063",,"false","interacts with","MYCL (interacts with) RABEP1","0","P12524","","Q15276",""
"19.133333333333333","","interacts with","0","0.476426164","","MYCL (interacts with) ESCO1",,"1","0","1","1","0.551219512","0.401632816",,"false","interacts with","MYCL (interacts with) ESCO1","0","P12524","","Q5FWF5",""
"19.83333333333333","","interacts with","0","0.476426285","","MYCL (interacts with) NEDD1",,"1","0","1","1","0.551219512","0.401633059",,"false","interacts with","MYCL (interacts with) NEDD1","0","P12524","","Q8NHV4",""
"46.0","","interacts with","0","0.476426261","","MYCL (interacts with) TRIT1",,"1","0","1","1","0.551219512","0.40163301",,"false","interacts with","MYCL (interacts with) TRIT1","0","P12524","","Q9H3H1",""
"13.746031746031747","","interacts with","0","0.464231272","","MYCL (interacts with) EDDM3A",,"1","0","1","1","0.526829268","0.401633275",,"false","interacts with","MYCL (interacts with) EDDM3A","0","P12524","","Q14507",""
"15.852380952380953","","interacts with","0","0.47642626","","MYCL (interacts with) CFAP100",,"1","0","1","1","0.551219512","0.401633008",,"false","interacts with","MYCL (interacts with) CFAP100","0","P12524","","Q494V2",""
"18.485714285714284","","interacts with","0","0.476426481","","MYCL (interacts with) KCNA7",,"1","0","1","1","0.551219512","0.401633449",,"false","interacts with","MYCL (interacts with) KCNA7","0","P12524","","Q96RP8",""
"6.572893772893773","","interacts with","0","0.476426176","","MYCL (interacts with) TMF1",,"1","0","1","1","0.551219512","0.40163284",,"false","interacts with","MYCL (interacts with) TMF1","0","P12524","","P82094",""
"10.385714285714286","","interacts with","0","0.464231295","","MYCL (interacts with) RPL3",,"1","0","1","1","0.526829268","0.401633322",,"false","interacts with","MYCL (interacts with) RPL3","0","P12524","","P39023",""
"24.73333333333333","","interacts with","0","0.476426219","","MYCL (interacts with) ALDH18A1",,"1","0","1","1","0.551219512","0.401632927",,"false","interacts with","MYCL (interacts with) ALDH18A1","0","P12524","","P54886",""
"18.599999999999994","","interacts with","0","0.476426354","","MYCL (interacts with) TRAPPC14",,"1","0","1","1","0.551219512","0.401633196",,"false","interacts with","MYCL (interacts with) TRAPPC14","0","P12524","","Q8WVR3",""
"30.333333333333332","","interacts with","0","0.461816248","","MYCL (interacts with) EFCAB13",,"1","0","1","1","0.52195122","0.401681276",,"false","interacts with","MYCL (interacts with) EFCAB13","0","P12524","","Q8IY85",""
"19.990476190476187","","interacts with","0","0.461816149","","MYCL (interacts with) REST",,"1","0","1","1","0.52195122","0.401681078",,"false","interacts with","MYCL (interacts with) REST","0","P12524","","Q13127",""
"11.03102453102453","","interacts with","0","0.476426214","","MYCL (interacts with) RAMAC",,"1","0","1","1","0.551219512","0.401632916",,"false","interacts with","MYCL (interacts with) RAMAC","0","P12524","","Q9BTL3",""
"39.00000000000001","","interacts with","0","0.46423123","","MYCL (interacts with) ESCO2",,"1","0","1","1","0.526829268","0.401633192",,"false","interacts with","MYCL (interacts with) ESCO2","0","P12524","","Q56NI9",""
"29.133333333333333","","interacts with","0","0.476426233","","MYCL (interacts with) FOXP1",,"1","0","1","1","0.551219512","0.401632955",,"false","interacts with","MYCL (interacts with) FOXP1","0","P12524","","Q9H334",""
"13.493650793650792","","interacts with","0","0.476426285","","MYCL (interacts with) ZNF350",,"1","0","1","1","0.551219512","0.401633057",,"false","interacts with","MYCL (interacts with) ZNF350","0","P12524","","Q9GZX5",""
"13.019913419913419","","interacts with","0","0.47642637","","MYCL (interacts with) TIMP4",,"1","0","1","1","0.551219512","0.401633228",,"false","interacts with","MYCL (interacts with) TIMP4","0","P12524","","Q99727",""
"25.3","","interacts with","0","0.476426286","","MYCL (interacts with) HNF1B",,"1","0","1","1","0.551219512","0.401633059",,"false","interacts with","MYCL (interacts with) HNF1B","0","P12524","","P35680",""
"22.966666666666658","","interacts with","0","0.476426272","","MYCL (interacts with) MS4A14",,"1","0","1","1","0.551219512","0.401633031",,"false","interacts with","MYCL (interacts with) MS4A14","0","P12524","","Q96JA4",""
"12.87289377289377","","interacts with","0","0.47642627","","MYCL (interacts with) CCDC150",,"1","0","1","1","0.551219512","0.401633028",,"false","interacts with","MYCL (interacts with) CCDC150","0","P12524","","Q8NCX0",""
"32.0","","interacts with","0","0.476426268","","MYCL (interacts with) NOM1",,"1","0","1","1","0.551219512","0.401633023",,"false","interacts with","MYCL (interacts with) NOM1","0","P12524","","Q5C9Z4",""
"11.742857142857142","","interacts with","0","0.464231248","","MYCL (interacts with) ZKSCAN4",,"1","0","1","1","0.526829268","0.401633227",,"false","interacts with","MYCL (interacts with) ZKSCAN4","0","P12524","","Q969J2",""
"24.76666666666666","","interacts with","0","0.461816257","","OFD1 (interacts with) MYCL",,"0","1","1","1","0.52195122","0.401681295",,"false","interacts with","OFD1 (interacts with) MYCL","0","O75665","","P12524",""
"16.33333333333333","","interacts with","0","0.476387078","","TMF1 (interacts with) STK3",,"0","0","0","1","0.551219512","0.401554644",,"false","interacts with","TMF1 (interacts with) STK3","0","P82094","","Q13188",""
"12.333333333333334","","interacts with","0","0.469070161","","RAMAC (interacts with) STK3",,"0","0","0","1","0.536585366","0.401554957",,"false","interacts with","RAMAC (interacts with) STK3","0","Q9BTL3","","Q13188",""
"5.250000000000001","","interacts with","0","0.464192114","","KCNJ12 (interacts with) ZNF438",,"0","0","0","1","0.526829268","0.401554959",,"false","interacts with","KCNJ12 (interacts with) ZNF438","0","Q14500","","Q7Z4V0",""
"7.452380952380953","","interacts with","0","0.476387222","","KCNJ12 (interacts with) RABEP1",,"0","0","0","1","0.551219512","0.401554932",,"false","interacts with","KCNJ12 (interacts with) RABEP1","0","Q14500","","Q15276",""
"13.072893772893769","","interacts with","0","0.476387062","","TMF1 (interacts with) KCNJ12",,"0","0","0","1","0.551219512","0.401554611",,"false","interacts with","TMF1 (interacts with) KCNJ12","0","P82094","","Q14500",""
"6.483333333333335","","interacts with","0","0.47638726","","KCNJ12 (interacts with) ALDH18A1",,"0","0","0","1","0.551219512","0.401555007",,"false","interacts with","KCNJ12 (interacts with) ALDH18A1","0","Q14500","","P54886",""
"6.84047619047619","","interacts with","0","0.461777178","","KCNJ12 (interacts with) REST",,"0","0","0","1","0.52195122","0.401603136",,"false","interacts with","KCNJ12 (interacts with) REST","0","Q14500","","Q13127",""
"7.133333333333334","","interacts with","0","0.469070098","","KCNJ12 (interacts with) FOXP1",,"0","0","0","1","0.536585366","0.40155483",,"false","interacts with","KCNJ12 (interacts with) FOXP1","0","Q14500","","Q9H334",""
"7.88956043956044","","interacts with","0","0.476387136","","KCNJ12 (interacts with) CCDC150",,"0","0","0","1","0.551219512","0.401554759",,"false","interacts with","KCNJ12 (interacts with) CCDC150","0","Q14500","","Q8NCX0",""
"6.721428571428572","","interacts with","0","0.464192258","","KCNJ12 (interacts with) ZKSCAN4",,"0","0","0","1","0.526829268","0.401555248",,"false","interacts with","KCNJ12 (interacts with) ZKSCAN4","0","Q14500","","Q969J2",""
"7.019047619047619","","interacts with","0","0.476426287","","GOLGA3 (interacts with) ZNF438",,"0","0","0","1","0.551219512","0.401633062",,"false","interacts with","GOLGA3 (interacts with) ZNF438","0","Q08378","","Q7Z4V0",""
"7.371428571428571","","interacts with","0","0.47638716","","GOLGA3 (interacts with) RABEP1",,"0","0","0","1","0.551219512","0.401554809",,"false","interacts with","GOLGA3 (interacts with) RABEP1","0","Q08378","","Q15276",""
"14.0","","interacts with","0","0.464192139","","TRIT1 (interacts with) GOLGA3",,"0","0","0","1","0.526829268","0.401555009",,"false","interacts with","TRIT1 (interacts with) GOLGA3","0","Q9H3H1","","Q08378",""
"8.835714285714287","","interacts with","0","0.476387169","","KCNA7 (interacts with) GOLGA3",,"0","0","0","1","0.551219512","0.401554826",,"false","interacts with","KCNA7 (interacts with) GOLGA3","0","Q96RP8","","Q08378",""
"10.102380952380951","","interacts with","0","0.476387102","","TMF1 (interacts with) GOLGA3",,"0","0","0","1","0.551219512","0.401554691",,"false","interacts with","TMF1 (interacts with) GOLGA3","0","P82094","","Q08378",""
"8.216666666666667","","interacts with","0","0.476387126","","GOLGA3 (interacts with) RPL3",,"0","0","0","1","0.551219512","0.401554741",,"false","interacts with","GOLGA3 (interacts with) RPL3","0","Q08378","","P39023",""
"10.285714285714285","","interacts with","0","0.476387133","","GOLGA3 (interacts with) ALDH18A1",,"0","0","0","1","0.551219512","0.401554754",,"false","interacts with","GOLGA3 (interacts with) ALDH18A1","0","Q08378","","P54886",""
"7.81904761904762","","interacts with","0","0.476387105","","TRAPPC14 (interacts with) GOLGA3",,"0","0","0","1","0.551219512","0.401554698",,"false","interacts with","TRAPPC14 (interacts with) GOLGA3","0","Q8WVR3","","Q08378",""
"9.973088023088023","","interacts with","0","0.476387173","","GOLGA3 (interacts with) RAMAC",,"0","0","0","1","0.551219512","0.401554834",,"false","interacts with","GOLGA3 (interacts with) RAMAC","0","Q08378","","Q9BTL3",""
"12.0","","interacts with","0","0.464231263","","ESCO2 (interacts with) GOLGA3",,"0","0","0","1","0.526829268","0.401633259",,"false","interacts with","ESCO2 (interacts with) GOLGA3","0","Q56NI9","","Q08378",""
"10.517532467532467","","interacts with","0","0.476426243","","GOLGA3 (interacts with) TIMP4",,"0","0","0","1","0.551219512","0.401632974",,"false","interacts with","GOLGA3 (interacts with) TIMP4","0","Q08378","","Q99727",""
"6.721428571428572","","interacts with","0","0.464192113","","GOLGA3 (interacts with) ZKSCAN4",,"0","0","0","1","0.526829268","0.401554957",,"false","interacts with","GOLGA3 (interacts with) ZKSCAN4","0","Q08378","","Q969J2",""
"20.0","","interacts with","0","0.476387204","","TMF1 (interacts with) FBXL18",,"0","0","0","1","0.551219512","0.401554896",,"false","interacts with","TMF1 (interacts with) FBXL18","0","P82094","","Q96ME1",""
"5.869047619047619","","interacts with","0","0.590884707","","ZNF438 (interacts with) RABEP1",,"0","0","0","1","0.780487805","0.40128161",,"false","interacts with","ZNF438 (interacts with) RABEP1","0","Q7Z4V0","","Q15276",""
"6.824603174603174","","interacts with","0","0.476426253","","EDDM3A (interacts with) ZNF438",,"0","0","0","1","0.551219512","0.401632994",,"false","interacts with","EDDM3A (interacts with) ZNF438","0","Q14507","","Q7Z4V0",""
"10.15","","interacts with","0","0.476387098","","TMF1 (interacts with) ZNF438",,"0","0","0","1","0.551219512","0.401554683",,"false","interacts with","TMF1 (interacts with) ZNF438","0","P82094","","Q7Z4V0",""
"8.955555555555556","","interacts with","0","0.476387139","","RAMAC (interacts with) ZNF438",,"0","0","0","1","0.551219512","0.401554766",,"false","interacts with","RAMAC (interacts with) ZNF438","0","Q9BTL3","","Q7Z4V0",""
"4.6190476190476195","","interacts with","0","0.476387099","","ZKSCAN4 (interacts with) ZNF438",,"0","0","0","1","0.551219512","0.401554686",,"false","interacts with","ZKSCAN4 (interacts with) ZNF438","0","Q969J2","","Q7Z4V0",""
"8.673809523809524","","interacts with","0","0.476387069","","EDDM3A (interacts with) RABEP1",,"0","0","0","1","0.551219512","0.401554625",,"false","interacts with","EDDM3A (interacts with) RABEP1","0","Q14507","","Q15276",""
"6.988095238095237","","interacts with","0","0.476387254","","RPL3 (interacts with) RABEP1",,"0","0","0","1","0.551219512","0.401554995",,"false","interacts with","RPL3 (interacts with) RABEP1","0","P39023","","Q15276",""
"9.0","","interacts with","0","0.593461141","","ESCO2 (interacts with) RABEP1",,"0","0","0","1","0.785365854","0.401556429",,"false","interacts with","ESCO2 (interacts with) RABEP1","0","Q56NI9","","Q15276",""
"7.6722222222222225","","interacts with","0","0.47638722","","ZNF350 (interacts with) RABEP1",,"0","0","0","1","0.551219512","0.401554927",,"false","interacts with","ZNF350 (interacts with) RABEP1","0","Q9GZX5","","Q15276",""
"7.735714285714286","","interacts with","0","0.476387135","","CCDC150 (interacts with) RABEP1",,"0","0","0","1","0.551219512","0.401554758",,"false","interacts with","CCDC150 (interacts with) RABEP1","0","Q8NCX0","","Q15276",""
"8.766666666666667","","interacts with","0","0.593390727","","OFD1 (interacts with) RABEP1",,"0","0","0","1","0.785365854","0.4014156",,"false","interacts with","OFD1 (interacts with) RABEP1","0","O75665","","Q15276",""
"6.433333333333333","","interacts with","0","0.469070069","","ESCO1 (interacts with) RPL3",,"0","0","0","1","0.536585366","0.401554773",,"false","interacts with","ESCO1 (interacts with) RPL3","0","Q5FWF5","","P39023",""
"9.489754689754688","","interacts with","0","0.47638711","","RAMAC (interacts with) ESCO1",,"0","0","0","1","0.551219512","0.401554707",,"false","interacts with","RAMAC (interacts with) ESCO1","0","Q9BTL3","","Q5FWF5",""
"6.660317460317461","","interacts with","0","0.476387086","","ZNF350 (interacts with) ESCO1",,"0","0","0","1","0.551219512","0.401554659",,"false","interacts with","ZNF350 (interacts with) ESCO1","0","Q9GZX5","","Q5FWF5",""
"7.634199134199133","","interacts with","0","0.476387179","","TIMP4 (interacts with) ESCO1",,"0","0","0","1","0.551219512","0.401554847",,"false","interacts with","TIMP4 (interacts with) ESCO1","0","Q99727","","Q5FWF5",""
"5.800000000000001","","interacts with","0","0.464192171","","HNF1B (interacts with) ESCO1",,"0","0","0","1","0.526829268","0.401555074",,"false","interacts with","HNF1B (interacts with) ESCO1","0","P35680","","Q5FWF5",""
"6.685714285714286","","interacts with","0","0.476387173","","ZKSCAN4 (interacts with) ESCO1",,"0","0","0","1","0.551219512","0.401554834",,"false","interacts with","ZKSCAN4 (interacts with) ESCO1","0","Q969J2","","Q5FWF5",""
"11.766666666666666","","interacts with","0","0.476387084","","TMF1 (interacts with) NEDD1",,"0","0","0","1","0.551219512","0.401554656",,"false","interacts with","TMF1 (interacts with) NEDD1","0","P82094","","Q8NHV4",""
"6.133333333333334","","interacts with","0","0.59346079","","NEDD1 (interacts with) RPL3",,"0","0","0","1","0.785365854","0.401555727",,"false","interacts with","NEDD1 (interacts with) RPL3","0","Q8NHV4","","P39023",""
"8.467532467532468","","interacts with","0","0.461753115","","RAMAC (interacts with) NEDD1",,"0","0","0","1","0.52195122","0.401555011",,"false","interacts with","RAMAC (interacts with) NEDD1","0","Q9BTL3","","Q8NHV4",""
"6.71904761904762","","interacts with","0","0.476387208","","ZNF350 (interacts with) NEDD1",,"0","0","0","1","0.551219512","0.401554903",,"false","interacts with","ZNF350 (interacts with) NEDD1","0","Q9GZX5","","Q8NHV4",""
"6.715151515151515","","interacts with","0","0.476387211","","TIMP4 (interacts with) NEDD1",,"0","0","0","1","0.551219512","0.401554909",,"false","interacts with","TIMP4 (interacts with) NEDD1","0","Q99727","","Q8NHV4",""
"3.3000000000000003","","interacts with","0","0.59348484","","NEDD1 (interacts with) OFD1",,"0","0","0","1","0.785365854","0.401603825",,"false","interacts with","NEDD1 (interacts with) OFD1","0","Q8NHV4","","O75665",""
"6.576984126984128","","interacts with","0","0.464231223","","EDDM3A (interacts with) CFAP100",,"0","0","0","1","0.526829268","0.401633178",,"false","interacts with","EDDM3A (interacts with) CFAP100","0","Q14507","","Q494V2",""
"9.76892551892552","","interacts with","0","0.476387033","","TMF1 (interacts with) EDDM3A",,"0","0","0","1","0.551219512","0.401554554",,"false","interacts with","TMF1 (interacts with) EDDM3A","0","P82094","","Q14507",""
"8.185714285714283","","interacts with","0","0.476426171","","EDDM3A (interacts with) ALDH18A1",,"0","0","0","1","0.551219512","0.401632831",,"false","interacts with","EDDM3A (interacts with) ALDH18A1","0","Q14507","","P54886",""
"7.957936507936507","","interacts with","0","0.476387152","","TRAPPC14 (interacts with) EDDM3A",,"0","0","0","1","0.551219512","0.401554792",,"false","interacts with","TRAPPC14 (interacts with) EDDM3A","0","Q8WVR3","","Q14507",""
"9.805555555555557","","interacts with","0","0.464216061","","EDDM3A (interacts with) EFCAB13",,"0","0","0","1","0.526829268","0.401602854",,"false","interacts with","EDDM3A (interacts with) EFCAB13","0","Q14507","","Q8IY85",""
"9.134126984126985","","interacts with","0","0.464255197","","EDDM3A (interacts with) REST",,"0","0","0","1","0.526829268","0.401681126",,"false","interacts with","EDDM3A (interacts with) REST","0","Q14507","","Q13127",""
"8.09047619047619","","interacts with","0","0.476426224","","EDDM3A (interacts with) ZNF350",,"0","0","0","1","0.551219512","0.401632936",,"false","interacts with","EDDM3A (interacts with) ZNF350","0","Q14507","","Q9GZX5",""
"8.8","","interacts with","0","0.476426174","","EDDM3A (interacts with) HNF1B",,"0","0","0","1","0.551219512","0.401632837",,"false","interacts with","EDDM3A (interacts with) HNF1B","0","Q14507","","P35680",""
"6.466544566544567","","interacts with","0","0.476426282","","EDDM3A (interacts with) CCDC150",,"0","0","0","1","0.551219512","0.401633053",,"false","interacts with","EDDM3A (interacts with) CCDC150","0","Q14507","","Q8NCX0",""
"7.272222222222225","","interacts with","0","0.476426169","","EDDM3A (interacts with) ZKSCAN4",,"0","0","0","1","0.551219512","0.401632825",,"false","interacts with","EDDM3A (interacts with) ZKSCAN4","0","Q14507","","Q969J2",""
"4.438095238095238","","interacts with","0","0.476387512","","KCNA7 (interacts with) CFAP100",,"0","0","0","1","0.551219512","0.401555512",,"false","interacts with","KCNA7 (interacts with) CFAP100","0","Q96RP8","","Q494V2",""
"8.639560439560439","","interacts with","0","0.476387178","","TMF1 (interacts with) CFAP100",,"0","0","0","1","0.551219512","0.401554843",,"false","interacts with","TMF1 (interacts with) CFAP100","0","P82094","","Q494V2",""
"8.48340548340548","","interacts with","0","0.469070216","","RAMAC (interacts with) CFAP100",,"0","0","0","1","0.536585366","0.401555067",,"false","interacts with","RAMAC (interacts with) CFAP100","0","Q9BTL3","","Q494V2",""
"5.4412698412698415","","interacts with","0","0.461753223","","ZNF350 (interacts with) CFAP100",,"0","0","0","1","0.52195122","0.401555226",,"false","interacts with","ZNF350 (interacts with) CFAP100","0","Q9GZX5","","Q494V2",""
"6.138961038961039","","interacts with","0","0.469070124","","TIMP4 (interacts with) CFAP100",,"0","0","0","1","0.536585366","0.401554882",,"false","interacts with","TIMP4 (interacts with) CFAP100","0","Q99727","","Q494V2",""
"4.73956043956044","","interacts with","0","0.476387416","","CFAP100 (interacts with) CCDC150",,"0","0","0","1","0.551219512","0.40155532",,"false","interacts with","CFAP100 (interacts with) CCDC150","0","Q494V2","","Q8NCX0",""
"10.59194139194139","","interacts with","0","0.476387072","","TMF1 (interacts with) KCNA7",,"0","0","0","1","0.551219512","0.401554631",,"false","interacts with","TMF1 (interacts with) KCNA7","0","P82094","","Q96RP8",""
"5.0095238095238095","","interacts with","0","0.461777155","","KCNA7 (interacts with) REST",,"0","0","0","1","0.52195122","0.40160309",,"false","interacts with","KCNA7 (interacts with) REST","0","Q96RP8","","Q13127",""
"6.233333333333333","","interacts with","0","0.476387022","","KCNA7 (interacts with) TIMP4",,"0","0","0","1","0.551219512","0.401554531",,"false","interacts with","KCNA7 (interacts with) TIMP4","0","Q96RP8","","Q99727",""
"6.675274725274726","","interacts with","0","0.476387021","","KCNA7 (interacts with) CCDC150",,"0","0","0","1","0.551219512","0.401554531",,"false","interacts with","KCNA7 (interacts with) CCDC150","0","Q96RP8","","Q8NCX0",""
"5.090476190476192","","interacts with","0","0.464192606","","KCNA7 (interacts with) ZKSCAN4",,"0","0","0","1","0.526829268","0.401555944",,"false","interacts with","KCNA7 (interacts with) ZKSCAN4","0","Q96RP8","","Q969J2",""
"8.225274725274726","","interacts with","0","0.476387215","","TMF1 (interacts with) RPL3",,"0","0","0","1","0.551219512","0.401554919",,"false","interacts with","TMF1 (interacts with) RPL3","0","P82094","","P39023",""
"11.266666666666666","","interacts with","0","0.476387115","","TRAPPC14 (interacts with) TMF1",,"0","0","0","1","0.551219512","0.401554718",,"false","interacts with","TRAPPC14 (interacts with) TMF1","0","Q8WVR3","","P82094",""
"7.287251637251637","","interacts with","0","0.476387103","","TMF1 (interacts with) RAMAC",,"0","0","0","1","0.551219512","0.401554694",,"false","interacts with","TMF1 (interacts with) RAMAC","0","P82094","","Q9BTL3",""
"9.980830280830281","","interacts with","0","0.476387083","","TMF1 (interacts with) ZNF350",,"0","0","0","1","0.551219512","0.401554654",,"false","interacts with","TMF1 (interacts with) ZNF350","0","P82094","","Q9GZX5",""
"9.442807192807193","","interacts with","0","0.476387051","","TMF1 (interacts with) TIMP4",,"0","0","0","1","0.551219512","0.40155459",,"false","interacts with","TMF1 (interacts with) TIMP4","0","P82094","","Q99727",""
"14.037179487179486","","interacts with","0","0.476387207","","TMF1 (interacts with) HNF1B",,"0","0","0","1","0.551219512","0.401554901",,"false","interacts with","TMF1 (interacts with) HNF1B","0","P82094","","P35680",""
"12.120512820512822","","interacts with","0","0.476387027","","TMF1 (interacts with) MS4A14",,"0","0","0","1","0.551219512","0.401554541",,"false","interacts with","TMF1 (interacts with) MS4A14","0","P82094","","Q96JA4",""
"17.0","","interacts with","0","0.476387079","","TMF1 (interacts with) NOM1",,"0","0","0","1","0.551219512","0.401554645",,"false","interacts with","TMF1 (interacts with) NOM1","0","P82094","","Q5C9Z4",""
"7.241941391941393","","interacts with","0","0.476387047","","TMF1 (interacts with) ZKSCAN4",,"0","0","0","1","0.551219512","0.401554582",,"false","interacts with","TMF1 (interacts with) ZKSCAN4","0","P82094","","Q969J2",""
"8.909523809523808","","interacts with","0","0.593484441","","REST (interacts with) RPL3",,"0","0","0","1","0.785365854","0.401603027",,"false","interacts with","REST (interacts with) RPL3","0","Q13127","","P39023",""
"6.407936507936509","","interacts with","0","0.469070177","","RAMAC (interacts with) RPL3",,"0","0","0","1","0.536585366","0.401554988",,"false","interacts with","RAMAC (interacts with) RPL3","0","Q9BTL3","","P39023",""
"6.67936507936508","","interacts with","0","0.46175304","","ZNF350 (interacts with) RPL3",,"0","0","0","1","0.52195122","0.40155486",,"false","interacts with","ZNF350 (interacts with) RPL3","0","Q9GZX5","","P39023",""
"7.225274725274725","","interacts with","0","0.476387163","","RPL3 (interacts with) CCDC150",,"0","0","0","1","0.551219512","0.401554813",,"false","interacts with","RPL3 (interacts with) CCDC150","0","P39023","","Q8NCX0",""
"11.000000000000002","","interacts with","0","0.593460763","","NOM1 (interacts with) RPL3",,"0","0","0","1","0.785365854","0.401555672",,"false","interacts with","NOM1 (interacts with) RPL3","0","Q5C9Z4","","P39023",""
"6.242857142857144","","interacts with","0","0.476387403","","ZKSCAN4 (interacts with) RPL3",,"0","0","0","1","0.551219512","0.401555294",,"false","interacts with","ZKSCAN4 (interacts with) RPL3","0","Q969J2","","P39023",""
"6.966666666666667","","interacts with","0","0.461777238","","OFD1 (interacts with) RPL3",,"0","0","0","1","0.52195122","0.401603257",,"false","interacts with","OFD1 (interacts with) RPL3","0","O75665","","P39023",""
"7.788888888888889","","interacts with","0","0.476387242","","ZNF350 (interacts with) ALDH18A1",,"0","0","0","1","0.551219512","0.401554972",,"false","interacts with","ZNF350 (interacts with) ALDH18A1","0","Q9GZX5","","P54886",""
"9.377777777777776","","interacts with","0","0.476387335","","TRAPPC14 (interacts with) RAMAC",,"0","0","0","1","0.551219512","0.401555157",,"false","interacts with","TRAPPC14 (interacts with) RAMAC","0","Q8WVR3","","Q9BTL3",""
"12.444444444444445","","interacts with","0","0.464216184","","RAMAC (interacts with) EFCAB13",,"0","0","0","1","0.526829268","0.401603101",,"false","interacts with","RAMAC (interacts with) EFCAB13","0","Q9BTL3","","Q8IY85",""
"9.68023088023088","","interacts with","0","0.464216107","","RAMAC (interacts with) REST",,"0","0","0","1","0.526829268","0.401602945",,"false","interacts with","RAMAC (interacts with) REST","0","Q9BTL3","","Q13127",""
"7.991341991341992","","interacts with","0","0.464255298","","REST (interacts with) TIMP4",,"0","0","0","1","0.526829268","0.401681327",,"false","interacts with","REST (interacts with) TIMP4","0","Q13127","","Q99727",""
"9.481818181818184","","interacts with","0","0.461753177","","MS4A14 (interacts with) RAMAC",,"0","0","0","1","0.52195122","0.401555134",,"false","interacts with","MS4A14 (interacts with) RAMAC","0","Q96JA4","","Q9BTL3",""
"8.437251637251636","","interacts with","0","0.476387152","","RAMAC (interacts with) CCDC150",,"0","0","0","1","0.551219512","0.401554792",,"false","interacts with","RAMAC (interacts with) CCDC150","0","Q9BTL3","","Q8NCX0",""
"6.627849927849928","","interacts with","0","0.476387265","","RAMAC (interacts with) ZKSCAN4",,"0","0","0","1","0.551219512","0.401555019",,"false","interacts with","RAMAC (interacts with) ZKSCAN4","0","Q9BTL3","","Q969J2",""
"10.215151515151515","","interacts with","0","0.464216184","","RAMAC (interacts with) OFD1",,"0","0","0","1","0.526829268","0.4016031",,"false","interacts with","RAMAC (interacts with) OFD1","0","Q9BTL3","","O75665",""
"7.688888888888888","","interacts with","0","0.476387246","","ZNF350 (interacts with) FOXP1",,"0","0","0","1","0.551219512","0.401554979",,"false","interacts with","ZNF350 (interacts with) FOXP1","0","Q9GZX5","","Q9H334",""
"10.085714285714287","","interacts with","0","0.476387141","","TIMP4 (interacts with) FOXP1",,"0","0","0","1","0.551219512","0.401554769",,"false","interacts with","TIMP4 (interacts with) FOXP1","0","Q99727","","Q9H334",""
"5.9714285714285715","","interacts with","0","0.464192199","","TIMP4 (interacts with) ZNF350",,"0","0","0","1","0.526829268","0.401555131",,"false","interacts with","TIMP4 (interacts with) ZNF350","0","Q99727","","Q9GZX5",""
"6.030830280830281","","interacts with","0","0.476387151","","ZNF350 (interacts with) CCDC150",,"0","0","0","1","0.551219512","0.401554789",,"false","interacts with","ZNF350 (interacts with) CCDC150","0","Q9GZX5","","Q8NCX0",""
"7.9818181818181815","","interacts with","0","0.476387027","","MS4A14 (interacts with) TIMP4",,"0","0","0","1","0.551219512","0.401554542",,"false","interacts with","MS4A14 (interacts with) TIMP4","0","Q96JA4","","Q99727",""
"6.3261405261405255","","interacts with","0","0.476387073","","TIMP4 (interacts with) CCDC150",,"0","0","0","1","0.551219512","0.401554634",,"false","interacts with","TIMP4 (interacts with) CCDC150","0","Q99727","","Q8NCX0",""
"6.324675324675326","","interacts with","0","0.476387182","","ZKSCAN4 (interacts with) TIMP4",,"0","0","0","1","0.551219512","0.401554852",,"false","interacts with","ZKSCAN4 (interacts with) TIMP4","0","Q969J2","","Q99727",""
"9.215151515151513","","interacts with","0","0.464216091","","TIMP4 (interacts with) OFD1",,"0","0","0","1","0.526829268","0.401602913",,"false","interacts with","TIMP4 (interacts with) OFD1","0","Q99727","","O75665",""
"8.370512820512822","","interacts with","0","0.476387105","","HNF1B (interacts with) CCDC150",,"0","0","0","1","0.551219512","0.401554698",,"false","interacts with","HNF1B (interacts with) CCDC150","0","P35680","","Q8NCX0",""
"8.120512820512818","","interacts with","0","0.476387284","","MS4A14 (interacts with) CCDC150",,"0","0","0","1","0.551219512","0.401555057",,"false","interacts with","MS4A14 (interacts with) CCDC150","0","Q96JA4","","Q8NCX0",""
"4.977655677655679","","interacts with","0","0.476387091","","ZKSCAN4 (interacts with) CCDC150",,"0","0","0","1","0.551219512","0.40155467",,"false","interacts with","ZKSCAN4 (interacts with) CCDC150","0","Q969J2","","Q8NCX0",""
"23.68571428571428","","interacts with","0","0.476426318","","FGF10 (interacts with) TP53",,"0","1","1","1","0.551219512","0.401633124",,"false","interacts with","FGF10 (interacts with) TP53","0","O15520","","P04637",""
"8.51851285968933","","interacts with","0","0.476387163","","FGF10 (interacts with) RNF168",,"0","0","0","1","0.551219512","0.401554813",,"false","interacts with","FGF10 (interacts with) RNF168","0","O15520","","Q8IYW5",""
"14.103246753246752","","interacts with","0","0.476426341","","FGF10 (interacts with) ATXN7L1",,"0","0","0","1","0.551219512","0.401633169",,"false","interacts with","FGF10 (interacts with) ATXN7L1","0","O15520","","Q9ULK2",""
"7.485714285714285","","interacts with","0","0.476426364","","FGF10 (interacts with) TCP11L2",,"0","0","0","1","0.551219512","0.401633215",,"false","interacts with","FGF10 (interacts with) TCP11L2","0","O15520","","Q8N4U5",""
"7.7746031746031745","","interacts with","0","0.476426254","","FGF10 (interacts with) RAB11FIP2",,"0","0","0","1","0.551219512","0.401632996",,"false","interacts with","FGF10 (interacts with) RAB11FIP2","0","O15520","","Q7L804",""
"9.103361344537815","","interacts with","0","0.476387223","","FGF10 (interacts with) DNAAF1",,"0","0","0","1","0.551219512","0.401554934",,"false","interacts with","FGF10 (interacts with) DNAAF1","0","O15520","","Q8NEP3",""
"8.098484848484848","","interacts with","0","0.476426359","","FGF10 (interacts with) GTF2F1",,"0","0","0","1","0.551219512","0.401633205",,"false","interacts with","FGF10 (interacts with) GTF2F1","0","O15520","","P35269",""
"11.496477378830319","","interacts with","0","0.464192106","","FGF10 (interacts with) ZNF526",,"0","0","0","1","0.526829268","0.401554943",,"false","interacts with","FGF10 (interacts with) ZNF526","0","O15520","","Q8TF50",""
"7.633333333333333","","interacts with","0","0.464191988","","FGF10 (interacts with) TMEM200C",,"0","0","0","1","0.526829268","0.401554708",,"false","interacts with","FGF10 (interacts with) TMEM200C","0","O15520","","A6NKL6",""
"7.585714285714286","","interacts with","0","0.476426256","","FGF10 (interacts with) RTF1",,"0","0","0","1","0.551219512","0.401632999",,"false","interacts with","FGF10 (interacts with) RTF1","0","O15520","","Q92541",""
"0.0","","interacts with","0","0.645816934","","TP53 (interacts with) TP53",,"1","1","1","1","0.87804878","0.413585087",,"false","interacts with","TP53 (interacts with) TP53","0","P04637","","P04637",""
"27.016666666666662","","interacts with","0","0.47642626","","C3orf84 (interacts with) TP53",,"0","1","1","1","0.551219512","0.401633008",,"false","interacts with","C3orf84 (interacts with) TP53","0","H3BNL1","","P04637",""
"52.0","","interacts with","0","0.476426317","","TP53 (interacts with) TBC1D28",,"1","0","1","1","0.551219512","0.401633121",,"false","interacts with","TP53 (interacts with) TBC1D28","0","P04637","","Q2M2D7",""
"40.63333333333333","","interacts with","0","0.476426328","","TP53 (interacts with) MOB2",,"1","0","1","1","0.551219512","0.401633143",,"false","interacts with","TP53 (interacts with) MOB2","0","P04637","","Q70IA6",""
"55.666666666666664","","interacts with","0","0.476426297","","NXPH3 (interacts with) TP53",,"0","1","1","1","0.551219512","0.401633082",,"false","interacts with","NXPH3 (interacts with) TP53","0","O95157","","P04637",""
"45.00000000000001","","interacts with","0","0.47642631","","TP53 (interacts with) CAPZB",,"1","0","1","1","0.551219512","0.401633108","0.049469965","false","interacts with","TP53 (interacts with) CAPZB","1","P04637","","P47756",""
"22.290314913844327","","interacts with","0","0.464231231","","TP53 (interacts with) RNF168",,"1","0","1","1","0.526829268","0.401633193","0.342756184","false","interacts with","TP53 (interacts with) RNF168","1","P04637","","Q8IYW5",""
"31.269493251846182","","interacts with","0","0.476426227","","TP53 (interacts with) MRE11",,"1","0","1","1","0.551219512","0.401632942",,"false","interacts with","TP53 (interacts with) MRE11","0","P04637","","P49959",""
"49.66666666666667","","interacts with","0","0.476426343","","TP53 (interacts with) B9D1",,"1","0","1","1","0.551219512","0.401633174",,"false","interacts with","TP53 (interacts with) B9D1","0","P04637","","Q9UPM9",""
"43.25","","interacts with","0","0.476426271","","TP53 (interacts with) KIF22",,"1","0","1","1","0.551219512","0.401633029",,"false","interacts with","TP53 (interacts with) KIF22","0","P04637","","Q14807",""
"55.2","","interacts with","0","0.461792175","","TP53 (interacts with) HSP90AA2P",,"1","0","1","1","0.52195122","0.401633131",,"false","interacts with","TP53 (interacts with) HSP90AA2P","0","P04637","","Q14568",""
"27.069047619047616","","interacts with","0","0.476426253","","TP53 (interacts with) PLA2G2D",,"1","0","1","1","0.551219512","0.401632994",,"false","interacts with","TP53 (interacts with) PLA2G2D","0","P04637","","Q9UNK4",""
"11.436580086580086","","interacts with","0","0.476426231","","TP53 (interacts with) ATXN7L1",,"1","0","1","1","0.551219512","0.401632949",,"false","interacts with","TP53 (interacts with) ATXN7L1","0","P04637","","Q9ULK2",""
"46.523809523809526","","interacts with","0","0.476426453","","TP53 (interacts with) TCP11L2",,"1","0","1","1","0.551219512","0.401633394",,"false","interacts with","TP53 (interacts with) TCP11L2","0","P04637","","Q8N4U5",""
"42.733333333333334","","interacts with","0","0.4642312","","TP53 (interacts with) RAB11FIP2",,"1","0","1","1","0.526829268","0.401633131",,"false","interacts with","TP53 (interacts with) RAB11FIP2","0","P04637","","Q7L804",""
"31.066666666666666","","interacts with","0","0.476426376","","TP53 (interacts with) HLA-DRB3",,"1","0","1","1","0.551219512","0.40163324",,"false","interacts with","TP53 (interacts with) HLA-DRB3","0","P04637","","P79483",""
"22.875163398692813","","interacts with","0","0.476426304","","TP53 (interacts with) DNAAF1",,"1","0","1","1","0.551219512","0.401633096",,"false","interacts with","TP53 (interacts with) DNAAF1","0","P04637","","Q8NEP3",""
"26.069047619047616","","interacts with","0","0.476426272","","TP53 (interacts with) SCN3B",,"1","0","1","1","0.551219512","0.401633031",,"false","interacts with","TP53 (interacts with) SCN3B","0","P04637","","Q9NY72",""
"27.000000000000004","","interacts with","0","0.469109652","","TP53 (interacts with) OR56A4",,"1","0","1","1","0.536585366","0.401633939",,"false","interacts with","TP53 (interacts with) OR56A4","0","P04637","","Q8NGH8",""
"31.96212121212121","","interacts with","0","0.464231302","","TP53 (interacts with) GTF2F1",,"1","0","1","1","0.526829268","0.401633335",,"false","interacts with","TP53 (interacts with) GTF2F1","0","P04637","","P35269",""
"52.0","","interacts with","0","0.464231251","","NKX6-3 (interacts with) TP53",,"0","1","1","1","0.526829268","0.401633234",,"false","interacts with","NKX6-3 (interacts with) TP53","0","A6NJ46","","P04637",""
"36.53333333333333","","interacts with","0","0.476426251","","TP53 (interacts with) FRZB",,"1","0","1","1","0.551219512","0.401632989",,"false","interacts with","TP53 (interacts with) FRZB","0","P04637","","Q92765",""
"53.891715474068434","","interacts with","0","0.476426288","","TP53 (interacts with) EFNA1",,"1","0","1","1","0.551219512","0.401633064",,"false","interacts with","TP53 (interacts with) EFNA1","0","P04637","","P20827",""
"14.619047619047617","","interacts with","0","0.476426272","","TP53 (interacts with) LYG1",,"1","0","1","1","0.551219512","0.401633032",,"false","interacts with","TP53 (interacts with) LYG1","0","P04637","","Q8N1E2",""
"20.471428571428568","","interacts with","0","0.476426249","","TRGV1 (interacts with) TP53",,"0","1","1","1","0.551219512","0.401632986",,"false","interacts with","TRGV1 (interacts with) TP53","0","A0A0A0MS02","","P04637",""
"32.89999999999999","","interacts with","0","0.476426308","","TP53 (interacts with) PIGP",,"1","0","1","1","0.551219512","0.401633104",,"false","interacts with","TP53 (interacts with) PIGP","0","P04637","","P57054",""
"25.302380952380954","","interacts with","0","0.47642623","","SOCS2 (interacts with) TP53",,"0","1","1","1","0.551219512","0.401632949",,"false","interacts with","SOCS2 (interacts with) TP53","0","O14508","","P04637",""
"29.15238095238095","","interacts with","0","0.464231204","","TP53 (interacts with) SHISA2",,"1","0","1","1","0.526829268","0.401633141",,"false","interacts with","TP53 (interacts with) SHISA2","0","P04637","","Q6UWI4",""
"33.744096426449374","","interacts with","0","0.476426252","","TP53 (interacts with) ZNF526",,"1","0","1","1","0.551219512","0.401632991",,"false","interacts with","TP53 (interacts with) ZNF526","0","P04637","","Q8TF50",""
"35.43571428571429","","interacts with","0","0.464231146","","TP53 (interacts with) PKLR",,"1","0","1","1","0.526829268","0.401633025",,"false","interacts with","TP53 (interacts with) PKLR","0","P04637","","P30613",""
"37.333333333333336","","interacts with","0","0.47642631","","TP53 (interacts with) AKAP14",,"1","0","1","1","0.551219512","0.401633108",,"false","interacts with","TP53 (interacts with) AKAP14","0","P04637","","Q86UN6",""
"32.99999999999999","","interacts with","0","0.476426278","","TP53 (interacts with) PSMF1",,"1","0","1","1","0.551219512","0.401633043",,"false","interacts with","TP53 (interacts with) PSMF1","0","P04637","","Q92530",""
"33.33333333333333","","interacts with","0","0.464231156","","TMEM200C (interacts with) TP53",,"0","1","1","1","0.526829268","0.401633043",,"false","interacts with","TMEM200C (interacts with) TP53","0","A6NKL6","","P04637",""
"40.833333333333336","","interacts with","0","0.476426145","","TP53 (interacts with) RTF1",,"1","0","1","1","0.551219512","0.401632779",,"false","interacts with","TP53 (interacts with) RTF1","0","P04637","","Q92541",""
"6.671687462863934","","interacts with","0","0.464192135","","C3orf84 (interacts with) RNF168",,"0","0","0","1","0.526829268","0.401555001",,"false","interacts with","C3orf84 (interacts with) RNF168","0","H3BNL1","","Q8IYW5",""
"8.594890077243019","","interacts with","0","0.476387159","","C3orf84 (interacts with) MRE11",,"0","0","0","1","0.551219512","0.401554806",,"false","interacts with","C3orf84 (interacts with) MRE11","0","H3BNL1","","P49959",""
"11.56753246753247","","interacts with","0","0.476387071","","ATXN7L1 (interacts with) C3orf84",,"0","0","0","1","0.551219512","0.40155463",,"false","interacts with","ATXN7L1 (interacts with) C3orf84","0","Q9ULK2","","H3BNL1",""
"5.523202614379085","","interacts with","0","0.476387134","","C3orf84 (interacts with) DNAAF1",,"0","0","0","1","0.551219512","0.401554755",,"false","interacts with","C3orf84 (interacts with) DNAAF1","0","H3BNL1","","Q8NEP3",""
"6.9818181818181815","","interacts with","0","0.476387364","","GTF2F1 (interacts with) C3orf84",,"0","0","0","1","0.551219512","0.401555215",,"false","interacts with","GTF2F1 (interacts with) C3orf84","0","P35269","","H3BNL1",""
"8.416666666666666","","interacts with","0","0.476387456","","TRGV1 (interacts with) C3orf84",,"0","0","0","1","0.551219512","0.4015554",,"false","interacts with","TRGV1 (interacts with) C3orf84","0","A0A0A0MS02","","H3BNL1",""
"7.085714285714285","","interacts with","0","0.476387041","","PKLR (interacts with) C3orf84",,"0","0","0","1","0.551219512","0.40155457",,"false","interacts with","PKLR (interacts with) C3orf84","0","P30613","","H3BNL1",""
"18.0","","interacts with","0","0.476387068","","ATXN7L1 (interacts with) TBC1D28",,"0","0","0","1","0.551219512","0.401554623",,"false","interacts with","ATXN7L1 (interacts with) TBC1D28","0","Q9ULK2","","Q2M2D7",""
"8.148484848484848","","interacts with","0","0.476387198","","MOB2 (interacts with) RNF168",,"0","0","0","1","0.551219512","0.401554883",,"false","interacts with","MOB2 (interacts with) RNF168","0","Q70IA6","","Q8IYW5",""
"13.648484848484848","","interacts with","0","0.476387132","","ATXN7L1 (interacts with) MOB2",,"0","0","0","1","0.551219512","0.401554751",,"false","interacts with","ATXN7L1 (interacts with) MOB2","0","Q9ULK2","","Q70IA6",""
"6.3","","interacts with","0","0.464193338","","MOB2 (interacts with) OR56A4",,"0","0","0","1","0.526829268","0.401557407",,"false","interacts with","MOB2 (interacts with) OR56A4","0","Q70IA6","","Q8NGH8",""
"4.966666666666667","","interacts with","0","0.464192094","","MOB2 (interacts with) TMEM200C",,"0","0","0","1","0.526829268","0.401554919",,"false","interacts with","MOB2 (interacts with) TMEM200C","0","Q70IA6","","A6NKL6",""
"31.19665138782785","","interacts with","0","0.56149246","","KAT5 (interacts with) MRE11",,"0","0","0","1","0.72195122","0.4010337",,"false","interacts with","KAT5 (interacts with) MRE11","0","Q92993","","P49959",""
"13.94367625838214","","interacts with","0","0.564068201","","KAT5 (interacts with) EFNA1",,"0","0","0","1","0.726829268","0.401307134",,"false","interacts with","KAT5 (interacts with) EFNA1","0","Q92993","","P20827",""
"28.19300568712333","","interacts with","0","0.561662408","","KAT5 (interacts with) ZNF526",,"0","0","0","1","0.72195122","0.401373596",,"false","interacts with","KAT5 (interacts with) ZNF526","0","Q92993","","Q8TF50",""
"10.200000000000001","","interacts with","0","0.464192113","","NXPH3 (interacts with) ZNF526",,"0","0","0","1","0.526829268","0.401554959",,"false","interacts with","NXPH3 (interacts with) ZNF526","0","O95157","","Q8TF50",""
"5.199999999999999","","interacts with","0","0.476426299","","NXPH3 (interacts with) RTF1",,"0","0","0","1","0.551219512","0.401633086",,"false","interacts with","NXPH3 (interacts with) RTF1","0","O95157","","Q92541",""
"5.622222222222222","","interacts with","0","0.476387171","","CAPZB (interacts with) RAB11FIP2",,"0","0","0","1","0.551219512","0.401554829",,"false","interacts with","CAPZB (interacts with) RAB11FIP2","0","P47756","","Q7L804",""
"13.0","","interacts with","0","0.476387256","","CAPZB (interacts with) TRGV1",,"0","0","0","1","0.551219512","0.401554999",,"false","interacts with","CAPZB (interacts with) TRGV1","0","P47756","","A0A0A0MS02",""
"9.622222222222222","","interacts with","0","0.476387132","","CAPZB (interacts with) ZNF526",,"0","0","0","1","0.551219512","0.401554752",,"false","interacts with","CAPZB (interacts with) ZNF526","0","P47756","","Q8TF50",""
"7.290735081911554","","interacts with","0","0.476387103","","PLA2G2D (interacts with) RNF168",,"0","0","0","1","0.551219512","0.401554694",,"false","interacts with","PLA2G2D (interacts with) RNF168","0","Q9UNK4","","Q8IYW5",""
"6.290735081911552","","interacts with","0","0.476387272","","SCN3B (interacts with) RNF168",,"0","0","0","1","0.551219512","0.401555033",,"false","interacts with","SCN3B (interacts with) RNF168","0","Q9NY72","","Q8IYW5",""
"10.791715474068416","","interacts with","0","0.476387296","","LYG1 (interacts with) RNF168",,"0","0","0","1","0.551219512","0.40155508",,"false","interacts with","LYG1 (interacts with) RNF168","0","Q8N1E2","","Q8IYW5",""
"10.095076818606229","","interacts with","0","0.476387194","","TRGV1 (interacts with) RNF168",,"0","0","0","1","0.551219512","0.401554875",,"false","interacts with","TRGV1 (interacts with) RNF168","0","A0A0A0MS02","","Q8IYW5",""
"8.241715474068416","","interacts with","0","0.464192207","","SOCS2 (interacts with) RNF168",,"0","0","0","1","0.526829268","0.401555145",,"false","interacts with","SOCS2 (interacts with) RNF168","0","O14508","","Q8IYW5",""
"7.207401748578219","","interacts with","0","0.46419203","","SHISA2 (interacts with) RNF168",,"0","0","0","1","0.526829268","0.401554792",,"false","interacts with","SHISA2 (interacts with) RNF168","0","Q6UWI4","","Q8IYW5",""
"6.839334521687464","","interacts with","0","0.464192163","","PSMF1 (interacts with) RNF168",,"0","0","0","1","0.526829268","0.401555057",,"false","interacts with","PSMF1 (interacts with) RNF168","0","Q92530","","Q8IYW5",""
"8.530604362957305","","interacts with","0","0.47642616","","PLA2G2D (interacts with) MRE11",,"0","0","0","1","0.551219512","0.401632808",,"false","interacts with","PLA2G2D (interacts with) MRE11","0","Q9UNK4","","P49959",""
"9.615151515151515","","interacts with","0","0.4641922","","MRE11 (interacts with) HLA-DRB3",,"0","0","0","1","0.526829268","0.401555131",,"false","interacts with","MRE11 (interacts with) HLA-DRB3","0","P49959","","P79483",""
"8.14727102962397","","interacts with","0","0.476426311","","SCN3B (interacts with) MRE11",,"0","0","0","1","0.551219512","0.40163311",,"false","interacts with","SCN3B (interacts with) MRE11","0","Q9NY72","","P49959",""
"14.72187420422714","","interacts with","0","0.464192093","","LYG1 (interacts with) MRE11",,"0","0","0","1","0.526829268","0.401554918",,"false","interacts with","LYG1 (interacts with) MRE11","0","Q8N1E2","","P49959",""
"11.31783380018674","","interacts with","0","0.476387189","","TRGV1 (interacts with) MRE11",,"0","0","0","1","0.551219512","0.401554866",,"false","interacts with","TRGV1 (interacts with) MRE11","0","A0A0A0MS02","","P49959",""
"9.768627450980393","","interacts with","0","0.476387211","","SOCS2 (interacts with) MRE11",,"0","0","0","1","0.551219512","0.401554909",,"false","interacts with","SOCS2 (interacts with) MRE11","0","O14508","","P49959",""
"8.865452847805788","","interacts with","0","0.476387073","","SHISA2 (interacts with) MRE11",,"0","0","0","1","0.551219512","0.401554634",,"false","interacts with","SHISA2 (interacts with) MRE11","0","Q6UWI4","","P49959",""
"7.579738562091504","","interacts with","0","0.476387163","","PSMF1 (interacts with) MRE11",,"0","0","0","1","0.551219512","0.401554814",,"false","interacts with","PSMF1 (interacts with) MRE11","0","Q92530","","P49959",""
"12.999999999999998","","interacts with","0","0.464192814","","TRGV1 (interacts with) B9D1",,"0","0","0","1","0.526829268","0.40155636",,"false","interacts with","TRGV1 (interacts with) B9D1","0","A0A0A0MS02","","Q9UPM9",""
"8.0","","interacts with","0","0.464231203","","B9D1 (interacts with) PKLR",,"0","0","0","1","0.526829268","0.401633138",,"false","interacts with","B9D1 (interacts with) PKLR","0","Q9UPM9","","P30613",""
"7.083333333333333","","interacts with","0","0.464231159","","KIF22 (interacts with) HLA-DRB3",,"0","0","0","1","0.526829268","0.401633051",,"false","interacts with","KIF22 (interacts with) HLA-DRB3","0","Q14807","","P79483",""
"5.999999999999999","","interacts with","0","0.47642631","","KIF22 (interacts with) FRZB",,"0","0","0","1","0.551219512","0.401633107",,"false","interacts with","KIF22 (interacts with) FRZB","0","Q14807","","Q92765",""
"7.816666666666666","","interacts with","0","0.469070073","","PIGP (interacts with) KIF22",,"0","0","0","1","0.536585366","0.401554779",,"false","interacts with","PIGP (interacts with) KIF22","0","P57054","","Q14807",""
"8.9","","interacts with","0","0.464192073","","SOCS2 (interacts with) KIF22",,"0","0","0","1","0.526829268","0.401554879",,"false","interacts with","SOCS2 (interacts with) KIF22","0","O14508","","Q14807",""
"7.75","","interacts with","0","0.469109396","","KIF22 (interacts with) SHISA2",,"0","0","0","1","0.536585366","0.401633426",,"false","interacts with","KIF22 (interacts with) SHISA2","0","Q14807","","Q6UWI4",""
"14.8","","interacts with","0","0.461753068","","LYG1 (interacts with) HSP90AA2P",,"0","0","0","1","0.52195122","0.401554917",,"false","interacts with","LYG1 (interacts with) HSP90AA2P","0","Q8N1E2","","Q14568",""
"10.334199134199133","","interacts with","0","0.476387055","","ATXN7L1 (interacts with) PLA2G2D",,"0","0","0","1","0.551219512","0.401554597",,"false","interacts with","ATXN7L1 (interacts with) PLA2G2D","0","Q9ULK2","","Q9UNK4",""
"6.833333333333333","","interacts with","0","0.461753165","","PLA2G2D (interacts with) HLA-DRB3",,"0","0","0","1","0.52195122","0.40155511",,"false","interacts with","PLA2G2D (interacts with) HLA-DRB3","0","Q9UNK4","","P79483",""
"6.9755835667600365","","interacts with","0","0.476387056","","PLA2G2D (interacts with) DNAAF1",,"0","0","0","1","0.551219512","0.4015546",,"false","interacts with","PLA2G2D (interacts with) DNAAF1","0","Q9UNK4","","Q8NEP3",""
"4.404761904761904","","interacts with","0","0.464192187","","PLA2G2D (interacts with) SCN3B",,"0","0","0","1","0.526829268","0.401555106",,"false","interacts with","PLA2G2D (interacts with) SCN3B","0","Q9UNK4","","Q9NY72",""
"8.316666666666666","","interacts with","0","0.464192533","","PLA2G2D (interacts with) OR56A4",,"0","0","0","1","0.526829268","0.401555798",,"false","interacts with","PLA2G2D (interacts with) OR56A4","0","Q9UNK4","","Q8NGH8",""
"7.181818181818182","","interacts with","0","0.476387153","","PLA2G2D (interacts with) GTF2F1",,"0","0","0","1","0.551219512","0.401554793",,"false","interacts with","PLA2G2D (interacts with) GTF2F1","0","Q9UNK4","","P35269",""
"6.1190476190476195","","interacts with","0","0.461753176","","PLA2G2D (interacts with) SHISA2",,"0","0","0","1","0.52195122","0.401555132",,"false","interacts with","PLA2G2D (interacts with) SHISA2","0","Q9UNK4","","Q6UWI4",""
"8.70238095238095","","interacts with","0","0.46419197","","PLA2G2D (interacts with) TMEM200C",,"0","0","0","1","0.526829268","0.401554672",,"false","interacts with","PLA2G2D (interacts with) TMEM200C","0","Q9UNK4","","A6NKL6",""
"12.56904761904762","","interacts with","0","0.476387106","","ATXN7L1 (interacts with) HLA-DRB3",,"0","0","0","1","0.551219512","0.4015547",,"false","interacts with","ATXN7L1 (interacts with) HLA-DRB3","0","Q9ULK2","","P79483",""
"10.953246753246754","","interacts with","0","0.476387133","","ATXN7L1 (interacts with) SCN3B",,"0","0","0","1","0.551219512","0.401554754",,"false","interacts with","ATXN7L1 (interacts with) SCN3B","0","Q9ULK2","","Q9NY72",""
"13.219047619047618","","interacts with","0","0.476387285","","ATXN7L1 (interacts with) OR56A4",,"0","0","0","1","0.551219512","0.401555058",,"false","interacts with","ATXN7L1 (interacts with) OR56A4","0","Q9ULK2","","Q8NGH8",""
"18.0","","interacts with","0","0.476387091","","ATXN7L1 (interacts with) NKX6-3",,"0","0","0","1","0.551219512","0.401554671",,"false","interacts with","ATXN7L1 (interacts with) NKX6-3","0","Q9ULK2","","A6NJ46",""
"15.666666666666666","","interacts with","0","0.476387104","","ATXN7L1 (interacts with) FRZB",,"0","0","0","1","0.551219512","0.401554696",,"false","interacts with","ATXN7L1 (interacts with) FRZB","0","Q9ULK2","","Q92765",""
"12.669913419913419","","interacts with","0","0.47638714","","LYG1 (interacts with) ATXN7L1",,"0","0","0","1","0.551219512","0.401554769",,"false","interacts with","LYG1 (interacts with) ATXN7L1","0","Q8N1E2","","Q9ULK2",""
"13.638961038961039","","interacts with","0","0.476387149","","ATXN7L1 (interacts with) TRGV1",,"0","0","0","1","0.551219512","0.401554786",,"false","interacts with","ATXN7L1 (interacts with) TRGV1","0","Q9ULK2","","A0A0A0MS02",""
"15.102380952380953","","interacts with","0","0.476387186","","PIGP (interacts with) ATXN7L1",,"0","0","0","1","0.551219512","0.401554859",,"false","interacts with","PIGP (interacts with) ATXN7L1","0","P57054","","Q9ULK2",""
"13.26991341991342","","interacts with","0","0.476387189","","SOCS2 (interacts with) ATXN7L1",,"0","0","0","1","0.551219512","0.401554866",,"false","interacts with","SOCS2 (interacts with) ATXN7L1","0","O14508","","Q9ULK2",""
"11.453246753246754","","interacts with","0","0.476387079","","ATXN7L1 (interacts with) SHISA2",,"0","0","0","1","0.551219512","0.401554647",,"false","interacts with","ATXN7L1 (interacts with) SHISA2","0","Q9ULK2","","Q6UWI4",""
"15.285714285714286","","interacts with","0","0.476387176","","ATXN7L1 (interacts with) AKAP14",,"0","0","0","1","0.551219512","0.40155484",,"false","interacts with","ATXN7L1 (interacts with) AKAP14","0","Q9ULK2","","Q86UN6",""
"13.067532467532466","","interacts with","0","0.47638713","","ATXN7L1 (interacts with) PSMF1",,"0","0","0","1","0.551219512","0.401554747",,"false","interacts with","ATXN7L1 (interacts with) PSMF1","0","Q9ULK2","","Q92530",""
"11.77142857142857","","interacts with","0","0.47638721","","LYG1 (interacts with) TCP11L2",,"0","0","0","1","0.551219512","0.401554907",,"false","interacts with","LYG1 (interacts with) TCP11L2","0","Q8N1E2","","Q8N4U5",""
"5.9523809523809526","","interacts with","0","0.476387172","","PIGP (interacts with) TCP11L2",,"0","0","0","1","0.551219512","0.401554832",,"false","interacts with","PIGP (interacts with) TCP11L2","0","P57054","","Q8N4U5",""
"11.627777777777778","","interacts with","0","0.476387213","","LYG1 (interacts with) RAB11FIP2",,"0","0","0","1","0.551219512","0.401554913",,"false","interacts with","LYG1 (interacts with) RAB11FIP2","0","Q8N1E2","","Q7L804",""
"7.713492063492064","","interacts with","0","0.464192198","","SOCS2 (interacts with) RAB11FIP2",,"0","0","0","1","0.526829268","0.401555127",,"false","interacts with","SOCS2 (interacts with) RAB11FIP2","0","O14508","","Q7L804",""
"6.331818181818182","","interacts with","0","0.464192447","","GTF2F1 (interacts with) HLA-DRB3",,"0","0","0","1","0.526829268","0.401555625",,"false","interacts with","GTF2F1 (interacts with) HLA-DRB3","0","P35269","","P79483",""
"8.335714285714285","","interacts with","0","0.464191977","","PKLR (interacts with) HLA-DRB3",,"0","0","0","1","0.526829268","0.401554686",,"false","interacts with","PKLR (interacts with) HLA-DRB3","0","P30613","","P79483",""
"5.142250233426704","","interacts with","0","0.4763872","","SCN3B (interacts with) DNAAF1",,"0","0","0","1","0.551219512","0.401554889",,"false","interacts with","SCN3B (interacts with) DNAAF1","0","Q9NY72","","Q8NEP3",""
"11.143230625583566","","interacts with","0","0.476387138","","LYG1 (interacts with) DNAAF1",,"0","0","0","1","0.551219512","0.401554764",,"false","interacts with","LYG1 (interacts with) DNAAF1","0","Q8N1E2","","Q8NEP3",""
"9.346591970121382","","interacts with","0","0.47638716","","TRGV1 (interacts with) DNAAF1",,"0","0","0","1","0.551219512","0.401554808",,"false","interacts with","TRGV1 (interacts with) DNAAF1","0","A0A0A0MS02","","Q8NEP3",""
"8.593230625583567","","interacts with","0","0.476387178","","SOCS2 (interacts with) DNAAF1",,"0","0","0","1","0.551219512","0.401554843",,"false","interacts with","SOCS2 (interacts with) DNAAF1","0","O14508","","Q8NEP3",""
"6.0589169000933705","","interacts with","0","0.476387116","","SHISA2 (interacts with) DNAAF1",,"0","0","0","1","0.551219512","0.401554719",,"false","interacts with","SHISA2 (interacts with) DNAAF1","0","Q6UWI4","","Q8NEP3",""
"8.833333333333332","","interacts with","0","0.464192067","","PKLR (interacts with) DNAAF1",,"0","0","0","1","0.526829268","0.401554866",,"false","interacts with","PKLR (interacts with) DNAAF1","0","P30613","","Q8NEP3",""
"7.1908496732026155","","interacts with","0","0.476387145","","PSMF1 (interacts with) DNAAF1",,"0","0","0","1","0.551219512","0.401554777",,"false","interacts with","PSMF1 (interacts with) DNAAF1","0","Q92530","","Q8NEP3",""
"6.581818181818182","","interacts with","0","0.469109487","","GTF2F1 (interacts with) SCN3B",,"0","0","0","1","0.536585366","0.401633608",,"false","interacts with","GTF2F1 (interacts with) SCN3B","0","P35269","","Q9NY72",""
"8.369047619047619","","interacts with","0","0.476387352","","TRGV1 (interacts with) SCN3B",,"0","0","0","1","0.551219512","0.401555192",,"false","interacts with","TRGV1 (interacts with) SCN3B","0","A0A0A0MS02","","Q9NY72",""
"7.1380952380952385","","interacts with","0","0.476387055","","PKLR (interacts with) SCN3B",,"0","0","0","1","0.551219512","0.401554598",,"false","interacts with","PKLR (interacts with) SCN3B","0","P30613","","Q9NY72",""
"10.183333333333334","","interacts with","0","0.469070822","","EFNA1 (interacts with) OR56A4",,"0","0","0","1","0.536585366","0.401556279",,"false","interacts with","EFNA1 (interacts with) OR56A4","0","P20827","","Q8NGH8",""
"12.816666666666666","","interacts with","0","0.469070614","","LYG1 (interacts with) OR56A4",,"0","0","0","1","0.536585366","0.401555861",,"false","interacts with","LYG1 (interacts with) OR56A4","0","Q8N1E2","","Q8NGH8",""
"9.869047619047619","","interacts with","0","0.476387431","","PKLR (interacts with) OR56A4",,"0","0","0","1","0.551219512","0.40155535",,"false","interacts with","PKLR (interacts with) OR56A4","0","P30613","","Q8NGH8",""
"10.896969696969695","","interacts with","0","0.476387338","","LYG1 (interacts with) GTF2F1",,"0","0","0","1","0.551219512","0.401555164",,"false","interacts with","LYG1 (interacts with) GTF2F1","0","Q8N1E2","","P35269",""
"7.765151515151516","","interacts with","0","0.469070342","","PIGP (interacts with) GTF2F1",,"0","0","0","1","0.536585366","0.401555318",,"false","interacts with","PIGP (interacts with) GTF2F1","0","P57054","","P35269",""
"14.466666666666667","","interacts with","0","0.476387074","","LYG1 (interacts with) FRZB",,"0","0","0","1","0.551219512","0.401554635",,"false","interacts with","LYG1 (interacts with) FRZB","0","Q8N1E2","","Q92765",""
"14.535294117647059","","interacts with","0","0.476387229","","TRGV1 (interacts with) EFNA1",,"0","0","0","1","0.551219512","0.401554946",,"false","interacts with","TRGV1 (interacts with) EFNA1","0","A0A0A0MS02","","P20827",""
"14.479810712163651","","interacts with","0","0.476387171","","LYG1 (interacts with) ZNF526",,"0","0","0","1","0.551219512","0.40155483",,"false","interacts with","LYG1 (interacts with) ZNF526","0","Q8N1E2","","Q8TF50",""
"10.602380952380951","","interacts with","0","0.46419215","","LYG1 (interacts with) TMEM200C",,"0","0","0","1","0.526829268","0.401555031",,"false","interacts with","LYG1 (interacts with) TMEM200C","0","Q8N1E2","","A6NKL6",""
"11.416666666666666","","interacts with","0","0.476387177","","LYG1 (interacts with) RTF1",,"0","0","0","1","0.551219512","0.401554841",,"false","interacts with","LYG1 (interacts with) RTF1","0","Q8N1E2","","Q92541",""
"13.273389355742296","","interacts with","0","0.476387191","","TRGV1 (interacts with) ZNF526",,"0","0","0","1","0.551219512","0.40155487",,"false","interacts with","TRGV1 (interacts with) ZNF526","0","A0A0A0MS02","","Q8TF50",""
"11.666666666666666","","interacts with","0","0.461753841","","TRGV1 (interacts with) AKAP14",,"0","0","0","1","0.52195122","0.401556462",,"false","interacts with","TRGV1 (interacts with) AKAP14","0","A0A0A0MS02","","Q86UN6",""
"11.738095238095237","","interacts with","0","0.464192113","","TRGV1 (interacts with) TMEM200C",,"0","0","0","1","0.526829268","0.401554958",,"false","interacts with","TRGV1 (interacts with) TMEM200C","0","A0A0A0MS02","","A6NKL6",""
"11.369913419913418","","interacts with","0","0.476387232","","PIGP (interacts with) ZNF526",,"0","0","0","1","0.551219512","0.401554951",,"false","interacts with","PIGP (interacts with) ZNF526","0","P57054","","Q8TF50",""
"6.333333333333334","","interacts with","0","0.476387251","","PIGP (interacts with) RTF1",,"0","0","0","1","0.551219512","0.401554991",,"false","interacts with","PIGP (interacts with) RTF1","0","P57054","","Q92541",""
"9.628944911297852","","interacts with","0","0.464192116","","SOCS2 (interacts with) ZNF526",,"0","0","0","1","0.526829268","0.401554963",,"false","interacts with","SOCS2 (interacts with) ZNF526","0","O14508","","Q8TF50",""
"7.56904761904762","","interacts with","0","0.476387258","","SOCS2 (interacts with) RTF1",,"0","0","0","1","0.551219512","0.401555004",,"false","interacts with","SOCS2 (interacts with) RTF1","0","O14508","","Q92541",""
"7.5547619047619055","","interacts with","0","0.476387094","","PKLR (interacts with) SHISA2",,"0","0","0","1","0.551219512","0.401554675",,"false","interacts with","PKLR (interacts with) SHISA2","0","P30613","","Q6UWI4",""
"8.68767507002801","","interacts with","0","0.464192065","","PSMF1 (interacts with) ZNF526",,"0","0","0","1","0.526829268","0.401554861",,"false","interacts with","PSMF1 (interacts with) ZNF526","0","Q92530","","Q8TF50",""
"6.952380952380952","","interacts with","0","0.476387086","","PKLR (interacts with) AKAP14",,"0","0","0","1","0.551219512","0.40155466",,"false","interacts with","PKLR (interacts with) AKAP14","0","P30613","","Q86UN6",""
"2.0","","interacts with","0","0.561561157","","HEBP1 (interacts with) AKR1B1",,"0","0","0","1","0.72195122","0.401171095",,"false","interacts with","HEBP1 (interacts with) AKR1B1","0","Q9NRV9","","P15121",""
"0.0","","interacts with","0","0.650217941","","SRC (interacts with) SRC",,"1","1","1","1","0.892682927","0.407752955",,"false","interacts with","SRC (interacts with) SRC","0","P12931","","P12931",""
"18.333333333333336","","interacts with","0","0.476426187","","SRC (interacts with) COL4A4",,"1","0","1","1","0.551219512","0.401632861",,"false","interacts with","SRC (interacts with) COL4A4","0","P12931","","P53420",""
"3.0","","interacts with","0","0.476426192","","SRC (interacts with) ZC3H13",,"1","0","1","1","0.551219512","0.401632873",,"false","interacts with","SRC (interacts with) ZC3H13","0","P12931","","Q5T200",""
"14.0","","interacts with","0","0.476426226","","SRC (interacts with) LRRC8E",,"1","0","1","1","0.551219512","0.401632941",,"false","interacts with","SRC (interacts with) LRRC8E","0","P12931","","Q6NSJ5",""
"11.333333333333334","","interacts with","0","0.4764263","","SRC (interacts with) RAD54B",,"1","0","1","1","0.551219512","0.401633087",,"false","interacts with","SRC (interacts with) RAD54B","0","P12931","","Q9Y620",""
"10.166666666666668","","interacts with","0","0.476426289","","SRC (interacts with) TTC39B",,"1","0","1","1","0.551219512","0.401633065",,"false","interacts with","SRC (interacts with) TTC39B","0","P12931","","Q5VTQ0",""
"14.0","","interacts with","0","0.476426194","","SRC (interacts with) DDIAS",,"1","0","1","1","0.551219512","0.401632876",,"false","interacts with","SRC (interacts with) DDIAS","0","P12931","","Q8IXT1",""
"14.0","","interacts with","0","0.476426291","","ACOX3 (interacts with) SRC",,"0","1","1","1","0.551219512","0.401633069",,"false","interacts with","ACOX3 (interacts with) SRC","0","O15254","","P12931",""
"10.0","","interacts with","0","0.464231348","","SRC (interacts with) N4BP2L2",,"1","0","1","1","0.526829268","0.401633427",,"false","interacts with","SRC (interacts with) N4BP2L2","0","P12931","","Q92802",""
"14.0","","interacts with","0","0.476426162","","SRC (interacts with) PPP1R13B",,"1","0","1","1","0.551219512","0.401632812",,"false","interacts with","SRC (interacts with) PPP1R13B","0","P12931","","Q96KQ4",""
"8.166666666666666","","interacts with","0","0.476426229","","SPEM3 (interacts with) SRC",,"0","1","1","1","0.551219512","0.401632945",,"false","interacts with","SPEM3 (interacts with) SRC","0","A0A1B0GUW6","","P12931",""
"22.0","","interacts with","0","0.476426224","","SRC (interacts with) TTC7A",,"1","0","1","1","0.551219512","0.401632935",,"false","interacts with","SRC (interacts with) TTC7A","0","P12931","","Q9ULT0",""
"10.666666666666666","","interacts with","0","0.476426197","","DLGAP1 (interacts with) SRC",,"0","1","1","1","0.551219512","0.401632881",,"false","interacts with","DLGAP1 (interacts with) SRC","0","O14490","","P12931",""
"14.333333333333334","","interacts with","0","0.461753027","","ZC3H13 (interacts with) COL4A4",,"0","0","0","1","0.52195122","0.401554835",,"false","interacts with","ZC3H13 (interacts with) COL4A4","0","Q5T200","","P53420",""
"26.0","","interacts with","0","0.612855727","","SAA1 (interacts with) COL4A4",,"0","0","0","1","0.824390244","0.40132121",,"false","interacts with","SAA1 (interacts with) COL4A4","0","P0DJI8","","P53420",""
"5.333333333333333","","interacts with","0","0.464192189","","COL4A4 (interacts with) RAD54B",,"0","0","0","1","0.526829268","0.401555109",,"false","interacts with","COL4A4 (interacts with) RAD54B","0","P53420","","Q9Y620",""
"6.166666666666666","","interacts with","0","0.464192172","","TTC39B (interacts with) COL4A4",,"0","0","0","1","0.526829268","0.401555075",,"false","interacts with","TTC39B (interacts with) COL4A4","0","Q5VTQ0","","P53420",""
"7.499999999999999","","interacts with","0","0.464192269","","SPEM3 (interacts with) COL4A4",,"0","0","0","1","0.526829268","0.40155527",,"false","interacts with","SPEM3 (interacts with) COL4A4","0","A0A1B0GUW6","","P53420",""
"12.0","","interacts with","0","0.476387197","","ZC3H13 (interacts with) LRRC8E",,"0","0","0","1","0.551219512","0.401554883",,"false","interacts with","ZC3H13 (interacts with) LRRC8E","0","Q5T200","","Q6NSJ5",""
"9.333333333333334","","interacts with","0","0.476387153","","ZC3H13 (interacts with) RAD54B",,"0","0","0","1","0.551219512","0.401554793",,"false","interacts with","ZC3H13 (interacts with) RAD54B","0","Q5T200","","Q9Y620",""
"8.166666666666666","","interacts with","0","0.476387153","","ZC3H13 (interacts with) TTC39B",,"0","0","0","1","0.551219512","0.401554793",,"false","interacts with","ZC3H13 (interacts with) TTC39B","0","Q5T200","","Q5VTQ0",""
"12.0","","interacts with","0","0.469070056","","ZC3H13 (interacts with) DDIAS",,"0","0","0","1","0.536585366","0.401554747",,"false","interacts with","ZC3H13 (interacts with) DDIAS","0","Q5T200","","Q8IXT1",""
"12.0","","interacts with","0","0.476387144","","ACOX3 (interacts with) ZC3H13",,"0","0","0","1","0.551219512","0.401554777",,"false","interacts with","ACOX3 (interacts with) ZC3H13","0","O15254","","Q5T200",""
"11.0","","interacts with","0","0.476387043","","N4BP2L2 (interacts with) ZC3H13",,"0","0","0","1","0.551219512","0.401554574",,"false","interacts with","N4BP2L2 (interacts with) ZC3H13","0","Q92802","","Q5T200",""
"12.0","","interacts with","0","0.469070056","","ZC3H13 (interacts with) PPP1R13B",,"0","0","0","1","0.536585366","0.401554747",,"false","interacts with","ZC3H13 (interacts with) PPP1R13B","0","Q5T200","","Q96KQ4",""
"7.166666666666666","","interacts with","0","0.469070062","","ZC3H13 (interacts with) SPEM3",,"0","0","0","1","0.536585366","0.401554759",,"false","interacts with","ZC3H13 (interacts with) SPEM3","0","Q5T200","","A0A1B0GUW6",""
"8.666666666666668","","interacts with","0","0.469070101","","DLGAP1 (interacts with) ZC3H13",,"0","0","0","1","0.536585366","0.401554836",,"false","interacts with","DLGAP1 (interacts with) ZC3H13","0","O14490","","Q5T200",""
"3.5","","interacts with","0","0.476387346","","DLGAP1 (interacts with) TTC39B",,"0","0","0","1","0.551219512","0.40155518",,"false","interacts with","DLGAP1 (interacts with) TTC39B","0","O14490","","Q5VTQ0",""
"4.999999999999999","","interacts with","0","0.464192114","","N4BP2L2 (interacts with) SPEM3",,"0","0","0","1","0.526829268","0.401554961",,"false","interacts with","N4BP2L2 (interacts with) SPEM3","0","Q92802","","A0A1B0GUW6",""
"4.0","","interacts with","0","0.464192369","","N4BP2L2 (interacts with) TTC7A",,"0","0","0","1","0.526829268","0.401555469",,"false","interacts with","N4BP2L2 (interacts with) TTC7A","0","Q92802","","Q9ULT0",""
"4.166666666666666","","interacts with","0","0.476387104","","DLGAP1 (interacts with) SPEM3",,"0","0","0","1","0.551219512","0.401554695",,"false","interacts with","DLGAP1 (interacts with) SPEM3","0","O14490","","A0A1B0GUW6",""
"0.0","","interacts with","0","0.652839731","","GSK3B (interacts with) GSK3B",,"1","1","1","1","0.912195122","0.39348434",,"false","interacts with","GSK3B (interacts with) GSK3B","0","P49841","","P49841",""
"14.0","","interacts with","0","0.476426263","","GSK3B (interacts with) ZNF710",,"1","0","1","1","0.551219512","0.401633015",,"false","interacts with","GSK3B (interacts with) ZNF710","0","P49841","","Q8N1W2",""
"14.0","","interacts with","0","0.464231166","","GSK3B (interacts with) ZPBP",,"1","0","1","1","0.526829268","0.401633063",,"false","interacts with","GSK3B (interacts with) ZPBP","0","P49841","","Q9BS86",""
"15.0","","interacts with","0","0.476426262","","GSK3B (interacts with) ZNF175",,"1","0","1","1","0.551219512","0.401633013",,"false","interacts with","GSK3B (interacts with) ZNF175","0","P49841","","Q9Y473",""
"18.0","","interacts with","0","0.476426167","","GSK3B (interacts with) ANKRD20A8P",,"1","0","1","1","0.551219512","0.401632821",,"false","interacts with","GSK3B (interacts with) ANKRD20A8P","0","P49841","","Q5CZ79",""
"15.0","","interacts with","0","0.47642619","","GSK3B (interacts with) SCML1",,"1","0","1","1","0.551219512","0.401632869",,"false","interacts with","GSK3B (interacts with) SCML1","0","P49841","","Q9UN30",""
"15.0","","interacts with","0","0.476426226","","GSK3B (interacts with) ANKRD20A2P",,"1","0","1","1","0.551219512","0.40163294",,"false","interacts with","GSK3B (interacts with) ANKRD20A2P","0","P49841","","Q5SQ80",""
"18.0","","interacts with","0","0.47642623","","GSK3B (interacts with) PCDHB4",,"1","0","1","1","0.551219512","0.401632948",,"false","interacts with","GSK3B (interacts with) PCDHB4","0","P49841","","Q9Y5E5",""
"18.0","","interacts with","0","0.476426235","","GSK3B (interacts with) ZNF280D",,"1","0","1","1","0.551219512","0.401632957",,"false","interacts with","GSK3B (interacts with) ZNF280D","0","P49841","","Q6N043",""
"15.0","","interacts with","0","0.47642622","","GSK3B (interacts with) POLI",,"1","0","1","1","0.551219512","0.401632928",,"false","interacts with","GSK3B (interacts with) POLI","0","P49841","","Q9UNA4",""
"3.0","","interacts with","0","0.464192177","","ZNF710 (interacts with) SCML1",,"0","0","0","1","0.526829268","0.401555085",,"false","interacts with","ZNF710 (interacts with) SCML1","0","Q8N1W2","","Q9UN30",""
"3.0","","interacts with","0","0.476387117","","ZNF710 (interacts with) ANKRD20A2P",,"0","0","0","1","0.551219512","0.401554723",,"false","interacts with","ZNF710 (interacts with) ANKRD20A2P","0","Q8N1W2","","Q5SQ80",""
"3.0","","interacts with","0","0.464231322","","ZPBP (interacts with) ZNF175",,"0","0","0","1","0.526829268","0.401633376",,"false","interacts with","ZPBP (interacts with) ZNF175","0","Q9BS86","","Q9Y473",""
"3.0","","interacts with","0","0.476387209","","ZPBP (interacts with) POLI",,"0","0","0","1","0.551219512","0.401554907",,"false","interacts with","ZPBP (interacts with) POLI","0","Q9BS86","","Q9UNA4",""
"17.666666666666664","","interacts with","0","0.476426205","","CTSK (interacts with) CASKIN2",,"1","0","1","1","0.551219512","0.401632897",,"false","interacts with","CTSK (interacts with) CASKIN2","0","P43235","","Q8WXE0",""
"34.0","","interacts with","0","0.476426285","","CTSK (interacts with) CARD14",,"1","0","1","1","0.551219512","0.401633058",,"false","interacts with","CTSK (interacts with) CARD14","0","P43235","","Q9BXL6",""
"18.666666666666668","","interacts with","0","0.461816218","","CTSK (interacts with) ZNF717",,"1","0","1","1","0.52195122","0.401681217",,"false","interacts with","CTSK (interacts with) ZNF717","0","P43235","","Q9BY31",""
"11.5","","interacts with","0","0.461816158","","CTSK (interacts with) QRICH2",,"1","0","1","1","0.52195122","0.401681096",,"false","interacts with","CTSK (interacts with) QRICH2","0","P43235","","Q9H0J4",""
"15.833333333333332","","interacts with","0","0.476426274","","CTSK (interacts with) ARHGAP30",,"1","0","1","1","0.551219512","0.401633035",,"false","interacts with","CTSK (interacts with) ARHGAP30","0","P43235","","Q7Z6I6",""
"29.733333333333334","","interacts with","0","0.476426273","","CTSK (interacts with) PWWP3A",,"1","0","1","1","0.551219512","0.401633033",,"false","interacts with","CTSK (interacts with) PWWP3A","0","P43235","","Q2TAK8",""
"25.333333333333332","","interacts with","0","0.461816239","","CTSK (interacts with) ICE2",,"1","0","1","1","0.52195122","0.401681259",,"false","interacts with","CTSK (interacts with) ICE2","0","P43235","","Q659A1",""
"34.0","","interacts with","0","0.461816314","","CTSK (interacts with) INTS5",,"1","0","1","1","0.52195122","0.401681409",,"false","interacts with","CTSK (interacts with) INTS5","0","P43235","","Q6P9B9",""
"17.466666666666665","","interacts with","0","0.464255243","","CTSK (interacts with) FANCI",,"1","0","1","1","0.526829268","0.401681217",,"false","interacts with","CTSK (interacts with) FANCI","0","P43235","","Q9NVI1",""
"25.333333333333332","","interacts with","0","0.476426372","","CTSK (interacts with) EPM2AIP1",,"1","0","1","1","0.551219512","0.401633231",,"false","interacts with","CTSK (interacts with) EPM2AIP1","0","P43235","","Q7L775",""
"19.866666666666667","","interacts with","0","0.47642622","","TRIM37 (interacts with) CTSK",,"0","1","1","1","0.551219512","0.401632928",,"false","interacts with","TRIM37 (interacts with) CTSK","0","O94972","","P43235",""
"11.466666666666665","","interacts with","0","0.476426301","","CTSK (interacts with) TSPYL2",,"1","0","1","1","0.551219512","0.40163309",,"false","interacts with","CTSK (interacts with) TSPYL2","0","P43235","","Q9H2G4",""
"21.0","","interacts with","0","0.464255221","","CTSK (interacts with) FRMPD4",,"1","0","1","1","0.526829268","0.401681173",,"false","interacts with","CTSK (interacts with) FRMPD4","0","P43235","","Q14CM0",""
"26.0","","interacts with","0","0.476426227","","PDE5A (interacts with) CTSK",,"0","1","1","1","0.551219512","0.401632942",,"false","interacts with","PDE5A (interacts with) CTSK","0","O76074","","P43235",""
"20.866666666666664","","interacts with","0","0.461816202","","CTSK (interacts with) CDK5RAP2",,"1","0","1","1","0.52195122","0.401681185",,"false","interacts with","CTSK (interacts with) CDK5RAP2","0","P43235","","Q96SN8",""
"3.0","","interacts with","0","0.476387526","","ARHGAP30 (interacts with) CASKIN2",,"0","0","0","1","0.551219512","0.401555541",,"false","interacts with","ARHGAP30 (interacts with) CASKIN2","0","Q7Z6I6","","Q8WXE0",""
"8.1","","interacts with","0","0.476387083","","CASKIN2 (interacts with) PWWP3A",,"0","0","0","1","0.551219512","0.401554653",,"false","interacts with","CASKIN2 (interacts with) PWWP3A","0","Q8WXE0","","Q2TAK8",""
"7.633333333333333","","interacts with","0","0.464192256","","CASKIN2 (interacts with) TRIM37",,"0","0","0","1","0.526829268","0.401555243",,"false","interacts with","CASKIN2 (interacts with) TRIM37","0","Q8WXE0","","O94972",""
"4.466666666666666","","interacts with","0","0.476387168","","CASKIN2 (interacts with) TSPYL2",,"0","0","0","1","0.551219512","0.401554824",,"false","interacts with","CASKIN2 (interacts with) TSPYL2","0","Q8WXE0","","Q9H2G4",""
"6.7333333333333325","","interacts with","0","0.47638733","","FANCI (interacts with) ZNF717",,"0","0","0","1","0.551219512","0.401555148",,"false","interacts with","FANCI (interacts with) ZNF717","0","Q9NVI1","","Q9BY31",""
"5.5","","interacts with","0","0.464192064","","ZNF717 (interacts with) FRMPD4",,"0","0","0","1","0.526829268","0.40155486",,"false","interacts with","ZNF717 (interacts with) FRMPD4","0","Q9BY31","","Q14CM0",""
"10.233333333333333","","interacts with","0","0.464192105","","CDK5RAP2 (interacts with) ZNF717",,"0","0","0","1","0.526829268","0.401554942",,"false","interacts with","CDK5RAP2 (interacts with) ZNF717","0","Q96SN8","","Q9BY31",""
"14.766666666666666","","interacts with","0","0.464216042","","QRICH2 (interacts with) PWWP3A",,"0","0","0","1","0.526829268","0.401602815",,"false","interacts with","QRICH2 (interacts with) PWWP3A","0","Q9H0J4","","Q2TAK8",""
"8.666666666666666","","interacts with","0","0.476387042","","QRICH2 (interacts with) ICE2",,"0","0","0","1","0.551219512","0.401554572",,"false","interacts with","QRICH2 (interacts with) ICE2","0","Q9H0J4","","Q659A1",""
"8.666666666666666","","interacts with","0","0.464216061","","QRICH2 (interacts with) EPM2AIP1",,"0","0","0","1","0.526829268","0.401602854",,"false","interacts with","QRICH2 (interacts with) EPM2AIP1","0","Q9H0J4","","Q7L775",""
"12.133333333333333","","interacts with","0","0.46177705","","QRICH2 (interacts with) TRIM37",,"0","0","0","1","0.52195122","0.40160288",,"false","interacts with","QRICH2 (interacts with) TRIM37","0","Q9H0J4","","O94972",""
"8.3","","interacts with","0","0.464216081","","QRICH2 (interacts with) TSPYL2",,"0","0","0","1","0.526829268","0.401602894",,"false","interacts with","QRICH2 (interacts with) TSPYL2","0","Q9H0J4","","Q9H2G4",""
"9.5","","interacts with","0","0.476387075","","QRICH2 (interacts with) FRMPD4",,"0","0","0","1","0.551219512","0.401554637",,"false","interacts with","QRICH2 (interacts with) FRMPD4","0","Q9H0J4","","Q14CM0",""
"8.933333333333332","","interacts with","0","0.476387047","","ARHGAP30 (interacts with) PWWP3A",,"0","0","0","1","0.551219512","0.401554582",,"false","interacts with","ARHGAP30 (interacts with) PWWP3A","0","Q7Z6I6","","Q2TAK8",""
"4.633333333333333","","interacts with","0","0.476387178","","ARHGAP30 (interacts with) TSPYL2",,"0","0","0","1","0.551219512","0.401554844",,"false","interacts with","ARHGAP30 (interacts with) TSPYL2","0","Q7Z6I6","","Q9H2G4",""
"9.8","","interacts with","0","0.464216076","","ARHGAP30 (interacts with) CDK5RAP2",,"0","0","0","1","0.526829268","0.401602884",,"false","interacts with","ARHGAP30 (interacts with) CDK5RAP2","0","Q7Z6I6","","Q96SN8",""
"8.8","","interacts with","0","0.461777258","","FANCI (interacts with) PWWP3A",,"0","0","0","1","0.52195122","0.401603297",,"false","interacts with","FANCI (interacts with) PWWP3A","0","Q9NVI1","","Q2TAK8",""
"34.0","","interacts with","0","0.5640681","","KLK1 (interacts with) PWWP3A",,"0","0","0","1","0.726829268","0.401306931",,"false","interacts with","KLK1 (interacts with) PWWP3A","0","P06870","","Q2TAK8",""
"16.866666666666667","","interacts with","0","0.564075282","","TPTE2 (interacts with) TRIM37",,"0","0","0","1","0.726829268","0.401321296",,"false","interacts with","TPTE2 (interacts with) TRIM37","0","Q6XPS3","","O94972",""
"17.133333333333333","","interacts with","0","0.571490409","","CDK5RAP2 (interacts with) TPTE2",,"0","0","0","1","0.741463415","0.401517404",,"false","interacts with","CDK5RAP2 (interacts with) TPTE2","0","Q96SN8","","Q6XPS3",""
"7.933333333333334","","interacts with","0","0.461777301","","FANCI (interacts with) TSPYL2",,"0","0","0","1","0.52195122","0.401603383",,"false","interacts with","FANCI (interacts with) TSPYL2","0","Q9NVI1","","Q9H2G4",""
"4.9","","interacts with","0","0.476387308","","TSPYL2 (interacts with) TRIM37",,"0","0","0","1","0.551219512","0.401555103",,"false","interacts with","TSPYL2 (interacts with) TRIM37","0","Q9H2G4","","O94972",""
"5.666666666666666","","interacts with","0","0.593484488","","CDK5RAP2 (interacts with) TRIM37",,"0","0","0","1","0.785365854","0.401603122",,"false","interacts with","CDK5RAP2 (interacts with) TRIM37","0","Q96SN8","","O94972",""
"6.8999999999999995","","interacts with","0","0.461777243","","CDK5RAP2 (interacts with) TSPYL2",,"0","0","0","1","0.52195122","0.401603266",,"false","interacts with","CDK5RAP2 (interacts with) TSPYL2","0","Q96SN8","","Q9H2G4",""
"8.0","","interacts with","0","0.464216209","","PDE5A (interacts with) CDK5RAP2",,"0","0","0","1","0.526829268","0.40160315",,"false","interacts with","PDE5A (interacts with) CDK5RAP2","0","O76074","","Q96SN8",""
"20.0","","interacts with","0","0.464255234","","COL5A1 (interacts with) FOXRED2",,"1","0","1","1","0.526829268","0.4016812",,"false","interacts with","COL5A1 (interacts with) FOXRED2","0","P20908","","Q8IWF2",""
"16.0","","interacts with","0","0.461816188","","COL5A1 (interacts with) DEGS2",,"1","0","1","1","0.52195122","0.401681156",,"false","interacts with","COL5A1 (interacts with) DEGS2","0","P20908","","Q6QHC5",""
"17.0","","interacts with","0","0.461816319","","COL5A1 (interacts with) CERS4",,"1","0","1","1","0.52195122","0.401681418",,"false","interacts with","COL5A1 (interacts with) CERS4","0","P20908","","Q9HA82",""
"15.0","","interacts with","0","0.461816176","","COL5A1 (interacts with) RAPGEF4",,"1","0","1","1","0.52195122","0.401681133",,"false","interacts with","COL5A1 (interacts with) RAPGEF4","0","P20908","","Q8WZA2",""
"17.0","","interacts with","0","0.464255214","","COL5A1 (interacts with) SEMA4G",,"1","0","1","1","0.526829268","0.401681161",,"false","interacts with","COL5A1 (interacts with) SEMA4G","0","P20908","","Q9NTN9",""
"17.0","","interacts with","0","0.461816242","","SLITRK3 (interacts with) COL5A1",,"0","1","1","1","0.52195122","0.401681265",,"false","interacts with","SLITRK3 (interacts with) COL5A1","0","O94933","","P20908",""
"17.0","","interacts with","0","0.461816198","","COL5A1 (interacts with) RUBCN",,"1","0","1","1","0.52195122","0.401681177",,"false","interacts with","COL5A1 (interacts with) RUBCN","0","P20908","","Q92622",""
"20.0","","interacts with","0","0.464255223","","COL5A1 (interacts with) IL1RAPL2",,"1","0","1","1","0.526829268","0.401681178",,"false","interacts with","COL5A1 (interacts with) IL1RAPL2","0","P20908","","Q9NP60",""
"15.0","","interacts with","0","0.464255278","","COL5A1 (interacts with) GABRB2",,"1","0","1","1","0.526829268","0.401681288",,"false","interacts with","COL5A1 (interacts with) GABRB2","0","P20908","","P47870",""
"20.0","","interacts with","0","0.461816179","","COL5A1 (interacts with) CTSC",,"1","0","1","1","0.52195122","0.401681139",,"false","interacts with","COL5A1 (interacts with) CTSC","0","P20908","","P53634",""
"3.0","","interacts with","0","0.461777118","","SLITRK3 (interacts with) DEGS2",,"0","0","0","1","0.52195122","0.401603017",,"false","interacts with","SLITRK3 (interacts with) DEGS2","0","O94933","","Q6QHC5",""
"3.0","","interacts with","0","0.461777153","","RUBCN (interacts with) DEGS2",,"0","0","0","1","0.52195122","0.401603086",,"false","interacts with","RUBCN (interacts with) DEGS2","0","Q92622","","Q6QHC5",""
"3.0","","interacts with","0","0.461777168","","CERS4 (interacts with) RAPGEF4",,"0","0","0","1","0.52195122","0.401603117",,"false","interacts with","CERS4 (interacts with) RAPGEF4","0","Q9HA82","","Q8WZA2",""
"4.0","","interacts with","0","0.476387071","","GABRB2 (interacts with) RAPGEF4",,"0","0","0","1","0.551219512","0.40155463",,"false","interacts with","GABRB2 (interacts with) RAPGEF4","0","P47870","","Q8WZA2",""
"3.0","","interacts with","0","0.464192143","","GABRB2 (interacts with) SEMA4G",,"0","0","0","1","0.526829268","0.401555018",,"false","interacts with","GABRB2 (interacts with) SEMA4G","0","P47870","","Q9NTN9",""
"4.0","","interacts with","0","0.464255239","","CASR (interacts with) ALPK2",,"1","0","1","1","0.526829268","0.401681209",,"false","interacts with","CASR (interacts with) ALPK2","0","P41180","","Q86TB3",""
"4.0","","interacts with","0","0.566514397","","ALPK2 (interacts with) NAA16",,"0","0","0","1","0.731707317","0.401321477",,"false","interacts with","ALPK2 (interacts with) NAA16","0","Q86TB3","","Q6N069",""
"28.33333333333333","","interacts with","0","0.476426232","","SRRM5 (interacts with) PROCR",,"0","1","1","1","0.551219512","0.401632952",,"false","interacts with","SRRM5 (interacts with) PROCR","0","B3KS81","","Q9UNN8",""
"12.333333333333336","","interacts with","0","0.461753159","","SRRM5 (interacts with) SMIM26",,"0","0","0","1","0.52195122","0.401555098",,"false","interacts with","SRRM5 (interacts with) SMIM26","0","B3KS81","","A0A096LP01",""
"15.333333333333334","","interacts with","0","0.469070029","","BCL9 (interacts with) SRRM5",,"0","0","0","1","0.536585366","0.401554691",,"false","interacts with","BCL9 (interacts with) SRRM5","0","O00512","","B3KS81",""
"19.333333333333332","","interacts with","0","0.476426718","","TMEM41A (interacts with) PROCR",,"0","1","1","1","0.551219512","0.401633924",,"false","interacts with","TMEM41A (interacts with) PROCR","0","Q96HV5","","Q9UNN8",""
"20.333333333333332","","interacts with","0","0.464231192","","DHRS13 (interacts with) PROCR",,"0","1","1","1","0.526829268","0.401633116",,"false","interacts with","DHRS13 (interacts with) PROCR","0","Q6UX07","","Q9UNN8",""
"14.938888888888888","","interacts with","0","0.476426312","","SGCA (interacts with) PROCR",,"0","1","1","1","0.551219512","0.401633112",,"false","interacts with","SGCA (interacts with) PROCR","0","Q16586","","Q9UNN8",""
"24.133333333333333","","interacts with","0","0.476426331","","GTF2A1L (interacts with) PROCR",,"0","1","1","1","0.551219512","0.401633151",,"false","interacts with","GTF2A1L (interacts with) PROCR","0","Q9UNN4","","Q9UNN8",""
"44.33333333333334","","interacts with","0","0.476426299","","AKAP17A (interacts with) PROCR",,"0","1","1","1","0.551219512","0.401633085",,"false","interacts with","AKAP17A (interacts with) PROCR","0","Q02040","","Q9UNN8",""
"26.733333333333334","","interacts with","0","0.476426495","","PROCR (interacts with) RBMX2",,"1","0","1","1","0.551219512","0.401633477",,"false","interacts with","PROCR (interacts with) RBMX2","0","Q9UNN8","","Q9Y388",""
"30.499999999999996","","interacts with","0","0.464231272","","C10orf67 (interacts with) PROCR",,"0","1","1","1","0.526829268","0.401633275",,"false","interacts with","C10orf67 (interacts with) PROCR","0","Q8IYJ2","","Q9UNN8",""
"22.5","","interacts with","0","0.47642622","","SH3D21 (interacts with) PROCR",,"0","1","1","1","0.551219512","0.401632928",,"false","interacts with","SH3D21 (interacts with) PROCR","0","A4FU49","","Q9UNN8",""
"31.000000000000004","","interacts with","0","0.464231241","","MYLK2 (interacts with) PROCR",,"0","1","1","1","0.526829268","0.401633213",,"false","interacts with","MYLK2 (interacts with) PROCR","0","Q9H1R3","","Q9UNN8",""
"15.116666666666665","","interacts with","0","0.476426335","","TRAV12-3 (interacts with) PROCR",,"0","1","1","1","0.551219512","0.401633157",,"false","interacts with","TRAV12-3 (interacts with) PROCR","0","A0A0B4J271","","Q9UNN8",""
"23.800000000000004","","interacts with","0","0.464255215","","COBLL1 (interacts with) PROCR",,"0","1","1","1","0.526829268","0.401681162",,"false","interacts with","COBLL1 (interacts with) PROCR","0","Q53SF7","","Q9UNN8",""
"21.152380952380952","","interacts with","0","0.476426226","","MED15 (interacts with) PROCR",,"0","1","1","1","0.551219512","0.40163294",,"false","interacts with","MED15 (interacts with) PROCR","0","Q96RN5","","Q9UNN8",""
"9.322222222222221","","interacts with","0","0.476426406","","SMIM26 (interacts with) PROCR",,"0","1","1","1","0.551219512","0.4016333",,"false","interacts with","SMIM26 (interacts with) PROCR","0","A0A096LP01","","Q9UNN8",""
"23.799999999999994","","interacts with","0","0.464231261","","VGF (interacts with) PROCR",,"0","1","1","1","0.526829268","0.401633253",,"false","interacts with","VGF (interacts with) PROCR","0","O15240","","Q9UNN8",""
"7.693650793650793","","interacts with","0","0.476426262","","BCL9 (interacts with) PROCR",,"0","1","1","1","0.551219512","0.401633011",,"false","interacts with","BCL9 (interacts with) PROCR","0","O00512","","Q9UNN8",""
"31.833333333333332","","interacts with","0","0.476426211","","DSPP (interacts with) PROCR",,"0","1","1","1","0.551219512","0.401632909",,"false","interacts with","DSPP (interacts with) PROCR","0","Q9NZW4","","Q9UNN8",""
"22.83333333333333","","interacts with","0","0.47642627","","PAK4 (interacts with) PROCR",,"0","1","1","1","0.551219512","0.401633027",,"false","interacts with","PAK4 (interacts with) PROCR","0","O96013","","Q9UNN8",""
"24.399999999999995","","interacts with","0","0.476426349","","ATMIN (interacts with) PROCR",,"0","1","1","1","0.551219512","0.401633186",,"false","interacts with","ATMIN (interacts with) PROCR","0","O43313","","Q9UNN8",""
"13.966666666666667","","interacts with","0","0.476426302","","ZNF48 (interacts with) PROCR",,"0","1","1","1","0.551219512","0.401633092",,"false","interacts with","ZNF48 (interacts with) PROCR","0","Q96MX3","","Q9UNN8",""
"27.333333333333332","","interacts with","0","0.47642634","","RTL5 (interacts with) PROCR",,"0","1","1","1","0.551219512","0.401633168",,"false","interacts with","RTL5 (interacts with) PROCR","0","Q5HYW3","","Q9UNN8",""
"34.33333333333334","","interacts with","0","0.476426194","","UBXN11 (interacts with) PROCR",,"0","1","1","1","0.551219512","0.401632875",,"false","interacts with","UBXN11 (interacts with) PROCR","0","Q5T124","","Q9UNN8",""
"21.852380952380948","","interacts with","0","0.476426207","","PROCR (interacts with) DDX52",,"1","0","1","1","0.551219512","0.401632902",,"false","interacts with","PROCR (interacts with) DDX52","0","Q9UNN8","","Q9Y2R4",""
"17.68888888888889","","interacts with","0","0.476426317","","ATXN7L2 (interacts with) PROCR",,"0","1","1","1","0.551219512","0.401633121",,"false","interacts with","ATXN7L2 (interacts with) PROCR","0","Q5T6C5","","Q9UNN8",""
"13.633333333333333","","interacts with","0","0.476426202","","MYOCD (interacts with) PROCR",,"0","1","1","1","0.551219512","0.401632891",,"false","interacts with","MYOCD (interacts with) PROCR","0","Q8IZQ8","","Q9UNN8",""
"42.66666666666667","","interacts with","0","0.476426378","","BRIX1 (interacts with) PROCR",,"0","1","1","1","0.551219512","0.401633243",,"false","interacts with","BRIX1 (interacts with) PROCR","0","Q8TDN6","","Q9UNN8",""
"35.833333333333336","","interacts with","0","0.476426233","","TMCO6 (interacts with) PROCR",,"0","1","1","1","0.551219512","0.401632953",,"false","interacts with","TMCO6 (interacts with) PROCR","0","Q96DC7","","Q9UNN8",""
"28.33333333333333","","interacts with","0","0.4764262","","RUFY1 (interacts with) PROCR",,"0","1","1","1","0.551219512","0.401632887",,"false","interacts with","RUFY1 (interacts with) PROCR","0","Q96T51","","Q9UNN8",""
"6.833333333333332","","interacts with","0","0.461753337","","TMEM41A (interacts with) AKAP17A",,"0","0","0","1","0.52195122","0.401555454",,"false","interacts with","TMEM41A (interacts with) AKAP17A","0","Q96HV5","","Q02040",""
"6.3","","interacts with","0","0.464216277","","COBLL1 (interacts with) TMEM41A",,"0","0","0","1","0.526829268","0.401603285",,"false","interacts with","COBLL1 (interacts with) TMEM41A","0","Q53SF7","","Q96HV5",""
"6.352380952380952","","interacts with","0","0.476387259","","MED15 (interacts with) TMEM41A",,"0","0","0","1","0.551219512","0.401555006",,"false","interacts with","MED15 (interacts with) TMEM41A","0","Q96RN5","","Q96HV5",""
"14.174603174603176","","interacts with","0","0.476387209","","BCL9 (interacts with) TMEM41A",,"0","0","0","1","0.551219512","0.401554906",,"false","interacts with","BCL9 (interacts with) TMEM41A","0","O00512","","Q96HV5",""
"7.233333333333333","","interacts with","0","0.476387525","","ZNF48 (interacts with) TMEM41A",,"0","0","0","1","0.551219512","0.401555539",,"false","interacts with","ZNF48 (interacts with) TMEM41A","0","Q96MX3","","Q96HV5",""
"9.855555555555554","","interacts with","0","0.464192446","","ATXN7L2 (interacts with) TMEM41A",,"0","0","0","1","0.526829268","0.401555623",,"false","interacts with","ATXN7L2 (interacts with) TMEM41A","0","Q5T6C5","","Q96HV5",""
"4.633333333333335","","interacts with","0","0.476387403","","VGF (interacts with) DHRS13",,"0","0","0","1","0.551219512","0.401555293",,"false","interacts with","VGF (interacts with) DHRS13","0","O15240","","Q6UX07",""
"9.88888888888889","","interacts with","0","0.464192149","","BCL9 (interacts with) DHRS13",,"0","0","0","1","0.526829268","0.40155503",,"false","interacts with","BCL9 (interacts with) DHRS13","0","O00512","","Q6UX07",""
"5.333333333333332","","interacts with","0","0.464192261","","PAK4 (interacts with) DHRS13",,"0","0","0","1","0.526829268","0.401555253",,"false","interacts with","PAK4 (interacts with) DHRS13","0","O96013","","Q6UX07",""
"8.066666666666666","","interacts with","0","0.464192235","","ZNF48 (interacts with) DHRS13",,"0","0","0","1","0.526829268","0.401555202",,"false","interacts with","ZNF48 (interacts with) DHRS13","0","Q96MX3","","Q6UX07",""
"7.722222222222221","","interacts with","0","0.464192324","","ATXN7L2 (interacts with) DHRS13",,"0","0","0","1","0.526829268","0.401555379",,"false","interacts with","ATXN7L2 (interacts with) DHRS13","0","Q5T6C5","","Q6UX07",""
"8.4","","interacts with","0","0.47638711","","MYOCD (interacts with) DHRS13",,"0","0","0","1","0.551219512","0.401554709",,"false","interacts with","MYOCD (interacts with) DHRS13","0","Q8IZQ8","","Q6UX07",""
"7.505555555555556","","interacts with","0","0.461777253","","COBLL1 (interacts with) SGCA",,"0","0","0","1","0.52195122","0.401603286",,"false","interacts with","COBLL1 (interacts with) SGCA","0","Q53SF7","","Q16586",""
"6.857936507936508","","interacts with","0","0.469070226","","MED15 (interacts with) SGCA",,"0","0","0","1","0.536585366","0.401555086",,"false","interacts with","MED15 (interacts with) SGCA","0","Q96RN5","","Q16586",""
"10.965873015873015","","interacts with","0","0.476387241","","BCL9 (interacts with) SGCA",,"0","0","0","1","0.551219512","0.40155497",,"false","interacts with","BCL9 (interacts with) SGCA","0","O00512","","Q16586",""
"6.066666666666666","","interacts with","0","0.476387513","","PAK4 (interacts with) SGCA",,"0","0","0","1","0.551219512","0.401555514",,"false","interacts with","PAK4 (interacts with) SGCA","0","O96013","","Q16586",""
"6.022222222222222","","interacts with","0","0.469070346","","ATMIN (interacts with) SGCA",,"0","0","0","1","0.536585366","0.401555325",,"false","interacts with","ATMIN (interacts with) SGCA","0","O43313","","Q16586",""
"7.872222222222223","","interacts with","0","0.469070515","","ZNF48 (interacts with) SGCA",,"0","0","0","1","0.536585366","0.401555665",,"false","interacts with","ZNF48 (interacts with) SGCA","0","Q96MX3","","Q16586",""
"7.057936507936507","","interacts with","0","0.476387359","","DDX52 (interacts with) SGCA",,"0","0","0","1","0.551219512","0.401555206",,"false","interacts with","DDX52 (interacts with) SGCA","0","Q9Y2R4","","Q16586",""
"7.4944444444444445","","interacts with","0","0.464192329","","ATXN7L2 (interacts with) SGCA",,"0","0","0","1","0.526829268","0.40155539",,"false","interacts with","ATXN7L2 (interacts with) SGCA","0","Q5T6C5","","Q16586",""
"7.272222222222223","","interacts with","0","0.476387296","","MYOCD (interacts with) SGCA",,"0","0","0","1","0.551219512","0.401555081",,"false","interacts with","MYOCD (interacts with) SGCA","0","Q8IZQ8","","Q16586",""
"5.833333333333333","","interacts with","0","0.461753047","","AKAP17A (interacts with) GTF2A1L",,"0","0","0","1","0.52195122","0.401554875",,"false","interacts with","AKAP17A (interacts with) GTF2A1L","0","Q02040","","Q9UNN4",""
"6.299999999999999","","interacts with","0","0.461777185","","COBLL1 (interacts with) GTF2A1L",,"0","0","0","1","0.52195122","0.40160315",,"false","interacts with","COBLL1 (interacts with) GTF2A1L","0","Q53SF7","","Q9UNN4",""
"14.866666666666667","","interacts with","0","0.476387121","","BCL9 (interacts with) GTF2A1L",,"0","0","0","1","0.551219512","0.401554729",,"false","interacts with","BCL9 (interacts with) GTF2A1L","0","O00512","","Q9UNN4",""
"6.866666666666667","","interacts with","0","0.46419231","","ATMIN (interacts with) GTF2A1L",,"0","0","0","1","0.526829268","0.401555351",,"false","interacts with","ATMIN (interacts with) GTF2A1L","0","O43313","","Q9UNN4",""
"8.8","","interacts with","0","0.476387083","","MYOCD (interacts with) GTF2A1L",,"0","0","0","1","0.551219512","0.401554654",,"false","interacts with","MYOCD (interacts with) GTF2A1L","0","Q8IZQ8","","Q9UNN4",""
"7.085714285714286","","interacts with","0","0.469070021","","MED15 (interacts with) RBMX2",,"0","0","0","1","0.536585366","0.401554675",,"false","interacts with","MED15 (interacts with) RBMX2","0","Q96RN5","","Q9Y388",""
"14.304761904761904","","interacts with","0","0.469070102","","BCL9 (interacts with) RBMX2",,"0","0","0","1","0.536585366","0.401554839",,"false","interacts with","BCL9 (interacts with) RBMX2","0","O00512","","Q9Y388",""
"6.4","","interacts with","0","0.464192152","","PAK4 (interacts with) RBMX2",,"0","0","0","1","0.526829268","0.401555035",,"false","interacts with","PAK4 (interacts with) RBMX2","0","O96013","","Q9Y388",""
"6.085714285714286","","interacts with","0","0.469070165","","DDX52 (interacts with) RBMX2",,"0","0","0","1","0.536585366","0.401554964",,"false","interacts with","DDX52 (interacts with) RBMX2","0","Q9Y2R4","","Q9Y388",""
"15.000000000000004","","interacts with","0","0.476387161","","BCL9 (interacts with) C10orf67",,"0","0","0","1","0.551219512","0.40155481",,"false","interacts with","BCL9 (interacts with) C10orf67","0","O00512","","Q8IYJ2",""
"4.333333333333333","","interacts with","0","0.464192223","","DSPP (interacts with) C10orf67",,"0","0","0","1","0.526829268","0.401555177",,"false","interacts with","DSPP (interacts with) C10orf67","0","Q9NZW4","","Q8IYJ2",""
"8.5","","interacts with","0","0.476387094","","MYOCD (interacts with) C10orf67",,"0","0","0","1","0.551219512","0.401554676",,"false","interacts with","MYOCD (interacts with) C10orf67","0","Q8IZQ8","","Q8IYJ2",""
"5.7","","interacts with","0","0.476387263","","SH3D21 (interacts with) TRAV12-3",,"0","0","0","1","0.551219512","0.401555014",,"false","interacts with","SH3D21 (interacts with) TRAV12-3","0","A4FU49","","A0A0B4J271",""
"9.366666666666667","","interacts with","0","0.464192109","","SH3D21 (interacts with) SMIM26",,"0","0","0","1","0.526829268","0.40155495",,"false","interacts with","SH3D21 (interacts with) SMIM26","0","A4FU49","","A0A096LP01",""
"12.38888888888889","","interacts with","0","0.476387155","","SH3D21 (interacts with) BCL9",,"0","0","0","1","0.551219512","0.401554798",,"false","interacts with","SH3D21 (interacts with) BCL9","0","A4FU49","","O00512",""
"6.888888888888888","","interacts with","0","0.461753321","","ATXN7L2 (interacts with) SH3D21",,"0","0","0","1","0.52195122","0.401555422",,"false","interacts with","ATXN7L2 (interacts with) SH3D21","0","Q5T6C5","","A4FU49",""
"13.666666666666664","","interacts with","0","0.464192201","","MYLK2 (interacts with) SMIM26",,"0","0","0","1","0.526829268","0.401555133",,"false","interacts with","MYLK2 (interacts with) SMIM26","0","Q9H1R3","","A0A096LP01",""
"10.333333333333332","","interacts with","0","0.461753402","","ATXN7L2 (interacts with) MYLK2",,"0","0","0","1","0.52195122","0.401555584",,"false","interacts with","ATXN7L2 (interacts with) MYLK2","0","Q5T6C5","","Q9H1R3",""
"4.333333333333333","","interacts with","0","0.593461119","","BRIX1 (interacts with) MYLK2",,"0","0","0","1","0.785365854","0.401556385",,"false","interacts with","BRIX1 (interacts with) MYLK2","0","Q8TDN6","","Q9H1R3",""
"7.416666666666667","","interacts with","0","0.464216173","","COBLL1 (interacts with) TRAV12-3",,"0","0","0","1","0.526829268","0.401603078",,"false","interacts with","COBLL1 (interacts with) TRAV12-3","0","Q53SF7","","A0A0B4J271",""
"6.935714285714286","","interacts with","0","0.476387159","","MED15 (interacts with) TRAV12-3",,"0","0","0","1","0.551219512","0.401554806",,"false","interacts with","MED15 (interacts with) TRAV12-3","0","Q96RN5","","A0A0B4J271",""
"6.333333333333333","","interacts with","0","0.464192041","","VGF (interacts with) TRAV12-3",,"0","0","0","1","0.526829268","0.401554815",,"false","interacts with","VGF (interacts with) TRAV12-3","0","O15240","","A0A0B4J271",""
"9.743650793650794","","interacts with","0","0.476387141","","BCL9 (interacts with) TRAV12-3",,"0","0","0","1","0.551219512","0.40155477",,"false","interacts with","BCL9 (interacts with) TRAV12-3","0","O00512","","A0A0B4J271",""
"7.583333333333334","","interacts with","0","0.476387232","","ZNF48 (interacts with) TRAV12-3",,"0","0","0","1","0.551219512","0.401554952",,"false","interacts with","ZNF48 (interacts with) TRAV12-3","0","Q96MX3","","A0A0B4J271",""
"7.135714285714286","","interacts with","0","0.476387069","","DDX52 (interacts with) TRAV12-3",,"0","0","0","1","0.551219512","0.401554626",,"false","interacts with","DDX52 (interacts with) TRAV12-3","0","Q9Y2R4","","A0A0B4J271",""
"8.972222222222221","","interacts with","0","0.476387132","","ATXN7L2 (interacts with) TRAV12-3",,"0","0","0","1","0.551219512","0.401554752",,"false","interacts with","ATXN7L2 (interacts with) TRAV12-3","0","Q5T6C5","","A0A0B4J271",""
"7.25","","interacts with","0","0.4763871","","MYOCD (interacts with) TRAV12-3",,"0","0","0","1","0.551219512","0.401554688",,"false","interacts with","MYOCD (interacts with) TRAV12-3","0","Q8IZQ8","","A0A0B4J271",""
"11.788888888888888","","interacts with","0","0.464216143","","COBLL1 (interacts with) SMIM26",,"0","0","0","1","0.526829268","0.401603018",,"false","interacts with","COBLL1 (interacts with) SMIM26","0","Q53SF7","","A0A096LP01",""
"5.499999999999999","","interacts with","0","0.461777305","","COBLL1 (interacts with) TMCO6",,"0","0","0","1","0.52195122","0.401603391",,"false","interacts with","COBLL1 (interacts with) TMCO6","0","Q53SF7","","Q96DC7",""
"11.24126984126984","","interacts with","0","0.476387146","","MED15 (interacts with) SMIM26",,"0","0","0","1","0.551219512","0.401554779",,"false","interacts with","MED15 (interacts with) SMIM26","0","Q96RN5","","A0A096LP01",""
"6.619047619047619","","interacts with","0","0.461752903","","MED15 (interacts with) ZNF48",,"0","0","0","1","0.52195122","0.401554586",,"false","interacts with","MED15 (interacts with) ZNF48","0","Q96RN5","","Q96MX3",""
"6.9","","interacts with","0","0.476387347","","MED15 (interacts with) TMCO6",,"0","0","0","1","0.551219512","0.401555182",,"false","interacts with","MED15 (interacts with) TMCO6","0","Q96RN5","","Q96DC7",""
"10.666666666666664","","interacts with","0","0.464192083","","VGF (interacts with) SMIM26",,"0","0","0","1","0.526829268","0.401554898",,"false","interacts with","VGF (interacts with) SMIM26","0","O15240","","A0A096LP01",""
"9.182539682539684","","interacts with","0","0.476387096","","BCL9 (interacts with) SMIM26",,"0","0","0","1","0.551219512","0.401554679",,"false","interacts with","BCL9 (interacts with) SMIM26","0","O00512","","A0A096LP01",""
"13.333333333333334","","interacts with","0","0.476426335","","DSPP (interacts with) SMIM26",,"0","0","0","1","0.551219512","0.401633157",,"false","interacts with","DSPP (interacts with) SMIM26","0","Q9NZW4","","A0A096LP01",""
"11.855555555555554","","interacts with","0","0.464192194","","ATMIN (interacts with) SMIM26",,"0","0","0","1","0.526829268","0.40155512",,"false","interacts with","ATMIN (interacts with) SMIM26","0","O43313","","A0A096LP01",""
"8.888888888888888","","interacts with","0","0.476387185","","ZNF48 (interacts with) SMIM26",,"0","0","0","1","0.551219512","0.401554857",,"false","interacts with","ZNF48 (interacts with) SMIM26","0","Q96MX3","","A0A096LP01",""
"11.774603174603175","","interacts with","0","0.464192147","","DDX52 (interacts with) SMIM26",,"0","0","0","1","0.526829268","0.401555026",,"false","interacts with","DDX52 (interacts with) SMIM26","0","Q9Y2R4","","A0A096LP01",""
"9.777777777777775","","interacts with","0","0.476387112","","ATXN7L2 (interacts with) SMIM26",,"0","0","0","1","0.551219512","0.401554712",,"false","interacts with","ATXN7L2 (interacts with) SMIM26","0","Q5T6C5","","A0A096LP01",""
"10.455555555555552","","interacts with","0","0.476387259","","MYOCD (interacts with) SMIM26",,"0","0","0","1","0.551219512","0.401555006",,"false","interacts with","MYOCD (interacts with) SMIM26","0","Q8IZQ8","","A0A096LP01",""
"12.333333333333336","","interacts with","0","0.464192201","","RUFY1 (interacts with) SMIM26",,"0","0","0","1","0.526829268","0.401555133",,"false","interacts with","RUFY1 (interacts with) SMIM26","0","Q96T51","","A0A096LP01",""
"12.3","","interacts with","0","0.476387103","","VGF (interacts with) BCL9",,"0","0","0","1","0.551219512","0.401554695",,"false","interacts with","VGF (interacts with) BCL9","0","O15240","","O00512",""
"12.122222222222224","","interacts with","0","0.476387131","","BCL9 (interacts with) PAK4",,"0","0","0","1","0.551219512","0.401554749",,"false","interacts with","BCL9 (interacts with) PAK4","0","O00512","","O96013",""
"11.185714285714287","","interacts with","0","0.476387128","","ZNF48 (interacts with) BCL9",,"0","0","0","1","0.551219512","0.401554743",,"false","interacts with","ZNF48 (interacts with) BCL9","0","Q96MX3","","O00512",""
"13.555555555555559","","interacts with","0","0.476387146","","BCL9 (interacts with) RTL5",,"0","0","0","1","0.551219512","0.401554781",,"false","interacts with","BCL9 (interacts with) RTL5","0","O00512","","Q5HYW3",""
"16.619047619047617","","interacts with","0","0.476387119","","BCL9 (interacts with) UBXN11",,"0","0","0","1","0.551219512","0.401554727",,"false","interacts with","BCL9 (interacts with) UBXN11","0","O00512","","Q5T124",""
"8.685714285714287","","interacts with","0","0.476387243","","MYOCD (interacts with) BCL9",,"0","0","0","1","0.551219512","0.401554973",,"false","interacts with","MYOCD (interacts with) BCL9","0","Q8IZQ8","","O00512",""
"15.333333333333334","","interacts with","0","0.476387186","","BCL9 (interacts with) RUFY1",,"0","0","0","1","0.551219512","0.401554861",,"false","interacts with","BCL9 (interacts with) RUFY1","0","O00512","","Q96T51",""
"8.833333333333332","","interacts with","0","0.476387127","","DSPP (interacts with) ZNF48",,"0","0","0","1","0.551219512","0.401554742",,"false","interacts with","DSPP (interacts with) ZNF48","0","Q9NZW4","","Q96MX3",""
"5.2333333333333325","","interacts with","0","0.461752998","","PAK4 (interacts with) ATMIN",,"0","0","0","1","0.52195122","0.401554777",,"false","interacts with","PAK4 (interacts with) ATMIN","0","O96013","","O43313",""
"7.3888888888888875","","interacts with","0","0.469070288","","ATXN7L2 (interacts with) PAK4",,"0","0","0","1","0.536585366","0.401555209",,"false","interacts with","ATXN7L2 (interacts with) PAK4","0","Q5T6C5","","O96013",""
"7.999999999999999","","interacts with","0","0.461753573","","ATXN7L2 (interacts with) ATMIN",,"0","0","0","1","0.52195122","0.401555926",,"false","interacts with","ATXN7L2 (interacts with) ATMIN","0","Q5T6C5","","O43313",""
"10.333333333333334","","interacts with","0","0.593460934","","BRIX1 (interacts with) ZNF48",,"0","0","0","1","0.785365854","0.401556014",,"false","interacts with","BRIX1 (interacts with) ZNF48","0","Q8TDN6","","Q96MX3",""
"8.555555555555555","","interacts with","0","0.464192344","","ATXN7L2 (interacts with) RTL5",,"0","0","0","1","0.526829268","0.40155542",,"false","interacts with","ATXN7L2 (interacts with) RTL5","0","Q5T6C5","","Q5HYW3",""
"7.666666666666666","","interacts with","0","0.461753111","","MYOCD (interacts with) RTL5",,"0","0","0","1","0.52195122","0.401555002",,"false","interacts with","MYOCD (interacts with) RTL5","0","Q8IZQ8","","Q5HYW3",""
"5.619047619047619","","interacts with","0","0.47638724","","DDX52 (interacts with) UBXN11",,"0","0","0","1","0.551219512","0.401554967",,"false","interacts with","DDX52 (interacts with) UBXN11","0","Q9Y2R4","","Q5T124",""
"8.61904761904762","","interacts with","0","0.469070123","","MYOCD (interacts with) DDX52",,"0","0","0","1","0.536585366","0.401554881",,"false","interacts with","MYOCD (interacts with) DDX52","0","Q8IZQ8","","Q9Y2R4",""
"9.899999999999999","","interacts with","0","0.464192251","","MYOCD (interacts with) TMCO6",,"0","0","0","1","0.526829268","0.401555234",,"false","interacts with","MYOCD (interacts with) TMCO6","0","Q8IZQ8","","Q96DC7",""
"20.333333333333332","","interacts with","0","0.47642633","","SPP1 (interacts with) RFESD",,"1","0","1","1","0.551219512","0.401633148",,"false","interacts with","SPP1 (interacts with) RFESD","0","P10451","","Q8TAC1",""
"6.583333333333332","","interacts with","0","0.476426202","","SPP1 (interacts with) CC2D1B",,"1","0","1","1","0.551219512","0.401632893",,"false","interacts with","SPP1 (interacts with) CC2D1B","0","P10451","","Q5T0F9",""
"14.666666666666666","","interacts with","0","0.476426194","","SPP1 (interacts with) POLR3GL",,"1","0","1","1","0.551219512","0.401632875",,"false","interacts with","SPP1 (interacts with) POLR3GL","0","P10451","","Q9BT43",""
"7.8999999999999995","","interacts with","0","0.469109368","","SPP1 (interacts with) PRR5",,"1","0","1","1","0.536585366","0.40163337",,"false","interacts with","SPP1 (interacts with) PRR5","0","P10451","","P85299",""
"16.166666666666668","","interacts with","0","0.476426429","","SPP1 (interacts with) ANKRD22",,"1","0","1","1","0.551219512","0.401633346",,"false","interacts with","SPP1 (interacts with) ANKRD22","0","P10451","","Q5VYY1",""
"16.166666666666668","","interacts with","0","0.476426385","","SPP1 (interacts with) LCN15",,"1","0","1","1","0.551219512","0.401633257",,"false","interacts with","SPP1 (interacts with) LCN15","0","P10451","","Q6UWW0",""
"19.999999999999996","","interacts with","0","0.476426449","","SPP1 (interacts with) GRAMD2B",,"1","0","1","1","0.551219512","0.401633386",,"false","interacts with","SPP1 (interacts with) GRAMD2B","0","P10451","","Q96HH9",""
"8.983333333333333","","interacts with","0","0.476426212","","SPP1 (interacts with) SALL2",,"1","0","1","1","0.551219512","0.401632911",,"false","interacts with","SPP1 (interacts with) SALL2","0","P10451","","Q9Y467",""
"10.666666666666668","","interacts with","0","0.476426294","","SPP1 (interacts with) ZNF358",,"1","0","1","1","0.551219512","0.401633077",,"false","interacts with","SPP1 (interacts with) ZNF358","0","P10451","","Q9NW07",""
"14.333333333333334","","interacts with","0","0.476426568","","SPP1 (interacts with) PPP1R8",,"1","0","1","1","0.551219512","0.401633624",,"false","interacts with","SPP1 (interacts with) PPP1R8","0","P10451","","Q12972",""
"25.0","","interacts with","0","0.476426414","","SPP1 (interacts with) GARIN2",,"1","0","1","1","0.551219512","0.401633315",,"false","interacts with","SPP1 (interacts with) GARIN2","0","P10451","","Q8N9W8",""
"25.0","","interacts with","0","0.476426307","","IGLV8-61 (interacts with) SPP1",,"0","1","1","1","0.551219512","0.401633102",,"false","interacts with","IGLV8-61 (interacts with) SPP1","0","A0A075B6I0","","P10451",""
"13.899999999999999","","interacts with","0","0.476426129","","TSC22D2 (interacts with) SPP1",,"0","1","1","1","0.551219512","0.401632747",,"false","interacts with","TSC22D2 (interacts with) SPP1","0","O75157","","P10451",""
"19.0","","interacts with","0","0.464231305","","SPP1 (interacts with) RAC3",,"1","0","1","1","0.526829268","0.401633341",,"false","interacts with","SPP1 (interacts with) RAC3","0","P10451","","P60763",""
"27.0","","interacts with","0","0.476426248","","GFY (interacts with) SPP1",,"0","1","1","1","0.551219512","0.401632984",,"false","interacts with","GFY (interacts with) SPP1","0","I3L273","","P10451",""
"7.416666666666666","","interacts with","0","0.476426335","","TRBV10-3 (interacts with) SPP1",,"0","1","1","1","0.551219512","0.401633158",,"false","interacts with","TRBV10-3 (interacts with) SPP1","0","A0A0K0K1G6","","P10451",""
"12.733333333333333","","interacts with","0","0.464231347","","SPP1 (interacts with) LACC1",,"1","0","1","1","0.526829268","0.401633425",,"false","interacts with","SPP1 (interacts with) LACC1","0","P10451","","Q8IV20",""
"8.75","","interacts with","0","0.476426216","","SPP1 (interacts with) PABPC1L2B",,"1","0","1","1","0.551219512","0.401632921",,"false","interacts with","SPP1 (interacts with) PABPC1L2B","0","P10451","","Q5JQF8",""
"10.833333333333332","","interacts with","0","0.464192109","","CC2D1B (interacts with) RFESD",,"0","0","0","1","0.526829268","0.401554949",,"false","interacts with","CC2D1B (interacts with) RFESD","0","Q5T0F9","","Q8TAC1",""
"5.833333333333333","","interacts with","0","0.464192209","","LACC1 (interacts with) RFESD",,"0","0","0","1","0.526829268","0.401555149",,"false","interacts with","LACC1 (interacts with) RFESD","0","Q8IV20","","Q8TAC1",""
"7.333333333333334","","interacts with","0","0.464192073","","CC2D1B (interacts with) POLR3GL",,"0","0","0","1","0.526829268","0.401554877",,"false","interacts with","CC2D1B (interacts with) POLR3GL","0","Q5T0F9","","Q9BT43",""
"6.25","","interacts with","0","0.464192065","","CC2D1B (interacts with) PRR5",,"0","0","0","1","0.526829268","0.401554861",,"false","interacts with","CC2D1B (interacts with) PRR5","0","Q5T0F9","","P85299",""
"7.749999999999999","","interacts with","0","0.464192135","","CC2D1B (interacts with) ANKRD22",,"0","0","0","1","0.526829268","0.401555002",,"false","interacts with","CC2D1B (interacts with) ANKRD22","0","Q5T0F9","","Q5VYY1",""
"7.749999999999999","","interacts with","0","0.476387099","","CC2D1B (interacts with) LCN15",,"0","0","0","1","0.551219512","0.401554687",,"false","interacts with","CC2D1B (interacts with) LCN15","0","Q5T0F9","","Q6UWW0",""
"7.749999999999999","","interacts with","0","0.464192034","","CC2D1B (interacts with) ZNF358",,"0","0","0","1","0.526829268","0.4015548",,"false","interacts with","CC2D1B (interacts with) ZNF358","0","Q5T0F9","","Q9NW07",""
"7.916666666666667","","interacts with","0","0.476387083","","CC2D1B (interacts with) PPP1R8",,"0","0","0","1","0.551219512","0.401554653",,"false","interacts with","CC2D1B (interacts with) PPP1R8","0","Q5T0F9","","Q12972",""
"11.0","","interacts with","0","0.464192074","","CC2D1B (interacts with) IGLV8-61",,"0","0","0","1","0.526829268","0.401554879",,"false","interacts with","CC2D1B (interacts with) IGLV8-61","0","Q5T0F9","","A0A075B6I0",""
"7.833333333333332","","interacts with","0","0.464192041","","CC2D1B (interacts with) TRBV10-3",,"0","0","0","1","0.526829268","0.401554814",,"false","interacts with","CC2D1B (interacts with) TRBV10-3","0","Q5T0F9","","A0A0K0K1G6",""
"9.166666666666666","","interacts with","0","0.464192095","","CC2D1B (interacts with) PABPC1L2B",,"0","0","0","1","0.526829268","0.401554921",,"false","interacts with","CC2D1B (interacts with) PABPC1L2B","0","Q5T0F9","","Q5JQF8",""
"6.333333333333333","","interacts with","0","0.476387348","","PRR5 (interacts with) POLR3GL",,"0","0","0","1","0.551219512","0.401555183",,"false","interacts with","PRR5 (interacts with) POLR3GL","0","P85299","","Q9BT43",""
"7.666666666666667","","interacts with","0","0.469070318","","TRBV10-3 (interacts with) POLR3GL",,"0","0","0","1","0.536585366","0.40155527",,"false","interacts with","TRBV10-3 (interacts with) POLR3GL","0","A0A0K0K1G6","","Q9BT43",""
"5.833333333333333","","interacts with","0","0.476387218","","PRR5 (interacts with) ANKRD22",,"0","0","0","1","0.551219512","0.401554923",,"false","interacts with","PRR5 (interacts with) ANKRD22","0","P85299","","Q5VYY1",""
"5.833333333333333","","interacts with","0","0.46907004","","PRR5 (interacts with) LCN15",,"0","0","0","1","0.536585366","0.401554715",,"false","interacts with","PRR5 (interacts with) LCN15","0","P85299","","Q6UWW0",""
"4.55","","interacts with","0","0.476387231","","PRR5 (interacts with) SALL2",,"0","0","0","1","0.551219512","0.40155495",,"false","interacts with","PRR5 (interacts with) SALL2","0","P85299","","Q9Y467",""
"6.966666666666667","","interacts with","0","0.464192071","","PRR5 (interacts with) TSC22D2",,"0","0","0","1","0.526829268","0.401554874",,"false","interacts with","PRR5 (interacts with) TSC22D2","0","P85299","","O75157",""
"7.333333333333333","","interacts with","0","0.476387192","","PRR5 (interacts with) RAC3",,"0","0","0","1","0.551219512","0.401554871",,"false","interacts with","PRR5 (interacts with) RAC3","0","P85299","","P60763",""
"6.65","","interacts with","0","0.476387183","","TRBV10-3 (interacts with) PRR5",,"0","0","0","1","0.551219512","0.401554855",,"false","interacts with","TRBV10-3 (interacts with) PRR5","0","A0A0K0K1G6","","P85299",""
"6.816666666666666","","interacts with","0","0.464192241","","PABPC1L2B (interacts with) PRR5",,"0","0","0","1","0.526829268","0.401555214",,"false","interacts with","PABPC1L2B (interacts with) PRR5","0","Q5JQF8","","P85299",""
"6.749999999999999","","interacts with","0","0.476387099","","SALL2 (interacts with) ANKRD22",,"0","0","0","1","0.551219512","0.401554686",,"false","interacts with","SALL2 (interacts with) ANKRD22","0","Q9Y467","","Q5VYY1",""
"6.749999999999999","","interacts with","0","0.476387074","","SALL2 (interacts with) LCN15",,"0","0","0","1","0.551219512","0.401554635",,"false","interacts with","SALL2 (interacts with) LCN15","0","Q9Y467","","Q6UWW0",""
"9.25","","interacts with","0","0.476387141","","TRBV10-3 (interacts with) GRAMD2B",,"0","0","0","1","0.551219512","0.40155477",,"false","interacts with","TRBV10-3 (interacts with) GRAMD2B","0","A0A0K0K1G6","","Q96HH9",""
"7.249999999999998","","interacts with","0","0.469070136","","PABPC1L2B (interacts with) GRAMD2B",,"0","0","0","1","0.536585366","0.401554907",,"false","interacts with","PABPC1L2B (interacts with) GRAMD2B","0","Q5JQF8","","Q96HH9",""
"4.916666666666667","","interacts with","0","0.476387194","","SALL2 (interacts with) ZNF358",,"0","0","0","1","0.551219512","0.401554875",,"false","interacts with","SALL2 (interacts with) ZNF358","0","Q9Y467","","Q9NW07",""
"6.916666666666666","","interacts with","0","0.476387157","","SALL2 (interacts with) PPP1R8",,"0","0","0","1","0.551219512","0.401554802",,"false","interacts with","SALL2 (interacts with) PPP1R8","0","Q9Y467","","Q12972",""
"6.333333333333333","","interacts with","0","0.476387162","","SALL2 (interacts with) RAC3",,"0","0","0","1","0.551219512","0.401554812",,"false","interacts with","SALL2 (interacts with) RAC3","0","Q9Y467","","P60763",""
"6.7333333333333325","","interacts with","0","0.476387073","","TRBV10-3 (interacts with) SALL2",,"0","0","0","1","0.551219512","0.401554633",,"false","interacts with","TRBV10-3 (interacts with) SALL2","0","A0A0K0K1G6","","Q9Y467",""
"7.966666666666667","","interacts with","0","0.476387077","","LACC1 (interacts with) SALL2",,"0","0","0","1","0.551219512","0.401554643",,"false","interacts with","LACC1 (interacts with) SALL2","0","Q8IV20","","Q9Y467",""
"6.7333333333333325","","interacts with","0","0.476387067","","PABPC1L2B (interacts with) SALL2",,"0","0","0","1","0.551219512","0.401554623",,"false","interacts with","PABPC1L2B (interacts with) SALL2","0","Q5JQF8","","Q9Y467",""
"3.9999999999999996","","interacts with","0","0.476426386","","ZNF358 (interacts with) RAC3",,"0","0","0","1","0.551219512","0.40163326",,"false","interacts with","ZNF358 (interacts with) RAC3","0","Q9NW07","","P60763",""
"7.083333333333333","","interacts with","0","0.476387146","","TRBV10-3 (interacts with) ZNF358",,"0","0","0","1","0.551219512","0.40155478",,"false","interacts with","TRBV10-3 (interacts with) ZNF358","0","A0A0K0K1G6","","Q9NW07",""
"5.916666666666666","","interacts with","0","0.476387185","","PABPC1L2B (interacts with) ZNF358",,"0","0","0","1","0.551219512","0.401554859",,"false","interacts with","PABPC1L2B (interacts with) ZNF358","0","Q5JQF8","","Q9NW07",""
"7.333333333333333","","interacts with","0","0.46419209","","TRBV10-3 (interacts with) PPP1R8",,"0","0","0","1","0.526829268","0.401554911",,"false","interacts with","TRBV10-3 (interacts with) PPP1R8","0","A0A0K0K1G6","","Q12972",""
"11.0","","interacts with","0","0.476387122","","TRBV10-3 (interacts with) GARIN2",,"0","0","0","1","0.551219512","0.401554732",,"false","interacts with","TRBV10-3 (interacts with) GARIN2","0","A0A0K0K1G6","","Q8N9W8",""
"7.15","","interacts with","0","0.476387103","","TRBV10-3 (interacts with) TSC22D2",,"0","0","0","1","0.551219512","0.401554693",,"false","interacts with","TRBV10-3 (interacts with) TSC22D2","0","A0A0K0K1G6","","O75157",""
"3.8","","interacts with","0","0.464192142","","LACC1 (interacts with) TSC22D2",,"0","0","0","1","0.526829268","0.401555015",,"false","interacts with","LACC1 (interacts with) TSC22D2","0","Q8IV20","","O75157",""
"5.483333333333333","","interacts with","0","0.476387061","","PABPC1L2B (interacts with) TSC22D2",,"0","0","0","1","0.551219512","0.401554611",,"false","interacts with","PABPC1L2B (interacts with) TSC22D2","0","Q5JQF8","","O75157",""
"9.0","","interacts with","0","0.47638719","","PABPC1L2B (interacts with) GFY",,"0","0","0","1","0.551219512","0.401554868",,"false","interacts with","PABPC1L2B (interacts with) GFY","0","Q5JQF8","","I3L273",""
"7.6499999999999995","","interacts with","0","0.476387078","","TRBV10-3 (interacts with) LACC1",,"0","0","0","1","0.551219512","0.401554643",,"false","interacts with","TRBV10-3 (interacts with) LACC1","0","A0A0K0K1G6","","Q8IV20",""
"5.9833333333333325","","interacts with","0","0.46907018","","PABPC1L2B (interacts with) LACC1",,"0","0","0","1","0.536585366","0.401554995",,"false","interacts with","PABPC1L2B (interacts with) LACC1","0","Q5JQF8","","Q8IV20",""
"2.0","","interacts with","0","0.559061391","","SDCCAG8 (interacts with) ODAD1",,"0","0","0","1","0.717073171","0.401049611",,"false","interacts with","SDCCAG8 (interacts with) ODAD1","0","Q86SQ7","","Q96M63",""
"4.0","","interacts with","0","0.561630643","","DPEP2 (interacts with) CHPF2",,"0","0","0","1","0.72195122","0.401310067",,"false","interacts with","DPEP2 (interacts with) CHPF2","0","Q9H4A9","","Q9P2E5",""
"4.0","","interacts with","0","0.461753174","","DPEP2 (interacts with) B3GAT1",,"0","0","0","1","0.52195122","0.401555128",,"false","interacts with","DPEP2 (interacts with) B3GAT1","0","Q9H4A9","","Q9P2W7",""
"0.0","","interacts with","0","0.568118692","","PGR (interacts with) PGR",,"1","1","1","1","0.726829268","0.409408115",,"false","interacts with","PGR (interacts with) PGR","0","P06401","","P06401",""
"32.0","","interacts with","0","0.476426212","","PGR (interacts with) ERLEC1",,"1","0","1","1","0.551219512","0.401632912",,"false","interacts with","PGR (interacts with) ERLEC1","0","P06401","","Q96DZ1",""
"40.0","","interacts with","0","0.476426296","","PGR (interacts with) ZNF582",,"1","0","1","1","0.551219512","0.40163308",,"false","interacts with","PGR (interacts with) ZNF582","0","P06401","","Q96NG8",""
"19.666666666666664","","interacts with","0","0.476426268","","RHOBTB3 (interacts with) PGR",,"0","1","1","1","0.551219512","0.401633023",,"false","interacts with","RHOBTB3 (interacts with) PGR","0","O94955","","P06401",""
"22.999999999999996","","interacts with","0","0.476426245","","PGR (interacts with) RASGEF1B",,"1","0","1","1","0.551219512","0.401632978",,"false","interacts with","PGR (interacts with) RASGEF1B","0","P06401","","Q0VAM2",""
"40.0","","interacts with","0","0.464231248","","PGR (interacts with) PLCZ1",,"1","0","1","1","0.526829268","0.401633228",,"false","interacts with","PGR (interacts with) PLCZ1","0","P06401","","Q86YW0",""
"23.0","","interacts with","0","0.476426252","","AP3B1 (interacts with) PGR",,"0","1","1","1","0.551219512","0.401632992",,"false","interacts with","AP3B1 (interacts with) PGR","0","O00203","","P06401",""
"28.0","","interacts with","0","0.464231259","","PGR (interacts with) CPSF3",,"1","0","1","1","0.526829268","0.40163325",,"false","interacts with","PGR (interacts with) CPSF3","0","P06401","","Q9UKF6",""
"25.166666666666668","","interacts with","0","0.47642621","","PGR (interacts with) PROS1",,"1","0","1","1","0.551219512","0.401632909",,"false","interacts with","PGR (interacts with) PROS1","0","P06401","","P07225",""
"13.666666666666666","","interacts with","0","0.47642624","","PDPK1 (interacts with) PGR",,"0","1","1","1","0.551219512","0.401632968",,"false","interacts with","PDPK1 (interacts with) PGR","0","O15530","","P06401",""
"18.466666666666665","","interacts with","0","0.476426238","","PGR (interacts with) PPP2R3C",,"1","0","1","1","0.551219512","0.401632965",,"false","interacts with","PGR (interacts with) PPP2R3C","0","P06401","","Q969Q6",""
"21.5","","interacts with","0","0.464231247","","PGR (interacts with) DBR1",,"1","0","1","1","0.526829268","0.401633226",,"false","interacts with","PGR (interacts with) DBR1","0","P06401","","Q9UK59",""
"33.46666666666667","","interacts with","0","0.47642619","","SUV39H1 (interacts with) PGR",,"0","1","1","1","0.551219512","0.401632868",,"false","interacts with","SUV39H1 (interacts with) PGR","0","O43463","","P06401",""
"28.0","","interacts with","0","0.47642625","","PGR (interacts with) FUBP1",,"1","0","1","1","0.551219512","0.401632987",,"false","interacts with","PGR (interacts with) FUBP1","0","P06401","","Q96AE4",""
"11.11904761904762","","interacts with","0","0.476426167","","PGR (interacts with) KIF27",,"1","0","1","1","0.551219512","0.401632821",,"false","interacts with","PGR (interacts with) KIF27","0","P06401","","Q86VH2",""
"19.666666666666664","","interacts with","0","0.476426217","","PGR (interacts with) SNX27",,"1","0","1","1","0.551219512","0.401632921",,"false","interacts with","PGR (interacts with) SNX27","0","P06401","","Q96L92",""
"25.0","","interacts with","0","0.476426245","","PGR (interacts with) TXNRD3",,"1","0","1","1","0.551219512","0.401632977",,"false","interacts with","PGR (interacts with) TXNRD3","0","P06401","","Q86VQ6",""
"17.785714285714285","","interacts with","0","0.476426198","","PGR (interacts with) CEP162",,"1","0","1","1","0.551219512","0.401632883",,"false","interacts with","PGR (interacts with) CEP162","0","P06401","","Q5TB80",""
"40.0","","interacts with","0","0.476426212","","PGR (interacts with) NT5DC4",,"1","0","1","1","0.551219512","0.401632911",,"false","interacts with","PGR (interacts with) NT5DC4","0","P06401","","Q86YG4",""
"22.999999999999996","","interacts with","0","0.476426252","","PGR (interacts with) HMGCS2",,"1","0","1","1","0.551219512","0.401632992",,"false","interacts with","PGR (interacts with) HMGCS2","0","P06401","","P54868",""
"6.0","","interacts with","0","0.476387082","","ERLEC1 (interacts with) AP3B1",,"0","0","0","1","0.551219512","0.401554651",,"false","interacts with","ERLEC1 (interacts with) AP3B1","0","Q96DZ1","","O00203",""
"4.0","","interacts with","0","0.46419219","","ERLEC1 (interacts with) TXNRD3",,"0","0","0","1","0.526829268","0.401555112",,"false","interacts with","ERLEC1 (interacts with) TXNRD3","0","Q96DZ1","","Q86VQ6",""
"5.0","","interacts with","0","0.476387132","","RHOBTB3 (interacts with) AP3B1",,"0","0","0","1","0.551219512","0.401554752",,"false","interacts with","RHOBTB3 (interacts with) AP3B1","0","O94955","","O00203",""
"10.452380952380953","","interacts with","0","0.47638708","","RHOBTB3 (interacts with) KIF27",,"0","0","0","1","0.551219512","0.401554647",,"false","interacts with","RHOBTB3 (interacts with) KIF27","0","O94955","","Q86VH2",""
"7.452380952380952","","interacts with","0","0.476387081","","RHOBTB3 (interacts with) CEP162",,"0","0","0","1","0.551219512","0.401554649",,"false","interacts with","RHOBTB3 (interacts with) CEP162","0","O94955","","Q5TB80",""
"10.285714285714285","","interacts with","0","0.47638717","","RASGEF1B (interacts with) KIF27",,"0","0","0","1","0.551219512","0.401554829",,"false","interacts with","RASGEF1B (interacts with) KIF27","0","Q0VAM2","","Q86VH2",""
"7.285714285714286","","interacts with","0","0.476387175","","RASGEF1B (interacts with) CEP162",,"0","0","0","1","0.551219512","0.401554837",,"false","interacts with","RASGEF1B (interacts with) CEP162","0","Q0VAM2","","Q5TB80",""
"10.0","","interacts with","0","0.476387024","","PDPK1 (interacts with) AP3B1",,"0","0","0","1","0.551219512","0.401554537",,"false","interacts with","PDPK1 (interacts with) AP3B1","0","O15530","","O00203",""
"5.0","","interacts with","0","0.469070184","","AP3B1 (interacts with) SNX27",,"0","0","0","1","0.536585366","0.401555002",,"false","interacts with","AP3B1 (interacts with) SNX27","0","O00203","","Q96L92",""
"8.500000000000002","","interacts with","0","0.476387113","","PDPK1 (interacts with) CPSF3",,"0","0","0","1","0.551219512","0.401554714",,"false","interacts with","PDPK1 (interacts with) CPSF3","0","O15530","","Q9UKF6",""
"4.499999999999999","","interacts with","0","0.469070625","","DBR1 (interacts with) CPSF3",,"0","0","0","1","0.536585366","0.401555885",,"false","interacts with","DBR1 (interacts with) CPSF3","0","Q9UK59","","Q9UKF6",""
"40.0","","interacts with","0","0.603317141","","ZNF829 (interacts with) SUV39H1",,"0","0","0","1","0.804878049","0.401756233",,"false","interacts with","ZNF829 (interacts with) SUV39H1","0","Q3KNS6","","O43463",""
"3.966666666666667","","interacts with","0","0.476387315","","PROS1 (interacts with) PPP2R3C",,"0","0","0","1","0.551219512","0.401555118",,"false","interacts with","PROS1 (interacts with) PPP2R3C","0","P07225","","Q969Q6",""
"6.966666666666667","","interacts with","0","0.461752985","","PROS1 (interacts with) SUV39H1",,"0","0","0","1","0.52195122","0.401554751",,"false","interacts with","PROS1 (interacts with) SUV39H1","0","P07225","","O43463",""
"5.5","","interacts with","0","0.476387084","","PROS1 (interacts with) CEP162",,"0","0","0","1","0.551219512","0.401554656",,"false","interacts with","PROS1 (interacts with) CEP162","0","P07225","","Q5TB80",""
"5.966666666666667","","interacts with","0","0.464192379","","PDPK1 (interacts with) PPP2R3C",,"0","0","0","1","0.526829268","0.40155549",,"false","interacts with","PDPK1 (interacts with) PPP2R3C","0","O15530","","Q969Q6",""
"10.466666666666665","","interacts with","0","0.461752993","","PDPK1 (interacts with) SUV39H1",,"0","0","0","1","0.52195122","0.401554767",,"false","interacts with","PDPK1 (interacts with) SUV39H1","0","O15530","","O43463",""
"7.619047619047619","","interacts with","0","0.476387026","","PDPK1 (interacts with) KIF27",,"0","0","0","1","0.551219512","0.401554541",,"false","interacts with","PDPK1 (interacts with) KIF27","0","O15530","","Q86VH2",""
"6.9523809523809526","","interacts with","0","0.476387024","","PDPK1 (interacts with) CEP162",,"0","0","0","1","0.551219512","0.401554537",,"false","interacts with","PDPK1 (interacts with) CEP162","0","O15530","","Q5TB80",""
"7.0","","interacts with","0","0.461753149","","PDPK1 (interacts with) HMGCS2",,"0","0","0","1","0.52195122","0.401555079",,"false","interacts with","PDPK1 (interacts with) HMGCS2","0","O15530","","P54868",""
"9.41904761904762","","interacts with","0","0.476387153","","PPP2R3C (interacts with) KIF27",,"0","0","0","1","0.551219512","0.401554794",,"false","interacts with","PPP2R3C (interacts with) KIF27","0","Q969Q6","","Q86VH2",""
"5.085714285714286","","interacts with","0","0.476387159","","CEP162 (interacts with) PPP2R3C",,"0","0","0","1","0.551219512","0.401554807",,"false","interacts with","CEP162 (interacts with) PPP2R3C","0","Q5TB80","","Q969Q6",""
"7.833333333333333","","interacts with","0","0.461753062","","DBR1 (interacts with) SUV39H1",,"0","0","0","1","0.52195122","0.401554904",,"false","interacts with","DBR1 (interacts with) SUV39H1","0","Q9UK59","","O43463",""
"10.166666666666666","","interacts with","0","0.476387177","","DBR1 (interacts with) KIF27",,"0","0","0","1","0.551219512","0.401554841",,"false","interacts with","DBR1 (interacts with) KIF27","0","Q9UK59","","Q86VH2",""
"15.085714285714285","","interacts with","0","0.476387056","","SUV39H1 (interacts with) KIF27",,"0","0","0","1","0.551219512","0.401554601",,"false","interacts with","SUV39H1 (interacts with) KIF27","0","O43463","","Q86VH2",""
"10.085714285714285","","interacts with","0","0.476387102","","CEP162 (interacts with) SUV39H1",,"0","0","0","1","0.551219512","0.401554691",,"false","interacts with","CEP162 (interacts with) SUV39H1","0","Q5TB80","","O43463",""
"12.0","","interacts with","0","0.464192151","","FUBP1 (interacts with) KIF27",,"0","0","0","1","0.526829268","0.401555034",,"false","interacts with","FUBP1 (interacts with) KIF27","0","Q96AE4","","Q86VH2",""
"10.452380952380953","","interacts with","0","0.476387102","","SNX27 (interacts with) KIF27",,"0","0","0","1","0.551219512","0.401554692",,"false","interacts with","SNX27 (interacts with) KIF27","0","Q96L92","","Q86VH2",""
"13.0","","interacts with","0","0.476387143","","TXNRD3 (interacts with) KIF27",,"0","0","0","1","0.551219512","0.401554774",,"false","interacts with","TXNRD3 (interacts with) KIF27","0","Q86VQ6","","Q86VH2",""
"10.0","","interacts with","0","0.464192152","","HMGCS2 (interacts with) KIF27",,"0","0","0","1","0.526829268","0.401555036",,"false","interacts with","HMGCS2 (interacts with) KIF27","0","P54868","","Q86VH2",""
"7.452380952380952","","interacts with","0","0.476387113","","CEP162 (interacts with) SNX27",,"0","0","0","1","0.551219512","0.401554714",,"false","interacts with","CEP162 (interacts with) SNX27","0","Q5TB80","","Q96L92",""
"18.0","","interacts with","0","0.476426234","","VTN (interacts with) PFKL",,"1","0","1","1","0.551219512","0.401632955",,"false","interacts with","VTN (interacts with) PFKL","0","P04004","","P17858",""
"18.333333333333332","","interacts with","0","0.47642619","","VTN (interacts with) RPS6KC1",,"1","0","1","1","0.551219512","0.401632868",,"false","interacts with","VTN (interacts with) RPS6KC1","0","P04004","","Q96S38",""
"16.166666666666664","","interacts with","0","0.464255168","","VTN (interacts with) FGD5",,"1","0","1","1","0.526829268","0.401681067",,"false","interacts with","VTN (interacts with) FGD5","0","P04004","","Q6ZNL6",""
"26.0","","interacts with","0","0.46181619","","PPFIA4 (interacts with) VTN",,"0","1","1","1","0.52195122","0.40168116",,"false","interacts with","PPFIA4 (interacts with) VTN","0","O75335","","P04004",""
"15.0","","interacts with","0","0.476426228","","VTN (interacts with) USP35",,"1","0","1","1","0.551219512","0.401632944",,"false","interacts with","VTN (interacts with) USP35","0","P04004","","Q9P2H5",""
"15.333333333333334","","interacts with","0","0.476426269","","VTN (interacts with) STON1",,"1","0","1","1","0.551219512","0.401633026",,"false","interacts with","VTN (interacts with) STON1","0","P04004","","Q9Y6Q2",""
"18.0","","interacts with","0","0.476426208","","VTN (interacts with) THBS4",,"1","0","1","1","0.551219512","0.401632904",,"false","interacts with","VTN (interacts with) THBS4","0","P04004","","P35443",""
"26.0","","interacts with","0","0.47642622","","VTN (interacts with) JMY",,"1","0","1","1","0.551219512","0.401632927",,"false","interacts with","VTN (interacts with) JMY","0","P04004","","Q8N9B5",""
"18.0","","interacts with","0","0.476426225","","TLR4 (interacts with) VTN",,"0","1","1","1","0.551219512","0.401632937",,"false","interacts with","TLR4 (interacts with) VTN","0","O00206","","P04004",""
"9.166666666666668","","interacts with","0","0.476426177","","VTN (interacts with) NHS",,"1","0","1","1","0.551219512","0.401632843",,"false","interacts with","VTN (interacts with) NHS","0","P04004","","Q6T4R5",""
"26.0","","interacts with","0","0.476426313","","ABCB7 (interacts with) VTN",,"0","1","1","1","0.551219512","0.401633114",,"false","interacts with","ABCB7 (interacts with) VTN","0","O75027","","P04004",""
"12.166666666666666","","interacts with","0","0.469109348","","VTN (interacts with) LIPK",,"1","0","1","1","0.536585366","0.401633331",,"false","interacts with","VTN (interacts with) LIPK","0","P04004","","Q5VXJ0",""
"13.166666666666666","","interacts with","0","0.476426242","","VTN (interacts with) SEC23B",,"1","0","1","1","0.551219512","0.401632973",,"false","interacts with","VTN (interacts with) SEC23B","0","P04004","","Q15437",""
"8.0","","interacts with","0","0.476387097","","NHS (interacts with) PFKL",,"0","0","0","1","0.551219512","0.401554682",,"false","interacts with","NHS (interacts with) PFKL","0","Q6T4R5","","P17858",""
"4.833333333333333","","interacts with","0","0.47638721","","LIPK (interacts with) RPS6KC1",,"0","0","0","1","0.551219512","0.401554907",,"false","interacts with","LIPK (interacts with) RPS6KC1","0","Q5VXJ0","","Q96S38",""
"3.8333333333333335","","interacts with","0","0.476387132","","SEC23B (interacts with) RPS6KC1",,"0","0","0","1","0.551219512","0.401554751",,"false","interacts with","SEC23B (interacts with) RPS6KC1","0","Q15437","","Q96S38",""
"3.833333333333333","","interacts with","0","0.461777068","","FGD5 (interacts with) STON1",,"0","0","0","1","0.52195122","0.401602916",,"false","interacts with","FGD5 (interacts with) STON1","0","Q6ZNL6","","Q9Y6Q2",""
"5.333333333333333","","interacts with","0","0.464216199","","LIPK (interacts with) FGD5",,"0","0","0","1","0.526829268","0.401603131",,"false","interacts with","LIPK (interacts with) FGD5","0","Q5VXJ0","","Q6ZNL6",""
"4.333333333333333","","interacts with","0","0.461777237","","SEC23B (interacts with) FGD5",,"0","0","0","1","0.52195122","0.401603254",,"false","interacts with","SEC23B (interacts with) FGD5","0","Q15437","","Q6ZNL6",""
"7.0","","interacts with","0","0.476387266","","NHS (interacts with) USP35",,"0","0","0","1","0.551219512","0.401555019",,"false","interacts with","NHS (interacts with) USP35","0","Q6T4R5","","Q9P2H5",""
"4.0","","interacts with","0","0.469070169","","LIPK (interacts with) USP35",,"0","0","0","1","0.536585366","0.401554972",,"false","interacts with","LIPK (interacts with) USP35","0","Q5VXJ0","","Q9P2H5",""
"7.833333333333332","","interacts with","0","0.464192106","","NHS (interacts with) STON1",,"0","0","0","1","0.526829268","0.401554943",,"false","interacts with","NHS (interacts with) STON1","0","Q6T4R5","","Q9Y6Q2",""
"8.0","","interacts with","0","0.476387134","","NHS (interacts with) THBS4",,"0","0","0","1","0.551219512","0.401554755",,"false","interacts with","NHS (interacts with) THBS4","0","Q6T4R5","","P35443",""
"8.0","","interacts with","0","0.464192168","","NHS (interacts with) TLR4",,"0","0","0","1","0.526829268","0.401555068",,"false","interacts with","NHS (interacts with) TLR4","0","Q6T4R5","","O00206",""
"7.333333333333332","","interacts with","0","0.476387186","","LIPK (interacts with) NHS",,"0","0","0","1","0.551219512","0.401554859",,"false","interacts with","LIPK (interacts with) NHS","0","Q5VXJ0","","Q6T4R5",""
"8.333333333333332","","interacts with","0","0.476387255","","NHS (interacts with) SEC23B",,"0","0","0","1","0.551219512","0.401554997",,"false","interacts with","NHS (interacts with) SEC23B","0","Q6T4R5","","Q15437",""
"2.0","","interacts with","0","0.564068387","","MAP4K5 (interacts with) PPM1B",,"0","0","0","1","0.726829268","0.401307506",,"false","interacts with","MAP4K5 (interacts with) PPM1B","0","Q9Y4K4","","O75688",""
"69.04261274799667","","interacts with","0","0.464255252","","COL5A3 (interacts with) RARS1",,"1","0","1","1","0.526829268","0.401681236",,"false","interacts with","COL5A3 (interacts with) RARS1","0","P25940","","P54136",""
"51.84767069551364","","interacts with","0","0.476426192","","NCR1 (interacts with) COL5A3",,"0","1","1","1","0.551219512","0.401632871",,"false","interacts with","NCR1 (interacts with) COL5A3","0","O76036","","P25940",""
"60.96293340539241","","interacts with","0","0.476426218","","COL5A3 (interacts with) SLC2A11",,"1","0","1","1","0.551219512","0.401632924",,"false","interacts with","COL5A3 (interacts with) SLC2A11","0","P25940","","Q9BYW1",""
"56.71589538594062","","interacts with","0","0.47642629","","COL5A3 (interacts with) ITFG2",,"1","0","1","1","0.551219512","0.401633067",,"false","interacts with","COL5A3 (interacts with) ITFG2","0","P25940","","Q969R8",""
"46.28601032846936","","interacts with","0","0.476426172","","COL5A3 (interacts with) SHC2",,"1","0","1","1","0.551219512","0.401632832",,"false","interacts with","COL5A3 (interacts with) SHC2","0","P25940","","P98077",""
"43.852676995136015","","interacts with","0","0.476426173","","COL5A3 (interacts with) THNSL2",,"1","0","1","1","0.551219512","0.401632835",,"false","interacts with","COL5A3 (interacts with) THNSL2","0","P25940","","Q86YJ6",""
"54.62767699513601","","interacts with","0","0.464231233","","COL5A3 (interacts with) COX11",,"1","0","1","1","0.526829268","0.401633197",,"false","interacts with","COL5A3 (interacts with) COX11","0","P25940","","Q9Y6N1",""
"56.50000000000001","","interacts with","0","0.476426143","","COL5A3 (interacts with) MAMLD1",,"1","0","1","1","0.551219512","0.401632773",,"false","interacts with","COL5A3 (interacts with) MAMLD1","0","P25940","","Q13495",""
"66.61904761904762","","interacts with","0","0.476426296","","COL5A3 (interacts with) DZIP1",,"1","0","1","1","0.551219512","0.40163308",,"false","interacts with","COL5A3 (interacts with) DZIP1","0","P25940","","Q86YF9",""
"81.5","","interacts with","0","0.461816214","","COL5A3 (interacts with) MARK1",,"1","0","1","1","0.52195122","0.401681209",,"false","interacts with","COL5A3 (interacts with) MARK1","0","P25940","","Q9P0L2",""
"54.28456735049175","","interacts with","0","0.464255319","","COL5A3 (interacts with) OSGIN2",,"1","0","1","1","0.526829268","0.40168137",,"false","interacts with","COL5A3 (interacts with) OSGIN2","0","P25940","","Q9Y236",""
"78.91666666666666","","interacts with","0","0.4764263","","ARHGEF15 (interacts with) COL5A3",,"0","1","1","1","0.551219512","0.401633089",,"false","interacts with","ARHGEF15 (interacts with) COL5A3","0","O94989","","P25940",""
"33.88576593360889","","interacts with","0","0.47642623","","COL5A3 (interacts with) CNR2",,"1","1","1","1","0.551219512","0.401632948",,"false","interacts with","COL5A3 (interacts with) CNR2","0","P25940","","P34972",""
"52.85267699513601","","interacts with","0","0.476426185","","COL5A3 (interacts with) TTYH1",,"1","0","1","1","0.551219512","0.401632857",,"false","interacts with","COL5A3 (interacts with) TTYH1","0","P25940","","Q9H313",""
"46.62862307646602","","interacts with","0","0.476426163","","COL5A3 (interacts with) APOBEC3C",,"1","0","1","1","0.551219512","0.401632815",,"false","interacts with","COL5A3 (interacts with) APOBEC3C","0","P25940","","Q9NRW3",""
"87.33333333333333","","interacts with","0","0.464255189","","COL5A3 (interacts with) ZNF595",,"1","0","1","1","0.526829268","0.40168111",,"false","interacts with","COL5A3 (interacts with) ZNF595","0","P25940","","Q8IYB9",""
"40.528623076466026","","interacts with","0","0.461816147","","ST8SIA5 (interacts with) COL5A3",,"0","1","1","1","0.52195122","0.401681075",,"false","interacts with","ST8SIA5 (interacts with) COL5A3","0","O15466","","P25940",""
"56.71589538594064","","interacts with","0","0.476426172","","COL5A3 (interacts with) IHH",,"1","0","1","1","0.551219512","0.401632833",,"false","interacts with","COL5A3 (interacts with) IHH","0","P25940","","Q14623",""
"34.3","","interacts with","0","0.476426228","","COL5A3 (interacts with) TELO2",,"1","0","1","1","0.551219512","0.401632944",,"false","interacts with","COL5A3 (interacts with) TELO2","0","P25940","","Q9Y4R8",""
"50.775000000000006","","interacts with","0","0.476426163","","COL5A3 (interacts with) CENPL",,"1","0","1","1","0.551219512","0.401632814",,"false","interacts with","COL5A3 (interacts with) CENPL","0","P25940","","Q8N0S6",""
"73.04261274799667","","interacts with","0","0.464255189","","COL5A3 (interacts with) ZNF570",,"1","0","1","1","0.526829268","0.40168111",,"false","interacts with","COL5A3 (interacts with) ZNF570","0","P25940","","Q96NI8",""
"52.788888888888884","","interacts with","0","0.476426243","","COL5A3 (interacts with) KAZN",,"1","0","1","1","0.551219512","0.401632974",,"false","interacts with","COL5A3 (interacts with) KAZN","0","P25940","","Q674X7",""
"51.33075186144618","","interacts with","0","0.476426264","","UBTFL6 (interacts with) COL5A3",,"0","1","1","1","0.551219512","0.401633016",,"false","interacts with","UBTFL6 (interacts with) COL5A3","0","P0CB48","","P25940",""
"46.95267699513603","","interacts with","0","0.476426181","","COL5A3 (interacts with) LPCAT1",,"1","0","1","1","0.551219512","0.401632849",,"false","interacts with","COL5A3 (interacts with) LPCAT1","0","P25940","","Q8NF37",""
"40.70808825054726","","interacts with","0","0.476426258","","COL5A3 (interacts with) KCNK10",,"1","0","1","1","0.551219512","0.401633005",,"false","interacts with","COL5A3 (interacts with) KCNK10","0","P25940","","P57789",""
"51.80757895592037","","interacts with","0","0.476426159","","UBTFL1 (interacts with) COL5A3",,"0","1","1","1","0.551219512","0.401632806",,"false","interacts with","UBTFL1 (interacts with) COL5A3","0","P0CB47","","P25940",""
"63.856060606060616","","interacts with","0","0.476426166","","COL5A3 (interacts with) DAW1",,"1","0","1","1","0.551219512","0.40163282",,"false","interacts with","COL5A3 (interacts with) DAW1","0","P25940","","Q8N136",""
"50.18587822540917","","interacts with","0","0.476426154","","COL5A3 (interacts with) SULT1C3",,"1","0","1","1","0.551219512","0.401632797",,"false","interacts with","COL5A3 (interacts with) SULT1C3","0","P25940","","Q6IMI6",""
"53.9","","interacts with","0","0.476426188","","COL5A3 (interacts with) TBCE",,"1","0","1","1","0.551219512","0.401632865",,"false","interacts with","COL5A3 (interacts with) TBCE","0","P25940","","Q15813",""
"45.691006430537364","","interacts with","0","0.476426156","","COL5A3 (interacts with) RGR",,"1","0","1","1","0.551219512","0.401632799",,"false","interacts with","COL5A3 (interacts with) RGR","0","P25940","","P47804",""
"69.25441225441226","","interacts with","0","0.476426208","","PRAMEF27 (interacts with) COL5A3",,"0","1","1","1","0.551219512","0.401632904",,"false","interacts with","PRAMEF27 (interacts with) COL5A3","0","A3QJZ7","","P25940",""
"81.16666666666666","","interacts with","0","0.461816182","","COL5A3 (interacts with) SLC26A3",,"1","0","1","1","0.52195122","0.401681145",,"false","interacts with","COL5A3 (interacts with) SLC26A3","0","P25940","","P40879",""
"56.71589538594063","","interacts with","0","0.476426177","","COL5A3 (interacts with) LMNTD1",,"1","0","1","1","0.551219512","0.401632841",,"false","interacts with","COL5A3 (interacts with) LMNTD1","0","P25940","","Q8N9Z9",""
"70.80000000000001","","interacts with","0","0.476426204","","RGL2 (interacts with) COL5A3",,"0","1","1","1","0.551219512","0.401632896",,"false","interacts with","RGL2 (interacts with) COL5A3","0","O15211","","P25940",""
"46.386010328469354","","interacts with","0","0.476426157","","SLC17A2 (interacts with) COL5A3",,"0","1","1","1","0.551219512","0.401632801",,"false","interacts with","SLC17A2 (interacts with) COL5A3","0","O00624","","P25940",""
"19.14126984126984","","interacts with","0","0.47642623","","COL5A3 (interacts with) MYH16",,"1","0","1","1","0.551219512","0.401632948",,"false","interacts with","COL5A3 (interacts with) MYH16","0","P25940","","Q9H6N6",""
"32.08587822540915","","interacts with","0","0.476426176","","UPK1A (interacts with) COL5A3",,"0","1","1","1","0.551219512","0.401632839",,"false","interacts with","UPK1A (interacts with) COL5A3","0","O00322","","P25940",""
"55.04922871927395","","interacts with","0","0.476426155","","COL5A3 (interacts with) TLCD3B",,"1","0","1","1","0.551219512","0.401632799",,"false","interacts with","COL5A3 (interacts with) TLCD3B","0","P25940","","Q71RH2",""
"56.715895385940634","","interacts with","0","0.476426171","","COL5A3 (interacts with) KLHL35",,"1","0","1","1","0.551219512","0.40163283",,"false","interacts with","COL5A3 (interacts with) KLHL35","0","P25940","","Q6PF15",""
"55.861240544249746","","interacts with","0","0.476426262","","FCER1A (interacts with) COL5A3",,"0","1","1","1","0.551219512","0.401633013",,"false","interacts with","FCER1A (interacts with) COL5A3","0","P12319","","P25940",""
"47.83587822540917","","interacts with","0","0.476426183","","COL5A3 (interacts with) AIG1",,"1","0","1","1","0.551219512","0.401632854",,"false","interacts with","COL5A3 (interacts with) AIG1","0","P25940","","Q9NVV5",""
"53.82472000588871","","interacts with","0","0.47642615","","COL5A3 (interacts with) SHF",,"1","0","1","1","0.551219512","0.401632787",,"false","interacts with","COL5A3 (interacts with) SHF","0","P25940","","Q7M4L6",""
"83.57748917748916","","interacts with","0","0.476426211","","COL5A3 (interacts with) PRAMEF19",,"1","0","1","1","0.551219512","0.40163291",,"false","interacts with","COL5A3 (interacts with) PRAMEF19","0","P25940","","Q5SWL8",""
"56.88601032846934","","interacts with","0","0.476426322","","DLAT (interacts with) COL5A3",,"0","1","1","1","0.551219512","0.401633131",,"false","interacts with","DLAT (interacts with) COL5A3","0","P10515","","P25940",""
"66.83333333333333","","interacts with","0","0.461816301","","COL5A3 (interacts with) NIBAN1",,"1","0","1","1","0.52195122","0.401681383",,"false","interacts with","COL5A3 (interacts with) NIBAN1","0","P25940","","Q9BZQ8",""
"53.30832703371097","","interacts with","0","0.47642616","","COL5A3 (interacts with) PRSS8",,"1","0","1","1","0.551219512","0.401632807",,"false","interacts with","COL5A3 (interacts with) PRSS8","0","P25940","","Q16651",""
"82.5","","interacts with","0","0.464255254","","COL5A3 (interacts with) HLCS",,"1","0","1","1","0.526829268","0.401681239",,"false","interacts with","COL5A3 (interacts with) HLCS","0","P25940","","P50747",""
"53.719343661802675","","interacts with","0","0.476426197","","COL5A3 (interacts with) CORO1B",,"1","0","1","1","0.551219512","0.401632881",,"false","interacts with","COL5A3 (interacts with) CORO1B","0","P25940","","Q9BR76",""
"49.707578955920354","","interacts with","0","0.476426164","","COL5A3 (interacts with) FCRL6",,"1","0","1","1","0.551219512","0.401632815",,"false","interacts with","COL5A3 (interacts with) FCRL6","0","P25940","","Q6DN72",""
"8.5","","interacts with","0","0.476387339","","RARS1 (interacts with) MARK1",,"0","0","0","1","0.551219512","0.401555167",,"false","interacts with","RARS1 (interacts with) MARK1","0","P54136","","Q9P0L2",""
"10.665027322404372","","interacts with","0","0.47638703","","RARS1 (interacts with) OSGIN2",,"0","0","0","1","0.551219512","0.401554548",,"false","interacts with","RARS1 (interacts with) OSGIN2","0","P54136","","Q9Y236",""
"5.7661202185792355","","interacts with","0","0.47638707","","RARS1 (interacts with) ST8SIA5",,"0","0","0","1","0.551219512","0.401554627",,"false","interacts with","RARS1 (interacts with) ST8SIA5","0","P54136","","O15466",""
"15.332795114649636","","interacts with","0","0.593460305","","RARS1 (interacts with) RIN3",,"0","0","0","1","0.785365854","0.401554757",,"false","interacts with","RARS1 (interacts with) RIN3","0","P54136","","Q8TB24",""
"4.5","","interacts with","0","0.476387332","","RARS1 (interacts with) ZNF570",,"0","0","0","1","0.551219512","0.401555153",,"false","interacts with","RARS1 (interacts with) ZNF570","0","P54136","","Q96NI8",""
"6.666666666666666","","interacts with","0","0.469070132","","RARS1 (interacts with) SLC26A3",,"0","0","0","1","0.536585366","0.401554899",,"false","interacts with","RARS1 (interacts with) SLC26A3","0","P54136","","P40879",""
"12.60970996216898","","interacts with","0","0.588508752","","RARS1 (interacts with) DLAT",,"0","0","0","1","0.775609756","0.401407748",,"false","interacts with","RARS1 (interacts with) DLAT","0","P54136","","P10515",""
"9.163879598662207","","interacts with","0","0.476387093","","RARS1 (interacts with) NIBAN1",,"0","0","0","1","0.551219512","0.401554674",,"false","interacts with","RARS1 (interacts with) NIBAN1","0","P54136","","Q9BZQ8",""
"7.833333333333333","","interacts with","0","0.461753183","","RARS1 (interacts with) HLCS",,"0","0","0","1","0.52195122","0.401555147",,"false","interacts with","RARS1 (interacts with) HLCS","0","P54136","","P50747",""
"14.366120218579235","","interacts with","0","0.593390687","","RARS1 (interacts with) CORO1B",,"0","0","0","1","0.785365854","0.401415521",,"false","interacts with","RARS1 (interacts with) CORO1B","0","P54136","","Q9BR76",""
"17.18314141101865","","interacts with","0","0.47638715","","RARS1 (interacts with) BRDT",,"0","0","0","1","0.551219512","0.401554788",,"false","interacts with","RARS1 (interacts with) BRDT","0","P54136","","Q58F21",""
"10.325000000000001","","interacts with","0","0.464192228","","NCR1 (interacts with) SHC2",,"0","0","0","1","0.526829268","0.401555187",,"false","interacts with","NCR1 (interacts with) SHC2","0","O76036","","P98077",""
"8.045714285714286","","interacts with","0","0.476387225","","NCR1 (interacts with) MAMLD1",,"0","0","0","1","0.551219512","0.401554937",,"false","interacts with","NCR1 (interacts with) MAMLD1","0","O76036","","Q13495",""
"17.467118359092037","","interacts with","0","0.461777152","","NCR1 (interacts with) RIN3",,"0","0","0","1","0.52195122","0.401603084",,"false","interacts with","NCR1 (interacts with) RIN3","0","O76036","","Q8TB24",""
"13.130435101982417","","interacts with","0","0.476387214","","NCR1 (interacts with) TELO2",,"0","0","0","1","0.551219512","0.401554917",,"false","interacts with","NCR1 (interacts with) TELO2","0","O76036","","Q9Y4R8",""
"9.466666666666667","","interacts with","0","0.46419211","","NCR1 (interacts with) LPCAT1",,"0","0","0","1","0.526829268","0.401554951",,"false","interacts with","NCR1 (interacts with) LPCAT1","0","O76036","","Q8NF37",""
"25.915521960823924","","interacts with","0","0.46177705","","NCR1 (interacts with) CROCC2",,"0","0","0","1","0.52195122","0.40160288",,"false","interacts with","NCR1 (interacts with) CROCC2","0","O76036","","H7BZ55",""
"8.727905427905426","","interacts with","0","0.476387117","","NCR1 (interacts with) RGL2",,"0","0","0","1","0.551219512","0.401554721",,"false","interacts with","NCR1 (interacts with) RGL2","0","O76036","","O15211",""
"18.50848670085242","","interacts with","0","0.461777125","","NCR1 (interacts with) BRDT",,"0","0","0","1","0.52195122","0.401603031",,"false","interacts with","NCR1 (interacts with) BRDT","0","O76036","","Q58F21",""
"10.50769230769231","","interacts with","0","0.476426246","","SLC2A11 (interacts with) TELO2",,"0","0","0","1","0.551219512","0.401632981",,"false","interacts with","SLC2A11 (interacts with) TELO2","0","Q9BYW1","","Q9Y4R8",""
"26.03472827718729","","interacts with","0","0.46177714","","CROCC2 (interacts with) SLC2A11",,"0","0","0","1","0.52195122","0.401603061",,"false","interacts with","CROCC2 (interacts with) SLC2A11","0","H7BZ55","","Q9BYW1",""
"7.333333333333334","","interacts with","0","0.461753067","","SLC2A11 (interacts with) RGR",,"0","0","0","1","0.52195122","0.401554914",,"false","interacts with","SLC2A11 (interacts with) RGR","0","Q9BYW1","","P47804",""
"24.23794840734919","","interacts with","0","0.461777146","","CROCC2 (interacts with) ITFG2",,"0","0","0","1","0.52195122","0.401603073",,"false","interacts with","CROCC2 (interacts with) ITFG2","0","H7BZ55","","Q969R8",""
"23.880673711063757","","interacts with","0","0.476387154","","MYH16 (interacts with) ITFG2",,"0","0","0","1","0.551219512","0.401554797",,"false","interacts with","MYH16 (interacts with) ITFG2","0","Q9H6N6","","Q969R8",""
"3.8583333333333334","","interacts with","0","0.464231326","","COX11 (interacts with) SHC2",,"0","0","0","1","0.526829268","0.401633384",,"false","interacts with","COX11 (interacts with) SHC2","0","Q9Y6N1","","P98077",""
"10.151269841269842","","interacts with","0","0.476387195","","KAZN (interacts with) SHC2",,"0","0","0","1","0.551219512","0.401554878",,"false","interacts with","KAZN (interacts with) SHC2","0","Q674X7","","P98077",""
"20.346306371224394","","interacts with","0","0.464216195","","CROCC2 (interacts with) SHC2",,"0","0","0","1","0.526829268","0.401603121",,"false","interacts with","CROCC2 (interacts with) SHC2","0","H7BZ55","","P98077",""
"20.553470645929654","","interacts with","0","0.476387181","","MYH16 (interacts with) SHC2",,"0","0","0","1","0.551219512","0.401554849",,"false","interacts with","MYH16 (interacts with) SHC2","0","Q9H6N6","","P98077",""
"11.924999999999999","","interacts with","0","0.476426319","","CNR2 (interacts with) THNSL2",,"1","0","1","1","0.551219512","0.401633127",,"false","interacts with","CNR2 (interacts with) THNSL2","0","P34972","","Q86YJ6",""
"5.696794871794872","","interacts with","0","0.476387088","","CENPL (interacts with) THNSL2",,"0","0","0","1","0.551219512","0.401554663",,"false","interacts with","CENPL (interacts with) THNSL2","0","Q8N0S6","","Q86YJ6",""
"7.951269841269841","","interacts with","0","0.476387177","","KAZN (interacts with) THNSL2",,"0","0","0","1","0.551219512","0.401554841",,"false","interacts with","KAZN (interacts with) THNSL2","0","Q674X7","","Q86YJ6",""
"21.051434576352598","","interacts with","0","0.461777158","","CROCC2 (interacts with) THNSL2",,"0","0","0","1","0.52195122","0.401603096",,"false","interacts with","CROCC2 (interacts with) THNSL2","0","H7BZ55","","Q86YJ6",""
"18.32013731259633","","interacts with","0","0.476387174","","MYH16 (interacts with) THNSL2",,"0","0","0","1","0.551219512","0.401554837",,"false","interacts with","MYH16 (interacts with) THNSL2","0","Q9H6N6","","Q86YJ6",""
"23.18392541884345","","interacts with","0","0.461816209","","COX11 (interacts with) CROCC2",,"0","0","0","1","0.52195122","0.401681198",,"false","interacts with","COX11 (interacts with) CROCC2","0","Q9Y6N1","","H7BZ55",""
"23.16458175704077","","interacts with","0","0.47638723","","MYH16 (interacts with) COX11",,"0","0","0","1","0.551219512","0.401554947",,"false","interacts with","MYH16 (interacts with) COX11","0","Q9H6N6","","Q9Y6N1",""
"12.09809523809524","","interacts with","0","0.476426296","","CNR2 (interacts with) MAMLD1",,"1","0","1","1","0.551219512","0.401633079",,"false","interacts with","CNR2 (interacts with) MAMLD1","0","P34972","","Q13495",""
"24.899999999999995","","interacts with","0","0.476387118","","MYH16 (interacts with) MAMLD1",,"0","0","0","1","0.551219512","0.401554724",,"false","interacts with","MYH16 (interacts with) MAMLD1","0","Q9H6N6","","Q13495",""
"5.505714285714285","","interacts with","0","0.476387087","","PRSS8 (interacts with) MAMLD1",,"0","0","0","1","0.551219512","0.401554663",,"false","interacts with","PRSS8 (interacts with) MAMLD1","0","Q16651","","Q13495",""
"12.846541889483067","","interacts with","0","0.476426314","","CNR2 (interacts with) DZIP1",,"1","0","1","1","0.551219512","0.401633115",,"false","interacts with","CNR2 (interacts with) DZIP1","0","P34972","","Q86YF9",""
"8.740099312452253","","interacts with","0","0.47638717","","DZIP1 (interacts with) UBTFL6",,"0","0","0","1","0.551219512","0.401554827",,"false","interacts with","DZIP1 (interacts with) UBTFL6","0","Q86YF9","","P0CB48",""
"7.8580010185892535","","interacts with","0","0.476387178","","DZIP1 (interacts with) SULT1C3",,"0","0","0","1","0.551219512","0.401554844",,"false","interacts with","DZIP1 (interacts with) SULT1C3","0","Q86YF9","","Q6IMI6",""
"6.185714285714286","","interacts with","0","0.476387182","","DZIP1 (interacts with) TBCE",,"0","0","0","1","0.551219512","0.401554852",,"false","interacts with","DZIP1 (interacts with) TBCE","0","Q86YF9","","Q15813",""
"9.84371530430354","","interacts with","0","0.464192127","","DZIP1 (interacts with) UPK1A",,"0","0","0","1","0.526829268","0.401554986",,"false","interacts with","DZIP1 (interacts with) UPK1A","0","Q86YF9","","O00322",""
"8.994588744588745","","interacts with","0","0.476387301","","DZIP1 (interacts with) PRAMEF19",,"0","0","0","1","0.551219512","0.401555089",,"false","interacts with","DZIP1 (interacts with) PRAMEF19","0","Q86YF9","","Q5SWL8",""
"9.40320855614973","","interacts with","0","0.476387112","","DZIP1 (interacts with) PRSS8",,"0","0","0","1","0.551219512","0.401554711",,"false","interacts with","DZIP1 (interacts with) PRSS8","0","Q86YF9","","Q16651",""
"8.299635854341737","","interacts with","0","0.476387205","","DZIP1 (interacts with) FCRL6",,"0","0","0","1","0.551219512","0.401554898",,"false","interacts with","DZIP1 (interacts with) FCRL6","0","Q86YF9","","Q6DN72",""
"3.3333333333333335","","interacts with","0","0.461753007","","MARK1 (interacts with) ZNF595",,"0","0","0","1","0.52195122","0.401554794",,"false","interacts with","MARK1 (interacts with) ZNF595","0","Q9P0L2","","Q8IYB9",""
"7.833333333333332","","interacts with","0","0.47638714","","MARK1 (interacts with) ST8SIA5",,"0","0","0","1","0.551219512","0.401554768",,"false","interacts with","MARK1 (interacts with) ST8SIA5","0","Q9P0L2","","O15466",""
"5.5","","interacts with","0","0.476387046","","ZNF570 (interacts with) MARK1",,"0","0","0","1","0.551219512","0.40155458",,"false","interacts with","ZNF570 (interacts with) MARK1","0","Q96NI8","","Q9P0L2",""
"13.331447797722765","","interacts with","0","0.476387153","","OSGIN2 (interacts with) RIN3",,"0","0","0","1","0.551219512","0.401554794",,"false","interacts with","OSGIN2 (interacts with) RIN3","0","Q9Y236","","Q8TB24",""
"4.0994535519125685","","interacts with","0","0.464192106","","OSGIN2 (interacts with) SLC26A3",,"0","0","0","1","0.526829268","0.401554944",,"false","interacts with","OSGIN2 (interacts with) SLC26A3","0","Q9Y236","","P40879",""
"29.892235638487875","","interacts with","0","0.461777056","","MYH16 (interacts with) OSGIN2",,"0","0","0","1","0.52195122","0.401602892",,"false","interacts with","MYH16 (interacts with) OSGIN2","0","Q9H6N6","","Q9Y236",""
"5.5","","interacts with","0","0.469109268","","DAW1 (interacts with) ARHGEF15",,"0","0","0","1","0.536585366","0.401633169",,"false","interacts with","DAW1 (interacts with) ARHGEF15","0","Q8N136","","O94989",""
"9.634615384615385","","interacts with","0","0.469070175","","RGR (interacts with) ARHGEF15",,"0","0","0","1","0.536585366","0.401554984",,"false","interacts with","RGR (interacts with) ARHGEF15","0","P47804","","O94989",""
"6.602564102564103","","interacts with","0","0.469070092","","SLC17A2 (interacts with) ARHGEF15",,"0","0","0","1","0.536585366","0.401554819",,"false","interacts with","SLC17A2 (interacts with) ARHGEF15","0","O00624","","O94989",""
"10.884615384615383","","interacts with","0","0.469070132","","ARHGEF15 (interacts with) UPK1A",,"0","0","0","1","0.536585366","0.401554897",,"false","interacts with","ARHGEF15 (interacts with) UPK1A","0","O94989","","O00322",""
"13.425","","interacts with","0","0.476426372","","CNR2 (interacts with) TTYH1",,"1","0","1","1","0.551219512","0.401633233",,"false","interacts with","CNR2 (interacts with) TTYH1","0","P34972","","Q9H313",""
"8.066666666666666","","interacts with","0","0.47642632","","CNR2 (interacts with) APOBEC3C",,"1","0","1","1","0.551219512","0.401633129",,"false","interacts with","CNR2 (interacts with) APOBEC3C","0","P34972","","Q9NRW3",""
"19.299236358870182","","interacts with","0","0.461816206","","CNR2 (interacts with) RIN3",,"1","0","1","1","0.52195122","0.401681192",,"false","interacts with","CNR2 (interacts with) RIN3","0","P34972","","Q8TB24",""
"13.949482721030035","","interacts with","0","0.47642617","","CNR2 (interacts with) TELO2",,"1","0","1","1","0.551219512","0.401632828",,"false","interacts with","CNR2 (interacts with) TELO2","0","P34972","","Q9Y4R8",""
"10.79096348096348","","interacts with","0","0.476426302","","CNR2 (interacts with) KAZN",,"1","0","1","1","0.551219512","0.401633092",,"false","interacts with","CNR2 (interacts with) KAZN","0","P34972","","Q674X7",""
"11.209956709956712","","interacts with","0","0.464231678","","CNR2 (interacts with) SULT1C3",,"1","0","1","1","0.526829268","0.401634087",,"false","interacts with","CNR2 (interacts with) SULT1C3","0","P34972","","Q6IMI6",""
"22.438198955959937","","interacts with","0","0.461816189","","CROCC2 (interacts with) CNR2",,"0","1","1","1","0.52195122","0.401681159",,"false","interacts with","CROCC2 (interacts with) CNR2","0","H7BZ55","","P34972",""
"13.066666666666666","","interacts with","0","0.476426281","","CNR2 (interacts with) TBCE",,"1","0","1","1","0.551219512","0.40163305",,"false","interacts with","CNR2 (interacts with) TBCE","0","P34972","","Q15813",""
"12.746953046953049","","interacts with","0","0.476426263","","RGL2 (interacts with) CNR2",,"0","1","1","1","0.551219512","0.401633014",,"false","interacts with","RGL2 (interacts with) CNR2","0","O15211","","P34972",""
"20.087931400991735","","interacts with","0","0.476426226","","CNR2 (interacts with) MYH16",,"1","0","1","1","0.551219512","0.401632939",,"false","interacts with","CNR2 (interacts with) MYH16","0","P34972","","Q9H6N6",""
"10.61829004329004","","interacts with","0","0.476426503","","UPK1A (interacts with) CNR2",,"0","1","1","1","0.551219512","0.401633494",,"false","interacts with","UPK1A (interacts with) CNR2","0","O00322","","P34972",""
"29.69269269094076","","interacts with","0","0.461816251","","CNR2 (interacts with) BRDT",,"1","0","1","1","0.52195122","0.401681282",,"false","interacts with","CNR2 (interacts with) BRDT","0","P34972","","Q58F21",""
"7.0301282051282055","","interacts with","0","0.46419266","","CENPL (interacts with) TTYH1",,"0","0","0","1","0.526829268","0.401556052",,"false","interacts with","CENPL (interacts with) TTYH1","0","Q8N0S6","","Q9H313",""
"8.72904761904762","","interacts with","0","0.469070396","","KAZN (interacts with) TTYH1",,"0","0","0","1","0.536585366","0.401555426",,"false","interacts with","KAZN (interacts with) TTYH1","0","Q674X7","","Q9H313",""
"25.92018615264517","","interacts with","0","0.461777156","","CROCC2 (interacts with) TTYH1",,"0","0","0","1","0.52195122","0.401603092",,"false","interacts with","CROCC2 (interacts with) TTYH1","0","H7BZ55","","Q9H313",""
"12.57446309292045","","interacts with","0","0.461777171","","APOBEC3C (interacts with) RIN3",,"0","0","0","1","0.52195122","0.401603122",,"false","interacts with","APOBEC3C (interacts with) RIN3","0","Q9NRW3","","Q8TB24",""
"22.901056098817076","","interacts with","0","0.461777044","","APOBEC3C (interacts with) CROCC2",,"0","0","0","1","0.52195122","0.401602869",,"false","interacts with","APOBEC3C (interacts with) CROCC2","0","Q9NRW3","","H7BZ55",""
"5.775524475524475","","interacts with","0","0.47638722","","APOBEC3C (interacts with) RGL2",,"0","0","0","1","0.551219512","0.401554927",,"false","interacts with","APOBEC3C (interacts with) RGL2","0","Q9NRW3","","O15211",""
"23.275232988293318","","interacts with","0","0.464192142","","MYH16 (interacts with) APOBEC3C",,"0","0","0","1","0.526829268","0.401555016",,"false","interacts with","MYH16 (interacts with) APOBEC3C","0","Q9H6N6","","Q9NRW3",""
"14.037310477246535","","interacts with","0","0.461777127","","APOBEC3C (interacts with) BRDT",,"0","0","0","1","0.52195122","0.401603034",,"false","interacts with","APOBEC3C (interacts with) BRDT","0","Q9NRW3","","Q58F21",""
"13.333333333333334","","interacts with","0","0.469070402","","ST8SIA5 (interacts with) ZNF595",,"0","0","0","1","0.536585366","0.401555437",,"false","interacts with","ST8SIA5 (interacts with) ZNF595","0","O15466","","Q8IYB9",""
"14.75651437497173","","interacts with","0","0.476387174","","ST8SIA5 (interacts with) RIN3",,"0","0","0","1","0.551219512","0.401554836",,"false","interacts with","ST8SIA5 (interacts with) RIN3","0","O15466","","Q8TB24",""
"5.666666666666666","","interacts with","0","0.476387291","","ZNF570 (interacts with) ST8SIA5",,"0","0","0","1","0.551219512","0.401555071",,"false","interacts with","ZNF570 (interacts with) ST8SIA5","0","Q96NI8","","O15466",""
"34.23329653597555","","interacts with","0","0.461777158","","CROCC2 (interacts with) ST8SIA5",,"0","0","0","1","0.52195122","0.401603097",,"false","interacts with","CROCC2 (interacts with) ST8SIA5","0","H7BZ55","","O15466",""
"8.766120218579236","","interacts with","0","0.47638723","","ST8SIA5 (interacts with) SLC26A3",,"0","0","0","1","0.551219512","0.401554948",,"false","interacts with","ST8SIA5 (interacts with) SLC26A3","0","O15466","","P40879",""
"30.508566321626652","","interacts with","0","0.461777064","","MYH16 (interacts with) ST8SIA5",,"0","0","0","1","0.52195122","0.401602909",,"false","interacts with","MYH16 (interacts with) ST8SIA5","0","Q9H6N6","","O15466",""
"8.230546265328874","","interacts with","0","0.476387161","","ST8SIA5 (interacts with) NIBAN1",,"0","0","0","1","0.551219512","0.40155481",,"false","interacts with","ST8SIA5 (interacts with) NIBAN1","0","O15466","","Q9BZQ8",""
"8.833333333333332","","interacts with","0","0.476387286","","ST8SIA5 (interacts with) HLCS",,"0","0","0","1","0.551219512","0.401555059",,"false","interacts with","ST8SIA5 (interacts with) HLCS","0","O15466","","P50747",""
"17.176947651666318","","interacts with","0","0.476387185","","ST8SIA5 (interacts with) BRDT",,"0","0","0","1","0.551219512","0.401554858",,"false","interacts with","ST8SIA5 (interacts with) BRDT","0","O15466","","Q58F21",""
"12.999461781316299","","interacts with","0","0.476387118","","ZNF570 (interacts with) RIN3",,"0","0","0","1","0.551219512","0.401554723",,"false","interacts with","ZNF570 (interacts with) RIN3","0","Q96NI8","","Q8TB24",""
"13.816273037980238","","interacts with","0","0.461777112","","RIN3 (interacts with) SULT1C3",,"0","0","0","1","0.52195122","0.401603004",,"false","interacts with","RIN3 (interacts with) SULT1C3","0","Q8TB24","","Q6IMI6",""
"17.032176489367558","","interacts with","0","0.461777128","","RIN3 (interacts with) RGR",,"0","0","0","1","0.52195122","0.401603036",,"false","interacts with","RIN3 (interacts with) RGR","0","Q8TB24","","P47804",""
"16.903352742720088","","interacts with","0","0.461777102","","RIN3 (interacts with) UPK1A",,"0","0","0","1","0.52195122","0.401602984",,"false","interacts with","RIN3 (interacts with) UPK1A","0","Q8TB24","","O00322",""
"13.139223789893117","","interacts with","0","0.461777086","","RIN3 (interacts with) FCER1A",,"0","0","0","1","0.52195122","0.401602953",,"false","interacts with","RIN3 (interacts with) FCER1A","0","Q8TB24","","P12319",""
"13.783692737955718","","interacts with","0","0.461816278","","AIG1 (interacts with) RIN3",,"0","0","0","1","0.52195122","0.401681336",,"false","interacts with","AIG1 (interacts with) RIN3","0","Q9NVV5","","Q8TB24",""
"14.238246447761112","","interacts with","0","0.46177701","","PRSS8 (interacts with) RIN3",,"0","0","0","1","0.52195122","0.401602801",,"false","interacts with","PRSS8 (interacts with) RIN3","0","Q16651","","Q8TB24",""
"24.237948407349183","","interacts with","0","0.461816246","","IHH (interacts with) CROCC2",,"0","0","0","1","0.52195122","0.401681273",,"false","interacts with","IHH (interacts with) CROCC2","0","Q14623","","H7BZ55",""
"23.880673711063757","","interacts with","0","0.476387155","","MYH16 (interacts with) IHH",,"0","0","0","1","0.551219512","0.401554797",,"false","interacts with","MYH16 (interacts with) IHH","0","Q9H6N6","","Q14623",""
"13.05","","interacts with","0","0.476387144","","CENPL (interacts with) TELO2",,"0","0","0","1","0.551219512","0.401554775",,"false","interacts with","CENPL (interacts with) TELO2","0","Q8N0S6","","Q9Y4R8",""
"13.855555555555554","","interacts with","0","0.464193487","","KAZN (interacts with) TELO2",,"0","0","0","1","0.526829268","0.401557706",,"false","interacts with","KAZN (interacts with) TELO2","0","Q674X7","","Q9Y4R8",""
"11.134199134199132","","interacts with","0","0.476387359","","KCNK10 (interacts with) TELO2",,"0","0","0","1","0.551219512","0.401555205",,"false","interacts with","KCNK10 (interacts with) TELO2","0","P57789","","Q9Y4R8",""
"9.729411764705882","","interacts with","0","0.464192322","","UBTFL1 (interacts with) TELO2",,"0","0","0","1","0.526829268","0.401555375",,"false","interacts with","UBTFL1 (interacts with) TELO2","0","P0CB47","","Q9Y4R8",""
"10.997285067873303","","interacts with","0","0.476387199","","RGR (interacts with) TELO2",,"0","0","0","1","0.551219512","0.401554885",,"false","interacts with","RGR (interacts with) TELO2","0","P47804","","Q9Y4R8",""
"10.189743589743589","","interacts with","0","0.476387203","","SLC17A2 (interacts with) TELO2",,"0","0","0","1","0.551219512","0.401554894",,"false","interacts with","SLC17A2 (interacts with) TELO2","0","O00624","","Q9Y4R8",""
"22.355555555555554","","interacts with","0","0.476387196","","MYH16 (interacts with) TELO2",,"0","0","0","1","0.551219512","0.40155488",,"false","interacts with","MYH16 (interacts with) TELO2","0","Q9H6N6","","Q9Y4R8",""
"11.784018624172075","","interacts with","0","0.464192119","","FCER1A (interacts with) TELO2",,"0","0","0","1","0.526829268","0.40155497",,"false","interacts with","FCER1A (interacts with) TELO2","0","P12319","","Q9Y4R8",""
"9.276772247360483","","interacts with","0","0.464192072","","AIG1 (interacts with) TELO2",,"0","0","0","1","0.526829268","0.401554876",,"false","interacts with","AIG1 (interacts with) TELO2","0","Q9NVV5","","Q9Y4R8",""
"12.700000000000001","","interacts with","0","0.593460849","","CORO1B (interacts with) TELO2",,"0","0","0","1","0.785365854","0.401555844",,"false","interacts with","CORO1B (interacts with) TELO2","0","Q9BR76","","Q9Y4R8",""
"5.915750915750915","","interacts with","0","0.469070353","","CENPL (interacts with) PRAMEF27",,"0","0","0","1","0.536585366","0.40155534",,"false","interacts with","CENPL (interacts with) PRAMEF27","0","Q8N0S6","","A3QJZ7",""
"22.999999999999996","","interacts with","0","0.476387168","","MYH16 (interacts with) CENPL",,"0","0","0","1","0.551219512","0.401554823",,"false","interacts with","MYH16 (interacts with) CENPL","0","Q9H6N6","","Q8N0S6",""
"10.85085649644473","","interacts with","0","0.476387212","","CENPL (interacts with) UPK1A",,"0","0","0","1","0.551219512","0.401554913",,"false","interacts with","CENPL (interacts with) UPK1A","0","Q8N0S6","","O00322",""
"6.163951734539969","","interacts with","0","0.461753097","","CENPL (interacts with) FCRL6",,"0","0","0","1","0.52195122","0.401554975",,"false","interacts with","CENPL (interacts with) FCRL6","0","Q8N0S6","","Q6DN72",""
"5.166666666666666","","interacts with","0","0.476426434","","ZNF570 (interacts with) SLC26A3",,"0","0","0","1","0.551219512","0.401633356",,"false","interacts with","ZNF570 (interacts with) SLC26A3","0","Q96NI8","","P40879",""
"6.6638795986622075","","interacts with","0","0.476387196","","ZNF570 (interacts with) NIBAN1",,"0","0","0","1","0.551219512","0.40155488",,"false","interacts with","ZNF570 (interacts with) NIBAN1","0","Q96NI8","","Q9BZQ8",""
"4.833333333333333","","interacts with","0","0.47642649","","ZNF570 (interacts with) HLCS",,"0","0","0","1","0.551219512","0.401633468",,"false","interacts with","ZNF570 (interacts with) HLCS","0","Q96NI8","","P50747",""
"11.106218334095567","","interacts with","0","0.476387041","","ZNF570 (interacts with) BRDT",,"0","0","0","1","0.551219512","0.40155457",,"false","interacts with","ZNF570 (interacts with) BRDT","0","Q96NI8","","Q58F21",""
"9.151269841269842","","interacts with","0","0.476387169","","KAZN (interacts with) LPCAT1",,"0","0","0","1","0.551219512","0.401554825",,"false","interacts with","KAZN (interacts with) LPCAT1","0","Q674X7","","Q8NF37",""
"8.122222222222222","","interacts with","0","0.464192143","","KAZN (interacts with) TBCE",,"0","0","0","1","0.526829268","0.401555017",,"false","interacts with","KAZN (interacts with) TBCE","0","Q674X7","","Q15813",""
"12.178131868131867","","interacts with","0","0.469070246","","KAZN (interacts with) RGR",,"0","0","0","1","0.536585366","0.401555125",,"false","interacts with","KAZN (interacts with) RGR","0","Q674X7","","P47804",""
"9.779841269841267","","interacts with","0","0.476387263","","KAZN (interacts with) UPK1A",,"0","0","0","1","0.551219512","0.401555014",,"false","interacts with","KAZN (interacts with) UPK1A","0","Q674X7","","O00322",""
"12.094588744588744","","interacts with","0","0.464192193","","KAZN (interacts with) PRAMEF19",,"0","0","0","1","0.526829268","0.401555118",,"false","interacts with","KAZN (interacts with) PRAMEF19","0","Q674X7","","Q5SWL8",""
"11.448582528582527","","interacts with","0","0.476387132","","PRSS8 (interacts with) KAZN",,"0","0","0","1","0.551219512","0.401554752",,"false","interacts with","PRSS8 (interacts with) KAZN","0","Q16651","","Q674X7",""
"23.076634866258775","","interacts with","0","0.46177715","","UBTFL6 (interacts with) CROCC2",,"0","0","0","1","0.52195122","0.401603081",,"false","interacts with","UBTFL6 (interacts with) CROCC2","0","P0CB48","","H7BZ55",""
"22.211793368958258","","interacts with","0","0.476387204","","MYH16 (interacts with) UBTFL6",,"0","0","0","1","0.551219512","0.401554896",,"false","interacts with","MYH16 (interacts with) UBTFL6","0","Q9H6N6","","P0CB48",""
"3.0","","interacts with","0","0.461753515","","UBTFL6 (interacts with) TLCD3B",,"0","0","0","1","0.52195122","0.40155581",,"false","interacts with","UBTFL6 (interacts with) TLCD3B","0","P0CB48","","Q71RH2",""
"21.012973037891058","","interacts with","0","0.464216185","","CROCC2 (interacts with) LPCAT1",,"0","0","0","1","0.526829268","0.401603102",,"false","interacts with","CROCC2 (interacts with) LPCAT1","0","H7BZ55","","Q8NF37",""
"21.220137312596318","","interacts with","0","0.476387066","","MYH16 (interacts with) LPCAT1",,"0","0","0","1","0.551219512","0.40155462",,"false","interacts with","MYH16 (interacts with) LPCAT1","0","Q9H6N6","","Q8NF37",""
"8.666666666666666","","interacts with","0","0.476426233","","KCNK10 (interacts with) DAW1",,"0","0","0","1","0.551219512","0.401632953",,"false","interacts with","KCNK10 (interacts with) DAW1","0","P57789","","Q8N136",""
"8.191139505655634","","interacts with","0","0.464231097","","KCNK10 (interacts with) SULT1C3",,"0","0","0","1","0.526829268","0.401632925",,"false","interacts with","KCNK10 (interacts with) SULT1C3","0","P57789","","Q6IMI6",""
"20.733276068194094","","interacts with","0","0.464255324","","KCNK10 (interacts with) CROCC2",,"0","0","0","1","0.526829268","0.401681379",,"false","interacts with","KCNK10 (interacts with) CROCC2","0","P57789","","H7BZ55",""
"8.49177489177489","","interacts with","0","0.476426359","","KCNK10 (interacts with) RGL2",,"0","0","0","1","0.551219512","0.401633206",,"false","interacts with","KCNK10 (interacts with) RGL2","0","P57789","","O15211",""
"19.313932406391423","","interacts with","0","0.476387105","","MYH16 (interacts with) KCNK10",,"0","0","0","1","0.551219512","0.401554698",,"false","interacts with","MYH16 (interacts with) KCNK10","0","Q9H6N6","","P57789",""
"9.3578061723223","","interacts with","0","0.476387194","","KCNK10 (interacts with) UPK1A",,"0","0","0","1","0.551219512","0.401554875",,"false","interacts with","KCNK10 (interacts with) UPK1A","0","P57789","","O00322",""
"5.629032258064516","","interacts with","0","0.476426429","","KCNK10 (interacts with) SHF",,"0","0","0","1","0.551219512","0.401633346",,"false","interacts with","KCNK10 (interacts with) SHF","0","P57789","","Q7M4L6",""
"21.950592085510106","","interacts with","0","0.461777168","","CROCC2 (interacts with) UBTFL1",,"0","0","0","1","0.52195122","0.401603116",,"false","interacts with","CROCC2 (interacts with) UBTFL1","0","H7BZ55","","P0CB47",""
"21.746934698217242","","interacts with","0","0.476387108","","MYH16 (interacts with) UBTFL1",,"0","0","0","1","0.551219512","0.401554704",,"false","interacts with","MYH16 (interacts with) UBTFL1","0","Q9H6N6","","P0CB47",""
"28.310606060606062","","interacts with","0","0.476387182","","MYH16 (interacts with) DAW1",,"0","0","0","1","0.551219512","0.401554851",,"false","interacts with","MYH16 (interacts with) DAW1","0","Q9H6N6","","Q8N136",""
"24.1832316552216","","interacts with","0","0.461777155","","CROCC2 (interacts with) SULT1C3",,"0","0","0","1","0.52195122","0.40160309",,"false","interacts with","CROCC2 (interacts with) SULT1C3","0","H7BZ55","","Q6IMI6",""
"23.209971581961526","","interacts with","0","0.461777116","","CROCC2 (interacts with) RGR",,"0","0","0","1","0.52195122","0.401603013",,"false","interacts with","CROCC2 (interacts with) RGR","0","H7BZ55","","P47804",""
"24.237948407349187","","interacts with","0","0.461777168","","CROCC2 (interacts with) LMNTD1",,"0","0","0","1","0.52195122","0.401603116",,"false","interacts with","CROCC2 (interacts with) LMNTD1","0","H7BZ55","","Q8N9Z9",""
"22.012130547048585","","interacts with","0","0.461777163","","SLC17A2 (interacts with) CROCC2",,"0","0","0","1","0.52195122","0.401603107",,"false","interacts with","SLC17A2 (interacts with) CROCC2","0","O00624","","H7BZ55",""
"20.38198923643819","","interacts with","0","0.461777148","","CROCC2 (interacts with) UPK1A",,"0","0","0","1","0.52195122","0.401603076",,"false","interacts with","CROCC2 (interacts with) UPK1A","0","H7BZ55","","O00322",""
"23.57128174068253","","interacts with","0","0.461777107","","TLCD3B (interacts with) CROCC2",,"0","0","0","1","0.52195122","0.401602995",,"false","interacts with","TLCD3B (interacts with) CROCC2","0","Q71RH2","","H7BZ55",""
"24.237948407349183","","interacts with","0","0.464216188","","CROCC2 (interacts with) KLHL35",,"0","0","0","1","0.526829268","0.401603108",,"false","interacts with","CROCC2 (interacts with) KLHL35","0","H7BZ55","","Q6PF15",""
"25.821057742178116","","interacts with","0","0.46177714","","CROCC2 (interacts with) FCER1A",,"0","0","0","1","0.52195122","0.401603061",,"false","interacts with","CROCC2 (interacts with) FCER1A","0","H7BZ55","","P12319",""
"20.83781341226237","","interacts with","0","0.461816285","","AIG1 (interacts with) CROCC2",,"0","0","0","1","0.52195122","0.401681351",,"false","interacts with","AIG1 (interacts with) CROCC2","0","Q9NVV5","","H7BZ55",""
"23.03123724680043","","interacts with","0","0.46177715","","CROCC2 (interacts with) SHF",,"0","0","0","1","0.52195122","0.401603081",,"false","interacts with","CROCC2 (interacts with) SHF","0","H7BZ55","","Q7M4L6",""
"27.252130547048576","","interacts with","0","0.464216228","","CROCC2 (interacts with) DLAT",,"0","0","0","1","0.526829268","0.401603187",,"false","interacts with","CROCC2 (interacts with) DLAT","0","H7BZ55","","P10515",""
"25.61879721371524","","interacts with","0","0.461777167","","CROCC2 (interacts with) CORO1B",,"0","0","0","1","0.52195122","0.401603114",,"false","interacts with","CROCC2 (interacts with) CORO1B","0","H7BZ55","","Q9BR76",""
"23.66572029063831","","interacts with","0","0.461777149","","CROCC2 (interacts with) FCRL6",,"0","0","0","1","0.52195122","0.401603078",,"false","interacts with","CROCC2 (interacts with) FCRL6","0","H7BZ55","","Q6DN72",""
"24.40793650793651","","interacts with","0","0.476387075","","MYH16 (interacts with) TBCE",,"0","0","0","1","0.551219512","0.401554638",,"false","interacts with","MYH16 (interacts with) TBCE","0","Q9H6N6","","Q15813",""
"8.076923076923077","","interacts with","0","0.47638744","","RGR (interacts with) DLAT",,"0","0","0","1","0.551219512","0.401555368",,"false","interacts with","RGR (interacts with) DLAT","0","P47804","","P10515",""
"9.13076923076923","","interacts with","0","0.46177714","","RGR (interacts with) NIBAN1",,"0","0","0","1","0.52195122","0.40160306",,"false","interacts with","RGR (interacts with) NIBAN1","0","P47804","","Q9BZQ8",""
"28.829836829836832","","interacts with","0","0.476387233","","MYH16 (interacts with) PRAMEF27",,"0","0","0","1","0.551219512","0.401554953",,"false","interacts with","MYH16 (interacts with) PRAMEF27","0","Q9H6N6","","A3QJZ7",""
"23.880673711063757","","interacts with","0","0.47638711","","MYH16 (interacts with) LMNTD1",,"0","0","0","1","0.551219512","0.401554707",,"false","interacts with","MYH16 (interacts with) LMNTD1","0","Q9H6N6","","Q8N9Z9",""
"6.453846153846155","","interacts with","0","0.46907009","","RGL2 (interacts with) SLC17A2",,"0","0","0","1","0.536585366","0.401554814",,"false","interacts with","RGL2 (interacts with) SLC17A2","0","O15211","","O00624",""
"21.65688944934847","","interacts with","0","0.469070176","","MYH16 (interacts with) SLC17A2",,"0","0","0","1","0.536585366","0.401554987",,"false","interacts with","MYH16 (interacts with) SLC17A2","0","Q9H6N6","","O00624",""
"17.87568286521379","","interacts with","0","0.476387079","","MYH16 (interacts with) UPK1A",,"0","0","0","1","0.551219512","0.401554646",,"false","interacts with","MYH16 (interacts with) UPK1A","0","Q9H6N6","","O00322",""
"23.214007044397096","","interacts with","0","0.476387102","","MYH16 (interacts with) TLCD3B",,"0","0","0","1","0.551219512","0.401554691",,"false","interacts with","MYH16 (interacts with) TLCD3B","0","Q9H6N6","","Q71RH2",""
"23.880673711063757","","interacts with","0","0.464192064","","MYH16 (interacts with) KLHL35",,"0","0","0","1","0.526829268","0.40155486",,"false","interacts with","MYH16 (interacts with) KLHL35","0","Q9H6N6","","Q6PF15",""
"21.101079690610618","","interacts with","0","0.464192081","","MYH16 (interacts with) AIG1",,"0","0","0","1","0.526829268","0.401554893",,"false","interacts with","MYH16 (interacts with) AIG1","0","Q9H6N6","","Q9NVV5",""
"22.349527993599906","","interacts with","0","0.476387219","","MYH16 (interacts with) SHF",,"0","0","0","1","0.551219512","0.401554925",,"false","interacts with","MYH16 (interacts with) SHF","0","Q9H6N6","","Q7M4L6",""
"27.27096869157001","","interacts with","0","0.476387144","","MYH16 (interacts with) PRSS8",,"0","0","0","1","0.551219512","0.401554775",,"false","interacts with","MYH16 (interacts with) PRSS8","0","Q9H6N6","","Q16651",""
"20.93264898393152","","interacts with","0","0.476387061","","MYH16 (interacts with) FCRL6",,"0","0","0","1","0.551219512","0.40155461",,"false","interacts with","MYH16 (interacts with) FCRL6","0","Q9H6N6","","Q6DN72",""
"11.399999999999999","","interacts with","0","0.461777176","","NIBAN1 (interacts with) UPK1A",,"0","0","0","1","0.52195122","0.401603133",,"false","interacts with","NIBAN1 (interacts with) UPK1A","0","Q9BZQ8","","O00322",""
"6.494202898550723","","interacts with","0","0.46177709","","FCER1A (interacts with) NIBAN1",,"0","0","0","1","0.52195122","0.40160296",,"false","interacts with","FCER1A (interacts with) NIBAN1","0","P12319","","Q9BZQ8",""
"3.1666666666666665","","interacts with","0","0.600545056","","CORO1B (interacts with) DLAT",,"0","0","0","1","0.8","0.401090111",,"false","interacts with","CORO1B (interacts with) DLAT","0","Q9BR76","","P10515",""
"14.718059877036861","","interacts with","0","0.461777067","","PRSS8 (interacts with) BRDT",,"0","0","0","1","0.52195122","0.401602915",,"false","interacts with","PRSS8 (interacts with) BRDT","0","Q16651","","Q58F21",""
"0.0","","interacts with","0","0.604224617","","PTGS1 (interacts with) PTGS1",,"1","1","1","1","0.785365854","0.42308338",,"false","interacts with","PTGS1 (interacts with) PTGS1","0","P23219","","P23219",""
"22.0","","interacts with","0","0.476426261","","PTGS1 (interacts with) CLCA2",,"1","0","1","1","0.551219512","0.401633009",,"false","interacts with","PTGS1 (interacts with) CLCA2","0","P23219","","Q9UQC9",""
"22.0","","interacts with","0","0.476426283","","PTGS1 (interacts with) KLHL13",,"1","0","1","1","0.551219512","0.401633054",,"false","interacts with","PTGS1 (interacts with) KLHL13","0","P23219","","Q9P2N7",""
"26.0","","interacts with","0","0.476426347","","TLR5 (interacts with) PTGS1",,"0","1","1","1","0.551219512","0.401633181",,"false","interacts with","TLR5 (interacts with) PTGS1","0","O60602","","P23219",""
"18.0","","interacts with","0","0.476426209","","PAM (interacts with) PTGS1",,"0","1","1","1","0.551219512","0.401632906",,"false","interacts with","PAM (interacts with) PTGS1","0","P19021","","P23219",""
"22.0","","interacts with","0","0.476426233","","PTGS1 (interacts with) CLCN6",,"1","0","1","1","0.551219512","0.401632953",,"false","interacts with","PTGS1 (interacts with) CLCN6","0","P23219","","P51797",""
"22.0","","interacts with","0","0.464231138","","PTGS1 (interacts with) ABCB9",,"1","0","1","1","0.526829268","0.401633007",,"false","interacts with","PTGS1 (interacts with) ABCB9","0","P23219","","Q9NP78",""
"15.0","","interacts with","0","0.476426152","","PTGS1 (interacts with) MAGI3",,"1","0","1","1","0.551219512","0.401632792",,"false","interacts with","PTGS1 (interacts with) MAGI3","0","P23219","","Q5TCQ9",""
"13.0","","interacts with","0","0.476426257","","PTGS1 (interacts with) MANEAL",,"1","0","1","1","0.551219512","0.401633002",,"false","interacts with","PTGS1 (interacts with) MANEAL","0","P23219","","Q5VSG8",""
"32.0","","interacts with","0","0.461816185","","CLUH (interacts with) PTGS1",,"0","1","1","1","0.52195122","0.40168115",,"false","interacts with","CLUH (interacts with) PTGS1","0","O75153","","P23219",""
"22.0","","interacts with","0","0.56406809","","CTDNEP1 (interacts with) TLR5",,"0","0","0","1","0.726829268","0.401306912",,"false","interacts with","CTDNEP1 (interacts with) TLR5","0","O95476","","O60602",""
"7.0","","interacts with","0","0.476387289","","MAGI3 (interacts with) TLR5",,"0","0","0","1","0.551219512","0.401555065",,"false","interacts with","MAGI3 (interacts with) TLR5","0","Q5TCQ9","","O60602",""
"9.0","","interacts with","0","0.46419221","","MANEAL (interacts with) TLR5",,"0","0","0","1","0.526829268","0.401555151",,"false","interacts with","MANEAL (interacts with) TLR5","0","Q5VSG8","","O60602",""
"4.0","","interacts with","0","0.47638722","","MAGI3 (interacts with) PAM",,"0","0","0","1","0.551219512","0.401554929",,"false","interacts with","MAGI3 (interacts with) PAM","0","Q5TCQ9","","P19021",""
"8.0","","interacts with","0","0.464216288","","MANEAL (interacts with) CLUH",,"0","0","0","1","0.526829268","0.401603307",,"false","interacts with","MANEAL (interacts with) CLUH","0","Q5VSG8","","O75153",""
"22.0","taxid:9606(Homo sapiens)","interacts with","1","0.564068069","""psi-mi:""""MI:2222""""(inference by socio-affinity scoring)""","CLUH (interacts with) GKAP1","2","0","0","0","1","0.726829268","0.40130687","0.18138987","false","interacts with","CLUH (interacts with) GKAP1","1","O75153","O75153","Q5VSY0","Q5VSY0"
"12.0","","interacts with","0","0.559198635","","TRMU (interacts with) ZNF185",,"0","0","0","1","0.717073171","0.401324099",,"false","interacts with","TRMU (interacts with) ZNF185","0","O75648","","O15231",""
"2.0","","interacts with","0","0.564068232","","HELLS (interacts with) RPAP3",,"0","0","0","1","0.726829268","0.401307195",,"false","interacts with","HELLS (interacts with) RPAP3","0","Q9NRZ9","","Q9H6T3",""
"10.0","","interacts with","0","0.564067957","","HELLS (interacts with) RPAP2",,"0","0","0","1","0.726829268","0.401306645",,"false","interacts with","HELLS (interacts with) RPAP2","0","Q9NRZ9","","Q8IXW5",""
"10.0","","interacts with","0","0.561424421","","RPAP2 (interacts with) RPAP3",,"0","0","0","1","0.72195122","0.400897622",,"false","interacts with","RPAP2 (interacts with) RPAP3","0","Q8IXW5","","Q9H6T3",""
"24.0","","interacts with","0","0.639746263","","RPAP2 (interacts with) POLR2M",,"0","0","0","1","0.87804878","0.401443745",,"false","interacts with","RPAP2 (interacts with) POLR2M","0","Q8IXW5","","P0CAP2",""
"20.0","","interacts with","0","0.561630625","","TRMU (interacts with) FAM219B",,"0","0","0","1","0.72195122","0.401310031",,"false","interacts with","TRMU (interacts with) FAM219B","0","O75648","","Q5XKK7",""
"24.0","","interacts with","0","0.464192036","","FAM219B (interacts with) POLR2M",,"0","0","0","1","0.526829268","0.401554803",,"false","interacts with","FAM219B (interacts with) POLR2M","0","Q5XKK7","","P0CAP2",""
"2.0","","interacts with","0","0.561636497","","TRPC4AP (interacts with) FAM120AOS",,"0","0","0","1","0.72195122","0.401321775",,"false","interacts with","TRPC4AP (interacts with) FAM120AOS","0","Q8TEL6","","Q5T036",""
"0.0","","interacts with","0","0.472835082","","ESR1 (interacts with) ESR1",,"1","1","1","1","0.536585366","0.409084799",,"false","interacts with","ESR1 (interacts with) ESR1","0","P03372","","P03372",""
"7.0","","interacts with","0","0.476426338","","ESR1 (interacts with) TAOK3",,"1","0","1","1","0.551219512","0.401633164",,"false","interacts with","ESR1 (interacts with) TAOK3","0","P03372","","Q9H2K8",""
"10.0","","interacts with","0","0.464231253","","ESR1 (interacts with) CNNM2",,"1","0","1","1","0.526829268","0.401633238",,"false","interacts with","ESR1 (interacts with) CNNM2","0","P03372","","Q9H8M5",""
"6.0","","interacts with","0","0.476426342","","ESR1 (interacts with) BMP2K",,"1","0","1","1","0.551219512","0.401633171",,"false","interacts with","ESR1 (interacts with) BMP2K","0","P03372","","Q9NSY1",""
"10.0","","interacts with","0","0.46423125","","ESR1 (interacts with) ZZZ3",,"1","0","1","1","0.526829268","0.401633231",,"false","interacts with","ESR1 (interacts with) ZZZ3","0","P03372","","Q8IYH5",""
"7.0","","interacts with","0","0.464231212","","ESR1 (interacts with) USP29",,"1","0","1","1","0.526829268","0.401633155",,"false","interacts with","ESR1 (interacts with) USP29","0","P03372","","Q9HBJ7",""
"3.0","","interacts with","0","0.469070191","","TAOK3 (interacts with) BMP2K",,"0","0","0","1","0.536585366","0.401555017",,"false","interacts with","TAOK3 (interacts with) BMP2K","0","Q9H2K8","","Q9NSY1",""
"3.0","","interacts with","0","0.476387236","","BMP2K (interacts with) USP29",,"0","0","0","1","0.551219512","0.401554961",,"false","interacts with","BMP2K (interacts with) USP29","0","Q9NSY1","","Q9HBJ7",""
"0.0","taxid:9606(Homo sapiens)","interacts with","1","0.641337556","""psi-mi:""""MI:0809""""(bimolecular fluorescence complementation)""","NTRK1 (interacts with) NTRK1","2","1","1","1","1","0.873170732","0.40950438",,"false","interacts with","NTRK1 (interacts with) NTRK1","0","P04629","P04629","P04629","P04629"
"16.0","","interacts with","0","0.47642635","","NTRK1 (interacts with) IFNLR1",,"1","0","1","1","0.551219512","0.401633187",,"false","interacts with","NTRK1 (interacts with) IFNLR1","0","P04629","","Q8IU57",""
"9.0","","interacts with","0","0.47642617","","P2RX6 (interacts with) NTRK1",,"0","1","1","1","0.551219512","0.401632829",,"false","interacts with","P2RX6 (interacts with) NTRK1","0","O15547","","P04629",""
"6.0","","interacts with","0","0.476426232","","PCARE (interacts with) NTRK1",,"0","1","1","1","0.551219512","0.401632951",,"false","interacts with","PCARE (interacts with) NTRK1","0","A6NGG8","","P04629",""
"9.0","","interacts with","0","0.476426223","","NTRK1 (interacts with) GCGR",,"1","0","1","1","0.551219512","0.401632934",,"false","interacts with","NTRK1 (interacts with) GCGR","0","P04629","","P47871",""
"24.0","","interacts with","0","0.461816309","","NTRK1 (interacts with) FYCO1",,"1","0","1","1","0.52195122","0.401681399",,"false","interacts with","NTRK1 (interacts with) FYCO1","0","P04629","","Q9BQS8",""
"8.0","","interacts with","0","0.476387094","","IFNLR1 (interacts with) PCARE",,"0","0","0","1","0.551219512","0.401554676",,"false","interacts with","IFNLR1 (interacts with) PCARE","0","Q8IU57","","A6NGG8",""
"14.0","","interacts with","0","0.564168063","","C1QL1 (interacts with) IFNLR1",,"0","0","0","1","0.726829268","0.401506858",,"false","interacts with","C1QL1 (interacts with) IFNLR1","0","O75973","","Q8IU57",""
"5.0","","interacts with","0","0.476387129","","P2RX6 (interacts with) PCARE",,"0","0","0","1","0.551219512","0.401554746",,"false","interacts with","P2RX6 (interacts with) PCARE","0","O15547","","A6NGG8",""
"5.0","","interacts with","0","0.464192204","","GCGR (interacts with) PCARE",,"0","0","0","1","0.526829268","0.40155514",,"false","interacts with","GCGR (interacts with) PCARE","0","P47871","","A6NGG8",""
"14.0","","interacts with","0","0.564068039","","CCDC71 (interacts with) FYCO1",,"0","0","0","1","0.726829268","0.401306809",,"false","interacts with","CCDC71 (interacts with) FYCO1","0","Q8IV32","","Q9BQS8",""
"0.0","taxid:9606(Homo sapiens)","interacts with","1","0.628019284","""psi-mi:""""MI:0364""""(inferred by curator)""","JUN (interacts with) JUN","2","1","1","1","1","0.843902439","0.412136129",,"false","interacts with","JUN (interacts with) JUN","0","P05412","P05412","P05412","P05412"
"20.0","","interacts with","0","0.464231316","","JUN (interacts with) TPPP2",,"1","0","1","1","0.526829268","0.401633364",,"false","interacts with","JUN (interacts with) TPPP2","0","P05412","","P59282",""
"7.0","","interacts with","0","0.476426173","","SHTN1 (interacts with) JUN",,"0","1","1","1","0.551219512","0.401632834","0.003533569","false","interacts with","SHTN1 (interacts with) JUN","1","A0MZ66","","P05412",""
"25.333333333333332","","interacts with","0","0.476426287","","JUN (interacts with) H2BC26",,"1","0","1","1","0.551219512","0.401633062",,"false","interacts with","JUN (interacts with) H2BC26","0","P05412","","Q8N257",""
"19.666666666666664","","interacts with","0","0.476426247","","JUN (interacts with) TAF4B",,"1","0","1","1","0.551219512","0.401632981",,"false","interacts with","JUN (interacts with) TAF4B","0","P05412","","Q92750",""
"13.333333333333332","","interacts with","0","0.476426267","","JUN (interacts with) MRPS6",,"1","0","1","1","0.551219512","0.401633022",,"false","interacts with","JUN (interacts with) MRPS6","0","P05412","","P82932",""
"10.000000000000002","","interacts with","0","0.476426276","","JUN (interacts with) H2BC18",,"1","0","1","1","0.551219512","0.40163304",,"false","interacts with","JUN (interacts with) H2BC18","0","P05412","","Q5QNW6",""
"13.333333333333336","","interacts with","0","0.476426262","","TYROBP (interacts with) JUN",,"0","1","1","1","0.551219512","0.401633012",,"false","interacts with","TYROBP (interacts with) JUN","0","O43914","","P05412",""
"18.0","","interacts with","0","0.476426378","","JUN (interacts with) ZSWIM7",,"1","0","1","1","0.551219512","0.401633244",,"false","interacts with","JUN (interacts with) ZSWIM7","0","P05412","","Q19AV6",""
"24.0","","interacts with","0","0.464231389","","ZFAND5 (interacts with) JUN",,"0","1","1","1","0.526829268","0.401633509",,"false","interacts with","ZFAND5 (interacts with) JUN","0","O76080","","P05412",""
"14.666666666666666","","interacts with","0","0.476426237","","JUN (interacts with) SMAGP",,"1","0","1","1","0.551219512","0.401632962",,"false","interacts with","JUN (interacts with) SMAGP","0","P05412","","Q0VAQ4",""
"11.333333333333334","","interacts with","0","0.476426261","","JUN (interacts with) ZNF853",,"1","0","1","1","0.551219512","0.401633009","0.015312132","false","interacts with","JUN (interacts with) ZNF853","1","P05412","","P0CG23",""
"13.333333333333336","","interacts with","0","0.476426232","","JUN (interacts with) RPL34",,"1","0","1","1","0.551219512","0.401632951","0.043580683","false","interacts with","JUN (interacts with) RPL34","1","P05412","","P49207",""
"18.0","","interacts with","0","0.476426248","","JUN (interacts with) LSM6",,"1","0","1","1","0.551219512","0.401632985",,"false","interacts with","JUN (interacts with) LSM6","0","P05412","","P62312",""
"8.0","","interacts with","0","0.469070258","","TPPP2 (interacts with) ZNF853",,"0","0","0","1","0.536585366","0.401555149",,"false","interacts with","TPPP2 (interacts with) ZNF853","0","P59282","","P0CG23",""
"15.666666666666666","","interacts with","0","0.476387114","","SHTN1 (interacts with) H2BC26",,"0","0","0","1","0.551219512","0.401554715",,"false","interacts with","SHTN1 (interacts with) H2BC26","0","A0MZ66","","Q8N257",""
"8.666666666666666","","interacts with","0","0.476387083","","SHTN1 (interacts with) MRPS6",,"0","0","0","1","0.551219512","0.401554654",,"false","interacts with","SHTN1 (interacts with) MRPS6","0","A0MZ66","","P82932",""
"9.0","","interacts with","0","0.464192131","","SHTN1 (interacts with) H2BC18",,"0","0","0","1","0.526829268","0.401554993",,"false","interacts with","SHTN1 (interacts with) H2BC18","0","A0MZ66","","Q5QNW6",""
"8.666666666666666","","interacts with","0","0.476387178","","SHTN1 (interacts with) TYROBP",,"0","0","0","1","0.551219512","0.401554844",,"false","interacts with","SHTN1 (interacts with) TYROBP","0","A0MZ66","","O43914",""
"10.0","","interacts with","0","0.476387173","","SHTN1 (interacts with) ZSWIM7",,"0","0","0","1","0.551219512","0.401554833",,"false","interacts with","SHTN1 (interacts with) ZSWIM7","0","A0MZ66","","Q19AV6",""
"10.333333333333334","","interacts with","0","0.469070192","","SHTN1 (interacts with) SMAGP",,"0","0","0","1","0.536585366","0.401555018",,"false","interacts with","SHTN1 (interacts with) SMAGP","0","A0MZ66","","Q0VAQ4",""
"8.666666666666666","","interacts with","0","0.469070005","","SHTN1 (interacts with) RPL34",,"0","0","0","1","0.536585366","0.401554645",,"false","interacts with","SHTN1 (interacts with) RPL34","0","A0MZ66","","P49207",""
"10.0","","interacts with","0","0.476387076","","SHTN1 (interacts with) LSM6",,"0","0","0","1","0.551219512","0.401554639",,"false","interacts with","SHTN1 (interacts with) LSM6","0","A0MZ66","","P62312",""
"28.0","","interacts with","0","0.564068348","","ACTL6B (interacts with) H2BC26",,"0","0","0","1","0.726829268","0.401307429",,"false","interacts with","ACTL6B (interacts with) H2BC26","0","O94805","","Q8N257",""
"11.666666666666666","","interacts with","0","0.476387193","","H2BC26 (interacts with) ZNF853",,"0","0","0","1","0.551219512","0.401554873",,"false","interacts with","H2BC26 (interacts with) ZNF853","0","Q8N257","","P0CG23",""
"5.333333333333333","","interacts with","0","0.476387246","","TAF4B (interacts with) H2BC18",,"0","0","0","1","0.551219512","0.40155498",,"false","interacts with","TAF4B (interacts with) H2BC18","0","Q92750","","Q5QNW6",""
"4.0","","interacts with","0","0.464192195","","TAF4B (interacts with) ZFAND5",,"0","0","0","1","0.526829268","0.401555121",,"false","interacts with","TAF4B (interacts with) ZFAND5","0","Q92750","","O76080",""
"4.333333333333334","","interacts with","0","0.476387199","","TAF4B (interacts with) SMAGP",,"0","0","0","1","0.551219512","0.401554886",,"false","interacts with","TAF4B (interacts with) SMAGP","0","Q92750","","Q0VAQ4",""
"6.666666666666667","","interacts with","0","0.476387109","","MRPS6 (interacts with) ZNF853",,"0","0","0","1","0.551219512","0.401554705",,"false","interacts with","MRPS6 (interacts with) ZNF853","0","P82932","","P0CG23",""
"7.666666666666667","","interacts with","0","0.476387147","","H2BC18 (interacts with) ZNF853",,"0","0","0","1","0.551219512","0.401554782",,"false","interacts with","H2BC18 (interacts with) ZNF853","0","Q5QNW6","","P0CG23",""
"6.666666666666665","","interacts with","0","0.476387181","","TYROBP (interacts with) ZNF853",,"0","0","0","1","0.551219512","0.401554849",,"false","interacts with","TYROBP (interacts with) ZNF853","0","O43914","","P0CG23",""
"6.666666666666665","","interacts with","0","0.469070085","","RPL34 (interacts with) ZNF853",,"0","0","0","1","0.536585366","0.401554804",,"false","interacts with","RPL34 (interacts with) ZNF853","0","P49207","","P0CG23",""
"2.0","","interacts with","0","0.576133445","","MLEC (interacts with) CYB5A",,"0","0","0","1","0.751219512","0.401047377",,"false","interacts with","MLEC (interacts with) CYB5A","0","Q14165","","P00167",""
"0.0","","interacts with","0","0.692131552","","MAPK14 (interacts with) MAPK14",,"1","1","1","1","0.970731707","0.413531396",,"false","interacts with","MAPK14 (interacts with) MAPK14","0","Q16539","","Q16539",""
"18.333333333333336","","interacts with","0","0.476426269","","MAPK14 (interacts with) YME1L1",,"1","0","1","1","0.551219512","0.401633026",,"false","interacts with","MAPK14 (interacts with) YME1L1","0","Q16539","","Q96TA2",""
"16.0","","interacts with","0","0.476426161","","USO1 (interacts with) MAPK14",,"0","1","1","1","0.551219512","0.40163281",,"false","interacts with","USO1 (interacts with) MAPK14","0","O60763","","Q16539",""
"9.666666666666666","","interacts with","0","0.464231284","","MAPK14 (interacts with) ZNF277",,"1","0","1","1","0.526829268","0.401633299",,"false","interacts with","MAPK14 (interacts with) ZNF277","0","Q16539","","Q9NRM2",""
"20.200000000000003","","interacts with","0","0.476426254","","MAPK14 (interacts with) SH3RF3",,"1","0","1","1","0.551219512","0.401632995",,"false","interacts with","MAPK14 (interacts with) SH3RF3","0","Q16539","","Q8TEJ3",""
"17.533333333333335","","interacts with","0","0.476426237","","MAPK14 (interacts with) RASEF",,"1","0","1","1","0.551219512","0.401632961",,"false","interacts with","MAPK14 (interacts with) RASEF","0","Q16539","","Q8IZ41",""
"16.0","","interacts with","0","0.476426153","","MAPK14 (interacts with) UNC45A",,"1","0","1","1","0.551219512","0.401632795",,"false","interacts with","MAPK14 (interacts with) UNC45A","0","Q16539","","Q9H3U1",""
"7.0","","interacts with","0","0.476426158","","MAPK14 (interacts with) SRRM2",,"1","0","1","1","0.551219512","0.401632803",,"false","interacts with","MAPK14 (interacts with) SRRM2","0","Q16539","","Q9UQ35",""
"23.5","","interacts with","0","0.464255208","","MAPK14 (interacts with) ANKRD36B",,"1","0","1","1","0.526829268","0.401681147",,"false","interacts with","MAPK14 (interacts with) ANKRD36B","0","Q16539","","Q8N2N9",""
"29.899999999999995","","interacts with","0","0.461816194","","ZEB1 (interacts with) MAPK14",,"0","1","1","1","0.52195122","0.401681168",,"false","interacts with","ZEB1 (interacts with) MAPK14","0","P37275","","Q16539",""
"22.56666666666666","","interacts with","0","0.476426346","","SARS1 (interacts with) MAPK14",,"0","1","1","1","0.551219512","0.40163318",,"false","interacts with","SARS1 (interacts with) MAPK14","0","P49591","","Q16539",""
"20.200000000000003","","interacts with","0","0.476426239","","MAPK14 (interacts with) PALS1",,"1","0","1","1","0.551219512","0.401632966",,"false","interacts with","MAPK14 (interacts with) PALS1","0","Q16539","","Q8N3R9",""
"20.200000000000003","","interacts with","0","0.476426237","","MAPK14 (interacts with) PSD2",,"1","0","1","1","0.551219512","0.401632963",,"false","interacts with","MAPK14 (interacts with) PSD2","0","Q16539","","Q9BQI7",""
"17.533333333333335","","interacts with","0","0.476426236","","MAPK14 (interacts with) RAPGEFL1",,"1","0","1","1","0.551219512","0.401632959",,"false","interacts with","MAPK14 (interacts with) RAPGEFL1","0","Q16539","","Q9UHV5",""
"20.899999999999995","","interacts with","0","0.47642635","","UGDH (interacts with) MAPK14",,"0","1","1","1","0.551219512","0.401633187",,"false","interacts with","UGDH (interacts with) MAPK14","0","O60701","","Q16539",""
"16.0","","interacts with","0","0.476426191","","MAPK14 (interacts with) ARHGAP11A",,"1","0","1","1","0.551219512","0.401632869",,"false","interacts with","MAPK14 (interacts with) ARHGAP11A","0","Q16539","","Q6P4F7",""
"13.0","","interacts with","0","0.476426269","","MAPK14 (interacts with) IMMT",,"1","0","1","1","0.551219512","0.401633026",,"false","interacts with","MAPK14 (interacts with) IMMT","0","Q16539","","Q16891",""
"20.200000000000003","","interacts with","0","0.476426227","","MAPK14 (interacts with) PRDM8",,"1","0","1","1","0.551219512","0.401632941",,"false","interacts with","MAPK14 (interacts with) PRDM8","0","Q16539","","Q9NQV8",""
"16.0","","interacts with","0","0.47638712","","SRRM2 (interacts with) YME1L1",,"0","0","0","1","0.551219512","0.401554727",,"false","interacts with","SRRM2 (interacts with) YME1L1","0","Q9UQ35","","Q96TA2",""
"3.6666666666666665","","interacts with","0","0.63959689","","IMMT (interacts with) YME1L1",,"0","0","0","1","0.87804878","0.401145",,"false","interacts with","IMMT (interacts with) YME1L1","0","Q16891","","Q96TA2",""
"6.333333333333332","","interacts with","0","0.476387159","","ZNF277 (interacts with) USO1",,"0","0","0","1","0.551219512","0.401554806",,"false","interacts with","ZNF277 (interacts with) USO1","0","Q9NRM2","","O60763",""
"15.666666666666668","","interacts with","0","0.476387178","","SRRM2 (interacts with) USO1",,"0","0","0","1","0.551219512","0.401554843",,"false","interacts with","SRRM2 (interacts with) USO1","0","Q9UQ35","","O60763",""
"6.333333333333333","","interacts with","0","0.464192101","","ZNF277 (interacts with) UNC45A",,"0","0","0","1","0.526829268","0.401554934",,"false","interacts with","ZNF277 (interacts with) UNC45A","0","Q9NRM2","","Q9H3U1",""
"14.666666666666668","","interacts with","0","0.476387133","","SRRM2 (interacts with) ZNF277",,"0","0","0","1","0.551219512","0.401554753",,"false","interacts with","SRRM2 (interacts with) ZNF277","0","Q9UQ35","","Q9NRM2",""
"9.833333333333332","","interacts with","0","0.464216121","","ZNF277 (interacts with) ANKRD36B",,"0","0","0","1","0.526829268","0.401602974",,"false","interacts with","ZNF277 (interacts with) ANKRD36B","0","Q9NRM2","","Q8N2N9",""
"12.5","","interacts with","0","0.461777191","","ZNF277 (interacts with) ZEB1",,"0","0","0","1","0.52195122","0.401603163",,"false","interacts with","ZNF277 (interacts with) ZEB1","0","Q9NRM2","","P37275",""
"6.333333333333333","","interacts with","0","0.476387153","","ZNF277 (interacts with) ARHGAP11A",,"0","0","0","1","0.551219512","0.401554794",,"false","interacts with","ZNF277 (interacts with) ARHGAP11A","0","Q9NRM2","","Q6P4F7",""
"7.333333333333332","","interacts with","0","0.461753142","","ZNF277 (interacts with) IMMT",,"0","0","0","1","0.52195122","0.401555064",,"false","interacts with","ZNF277 (interacts with) IMMT","0","Q9NRM2","","Q16891",""
"17.799999999999997","","interacts with","0","0.469070142","","SRRM2 (interacts with) SH3RF3",,"0","0","0","1","0.536585366","0.401554918",,"false","interacts with","SRRM2 (interacts with) SH3RF3","0","Q9UQ35","","Q8TEJ3",""
"18.133333333333333","","interacts with","0","0.476387084","","SRRM2 (interacts with) RASEF",,"0","0","0","1","0.551219512","0.401554655",,"false","interacts with","SRRM2 (interacts with) RASEF","0","Q9UQ35","","Q8IZ41",""
"4.333333333333333","","interacts with","0","0.461777011","","RASEF (interacts with) ANKRD36B",,"0","0","0","1","0.52195122","0.401602803",,"false","interacts with","RASEF (interacts with) ANKRD36B","0","Q8IZ41","","Q8N2N9",""
"15.666666666666668","","interacts with","0","0.476387207","","SRRM2 (interacts with) UNC45A",,"0","0","0","1","0.551219512","0.401554902",,"false","interacts with","SRRM2 (interacts with) UNC45A","0","Q9UQ35","","Q9H3U1",""
"12.4","","interacts with","0","0.566514245","","GTF2A1 (interacts with) ZEB1",,"0","0","0","1","0.731707317","0.401321173",,"false","interacts with","GTF2A1 (interacts with) ZEB1","0","P52655","","P37275",""
"14.3","","interacts with","0","0.564068102","","GTF2A1 (interacts with) SARS1",,"0","0","0","1","0.726829268","0.401306935",,"false","interacts with","GTF2A1 (interacts with) SARS1","0","P52655","","P49591",""
"16.633333333333333","","interacts with","0","0.564068028","","GTF2A1 (interacts with) UGDH",,"0","0","0","1","0.726829268","0.401306788",,"false","interacts with","GTF2A1 (interacts with) UGDH","0","P52655","","O60701",""
"22.4","","interacts with","0","0.476387132","","SRRM2 (interacts with) SARS1",,"0","0","0","1","0.551219512","0.401554753",,"false","interacts with","SRRM2 (interacts with) SARS1","0","Q9UQ35","","P49591",""
"17.799999999999997","","interacts with","0","0.47638713","","SRRM2 (interacts with) PALS1",,"0","0","0","1","0.551219512","0.401554748",,"false","interacts with","SRRM2 (interacts with) PALS1","0","Q9UQ35","","Q8N3R9",""
"17.799999999999997","","interacts with","0","0.476387155","","SRRM2 (interacts with) PSD2",,"0","0","0","1","0.551219512","0.401554798",,"false","interacts with","SRRM2 (interacts with) PSD2","0","Q9UQ35","","Q9BQI7",""
"18.133333333333333","","interacts with","0","0.476387157","","SRRM2 (interacts with) RAPGEFL1",,"0","0","0","1","0.551219512","0.401554801",,"false","interacts with","SRRM2 (interacts with) RAPGEFL1","0","Q9UQ35","","Q9UHV5",""
"20.73333333333333","","interacts with","0","0.476387074","","SRRM2 (interacts with) UGDH",,"0","0","0","1","0.551219512","0.401554635",,"false","interacts with","SRRM2 (interacts with) UGDH","0","Q9UQ35","","O60701",""
"15.666666666666668","","interacts with","0","0.476387164","","SRRM2 (interacts with) ARHGAP11A",,"0","0","0","1","0.551219512","0.401554815",,"false","interacts with","SRRM2 (interacts with) ARHGAP11A","0","Q9UQ35","","Q6P4F7",""
"38.0","","interacts with","0","0.461777148","","SRRM2 (interacts with) ANKRD65",,"0","0","0","1","0.52195122","0.401603076",,"false","interacts with","SRRM2 (interacts with) ANKRD65","0","Q9UQ35","","E5RJM6",""
"13.0","","interacts with","0","0.476387142","","SRRM2 (interacts with) IMMT",,"0","0","0","1","0.551219512","0.401554771",,"false","interacts with","SRRM2 (interacts with) IMMT","0","Q9UQ35","","Q16891",""
"17.799999999999997","","interacts with","0","0.476387099","","SRRM2 (interacts with) PRDM8",,"0","0","0","1","0.551219512","0.401554686",,"false","interacts with","SRRM2 (interacts with) PRDM8","0","Q9UQ35","","Q9NQV8",""
"4.333333333333334","","interacts with","0","0.461777183","","RAPGEFL1 (interacts with) ANKRD36B",,"0","0","0","1","0.52195122","0.401603146",,"false","interacts with","RAPGEFL1 (interacts with) ANKRD36B","0","Q9UHV5","","Q8N2N9",""
"5.666666666666667","","interacts with","0","0.464192219","","IMMT (interacts with) UGDH",,"0","0","0","1","0.526829268","0.40155517",,"false","interacts with","IMMT (interacts with) UGDH","0","Q16891","","O60701",""
"0.0","","interacts with","0","0.639946906","","AR (interacts with) AR",,"1","1","1","1","0.868292683","0.41160113",,"false","interacts with","AR (interacts with) AR","0","P10275","","P10275",""
"4.0","","interacts with","0","0.476426204","","AR (interacts with) RBL2",,"1","0","1","1","0.551219512","0.401632896",,"false","interacts with","AR (interacts with) RBL2","0","P10275","","Q08999",""
"4.0","","interacts with","0","0.612923271","","CCNE2 (interacts with) RBL2",,"0","0","0","1","0.824390244","0.401456298",,"false","interacts with","CCNE2 (interacts with) RBL2","0","O96020","","Q08999",""
"0.0","","interacts with","0","0.599708751","","CSF1R (interacts with) CSF1R",,"1","1","1","1","0.809756098","0.389661404",,"false","interacts with","CSF1R (interacts with) CSF1R","0","P07333","","P07333",""
"4.0","","interacts with","0","0.476426159","","CSF1R (interacts with) ABCC11",,"1","0","1","1","0.551219512","0.401632806",,"false","interacts with","CSF1R (interacts with) ABCC11","0","P07333","","Q96J66",""
"4.0","","interacts with","0","0.461816168","","CSF1R (interacts with) NCOR2",,"1","0","1","1","0.52195122","0.401681117",,"false","interacts with","CSF1R (interacts with) NCOR2","0","P07333","","Q9Y618",""
"2.0","","interacts with","0","0.561630038","","ZBTB22 (interacts with) CCDC13",,"0","0","0","1","0.72195122","0.401308856",,"false","interacts with","ZBTB22 (interacts with) CCDC13","0","O15209","","Q8IYE1",""
"0.0","taxid:9606(Homo sapiens)","interacts with","1","0.637614874","""psi-mi:""""MI:0114""""(x-ray crystallography)""","FN1 (interacts with) FN1","2","1","1","1","1","0.868292683","0.406937064",,"false","interacts with","FN1 (interacts with) FN1","0","P02751","P02751","P02751","P02751"
