,uidA,uidB,Predicted Classes,Probability Score,Regression Value,mean_prob_aff,stringdb_check,score_norm,uidA_irefindex,uidB_irefindex,method,Host_organism_taxid,numParticipants,irefindex_check,GeneA,GeneB,OP_A,OP_B,OP_check
257,P01106,P25789,1,0.551219512195122,0.4016331300632494,0.4764263211291857,0,,,,,,,0,MYC,PSMA4,1,0,1
533,P01258,Q14050,1,0.551219512195122,0.4016329893778305,0.4764262507864762,0,,,,,,,0,CALCA,COL9A3,1,0,1
1886,O43895,P29474,1,0.551219512195122,0.4016329589059468,0.4764262355505344,0,,,,,,,0,XPNPEP2,NOS3,0,1,1
2164,P01701,Q9BQB4,1,0.5219512195121951,0.4016331121386685,0.4617921658254318,0,,,,,,,0,IGLV1-51,SOST,0,1,1
2311,P04198,Q9UJK0,1,0.551219512195122,0.4016330904085191,0.4764263013018205,0,,,,,,,0,MYCN,TSR3,1,0,1
2348,P18075,Q9BQN1,1,0.551219512195122,0.4016329285654308,0.4764262203802764,0,,,,,,,0,BMP7,FAM83C,1,0,1
2621,Q04206,Q8NGJ6,1,0.551219512195122,0.4016329690607008,0.4764262406279114,0,,,,,,,0,RELA,OR51A4,1,0,1
2924,P31749,Q2TBA0,1,0.526829268292683,0.4016332700097766,0.4642312691512298,0,,,,,,,0,AKT1,KLHL40,1,0,1
3642,P02461,Q99952,1,0.551219512195122,0.4016330076602519,0.4764262599276869,0,,,,,,,0,COL3A1,PTPN18,1,0,1
3996,P06746,Q04206,1,0.526829268292683,0.4016331675058083,0.4642312178992456,0,,,,,,,0,POLB,RELA,0,1,1
4630,P02452,Q8WVV4,1,0.5219512195121951,0.4016812393603132,0.4618162294362541,0,,,,,,,0,COL1A1,POF1B,1,0,1
5027,P12429,Q9Y4K3,1,0.551219512195122,0.4016330907036328,0.4764263014493773,0,,,,,,,0,ANXA3,TRAF6,0,1,1
5155,P08123,Q99457,1,0.551219512195122,0.4016330511354498,0.4764262816652859,0,,,,,,,0,COL1A2,NAP1L3,1,0,1
5455,A0A3B3IU46,P12524,1,0.526829268292683,0.4016330974291985,0.4642311828609407,0,,,,,,,0,RAMACL,MYCL,0,1,1
5522,O15520,P04637,1,0.551219512195122,0.4016331235334595,0.4764263178642907,0,,,,,,,0,FGF10,TP53,0,1,1
6390,P35226,Q04206,1,0.551219512195122,0.4016329318092747,0.4764262220021983,1,0.1130742049469964,,,,,,0,BMI1,RELA,0,1,1
6407,P02461,Q9BQ52,1,0.551219512195122,0.401633013734093,0.4764262629646075,0,,,,,,,0,COL3A1,ELAC2,1,0,1
6537,O75503,P20908,1,0.5219512195121951,0.4016813471591557,0.4618162833356754,0,,,,,,,0,CLN5,COL5A1,0,1,1
7419,P04198,P57729,1,0.551219512195122,0.4016330227279433,0.4764262674615326,0,,,,,,,0,MYCN,RAB38,1,0,1
7879,B3KS81,Q9UNN8,1,0.551219512195122,0.4016329523349043,0.4764262322650131,0,,,,,,,0,SRRM5,PROCR,0,1,1
8091,P10451,Q8TAC1,1,0.551219512195122,0.4016331480778836,0.4764263301365028,0,,,,,,,0,SPP1,RFESD,1,0,1
8362,P19838,P19838,1,0.951219512195122,0.3999322114542329,0.6755758618246774,0,,P19838,P19838,"psi-mi:""MI:0364""(inferred by curator)",taxid:9606(Homo sapiens),2.0,1,NFKB1,NFKB1,1,1,1
8587,P17612,Q9BQN1,1,0.551219512195122,0.401633002029701,0.4764262571124115,0,,,,,,,0,PRKACA,FAM83C,1,0,1
8757,A0A0B4J1V7,P12643,1,0.551219512195122,0.4016331032684951,0.4764263077318085,0,,,,,,,0,IGHV7-81,BMP2,0,1,1
8788,P28482,Q96PX1,1,0.551219512195122,0.4016330779558044,0.4764262950754632,0,,,,,,,0,MAPK1,RNF157,1,0,1
9092,P10451,Q5T0F9,1,0.551219512195122,0.4016328927972247,0.4764262024961733,0,,,,,,,0,SPP1,CC2D1B,1,0,1
9135,P04637,Q9P0W0,1,0.551219512195122,0.4016331584900686,0.4764263353425952,0,,,,,,,0,TP53,IFNK,1,0,1
9355,P42574,P42574,1,0.8390243902439025,0.4126232959769474,0.6258238431104249,0,,,,,,,0,CASP3,CASP3,1,1,1
9394,P12931,P53420,1,0.551219512195122,0.4016328609719339,0.476426186583528,0,,,,,,,0,SRC,COL4A4,1,0,1
9481,P01258,Q71UM5,1,0.526829268292683,0.4016330487478223,0.4642311585202526,0,,,,,,,0,CALCA,RPS27L,1,0,1
9700,Q96HV5,Q9UNN8,1,0.551219512195122,0.4016339241212806,0.4764267181582013,0,,,,,,,0,TMEM41A,PROCR,0,1,1
9844,P10451,Q9BT43,1,0.551219512195122,0.4016328749999421,0.476426193597532,0,,,,,,,0,SPP1,POLR3GL,1,0,1
10504,P35354,Q9Y2J2,1,0.551219512195122,0.4016329404043129,0.4764262262997174,0,,,,,,,0,PTGS2,EPB41L3,1,0,1
11133,P02452,Q96CH1,1,0.526829268292683,0.4016332774677431,0.464231272880213,0,,,,,,,0,COL1A1,GPR146,1,0,1
11564,P12524,Q13188,1,0.551219512195122,0.4016329588905339,0.4764262355428279,0,,,,,,,0,MYCL,STK3,1,0,1
11920,P06401,Q96DZ1,1,0.551219512195122,0.4016329118588872,0.4764262120270046,0,,,,,,,0,PGR,ERLEC1,1,0,1
12048,P02452,Q96MC9,1,0.526829268292683,0.4016810829396182,0.4642551756161506,0,,,,,,,0,COL1A1,IKBKE-AS1,1,0,1
12867,P02461,Q9UKQ9,1,0.526829268292683,0.4016811438046982,0.4642552060486906,0,,,,,,,0,COL3A1,KLK9,1,0,1
13564,P02452,Q9BZG8,1,0.551219512195122,0.4016329679746278,0.4764262400848749,0,,,,,,,0,COL1A1,DPH1,1,0,1
13964,P04004,P17858,1,0.551219512195122,0.4016329554284373,0.4764262338117796,0,,,,,,,0,VTN,PFKL,1,0,1
14238,P25940,P54136,1,0.526829268292683,0.4016812362429764,0.4642552522678297,0,,,,,,,0,COL5A3,RARS1,1,0,1
16660,P08123,Q96BR6,1,0.551219512195122,0.4016328837308578,0.4764261979629899,0,,,,,,,0,COL1A2,ZNF669,1,0,1
17449,A0A286YF18,P04198,1,0.551219512195122,0.4016329279463014,0.4764262200707116,0,,,,,,,0,SMIM44,MYCN,0,1,1
17653,P10451,P85299,1,0.5365853658536585,0.4016333703680117,0.4691093681108351,0,,,,,,,0,SPP1,PRR5,1,0,1
18728,P02452,Q99742,1,0.551219512195122,0.4016329742712753,0.4764262432331986,0,,,,,,,0,COL1A1,NPAS1,1,0,1
18850,P06401,Q8N6M3,1,0.5219512195121951,0.401681284485979,0.461816251999087,0,,,,,,,0,PGR,FITM2,1,0,1
18928,P23219,Q9UQC9,1,0.551219512195122,0.4016330090669691,0.4764262606310455,0,,,,,,,0,PTGS1,CLCA2,1,0,1
20317,P18075,Q9P2N2,1,0.551219512195122,0.401633016709564,0.476426264452343,0,,,,,,,0,BMP7,ARHGAP28,1,0,1
20886,P02461,Q5SQN1,1,0.5219512195121951,0.4016811127273527,0.4618161661197739,0,,,,,,,0,COL3A1,SNAP47,1,0,1
20961,O76036,P25940,1,0.551219512195122,0.4016328709635136,0.4764261915793177,0,,,,,,,0,NCR1,COL5A3,0,1,1
20964,P05997,Q3YEC7,1,0.551219512195122,0.4016328846628902,0.4764261984290061,0,,,,,,,0,COL5A2,RABL6,1,0,1
21166,P02461,Q9UKP6,1,0.551219512195122,0.401632877510118,0.47642619485262,0,,,,,,,0,COL3A1,UTS2R,1,0,1
22664,P49841,Q8N1W2,1,0.551219512195122,0.4016330146797391,0.4764262634374305,0,,,,,,,0,GSK3B,ZNF710,1,0,1
23316,P10415,P40121,1,0.551219512195122,0.4016329058190382,0.4764262090070801,0,,,,,,,0,BCL2,CAPG,1,0,1
23325,Q04206,Q06889,1,0.551219512195122,0.4016328545846641,0.476426183389893,0,,,,,,,0,RELA,EGR3,1,0,1
23713,O14788,Q58FG1,1,0.551219512195122,0.4016331529611187,0.4764263325781203,0,,,,,,,0,TNFSF11,HSP90AA4P,1,0,1
24453,P05997,Q8N8B7,1,0.551219512195122,0.4016328970559708,0.4764262046255464,0,,,,,,,0,COL5A2,TCEANC,1,0,1
25137,A0A075B6S6,P04198,1,0.551219512195122,0.4016328949860686,0.4764262035905953,0,,,,,,,0,IGKV2D-30,MYCN,0,1,1
25434,A8MYV0,O14788,1,0.551219512195122,0.4016331196479026,0.4764263159215123,0,,,,,,,0,DCDC2C,TNFSF11,0,1,1
25590,P08123,P0C7T7,1,0.526829268292683,0.4016811811552589,0.4642552247239709,0,,,,,,,0,COL1A2,FRMD6-AS1,1,0,1
26331,P03372,Q9H2K8,1,0.551219512195122,0.4016331641574542,0.4764263381762881,0,,,,,,,0,ESR1,TAOK3,1,0,1
26915,P10415,Q9BTN0,1,0.551219512195122,0.4016332066519743,0.4764263594235481,0,,,,,,,0,BCL2,LRFN3,1,0,1
27121,P04629,Q8IU57,1,0.551219512195122,0.4016331868141382,0.4764263495046301,0,,,,,,,0,NTRK1,IFNLR1,1,0,1
27585,O43353,P02461,1,0.551219512195122,0.4016330670883699,0.4764262896417459,0,,,,,,,0,RIPK2,COL3A1,0,1,1
27700,P20908,Q8IWF2,1,0.526829268292683,0.4016812002107822,0.4642552342517325,0,,,,,,,0,COL5A1,FOXRED2,1,0,1
28694,P08123,Q8NGU1,1,0.551219512195122,0.401632973333592,0.4764262427643569,0,,,,,,,0,COL1A2,OR9A1P,1,0,1
28864,P0DJD7,P31749,1,0.5365853658536585,0.401633181877723,0.4691092738656907,0,,,,,,,0,PGA4,AKT1,0,1,1
29437,P12931,P12931,1,0.8926829268292683,0.4077529554194498,0.650217941124359,0,,,,,,,0,SRC,SRC,1,1,1
29947,P02452,Q8N1D5,1,0.551219512195122,0.4016329555190528,0.4764262338570874,0,,,,,,,0,COL1A1,CFAP107,1,0,1
30110,O15522,P04198,1,0.551219512195122,0.4016328126169413,0.4764261624060316,0,,,,,,,0,NKX2-8,MYCN,0,1,1
30128,H3BNL1,P04637,1,0.551219512195122,0.4016330084968573,0.4764262603459896,0,,,,,,,0,C3orf84,TP53,0,1,1
30437,P02452,Q5JR12,1,0.551219512195122,0.401633004340909,0.4764262582680155,0,,,,,,,0,COL1A1,PPM1J,1,0,1
30598,P05997,P50391,1,0.551219512195122,0.4016329441233744,0.4764262281592482,0,,,,,,,0,COL5A2,NPY4R,1,0,1
31661,P05997,Q6IPT4,1,0.551219512195122,0.4016329815562616,0.4764262468756918,0,,,,,,,0,COL5A2,CYB5RL,1,0,1
31840,P04637,Q2M2D7,1,0.551219512195122,0.4016331212077918,0.4764263167014569,0,,,,,,,0,TP53,TBC1D28,1,0,1
31891,Q6UUV7,Q9UNN8,1,0.551219512195122,0.4016331268822746,0.4764263195386983,0,,,,,,,0,CRTC3,PROCR,0,1,1
32325,P08123,Q16222,1,0.551219512195122,0.4016329761557625,0.4764262441754422,0,,,,,,,0,COL1A2,UAP1,1,0,1
32721,P10415,Q9BPX3,1,0.5219512195121951,0.4016811177965164,0.4618161686543557,0,,,,,,,0,BCL2,NCAPG,1,0,1
33137,P31749,Q6P996,1,0.551219512195122,0.4016329672949038,0.4764262397450128,0,,,,,,,0,AKT1,PDXDC1,1,0,1
33450,P06401,P06401,1,0.7268292682926829,0.4094081151809423,0.5681186917368126,0,,,,,,,0,PGR,PGR,1,1,1
33949,P05412,P59282,1,0.526829268292683,0.4016333640559381,0.4642313161743105,0,,,,,,,0,JUN,TPPP2,1,0,1
35313,P16284,P25940,1,0.526829268292683,0.4016812266122582,0.4642552474524706,0,,,,,,,0,PECAM1,COL5A3,0,1,1
35596,O14788,O15231,1,0.551219512195122,0.4016331692505775,0.4764263407228497,0,,,,,,,0,TNFSF11,ZNF185,1,0,1
35679,P25940,Q06546,1,0.526829268292683,0.4016332332324002,0.4642312507625415,0,,,,,,,0,COL5A3,GABPA,1,0,1
35822,P00167,P04198,1,0.526829268292683,0.4016331994987223,0.4642312338957026,0,,,,,,,0,CYB5A,MYCN,0,1,1
36610,P01106,Q9H341,1,0.551219512195122,0.4016333375007443,0.4764264248479332,0,,,,,,,0,MYC,OR51M1,1,0,1
36829,P04637,Q70IA6,1,0.551219512195122,0.4016331429821806,0.4764263275886513,0,,,,,,,0,TP53,MOB2,1,0,1
37973,P43235,Q8WXE0,1,0.551219512195122,0.4016328973041722,0.4764262047496471,0,,,,,,,0,CTSK,CASKIN2,1,0,1
39220,O14788,Q9UI47,1,0.551219512195122,0.4016328468963234,0.4764261795457227,0,,,,,,,0,TNFSF11,CTNNA3,1,0,1
39468,P12931,Q9P2E5,1,0.551219512195122,0.4016331372057627,0.4764263247004423,0,,,,,,,0,SRC,CHPF2,1,0,1
39676,A8MV65,P02452,1,0.551219512195122,0.4016329556403205,0.4764262339177212,0,,,,,,,0,VGLL3,COL1A1,0,1,1
39882,A0A2R8YFL7,P02818,1,0.5219512195121951,0.4016331979602786,0.4617922087362368,0,,,,,,,0,OOSP4A,BGLAP,0,1,1
40275,P02461,Q96NL0,1,0.551219512195122,0.401632950943454,0.476426231569288,0,,,,,,,0,COL3A1,RUNDC3B,1,0,1
40597,Q8NGS7,Q9Y4K3,1,0.551219512195122,0.4016331388118327,0.4764263255034773,0,,,,,,,0,OR13C8,TRAF6,0,1,1
41814,P04004,Q96S38,1,0.551219512195122,0.401632868399112,0.4764261902971169,0,,,,,,,0,VTN,RPS6KC1,1,0,1
42285,Q16539,Q96TA2,1,0.551219512195122,0.4016330263701921,0.4764262692826571,0,,,,,,,0,MAPK14,YME1L1,1,0,1
42607,Q6UX07,Q9UNN8,1,0.526829268292683,0.4016331164001404,0.4642311923464116,0,,,,,,,0,DHRS13,PROCR,0,1,1
42619,P02461,Q5JNZ3,1,0.551219512195122,0.4016328833076897,0.4764261977514058,0,,,,,,,0,COL3A1,ZNF311,1,0,1
43560,O14662,P02818,1,0.526829268292683,0.4016330348562908,0.4642311515744869,0,,,,,,,0,STX16,BGLAP,0,1,1
43747,P54278,Q9Y4K3,1,0.551219512195122,0.4016330499682666,0.4764262810816942,0,,,,,,,0,PMS2,TRAF6,0,1,1
44464,P02452,P32238,1,0.551219512195122,0.4016331966457063,0.4764263544204141,0,,,,,,,0,COL1A1,CCKAR,1,0,1
44856,P06401,Q96NG8,1,0.551219512195122,0.4016330800042755,0.4764262960996988,0,,,,,,,0,PGR,ZNF582,1,0,1
45669,P25940,Q9BYW1,1,0.551219512195122,0.401632924455027,0.4764262183250745,0,,,,,,,0,COL5A3,SLC2A11,1,0,1
45942,P25940,Q969R8,1,0.551219512195122,0.4016330672973935,0.4764262897462578,0,,,,,,,0,COL5A3,ITFG2,1,0,1
46397,O94955,P06401,1,0.551219512195122,0.4016330233027518,0.4764262677489369,0,,,,,,,0,RHOBTB3,PGR,0,1,1
46762,Q16586,Q9UNN8,1,0.551219512195122,0.4016331119826741,0.4764263120888981,0,,,,,,,0,SGCA,PROCR,0,1,1
47143,P02452,Q96AY3,1,0.5219512195121951,0.4016811439616973,0.4618161817369462,0,,,,,,,0,COL1A1,FKBP10,1,0,1
47241,P06401,Q0VAM2,1,0.551219512195122,0.4016329780487694,0.4764262451219457,0,,,,,,,0,PGR,RASGEF1B,1,0,1
47391,P06401,Q92993,1,0.551219512195122,0.4016329202150819,0.4764262162051019,0,,,,,,,0,PGR,KAT5,1,0,1
48420,P06401,Q86YW0,1,0.526829268292683,0.4016332279806804,0.4642312481366817,0,,,,,,,0,PGR,PLCZ1,1,0,1
49003,P05997,Q9UBT2,1,0.551219512195122,0.4016329285264104,0.4764262203607662,0,,,,,,,0,COL5A2,UBA2,1,0,1
49180,O00203,P06401,1,0.551219512195122,0.4016329915429878,0.4764262518690549,0,,,,,,,0,AP3B1,PGR,0,1,1
49410,Q9UNN4,Q9UNN8,1,0.551219512195122,0.4016331508005719,0.4764263314978469,0,,,,,,,0,GTF2A1L,PROCR,0,1,1
49772,P25940,P98077,1,0.551219512195122,0.4016328315970977,0.4764261718961098,0,,,,,,,0,COL5A3,SHC2,1,0,1
50104,P08123,Q96BF3,1,0.526829268292683,0.4016811299062857,0.4642551990994843,0,,,,,,,0,COL1A2,TMIGD2,1,0,1
51728,P10275,Q08999,1,0.551219512195122,0.4016328962013135,0.4764262041982177,0,,,,,,,0,AR,RBL2,1,0,1
52324,P08123,P32780,1,0.551219512195122,0.4016328547796407,0.4764261834873813,0,,,,,,,0,COL1A2,GTF2H1,1,0,1
52690,O95872,P08123,1,0.526829268292683,0.4016813068688487,0.4642552875807658,0,,,,,,,0,GPANK1,COL1A2,0,1,1
53116,P17612,Q15003,1,0.551219512195122,0.4016331379581889,0.4764263250766554,0,,,,,,,0,PRKACA,NCAPH,1,0,1
53421,P02452,Q9HB14,1,0.551219512195122,0.4016328826245381,0.47642619740983,0,,,,,,,0,COL1A1,KCNK13,1,0,1
53654,A8MUL3,P04198,1,0.526829268292683,0.4016331146462097,0.4642311914694463,0,,,,,,,0,ADARB2-AS1,MYCN,0,1,1
53911,P17612,Q8N468,1,0.551219512195122,0.4016331649610131,0.4764263385780675,0,,,,,,,0,PRKACA,MFSD4A,1,0,1
54120,Q04206,Q96DH6,1,0.551219512195122,0.4016329627004367,0.4764262374477793,0,,,,,,,0,RELA,MSI2,1,0,1
54669,P23219,Q9P2N7,1,0.551219512195122,0.4016330541898138,0.4764262831924679,0,,,,,,,0,PTGS1,KLHL13,1,0,1
54894,P43235,Q9NRZ9,1,0.551219512195122,0.4016328793590772,0.4764261957770996,0,,,,,,,0,CTSK,HELLS,1,0,1
56170,P25940,Q86YJ6,1,0.551219512195122,0.4016328346406828,0.4764261734179024,0,,,,,,,0,COL5A3,THNSL2,1,0,1
56852,P05997,Q8IWR1,1,0.551219512195122,0.4016328730201197,0.4764261926076208,0,,,,,,,0,COL5A2,TRIM59,1,0,1
56893,P01106,Q9P2F9,1,0.526829268292683,0.4016331029751211,0.464231185633902,0,,,,,,,0,MYC,ZNF319,1,0,1
56911,O43711,P04198,1,0.551219512195122,0.4016330287530505,0.4764262704740862,1,0.0306242638398115,,,,,,0,TLX3,MYCN,0,1,1
56927,O14788,Q2MV58,1,0.551219512195122,0.4016330511074019,0.4764262816512619,0,,,,,,,0,TNFSF11,TCTN1,1,0,1
57039,P10415,Q9UNM6,1,0.551219512195122,0.4016329764277034,0.4764262443114126,0,,,,,,,0,BCL2,PSMD13,1,0,1
57123,P05997,Q13087,1,0.551219512195122,0.4016329094053555,0.4764262108002387,0,,,,,,,0,COL5A2,PDIA2,1,0,1
57604,Q02040,Q9UNN8,1,0.551219512195122,0.4016330850276257,0.4764262986113738,0,,,,,,,0,AKAP17A,PROCR,0,1,1
57828,P04198,P63279,1,0.551219512195122,0.4016329212781312,0.4764262167366266,0,,,,,,,0,MYCN,UBE2I,1,0,1
58071,P12524,Q14500,1,0.551219512195122,0.4016331326892057,0.4764263224421639,0,,,,,,,0,MYCL,KCNJ12,1,0,1
58240,A0MZ66,P05412,1,0.551219512195122,0.4016328336086836,0.4764261729019028,1,0.0035335689045936,,,,,,0,SHTN1,JUN,0,1,1
58338,P50749,Q9Y4K3,1,0.551219512195122,0.4016331304439066,0.4764263213195143,0,,,,,,,0,RASSF2,TRAF6,0,1,1
58685,P43235,Q9BXL6,1,0.551219512195122,0.401633057747887,0.4764262849715045,0,,,,,,,0,CTSK,CARD14,1,0,1
59768,P02452,P63252,1,0.551219512195122,0.401633104399851,0.4764263082974865,0,,,,,,,0,COL1A1,KCNJ2,1,0,1
60615,O14904,P10415,1,0.551219512195122,0.4016329487787251,0.4764262304869235,0,,,,,,,0,WNT9A,BCL2,0,1,1
60759,Q9UNN8,Q9Y388,1,0.551219512195122,0.4016334768050343,0.4764264945000781,0,,,,,,,0,PROCR,RBMX2,1,0,1
61211,P04198,P13385,1,0.551219512195122,0.4016330325022023,0.4764262723486621,1,0.1460541813898704,,,,,,0,MYCN,TDGF1,1,0,1
61687,P12524,Q08378,1,0.551219512195122,0.4016328980312909,0.4764262051132064,0,,,,,,,0,MYCL,GOLGA3,1,0,1
62010,P19838,Q9C0B9,1,0.551219512195122,0.4016331862346799,0.4764263492149009,0,,,,,,,0,NFKB1,ZCCHC2,1,0,1
62152,Q16539,Q8NFC6,1,0.5317073170731708,0.4016810614973177,0.4666941892852442,0,,,,,,,0,MAPK14,BOD1L1,1,0,1
62485,P04198,P84085,1,0.526829268292683,0.4016332950993351,0.464231281696009,0,,,,,,,0,MYCN,ARF5,1,0,1
62529,P12643,Q96MY7,1,0.526829268292683,0.4016331968343624,0.4642312325635226,0,,,,,,,0,BMP2,FAM161B,1,0,1
62741,P31749,Q6PJG2,1,0.551219512195122,0.4016328401850627,0.4764261761900923,0,,,,,,,0,AKT1,MIDEAS,1,0,1
62746,O14788,O75688,1,0.551219512195122,0.4016331708232474,0.4764263415091847,0,,,,,,,0,TNFSF11,PPM1B,1,0,1
64103,O95157,P04637,1,0.551219512195122,0.4016330824920193,0.4764262973435706,0,,,,,,,0,NXPH3,TP53,0,1,1
64640,P25940,P52737,1,0.526829268292683,0.401681031481675,0.464255149887179,0,,,,,,,0,COL5A3,ZNF136,1,0,1
64740,P31749,Q9NXG0,1,0.551219512195122,0.4016330593357468,0.4764262857654344,0,,,,,,,0,AKT1,CNTLN,1,0,1
65492,P05997,P48048,1,0.551219512195122,0.4016330526123287,0.4764262824037253,0,,,,,,,0,COL5A2,KCNJ1,1,0,1
65711,P04637,P47756,1,0.551219512195122,0.4016331084634213,0.4764263103292716,1,0.0494699646643109,,,,,,0,TP53,CAPZB,1,0,1
65756,P17612,Q8IUF8,1,0.551219512195122,0.4016330927793438,0.4764263024872329,0,,,,,,,0,PRKACA,RIOX2,1,0,1
65780,P10451,Q5VYY1,1,0.551219512195122,0.4016333460768717,0.4764264291359968,0,,,,,,,0,SPP1,ANKRD22,1,0,1
68976,P13686,P18075,1,0.551219512195122,0.40163319077749,0.4764263514863059,0,,,,,,,0,ACP5,BMP7,0,1,1
71059,P58182,Q9Y4K3,1,0.551219512195122,0.4016332453365895,0.4764263787658557,0,,,,,,,0,OR12D2,TRAF6,0,1,1
71478,P25940,Q9Y6N1,1,0.526829268292683,0.4016331973227645,0.4642312328077237,0,,,,,,,0,COL5A3,COX11,1,0,1
72703,O75167,P04198,1,0.551219512195122,0.4016328499702351,0.4764261810826785,0,,,,,,,0,PHACTR2,MYCN,0,1,1
73162,P12755,P18075,1,0.551219512195122,0.401633015766011,0.4764262639805665,0,,,,,,,0,SKI,BMP7,0,1,1
73559,P08123,P31271,1,0.551219512195122,0.4016328748878963,0.4764261935415091,0,,,,,,,0,COL1A2,HOXA13,1,0,1
73695,P12931,Q5T200,1,0.551219512195122,0.401632872672118,0.47642619243362,0,,,,,,,0,SRC,ZC3H13,1,0,1
73711,P04637,Q8IYW5,1,0.526829268292683,0.4016331929923482,0.4642312306425156,1,0.342756183745583,,,,,,0,TP53,RNF168,1,0,1
74242,P05198,Q04206,1,0.551219512195122,0.4016330290621202,0.4764262706286211,1,0.0800942285041225,,,,,,0,EIF2S1,RELA,0,1,1
74562,P12524,Q96ME1,1,0.551219512195122,0.4016331737133352,0.4764263429542286,0,,,,,,,0,MYCL,FBXL18,1,0,1
75384,Q8IYJ2,Q9UNN8,1,0.526829268292683,0.4016332751367152,0.4642312717146991,0,,,,,,,0,C10orf67,PROCR,0,1,1
76004,O14793,P02452,1,0.551219512195122,0.4016328400727642,0.4764261761339431,0,,,,,,,0,MSTN,COL1A1,0,1,1
76391,Q04206,Q8NGA1,1,0.551219512195122,0.4016330969321828,0.4764263045636524,0,,,,,,,0,RELA,OR1M1,1,0,1
76420,P02452,P15882,1,0.5219512195121951,0.401681343430311,0.4618162814712531,0,,,,,,,0,COL1A1,CHN1,1,0,1
77136,P05997,Q6NXT6,1,0.5219512195121951,0.401681184258937,0.461816201885566,0,,,,,,,0,COL5A2,TAPT1,1,0,1
77450,O60763,Q16539,1,0.551219512195122,0.4016328099739949,0.4764261610845585,0,,,,,,,0,USO1,MAPK14,0,1,1
78310,P05997,Q9Y606,1,0.551219512195122,0.4016327759313274,0.4764261440632247,0,,,,,,,0,COL5A2,PUS1,1,0,1
79364,A4FU49,Q9UNN8,1,0.551219512195122,0.4016329276110987,0.4764262199031103,0,,,,,,,0,SH3D21,PROCR,0,1,1
79655,A0A0A0MS14,P12643,1,0.551219512195122,0.4016330076309629,0.4764262599130424,0,,,,,,,0,IGHV1-45,BMP2,0,1,1
79955,P06401,Q9UKF6,1,0.526829268292683,0.40163324992148,0.4642312591070814,0,,,,,,,0,PGR,CPSF3,1,0,1
80225,P08123,Q9Y6Q5,1,0.551219512195122,0.4016331716672271,0.4764263419311745,0,,,,,,,0,COL1A2,AP1M2,1,0,1
80268,P28482,Q9BPX3,1,0.551219512195122,0.4016328743638371,0.4764261932794795,0,,,,,,,0,MAPK1,NCAPG,1,0,1
81128,P25940,Q13495,1,0.551219512195122,0.4016327731116629,0.4764261426533924,0,,,,,,,0,COL5A3,MAMLD1,1,0,1
81426,P0DJD8,P31749,1,0.551219512195122,0.4016328481463075,0.4764261801707147,0,,,,,,,0,PGA3,AKT1,0,1,1
82442,P10451,Q6UWW0,1,0.551219512195122,0.4016332570302607,0.4764263846126914,0,,,,,,,0,SPP1,LCN15,1,0,1
82675,P25940,Q86YF9,1,0.551219512195122,0.4016330804652958,0.4764262963302089,0,,,,,,,0,COL5A3,DZIP1,1,0,1
82708,P0DMN0,P18075,1,0.551219512195122,0.4016329753014165,0.4764262437482692,0,,,,,,,0,SULT1A4,BMP7,0,1,1
82780,P02461,P49888,1,0.551219512195122,0.4016329320850298,0.4764262221400759,0,,,,,,,0,COL3A1,SULT1E1,1,0,1
83056,P10451,Q96HH9,1,0.551219512195122,0.401633386140984,0.476426449168053,0,,,,,,,0,SPP1,GRAMD2B,1,0,1
83169,P25940,Q86WT6,1,0.551219512195122,0.4016328805514268,0.4764261963732744,0,,,,,,,0,COL5A3,TRIM69,1,0,1
83171,P01106,Q9BYV6,1,0.551219512195122,0.401633047910337,0.4764262800527294,0,,,,,,,0,MYC,TRIM55,1,0,1
83527,P17612,Q32M84,1,0.526829268292683,0.4016333422623613,0.4642313052775221,0,,,,,,,0,PRKACA,BTBD16,1,0,1
83969,O75333,P05997,1,0.551219512195122,0.4016328952089277,0.4764262037020248,0,,,,,,,0,TBX10,COL5A2,0,1,1
84400,O95476,P04637,1,0.551219512195122,0.4016332024779208,0.4764263573365214,0,,,,,,,0,CTDNEP1,TP53,0,1,1
84467,P42574,Q99719,1,0.551219512195122,0.401633149844619,0.4764263310198705,0,,,,,,,0,CASP3,SEPTIN5,1,0,1
85076,P08123,P50548,1,0.526829268292683,0.4016331846298442,0.4642312264612636,0,,,,,,,0,COL1A2,ERF,1,0,1
85450,O75829,P02452,1,0.551219512195122,0.4016328933450406,0.4764262027700813,0,,,,,,,0,CNMD,COL1A1,0,1,1
85897,P05997,Q9H8X9,1,0.551219512195122,0.4016328289588387,0.4764261705769803,0,,,,,,,0,COL5A2,ZDHHC11,1,0,1
86030,P04198,Q6P1L5,1,0.551219512195122,0.4016336074246157,0.4764265598098688,0,,,,,,,0,MYCN,FAM117B,1,0,1
86175,P18075,Q14005,1,0.551219512195122,0.4016330576284969,0.4764262849118094,0,,,,,,,0,BMP7,IL16,1,0,1
86621,P02461,Q9BZI1,1,0.526829268292683,0.4016813997974378,0.4642553340450603,0,,,,,,,0,COL3A1,IRX2,1,0,1
86624,P01106,P55916,1,0.551219512195122,0.4016330194816251,0.4764262658383735,0,,,,,,,0,MYC,UCP3,1,0,1
86911,P29474,P29474,1,0.902439024390244,0.4069308689712629,0.6546849466807535,0,,,,,,,0,NOS3,NOS3,1,1,1
86915,P25940,Q93097,1,0.551219512195122,0.4016327977591594,0.4764261549771407,0,,,,,,,0,COL5A3,WNT2B,1,0,1
87313,O14788,Q6NZY4,1,0.551219512195122,0.40163287384341,0.476426193019266,0,,,,,,,0,TNFSF11,ZCCHC8,1,0,1
87944,O14788,Q7Z418,1,0.551219512195122,0.4016333709242902,0.4764264415597061,0,,,,,,,0,TNFSF11,KCNK18,1,0,1
87989,P20908,Q6QHC5,1,0.5219512195121951,0.4016811560267098,0.4618161877694524,0,,,,,,,0,COL5A1,DEGS2,1,0,1
88052,O14788,P48595,1,0.551219512195122,0.401633046002583,0.4764262790988525,0,,,,,,,0,TNFSF11,SERPINB10,1,0,1
88188,P25940,Q9P0L2,1,0.5219512195121951,0.4016812087556124,0.4618162141339038,0,,,,,,,0,COL5A3,MARK1,1,0,1
89110,P10451,P60411,1,0.5219512195121951,0.4014415033766158,0.4616963614444055,0,,,,,,,0,SPP1,KRTAP10-9,1,0,1
89252,Q9H1R3,Q9UNN8,1,0.526829268292683,0.401633213051306,0.4642312406719945,0,,,,,,,0,MYLK2,PROCR,0,1,1
89345,Q96K58,Q9Y4K3,1,0.526829268292683,0.4016330311525365,0.4642311497226097,0,,,,,,,0,ZNF668,TRAF6,0,1,1
89630,P05997,Q9H6T3,1,0.5219512195121951,0.401681092550736,0.4618161560314655,0,,,,,,,0,COL5A2,RPAP3,1,0,1
89767,O14788,P00390,1,0.526829268292683,0.4016331176732771,0.46423119298298,0,,,,,,,0,TNFSF11,GSR,1,0,1
89988,P02452,Q9BSW7,1,0.551219512195122,0.4016329672729121,0.476426239734017,0,,,,,,,0,COL1A1,SYT17,1,0,1
90341,A6NM76,Q04206,1,0.551219512195122,0.4016332659994022,0.4764263890972621,0,,,,,,,0,OR6C76,RELA,0,1,1
91684,P10451,Q9Y467,1,0.551219512195122,0.4016329112949655,0.4764262117450437,0,,,,,,,0,SPP1,SALL2,1,0,1
91851,P14923,P25940,1,0.526829268292683,0.4016811033971298,0.4642551858449064,0,,,,,,,0,JUP,COL5A3,0,1,1
92022,P08123,Q9NR83,1,0.5219512195121951,0.4016811437077255,0.4618161816099603,0,,,,,,,0,COL1A2,SLC2A4RG,1,0,1
92038,Q04206,Q13115,1,0.551219512195122,0.4016329908506779,0.4764262515228999,0,,,,,,,0,RELA,DUSP4,1,0,1
92068,P04198,Q96NL8,1,0.526829268292683,0.4016330602589281,0.4642311642758055,0,,,,,,,0,MYCN,CFAP418,1,0,1
92130,Q04206,Q8NH80,1,0.551219512195122,0.4016333004520495,0.4764264063235857,0,,,,,,,0,RELA,OR10D3,1,0,1
92366,P17612,Q14005,1,0.551219512195122,0.4016328337417388,0.4764261729684304,0,,,,,,,0,PRKACA,IL16,1,0,1
93495,Q04206,Q04206,1,0.9268292682926828,0.4052606481293573,0.66604495821102,0,,Q04206,Q04206,"psi-mi:""MI:0364""(inferred by curator)",taxid:9606(Homo sapiens),2.0,1,RELA,RELA,1,1,1
93770,P02461,Q9H714,1,0.551219512195122,0.4016329702728976,0.4764262412340098,0,,,,,,,0,COL3A1,RUBCNL,1,0,1
94601,P05997,Q7Z3D6,1,0.526829268292683,0.4016332357396311,0.464231252016157,0,,,,,,,0,COL5A2,DGLUCY,1,0,1
96206,P12524,Q7Z4V0,1,0.551219512195122,0.4016329176820331,0.4764262149385775,0,,,,,,,0,MYCL,ZNF438,1,0,1
96456,Q9BQB4,Q9UL49,1,0.551219512195122,0.4016328878343267,0.4764262000147243,0,,,,,,,0,SOST,TCFL5,1,0,1
96945,P08123,Q76G19,1,0.551219512195122,0.4016330048375549,0.4764262585163384,0,,,,,,,0,COL1A2,PDZD4,1,0,1
97035,P08123,Q6QN14,1,0.551219512195122,0.4016329738079205,0.4764262430015212,0,,,,,,,0,COL1A2,USP17L6P,1,0,1
97523,P0C7V9,Q9Y4K3,1,0.551219512195122,0.4016330740794886,0.4764262931373053,0,,,,,,,0,METTL15P1,TRAF6,0,1,1
97634,P10415,Q8NDH3,1,0.551219512195122,0.4016331664930631,0.4764263393440925,0,,,,,,,0,BCL2,NPEPL1,1,0,1
97657,P12643,P12643,1,0.8487804878048781,0.4117474021474798,0.630263944976179,0,,,,,,,0,BMP2,BMP2,1,1,1
98031,P18075,P50225,1,0.551219512195122,0.4016328825890232,0.4764261973920726,0,,,,,,,0,BMP7,SULT1A1,1,0,1
98220,P12643,Q8N0U2,1,0.551219512195122,0.4016327974894194,0.4764261548422707,0,,,,,,,0,BMP2,TMEM61,1,0,1
98484,P02461,Q8NBR6,1,0.551219512195122,0.4016331800817607,0.4764263461384413,0,,,,,,,0,COL3A1,MINDY2,1,0,1
99934,P05412,Q8N257,1,0.551219512195122,0.4016330621983635,0.4764262871967427,0,,,,,,,0,JUN,H2BC26,1,0,1
99947,O15547,P04629,1,0.551219512195122,0.4016328287886962,0.4764261704919091,0,,,,,,,0,P2RX6,NTRK1,0,1,1
99996,P04198,P49247,1,0.526829268292683,0.4016332048988784,0.4642312365957807,0,,,,,,,0,MYCN,RPIA,1,0,1
100635,P43235,Q9BY31,1,0.5219512195121951,0.4016812174735857,0.4618162184928904,0,,,,,,,0,CTSK,ZNF717,1,0,1
100688,P0CG33,P12643,1,0.551219512195122,0.4016329651614437,0.4764262386782828,0,,,,,,,0,GOLGA6D,BMP2,0,1,1
100874,P02818,Q15365,1,0.551219512195122,0.4016330032165543,0.4764262577058381,0,,,,,,,0,BGLAP,PCBP1,1,0,1
100936,P04637,P49959,1,0.551219512195122,0.4016329417049035,0.4764262269500127,0,,,,,,,0,TP53,MRE11,1,0,1
101000,P08123,P32754,1,0.551219512195122,0.4016331141102986,0.4764263131527103,0,,,,,,,0,COL1A2,HPD,1,0,1
101673,P17612,Q76L83,1,0.551219512195122,0.4016331297367195,0.4764263209659207,0,,,,,,,0,PRKACA,ASXL2,1,0,1
103302,P25940,Q9Y236,1,0.526829268292683,0.4016813704505664,0.4642553193716247,0,,,,,,,0,COL5A3,OSGIN2,1,0,1
106010,P12524,Q15276,1,0.551219512195122,0.4016330628367003,0.4764262875159111,0,,,,,,,0,MYCL,RABEP1,1,0,1
106092,A0A0B4J271,Q9UNN8,1,0.551219512195122,0.4016331570679579,0.4764263346315399,0,,,,,,,0,TRAV12-3,PROCR,0,1,1
106110,P05997,Q8IU60,1,0.551219512195122,0.4016332057138722,0.4764263589544971,0,,,,,,,0,COL5A2,DCP2,1,0,1
106923,P35354,Q9UPR6,1,0.551219512195122,0.4016329817965507,0.4764262469958363,0,,,,,,,0,PTGS2,ZFR2,1,0,1
107250,Q9BQB4,Q9UBB4,1,0.551219512195122,0.4016331430579013,0.4764263276265116,0,,,,,,,0,SOST,ATXN10,1,0,1
107304,O75791,P10415,1,0.526829268292683,0.401633106987123,0.464231187639903,0,,,,,,,0,GRAP2,BCL2,0,1,1
107527,P12931,Q6NSJ5,1,0.551219512195122,0.4016329405370966,0.4764262263661093,0,,,,,,,0,SRC,LRRC8E,1,0,1
108295,P04637,Q9UPM9,1,0.551219512195122,0.4016331737102014,0.4764263429526617,0,,,,,,,0,TP53,B9D1,1,0,1
108703,O94989,P25940,1,0.551219512195122,0.4016330887053164,0.4764263004502191,0,,,,,,,0,ARHGEF15,COL5A3,0,1,1
108818,P02452,Q99788,1,0.551219512195122,0.4016328216548847,0.4764261669250033,0,,,,,,,0,COL1A1,CMKLR1,1,0,1
108892,O75360,P04198,1,0.5365853658536585,0.4016331074010543,0.4691092366273564,0,,,,,,,0,PROP1,MYCN,0,1,1
109088,O94788,P02452,1,0.526829268292683,0.4016332377124616,0.4642312530025723,0,,,,,,,0,ALDH1A2,COL1A1,0,1,1
109445,Q53SF7,Q9UNN8,1,0.526829268292683,0.4016811620568001,0.4642552151747415,0,,,,,,,0,COBLL1,PROCR,0,1,1
109563,P12643,P31941,1,0.551219512195122,0.4016331739107796,0.4764263430529508,0,,,,,,,0,BMP2,APOBEC3A,1,0,1
110944,P43235,Q9H0J4,1,0.5219512195121951,0.4016810963933164,0.4618161579527557,0,,,,,,,0,CTSK,QRICH2,1,0,1
111135,P34972,Q13495,1,0.551219512195122,0.4016330789973718,0.4764262955962469,0,,,,,,,0,CNR2,MAMLD1,1,0,1
111264,Q6IEG0,Q9Y4K3,1,0.551219512195122,0.4016330782384734,0.4764262952167977,0,,,,,,,0,SNRNP48,TRAF6,0,1,1
111576,O14788,P17600,1,0.551219512195122,0.4016329766103614,0.4764262444027417,0,,,,,,,0,TNFSF11,SYN1,1,0,1
111656,Q96RN5,Q9UNN8,1,0.551219512195122,0.4016329402698988,0.4764262262325104,0,,,,,,,0,MED15,PROCR,0,1,1
112705,Q96RU8,Q9Y4K3,1,0.551219512195122,0.4016328271224356,0.4764261696587788,0,,,,,,,0,TRIB1,TRAF6,0,1,1
113013,P49841,Q9BS86,1,0.526829268292683,0.4016330630507609,0.4642311656717219,0,,,,,,,0,GSK3B,ZPBP,1,0,1
113038,P02452,Q8WVN8,1,0.551219512195122,0.401632830023191,0.4764261711091565,0,,,,,,,0,COL1A1,UBE2Q2,1,0,1
113118,P19087,Q9Y4K3,1,0.551219512195122,0.4016328361717079,0.4764261741834149,0,,,,,,,0,GNAT2,TRAF6,0,1,1
113137,P17612,Q9HB89,1,0.5365853658536585,0.4016334830927491,0.4691094244732038,0,,,,,,,0,PRKACA,NMUR1,1,0,1
113175,P34972,Q86WT6,1,0.551219512195122,0.4016328909818259,0.4764262015884739,0,,,,,,,0,CNR2,TRIM69,1,0,1
113307,P25940,Q9H313,1,0.551219512195122,0.4016328568088099,0.4764261845019659,0,,,,,,,0,COL5A3,TTYH1,1,0,1
113532,Q16539,Q9NRM2,1,0.526829268292683,0.40163329888087,0.4642312835867764,0,,,,,,,0,MAPK14,ZNF277,1,0,1
113596,A6NGG8,P04629,1,0.551219512195122,0.4016329508860938,0.4764262315406079,0,,,,,,,0,PCARE,NTRK1,0,1,1
113671,P19838,Q9P2M1,1,0.551219512195122,0.4016329745045828,0.4764262433498524,0,,,,,,,0,NFKB1,LRP2BP,1,0,1
115231,P02461,P28566,1,0.526829268292683,0.4016332760541392,0.4642312721734111,0,,,,,,,0,COL3A1,HTR1E,1,0,1
115307,Q9ULZ2,Q9Y4K3,1,0.526829268292683,0.4016331911120172,0.4642312297023501,0,,,,,,,0,STAP1,TRAF6,0,1,1
116951,P08123,Q8NCB2,1,0.551219512195122,0.4016331576159485,0.4764263349055352,0,,,,,,,0,COL1A2,CAMKV,1,0,1
116960,P04004,Q6ZNL6,1,0.526829268292683,0.4016810674697183,0.4642551678812006,0,,,,,,,0,VTN,FGD5,1,0,1
117150,P02452,Q8NF99,1,0.551219512195122,0.4016329599486809,0.4764262360719015,0,,,,,,,0,COL1A1,ZNF397,1,0,1
117151,P01106,Q969Q5,1,0.551219512195122,0.4016329816412405,0.4764262469181812,0,,,,,,,0,MYC,RAB24,1,0,1
118479,P02452,Q9GZK6,1,0.551219512195122,0.4016329161124226,0.4764262141537723,0,,,,,,,0,COL1A1,OR2J1,1,0,1
119468,Q9UHQ9,Q9Y4K3,1,0.551219512195122,0.401633036771404,0.476426274483263,0,,,,,,,0,CYB5R1,TRAF6,0,1,1
119960,P02452,Q86V59,1,0.526829268292683,0.4016811344758637,0.4642552013842733,0,,,,,,,0,COL1A1,PNMA8A,1,0,1
120405,O14788,Q8N344,1,0.551219512195122,0.4016332205672185,0.4764263663811702,0,,,,,,,0,TNFSF11,MIER2,1,0,1
121174,Q8NH41,Q9Y4K3,1,0.551219512195122,0.4016333205968079,0.4764264163959649,0,,,,,,,0,OR4K15,TRAF6,0,1,1
121279,Q16539,Q8TEJ3,1,0.551219512195122,0.4016329951342297,0.4764262536646758,0,,,,,,,0,MAPK14,SH3RF3,1,0,1
121366,P52272,Q9BQB4,1,0.551219512195122,0.4016329419121596,0.4764262270536408,0,,,,,,,0,HNRNPM,SOST,0,1,1
122017,O43852,P02452,1,0.551219512195122,0.4016330032403936,0.4764262577177578,0,,,,,,,0,CALU,COL1A1,0,1,1
122985,A0A0J9YX06,P01258,1,0.526829268292683,0.401633321055176,0.4642312946739295,0,,,,,,,0,TRBJ1-2,CALCA,0,1,1
123255,P05997,Q8NBP5,1,0.551219512195122,0.4016330729523016,0.4764262925737118,0,,,,,,,0,COL5A2,MFSD9,1,0,1
123374,P25940,Q9NRW3,1,0.551219512195122,0.4016328145124479,0.4764261633537849,0,,,,,,,0,COL5A3,APOBEC3C,1,0,1
123491,P19838,Q9HBV1,1,0.5219512195121951,0.4016811314434348,0.4618161754778149,0,,,,,,,0,NFKB1,POPDC3,1,0,1
123532,A8MZ26,Q9Y4K3,1,0.551219512195122,0.4016331426092425,0.4764263274021822,0,,,,,,,0,EFCAB9,TRAF6,0,1,1
123651,A0A096LP01,Q9UNN8,1,0.551219512195122,0.4016332999346833,0.4764264060649026,0,,,,,,,0,SMIM26,PROCR,0,1,1
123755,P08123,P24001,1,0.526829268292683,0.4016814524610243,0.4642553603768536,0,,,,,,,0,COL1A2,IL32,1,0,1
123932,O75356,P02461,1,0.551219512195122,0.4016329009608462,0.476426206577984,0,,,,,,,0,ENTPD5,COL3A1,0,1,1
124148,P18075,Q5HYK7,1,0.551219512195122,0.401632999752123,0.4764262559736225,0,,,,,,,0,BMP7,SH3D19,1,0,1
124653,P10415,Q9Y6F7,1,0.551219512195122,0.4016330033554393,0.4764262577752806,0,,,,,,,0,BCL2,CDY2B,1,0,1
124871,P25940,Q8IYB9,1,0.526829268292683,0.4016811102876251,0.464255189290154,0,,,,,,,0,COL5A3,ZNF595,1,0,1
125261,Q04206,Q3B7T3,1,0.551219512195122,0.4016329719092728,0.4764262420521974,0,,,,,,,0,RELA,BEAN1,1,0,1
125530,P08123,Q15459,1,0.551219512195122,0.4016329626587329,0.4764262374269274,0,,,,,,,0,COL1A2,SF3A1,1,0,1
125793,P03372,Q9H8M5,1,0.526829268292683,0.4016332376265984,0.4642312529596407,0,,,,,,,0,ESR1,CNNM2,1,0,1
126337,P02452,P02452,1,0.8146341463414634,0.3981755420136626,0.606404844177563,0,,,,,,,0,COL1A1,COL1A1,1,1,1
127679,P05997,Q13084,1,0.551219512195122,0.4016329280651385,0.4764262201301302,0,,,,,,,0,COL5A2,MRPL28,1,0,1
128133,Q96PU9,Q9Y4K3,1,0.551219512195122,0.4016329363358972,0.4764262242655096,0,,,,,,,0,ODF3,TRAF6,0,1,1
129469,P02452,Q8IWF9,1,0.551219512195122,0.4016328812482411,0.4764261967216815,0,,,,,,,0,COL1A1,CCDC83,1,0,1
129729,Q8NH49,Q9Y4K3,1,0.551219512195122,0.4016329109273474,0.4764262115612346,0,,,,,,,0,OR4X1,TRAF6,0,1,1
129985,P25940,Q9NQ79,1,0.526829268292683,0.4016812054209993,0.4642552368568411,0,,,,,,,0,COL5A3,CRTAC1,1,0,1
130155,P04637,P21781,1,0.551219512195122,0.4016331355795237,0.4764263238873228,0,,,,,,,0,TP53,FGF7,1,0,1
130342,P17612,Q5HYK7,1,0.551219512195122,0.4016329957249017,0.4764262539600118,0,,,,,,,0,PRKACA,SH3D19,1,0,1
130496,P17612,Q8N9U0,1,0.526829268292683,0.4016331723970959,0.4642312203448894,0,,,,,,,0,PRKACA,TC2N,1,0,1
132541,P43235,Q7Z6I6,1,0.551219512195122,0.401633035233938,0.47642627371453,0,,,,,,,0,CTSK,ARHGAP30,1,0,1
134155,P02452,Q6NUS6,1,0.551219512195122,0.4016329422047053,0.4764262271999137,0,,,,,,,0,COL1A1,TCTN3,1,0,1
136087,O60602,P23219,1,0.551219512195122,0.4016331810160088,0.4764263466055654,0,,,,,,,0,TLR5,PTGS1,0,1,1
136177,P08123,Q96NX5,1,0.526829268292683,0.401633238423816,0.4642312533582494,0,,,,,,,0,COL1A2,CAMK1G,1,0,1
136216,P35354,Q5THK1,1,0.551219512195122,0.4016327697382799,0.4764261409667009,0,,,,,,,0,PTGS2,PRR14L,1,0,1
136225,P02461,Q4VC44,1,0.551219512195122,0.4016329334609947,0.4764262228280583,0,,,,,,,0,COL3A1,FLYWCH1,1,0,1
136475,A6NLE4,P08123,1,0.526829268292683,0.4016811375531201,0.4642552029229015,0,,,,,,,0,SMIM23,COL1A2,0,1,1
136698,P02461,Q9BQA1,1,0.526829268292683,0.4016813865672834,0.4642553274299832,0,,,,,,,0,COL3A1,WDR77,1,0,1
137632,P02452,Q15696,1,0.551219512195122,0.4016329829517323,0.4764262475734271,0,,,,,,,0,COL1A1,ZRSR2,1,0,1
137800,P04198,P62253,1,0.551219512195122,0.4016329230660617,0.4764262176305918,0,,,,,,,0,MYCN,UBE2G1,1,0,1
138065,Q04206,Q92913,1,0.551219512195122,0.4016328839442572,0.4764261980696896,0,,,,,,,0,RELA,FGF13,1,0,1
138124,O15466,P25940,1,0.5219512195121951,0.4016810749917038,0.4618161472519494,0,,,,,,,0,ST8SIA5,COL5A3,0,1,1
138480,A7XYQ1,O14788,1,0.551219512195122,0.4016329776389755,0.4764262449170487,0,,,,,,,0,SOBP,TNFSF11,0,1,1
138587,O00425,P42574,1,0.551219512195122,0.401633016325013,0.4764262642600675,0,,,,,,,0,IGF2BP3,CASP3,0,1,1
139177,Q14165,Q9Y4K3,1,0.551219512195122,0.4016328836440317,0.4764261979195768,0,,Q14165,Q9Y4K3,"psi-mi:""MI:0006""(anti bait coimmunoprecipitation)",taxid:9606(Homo sapiens),2.0,1,MLEC,TRAF6,0,1,1
139397,O15381,Q9Y4K3,1,0.551219512195122,0.4016328561029913,0.4764261841490567,0,,,,,,,0,NVL,TRAF6,0,1,1
139609,P02461,Q8NHS2,1,0.551219512195122,0.4016329698016674,0.4764262409983947,0,,,,,,,0,COL3A1,GOT1L1,1,0,1
140956,P42574,Q9ULH7,1,0.526829268292683,0.4016332121663549,0.4642312402295189,0,,,,,,,0,CASP3,MRTFB,1,0,1
141793,A0A0C4DH41,P12643,1,0.551219512195122,0.4016330418119468,0.4764262770035344,0,,,,,,,0,IGHV4-61,BMP2,0,1,1
142078,P02452,Q8N7P3,1,0.526829268292683,0.4016811906130863,0.4642552294528846,0,,,,,,,0,COL1A1,CLDN22,1,0,1
142292,P05412,P05412,1,0.8439024390243903,0.4121361294411642,0.6280192842327772,0,,P05412,P05412,"psi-mi:""MI:0364""(inferred by curator)",taxid:9606(Homo sapiens),2.0,1,JUN,JUN,1,1,1
142937,P34972,Q9H313,1,0.551219512195122,0.4016332326118229,0.4764263724034724,0,,,,,,,0,CNR2,TTYH1,1,0,1
144050,A2IDD5,P02461,1,0.526829268292683,0.4016811255348098,0.4642551969137464,0,,,,,,,0,CCDC78,COL3A1,0,1,1
144858,P34972,Q8TB24,1,0.5219512195121951,0.4016811922580764,0.4618162058851358,0,,,,,,,0,CNR2,RIN3,1,0,1
145594,P18075,Q76L83,1,0.551219512195122,0.4016331298777856,0.4764263210364537,0,,,,,,,0,BMP7,ASXL2,1,0,1
146046,P05997,Q5VWK0,1,0.551219512195122,0.4016328818365035,0.4764261970158127,0,,,,,,,0,COL5A2,NBPF6,1,0,1
146121,P25940,Q14623,1,0.551219512195122,0.4016328327516163,0.4764261724733691,0,,,,,,,0,COL5A3,IHH,1,0,1
146168,P05997,Q8N9B8,1,0.551219512195122,0.4016329871683243,0.4764262496817231,0,,,,,,,0,COL5A2,RASGEF1A,1,0,1
146498,P01782,P04198,1,0.551219512195122,0.4016329501329466,0.4764262311640342,0,,,,,,,0,IGHV3-9,MYCN,0,1,1
146610,P05997,Q9HA72,1,0.551219512195122,0.4016330150271094,0.4764262636111157,0,,,,,,,0,COL5A2,CALHM2,1,0,1
146920,P05997,Q9Y2Q1,1,0.5219512195121951,0.4016812341519081,0.4618162268320516,0,,,,,,,0,COL5A2,ZNF257,1,0,1
147605,P02461,Q13946,1,0.551219512195122,0.4016329253483201,0.4764262187717211,0,,,,,,,0,COL3A1,PDE7A,1,0,1
147669,P02461,Q9UK13,1,0.551219512195122,0.4016328968361325,0.4764262045156272,0,,,,,,,0,COL3A1,ZNF221,1,0,1
148049,P08123,Q9BQQ7,1,0.526829268292683,0.4016812374346793,0.4642552528636811,0,,,,,,,0,COL1A2,RTP3,1,0,1
148361,O15240,Q9UNN8,1,0.526829268292683,0.4016332531592808,0.4642312607259818,0,,,,,,,0,VGF,PROCR,0,1,1
148376,P02818,Q1W6H9,1,0.551219512195122,0.4016332759021078,0.4764263940486148,0,,,,,,,0,BGLAP,FAM110C,1,0,1
148573,P02461,Q5VV17,1,0.551219512195122,0.4016330550249173,0.4764262836100196,0,,,,,,,0,COL3A1,OTUD1,1,0,1
149629,P43235,Q2TAK8,1,0.551219512195122,0.4016330330466752,0.4764262726208986,0,,,,,,,0,CTSK,PWWP3A,1,0,1
150424,Q8IXK0,Q9Y4K3,1,0.526829268292683,0.4016330821791192,0.4642311752359011,0,,,,,,,0,PHC2,TRAF6,0,1,1
150642,P25940,Q9Y4R8,1,0.551219512195122,0.4016329441357668,0.4764262281654444,0,,,,,,,0,COL5A3,TELO2,1,0,1
150927,P25940,Q6XPS3,1,0.526829268292683,0.4016811507672603,0.4642552095299716,0,,,,,,,0,COL5A3,TPTE2,1,0,1
150967,P02461,Q5VUY2,1,0.551219512195122,0.4016329450087295,0.4764262286019257,0,,,,,,,0,COL3A1,AADACL4,1,0,1
151023,P28482,Q96SR6,1,0.526829268292683,0.4016333074053941,0.4642312878490385,0,,,,,,,0,MAPK1,ZNF382,1,0,1
151141,P02818,P51608,1,0.526829268292683,0.4016332818089245,0.4642312750508037,0,,,,,,,0,BGLAP,MECP2,1,0,1
151719,Q6P1N0,Q9Y4K3,1,0.526829268292683,0.4016331478905359,0.4642312080916094,0,,,,,,,0,CC2D1A,TRAF6,0,1,1
151751,Q9H346,Q9Y4K3,1,0.526829268292683,0.4016333193676142,0.4642312938301486,0,,,,,,,0,OR52D1,TRAF6,0,1,1
151981,P05997,Q8N1B3,1,0.551219512195122,0.4016329969129742,0.4764262545540481,0,,,,,,,0,COL5A2,CCNQ,1,0,1
153388,O00592,Q9BQB4,1,0.5365853658536585,0.4016331102537854,0.4691092380537219,0,,,,,,,0,PODXL,SOST,0,1,1
155159,O60268,P05997,1,0.526829268292683,0.4016332032596119,0.4642312357761474,0,,,,,,,0,KIAA0513,COL5A2,0,1,1
155723,P0DJI8,Q9BQB4,1,0.551219512195122,0.4016330112094696,0.4764262617022958,0,,,,,,,0,SAA1,SOST,0,1,1
156511,O14788,O43290,1,0.551219512195122,0.4016328654235547,0.4764261888093383,0,,,,,,,0,TNFSF11,SART1,1,0,1
156586,P10451,Q96M63,1,0.551219512195122,0.4016331277727444,0.4764263199839332,0,,,,,,,0,SPP1,ODAD1,1,0,1
156907,P02461,Q8N9K5,1,0.551219512195122,0.4016329001654311,0.4764262061802765,0,,,,,,,0,COL3A1,ZNF565,1,0,1
157250,O14788,Q5T5S1,1,0.551219512195122,0.4016331070692952,0.4764263096322086,0,,,,,,,0,TNFSF11,CCDC183,1,0,1
157954,P04637,Q14807,1,0.551219512195122,0.4016330289480034,0.4764262705715627,0,,,,,,,0,TP53,KIF22,1,0,1
158061,Q04206,Q8NHC7,1,0.551219512195122,0.4016331392461136,0.4764263257206178,0,,,,,,,0,RELA,OR14C36,1,0,1
158170,A6NDK9,P12643,1,0.551219512195122,0.4016331404212355,0.4764263263081787,0,,,,,,,0,GOLGA6C,BMP2,0,1,1
158659,A0A1B0GVH7,P02461,1,0.551219512195122,0.4016328996528122,0.4764262059239671,0,,,,,,,0,IQCM,COL3A1,0,1,1
158724,Q16539,Q8IZ41,1,0.551219512195122,0.4016329608445637,0.4764262365198428,0,,,,,,,0,MAPK14,RASEF,1,0,1
159089,P12931,Q14865,1,0.5219512195121951,0.4016811382584956,0.4618161788853454,0,,,,,,,0,SRC,ARID5B,1,0,1
159485,P01106,P01106,1,0.946341463414634,0.4093013034591697,0.6778213834369018,0,,,,,,,0,MYC,MYC,1,1,1
161016,P43235,Q14126,1,0.5219512195121951,0.4016813257542555,0.4618162726332253,0,,,,,,,0,CTSK,DSG2,1,0,1
161092,P05997,Q9NXH9,1,0.551219512195122,0.4016328934215273,0.4764262028083246,0,,,,,,,0,COL5A2,TRMT1,1,0,1
161185,A9YTQ3,P05997,1,0.551219512195122,0.40163287361322,0.476426192904171,0,,,,,,,0,AHRR,COL5A2,0,1,1
161379,Q8NGJ7,Q9Y4K3,1,0.551219512195122,0.4016332353550931,0.4764263737751075,0,,,,,,,0,OR51A2,TRAF6,0,1,1
161906,P02452,Q9H6H4,1,0.551219512195122,0.4016328294374993,0.4764261708163106,0,,,,,,,0,COL1A1,REEP4,1,0,1
163276,P12931,Q9Y620,1,0.551219512195122,0.4016330871608529,0.4764262996779874,0,,,,,,,0,SRC,RAD54B,1,0,1
164458,P10415,Q01538,1,0.526829268292683,0.4016814037018504,0.4642553359972666,0,,,,,,,0,BCL2,MYT1,1,0,1
164621,P08123,Q8IVV7,1,0.551219512195122,0.4016329797480912,0.4764262459716066,0,,,,,,,0,COL1A2,GID4,1,0,1
166050,P02461,Q9HCM4,1,0.551219512195122,0.4016332568178603,0.4764263845064911,0,,,,,,,0,COL3A1,EPB41L5,1,0,1
166075,O14788,Q3KNS6,1,0.526829268292683,0.4016331396445783,0.4642312039686306,0,,,,,,,0,TNFSF11,ZNF829,1,0,1
167233,O14788,Q8NEN0,1,0.551219512195122,0.4016328819084769,0.4764261970517994,0,,,,,,,0,TNFSF11,ARMC2,1,0,1
167549,P02452,Q8N9L9,1,0.551219512195122,0.4016332349537733,0.4764263735744476,0,,,,,,,0,COL1A1,ACOT4,1,0,1
168096,P04637,Q14568,1,0.5219512195121951,0.4016331311131224,0.4617921753126587,0,,,,,,,0,TP53,HSP90AA2P,1,0,1
169557,P05412,Q92750,1,0.551219512195122,0.401632981256688,0.476426246725905,0,,,,,,,0,JUN,TAF4B,1,0,1
170586,Q6ZVL8,Q9BQB4,1,0.551219512195122,0.4016331106869343,0.4764263114410281,0,,,,,,,0,,SOST,0,1,1
170680,P12643,P49910,1,0.551219512195122,0.4016329971373958,0.4764262546662589,0,,,,,,,0,BMP2,ZNF165,1,0,1
170868,P02461,Q8IX04,1,0.551219512195122,0.4016330632620565,0.4764262877285892,0,,,,,,,0,COL3A1,UEVLD,1,0,1
171435,P25940,Q8N0S6,1,0.551219512195122,0.4016328137059588,0.4764261629505404,0,,,,,,,0,COL5A3,CENPL,1,0,1
172060,P18858,P31749,1,0.551219512195122,0.4016330854044603,0.4764262987997911,0,,,,,,,0,LIG1,AKT1,0,1,1
172908,P21580,P43235,1,0.551219512195122,0.401632983042023,0.4764262476185725,0,,,,,,,0,TNFAIP3,CTSK,0,1,1
173257,P07333,Q96J66,1,0.551219512195122,0.4016328059855247,0.4764261590903234,0,,,,,,,0,CSF1R,ABCC11,1,0,1
173801,P05165,P31749,1,0.551219512195122,0.401632881398822,0.4764261967969719,0,,,,,,,0,PCCA,AKT1,0,1,1
173842,P06401,P07225,1,0.551219512195122,0.4016329086924614,0.4764262104437917,0,,,,,,,0,PGR,PROS1,1,0,1
173851,P25940,Q5MNV8,1,0.551219512195122,0.4016328657933192,0.4764261889942206,0,,,,,,,0,COL5A3,FBXO47,1,0,1
173854,P05412,P82932,1,0.551219512195122,0.4016330223131766,0.4764262672541492,0,,,,,,,0,JUN,MRPS6,1,0,1
173983,P05997,P12532,1,0.551219512195122,0.4016329566496482,0.4764262344223851,0,,,,,,,0,COL5A2,CKMT1B,1,0,1
174404,O14788,P22460,1,0.551219512195122,0.4016328696232222,0.4764261909091721,0,,,,,,,0,TNFSF11,KCNA5,1,0,1
174864,P28482,Q8TES7,1,0.5219512195121951,0.4016811873526669,0.461816203432431,0,,,,,,,0,MAPK1,FBF1,1,0,1
175295,P02452,P43629,1,0.551219512195122,0.4016330064279846,0.4764262593115533,0,,,,,,,0,COL1A1,KIR3DL1,1,0,1
175556,O14788,P0C1S8,1,0.551219512195122,0.4016332232311017,0.4764263677131118,0,,,,,,,0,TNFSF11,WEE2,1,0,1
175827,O14788,Q8NCK3,1,0.551219512195122,0.4016331669966991,0.4764263395959105,0,,,,,,,0,TNFSF11,ZNF485,1,0,1
175879,P0DP08,P12643,1,0.551219512195122,0.4016328962590166,0.4764262042270692,0,,,,,,,0,IGHV4-38-2,BMP2,0,1,1
176361,P10415,P53602,1,0.551219512195122,0.4016329690510654,0.4764262406230937,0,,,,,,,0,BCL2,MVD,1,0,1
176433,Q9H341,Q9Y4K3,1,0.551219512195122,0.4016332425581875,0.4764263773766547,0,,,,,,,0,OR51M1,TRAF6,0,1,1
176824,P02452,Q15642,1,0.551219512195122,0.4016332082041827,0.4764263601996523,0,,,,,,,0,COL1A1,TRIP10,1,0,1
177510,P19838,P49888,1,0.5219512195121951,0.4016810900066399,0.4618161547594175,0,,,,,,,0,NFKB1,SULT1E1,1,0,1
178970,P12931,Q5VTQ0,1,0.551219512195122,0.4016330648561625,0.4764262885256423,0,,,,,,,0,SRC,TTC39B,1,0,1
179153,P08123,Q9NRR6,1,0.526829268292683,0.4016332449967293,0.4642312566447061,0,,,,,,,0,COL1A2,INPP5E,1,0,1
179592,P02452,P36980,1,0.551219512195122,0.4016329166546256,0.4764262144248737,0,,,,,,,0,COL1A1,CFHR2,1,0,1
179890,P02452,Q2YD98,1,0.551219512195122,0.4016329568700448,0.4764262345325833,0,,,,,,,0,COL1A1,UVSSA,1,0,1
180811,P10451,Q969V6,1,0.551219512195122,0.4016329498987357,0.4764262310469288,0,,,,,,,0,SPP1,MRTFA,1,0,1
181114,P25940,Q8TC44,1,0.551219512195122,0.4016328424318712,0.4764261773134965,0,,,,,,,0,COL5A3,POC1B,1,0,1
181244,P19838,Q9BZI1,1,0.551219512195122,0.4016329490677127,0.4764262306314173,0,,,,,,,0,NFKB1,IRX2,1,0,1
181841,A8MU46,Q9BQB4,1,0.551219512195122,0.4016328832293106,0.4764261977122163,0,,,,,,,0,SMTNL1,SOST,0,1,1
183125,O14788,Q8TAT5,1,0.526829268292683,0.4016331935804912,0.4642312309365871,0,,,,,,,0,TNFSF11,NEIL3,1,0,1
183608,P34972,Q9NRW3,1,0.551219512195122,0.4016331287489806,0.4764263204720513,0,,,,,,,0,CNR2,APOBEC3C,1,0,1
184857,A8K0S8,P12643,1,0.5219512195121951,0.4016333473082089,0.461792283410202,0,,,,,,,0,MEIS3P2,BMP2,0,1,1
184890,P08123,Q12951,1,0.551219512195122,0.4016331115238137,0.4764263118594678,0,,,,,,,0,COL1A2,FOXI1,1,0,1
185004,P57682,Q9Y4K3,1,0.551219512195122,0.4016330826078252,0.4764262974014736,0,,,,,,,0,KLF3,TRAF6,0,1,1
185517,Q04206,Q8IUC2,1,0.551219512195122,0.4016329727035766,0.4764262424493493,0,,,,,,,0,RELA,KRTAP8-1,1,0,1
185656,P25940,Q96NI8,1,0.526829268292683,0.4016811099179861,0.4642551891053345,0,,,,,,,0,COL5A3,ZNF570,1,0,1
185917,O75674,P42574,1,0.551219512195122,0.4016330516015814,0.4764262818983517,0,,,,,,,0,TOM1L1,CASP3,0,1,1
186030,P04198,Q58G82,1,0.551219512195122,0.4016330011721569,0.4764262566836394,0,,,,,,,0,MYCN,SYT14P1,1,0,1
186159,O00512,Q9UNN8,1,0.551219512195122,0.4016330110700082,0.4764262616325651,0,,,,,,,0,BCL9,PROCR,0,1,1
186366,O00635,P02452,1,0.551219512195122,0.4016328211970769,0.4764261666960994,0,,,,,,,0,TRIM38,COL1A1,0,1,1
186522,P02461,Q86W34,1,0.551219512195122,0.4016329115695184,0.4764262118823202,0,,,,,,,0,COL3A1,AMZ2,1,0,1
186567,P35354,Q5T5P2,1,0.5219512195121951,0.4016811955512764,0.4618162075317358,0,,,,,,,0,PTGS2,KIAA1217,1,0,1
187587,O75973,Q04206,1,0.551219512195122,0.4016329156134041,0.476426213904263,0,,,,,,,0,C1QL1,RELA,0,1,1
189812,P02461,Q7L0X2,1,0.551219512195122,0.4016329213684915,0.4764262167818067,0,,,,,,,0,COL3A1,ERICH6,1,0,1
190216,P02818,P36957,1,0.551219512195122,0.4016330095911811,0.4764262608931515,0,,,,,,,0,BGLAP,DLST,1,0,1
190664,P12931,Q8IXT1,1,0.551219512195122,0.4016328758897389,0.4764261940424305,0,,,,,,,0,SRC,DDIAS,1,0,1
191063,P05412,Q5QNW6,1,0.551219512195122,0.4016330401989683,0.4764262761970451,0,,,,,,,0,JUN,H2BC18,1,0,1
191463,O14788,Q9Y3I0,1,0.526829268292683,0.4016331648462278,0.4642312165694554,0,,,,,,,0,TNFSF11,RTCB,1,0,1
191619,P08123,Q8NFQ6,1,0.551219512195122,0.4016329241939126,0.4764262181945173,0,,,,,,,0,COL1A2,BPIFC,1,0,1
192733,O15530,P06401,1,0.551219512195122,0.4016329682417264,0.4764262402184241,0,,,,,,,0,PDPK1,PGR,0,1,1
192995,O75335,P04004,1,0.5219512195121951,0.4016811596501575,0.4618161895811763,0,,,,,,,0,PPFIA4,VTN,0,1,1
193123,P06401,Q969Q6,1,0.551219512195122,0.4016329646049846,0.4764262384000532,0,,,,,,,0,PGR,PPP2R3C,1,0,1
193777,P12524,Q5FWF5,1,0.551219512195122,0.401632815631566,0.476426163913344,0,,,,,,,0,MYCL,ESCO1,1,0,1
194279,P19021,P23219,1,0.551219512195122,0.4016329062659162,0.4764262092305191,0,,,,,,,0,PAM,PTGS1,0,1,1
194312,P34972,Q674X7,1,0.551219512195122,0.4016330916619927,0.4764263019285573,0,,,,,,,0,CNR2,KAZN,1,0,1
194382,Q04206,Q9BSU3,1,0.551219512195122,0.4016329041050011,0.4764262081500615,0,,,,,,,0,RELA,NAA11,1,0,1
194498,P08123,Q15759,1,0.526829268292683,0.4016332353377874,0.4642312518152351,0,,,,,,,0,COL1A2,MAPK11,1,0,1
194519,P0CB48,P25940,1,0.551219512195122,0.4016330158003774,0.4764262639977497,0,,,,,,,0,UBTFL6,COL5A3,0,1,1
194696,P04637,Q9UNK4,1,0.551219512195122,0.4016329942369337,0.4764262532160278,0,,,,,,,0,TP53,PLA2G2D,1,0,1
194698,P00439,P05997,1,0.526829268292683,0.401681283397155,0.464255275844919,0,,,,,,,0,PAH,COL5A2,0,1,1
195316,Q16539,Q9H3U1,1,0.551219512195122,0.4016327947735427,0.4764261534843323,0,,,,,,,0,MAPK14,UNC45A,1,0,1
195558,Q04206,Q0ZLH3,1,0.551219512195122,0.4016329736535791,0.4764262429243505,0,,,,,,,0,RELA,PJVK,1,0,1
195676,P02461,Q9Y2G2,1,0.526829268292683,0.4016333091659041,0.4642312887292935,0,,,,,,,0,COL3A1,CARD8,1,0,1
196048,P08123,Q96A11,1,0.551219512195122,0.4016329993825713,0.4764262557888467,0,,,,,,,0,COL1A2,GAL3ST3,1,0,1
196770,P04637,Q9ULK2,1,0.551219512195122,0.4016329493552487,0.4764262307751853,0,,,,,,,0,TP53,ATXN7L1,1,0,1
196866,P28482,P30101,1,0.551219512195122,0.4016330111470068,0.4764262616710644,0,,,,,,,0,MAPK1,PDIA3,1,0,1
197531,P25940,Q8NF37,1,0.551219512195122,0.4016328489349269,0.4764261805650244,0,,,,,,,0,COL5A3,LPCAT1,1,0,1
197783,P25940,P57789,1,0.551219512195122,0.4016330045227535,0.4764262583589377,0,,,,,,,0,COL5A3,KCNK10,1,0,1
199269,P05997,Q4KMZ8,1,0.551219512195122,0.4016329417427407,0.4764262269689313,0,,,,,,,0,COL5A2,NKAIN1,1,0,1
199370,P04004,Q9P2H5,1,0.551219512195122,0.4016329442007744,0.4764262281979482,0,,,,,,,0,VTN,USP35,1,0,1
199648,P25940,P34972,1,0.551219512195122,0.4016329482693901,0.476426230232256,0,,,,,,,0,COL5A3,CNR2,1,1,1
199754,P02452,Q9P104,1,0.551219512195122,0.4016330243464827,0.4764262682708023,0,,,,,,,0,COL1A1,DOK5,1,0,1
201208,P49841,Q9Y473,1,0.551219512195122,0.4016330126870893,0.4764262624411056,0,,,,,,,0,GSK3B,ZNF175,1,0,1
201896,P49841,Q5CZ79,1,0.551219512195122,0.4016328208091574,0.4764261665021397,0,,,,,,,0,GSK3B,ANKRD20A8P,1,0,1
201911,O94805,P02452,1,0.551219512195122,0.4016329026308478,0.4764262074129849,0,,,,,,,0,ACTL6B,COL1A1,0,1,1
202201,P05997,Q8N884,1,0.551219512195122,0.401632921931075,0.4764262170630985,0,,,,,,,0,COL5A2,CGAS,1,0,1
202246,P02452,P40199,1,0.551219512195122,0.4016330032423684,0.4764262577187452,0,,,,,,,0,COL1A1,CEACAM6,1,0,1
202527,P0CB47,P25940,1,0.551219512195122,0.4016328064803512,0.4764261593377366,0,,,,,,,0,UBTFL1,COL5A3,0,1,1
203609,P17612,P17612,1,0.9414634146341464,0.3987061329217557,0.6700847737779511,0,,,,,,,0,PRKACA,PRKACA,1,1,1
204056,P04198,P26441,1,0.551219512195122,0.40163316533764,0.4764263387663809,0,,,,,,,0,MYCN,CNTF,1,0,1
204105,P08123,Q96MK3,1,0.551219512195122,0.4016330213599371,0.4764262667775295,0,,,,,,,0,COL1A2,FAM20A,1,0,1
204317,P07333,Q9Y618,1,0.5219512195121951,0.4016811170274375,0.4618161682698163,0,,,,,,,0,CSF1R,NCOR2,1,0,1
204811,Q04206,Q8NG99,1,0.551219512195122,0.401633174305929,0.4764263432505254,0,,,,,,,0,RELA,OR7G2,1,0,1
204859,P28482,Q16799,1,0.551219512195122,0.4016328232094645,0.4764261677022932,0,,,,,,,0,MAPK1,RTN1,1,0,1
205013,P02461,Q8IVI9,1,0.551219512195122,0.4016330587487758,0.4764262854719489,0,,,,,,,0,COL3A1,NOSTRIN,1,0,1
205720,O43914,P05412,1,0.551219512195122,0.4016330116075725,0.4764262619013472,0,,,,,,,0,TYROBP,JUN,0,1,1
206455,P05997,P05997,1,0.9414634146341464,0.4049193611562596,0.6731913878952029,0,,,,,,,0,COL5A2,COL5A2,1,1,1
206600,Q04206,Q9BWL3,1,0.551219512195122,0.4016329437848905,0.4764262279900062,0,,,,,,,0,RELA,C1orf43,1,0,1
206620,P01258,Q8TF09,1,0.526829268292683,0.4016337026050564,0.4642314854488696,0,,,,,,,0,CALCA,DYNLRB2,1,0,1
207289,P42574,Q5MNZ6,1,0.526829268292683,0.4016331747555238,0.4642312215241033,0,,,,,,,0,CASP3,WDR45B,1,0,1
207435,P02452,Q96Q11,1,0.551219512195122,0.4016329160009043,0.4764262140980131,0,,,,,,,0,COL1A1,TRNT1,1,0,1
207934,P23219,P51797,1,0.551219512195122,0.401632952867401,0.4764262325312615,0,,,,,,,0,PTGS1,CLCN6,1,0,1
208096,P25789,Q9Y4K3,1,0.551219512195122,0.4016330227099537,0.4764262674525378,0,,,,,,,0,PSMA4,TRAF6,0,1,1
208299,P05997,Q9BXW7,1,0.551219512195122,0.4016329819670581,0.47642624708109,0,,,,,,,0,COL5A2,HDHD5,1,0,1
208651,P02461,Q17R89,1,0.551219512195122,0.4016332464004451,0.4764263792977835,0,,,,,,,0,COL3A1,ARHGAP44,1,0,1
208947,P43235,Q659A1,1,0.5219512195121951,0.4016812585931174,0.4618162390526562,0,,,,,,,0,CTSK,ICE2,1,0,1
209279,O14788,Q8IXW5,1,0.551219512195122,0.4016331017186356,0.4764263069568788,0,,,,,,,0,TNFSF11,RPAP2,1,0,1
210298,Q8IVP9,Q9Y4K3,1,0.551219512195122,0.4016330655792785,0.4764262888872003,0,,,,,,,0,ZNF547,TRAF6,0,1,1
210401,P12643,Q9UJJ7,1,0.551219512195122,0.4016332031161897,0.4764263576556559,0,,,,,,,0,BMP2,RPUSD1,1,0,1
210687,P04637,Q8N4U5,1,0.551219512195122,0.4016333941120419,0.4764264531535819,0,,,,,,,0,TP53,TCP11L2,1,0,1
210806,P08123,Q9P2F5,1,0.551219512195122,0.4016330352492384,0.4764262737221801,0,,,,,,,0,COL1A2,STOX2,1,0,1
211168,P02452,Q969S0,1,0.551219512195122,0.4016330061613665,0.4764262591782442,0,,,,,,,0,COL1A1,SLC35B4,1,0,1
211355,P05997,Q9UN19,1,0.551219512195122,0.4016330631762174,0.4764262876856697,0,,,,,,,0,COL5A2,DAPP1,1,0,1
211602,P05412,Q19AV6,1,0.551219512195122,0.4016332436488679,0.4764263779219949,0,,,,,,,0,JUN,ZSWIM7,1,0,1
213208,P05997,Q8IZ40,1,0.551219512195122,0.4016329743517176,0.4764262432734197,0,,,,,,,0,COL5A2,RCOR2,1,0,1
213997,P04637,Q7L804,1,0.526829268292683,0.4016331309240076,0.4642311996083452,0,,,,,,,0,TP53,RAB11FIP2,1,0,1
215316,P02452,Q8WUB8,1,0.5219512195121951,0.4016811303427297,0.4618161749274624,0,,,,,,,0,COL1A1,PHF10,1,0,1
215568,P04637,P79483,1,0.551219512195122,0.4016332400285343,0.4764263761118281,0,,,,,,,0,TP53,HLA-DRB3,1,0,1
215880,P01106,P09211,1,0.551219512195122,0.4016332343217238,0.4764263732584229,0,,,,,,,0,MYC,GSTP1,1,0,1
215928,Q12926,Q9Y4K3,1,0.551219512195122,0.4016329640499748,0.4764262381225483,0,,,,,,,0,ELAVL2,TRAF6,0,1,1
216765,P01258,Q8WXA9,1,0.551219512195122,0.4016330286328785,0.4764262704140002,0,,,,,,,0,CALCA,SREK1,1,0,1
217428,O60884,Q04206,1,0.526829268292683,0.4016331301359559,0.4642311992143194,0,,,,,,,0,DNAJA2,RELA,0,1,1
217483,P25940,Q15485,1,0.551219512195122,0.4016329560170152,0.4764262341060686,0,,,,,,,0,COL5A3,FCN2,1,0,1
218466,P02452,Q9Y2E8,1,0.551219512195122,0.4016330321351792,0.4764262721651506,0,,,,,,,0,COL1A1,SLC9A8,1,0,1
219195,P05997,P12644,1,0.551219512195122,0.4016330533814752,0.4764262827882985,1,0.1389870435806831,,,,,,0,COL5A2,BMP4,1,0,1
219231,P04629,P47871,1,0.551219512195122,0.401632934272575,0.4764262232338485,0,,,,,,,0,NTRK1,GCGR,1,0,1
219610,Q9NZW4,Q9UNN8,1,0.551219512195122,0.4016329091215173,0.4764262106583196,0,,,,,,,0,DSPP,PROCR,0,1,1
220364,P01258,Q9UHF0,1,0.5219512195121951,0.4016333167831705,0.4617922681476828,0,,,,,,,0,CALCA,TAC3,1,0,1
220665,Q9BXA6,Q9Y4K3,1,0.551219512195122,0.4016328608721012,0.4764261865336116,0,,,,,,,0,TSSK6,TRAF6,0,1,1
220952,P08123,Q8N187,1,0.526829268292683,0.4016332810350303,0.4642312746638566,0,,,,,,,0,COL1A2,CARF,1,0,1
221171,P04637,P04637,1,0.8780487804878049,0.4135850873870497,0.6458169339374273,0,,,,,,,0,TP53,TP53,1,1,1
221189,P12524,Q8NHV4,1,0.551219512195122,0.4016330586831178,0.4764262854391199,0,,,,,,,0,MYCL,NEDD1,1,0,1
221373,P05549,Q9Y4K3,1,0.551219512195122,0.401633318114574,0.4764264151548479,0,,,,,,,0,TFAP2A,TRAF6,0,1,1
221488,P10415,Q6P1K1,1,0.551219512195122,0.4016333347481038,0.4764264234716129,0,,,,,,,0,BCL2,SLC48A1,1,0,1
221974,O15254,P12931,1,0.551219512195122,0.401633069490144,0.476426290842633,0,,,,,,,0,ACOX3,SRC,0,1,1
222690,P02461,P34995,1,0.526829268292683,0.4016813510991601,0.4642553096959215,0,,,,,,,0,COL3A1,PTGER1,1,0,1
222729,P12524,Q9H3H1,1,0.551219512195122,0.4016330098679316,0.4764262610315268,0,,,,,,,0,MYCL,TRIT1,1,0,1
222783,Q7Z7B0,Q9Y4K3,1,0.551219512195122,0.4016330510544063,0.4764262816247641,0,,,,,,,0,FILIP1,TRAF6,0,1,1
222939,P25940,Q8N136,1,0.551219512195122,0.401632820146344,0.4764261661707329,0,,,,,,,0,COL5A3,DAW1,1,0,1
223975,P31749,Q14966,1,0.5219512195121951,0.4016810609107411,0.4618161402114681,0,,,,,,,0,AKT1,ZNF638,1,0,1
224326,O14788,Q13948,1,0.551219512195122,0.4016330004837145,0.4764262563394182,0,,,,,,,0,TNFSF11,CUX1,1,0,1
224493,Q8IV32,Q9BQB4,1,0.526829268292683,0.4016330016796176,0.4642311349861502,0,,,,,,,0,CCDC71,SOST,0,1,1
225871,P04198,Q3KRB8,1,0.526829268292683,0.401633388274967,0.4642313282838249,0,,,,,,,0,MYCN,ARHGAP11B,1,0,1
226010,P10415,P10415,1,0.7658536585365854,0.3988140478309582,0.5823338531837718,0,,,,,,,0,BCL2,BCL2,1,1,1
226410,P08123,Q9GZP0,1,0.551219512195122,0.4016329172702016,0.4764262147326618,0,,,,,,,0,COL1A2,PDGFD,1,0,1
227445,P10451,Q9NW07,1,0.551219512195122,0.4016330765134766,0.4764262943542993,0,,,,,,,0,SPP1,ZNF358,1,0,1
227515,P02461,Q5VWQ0,1,0.551219512195122,0.4016329617763219,0.4764262369857219,0,,,,,,,0,COL3A1,RSBN1,1,0,1
227621,P17612,P58417,1,0.526829268292683,0.4016331610281586,0.4642312146604208,0,,,,,,,0,PRKACA,NXPH1,1,0,1
227897,P06401,Q6ZRV2,1,0.551219512195122,0.4016329757307541,0.4764262439629381,0,,,,,,,0,PGR,FAM83H,1,0,1
228399,P43235,Q6P9B9,1,0.5219512195121951,0.401681409099522,0.4618163143058585,0,,,,,,,0,CTSK,INTS5,1,0,1
232385,P12524,Q14507,1,0.526829268292683,0.4016332750403399,0.4642312716665114,0,,,,,,,0,MYCL,EDDM3A,1,0,1
232585,Q04206,Q8NGA2,1,0.551219512195122,0.4016331190412618,0.4764263156181919,0,,,,,,,0,RELA,OR7A2P,1,0,1
232641,P43235,Q9NVI1,1,0.526829268292683,0.4016812168352853,0.4642552425639841,0,,,,,,,0,CTSK,FANCI,1,0,1
232658,Q96R45,Q9Y4K3,1,0.551219512195122,0.4016331678070951,0.4764263400011085,0,,,,,,,0,OR2A7,TRAF6,0,1,1
232726,P08123,Q13434,1,0.551219512195122,0.4016328055209072,0.4764261588580146,0,,,,,,,0,COL1A2,MKRN4P,1,0,1
232770,A8K0R7,P42574,1,0.551219512195122,0.4016329642255078,0.4764262382103149,0,,,,,,,0,ZNF839,CASP3,0,1,1
233745,O15263,P01258,1,0.526829268292683,0.4016329957272787,0.4642311320099808,0,,,,,,,0,DEFB4B,CALCA,0,1,1
233894,P25940,Q6IMI6,1,0.551219512195122,0.4016327965343973,0.4764261543647596,0,,,,,,,0,COL5A3,SULT1C3,1,0,1
234093,P49841,Q9UN30,1,0.551219512195122,0.4016328687054631,0.4764261904502925,0,,,,,,,0,GSK3B,SCML1,1,0,1
234600,O14788,O14788,1,0.9073170731707316,0.3943435971824875,0.6508303351766096,0,,,,,,,0,TNFSF11,TNFSF11,1,1,1
235484,Q02297,Q9Y4K3,1,0.526829268292683,0.4016332238942073,0.4642312460934451,0,,,,,,,0,NRG1,TRAF6,0,1,1
236144,A0A1B0GVD1,P04198,1,0.551219512195122,0.4016330700107972,0.4764262911029596,0,,,,,,,0,FAM237B,MYCN,0,1,1
236176,O96013,Q9UNN8,1,0.551219512195122,0.4016330268315713,0.4764262695133466,0,,,,,,,0,PAK4,PROCR,0,1,1
236400,P12643,P52945,1,0.526829268292683,0.4016332692194779,0.4642312687560804,0,,,,,,,0,BMP2,PDX1,1,0,1
237163,P25940,Q14728,1,0.551219512195122,0.4016330128373742,0.4764262625162481,0,,,,,,,0,COL5A3,MFSD10,1,0,1
237265,Q8NGA5,Q9Y4K3,1,0.551219512195122,0.4016331292266388,0.4764263207108804,0,,,,,,,0,OR10H4,TRAF6,0,1,1
237410,P01106,Q9NZP2,1,0.551219512195122,0.4016332169871022,0.4764263645911121,0,,,,,,,0,MYC,OR6C2,1,0,1
237543,P06401,Q9H3D4,1,0.526829268292683,0.401633267566929,0.4642312679298059,0,,,,,,,0,PGR,TP63,1,0,1
238025,H7BZ55,P34972,1,0.5219512195121951,0.4016811587235067,0.4618161891178509,0,,,,,,,0,CROCC2,CNR2,0,1,1
238137,P22676,Q9Y4K3,1,0.551219512195122,0.4016331452897796,0.4764263287424508,0,,,,,,,0,CALB2,TRAF6,0,1,1
238525,O14788,Q5T5N4,1,0.551219512195122,0.4016330953616338,0.4764263037783779,0,,,,,,,0,TNFSF11,C6orf118,1,0,1
238565,P42574,Q96SC8,1,0.526829268292683,0.4016332015832725,0.4642312349379777,0,,,,,,,0,CASP3,DMRTA2,1,0,1
238885,P52655,Q9BQB4,1,0.5365853658536585,0.4016329773172785,0.4691091715854685,0,,,,,,,0,GTF2A1,SOST,0,1,1
239825,A6NJV1,Q9Y4K3,1,0.551219512195122,0.4016330697421227,0.4764262909686223,0,,,,,,,0,FAM166C,TRAF6,0,1,1
239923,P04637,Q8NEP3,1,0.551219512195122,0.4016330955849279,0.4764263038900249,0,,,,,,,0,TP53,DNAAF1,1,0,1
240342,P02751,P02751,1,0.8682926829268293,0.4069370641344788,0.637614873530654,0,,P02751,P02751,"psi-mi:""MI:0114""(x-ray crystallography)",taxid:9606(Homo sapiens),2.0,1,FN1,FN1,1,1,1
240899,P04004,Q9Y6Q2,1,0.551219512195122,0.4016330264318447,0.4764262693134833,0,,,,,,,0,VTN,STON1,1,0,1
241143,P02452,P17538,1,0.526829268292683,0.4016811069483108,0.4642551876204969,0,,,,,,,0,COL1A1,CTRB1,1,0,1
241179,P28482,Q9P2M7,1,0.526829268292683,0.4016812812758035,0.4642552747842432,0,,,,,,,0,MAPK1,CGN,1,0,1
241909,P10415,Q9Y6F8,1,0.551219512195122,0.4016330217561407,0.4764262669756313,0,,,,,,,0,BCL2,CDY1B,1,0,1
241960,P49841,P49841,1,0.9121951219512195,0.3934843399849411,0.6528397309680803,0,,,,,,,0,GSK3B,GSK3B,1,1,1
241971,P05997,Q9H0X4,1,0.551219512195122,0.4016330204291183,0.4764262663121201,0,,,,,,,0,COL5A2,FAM234A,1,0,1
242286,P25940,Q15813,1,0.551219512195122,0.4016328645382465,0.4764261883666842,0,,,,,,,0,COL5A3,TBCE,1,0,1
242325,P12524,Q494V2,1,0.551219512195122,0.4016330081674143,0.4764262601812681,0,,,,,,,0,MYCL,CFAP100,1,0,1
243195,O43567,Q04206,1,0.551219512195122,0.4016331193969758,0.4764263157960489,0,,,,,,,0,RNF13,RELA,0,1,1
244048,P02818,Q9BZM3,1,0.551219512195122,0.4016332357457277,0.4764263739704248,0,,,,,,,0,BGLAP,GSX2,1,0,1
244460,Q8IYX8,Q9BQB4,1,0.551219512195122,0.4016329919991713,0.4764262520971466,0,,,,,,,0,CEP57L1,SOST,0,1,1
244476,P17612,Q9UJ78,1,0.551219512195122,0.4016328722333445,0.4764261922142332,0,,,,,,,0,PRKACA,ZMYM5,1,0,1
245307,A0A075B6I6,P04198,1,0.551219512195122,0.4016331071807476,0.4764263096879347,0,,,,,,,0,IGLV1-50,MYCN,0,1,1
245576,P04637,Q9NY72,1,0.551219512195122,0.4016330313863417,0.4764262717907318,0,,,,,,,0,TP53,SCN3B,1,0,1
246047,P49841,Q5SQ80,1,0.551219512195122,0.4016329397121464,0.4764262259536342,0,,,,,,,0,GSK3B,ANKRD20A2P,1,0,1
246210,P42574,Q9ULW0,1,0.551219512195122,0.4016328551006508,0.4764261836478863,0,,,,,,,0,CASP3,TPX2,1,0,1
246789,P02461,P04628,1,0.526829268292683,0.401681129046738,0.4642551986697104,0,,,,,,,0,COL3A1,WNT1,1,0,1
246997,P05997,Q9NR63,1,0.551219512195122,0.4016329078380583,0.4764262100165901,0,,,,,,,0,COL5A2,CYP26B1,1,0,1
247000,Q16539,Q9UQ35,1,0.551219512195122,0.4016328028718406,0.4764261575334813,0,,,,,,,0,MAPK14,SRRM2,1,0,1
248914,P05997,Q9UMS4,1,0.551219512195122,0.4016329257883018,0.4764262189917119,0,,,,,,,0,COL5A2,PRPF19,1,0,1
249037,P23219,Q9NP78,1,0.526829268292683,0.4016330073712232,0.4642311378319531,0,,,,,,,0,PTGS1,ABCB9,1,0,1
249375,A0A1B0GV85,P10415,1,0.551219512195122,0.4016330202848831,0.4764262662400025,0,,,,,,,0,REELD1,BCL2,0,1,1
249712,P12931,Q92802,1,0.526829268292683,0.4016334274652187,0.4642313478789508,0,,,,,,,0,SRC,N4BP2L2,1,0,1
250228,Q04206,Q15038,1,0.551219512195122,0.4016329835591409,0.4764262478771314,0,,,,,,,0,RELA,DAZAP2,1,0,1
250365,Q04206,Q9NQ03,1,0.551219512195122,0.4016330473900071,0.4764262797925646,0,,,,,,,0,RELA,SCRT2,1,0,1
250538,A6NDN3,P12643,1,0.551219512195122,0.4016330170431029,0.4764262646191124,0,,,,,,,0,GOLGA6B,BMP2,0,1,1
251641,P02452,Q969X2,1,0.551219512195122,0.4016328332603091,0.4764261727277155,0,,,,,,,0,COL1A1,ST6GALNAC6,1,0,1
251753,P12524,Q96RP8,1,0.551219512195122,0.4016334492924994,0.4764264807438106,0,,,,,,,0,MYCL,KCNA7,1,0,1
252716,A0A075B6T7,P04198,1,0.551219512195122,0.4016330591426396,0.4764262856688808,0,,,,,,,0,TRAV6,MYCN,0,1,1
252821,P05997,Q9H992,1,0.551219512195122,0.4016331154637465,0.4764263138294342,0,,,,,,,0,COL5A2,MARCHF7,1,0,1
253428,P12524,P82094,1,0.551219512195122,0.4016328402199264,0.4764261762075242,0,,,,,,,0,MYCL,TMF1,1,0,1
253844,O14788,Q9H161,1,0.526829268292683,0.4016334325083155,0.4642313504004992,0,,,,,,,0,TNFSF11,ALX4,1,0,1
253870,P12270,P17612,1,0.5219512195121951,0.4016810187534599,0.4618161191328275,1,0.022379269729093,,,,,,0,TPR,PRKACA,0,1,1
253909,O14979,P02452,1,0.526829268292683,0.4016813857954461,0.4642553270440645,0,,,,,,,0,HNRNPDL,COL1A1,0,1,1
254059,P43235,Q8TEL6,1,0.551219512195122,0.4016330409211017,0.4764262765581118,0,,,,,,,0,CTSK,TRPC4AP,1,0,1
254457,A0A0B4J2H0,P04198,1,0.551219512195122,0.4016328541233542,0.4764261831592381,0,,,,,,,0,IGHV1-69D,MYCN,0,1,1
254543,O75648,P02452,1,0.551219512195122,0.4016330642562401,0.476426288225681,0,,,,,,,0,TRMU,COL1A1,0,1,1
254551,O00755,P02452,1,0.551219512195122,0.4016328540275803,0.4764261831113511,0,,,,,,,0,WNT7A,COL1A1,0,1,1
254816,P25940,Q8N6G5,1,0.526829268292683,0.4016812702040356,0.4642552692483592,0,,,,,,,0,COL5A3,CSGALNACT2,1,0,1
255229,P05997,Q9UK39,1,0.551219512195122,0.4016329244245747,0.4764262183098483,0,,,,,,,0,COL5A2,NOCT,1,0,1
256573,P25940,Q9H2X3,1,0.551219512195122,0.4016329341738124,0.4764262231844672,0,,,,,,,0,COL5A3,CLEC4M,1,0,1
257313,P05997,Q6P9G9,1,0.551219512195122,0.4016328727733016,0.4764261924842118,0,,,,,,,0,COL5A2,ZNF449,1,0,1
258400,O43313,Q9UNN8,1,0.551219512195122,0.4016331861483007,0.4764263491717113,0,,,,,,,0,ATMIN,PROCR,0,1,1
258431,P02452,Q6ZVU0,1,0.526829268292683,0.4016811421495004,0.4642552052210916,0,,,,,,,0,COL1A1,,1,0,1
259445,P02818,Q5XKK7,1,0.551219512195122,0.401632965214666,0.476426238704894,0,,,,,,,0,BGLAP,FAM219B,1,0,1
259648,A0A0A0MRZ8,Q9BQB4,1,0.5365853658536585,0.4016333281775897,0.469109347015624,0,,,,,,,0,IGKV3D-11,SOST,0,1,1
261461,Q96MX3,Q9UNN8,1,0.551219512195122,0.4016330918278901,0.476426302011506,0,,,,,,,0,ZNF48,PROCR,0,1,1
261618,P20908,Q9HA82,1,0.5219512195121951,0.4016814184428818,0.4618163189775385,0,,,,,,,0,COL5A1,CERS4,1,0,1
262183,O96020,P25940,1,0.551219512195122,0.4016329815450983,0.4764262468701101,0,,,,,,,0,CCNE2,COL5A3,0,1,1
262409,P02461,P14314,1,0.526829268292683,0.4016332712729173,0.4642312697828001,0,,,,,,,0,COL3A1,PRKCSH,1,0,1
262865,P28482,Q9UJS0,1,0.551219512195122,0.4016331279746817,0.4764263200849018,0,,,,,,,0,MAPK1,SLC25A13,1,0,1
262954,P12524,P39023,1,0.526829268292683,0.4016333221088942,0.4642312952007885,0,,,,,,,0,MYCL,RPL3,1,0,1
263900,P34972,Q6IMI6,1,0.526829268292683,0.4016340874512516,0.4642316778719673,0,,,,,,,0,CNR2,SULT1C3,1,0,1
263995,P10451,Q12972,1,0.551219512195122,0.4016336235800024,0.4764265678875622,0,,,,,,,0,SPP1,PPP1R8,1,0,1
264316,P12643,Q8IYV9,1,0.5365853658536585,0.4016329805443338,0.4691091731989961,0,,,,,,,0,BMP2,IZUMO1,1,0,1
264608,A6NP11,P28482,1,0.526829268292683,0.4016333467330888,0.4642313075128859,0,,,,,,,0,ZNF716,MAPK1,0,1,1
264658,P06870,P08123,1,0.526829268292683,0.4016814421209916,0.4642553552068372,0,,,,,,,0,KLK1,COL1A2,0,1,1
264697,P28676,Q9Y4K3,1,0.551219512195122,0.4016328699147154,0.4764261910549187,0,,,,,,,0,GCA,TRAF6,0,1,1
264886,M0QZC1,P02452,1,0.526829268292683,0.4016811451170326,0.4642552067048577,0,,,,,,,0,RNF225,COL1A1,0,1,1
264898,P01106,Q8WV92,1,0.526829268292683,0.4016332930417812,0.464231280667232,0,,,,,,,0,MYC,MITD1,1,0,1
265208,P12524,P54886,1,0.551219512195122,0.4016329265029393,0.4764262193490306,0,,,,,,,0,MYCL,ALDH18A1,1,0,1
265230,O75185,P18075,1,0.551219512195122,0.401633049659778,0.47642628092745,0,,,,,,,0,ATP2C2,BMP7,0,1,1
265442,P12524,Q8WVR3,1,0.551219512195122,0.4016331964338682,0.4764263543144951,0,,,,,,,0,MYCL,TRAPPC14,1,0,1
265563,O14788,P49189,1,0.551219512195122,0.4016329302326754,0.4764262212138986,0,,,,,,,0,TNFSF11,ALDH9A1,1,0,1
266680,P01106,Q8IXK0,1,0.551219512195122,0.4016328175689511,0.4764261648820365,0,,,,,,,0,MYC,PHC2,1,0,1
267968,P04637,Q8NGH8,1,0.5365853658536585,0.4016339387900433,0.4691096523218508,0,,,,,,,0,TP53,OR56A4,1,0,1
268008,P04198,Q8N4E4,1,0.526829268292683,0.4016330725609258,0.4642311704268044,0,,,,,,,0,MYCN,PDCL2,1,0,1
268837,P0CW27,Q9BQB4,1,0.551219512195122,0.4016330295188122,0.4764262708569671,0,,,,,,,0,CCDC166,SOST,0,1,1
268854,P02452,Q8TDD2,1,0.551219512195122,0.4016329035682509,0.4764262078816864,0,,,,,,,0,COL1A1,SP7,1,0,1
269285,P25940,P47804,1,0.551219512195122,0.4016327990607609,0.4764261556279414,0,,,,,,,0,COL5A3,RGR,1,0,1
269827,P25940,Q9ULV4,1,0.551219512195122,0.4016330374115266,0.4764262748033243,0,,,,,,,0,COL5A3,CORO1C,1,0,1
270645,P05997,Q8IZP0,1,0.526829268292683,0.4016812781591919,0.4642552732259374,0,,,,,,,0,COL5A2,ABI1,1,0,1
270994,P23219,P23219,1,0.7853658536585365,0.4230833795010681,0.6042246165798023,0,,,,,,,0,PTGS1,PTGS1,1,1,1
272201,P04637,P35269,1,0.526829268292683,0.4016333348399267,0.4642313015663048,0,,,,,,,0,TP53,GTF2F1,1,0,1
272327,A6NJ46,P04637,1,0.526829268292683,0.4016332341142734,0.4642312512034782,0,,,,,,,0,NKX6-3,TP53,0,1,1
272354,P34972,Q15813,1,0.551219512195122,0.401633050212513,0.4764262812038174,0,,,,,,,0,CNR2,TBCE,1,0,1
272619,Q5HYW3,Q9UNN8,1,0.551219512195122,0.4016331679567454,0.4764263400759337,0,,,,,,,0,RTL5,PROCR,0,1,1
272774,Q9BQB4,Q9Y303,1,0.5365853658536585,0.4016331788864459,0.4691092723700522,0,,,,,,,0,SOST,AMDHD2,1,0,1
273345,P04637,Q92765,1,0.551219512195122,0.4016329888154644,0.4764262505052932,0,,,,,,,0,TP53,FRZB,1,0,1
273685,Q969Q5,Q9Y4K3,1,0.551219512195122,0.4016331303887093,0.4764263212919156,0,,,,,,,0,RAB24,TRAF6,0,1,1
276507,B4DZS4,P05997,1,0.551219512195122,0.401632977884095,0.4764262450396085,0,,,,,,,0,TCP11X1,COL5A2,0,1,1
278059,O14788,Q8WXA3,1,0.551219512195122,0.4016329954151472,0.4764262538051346,0,,,,,,,0,TNFSF11,RUFY2,1,0,1
278768,P01258,Q96KT6,1,0.526829268292683,0.4016331696399522,0.4642312189663176,0,,,,,,,0,CALCA,LINC00208,1,0,1
278825,P08123,Q7Z602,1,0.551219512195122,0.4016329114981107,0.4764262118466164,0,,,,,,,0,COL1A2,GPR141,1,0,1
278915,A3QJZ7,P25940,1,0.551219512195122,0.4016329038635449,0.4764262080293334,0,,,,,,,0,PRAMEF27,COL5A3,0,1,1
279320,P05997,P10073,1,0.551219512195122,0.4016328949410521,0.476426203568087,0,,,,,,,0,COL5A2,ZSCAN22,1,0,1
280503,O76080,P05412,1,0.526829268292683,0.4016335089535076,0.4642313886230952,0,,,,,,,0,ZFAND5,JUN,0,1,1
280695,P09211,Q9Y4K3,1,0.551219512195122,0.4016332894409353,0.4764264008180287,0,,,,,,,0,GSTP1,TRAF6,0,1,1
281848,P25940,Q9P2W7,1,0.551219512195122,0.4016328746179082,0.4764261934065151,0,,,,,,,0,COL5A3,B3GAT1,1,0,1
281865,P25940,P40879,1,0.5219512195121951,0.4016811452330301,0.4618161823726126,0,,,,,,,0,COL5A3,SLC26A3,1,0,1
282167,P12524,Q8IY85,1,0.5219512195121951,0.4016812756305619,0.4618162475713785,0,,,,,,,0,MYCL,EFCAB13,1,0,1
282193,P34972,Q86YJ6,1,0.551219512195122,0.4016331265692261,0.476426319382174,0,,,,,,,0,CNR2,THNSL2,1,0,1
282506,P20908,Q8WZA2,1,0.5219512195121951,0.401681132794705,0.46181617615345,0,,,,,,,0,COL5A1,RAPGEF4,1,0,1
282723,P08123,P28907,1,0.526829268292683,0.4016813486646758,0.4642553084786793,0,,,,,,,0,COL1A2,CD38,1,0,1
283093,P35354,P35354,1,0.7024390243902439,0.4142058562166864,0.5583224403034651,0,,,,,,,0,PTGS2,PTGS2,1,1,1
283309,P04198,Q96B02,1,0.551219512195122,0.4016329472319159,0.4764262297135189,0,,,,,,,0,MYCN,UBE2W,1,0,1
283943,P01106,Q7Z7B0,1,0.551219512195122,0.4016330117855495,0.4764262619903358,0,,,,,,,0,MYC,FILIP1,1,0,1
284083,O14730,P17612,1,0.551219512195122,0.4016331465803053,0.4764263293877137,0,,,,,,,0,RIOK3,PRKACA,0,1,1
284750,P04637,Q9BX73,1,0.551219512195122,0.4016331289431764,0.4764263205691492,0,,,,,,,0,TP53,TM2D2,1,0,1
285116,P08123,Q9NW75,1,0.5219512195121951,0.4016813968347517,0.4618163081734734,0,,,,,,,0,COL1A2,GPATCH2,1,0,1
285293,Q8WV92,Q9Y4K3,1,0.551219512195122,0.4016331161544128,0.4764263141747674,0,,,,,,,0,MITD1,TRAF6,0,1,1
285553,Q9Y371,Q9Y4K3,1,0.551219512195122,0.4016329425845029,0.4764262273898124,0,,,,,,,0,SH3GLB1,TRAF6,0,1,1
285795,P25940,Q96AN5,1,0.551219512195122,0.4016328471283188,0.4764261796617204,0,,,,,,,0,COL5A3,TMEM143,1,0,1
286398,P05997,Q9H1Z4,1,0.551219512195122,0.4016328957279659,0.4764262039615439,0,,,,,,,0,COL5A2,WDR13,1,0,1
286531,P01106,Q96R45,1,0.551219512195122,0.4016334272792312,0.4764264697371766,0,,,,,,,0,MYC,OR2A7,1,0,1
286844,P10415,Q6PCB0,1,0.551219512195122,0.4016330343841346,0.4764262732896283,0,,,,,,,0,BCL2,VWA1,1,0,1
286983,P08123,Q9UMR7,1,0.526829268292683,0.4016811447153575,0.4642552065040202,0,,,,,,,0,COL1A2,CLEC4A,1,0,1
287712,P01106,Q9ULZ2,1,0.526829268292683,0.4016332717461097,0.4642312700193963,0,,,,,,,0,MYC,STAP1,1,0,1
287835,P25940,Q8N9Z9,1,0.551219512195122,0.4016328414892635,0.4764261768421927,0,,,,,,,0,COL5A3,LMNTD1,1,0,1
288869,Q9Y4K3,Q9Y4K3,1,0.7073170731707318,0.3982952189387999,0.5528061460547659,0,,,,,,,0,TRAF6,TRAF6,1,1,1
289374,P12524,Q13127,1,0.5219512195121951,0.4016810782094276,0.4618161488608113,0,,,,,,,0,MYCL,REST,1,0,1
289852,P04004,P35443,1,0.551219512195122,0.4016329039106811,0.4764262080529016,0,,,,,,,0,VTN,THBS4,1,0,1
289896,P10415,Q9NYA3,1,0.551219512195122,0.401632859710456,0.4764261859527889,0,,,,,,,0,BCL2,GOLGA6A,1,0,1
291464,P31749,P31749,1,0.6390243902439026,0.4198760333922213,0.529450211818062,0,,,,,,,0,AKT1,AKT1,1,1,1
291951,P02452,Q9HBW0,1,0.551219512195122,0.401632898002418,0.47642620509877,0,,,,,,,0,COL1A1,LPAR2,1,0,1
292209,P05997,Q6ZMJ4,1,0.551219512195122,0.4016330050333532,0.4764262586142376,0,,,,,,,0,COL5A2,IL34,1,0,1
293453,P31749,Q9UQ72,1,0.551219512195122,0.4016330909477889,0.4764263015714554,0,,,,,,,0,AKT1,PSG11,1,0,1
293507,P03372,Q9NSY1,1,0.551219512195122,0.4016331711206605,0.4764263416578912,0,,,,,,,0,ESR1,BMP2K,1,0,1
293884,P01106,Q9H208,1,0.551219512195122,0.4016333892843015,0.4764264507397117,0,,,,,,,0,MYC,OR10A2,1,0,1
294358,P02818,Q9GZU8,1,0.526829268292683,0.4016331612589749,0.4642312147758289,0,,,,,,,0,BGLAP,PSME3IP1,1,0,1
294614,P52298,Q04206,1,0.551219512195122,0.4016328787550558,0.4764261954750889,0,,,,,,,0,NCBP2,RELA,0,1,1
296279,P05997,Q15118,1,0.526829268292683,0.4016811921042321,0.4642552301984575,0,,,,,,,0,COL5A2,PDK1,1,0,1
297698,P10415,Q9ULX5,1,0.551219512195122,0.4016329692708873,0.4764262407330046,0,,,,,,,0,BCL2,RNF112,1,0,1
297753,O15211,P25940,1,0.551219512195122,0.4016328964548403,0.4764262043249812,0,,,,,,,0,RGL2,COL5A3,0,1,1
298359,Q16539,Q8N2N9,1,0.526829268292683,0.4016811471235711,0.464255207708127,0,,,,,,,0,MAPK14,ANKRD36B,1,0,1
298703,P08123,P67775,1,0.551219512195122,0.4016329259323065,0.4764262190637142,0,,,,,,,0,COL1A2,PPP2CA,1,0,1
298870,P19838,Q8NDV3,1,0.551219512195122,0.4016330020308296,0.4764262571129758,0,,,,,,,0,NFKB1,SMC1B,1,0,1
299824,P02452,P25024,1,0.551219512195122,0.4016330213699362,0.4764262667825291,0,,,,,,,0,COL1A1,CXCR1,1,0,1
300121,P02452,Q9P2K3,1,0.551219512195122,0.4016328783666771,0.4764261952808996,0,,,,,,,0,COL1A1,RCOR3,1,0,1
300315,A8MW95,P05997,1,0.551219512195122,0.4016328920835627,0.4764262021393423,0,,,,,,,0,BECN2,COL5A2,0,1,1
300641,P04637,P20827,1,0.551219512195122,0.4016330636204319,0.4764262879077769,0,,,,,,,0,TP53,EFNA1,1,0,1
300822,P02461,Q9N2J8,1,0.551219512195122,0.401632935503827,0.4764262238494745,0,,,,,,,0,COL3A1,,1,0,1
300974,Q96RA2,Q9Y4K3,1,0.551219512195122,0.4016332600512966,0.4764263861232093,0,,,,,,,0,OR7D2,TRAF6,0,1,1
301338,F8VTS6,P04198,1,0.526829268292683,0.4016331104870549,0.4642311893898689,0,,,,,,,0,RFPL4AL1,MYCN,0,1,1
302490,P05997,Q96R48,1,0.551219512195122,0.4016329474207599,0.4764262298079409,0,,,,,,,0,COL5A2,OR2A5,1,0,1
303135,P02452,Q969X1,1,0.526829268292683,0.4016812943716888,0.4642552813321858,0,,,,,,,0,COL1A1,TMBIM1,1,0,1
303396,P04629,P04629,1,0.8731707317073171,0.4095043797931404,0.6413375557502288,0,,P04629,P04629,"psi-mi:""MI:0809""(bimolecular fluorescence complementation)",taxid:9606(Homo sapiens),2.0,1,NTRK1,NTRK1,1,1,1
303700,P02461,Q68DY9,1,0.551219512195122,0.4016329570725727,0.4764262346338473,0,,,,,,,0,COL3A1,ZNF772,1,0,1
303915,P04637,Q8N1E2,1,0.551219512195122,0.4016330315386295,0.4764262718668757,0,,,,,,,0,TP53,LYG1,1,0,1
303975,P10451,Q8N9W8,1,0.551219512195122,0.4016333152326056,0.4764264137138638,0,,,,,,,0,SPP1,GARIN2,1,0,1
304234,P37275,Q16539,1,0.5219512195121951,0.4016811681130572,0.4618161938126262,0,,,,,,,0,ZEB1,MAPK14,0,1,1
304341,Q04206,Q8NGX3,1,0.551219512195122,0.4016332617965399,0.4764263869958309,0,,,,,,,0,RELA,OR10T2,1,0,1
304435,P35354,Q4G0U5,1,0.551219512195122,0.4016329819794034,0.4764262470872626,0,,,,,,,0,PTGS2,CFAP221,1,0,1
304707,P05997,Q92187,1,0.551219512195122,0.4016328048889727,0.4764261585420473,0,,,,,,,0,COL5A2,ST8SIA4,1,0,1
304823,Q5T124,Q9UNN8,1,0.551219512195122,0.401632875122127,0.4764261936586245,0,,,,,,,0,UBXN11,PROCR,0,1,1
304911,P23219,Q5TCQ9,1,0.551219512195122,0.4016327920523111,0.4764261521237165,0,,,,,,,0,PTGS1,MAGI3,1,0,1
304981,P04004,Q8N9B5,1,0.551219512195122,0.4016329270226381,0.47642621960888,0,,,,,,,0,VTN,JMY,1,0,1
305625,P08123,P35453,1,0.551219512195122,0.401632927278555,0.4764262197368385,0,,,,,,,0,COL1A2,HOXD13,1,0,1
305867,P02452,Q9UM82,1,0.5219512195121951,0.4016812406498808,0.461816230081038,0,,,,,,,0,COL1A1,SPATA2,1,0,1
306389,O00624,P25940,1,0.551219512195122,0.4016328010807256,0.4764261566379237,0,,,,,,,0,SLC17A2,COL5A3,0,1,1
306442,P02452,Q12948,1,0.5219512195121951,0.4016813641842027,0.4618162918481989,0,,,,,,,0,COL1A1,FOXC1,1,0,1
306680,P05997,Q02252,1,0.551219512195122,0.4016331471422771,0.4764263296686996,0,,,,,,,0,COL5A2,ALDH6A1,1,0,1
307191,O60684,P05997,1,0.551219512195122,0.4016331780366559,0.4764263451158889,0,,,,,,,0,KPNA6,COL5A2,0,1,1
307293,A0A075B6I0,P10451,1,0.551219512195122,0.4016331019995879,0.4764263070973549,0,,,,,,,0,IGLV8-61,SPP1,0,1,1
307625,O95047,Q9Y4K3,1,0.551219512195122,0.4016333043547073,0.4764264082749146,0,,,,,,,0,OR2A4,TRAF6,0,1,1
307758,P02818,Q6ZTU2,1,0.551219512195122,0.4016330040244062,0.4764262581097641,0,,,,,,,0,BGLAP,EP400P1,1,0,1
308621,O95104,P02461,1,0.5365853658536585,0.4016332521955402,0.4691093090245993,0,,,,,,,0,SCAF4,COL3A1,0,1,1
308680,P34972,Q86YF9,1,0.551219512195122,0.4016331153421592,0.4764263137686406,0,,,,,,,0,CNR2,DZIP1,1,0,1
309086,P02452,Q0VG06,1,0.526829268292683,0.4016333283164873,0.4642312983045851,0,,,,,,,0,COL1A1,FAAP100,1,0,1
309322,P04198,P55042,1,0.5365853658536585,0.4016330580393007,0.4691092119464796,0,,,,,,,0,MYCN,RRAD,1,0,1
310308,P04629,Q9BQS8,1,0.5219512195121951,0.4016813990602528,0.4618163092862239,0,,,,,,,0,NTRK1,FYCO1,1,0,1
310993,P29474,P46100,1,0.5219512195121951,0.4016811328988261,0.4618161762055106,0,,,,,,,0,NOS3,ATRX,1,0,1
313367,O75157,P10451,1,0.551219512195122,0.4016327465410513,0.4764261293680866,0,,,,,,,0,TSC22D2,SPP1,0,1,1
313508,P02452,Q6NTE8,1,0.526829268292683,0.4016811020383193,0.4642551851655011,0,,,,,,,0,COL1A1,MRNIP,1,0,1
314524,P12524,Q9BTL3,1,0.551219512195122,0.401632916020939,0.4764262141080305,0,,,,,,,0,MYCL,RAMAC,1,0,1
314938,P10451,P60763,1,0.526829268292683,0.4016333410204502,0.4642313046565666,0,,,,,,,0,SPP1,RAC3,1,0,1
315363,P35354,Q9Y5H2,1,0.551219512195122,0.4016330241934024,0.4764262681942622,0,,,,,,,0,PTGS2,PCDHGA11,1,0,1
315449,P05997,Q9GZX7,1,0.551219512195122,0.4016328864580141,0.476426199326568,0,,,,,,,0,COL5A2,AICDA,1,0,1
316773,P19838,Q9H2S6,1,0.5219512195121951,0.4016813259497404,0.4618162727309677,0,,,,,,,0,NFKB1,TNMD,1,0,1
317422,P02461,Q969I3,1,0.551219512195122,0.4016328862999881,0.476426199247555,0,,,,,,,0,COL3A1,GLYATL1,1,0,1
317528,P02461,Q6ZT21,1,0.551219512195122,0.4016329870680197,0.4764262496315709,0,,,,,,,0,COL3A1,TMPPE,1,0,1
317825,P08123,P13727,1,0.526829268292683,0.4016812140206926,0.4642552411566878,0,,,,,,,0,COL1A2,PRG2,1,0,1
317893,O75381,Q9BQB4,1,0.551219512195122,0.4016329067479874,0.4764262094715547,0,,,,,,,0,PEX14,SOST,0,1,1
318135,Q04206,Q5JRM2,1,0.551219512195122,0.4016329304639641,0.476426221329543,0,,,,,,,0,RELA,CXorf66,1,0,1
318179,Q9UNN8,Q9Y2R4,1,0.551219512195122,0.4016329021375978,0.4764262071663598,0,,,,,,,0,PROCR,DDX52,1,0,1
318833,P35354,Q10567,1,0.551219512195122,0.4016330738727145,0.4764262930339182,0,,,,,,,0,PTGS2,AP1B1,1,0,1
320947,P05997,Q8N9F8,1,0.551219512195122,0.4016329216050249,0.4764262169000735,0,,,,,,,0,COL5A2,ZNF454,1,0,1
321305,P06401,Q9UK59,1,0.526829268292683,0.4016332259902587,0.4642312471414708,0,,,,,,,0,PGR,DBR1,1,0,1
321640,P10074,P42574,1,0.551219512195122,0.4016328486770835,0.4764261804361027,0,,,,,,,0,ZBTB48,CASP3,0,1,1
322659,P02818,Q9NY27,1,0.526829268292683,0.4016330846833256,0.4642311764880042,0,,,,,,,0,BGLAP,PPP4R2,1,0,1
323087,P25940,Q9H6N6,1,0.551219512195122,0.4016329484074986,0.4764262303013102,0,,,,,,,0,COL5A3,MYH16,1,0,1
324140,O14771,P02461,1,0.5219512195121951,0.4016812034276378,0.4618162114699164,0,,,,,,,0,ZNF213,COL3A1,0,1,1
324829,P49640,Q9Y4K3,1,0.526829268292683,0.4016331793682939,0.4642312238304884,0,,,,,,,0,EVX1,TRAF6,0,1,1
325001,P17612,Q9Y6F1,1,0.551219512195122,0.4016330482525492,0.4764262802238356,0,,,,,,,0,PRKACA,PARP3,1,0,1
325220,P04198,Q9NP50,1,0.526829268292683,0.401633107841041,0.464231188066862,0,,,,,,,0,MYCN,SINHCAF,1,0,1
325877,A0A0B4J1X5,P04198,1,0.526829268292683,0.4016332950952592,0.4642312816939711,0,,,,,,,0,IGHV3-74,MYCN,0,1,1
325913,O14788,Q8IZN3,1,0.551219512195122,0.4016330877190417,0.4764262999570818,0,,,,,,,0,TNFSF11,ZDHHC14,1,0,1
326042,P49591,Q16539,1,0.551219512195122,0.4016331795023719,0.4764263458487469,0,,,,,,,0,SARS1,MAPK14,0,1,1
327648,P01106,P0C7V9,1,0.551219512195122,0.4016330895220944,0.4764263008586082,0,,,,,,,0,MYC,METTL15P1,1,0,1
328804,P12524,Q56NI9,1,0.526829268292683,0.4016331916643493,0.4642312299785161,0,,,,,,,0,MYCL,ESCO2,1,0,1
329089,P28482,Q92570,1,0.551219512195122,0.4016329332392642,0.4764262227171931,0,,,,,,,0,MAPK1,NR4A3,1,0,1
330657,O00206,P04004,1,0.551219512195122,0.4016329370845571,0.4764262246398395,0,,,,,,,0,TLR4,VTN,0,1,1
331088,Q5T6C5,Q9UNN8,1,0.551219512195122,0.4016331214476378,0.4764263168213799,0,,,,,,,0,ATXN7L2,PROCR,0,1,1
331216,P02452,Q8WU79,1,0.551219512195122,0.4016328668470761,0.476426189521099,0,,,,,,,0,COL1A1,SMAP2,1,0,1
331403,A0A087WSY6,Q9BQB4,1,0.5219512195121951,0.4016332885557634,0.4617922540339793,0,,,,,,,0,IGKV3D-15,SOST,0,1,1
331518,P05997,Q32MK0,1,0.551219512195122,0.4016331915108936,0.4764263518530078,0,,,,,,,0,COL5A2,MYLK3,1,0,1
331704,Q9BQB4,Q9BXG8,1,0.551219512195122,0.4016328389450315,0.4764261755700767,0,,,,,,,0,SOST,SPZ1,1,0,1
331913,A0A0A0MS02,P04637,1,0.551219512195122,0.4016329861265906,0.4764262491608563,0,,,,,,,0,TRGV1,TP53,0,1,1
332268,P12524,Q9H334,1,0.551219512195122,0.4016329546930236,0.4764262334440728,0,,,,,,,0,MYCL,FOXP1,1,0,1
332893,P04637,P57054,1,0.551219512195122,0.4016331037270547,0.4764263079610883,0,,,,,,,0,TP53,PIGP,1,0,1
334783,P35354,Q9NQ86,1,0.551219512195122,0.4016329805329435,0.4764262463640327,0,,,,,,,0,PTGS2,TRIM36,1,0,1
335264,O43900,P02452,1,0.551219512195122,0.4016329704103647,0.4764262413027433,0,,,,,,,0,PRICKLE3,COL1A1,0,1,1
336107,P20908,Q9NTN9,1,0.526829268292683,0.4016811606057081,0.4642552144491955,0,,,,,,,0,COL5A1,SEMA4G,1,0,1
336362,Q17RF5,Q9BQB4,1,0.526829268292683,0.4016331747568953,0.4642312215247891,0,,,,,,,0,ODAPH,SOST,0,1,1
336407,P02452,Q6NXT4,1,0.551219512195122,0.4016329359348868,0.4764262240650044,0,,,,,,,0,COL1A1,SLC30A6,1,0,1
337190,P01825,P12643,1,0.551219512195122,0.4016329368259209,0.4764262245105214,0,,,,,,,0,IGHV4-59,BMP2,0,1,1
337201,Q15022,Q16539,1,0.551219512195122,0.4016330232494433,0.4764262677222826,0,,,,,,,0,SUZ12,MAPK14,0,1,1
337289,P42574,Q86SQ7,1,0.551219512195122,0.4016328867436718,0.4764261994693969,0,,,,,,,0,CASP3,SDCCAG8,1,0,1
337512,O94933,P20908,1,0.5219512195121951,0.4016812650312917,0.4618162422717434,0,,,,,,,0,SLITRK3,COL5A1,0,1,1
337567,P08123,P62714,1,0.551219512195122,0.4016328932877749,0.4764262027414484,0,,,,,,,0,COL1A2,PPP2CB,1,0,1
338371,P17612,P18075,1,0.551219512195122,0.4016328992342829,0.4764262057147024,1,0.1154299175500589,,,,,,0,PRKACA,BMP7,1,1,1
338560,O75200,P08123,1,0.5219512195121951,0.4016811876333794,0.4618162035727873,0,,,,,,,0,NPIPB7,COL1A2,0,1,1
339620,O14508,P04637,1,0.551219512195122,0.4016329487004481,0.476426230447785,0,,,,,,,0,SOCS2,TP53,0,1,1
340946,O00292,P02461,1,0.526829268292683,0.4016813949031855,0.4642553315979342,0,,,,,,,0,LEFTY2,COL3A1,0,1,1
341530,P49841,Q9Y5E5,1,0.551219512195122,0.4016329481426071,0.4764262301688645,0,,,,,,,0,GSK3B,PCDHB4,1,0,1
342227,O43463,P06401,1,0.551219512195122,0.4016328680578728,0.4764261901264974,0,,,,,,,0,SUV39H1,PGR,0,1,1
342323,P12643,Q96M83,1,0.526829268292683,0.4016811598051545,0.4642552140489187,0,,,,,,,0,BMP2,CCDC7,1,0,1
343105,O75452,P19838,1,0.5219512195121951,0.401681254332851,0.461816236922523,0,,,,,,,0,RDH16,NFKB1,0,1,1
343462,P55916,Q9Y4K3,1,0.551219512195122,0.4016329617524065,0.4764262369737642,0,,,,,,,0,UCP3,TRAF6,0,1,1
344191,P06401,Q96AE4,1,0.551219512195122,0.4016329873784832,0.4764262497868026,0,,,,,,,0,PGR,FUBP1,1,0,1
344337,P12643,Q9P2E9,1,0.551219512195122,0.4016329109101548,0.4764262115526384,0,,,,,,,0,BMP2,RRBP1,1,0,1
344841,P05997,Q8TC71,1,0.551219512195122,0.4016329463244311,0.4764262292597765,0,,,,,,,0,COL5A2,SPATA18,1,0,1
345096,P08123,Q92966,1,0.551219512195122,0.4016328671360806,0.4764261896656013,0,,,,,,,0,COL1A2,SNAPC3,1,0,1
345368,P02452,P48146,1,0.551219512195122,0.4016329927184284,0.4764262524567751,0,,,,,,,0,COL1A1,NPBWR2,1,0,1
345394,P12524,Q9GZX5,1,0.551219512195122,0.40163305690829,0.476426284551706,0,,,,,,,0,MYCL,ZNF350,1,0,1
345880,P05997,Q9UEW8,1,0.551219512195122,0.4016328861425621,0.476426199168842,0,,,,,,,0,COL5A2,STK39,1,0,1
345966,P05997,Q9Y2A9,1,0.551219512195122,0.4016330969688249,0.4764263045819734,0,,,,,,,0,COL5A2,B3GNT3,1,0,1
346277,P10415,Q8N4P6,1,0.526829268292683,0.4016332613243625,0.4642312648085227,0,,,,,,,0,BCL2,LRRC71,1,0,1
346636,O00322,P34972,1,0.551219512195122,0.4016334940155333,0.4764265031053276,0,,,,,,,0,UPK1A,CNR2,0,1,1
347709,P25940,Q71RH2,1,0.551219512195122,0.4016327987020904,0.4764261554486062,0,,,,,,,0,COL5A3,TLCD3B,1,0,1
348328,P17612,Q12800,1,0.551219512195122,0.401633089707791,0.4764263009514565,0,,,,,,,0,PRKACA,TFCP2,1,0,1
348442,Q16539,Q8N3R9,1,0.551219512195122,0.4016329657490166,0.4764262389720692,0,,,,,,,0,MAPK14,PALS1,1,0,1
348758,O14788,Q99592,1,0.551219512195122,0.4016331566384156,0.4764263344167688,0,,,,,,,0,TNFSF11,ZBTB18,1,0,1
349303,P05997,P56749,1,0.551219512195122,0.4016329429892751,0.4764262275921985,0,,,,,,,0,COL5A2,CLDN12,1,0,1
349544,P02452,Q9Y577,1,0.551219512195122,0.40163288191497,0.4764261970550459,0,,,,,,,0,COL1A1,TRIM17,1,0,1
351503,P18075,Q86SS6,1,0.526829268292683,0.4016331004018491,0.464231184347266,0,,,,,,,0,BMP7,SYT9,1,0,1
351531,A6NGY3,P02818,1,0.5219512195121951,0.4016333964716002,0.4617923079918976,0,,,,,,,0,C5orf52,BGLAP,0,1,1
351878,P12643,Q96NU1,1,0.551219512195122,0.4016330687896143,0.4764262904923682,0,,,,,,,0,BMP2,SAMD11,1,0,1
352482,P05997,Q96M43,1,0.551219512195122,0.4016330467561318,0.4764262794756269,0,,,,,,,0,COL5A2,NBPF4,1,0,1
352682,O75410,P10415,1,0.551219512195122,0.4016329228706883,0.4764262175329051,0,,,,,,,0,TACC1,BCL2,0,1,1
353067,P34972,Q9H6N6,1,0.551219512195122,0.4016329394949942,0.4764262258450581,0,,,,,,,0,CNR2,MYH16,1,0,1
353531,P12931,Q96KQ4,1,0.551219512195122,0.401632812006179,0.4764261621006505,0,,,,,,,0,SRC,PPP1R13B,1,0,1
353804,Q8IZQ8,Q9UNN8,1,0.551219512195122,0.4016328910608474,0.4764262016279846,0,,,,,,,0,MYOCD,PROCR,0,1,1
354988,A0A0B4J1U4,P12643,1,0.551219512195122,0.4016328566222772,0.4764261844086996,0,,,,,,,0,TRGV5,BMP2,0,1,1
354993,O14520,P25940,1,0.551219512195122,0.4016328072789253,0.4764261597370236,0,,,,,,,0,AQP7,COL5A3,0,1,1
355504,A6NGD5,Q9BQB4,1,0.551219512195122,0.4016329565481411,0.4764262343716315,0,,,,,,,0,ZSCAN5C,SOST,0,1,1
356104,P02452,P49682,1,0.551219512195122,0.4016329598691865,0.4764262360321543,0,,,,,,,0,COL1A1,CXCR3,1,0,1
356228,P08123,Q9P0Z9,1,0.551219512195122,0.4016329511670456,0.4764262316810838,0,,,,,,,0,COL1A2,PIPOX,1,0,1
357228,Q8TDR0,Q9BQB4,1,0.551219512195122,0.4016328447624835,0.4764261784788027,0,,,,,,,0,TRAF3IP1,SOST,0,1,1
357635,P17612,Q86SS6,1,0.551219512195122,0.4016331347400705,0.4764263234675963,0,,,,,,,0,PRKACA,SYT9,1,0,1
357656,A0A0J9YX57,Q9Y4K3,1,0.551219512195122,0.4016331043077064,0.4764263082514142,0,,,,,,,0,MAGEB6B,TRAF6,0,1,1
357710,Q16539,Q9BQI7,1,0.551219512195122,0.4016329625956941,0.476426237395408,0,,,,,,,0,MAPK14,PSD2,1,0,1
358114,P25940,Q96Q27,1,0.526829268292683,0.4016811635603575,0.4642552159265202,0,,,,,,,0,COL5A3,ASB2,1,0,1
358179,P03372,Q8IYH5,1,0.526829268292683,0.401633231494941,0.464231249893812,0,,,,,,,0,ESR1,ZZZ3,1,0,1
358825,P12524,Q99727,1,0.551219512195122,0.401633228296444,0.476426370245783,0,,,,,,,0,MYCL,TIMP4,1,0,1
359231,P25940,Q6PF15,1,0.551219512195122,0.4016328301980351,0.4764261711965785,0,,,,,,,0,COL5A3,KLHL35,1,0,1
360384,A8MTL0,P02461,1,0.526829268292683,0.4016811897582075,0.4642552290254452,0,,,,,,,0,IQCF5,COL3A1,0,1,1
360709,O15056,P29474,1,0.551219512195122,0.4016328824072049,0.4764261973011634,0,,,,,,,0,SYNJ2,NOS3,0,1,1
360802,Q04206,Q96BR5,1,0.551219512195122,0.4016329301292559,0.4764262211621889,0,,,,,,,0,RELA,COA7,1,0,1
361191,P01106,Q96K58,1,0.551219512195122,0.4016330947379152,0.4764263034665186,0,,,,,,,0,MYC,ZNF668,1,0,1
361775,P31749,Q96BP3,1,0.551219512195122,0.4016331759446318,0.4764263440698769,0,,,,,,,0,AKT1,PPWD1,1,0,1
362001,P02452,Q9BRV3,1,0.551219512195122,0.4016329151368146,0.4764262136659682,0,,,,,,,0,COL1A1,SLC50A1,1,0,1
362280,P10451,Q9BYQ4,1,0.5219512195121951,0.4014415242947974,0.4616963719034962,0,,,,,,,0,SPP1,KRTAP9-2,1,0,1
362731,P17612,Q9P2N2,1,0.551219512195122,0.4016327856139007,0.4764261489045113,0,,,,,,,0,PRKACA,ARHGAP28,1,0,1
363330,P49841,Q6N043,1,0.551219512195122,0.4016329569877906,0.4764262345914563,0,,,,,,,0,GSK3B,ZNF280D,1,0,1
364177,P05997,Q8NFZ8,1,0.551219512195122,0.4016331483017504,0.4764263302484361,0,,,,,,,0,COL5A2,CADM4,1,0,1
364235,P20908,Q92622,1,0.5219512195121951,0.4016811770343491,0.4618161982732721,0,,,,,,,0,COL5A1,RUBCN,1,0,1
364943,A6NKC9,P02452,1,0.551219512195122,0.4016329257920426,0.4764262189935823,0,,,,,,,0,SH2D7,COL1A1,0,1,1
365364,P28482,P28482,1,0.9414634146341464,0.4041794006986534,0.6728214076663999,0,,P28482,P28482,"psi-mi:""MI:0007""(anti tag coimmunoprecipitation)",taxid:9606(Homo sapiens),2.0,1,MAPK1,MAPK1,1,1,1
366156,P25940,Q9H6T0,1,0.526829268292683,0.4016814164884405,0.4642553423905617,0,,,,,,,0,COL5A3,ESRP2,1,0,1
369202,Q16539,Q9UHV5,1,0.551219512195122,0.4016329593759711,0.4764262357855465,0,,,,,,,0,MAPK14,RAPGEFL1,1,0,1
369896,P02452,Q330K2,1,0.551219512195122,0.4016330013212183,0.4764262567581702,0,,,,,,,0,COL1A1,NDUFAF6,1,0,1
370233,Q02978,Q9Y4K3,1,0.551219512195122,0.4016329378500374,0.4764262250225797,0,,,,,,,0,SLC25A11,TRAF6,0,1,1
370566,P12319,P25940,1,0.551219512195122,0.4016330126399701,0.476426262417546,0,,,,,,,0,FCER1A,COL5A3,0,1,1
370689,P05412,Q0VAQ4,1,0.551219512195122,0.4016329623094077,0.4764262372522648,0,,,,,,,0,JUN,SMAGP,1,0,1
371052,O60701,Q16539,1,0.551219512195122,0.4016331874472375,0.4764263498211797,0,,,,,,,0,UGDH,MAPK14,0,1,1
371148,P20908,Q9NP60,1,0.526829268292683,0.4016811777959724,0.4642552230443276,0,,,,,,,0,COL5A1,IL1RAPL2,1,0,1
371958,P41180,Q86TB3,1,0.526829268292683,0.4016812091786014,0.4642552387356422,0,,,,,,,0,CASR,ALPK2,1,0,1
372055,P04004,Q6T4R5,1,0.551219512195122,0.4016328425708289,0.4764261773829754,0,,,,,,,0,VTN,NHS,1,0,1
372521,A6NKW6,Q04206,1,0.551219512195122,0.4016330672296859,0.4764262897124039,0,,,,,,,0,SHISAL2B,RELA,0,1,1
372862,P28482,Q14203,1,0.551219512195122,0.401632905438492,0.476426208816807,0,,,,,,,0,MAPK1,DCTN1,1,0,1
373812,P05997,Q3KPI0,1,0.551219512195122,0.401633030950249,0.4764262715726854,0,,,,,,,0,COL5A2,CEACAM21,1,0,1
375505,A0A1B0GUW6,P12931,1,0.551219512195122,0.4016329451851423,0.4764262286901322,0,,,,,,,0,SPEM3,SRC,0,1,1
375634,P02452,Q15777,1,0.551219512195122,0.4016329051022715,0.4764262086486968,0,,,,,,,0,COL1A1,MPPED2,1,0,1
376527,P34972,Q9Y4R8,1,0.551219512195122,0.4016328276534825,0.4764261699243022,0,,,,,,,0,CNR2,TELO2,1,0,1
376825,P04198,Q5TGJ6,1,0.551219512195122,0.4016333241744956,0.4764264181848088,0,,,,,,,0,MYCN,HDGFL1,1,0,1
377100,P49841,Q13310,1,0.551219512195122,0.4016329635166844,0.4764262378559032,0,,,,,,,0,GSK3B,PABPC4,1,0,1
377210,Q16539,Q6P4F7,1,0.551219512195122,0.4016328688813255,0.4764261905382237,0,,,,,,,0,MAPK14,ARHGAP11A,1,0,1
377252,P08123,Q6UXN2,1,0.526829268292683,0.4016811435132719,0.4642552059029774,0,,,,,,,0,COL1A2,TREML4,1,0,1
378451,O75330,P42574,1,0.551219512195122,0.4016331342311534,0.4764263232131377,0,,,,,,,0,HMMR,CASP3,0,1,1
378529,P07333,P07333,1,0.8097560975609756,0.3896614043809679,0.5997087509709718,0,,,,,,,0,CSF1R,CSF1R,1,1,1
378679,P02461,Q9P2M1,1,0.526829268292683,0.401681307789547,0.464255288041115,0,,,,,,,0,COL3A1,LRP2BP,1,0,1
378824,E5RJM6,P05997,1,0.526829268292683,0.401681270178693,0.4642552692356879,0,,,,,,,0,ANKRD65,COL5A2,0,1,1
379919,P05412,P0CG23,1,0.551219512195122,0.4016330092179054,0.4764262607065137,1,0.0153121319199057,,,,,,0,JUN,ZNF853,1,0,1
379985,P31749,Q07343,1,0.551219512195122,0.4016332020029357,0.4764263570990288,0,,,,,,,0,AKT1,PDE4B,1,0,1
380566,P23219,Q5VSG8,1,0.551219512195122,0.4016330020945522,0.4764262571448371,0,,,,,,,0,PTGS1,MANEAL,1,0,1
380662,P08123,Q3SXZ3,1,0.551219512195122,0.4016328808432369,0.4764261965191794,0,,,,,,,0,COL1A2,ZNF718,1,0,1
380723,Q14973,Q9Y4K3,1,0.551219512195122,0.4016331015865301,0.476426306890826,0,,,,,,,0,SLC10A1,TRAF6,0,1,1
380964,O75716,P12643,1,0.551219512195122,0.4016331516989716,0.4764263319470468,0,,,,,,,0,STK16,BMP2,0,1,1
382237,A6NJV1,P01106,1,0.551219512195122,0.4016330214426372,0.4764262668188795,0,,,,,,,0,FAM166C,MYC,0,1,1
382270,P05997,Q9H0C1,1,0.526829268292683,0.4016811856498368,0.4642552269712598,0,,,,,,,0,COL5A2,ZMYND12,1,0,1
383016,P43235,Q7L775,1,0.551219512195122,0.4016332310557167,0.4764263716254193,0,,,,,,,0,CTSK,EPM2AIP1,1,0,1
384346,P02452,Q9H6L2,1,0.551219512195122,0.4016328817168778,0.4764261969559998,0,,,,,,,0,COL1A1,TMEM231,1,0,1
384448,P04637,Q6UWI4,1,0.526829268292683,0.4016331407032367,0.4642312044979598,0,,,,,,,0,TP53,SHISA2,1,0,1
384575,P01106,P54278,1,0.551219512195122,0.4016327920413184,0.4764261521182202,0,,,,,,,0,MYC,PMS2,1,0,1
384968,P25940,Q9NVV5,1,0.551219512195122,0.4016328537723281,0.4764261829837251,0,,,,,,,0,COL5A3,AIG1,1,0,1
384978,P05997,P0DQD5,1,0.551219512195122,0.4016329364037163,0.4764262242994191,0,,,,,,,0,COL5A2,NPY4R2,1,0,1
386353,O75027,P04004,1,0.551219512195122,0.4016331144641812,0.4764263133296516,0,,,,,,,0,ABCB7,VTN,0,1,1
386858,Q8TEY5,Q9BQB4,1,0.551219512195122,0.4016329469712094,0.4764262295831657,0,,,,,,,0,CREB3L4,SOST,0,1,1
387938,P12270,P18075,1,0.5219512195121951,0.4016810515005264,0.4618161355063608,0,,,,,,,0,TPR,BMP7,0,1,1
388386,P02452,P27352,1,0.551219512195122,0.4016329305775342,0.476426221386328,0,,,,,,,0,COL1A1,CBLIF,1,0,1
388490,P25940,Q9H4A9,1,0.551219512195122,0.4016328368884486,0.4764261745417852,0,,,,,,,0,COL5A3,DPEP2,1,0,1
388928,P04198,P84077,1,0.551219512195122,0.4016330211847542,0.4764262666899381,0,,,,,,,0,MYCN,ARF1,1,0,1
389447,P08123,Q15397,1,0.551219512195122,0.401633007513941,0.4764262598545314,0,,,,,,,0,COL1A2,PUM3,1,0,1
389638,Q8TDN6,Q9UNN8,1,0.551219512195122,0.4016332434273471,0.4764263778112345,0,,,,,,,0,BRIX1,PROCR,0,1,1
389831,P10415,Q9P2M7,1,0.551219512195122,0.4016328188154671,0.4764261655052945,0,,,,,,,0,BCL2,CGN,1,0,1
390846,P05997,Q5H9J9,1,0.551219512195122,0.4016329897523406,0.4764262509737312,0,,,,,,,0,COL5A2,TCP11X2,1,0,1
391290,P18075,Q9ULE4,1,0.551219512195122,0.4016329530944891,0.4764262326448055,0,,,,,,,0,BMP7,FAM184B,1,0,1
391514,P25940,Q7M4L6,1,0.551219512195122,0.4016327868775668,0.4764261495363444,0,,,,,,,0,COL5A3,SHF,1,0,1
391576,Q9HAS0,Q9Y4K3,1,0.551219512195122,0.4016331561058873,0.4764263341505046,0,,,,,,,0,C17orf75,TRAF6,0,1,1
391807,P08123,Q8NHY0,1,0.551219512195122,0.4016328904469634,0.4764262013210427,0,,,,,,,0,COL1A2,B4GALNT2,1,0,1
393191,P20908,Q6N069,1,0.551219512195122,0.4016329337195853,0.4764262229573536,0,,,,,,,0,COL5A1,NAA16,1,0,1
393303,P35354,Q92889,1,0.551219512195122,0.4016329934322631,0.4764262528136925,0,,,,,,,0,PTGS2,ERCC4,1,0,1
393381,P08123,Q8WWZ8,1,0.551219512195122,0.4016331963384111,0.4764263542667665,0,,,,,,,0,COL1A2,OIT3,1,0,1
393449,P04637,Q8TF50,1,0.551219512195122,0.401632991150637,0.4764262516728795,0,,,,,,,0,TP53,ZNF526,1,0,1
394138,P05997,P15121,1,0.551219512195122,0.4016330630591768,0.4764262876271494,0,,,,,,,0,COL5A2,AKR1B1,1,0,1
394605,P08123,Q96PG2,1,0.526829268292683,0.4016811949219801,0.4642552316073315,0,,,,,,,0,COL1A2,MS4A10,1,0,1
395269,P02461,Q9HBV1,1,0.551219512195122,0.4016328450184093,0.4764261786067656,0,,,,,,,0,COL3A1,POPDC3,1,0,1
395627,P01742,P04198,1,0.551219512195122,0.4016330259043616,0.4764262690497418,0,,,,,,,0,IGHV1-69,MYCN,0,1,1
395972,P08123,P0DMS8,1,0.551219512195122,0.4016329300393368,0.4764262211172294,0,,,,,,,0,COL1A2,ADORA3,1,0,1
396200,P12524,P35680,1,0.551219512195122,0.4016330592602693,0.4764262857276956,0,,,,,,,0,MYCL,HNF1B,1,0,1
396585,P02461,Q96G91,1,0.551219512195122,0.4016329214243251,0.4764262168097235,0,,,,,,,0,COL3A1,P2RY11,1,0,1
396630,P02452,P12235,1,0.551219512195122,0.401633098682414,0.4764263054387679,0,,,,,,,0,COL1A1,SLC25A4,1,0,1
396845,O14788,Q7RTN6,1,0.526829268292683,0.4016332059646945,0.4642312371286887,0,,,,,,,0,TNFSF11,STRADA,1,0,1
397353,A0A0B4J245,P04198,1,0.551219512195122,0.4016330102531265,0.4764262612241242,0,,,,,,,0,TRAV12-1,MYCN,0,1,1
397358,P02461,Q86TM6,1,0.551219512195122,0.4016330352029376,0.4764262736990298,0,,,,,,,0,COL3A1,SYVN1,1,0,1
397487,P17612,Q9ULE4,1,0.551219512195122,0.4016329248873264,0.4764262185412242,0,,,,,,,0,PRKACA,FAM184B,1,0,1
397572,P08123,Q13163,1,0.526829268292683,0.4016332646210361,0.4642312664568595,0,,,,,,,0,COL1A2,MAP2K5,1,0,1
397898,Q96DC7,Q9UNN8,1,0.551219512195122,0.4016329532177125,0.4764262327064172,0,,,,,,,0,TMCO6,PROCR,0,1,1
398066,P02461,Q96G74,1,0.551219512195122,0.4016329168377549,0.4764262145164384,0,,,,,,,0,COL3A1,OTUD5,1,0,1
399285,O95202,P10415,1,0.551219512195122,0.4016330395464964,0.4764262758708092,0,,,,,,,0,LETM1,BCL2,0,1,1
400008,P05997,Q16563,1,0.551219512195122,0.4016328792451861,0.476426195720154,0,,,,,,,0,COL5A2,SYPL1,1,0,1
400793,P06401,Q9Y6P5,1,0.551219512195122,0.4016329948708513,0.4764262535329866,0,,,,,,,0,PGR,SESN1,1,0,1
400970,P12524,Q96JA4,1,0.551219512195122,0.4016330308689926,0.4764262715320573,0,,,,,,,0,MYCL,MS4A14,1,0,1
401151,P02452,Q9Y2Z4,1,0.551219512195122,0.4016329414012589,0.4764262267981904,0,,,,,,,0,COL1A1,YARS2,1,0,1
401593,P12643,P51580,1,0.526829268292683,0.4016330552350538,0.4642311617638683,0,,,,,,,0,BMP2,TPMT,1,0,1
401653,P01258,Q5VSR9,1,0.526829268292683,0.4016334715229512,0.4642313699078171,0,,,,,,,0,CALCA,SPANXN1,1,0,1
401886,P02461,Q9H093,1,0.551219512195122,0.4016329951347283,0.4764262536649251,0,,,,,,,0,COL3A1,NUAK2,1,0,1
402250,Q9BQB4,Q9H6Z4,1,0.551219512195122,0.4016329418065883,0.4764262270008551,0,,,,,,,0,SOST,RANBP3,1,0,1
402611,P43235,Q9UI42,1,0.551219512195122,0.4016328419859287,0.4764261770905253,0,,,,,,,0,CTSK,CPA4,1,0,1
402784,P08123,Q6ZVX7,1,0.526829268292683,0.4016811816304106,0.4642552249615468,0,,,,,,,0,COL1A2,NCCRP1,1,0,1
403548,I3L273,P10451,1,0.551219512195122,0.401632983717846,0.476426247956484,0,,,,,,,0,GFY,SPP1,0,1,1
405366,P04004,Q5VXJ0,1,0.5365853658536585,0.4016333308942698,0.4691093483739641,0,,,,,,,0,VTN,LIPK,1,0,1
406155,P06401,Q86VH2,1,0.551219512195122,0.4016328209860966,0.4764261665906093,0,,,,,,,0,PGR,KIF27,1,0,1
406202,P02452,Q6UW02,1,0.551219512195122,0.4016331505610347,0.4764263313780783,0,,,,,,,0,COL1A1,CYP20A1,1,0,1
406541,Q9H208,Q9Y4K3,1,0.551219512195122,0.4016331352423377,0.4764263237187298,0,,,,,,,0,OR10A2,TRAF6,0,1,1
406909,P02461,Q11203,1,0.551219512195122,0.4016328767770384,0.4764261944860802,0,,,,,,,0,COL3A1,ST3GAL3,1,0,1
406925,Q14576,Q9Y4K3,1,0.526829268292683,0.4016331183818824,0.4642311933372827,0,,,,,,,0,ELAVL3,TRAF6,0,1,1
407092,P01258,Q5U649,1,0.526829268292683,0.4016331672478272,0.4642312177702551,0,,,,,,,0,CALCA,C12orf60,1,0,1
407096,Q04917,Q9Y4K3,1,0.526829268292683,0.4016332383345173,0.4642312533136001,0,,,,,,,0,YWHAH,TRAF6,0,1,1
409030,O14788,Q14184,1,0.551219512195122,0.4016329436989228,0.4764262279470224,0,,,,,,,0,TNFSF11,DOC2B,1,0,1
411376,A6H8Y1,P05997,1,0.5219512195121951,0.4016810508030428,0.461816135157619,0,,,,,,,0,BDP1,COL5A2,0,1,1
412279,P02452,P78348,1,0.5219512195121951,0.4016813808766311,0.4618163001944131,0,,,,,,,0,COL1A1,ASIC1,1,0,1
412289,P19838,Q969I3,1,0.5219512195121951,0.4016811312341589,0.461816175373177,0,,,,,,,0,NFKB1,GLYATL1,1,0,1
412558,P04198,Q96HF1,1,0.526829268292683,0.4016331329955422,0.4642312006441126,0,,,,,,,0,MYCN,SFRP2,1,0,1
413183,Q16539,Q16539,1,0.9707317073170731,0.4135313958527796,0.6921315515849263,0,,,,,,,0,MAPK14,MAPK14,1,1,1
413384,Q9P1V8,Q9Y4K3,1,0.551219512195122,0.4016329968935135,0.4764262545443177,0,,,,,,,0,SAMD15,TRAF6,0,1,1
413513,O95994,P10451,1,0.526829268292683,0.401633503833303,0.4642313860629929,0,,,,,,,0,AGR2,SPP1,0,1,1
413546,P06401,Q96L92,1,0.551219512195122,0.4016329214996549,0.4764262168473884,0,,,,,,,0,PGR,SNX27,1,0,1
413557,P12931,Q9ULT0,1,0.551219512195122,0.4016329352315419,0.476426223713332,0,,,,,,,0,SRC,TTC7A,1,0,1
413925,O43347,Q9Y4K3,1,0.526829268292683,0.4016331566261182,0.4642312124594006,0,,,,,,,0,MSI1,TRAF6,0,1,1
414351,Q96T51,Q9UNN8,1,0.551219512195122,0.4016328870924655,0.4764261996437937,0,,,,,,,0,RUFY1,PROCR,0,1,1
414513,P03372,Q9HBJ7,1,0.526829268292683,0.4016331554146649,0.4642312118536739,0,,,,,,,0,ESR1,USP29,1,0,1
414549,P02461,Q9H2S6,1,0.551219512195122,0.4016328453714957,0.4764261787833088,0,,,,,,,0,COL3A1,TNMD,1,0,1
414991,P28482,Q01538,1,0.551219512195122,0.4016330135930269,0.4764262628940744,0,,,,,,,0,MAPK1,MYT1,1,0,1
415215,O00322,P25940,1,0.551219512195122,0.401632839128044,0.4764261756615829,0,,,,,,,0,UPK1A,COL5A3,0,1,1
415259,P02452,P49756,1,0.5365853658536585,0.4016331662308179,0.4691092660422382,0,,,,,,,0,COL1A1,RBM25,1,0,1
415725,O75340,P12643,1,0.551219512195122,0.4016329721673267,0.4764262421812243,0,,,,,,,0,PDCD6,BMP2,0,1,1
415865,P17612,Q8IY51,1,0.551219512195122,0.4016330076703155,0.4764262599327187,0,,,,,,,0,PRKACA,TIGD4,1,0,1
416073,P25940,Q5SWL8,1,0.551219512195122,0.4016329102507284,0.4764262112229251,0,,,,,,,0,COL5A3,PRAMEF19,1,0,1
416369,Q16539,Q16891,1,0.551219512195122,0.4016330262145123,0.4764262692048171,0,,,,,,,0,MAPK14,IMMT,1,0,1
417100,P12524,Q8NCX0,1,0.551219512195122,0.4016330281700775,0.4764262701825997,0,,,,,,,0,MYCL,CCDC150,1,0,1
417428,P12524,Q5C9Z4,1,0.551219512195122,0.4016330231015384,0.4764262676483302,0,,,,,,,0,MYCL,NOM1,1,0,1
417512,P18075,P58417,1,0.526829268292683,0.4016331079238587,0.4642311881082708,0,,,,,,,0,BMP7,NXPH1,1,0,1
417858,P10415,Q13148,1,0.526829268292683,0.4016332019351693,0.4642312351139261,0,,,,,,,0,BCL2,TARDBP,1,0,1
418131,P05997,Q15293,1,0.551219512195122,0.4016328479443566,0.4764261800697393,0,,,,,,,0,COL5A2,RCN1,1,0,1
418440,Q8NGK3,Q9Y4K3,1,0.551219512195122,0.4016332000535255,0.4764263561243237,0,,,,,,,0,OR52K2,TRAF6,0,1,1
418955,P03372,P03372,1,0.5365853658536585,0.4090847991415381,0.4728350824975983,0,,,,,,,0,ESR1,ESR1,1,1,1
419063,A0A0K0K1G6,P10451,1,0.551219512195122,0.4016331580919175,0.4764263351435197,0,,,,,,,0,TRBV10-3,SPP1,0,1,1
420102,A6NJT0,Q9BQB4,1,0.551219512195122,0.4016329608307701,0.476426236512946,0,,,,,,,0,UNCX,SOST,0,1,1
420834,P05997,P10828,1,0.551219512195122,0.401632894784685,0.4764262034899035,0,,,,,,,0,COL5A2,THRB,1,0,1
421243,P10515,P25940,1,0.551219512195122,0.4016331312485003,0.4764263217218111,0,,,,,,,0,DLAT,COL5A3,0,1,1
421461,P05997,Q8NDC0,1,0.551219512195122,0.4016330149666418,0.4764262635808819,0,,,,,,,0,COL5A2,MAPK1IP1L,1,0,1
421582,O00300,P05997,1,0.551219512195122,0.4016329236498959,0.4764262179225089,0,,,,,,,0,TNFRSF11B,COL5A2,0,1,1
421811,P04198,Q9BRX8,1,0.551219512195122,0.4016331995409984,0.4764263558680602,0,,,,,,,0,MYCN,PRXL2A,1,0,1
422525,P10415,Q14397,1,0.526829268292683,0.4016331845130477,0.4642312264028653,0,,,,,,,0,BCL2,GCKR,1,0,1
422770,Q6YFQ2,Q9BQB4,1,0.526829268292683,0.4016332345981014,0.4642312514453922,0,,,,,,,0,COX6B2,SOST,0,1,1
422815,P25940,Q9BZQ8,1,0.5219512195121951,0.4016813829665291,0.4618163012393621,0,,,,,,,0,COL5A3,NIBAN1,1,0,1
422956,P02818,Q5TDH0,1,0.551219512195122,0.4016330529149533,0.4764262825550376,0,,,,,,,0,BGLAP,DDI2,1,0,1
423515,O75153,P23219,1,0.5219512195121951,0.4016811503993803,0.4618161849557877,0,,,,,,,0,CLUH,PTGS1,0,1,1
423533,O95154,P02452,1,0.551219512195122,0.4016331896079779,0.4764263509015499,0,,,,,,,0,AKR7A3,COL1A1,0,1,1
423581,P19838,Q15648,1,0.551219512195122,0.4016330499397185,0.4764262810674202,0,,,,,,,0,NFKB1,MED1,1,0,1
424743,O75880,P05997,1,0.551219512195122,0.4016327954154128,0.4764261538052674,0,,,,,,,0,SCO1,COL5A2,0,1,1
424919,O15211,P34972,1,0.551219512195122,0.4016330137311154,0.4764262629631187,0,,,,,,,0,RGL2,CNR2,0,1,1
424926,P25940,Q16651,1,0.551219512195122,0.4016328073408153,0.4764261597679686,0,,,,,,,0,COL5A3,PRSS8,1,0,1
424940,P02452,Q5TEU4,1,0.551219512195122,0.4016330637543563,0.4764262879747392,0,,,,,,,0,COL1A1,NDUFAF5,1,0,1
425488,P08123,Q00325,1,0.551219512195122,0.4016330804645095,0.4764262963298157,0,,,,,,,0,COL1A2,SLC25A3,1,0,1
427538,P04198,Q8WZ69,1,0.551219512195122,0.4016331237319157,0.4764263179635188,0,,,,,,,0,MYCN,C11orf40,1,0,1
428108,P04637,P30613,1,0.526829268292683,0.4016330246065753,0.4642311464496291,0,,,,,,,0,TP53,PKLR,1,0,1
428489,Q9BQB4,Q9NQ87,1,0.551219512195122,0.4016330202975347,0.4764262662463283,0,,,,,,,0,SOST,HEYL,1,0,1
428556,P04004,Q15437,1,0.551219512195122,0.401632972615915,0.4764262424055185,0,,,,,,,0,VTN,SEC23B,1,0,1
429427,P04637,Q96EL2,1,0.526829268292683,0.4016333200027301,0.4642312941477065,0,,,,,,,0,TP53,MRPS24,1,0,1
429737,P25940,P50747,1,0.526829268292683,0.4016812389662523,0.4642552536294676,0,,,,,,,0,COL5A3,HLCS,1,0,1
429872,Q04206,Q8NH81,1,0.551219512195122,0.4016334130613874,0.4764264626282547,0,,,,,,,0,RELA,OR10G6,1,0,1
430659,P08123,Q9NPH0,1,0.551219512195122,0.4016329018990978,0.4764262070471099,0,,,,,,,0,COL1A2,ACP6,1,0,1
430776,O14788,Q6A163,1,0.551219512195122,0.4016330542475491,0.4764262832213355,0,,,,,,,0,TNFSF11,KRT39,1,0,1
430912,P05997,Q5SVS4,1,0.551219512195122,0.4016329508249222,0.476426231510022,0,,,,,,,0,COL5A2,SLC25A30,1,0,1
431907,O14788,Q9UN79,1,0.551219512195122,0.4016330959017139,0.4764263040484179,0,,,,,,,0,TNFSF11,SOX13,1,0,1
432960,Q86XN8,Q9BQB4,1,0.551219512195122,0.4016328616856306,0.4764261869403763,0,,,,,,,0,MEX3D,SOST,0,1,1
433018,P05412,P49207,1,0.551219512195122,0.4016329514694018,0.4764262318322619,1,0.0435806831566548,,,,,,0,JUN,RPL34,1,0,1
433432,P0C5J1,P10415,1,0.526829268292683,0.401633459454236,0.4642313638734595,0,,,,,,,0,FAM86B2,BCL2,0,1,1
434745,P04637,Q86UN6,1,0.551219512195122,0.4016331075874383,0.4764263098912801,0,,,,,,,0,TP53,AKAP14,1,0,1
435128,P10451,Q8IV20,1,0.526829268292683,0.401633425166533,0.464231346729608,0,,,,,,,0,SPP1,LACC1,1,0,1
436015,P10451,Q5JQF8,1,0.551219512195122,0.401632920694256,0.4764262164446889,0,,,,,,,0,SPP1,PABPC1L2B,1,0,1
436120,P08123,P51684,1,0.551219512195122,0.4016329741287533,0.4764262431619376,0,,,,,,,0,COL1A2,CCR6,1,0,1
436138,Q16539,Q9NQV8,1,0.551219512195122,0.4016329413082933,0.4764262267517076,0,,,,,,,0,MAPK14,PRDM8,1,0,1
436817,Q04206,Q7Z5L3,1,0.551219512195122,0.40163295375595,0.476426232975536,0,,,,,,,0,RELA,C1QL2,1,0,1
437534,P02818,Q32NC0,1,0.526829268292683,0.4016330726387556,0.4642311704657192,0,,,,,,,0,BGLAP,C18orf21,1,0,1
438385,P10451,P62491,1,0.551219512195122,0.4016330144633585,0.4764262633292402,0,,,,,,,0,SPP1,RAB11A,1,0,1
439771,P31749,Q05823,1,0.551219512195122,0.4016328215274695,0.4764261668612957,0,,,,,,,0,AKT1,RNASEL,1,0,1
439884,P05997,Q14542,1,0.551219512195122,0.4016330385957961,0.476426275395459,0,,,,,,,0,COL5A2,SLC29A2,1,0,1
440779,P10415,Q9P2Y4,1,0.551219512195122,0.4016328105274901,0.476426161361306,0,,,,,,,0,BCL2,ZNF219,1,0,1
441194,O14788,P23327,1,0.551219512195122,0.4016329975824564,0.4764262548887892,0,,,,,,,0,TNFSF11,HRC,1,0,1
442029,P04198,Q7Z6K5,1,0.551219512195122,0.401633101397006,0.476426306796064,0,,,,,,,0,MYCN,ARPIN,1,0,1
442771,O14788,P13010,1,0.551219512195122,0.401632915916512,0.476426214055817,0,,,,,,,0,TNFSF11,XRCC5,1,0,1
442882,P06401,Q86VQ6,1,0.551219512195122,0.4016329770168174,0.4764262446059697,0,,,,,,,0,PGR,TXNRD3,1,0,1
442934,P02461,Q8N448,1,0.551219512195122,0.4016331857630025,0.4764263489790622,0,,,,,,,0,COL3A1,LNX2,1,0,1
443565,P08123,Q9NQI0,1,0.551219512195122,0.4016330731840457,0.4764262926895838,0,,,,,,,0,COL1A2,DDX4,1,0,1
443699,P05997,Q5T2R2,1,0.551219512195122,0.401633037961881,0.4764262750785015,0,,,,,,,0,COL5A2,PDSS1,1,0,1
444095,A8MXT2,Q9Y4K3,1,0.551219512195122,0.4016330586397766,0.4764262854174493,0,,,,,,,0,MAGEB17,TRAF6,0,1,1
444498,O94972,P43235,1,0.551219512195122,0.4016329284002055,0.4764262202976637,0,,,,,,,0,TRIM37,CTSK,0,1,1
444678,O00232,P08123,1,0.551219512195122,0.4016329900199966,0.4764262511075593,0,,,,,,,0,PSMD12,COL1A2,0,1,1
444813,P05997,P07204,1,0.551219512195122,0.4016329839481581,0.47642624807164,0,,,,,,,0,COL5A2,THBD,1,0,1
444831,P04637,Q92530,1,0.551219512195122,0.4016330429237425,0.4764262775594322,0,,,,,,,0,TP53,PSMF1,1,0,1
444875,P43235,Q9H2G4,1,0.551219512195122,0.4016330902473051,0.4764263012212135,0,,,,,,,0,CTSK,TSPYL2,1,0,1
445203,P03979,P12643,1,0.551219512195122,0.4016331565039173,0.4764263343495196,0,,,,,,,0,TRGV3,BMP2,0,1,1
445427,O60218,P05997,1,0.551219512195122,0.4016328801286519,0.476426196161887,0,,,,,,,0,AKR1B10,COL5A2,0,1,1
445903,A6NKL6,P04637,1,0.526829268292683,0.401633042968232,0.4642311556304574,0,,,,,,,0,TMEM200C,TP53,0,1,1
445991,P01258,P01258,1,0.8341463414634146,0.4087963209636332,0.6214713312135239,0,,,,,,,0,CALCA,CALCA,1,1,1
446041,A6NM43,P10415,1,0.551219512195122,0.401632888398521,0.4764262002968215,0,,,,,,,0,CCT8L1P,BCL2,0,1,1
446603,P01106,Q9P1V8,1,0.526829268292683,0.4016331388178382,0.4642312035552606,0,,,,,,,0,MYC,SAMD15,1,0,1
446817,A0A0B4J1U3,P04198,1,0.551219512195122,0.4016330986278211,0.4764263054114716,0,,,,,,,0,IGLV1-36,MYCN,0,1,1
446818,P12524,Q969J2,1,0.526829268292683,0.4016332269499233,0.4642312476213031,0,,,,,,,0,MYCL,ZKSCAN4,1,0,1
449023,A8MUP6,P02461,1,0.526829268292683,0.401681139260317,0.4642552037765,0,,,,,,,0,GSG1L2,COL3A1,0,1,1
450005,Q04206,Q56P03,1,0.551219512195122,0.4016329772995901,0.476426244747356,0,,,,,,,0,RELA,EAPP,1,0,1
450154,P02452,P11166,1,0.551219512195122,0.4016331246013156,0.4764263183982188,0,,,,,,,0,COL1A1,SLC2A1,1,0,1
450333,P10415,Q8TES7,1,0.551219512195122,0.4016328680747457,0.4764261901349338,0,,,,,,,0,BCL2,FBF1,1,0,1
450627,P12643,Q86TY3,1,0.5365853658536585,0.4016331575391526,0.4691092616964055,0,,,,,,,0,BMP2,ARMH4,1,0,1
450857,P10415,Q8IZJ4,1,0.526829268292683,0.4016331430722653,0.4642312056824741,0,,,,,,,0,BCL2,RGL4,1,0,1
451466,P02452,Q99705,1,0.526829268292683,0.4016332622339023,0.4642312652632926,0,,,,,,,0,COL1A1,MCHR1,1,0,1
451492,P31749,Q9ULE3,1,0.551219512195122,0.4016330526412385,0.4764262824181802,0,,,,,,,0,AKT1,DENND2A,1,0,1
451970,P06401,Q5TB80,1,0.551219512195122,0.4016328829068979,0.4764261975510099,0,,,,,,,0,PGR,CEP162,1,0,1
452100,P10415,Q14203,1,0.526829268292683,0.4016811091751727,0.4642551887339278,0,,,,,,,0,BCL2,DCTN1,1,0,1
452166,P05997,Q5T036,1,0.526829268292683,0.4016812299556844,0.4642552491241837,0,,,,,,,0,COL5A2,FAM120AOS,1,0,1
453000,P04198,Q86WR6,1,0.526829268292683,0.4016331282022677,0.4642311982474753,0,,,,,,,0,MYCN,CHCT1,1,0,1
453662,P43235,Q14CM0,1,0.526829268292683,0.4016811727795797,0.4642552205361313,0,,,,,,,0,CTSK,FRMPD4,1,0,1
453877,P31749,Q15643,1,0.551219512195122,0.4016327834647105,0.4764261478299162,0,,,,,,,0,AKT1,TRIP11,1,0,1
453995,P02818,Q15233,1,0.551219512195122,0.4016330275228366,0.4764262698589793,0,,,,,,,0,BGLAP,NONO,1,0,1
454521,P02818,Q02086,1,0.551219512195122,0.4016330488258989,0.4764262805105104,0,,,,,,,0,BGLAP,SP2,1,0,1
454691,P04004,Q9Y4K4,1,0.551219512195122,0.4016329074892609,0.4764262098421914,0,,,,,,,0,VTN,MAP4K5,1,0,1
454993,P05997,Q6IB77,1,0.551219512195122,0.4016328674014979,0.47642618979831,0,,,,,,,0,COL5A2,GLYAT,1,0,1
455507,P25940,Q9BR76,1,0.551219512195122,0.4016328811259135,0.4764261966605178,0,,,,,,,0,COL5A3,CORO1B,1,0,1
455617,P01824,P12643,1,0.551219512195122,0.4016330955702744,0.4764263038826982,0,,,,,,,0,IGHV4-39,BMP2,0,1,1
456112,P23219,Q14692,1,0.551219512195122,0.4016329028562463,0.4764262075256841,0,,,,,,,0,PTGS1,BMS1,1,0,1
456440,O14490,P12931,1,0.551219512195122,0.4016328814883864,0.4764261968417542,0,,,,,,,0,DLGAP1,SRC,0,1,1
457255,O75452,P02461,1,0.551219512195122,0.4016328993366432,0.4764262057658825,0,,,,,,,0,RDH16,COL3A1,0,1,1
457658,P05997,P27701,1,0.551219512195122,0.4016330602072528,0.4764262862011874,0,,,,,,,0,COL5A2,CD82,1,0,1
459395,P42574,Q99496,1,0.526829268292683,0.4016333620138077,0.4642313151532453,0,,,,,,,0,CASP3,RNF2,1,0,1
460048,P08123,Q8N205,1,0.5219512195121951,0.4016811346156491,0.4618161770639221,0,,,,,,,0,COL1A2,SYNE4,1,0,1
460357,O76074,P43235,1,0.551219512195122,0.4016329420021601,0.476426227098641,0,,,,,,,0,PDE5A,CTSK,0,1,1
461079,Q04206,Q9H344,1,0.551219512195122,0.4016332487935269,0.4764263804943244,0,,,,,,,0,RELA,OR51I2,1,0,1
461625,O15209,Q9UNN8,1,0.551219512195122,0.4016330682320214,0.4764262902135717,0,,,,,,,0,ZBTB22,PROCR,0,1,1
461874,A8MZ26,P01106,1,0.551219512195122,0.4016332307386514,0.4764263714668867,0,,,,,,,0,EFCAB9,MYC,0,1,1
461975,P31749,Q9P2H0,1,0.551219512195122,0.4016330107758112,0.4764262614854666,0,,,,,,,0,AKT1,CEP126,1,0,1
462400,P02461,P43121,1,0.526829268292683,0.4016332575304589,0.4642312629115709,0,,,,,,,0,COL3A1,MCAM,1,0,1
462588,P21854,P25940,1,0.551219512195122,0.4016328556223654,0.4764261839087437,0,,,,,,,0,CD72,COL5A3,0,1,1
462623,P04637,Q9NRV9,1,0.551219512195122,0.4016330868270817,0.4764262995111018,0,,,,,,,0,TP53,HEBP1,1,0,1
462963,P25940,Q6DN72,1,0.551219512195122,0.4016328148724081,0.476426163533765,0,,,,,,,0,COL5A3,FCRL6,1,0,1
463151,P02452,Q7Z7G1,1,0.551219512195122,0.4016328996573602,0.4764262059262411,0,,,,,,,0,COL1A1,CLNK,1,0,1
463198,P34972,Q58F21,1,0.5219512195121951,0.4016812822758752,0.4618162508940351,0,,,,,,,0,CNR2,BRDT,1,0,1
463427,P01258,Q9H1K6,1,0.551219512195122,0.4016329331222739,0.4764262226586979,0,,,,,,,0,CALCA,TLNRD1,1,0,1
463843,Q5VSY0,Q9BQB4,1,0.551219512195122,0.4016330068051745,0.4764262595001483,0,,,,,,,0,GKAP1,SOST,0,1,1
464169,O95772,P12643,1,0.5365853658536585,0.4016332865061824,0.4691093261799204,0,,,,,,,0,STARD3NL,BMP2,0,1,1
464177,O14788,P52736,1,0.551219512195122,0.4016329281382514,0.4764262201666867,0,,,,,,,0,TNFSF11,ZNF133,1,0,1
464588,P49841,Q9UNA4,1,0.551219512195122,0.4016329278325883,0.4764262200138551,0,,,,,,,0,GSK3B,POLI,1,0,1
464841,O75159,P02461,1,0.551219512195122,0.4016329996158962,0.4764262559055091,0,,,,,,,0,SOCS5,COL3A1,0,1,1
465017,P02818,P0CAP2,1,0.526829268292683,0.4016332393752347,0.4642312538339588,0,,,,,,,0,BGLAP,POLR2M,1,0,1
465255,P02461,Q5T6V5,1,0.551219512195122,0.4016329705297162,0.476426241362419,0,,,,,,,0,COL3A1,C9orf64,1,0,1
465776,Q04206,Q96RD1,1,0.526829268292683,0.4016333129254151,0.464231290609049,0,,,,,,,0,RELA,OR6C1,1,0,1
466592,P02452,Q8N465,1,0.551219512195122,0.4016329390024182,0.4764262255987701,0,,,,,,,0,COL1A1,D2HGDH,1,0,1
466891,P20908,P47870,1,0.526829268292683,0.4016812881662213,0.4642552782294521,0,,,,,,,0,COL5A1,GABRB2,1,0,1
466904,O75185,P17612,1,0.551219512195122,0.4016328265591332,0.4764261693771275,0,,,,,,,0,ATP2C2,PRKACA,0,1,1
467064,P05997,Q8TED0,1,0.5219512195121951,0.4016811918040116,0.4618162056581033,0,,,,,,,0,COL5A2,UTP15,1,0,1
467235,P25940,Q674X7,1,0.551219512195122,0.401632973632778,0.4764262429139499,0,,,,,,,0,COL5A3,KAZN,1,0,1
468174,P06401,Q86YG4,1,0.551219512195122,0.4016329109405379,0.4764262115678299,0,,,,,,,0,PGR,NT5DC4,1,0,1
468936,P05997,P36406,1,0.551219512195122,0.4016328936968127,0.4764262029459674,0,,,,,,,0,COL5A2,TRIM23,1,0,1
469085,P05412,P62312,1,0.551219512195122,0.4016329847440334,0.4764262484695777,0,,,,,,,0,JUN,LSM6,1,0,1
469763,P31749,Q9UEG4,1,0.551219512195122,0.4016329477735119,0.4764262299843169,0,,,,,,,0,AKT1,ZNF629,1,0,1
470376,P20908,P53634,1,0.5219512195121951,0.4016811386061224,0.4618161790591588,0,,,,,,,0,COL5A1,CTSC,1,0,1
470416,P31749,Q8WV41,1,0.526829268292683,0.4016331347898393,0.4642312015412611,0,,,,,,,0,AKT1,SNX33,1,0,1
470426,P06401,P54868,1,0.551219512195122,0.4016329919355502,0.476426252065336,0,,,,,,,0,PGR,HMGCS2,1,0,1
470915,P12755,P17612,1,0.551219512195122,0.4016329361883083,0.4764262241917151,1,0.0141342756183745,,,,,,0,SKI,PRKACA,0,1,1
473427,P04637,Q92541,1,0.551219512195122,0.4016327786287146,0.4764261454119183,0,,,,,,,0,TP53,RTF1,1,0,1
473915,P10275,P10275,1,0.8682926829268293,0.4116011300388016,0.6399469064828154,0,,,,,,,0,AR,AR,1,1,1
474403,P23219,Q8NI08,1,0.551219512195122,0.4016331215082012,0.4764263168516616,0,,,,,,,0,PTGS1,NCOA7,1,0,1
475011,P18075,P18075,1,0.8146341463414634,0.4003572107018514,0.6074956785216574,0,,,,,,,0,BMP7,BMP7,1,1,1
475863,P19838,Q9UJA3,1,0.551219512195122,0.4016329973842885,0.4764262547897052,0,,,,,,,0,NFKB1,MCM8,1,0,1
475908,P02818,Q9NSD4,1,0.551219512195122,0.4016330118786612,0.4764262620368916,0,,,,,,,0,BGLAP,ZNF275,1,0,1
475913,P08123,Q16719,1,0.551219512195122,0.4016332014777241,0.476426356836423,0,,,,,,,0,COL1A2,KYNU,1,0,1
475936,Q8IYE1,Q9BQB4,1,0.551219512195122,0.401632998176555,0.4764262551858385,0,,,,,,,0,CCDC13,SOST,0,1,1
476268,P43235,Q96SN8,1,0.5219512195121951,0.4016811852306021,0.4618162023713986,0,,,,,,,0,CTSK,CDK5RAP2,1,0,1
476370,Q04206,Q9C0I3,1,0.551219512195122,0.4016330027233632,0.4764262574592426,0,,,,,,,0,RELA,CCSER1,1,0,1
477142,A7MCY6,P18075,1,0.526829268292683,0.4016332810802229,0.4642312746864529,0,,,,,,,0,TBKBP1,BMP7,0,1,1
477313,P04198,Q8N945,1,0.526829268292683,0.4016332119099201,0.4642312401013015,0,,,,,,,0,MYCN,PRELID2,1,0,1
478422,P43235,Q8TBE0,1,0.551219512195122,0.4016330192966584,0.4764262657458902,0,,,,,,,0,CTSK,BAHD1,1,0,1
478469,Q86U38,Q9UNN8,1,0.551219512195122,0.4016328808090315,0.4764261965020767,0,,,,,,,0,NOP9,PROCR,0,1,1
478529,P02452,P18887,1,0.551219512195122,0.4016328198443709,0.4764261660197464,0,,,,,,,0,COL1A1,XRCC1,1,0,1
478589,P05997,Q9NU63,1,0.551219512195122,0.4016327920522882,0.4764261521237051,0,,,,,,,0,COL5A2,ZFP57,1,0,1
478730,O75665,P12524,1,0.5219512195121951,0.4016812951501352,0.4618162573311651,0,,,,,,,0,OFD1,MYCL,0,1,1
