,uidA,uidB,Predicted Classes,Probability Score,Regression Value,mean_prob_aff,stringdb_check,score_norm,uidA_irefindex,uidB_irefindex,method,Host_organism_taxid,numParticipants,irefindex_check,GeneA,GeneB,OP_A,OP_B,OP_check
3,Q9NRM2,P37275,1,0.5219512195121951,0.4016031629251749,0.461777191218685,0,,,,,,,0,ZNF277,ZEB1,0,0,0
12,Q9NRM2,Q9H3U1,1,0.526829268292683,0.4015549338937073,0.4641921010931951,0,,,,,,,0,ZNF277,UNC45A,0,0,0
17,Q15459,Q15642,1,0.7609756097560976,0.4012277685819648,0.5811016891690312,0,,,,,,,0,SF3A1,TRIP10,0,0,0
21,Q9NRM2,Q8NFC6,1,0.526829268292683,0.4016028718741609,0.4642160700834219,0,,,,,,,0,ZNF277,BOD1L1,0,0,0
23,Q9NRM2,Q8N2N9,1,0.526829268292683,0.4016029740321885,0.4642161211624357,0,,,,,,,0,ZNF277,ANKRD36B,0,0,0
30,Q15459,Q6P4F7,1,0.7609756097560976,0.4012277441028105,0.581101676929454,0,,,,,,,0,SF3A1,ARHGAP11A,0,0,0
31,Q15459,Q9UMS4,1,0.7609756097560976,0.4012270273228023,0.5811013185394499,0,,,,,,,0,SF3A1,PRPF19,0,0,0
37,Q15459,Q15022,1,0.7414634146341462,0.4010501929906827,0.5712568038124144,0,,,,,,,0,SF3A1,SUZ12,0,0,0
39,Q15459,Q13163,1,0.526829268292683,0.4015551165323037,0.4641921924124933,0,,,,,,,0,SF3A1,MAP2K5,0,0,0
90,Q9UK59,O43463,1,0.5219512195121951,0.401554904245462,0.4617530618788286,0,,,,,,,0,DBR1,SUV39H1,0,0,0
93,Q9UK59,Q9UKF6,1,0.5365853658536585,0.4015558847024956,0.469070625278077,0,,,,,,,0,DBR1,CPSF3,0,0,0
100,Q9UK59,Q86VH2,1,0.551219512195122,0.4015548412016125,0.4763871766983673,0,,,,,,,0,DBR1,KIF27,0,0,0
114,A6NM76,A6NKW6,1,0.5219512195121951,0.4015555816643502,0.4617534005882726,0,,,,,,,0,OR6C76,SHISAL2B,0,0,0
182,A6NM76,Q9C0I3,1,0.551219512195122,0.4015547371170139,0.4763871246560679,0,,,,,,,0,OR6C76,CCSER1,0,0,0
242,A6NM76,P52298,1,0.5219512195121951,0.4015555706532241,0.4617533950827096,0,,,,,,,0,OR6C76,NCBP2,0,0,0
356,A6NM76,Q9BSU3,1,0.5365853658536585,0.4015563573558624,0.4690708616047604,0,,,,,,,0,OR6C76,NAA11,0,0,0
404,Q15459,P32754,1,0.551219512195122,0.4015546909578443,0.4763871015764831,0,,,,,,,0,SF3A1,HPD,0,0,0
406,A6NM76,O43567,1,0.551219512195122,0.4015559929027006,0.4763877525489113,0,,,,,,,0,OR6C76,RNF13,0,0,0
495,A6NM76,Q96BR5,1,0.5219512195121951,0.4015565501780832,0.4617538848451392,0,,,,,,,0,OR6C76,COA7,0,0,0
549,A6NM76,Q5JRM2,1,0.5365853658536585,0.4015579874689001,0.4690716766612792,0,,,,,,,0,OR6C76,CXorf66,0,0,0
601,Q15459,Q9P2F5,1,0.5365853658536585,0.4015547724024636,0.469070069128061,0,,,,,,,0,SF3A1,STOX2,0,0,0
603,Q15459,Q99457,1,0.551219512195122,0.4015544687227069,0.4763869904589144,0,,,,,,,0,SF3A1,NAP1L3,0,0,0
608,P54136,Q96NI8,1,0.551219512195122,0.4015551527858758,0.4763873324904989,0,,,,,,,0,RARS1,ZNF570,0,0,0
629,P54136,Q9P0L2,1,0.551219512195122,0.4015551666652043,0.4763873394301631,0,,,,,,,0,RARS1,MARK1,0,0,0
687,P54136,P16284,1,0.5219512195121951,0.4015557571353646,0.4617534883237799,0,,,,,,,0,RARS1,PECAM1,0,0,0
733,Q15459,Q16222,1,0.551219512195122,0.401554821005883,0.4763871666005025,0,,,,,,,0,SF3A1,UAP1,0,0,0
742,P54136,Q9Y236,1,0.551219512195122,0.4015545476393293,0.4763870299172256,0,,,,,,,0,RARS1,OSGIN2,0,0,0
753,P54136,O15466,1,0.551219512195122,0.40155462725522,0.476387069725171,0,,,,,,,0,RARS1,ST8SIA5,0,0,0
761,P54136,Q8TB24,1,0.7853658536585365,0.401554757151414,0.5934603054049752,0,,,,,,,0,RARS1,RIN3,0,0,0
798,P54136,Q58F21,1,0.551219512195122,0.4015547880416673,0.4763871501183946,0,,,,,,,0,RARS1,BRDT,0,0,0
800,Q15459,Q13115,1,0.7268292682926829,0.4013062748666652,0.564067771579674,0,,,,,,,0,SF3A1,DUSP4,0,0,0
802,Q15459,Q96MK3,1,0.551219512195122,0.4015552061927181,0.47638735919392,0,,,,,,,0,SF3A1,FAM20A,0,0,0
816,P54136,Q9BR76,1,0.7853658536585365,0.4014155208399285,0.5933906872492325,0,,,,,,,0,RARS1,CORO1B,0,0,0
817,P54136,Q99496,1,0.7268292682926829,0.4013061915213406,0.5640677299070118,0,,,,,,,0,RARS1,RNF2,0,0,0
847,P54136,P50747,1,0.5219512195121951,0.4015551473024987,0.4617531834073469,0,,,,,,,0,RARS1,HLCS,0,0,0
856,P54136,P52737,1,0.526829268292683,0.4015558690009799,0.4641925686468314,0,,,,,,,0,RARS1,ZNF136,0,0,0
878,P54136,P40879,1,0.5365853658536585,0.4015548991461657,0.4690701324999121,0,,,,,,,0,RARS1,SLC26A3,0,0,0
890,P54136,P14923,1,0.5219512195121951,0.4015552415376041,0.4617532305248996,0,,,,,,,0,RARS1,JUP,0,0,0
966,P54136,Q8N6G5,1,0.526829268292683,0.4015546435827365,0.4641919559377097,0,,,,,,,0,RARS1,CSGALNACT2,0,0,0
994,Q15459,O00232,1,0.551219512195122,0.4015549824578037,0.4763872473264628,0,,,,,,,0,SF3A1,PSMD12,0,0,0
1008,P54136,P10515,1,0.775609756097561,0.4014077480814756,0.5885087520895183,0,,,,,,,0,RARS1,DLAT,0,0,0
1045,P54136,Q6XPS3,1,0.526829268292683,0.4015546867009503,0.4641919774968166,0,,,,,,,0,RARS1,TPTE2,0,0,0
1096,P54136,Q9BZQ8,1,0.551219512195122,0.4015546739701356,0.4763870930826288,0,,,,,,,0,RARS1,NIBAN1,0,0,0
1102,P54136,O95994,1,0.7268292682926829,0.4013062158509442,0.5640677420718135,0,,,,,,,0,RARS1,AGR2,0,0,0
1171,Q9BSW7,Q15642,1,0.526829268292683,0.401555057846159,0.464192163069421,0,,,,,,,0,SYT17,TRIP10,0,0,0
1176,Q15459,Q9NY27,1,0.7268292682926829,0.4013060715764326,0.5640676699345577,0,,,,,,,0,SF3A1,PPP4R2,0,0,0
1204,Q9BSW7,P48146,1,0.526829268292683,0.4015553606684391,0.464192314480561,0,,,,,,,0,SYT17,NPBWR2,0,0,0
1206,Q15459,Q99496,1,0.7268292682926829,0.4013062255906747,0.5640677469416788,0,,,,,,,0,SF3A1,RNF2,0,0,0
1210,Q15459,Q9NQI0,1,0.5219512195121951,0.4015548079961082,0.4617530137541517,0,,,,,,,0,SF3A1,DDX4,0,0,0
1240,Q9BSW7,Q9HB14,1,0.5219512195121951,0.4015547452308955,0.4617529823715453,0,,,,,,,0,SYT17,KCNK13,0,0,0
1246,Q9BSW7,Q8WVN8,1,0.5219512195121951,0.4015550413648641,0.4617531304385296,0,,,,,,,0,SYT17,UBE2Q2,0,0,0
1250,Q15459,Q16719,1,0.551219512195122,0.4015553336874907,0.4763874229413063,0,,,,,,,0,SF3A1,KYNU,0,0,0
1280,Q9BSW7,Q8WVV4,1,0.7853658536585365,0.4014155745681239,0.5933907141133302,0,,,,,,,0,SYT17,POF1B,0,0,0
1283,Q9BSW7,O75829,1,0.526829268292683,0.4015552976656052,0.464192282979144,0,,,,,,,0,SYT17,CNMD,0,0,0
1312,Q9BSW7,Q0VG06,1,0.551219512195122,0.4015547787185461,0.476387145456834,0,,,,,,,0,SYT17,FAAP100,0,0,0
1313,Q9BSW7,Q7Z4V0,1,0.7463414634146343,0.4013058711098263,0.5738236672622303,0,,,,,,,0,SYT17,ZNF438,0,0,0
1326,Q9BSW7,O95154,1,0.526829268292683,0.4015548030167545,0.4641920356547187,0,,,,,,,0,SYT17,AKR7A3,0,0,0
1334,Q15459,P35453,1,0.526829268292683,0.4015547361637915,0.4641920022282372,0,,,,,,,0,SF3A1,HOXD13,0,0,0
1342,Q9BSW7,P18887,1,0.526829268292683,0.4015554239928111,0.464192346142747,0,,,,,,,0,SYT17,XRCC1,0,0,0
1343,Q9BSW7,O43852,1,0.551219512195122,0.4015552971401332,0.4763874046676276,0,,,,,,,0,SYT17,CALU,0,0,0
1354,Q9BSW7,Q7Z7G1,1,0.551219512195122,0.401557062442647,0.4763882873188845,0,,,,,,,0,SYT17,CLNK,0,0,0
1360,Q9BSW7,O14793,1,0.551219512195122,0.4015552310188069,0.4763873716069644,0,,,,,,,0,SYT17,MSTN,0,0,0
1364,Q9BSW7,P36980,1,0.551219512195122,0.401555092531855,0.4763873023634885,0,,,,,,,0,SYT17,CFHR2,0,0,0
1369,Q9BSW7,Q99705,1,0.526829268292683,0.4015551338704924,0.4641922010815876,0,,,,,,,0,SYT17,MCHR1,0,0,0
1373,Q15459,Q00325,1,0.551219512195122,0.4016332312695364,0.4764263717323291,0,,,,,,,0,SF3A1,SLC25A3,0,0,0
1387,Q9BSW7,Q9BYQ4,1,0.5219512195121951,0.4013066518903907,0.4616289357012929,0,,,,,,,0,SYT17,KRTAP9-2,0,0,0
1401,Q9BSW7,Q9HBW0,1,0.5219512195121951,0.4015556708103229,0.461753445161259,0,,,,,,,0,SYT17,LPAR2,0,0,0
1405,Q9BSW7,P60411,1,0.5219512195121951,0.4013067284622783,0.4616289739872367,0,,,,,,,0,SYT17,KRTAP10-9,0,0,0
1415,Q86YF9,Q16651,1,0.551219512195122,0.4015547108649169,0.4763871115300194,0,,,,,,,0,DZIP1,PRSS8,0,0,0
1424,Q15459,Q96NX5,1,0.551219512195122,0.4015552125353585,0.4763873623652402,0,,,,,,,0,SF3A1,CAMK1G,0,0,0
1431,Q9BSW7,O00755,1,0.526829268292683,0.4015554782726594,0.4641923732826711,0,,,,,,,0,SYT17,WNT7A,0,0,0
1433,Q9BSW7,Q969X2,1,0.551219512195122,0.4015552913094588,0.4763874017522904,0,,,,,,,0,SYT17,ST6GALNAC6,0,0,0
1437,Q9BSW7,Q15777,1,0.551219512195122,0.4015550603805697,0.4763872862878459,0,,,,,,,0,SYT17,MPPED2,0,0,0
1463,Q9BSW7,Q330K2,1,0.526829268292683,0.4015549541030735,0.4641921111978782,0,,,,,,,0,SYT17,NDUFAF6,0,0,0
1477,Q9BSW7,Q9NYA3,1,0.7317073170731707,0.4013211553699226,0.5665142362215466,0,,,,,,,0,SYT17,GOLGA6A,0,0,0
1485,Q9BSW7,P49682,1,0.5219512195121951,0.4015561098813727,0.4617536646967839,0,,,,,,,0,SYT17,CXCR3,0,0,0
1500,Q9BSW7,Q9GZK6,1,0.551219512195122,0.4015555887051062,0.4763875504501141,0,,,,,,,0,SYT17,OR2J1,0,0,0
1503,Q9BSW7,Q9P104,1,0.526829268292683,0.401554888802115,0.4641920785473989,0,,,,,,,0,SYT17,DOK5,0,0,0
1507,Q9BSW7,P12235,1,0.526829268292683,0.4015550560192379,0.4641921621559604,0,,,,,,,0,SYT17,SLC25A4,0,0,0
1524,Q9BSW7,P49756,1,0.5365853658536585,0.4015550264831197,0.4690701961683891,0,,,,,,,0,SYT17,RBM25,0,0,0
1531,Q15459,Q7Z602,1,0.551219512195122,0.4016334149100168,0.4764264635525694,0,,,,,,,0,SF3A1,GPR141,0,0,0
1539,Q9BSW7,P25024,1,0.526829268292683,0.4015558411642029,0.4641925547284429,0,,,,,,,0,SYT17,CXCR1,0,0,0
1571,Q15459,Q8NFQ6,1,0.551219512195122,0.4015555350369657,0.4763875236160438,0,,,,,,,0,SF3A1,BPIFC,0,0,0
1619,Q15459,Q9BYV6,1,0.7268292682926829,0.401306289911426,0.5640677791020544,0,,,,,,,0,SF3A1,TRIM55,0,0,0
1646,Q5TCQ9,P19021,1,0.551219512195122,0.4015549286220558,0.4763872204085889,0,,,,,,,0,MAGI3,PAM,0,0,0
1740,Q5TCQ9,O60602,1,0.551219512195122,0.401555065048348,0.4763872886217349,0,,,,,,,0,MAGI3,TLR5,0,0,0
1757,Q15459,Q96A11,1,0.551219512195122,0.4016333519997201,0.4764264320974211,0,,,,,,,0,SF3A1,GAL3ST3,0,0,0
1891,Q15459,P67775,1,0.551219512195122,0.401554877705364,0.476387194950243,0,,,,,,,0,SF3A1,PPP2CA,0,0,0
1934,Q15459,Q8NGU1,1,0.551219512195122,0.4015551144256236,0.4763873133103727,0,,,,,,,0,SF3A1,OR9A1P,0,0,0
1937,Q15459,Q6QN14,1,0.551219512195122,0.4015549635214585,0.4763872378582902,0,,,,,,,0,SF3A1,USP17L6P,0,0,0
1963,O76036,O15211,1,0.551219512195122,0.4015547208090601,0.476387116502091,0,,,,,,,0,NCR1,RGL2,0,0,0
1983,O76036,Q8TC44,1,0.551219512195122,0.4015553109967072,0.4763874115959146,0,,,,,,,0,NCR1,POC1B,0,0,0
1994,O76036,Q5MNV8,1,0.551219512195122,0.4015556916839284,0.4763876019395252,0,,,,,,,0,NCR1,FBXO47,0,0,0
2002,Q15459,Q9BQA1,1,0.8243902439024391,0.4015306329973965,0.6129604384499178,0,,,,,,,0,SF3A1,WDR77,0,0,0
2004,Q15459,Q8WWZ8,1,0.551219512195122,0.4015551120338209,0.4763873121144714,0,,,,,,,0,SF3A1,OIT3,0,0,0
2022,O76036,H7BZ55,1,0.5219512195121951,0.4016028797654251,0.4617770496388101,0,,,,,,,0,NCR1,CROCC2,0,0,0
2029,O76036,Q8TB24,1,0.5219512195121951,0.4016030840679925,0.4617771517900938,0,,,,,,,0,NCR1,RIN3,0,0,0
2036,O76036,Q13495,1,0.551219512195122,0.4015549369860994,0.4763872245906106,0,,,,,,,0,NCR1,MAMLD1,0,0,0
2037,O76036,Q58F21,1,0.5219512195121951,0.40160303143379,0.4617771254729925,0,,,,,,,0,NCR1,BRDT,0,0,0
2043,Q15459,Q92966,1,0.551219512195122,0.4015549398786953,0.4763872260369086,0,,,,,,,0,SF3A1,SNAPC3,0,0,0
2078,O76036,P98077,1,0.526829268292683,0.4015551868135966,0.4641922275531397,0,,,,,,,0,NCR1,SHC2,0,0,0
2095,O76036,Q9Y4R8,1,0.551219512195122,0.4015549165761868,0.4763872143856544,0,,,,,,,0,NCR1,TELO2,0,0,0
2098,O76036,Q8NF37,1,0.526829268292683,0.4015549508660999,0.4641921095793914,0,,,,,,,0,NCR1,LPCAT1,0,0,0
2101,Q86YF9,P0CB48,1,0.551219512195122,0.4015548269008556,0.4763871695479887,0,,,,,,,0,DZIP1,UBTFL6,0,0,0
2107,Q8WVR3,P82094,1,0.551219512195122,0.4015547176430863,0.4763871149191041,0,,,,,,,0,TRAPPC14,TMF1,0,0,0
2109,Q8WVR3,Q14507,1,0.551219512195122,0.4015547916790193,0.4763871519370706,0,,,,,,,0,TRAPPC14,EDDM3A,0,0,0
2111,Q8WVR3,A0A3B3IU46,1,0.551219512195122,0.4015551568087757,0.4763873345019488,0,,,,,,,0,TRAPPC14,RAMACL,0,0,0
2123,Q15459,Q8IVV7,1,0.551219512195122,0.4015548438058426,0.4763871780004823,0,,,,,,,0,SF3A1,GID4,0,0,0
2129,Q8WVR3,Q08378,1,0.551219512195122,0.4015546975527923,0.4763871048739571,0,,,,,,,0,TRAPPC14,GOLGA3,0,0,0
2134,Q8WVR3,Q9BTL3,1,0.551219512195122,0.4015551570013959,0.4763873345982589,0,,,,,,,0,TRAPPC14,RAMAC,0,0,0
2136,Q15459,P35269,1,0.7268292682926829,0.4013072036829519,0.5640682359878174,0,,,,,,,0,SF3A1,GTF2F1,0,0,0
2149,Q8WVR3,O43290,1,0.7414634146341462,0.4013704005343875,0.5714169075842669,0,,,,,,,0,TRAPPC14,SART1,0,0,0
2150,Q15459,P52272,1,0.7268292682926829,0.401372522448625,0.5641008953706539,0,,,,,,,0,SF3A1,HNRNPM,0,0,0
2156,P13686,Q76L83,1,0.551219512195122,0.4016331939182055,0.4764263530566637,0,,,,,,,0,ACP5,ASXL2,0,0,0
2161,P13686,P30101,1,0.7219512195121951,0.4013234695657615,0.5616373445389783,0,,,,,,,0,ACP5,PDIA3,0,0,0
2165,P13686,Q14005,1,0.551219512195122,0.4016332244806535,0.4764263683378877,0,,,,,,,0,ACP5,IL16,0,0,0
2166,P13686,P62714,1,0.8097560975609756,0.4009137899111895,0.6053349437360825,0,,,,,,,0,ACP5,PPP2CB,0,0,0
2167,P13686,Q96BR5,1,0.7268292682926829,0.4015080157483807,0.5641686420205319,0,,,,,,,0,ACP5,COA7,0,0,0
2338,Q15459,P31271,1,0.5219512195121951,0.4015549076347541,0.4617530635734746,0,,,,,,,0,SF3A1,HOXA13,0,0,0
2342,Q15459,Q15759,1,0.5365853658536585,0.4015552000098452,0.4690702829317518,0,,,,,,,0,SF3A1,MAPK11,0,0,0
2343,Q15459,Q8NCB2,1,0.526829268292683,0.4015546837986869,0.4641919760456849,0,,,,,,,0,SF3A1,CAMKV,0,0,0
2386,Q15459,O43290,1,0.7268292682926829,0.4016462831779221,0.5642377757353025,0,,,,,,,0,SF3A1,SART1,0,0,0
2405,A6NJV1,P50749,1,0.526829268292683,0.4015554356087271,0.464192351950705,0,,,,,,,0,FAM166C,RASSF2,0,0,0
2436,A6NJV1,Q6P1N0,1,0.526829268292683,0.401633186439974,0.4642312273663285,0,,,,,,,0,FAM166C,CC2D1A,0,0,0
2467,A6NJV1,Q9P2F9,1,0.526829268292683,0.4016330742457072,0.4642311712691951,0,,,,,,,0,FAM166C,ZNF319,0,0,0
2470,A6NJV1,Q6IEG0,1,0.5365853658536585,0.4016339273130441,0.4691096465833513,0,,,,,,,0,FAM166C,SNRNP48,0,0,0
2489,A6NJV1,Q8IVP9,1,0.551219512195122,0.4016333542638307,0.4764264332294763,0,,,,,,,0,FAM166C,ZNF547,0,0,0
2505,A6NJV1,Q9P1V8,1,0.551219512195122,0.4015546519374177,0.4763870820662698,0,,,,,,,0,FAM166C,SAMD15,0,0,0
2555,A6NJV1,P54278,1,0.551219512195122,0.4015547568966571,0.4763871345458895,0,,,,,,,0,FAM166C,PMS2,0,0,0
2608,A6NJV1,Q8IXK0,1,0.551219512195122,0.4015546481900035,0.4763870801925627,0,,,,,,,0,FAM166C,PHC2,0,0,0
2633,Q6T4R5,Q04917,1,0.7219512195121951,0.4013216713837539,0.5616364454479745,0,,,,,,,0,NHS,YWHAH,0,0,0
2648,Q9ULE4,Q12800,1,0.551219512195122,0.4015546859765441,0.476387099085833,0,,,,,,,0,FAM184B,TFCP2,0,0,0
2657,Q6T4R5,P17858,1,0.551219512195122,0.4015546824598914,0.4763870973275067,0,,,,,,,0,NHS,PFKL,0,0,0
2701,Q6T4R5,P35443,1,0.551219512195122,0.4015547553549518,0.4763871337750369,0,,,,,,,0,NHS,THBS4,0,0,0
2717,Q9ULE4,P13686,1,0.551219512195122,0.4015547956631599,0.4763871539291409,0,,,,,,,0,FAM184B,ACP5,0,0,0
2718,Q9ULE4,P0DMN0,1,0.526829268292683,0.4015549076655468,0.4641920879791149,0,,,,,,,0,FAM184B,SULT1A4,0,0,0
2735,Q6T4R5,Q9P2H5,1,0.551219512195122,0.4015550189398434,0.4763872655674827,0,,,,,,,0,NHS,USP35,0,0,0
2755,Q9ULE4,P50225,1,0.526829268292683,0.4015549223161223,0.4641920953044026,0,,,,,,,0,FAM184B,SULT1A1,0,0,0
2757,Q6T4R5,Q15437,1,0.551219512195122,0.4015549968989623,0.4763872545470421,0,,,,,,,0,NHS,SEC23B,0,0,0
2761,Q6T4R5,Q8IZP0,1,0.7268292682926829,0.4013215459249187,0.5640754071088008,0,,,,,,,0,NHS,ABI1,0,0,0
2765,Q6T4R5,O00206,1,0.526829268292683,0.4015550677378553,0.4641921680152691,0,,,,,,,0,NHS,TLR4,0,0,0
2799,Q6T4R5,Q9Y6Q2,1,0.526829268292683,0.4015549427458336,0.4641921055192582,0,,,,,,,0,NHS,STON1,0,0,0
2864,P0DMN0,P50225,1,0.8585365853658536,0.400335701636634,0.6294361435012439,0,,,,,,,0,SULT1A4,SULT1A1,0,0,0
2893,P0DMN0,O75185,1,0.551219512195122,0.4015548512024289,0.4763871816987755,0,,,,,,,0,SULT1A4,ATP2C2,0,0,0
2901,P0DMN0,Q32M84,1,0.551219512195122,0.4015550542836155,0.4763872832393687,0,,,,,,,0,SULT1A4,BTBD16,0,0,0
2938,P0DMN0,Q8N9U0,1,0.551219512195122,0.4015547532706024,0.4763871327328622,0,,,,,,,0,SULT1A4,TC2N,0,0,0
2944,P0DMN0,Q86SS6,1,0.551219512195122,0.4015548372387698,0.4763871747169459,0,,,,,,,0,SULT1A4,SYT9,0,0,0
2956,P0DMN0,Q76L83,1,0.551219512195122,0.4015548096737235,0.4763871609344227,0,,,,,,,0,SULT1A4,ASXL2,0,0,0
2962,P0DMN0,Q15777,1,0.8195121951219512,0.4003691385186534,0.6099406668203022,0,,,,,,,0,SULT1A4,MPPED2,0,0,0
2964,P0DMN0,Q14005,1,0.551219512195122,0.4015548622615015,0.4763871872283117,0,,,,,,,0,SULT1A4,IL16,0,0,0
2966,Q04917,P50749,1,0.7804878048780488,0.4015590866709519,0.5910234457745004,0,,,,,,,0,YWHAH,RASSF2,0,0,0
2967,Q04917,Q53SF7,1,0.7609756097560976,0.4012267928885634,0.5811012013223305,0,,,,,,,0,YWHAH,COBLL1,0,0,0
2968,Q04917,Q6NZY4,1,0.8195121951219512,0.4013076640647806,0.6104099295933658,1,0.0153121319199057,,,,,,0,YWHAH,ZCCHC8,0,0,0
2969,Q04917,Q9P0L2,1,0.7219512195121951,0.4013085601188799,0.5616298898155375,0,,,,,,,0,YWHAH,MARK1,0,0,0
2970,Q04917,Q9NRR6,1,0.7219512195121951,0.4013086247864227,0.5616299221493088,0,,,,,,,0,YWHAH,INPP5E,0,0,0
2971,Q04917,Q9P2M7,1,0.7414634146341462,0.4015293106825802,0.5714963626583632,0,,,,,,,0,YWHAH,CGN,0,0,0
2973,Q04917,Q9Y2J2,1,0.7268292682926829,0.4013066490676312,0.564067958680157,0,,,,,,,0,YWHAH,EPB41L3,0,0,0
2974,Q04917,O43900,1,0.7268292682926829,0.401307117211896,0.5640681927522895,0,,,,,,,0,YWHAH,PRICKLE3,0,0,0
2975,Q04917,Q8TC71,1,0.7268292682926829,0.4013070299356321,0.5640681491141575,0,,,,,,,0,YWHAH,SPATA18,0,0,0
2976,Q04917,Q6UUV7,1,0.7365853658536585,0.4015416229489483,0.5690634944013034,0,,,,,,,0,YWHAH,CRTC3,0,0,0
2977,Q04917,Q5T200,1,0.7268292682926829,0.4013212297591983,0.5640752490259406,0,,,,,,,0,YWHAH,ZC3H13,0,0,0
2978,Q04917,Q86XN8,1,0.7365853658536585,0.4015243196690983,0.5690548427613784,0,,,,,,,0,YWHAH,MEX3D,0,0,0
2980,Q04917,P85299,1,0.7170731707317073,0.4013236265049649,0.5591983986183361,0,,,,,,,0,YWHAH,PRR5,0,0,0
2982,Q04917,Q14966,1,0.7463414634146343,0.4015304748214174,0.5739359691180258,0,,,,,,,0,YWHAH,ZNF638,0,0,0
2984,Q04917,Q7L804,1,0.7463414634146343,0.4013941149117739,0.573867789163204,0,,,,,,,0,YWHAH,RAB11FIP2,0,0,0
2985,Q04917,O15530,1,0.8048780487804879,0.4013073677989855,0.6030927082897367,0,,,,,,,0,YWHAH,PDPK1,0,0,0
2986,Q04917,O75167,1,0.7804878048780488,0.4014073808773827,0.5909475928777157,0,,,,,,,0,YWHAH,PHACTR2,0,0,0
2987,Q04917,O96013,1,0.7414634146341462,0.4015296723454832,0.5714965434898147,0,,,,,,,0,YWHAH,PAK4,0,0,0
2990,Q04917,Q5TB80,1,0.7317073170731707,0.4013215261873885,0.5665144216302795,0,,,,,,,0,YWHAH,CEP162,0,0,0
2992,Q04917,Q6P1L5,1,0.775609756097561,0.4014105841371536,0.5885101701173573,0,,,,,,,0,YWHAH,FAM117B,0,0,0
2994,Q04917,O15056,1,0.7268292682926829,0.4013064161318564,0.5640678422122697,1,0.094228504122497,,,,,,0,YWHAH,SYNJ2,0,0,0
2996,Q04917,Q9GZU8,1,0.7268292682926829,0.402014329464195,0.564421798878439,1,0.0164899882214369,,,,,,0,YWHAH,PSME3IP1,0,0,0
2997,Q04917,P21580,1,0.7268292682926829,0.4013066289941103,0.5640679486433966,0,,,,,,,0,YWHAH,TNFAIP3,0,0,0
3001,Q04917,Q15648,1,0.8243902439024391,0.4013060498277417,0.6128481468650904,0,,,,,,,0,YWHAH,MED1,0,0,0
3002,Q04917,Q15643,1,0.7463414634146343,0.4015304334308553,0.5739359484227448,0,,,,,,,0,YWHAH,TRIP11,0,0,0
3003,Q04917,Q92622,1,0.7268292682926829,0.4013064658432738,0.5640678670679784,1,0.0494699646643109,,,,,,0,YWHAH,RUBCN,0,0,0
3005,Q04917,P62714,1,0.8292682926829269,0.4013733311750856,0.6153208119290062,0,,,,,,,0,YWHAH,PPP2CB,0,0,0
3007,Q04917,O95994,1,0.7268292682926829,0.4008470738357306,0.5638381710642068,1,0.0176678445229682,,,,,,0,YWHAH,AGR2,0,0,0
3009,Q04917,Q9H6H4,1,0.7268292682926829,0.401856200316364,0.5643427343045234,0,,,,,,,0,YWHAH,REEP4,0,0,0
3012,Q04917,Q15276,1,0.7463414634146343,0.4013934851891748,0.5738674743019045,0,,,,,,,0,YWHAH,RABEP1,0,0,0
3038,Q8N136,P60411,1,0.5219512195121951,0.4015070489192245,0.4617291342157098,0,,,,,,,0,DAW1,KRTAP10-9,0,0,0
3048,Q8N136,O94989,1,0.5365853658536585,0.4016331694729968,0.4691092676633276,0,,,,,,,0,DAW1,ARHGEF15,0,0,0
3049,Q8N136,O43463,1,0.8048780487804879,0.4011000243155147,0.6029890365480013,0,,,,,,,0,DAW1,SUV39H1,0,0,0
3059,Q9ULE4,Q8N9U0,1,0.526829268292683,0.4016330285457115,0.4642311484191972,0,,,,,,,0,FAM184B,TC2N,0,0,0
3073,Q9ULE4,Q86SS6,1,0.551219512195122,0.401554657906734,0.4763870850509279,0,,,,,,,0,FAM184B,SYT9,0,0,0
3087,O95157,Q92541,1,0.551219512195122,0.4016330863979079,0.4764262992965149,0,,,,,,,0,NXPH3,RTF1,0,0,0
3093,O95157,Q8TF50,1,0.526829268292683,0.4015549585452501,0.4641921134189665,0,,,,,,,0,NXPH3,ZNF526,0,0,0
3115,O95157,Q8IU60,1,0.7219512195121951,0.400786326065407,0.561368772788801,0,,,,,,,0,NXPH3,DCP2,0,0,0
3141,Q9NRZ9,Q8IXW5,1,0.7268292682926829,0.4013066450417717,0.5640679566672273,0,,,,,,,0,HELLS,RPAP2,0,0,0
3158,Q9NRZ9,Q9H6T3,1,0.7268292682926829,0.4013071952759295,0.5640682317843062,0,,,,,,,0,HELLS,RPAP3,0,0,0
3173,Q9NRZ9,Q99788,1,0.7268292682926829,0.4014563845454447,0.5641428264190638,0,,,,,,,0,HELLS,CMKLR1,0,0,0
3178,Q9NRZ9,Q8NHV4,1,0.7219512195121951,0.4014434271965993,0.5616973233543971,0,,,,,,,0,HELLS,NEDD1,0,0,0
3195,Q9NRZ9,Q9ULW0,1,0.7268292682926829,0.401415798523684,0.5641225334081834,0,,,,,,,0,HELLS,TPX2,0,0,0
3202,Q9ULE4,Q8IUF8,1,0.551219512195122,0.4016328494202674,0.4764261808076947,0,,,,,,,0,FAM184B,RIOX2,0,0,0
3278,P26441,O75716,1,0.7219512195121951,0.4014433204237986,0.5616972699679968,0,,,,,,,1,CNTF,STK16,0,0,0
3287,Q9ULE4,Q9HB89,1,0.551219512195122,0.4015548026187869,0.4763871574069545,0,,,,,,,0,FAM184B,NMUR1,0,0,0
3451,Q9ULE4,P58417,1,0.526829268292683,0.4015549225684088,0.4641920954305458,0,,,,,,,0,FAM184B,NXPH1,0,0,0
3629,Q8TF09,Q8WXA9,1,0.5219512195121951,0.4015552331901983,0.4617532263511967,0,,,,,,,0,DYNLRB2,SREK1,0,0,0
3709,Q9ULE4,A7MCY6,1,0.551219512195122,0.4015547059987483,0.4763871090969351,0,,,,,,,0,FAM184B,TBKBP1,0,0,0
3718,Q5T0F9,Q2TBA0,1,0.7268292682926829,0.4013067222793556,0.5640679952860193,0,,,,,,,0,CC2D1B,KLHL40,0,0,0
3723,Q5T0F9,Q14203,1,0.7268292682926829,0.4013216966927583,0.5640754824927205,0,,,,,,,0,CC2D1B,DCTN1,0,0,0
3728,Q5T0F9,A0A075B6I0,1,0.526829268292683,0.4015548792580144,0.4641920737753486,0,,,,,,,0,CC2D1B,IGLV8-61,0,0,0
3729,Q5T0F9,Q5JQF8,1,0.526829268292683,0.4015549212346627,0.4641920947636728,0,,,,,,,0,CC2D1B,PABPC1L2B,0,0,0
3730,Q5T0F9,A0A0K0K1G6,1,0.526829268292683,0.4015548138276507,0.4641920410601668,0,,,,,,,0,CC2D1B,TRBV10-3,0,0,0
3738,Q5T0F9,Q8TAC1,1,0.526829268292683,0.4015549493272151,0.464192108809949,0,,,,,,,0,CC2D1B,RFESD,0,0,0
3739,Q5T0F9,P85299,1,0.526829268292683,0.401554860856277,0.46419206457448,0,,,,,,,0,CC2D1B,PRR5,0,0,0
3740,Q5T0F9,Q9BT43,1,0.526829268292683,0.4015548769972366,0.4641920726449597,0,,,,,,,0,CC2D1B,POLR3GL,0,0,0
3751,Q5T0F9,Q5VYY1,1,0.526829268292683,0.4015550021793845,0.4641921352360337,0,,,,,,,0,CC2D1B,ANKRD22,0,0,0
3759,Q5T0F9,Q6UWW0,1,0.551219512195122,0.4015546866470746,0.4763870994210983,0,,,,,,,0,CC2D1B,LCN15,0,0,0
3768,Q5T0F9,Q9NW07,1,0.526829268292683,0.4015547997782607,0.4641920340354718,0,,,,,,,0,CC2D1B,ZNF358,0,0,0
3776,Q5T0F9,Q12972,1,0.551219512195122,0.4015546533931153,0.4763870827941187,0,,,,,,,0,CC2D1B,PPP1R8,0,0,0
3784,P50749,Q6P1N0,1,0.526829268292683,0.4015547869782856,0.4641920276354843,0,,,,,,,0,RASSF2,CC2D1A,0,0,0
3788,P50749,Q02297,1,0.526829268292683,0.4015550585381936,0.4641921634154383,0,,,,,,,0,RASSF2,NRG1,0,0,0
3796,P50749,Q7Z7B0,1,0.551219512195122,0.4015546757488821,0.4763870939720021,0,,,,,,,0,RASSF2,FILIP1,0,0,0
3801,P50749,Q13188,1,0.8048780487804879,0.4013067639801422,0.603092406380315,0,,,,,,,0,RASSF2,STK3,0,0,0
3808,P50749,Q9P1V8,1,0.5365853658536585,0.4015548523206005,0.4690701090871295,0,,,,,,,0,RASSF2,SAMD15,0,0,0
3809,P50749,O15381,1,0.551219512195122,0.4015546574590812,0.4763870848271015,0,,,,,,,0,RASSF2,NVL,0,0,0
3823,P50749,P54278,1,0.551219512195122,0.401554773663796,0.476387142929459,0,,,,,,,0,RASSF2,PMS2,0,0,0
3825,P50749,O75665,1,0.7463414634146343,0.4015303333000675,0.5739358983573508,0,,,,,,,0,RASSF2,OFD1,0,0,0
3841,Q9ULE4,Q8IY51,1,0.551219512195122,0.4015545954770086,0.4763870538360653,0,,,,,,,0,FAM184B,TIGD4,0,0,0
3844,P50749,P36957,1,0.8341463414634146,0.4013066590397944,0.6177265002516045,0,,,,,,,0,RASSF2,DLST,0,0,0
3884,P50749,O43463,1,0.8048780487804879,0.4013818104824747,0.6031299296314813,0,,,,,,,1,RASSF2,SUV39H1,0,0,0
3899,P50749,Q96BR5,1,0.7268292682926829,0.4013217567280405,0.5640755125103617,0,,,,,,,0,RASSF2,COA7,0,0,0
3913,P50749,Q8IXK0,1,0.551219512195122,0.4015546591630128,0.4763870856790674,0,,,,,,,0,RASSF2,PHC2,0,0,0
3946,P82094,Q14507,1,0.551219512195122,0.4015545536176697,0.4763870329063958,0,,,,,,,0,TMF1,EDDM3A,0,0,0
3953,P82094,A0A3B3IU46,1,0.551219512195122,0.4015546937076578,0.4763871029513898,0,,,,,,,0,TMF1,RAMACL,0,0,0
3961,P82094,Q9Y6Q5,1,0.7365853658536585,0.4015173427226157,0.5690513542881371,0,,,,,,,0,TMF1,AP1M2,0,0,0
3977,P82094,Q96RP8,1,0.551219512195122,0.401554630861394,0.476387071528258,0,,,,,,,0,TMF1,KCNA7,0,0,0
3985,P82094,Q96JA4,1,0.551219512195122,0.4015545412212952,0.4763870267082086,0,,,,,,,0,TMF1,MS4A14,0,0,0
3986,P82094,Q5C9Z4,1,0.551219512195122,0.4015546449171521,0.476387078556137,0,,,,,,,0,TMF1,NOM1,0,0,0
3994,P82094,Q96ME1,1,0.551219512195122,0.4015548955923816,0.4763872038937518,0,,,,,,,0,TMF1,FBXL18,0,0,0
4014,P82094,Q08378,1,0.551219512195122,0.4015546911273246,0.4763871016612233,0,,,,,,,0,TMF1,GOLGA3,0,0,0
4024,P82094,Q14500,1,0.551219512195122,0.4015546109775053,0.4763870615863136,0,,,,,,,0,TMF1,KCNJ12,0,0,0
4029,Q9ULE4,Q9P2N2,1,0.551219512195122,0.401554690656091,0.4763871014256065,0,,,,,,,0,FAM184B,ARHGAP28,0,0,0
4032,P82094,Q9BTL3,1,0.551219512195122,0.4015546937453002,0.4763871029702111,0,,,,,,,0,TMF1,RAMAC,0,0,0
4043,P82094,Q13188,1,0.551219512195122,0.4015546443171817,0.4763870782561518,0,,,,,,,0,TMF1,STK3,0,0,0
4050,P82094,Q5T5S1,1,0.751219512195122,0.4012260270401286,0.5762227696176253,0,,,,,,,0,TMF1,CCDC183,0,0,0
4058,P82094,Q969J2,1,0.551219512195122,0.4015545821322218,0.4763870471636718,0,,,,,,,0,TMF1,ZKSCAN4,0,0,0
4065,P82094,Q7Z4V0,1,0.551219512195122,0.4015546829316678,0.4763870975633949,0,,,,,,,0,TMF1,ZNF438,0,0,0
4076,P82094,Q99727,1,0.551219512195122,0.4015545901674452,0.4763870511812836,0,,,,,,,0,TMF1,TIMP4,0,0,0
4081,P82094,Q9GZX5,1,0.551219512195122,0.4015546537504458,0.4763870829727838,0,,,,,,,0,TMF1,ZNF350,0,0,0
4111,Q9ULZ2,P05549,1,0.526829268292683,0.401555186524158,0.4641922274084205,0,,,,,,,0,STAP1,TFAP2A,0,0,0
4118,P82094,Q8NHV4,1,0.551219512195122,0.4015546559046939,0.4763870840499079,0,,,,,,,0,TMF1,NEDD1,0,0,0
4131,P82094,P35680,1,0.551219512195122,0.4015549008819685,0.4763872065385452,0,,,,,,,0,TMF1,HNF1B,0,0,0
4138,P82094,Q494V2,1,0.551219512195122,0.4015548428705897,0.4763871775328558,0,,,,,,,0,TMF1,CFAP100,0,0,0
4140,P82094,P39023,1,0.551219512195122,0.4015549186568058,0.4763872154259639,0,,,,,,,0,TMF1,RPL3,0,0,0
4172,Q9Y4K4,O75688,1,0.7268292682926829,0.4013075057477214,0.5640683870202021,0,,,,,,,0,MAP4K5,PPM1B,0,0,0
4253,Q9ULZ2,P50225,1,0.7268292682926829,0.4019914520469368,0.5644103601698098,0,,,,,,,0,STAP1,SULT1A1,0,0,0
4370,P50225,P12755,1,0.526829268292683,0.4015548244083001,0.4641920463504915,0,,,,,,,0,SULT1A1,SKI,0,0,0
4376,P50225,O75185,1,0.551219512195122,0.4015546988867543,0.4763871055409381,0,,,,,,,0,SULT1A1,ATP2C2,0,0,0
4385,P50225,Q32M84,1,0.551219512195122,0.4015552096220454,0.4763873609085837,0,,,,,,,0,SULT1A1,BTBD16,0,0,0
4388,P50225,Q9UJ78,1,0.551219512195122,0.4015548118725868,0.4763871620338544,0,,,,,,,0,SULT1A1,ZMYM5,0,0,0
4423,P50225,Q6IMI6,1,0.7268292682926829,0.4013832018576423,0.5641062350751627,0,,,,,,,0,SULT1A1,SULT1C3,0,0,0
4425,P50225,Q86SS6,1,0.5219512195121951,0.4015550449810878,0.4617531322466415,0,,,,,,,0,SULT1A1,SYT9,0,0,0
4431,P50225,Q5HYK7,1,0.551219512195122,0.4015547448544606,0.4763871285247912,0,,,,,,,0,SULT1A1,SH3D19,0,0,0
4438,P50225,Q76L83,1,0.551219512195122,0.4015546137292127,0.4763870629621674,0,,,,,,,0,SULT1A1,ASXL2,0,0,0
4470,P50225,Q9BQN1,1,0.551219512195122,0.4015548905291501,0.4763872013621361,0,,,,,,,0,SULT1A1,FAM83C,0,0,0
4479,P50225,Q15293,1,0.7219512195121951,0.4013080961787718,0.5616296578454835,0,,,,,,,0,SULT1A1,RCN1,0,0,0
4481,P50225,Q9BYQ4,1,0.5219512195121951,0.4013718791044655,0.4616615493083303,0,,,,,,,0,SULT1A1,KRTAP9-2,0,0,0
4484,P50225,Q9Y6F1,1,0.551219512195122,0.4015548617176513,0.4763871869563866,0,,,,,,,0,SULT1A1,PARP3,0,0,0
4485,P50225,Q8N468,1,0.526829268292683,0.4015554623926625,0.4641923653426727,0,,,,,,,0,SULT1A1,MFSD4A,0,0,0
4489,P50225,P60411,1,0.5219512195121951,0.4016649956730229,0.461808107592609,0,,,,,,,0,SULT1A1,KRTAP10-9,0,0,0
4506,P50225,Q9UBT2,1,0.7365853658536585,0.4015851593566397,0.5690852626051491,0,,,,,,,0,SULT1A1,UBA2,0,0,0
4509,P50225,Q14005,1,0.551219512195122,0.4015546107333148,0.4763870614642184,0,,,,,,,0,SULT1A1,IL16,0,0,0
4628,O15263,P51684,1,0.8341463414634146,0.4013063213588554,0.617726331411135,0,,,,,,,0,DEFB4B,CCR6,0,0,0
4682,O15263,O00206,1,0.8341463414634146,0.4013061316267336,0.6177262365450741,0,,,,,,,0,DEFB4B,TLR4,0,0,0
4787,Q9ULZ2,Q02297,1,0.526829268292683,0.4016333027557827,0.4642312855242328,0,,,,,,,0,STAP1,NRG1,0,0,0
4815,Q14507,Q13127,1,0.526829268292683,0.4016811259804825,0.4642551971365827,0,,,,,,,0,EDDM3A,REST,0,0,0
4821,Q9ULZ2,Q9P2F9,1,0.526829268292683,0.4016333011007066,0.4642312846966948,0,,,,,,,0,STAP1,ZNF319,0,0,0
4826,Q14507,Q969J2,1,0.551219512195122,0.4016328248352516,0.4764261685151868,0,,,,,,,0,EDDM3A,ZKSCAN4,0,0,0
4830,Q14507,Q7Z4V0,1,0.551219512195122,0.401632993915397,0.4764262530552595,0,,,,,,,0,EDDM3A,ZNF438,0,0,0
4834,Q9ULZ2,Q7Z7B0,1,0.551219512195122,0.4016327871809381,0.47642614968803,0,,,,,,,0,STAP1,FILIP1,0,0,0
4843,Q14507,Q9GZX5,1,0.551219512195122,0.4016329360021844,0.4764262240986532,0,,,,,,,0,EDDM3A,ZNF350,0,0,0
4852,Q14507,Q2MV58,1,0.7609756097560976,0.4013048723988546,0.5811402410774761,0,,,,,,,0,EDDM3A,TCTN1,0,0,0
4863,Q14507,P35680,1,0.551219512195122,0.4016328365409639,0.4764261743680429,0,,,,,,,0,EDDM3A,HNF1B,0,0,0
4869,Q14507,Q494V2,1,0.526829268292683,0.4016331784829696,0.4642312233878263,0,,,,,,,0,EDDM3A,CFAP100,0,0,0
4876,Q14507,Q8NCX0,1,0.551219512195122,0.4016330527823575,0.4764262824887397,0,,,,,,,0,EDDM3A,CCDC150,0,0,0
4886,Q14507,Q8IY85,1,0.526829268292683,0.4016028539627452,0.4642160611277141,0,,,,,,,0,EDDM3A,EFCAB13,0,0,0
4889,Q14507,Q15276,1,0.551219512195122,0.4015546249636084,0.4763870685793652,0,,,,,,,0,EDDM3A,RABEP1,0,0,0
4890,Q14507,P54886,1,0.551219512195122,0.4016328307395215,0.4764261714673217,0,,,,,,,0,EDDM3A,ALDH18A1,0,0,0
4908,Q86YF9,Q93097,1,0.5365853658536585,0.4015547459754843,0.4690700559145714,0,,,,,,,0,DZIP1,WNT2B,0,0,0
4911,Q9H093,O95104,1,0.551219512195122,0.4015548825812959,0.4763871973882089,0,,,,,,,0,NUAK2,SCAF4,0,0,0
4925,Q9H093,Q8NDV3,1,0.5219512195121951,0.4016028002479646,0.4617770098800798,0,,,,,,,0,NUAK2,SMC1B,0,0,0
4969,O15254,Q5T200,1,0.551219512195122,0.401554776560569,0.4763871443778454,0,,,,,,,0,ACOX3,ZC3H13,0,0,0
5017,Q9ULZ2,P47756,1,0.7219512195121951,0.4013103496244413,0.5616307845683182,0,,,,,,,0,STAP1,CAPZB,0,0,0
5037,O00592,P51684,1,0.7268292682926829,0.4013073624020382,0.5640683153473606,0,,,,,,,0,PODXL,CCR6,0,0,0
5049,O00592,Q96T51,1,0.7268292682926829,0.4013227888611666,0.5640760285769247,0,,,,,,,0,PODXL,RUFY1,0,0,0
5065,O75973,Q8IU57,1,0.7268292682926829,0.401506857728426,0.5641680630105544,0,,,,,,,0,C1QL1,IFNLR1,0,0,0
5081,Q14623,H7BZ55,1,0.5219512195121951,0.4016812732642216,0.4618162463882084,0,,,,,,,0,IHH,CROCC2,0,0,0
5089,P0DP08,Q9P2E9,1,0.551219512195122,0.4015546710527922,0.4763870916239571,0,,,,,,,0,IGHV4-38-2,RRBP1,0,0,0
5134,P0DP08,Q96M83,1,0.5219512195121951,0.4016028864549104,0.4617770529835527,0,,,,,,,0,IGHV4-38-2,CCDC7,0,0,0
5497,O94933,Q6QHC5,1,0.5219512195121951,0.4016030166199586,0.4617771180660769,0,,,,,,,0,SLITRK3,DEGS2,0,0,0
5574,Q9GZP0,Q14203,1,0.751219512195122,0.401193604604185,0.5762065583996535,0,,,,,,,0,PDGFD,DCTN1,0,0,0
5576,Q9GZP0,Q9P2F5,1,0.551219512195122,0.4015548351523789,0.4763871736737504,0,,,,,,,0,PDGFD,STOX2,0,0,0
5590,Q9GZP0,Q8IVV7,1,0.7804878048780488,0.4015572961588154,0.5910225505184321,0,,,,,,,0,PDGFD,GID4,0,0,0
5600,Q92993,P36406,1,0.7268292682926829,0.4013727032697606,0.5641009857812218,0,,,,,,,0,KAT5,TRIM23,0,0,0
5601,Q92993,O15211,1,0.7317073170731707,0.4013226253086042,0.5665149711908875,0,,,,,,,0,KAT5,RGL2,0,0,0
5604,Q92993,P17600,1,0.7268292682926829,0.4013079420138333,0.5640686051532581,0,,,,,,,0,KAT5,SYN1,0,0,0
5605,Q92993,Q3YEC7,1,0.8341463414634146,0.4013077937021113,0.617727067582763,0,,,,,,,0,KAT5,RABL6,0,0,0
5606,Q92993,O60684,1,0.7219512195121951,0.4017551127286889,0.561853166120442,0,,,,,,,0,KAT5,KPNA6,0,0,0
5607,Q92993,P37275,1,0.7317073170731707,0.4013215032659955,0.5665144101695831,0,,,,,,,0,KAT5,ZEB1,0,0,0
5609,Q92993,P63279,1,0.7268292682926829,0.4013067776082616,0.5640680229504722,0,,,,,,,0,KAT5,UBE2I,0,0,0
5610,Q92993,Q9UM82,1,0.7268292682926829,0.4018877830256943,0.5643585256591885,0,,,,,,,0,KAT5,SPATA2,0,0,0
5611,Q92993,Q96SN8,1,0.7609756097560976,0.4012263825829874,0.5811009961695425,0,,,,,,,0,KAT5,CDK5RAP2,0,0,0
5612,Q92993,P35226,1,0.7268292682926829,0.4013720075426376,0.5641006379176603,0,,,,,,,0,KAT5,BMI1,0,0,0
5614,Q92993,Q96K58,1,0.7268292682926829,0.4013852874913643,0.5641072778920236,0,,,,,,,0,KAT5,ZNF668,0,0,0
5615,Q92993,Q9P2H0,1,0.8390243902439025,0.4013174092053822,0.6201708997246423,0,,,,,,,0,KAT5,CEP126,0,0,0
5616,Q92993,Q8TF50,1,0.7219512195121951,0.4013735961237671,0.561662407817981,0,,,,,,,0,KAT5,ZNF526,0,0,0
5617,Q92993,P20827,1,0.7268292682926829,0.4013071340349431,0.564068201163813,0,,,,,,,0,KAT5,EFNA1,0,0,0
5618,Q92993,Q9UNA4,1,0.8341463414634146,0.4013073300726347,0.6177268357680247,0,,,,,,,0,KAT5,POLI,0,0,0
5619,Q92993,P60411,1,0.7268292682926829,0.4013076184145685,0.5640684433536257,0,,,,,,,0,KAT5,KRTAP10-9,0,0,0
5620,Q92993,P51608,1,0.8341463414634146,0.4016655017913858,0.6179059216274002,0,,,,,,,0,KAT5,MECP2,0,0,0
5621,Q92993,P49959,1,0.7219512195121951,0.4010337003849001,0.5614924599485476,0,,,,,,,0,KAT5,MRE11,0,0,0
5622,Q92993,Q8IXK0,1,0.7268292682926829,0.4013070763776208,0.5640681723351518,0,,,,,,,0,KAT5,PHC2,0,0,0
5623,Q92993,Q9Y4R8,1,0.8243902439024391,0.4015386994184394,0.6129644716604392,0,,,,,,,0,KAT5,TELO2,0,0,0
5624,Q92993,Q8N257,1,0.7268292682926829,0.4013075885735856,0.5640684284331343,0,,,,,,,0,KAT5,H2BC26,0,0,0
5625,Q92993,Q5VSY0,1,0.7219512195121951,0.4010994082759495,0.5615253138940723,0,,,,,,,0,KAT5,GKAP1,0,0,0
5626,Q92993,O94972,1,0.7463414634146343,0.4015306875643409,0.5739360754894876,0,,,,,,,0,KAT5,TRIM37,0,0,0
5627,Q92993,Q15759,1,0.8341463414634146,0.4010347134487679,0.6175905274560912,0,,,,,,,0,KAT5,MAPK11,0,0,0
5628,Q92993,Q8WV41,1,0.8243902439024391,0.4010503002704995,0.6127202720864693,0,,,,,,,0,KAT5,SNX33,0,0,0
5629,O75330,Q14203,1,0.7219512195121951,0.4013233292211869,0.561637274366691,0,,,,,,,0,HMMR,DCTN1,0,0,0
5632,O75330,Q9ULW0,1,0.7902439024390243,0.4009019339657194,0.5955729182023719,0,,,,,,,0,HMMR,TPX2,0,0,0
5633,Q9NQ79,Q9UK39,1,0.7219512195121951,0.4010485740968412,0.5614998968045182,0,,,,,,,0,CRTAC1,NOCT,0,0,0
5634,Q5SQN1,Q8IYX8,1,0.7219512195121951,0.4019866209154863,0.5619689202138407,0,,,,,,,0,SNAP47,CEP57L1,0,0,0
5638,Q5SQN1,Q8IWR1,1,0.7219512195121951,0.4008506901630163,0.5614009548376057,0,,,,,,,0,SNAP47,TRIM59,0,0,0
5639,P53634,Q9UBT2,1,0.7268292682926829,0.4013722272791056,0.5641007477858943,0,,,,,,,0,CTSC,UBA2,0,0,0
5640,A0A3B3IU46,Q08378,1,0.551219512195122,0.4015549342482312,0.4763872232216766,0,,,,,,,0,RAMACL,GOLGA3,0,0,0
5647,A0A3B3IU46,Q494V2,1,0.551219512195122,0.4015548484017274,0.4763871802984247,0,,,,,,,0,RAMACL,CFAP100,0,0,0
5655,A0A3B3IU46,Q5FWF5,1,0.551219512195122,0.4015546621648417,0.4763870871799818,0,,,,,,,0,RAMACL,ESCO1,0,0,0
5661,A0A3B3IU46,P39023,1,0.551219512195122,0.4015549344454537,0.4763872233202878,0,,,,,,,0,RAMACL,RPL3,0,0,0
5668,A0A3B3IU46,Q8NCX0,1,0.551219512195122,0.4015547152968965,0.4763871137460093,0,,,,,,,0,RAMACL,CCDC150,0,0,0
5671,A0A3B3IU46,Q9H334,1,0.551219512195122,0.4015548310208536,0.4763871716079878,0,,,,,,,0,RAMACL,FOXP1,0,0,0
5687,A0A3B3IU46,Q8IY85,1,0.526829268292683,0.401602989140348,0.4642161287165154,0,,,,,,,0,RAMACL,EFCAB13,0,0,0
5693,A0A3B3IU46,Q15276,1,0.551219512195122,0.401554791675987,0.4763871519355545,0,,,,,,,0,RAMACL,RABEP1,0,0,0
5694,A0A3B3IU46,P54886,1,0.551219512195122,0.4015548443000052,0.4763871782475636,0,,,,,,,0,RAMACL,ALDH18A1,0,0,0
5714,Q96NI8,Q9P0L2,1,0.551219512195122,0.4015545796769645,0.4763870459360432,0,,,,,,,0,ZNF570,MARK1,0,0,0
5763,Q96NI8,P16284,1,0.551219512195122,0.4015547869701273,0.4763871495826246,0,,,,,,,0,ZNF570,PECAM1,0,0,0
5780,Q96NI8,Q9H6T0,1,0.526829268292683,0.4015552687405991,0.464192268516641,0,,,,,,,0,ZNF570,ESRP2,0,0,0
5823,Q96NI8,O15466,1,0.551219512195122,0.4015550705197435,0.4763872913574327,0,,,,,,,0,ZNF570,ST8SIA5,0,0,0
5827,Q96NI8,Q8TB24,1,0.551219512195122,0.4015547233485298,0.4763871177718259,0,,,,,,,0,ZNF570,RIN3,0,0,0
5861,Q96NI8,Q58F21,1,0.551219512195122,0.4015545702246305,0.4763870412098762,0,,,,,,,0,ZNF570,BRDT,0,0,0
5899,Q96NI8,P50747,1,0.551219512195122,0.4016334680737898,0.4764264901344559,0,,,,,,,0,ZNF570,HLCS,0,0,0
5920,Q96NI8,P40879,1,0.551219512195122,0.401633356297199,0.4764264342461605,0,,,,,,,0,ZNF570,SLC26A3,0,0,0
5940,Q96NI8,P14923,1,0.526829268292683,0.4015552343355958,0.4641922513141394,0,,,,,,,0,ZNF570,JUP,0,0,0
6095,Q96NI8,Q9BZQ8,1,0.551219512195122,0.4015548795719294,0.4763871958835257,0,,,,,,,0,ZNF570,NIBAN1,0,0,0
6137,P03979,P49910,1,0.551219512195122,0.40155509528242,0.476387303738771,0,,,,,,,0,TRGV3,ZNF165,0,0,0
6147,P03979,P0CG33,1,0.551219512195122,0.4015547663461794,0.4763871392706507,0,,,,,,,0,TRGV3,GOLGA6D,0,0,0
6183,P03979,Q9P2E9,1,0.551219512195122,0.4015546940032966,0.4763871030992093,0,,,,,,,0,TRGV3,RRBP1,0,0,0
6188,P03979,Q9UJJ7,1,0.551219512195122,0.4015552808688287,0.4763873965319753,0,,,,,,,0,TRGV3,RPUSD1,0,0,0
6249,P03979,Q96MY7,1,0.551219512195122,0.401554875320528,0.476387193757825,0,,,,,,,0,TRGV3,FAM161B,0,0,0
6250,P03979,A8K0S8,1,0.551219512195122,0.4015554292786435,0.4763874707368827,0,,,,,,,0,TRGV3,MEIS3P2,0,0,0
6271,P03979,Q96NU1,1,0.551219512195122,0.4015548232842446,0.4763871677396832,0,,,,,,,0,TRGV3,SAMD11,0,0,0
6273,P03979,O75716,1,0.526829268292683,0.4015552157741651,0.464192242033424,0,,,,,,,0,TRGV3,STK16,0,0,0
6326,P03979,Q96M83,1,0.5219512195121951,0.4016031414565946,0.4617771804843948,0,,,,,,,0,TRGV3,CCDC7,0,0,0
6328,Q8N8B7,P36406,1,0.7804878048780488,0.4015566449023397,0.5910222248901943,0,,,,,,,0,TCEANC,TRIM23,0,0,0
6331,Q8N8B7,A6H8Y1,1,0.526829268292683,0.4016029581011002,0.4642161131968916,0,,,,,,,0,TCEANC,BDP1,0,0,0
6332,Q8N8B7,Q8NFC6,1,0.526829268292683,0.4016029441064481,0.4642161061995655,0,,,,,,,0,TCEANC,BOD1L1,0,0,0
6334,Q8N8B7,Q92622,1,0.7268292682926829,0.4013067378575624,0.5640680030751226,0,,,,,,,0,TCEANC,RUBCN,0,0,0
6335,Q8N8B7,Q5T124,1,0.7219512195121951,0.4013088821939543,0.5616300508530747,0,,,,,,,0,TCEANC,UBXN11,0,0,0
6336,Q8N8B7,Q9Y620,1,0.8292682926829269,0.4013068388038858,0.6152875657434064,0,,,,,,,0,TCEANC,RAD54B,0,0,0
6337,Q8N8B7,O94972,1,0.7219512195121951,0.4013216217672664,0.5616364206397307,0,,,,,,,0,TCEANC,TRIM37,0,0,0
6352,Q9HBV1,O75159,1,0.551219512195122,0.4015551702650679,0.4763873412300949,0,,,,,,,0,POPDC3,SOCS5,0,0,0
6355,Q9HBV1,Q8N9K5,1,0.551219512195122,0.4015553189782133,0.4763874155866676,0,,,,,,,0,POPDC3,ZNF565,0,0,0
6361,Q9HBV1,Q8IX04,1,0.5219512195121951,0.4015551079470841,0.4617531637296396,0,,,,,,,0,POPDC3,UEVLD,0,0,0
6367,Q9HBV1,Q96NL0,1,0.5365853658536585,0.4015551939425735,0.469070279898116,0,,,,,,,0,POPDC3,RUNDC3B,0,0,0
6369,Q4VC44,Q9HBV1,1,0.551219512195122,0.401554830300741,0.4763871712479315,0,,,,,,,0,FLYWCH1,POPDC3,0,0,0
6382,Q9HBV1,Q5VWQ0,1,0.551219512195122,0.4015548683417784,0.4763871902684502,0,,,,,,,0,POPDC3,RSBN1,0,0,0
6385,Q9HBV1,Q7L0X2,1,0.551219512195122,0.4015549568250958,0.4763872345101089,0,,,,,,,0,POPDC3,ERICH6,0,0,0
6412,Q9HBV1,Q9N2J8,1,0.5365853658536585,0.4015550686757238,0.4690702172646911,0,,,,,,,0,POPDC3,,0,0,0
6423,Q9HBV1,Q8N448,1,0.551219512195122,0.4015548145045806,0.4763871633498513,0,,,,,,,0,POPDC3,LNX2,0,0,0
6470,Q9HBV1,Q86TM6,1,0.526829268292683,0.4015548848489739,0.4641920765708284,0,,,,,,,0,POPDC3,SYVN1,0,0,0
6492,Q9HBV1,Q9HCM4,1,0.551219512195122,0.4015547521902209,0.4763871321926715,0,,,,,,,0,POPDC3,EPB41L5,0,0,0
6505,Q9HBV1,O95104,1,0.551219512195122,0.4015547913260177,0.4763871517605698,0,,,,,,,0,POPDC3,SCAF4,0,0,0
6511,Q9HBV1,Q9BQ52,1,0.551219512195122,0.4015547331335135,0.4763871226643177,0,,,,,,,0,POPDC3,ELAC2,0,0,0
6525,Q9HBV1,P43121,1,0.551219512195122,0.4015548192169633,0.4763871657060426,0,,,,,,,0,POPDC3,MCAM,0,0,0
6530,Q9HBV1,Q17R89,1,0.551219512195122,0.4015547708271249,0.4763871415111234,0,,,,,,,0,POPDC3,ARHGAP44,0,0,0
6533,Q9HBV1,Q9BYQ4,1,0.5219512195121951,0.4013719360737264,0.4616615777929608,0,,,,,,,0,POPDC3,KRTAP9-2,0,0,0
6545,Q9HBV1,Q96G74,1,0.526829268292683,0.4015555903553788,0.4641924293240309,0,,,,,,,0,POPDC3,OTUD5,0,0,0
6555,Q9HBV1,Q8NDV3,1,0.526829268292683,0.4016028834511828,0.4642160758719328,0,,,,,,,0,POPDC3,SMC1B,0,0,0
6562,Q9HBV1,Q68DY9,1,0.5365853658536585,0.4015557116703543,0.4690705387620064,0,,,,,,,0,POPDC3,ZNF772,0,0,0
6563,Q9HBV1,Q9UK13,1,0.551219512195122,0.4015551684769532,0.4763873403360376,0,,,,,,,0,POPDC3,ZNF221,0,0,0
6568,Q9HBV1,Q15648,1,0.5219512195121951,0.4016029325680157,0.4617770760401054,0,,,,,,,0,POPDC3,MED1,0,0,0
6573,Q9HBV1,A0A1B0GVH7,1,0.5365853658536585,0.4015552451756023,0.4690703055146303,0,,,,,,,0,POPDC3,IQCM,0,0,0
6584,Q4VC44,Q8IX04,1,0.5219512195121951,0.401554910039091,0.461753064775643,0,,,,,,,0,FLYWCH1,UEVLD,0,0,0
6590,Q9HBV1,Q9C0B9,1,0.526829268292683,0.4016029742362579,0.4642161212644704,0,,,,,,,0,POPDC3,ZCCHC2,0,0,0
6598,Q9HBV1,Q9Y2G2,1,0.5365853658536585,0.4016332097571088,0.4691092878053836,0,,,,,,,0,POPDC3,CARD8,0,0,0
6642,Q9HBV1,Q5JNZ3,1,0.551219512195122,0.4015550735343787,0.4763872928647503,0,,,,,,,0,POPDC3,ZNF311,0,0,0
6646,Q9HBV1,Q13946,1,0.5365853658536585,0.4015550902385849,0.4690702280461216,0,,,,,,,0,POPDC3,PDE7A,0,0,0
6648,Q4VC44,Q5T6V5,1,0.5365853658536585,0.4015549291680912,0.4690701475108748,0,,,,,,,0,FLYWCH1,C9orf64,0,0,0
6654,Q15642,Q9BRV3,1,0.5365853658536585,0.4015553944206435,0.4690703801371509,0,,,,,,,0,TRIP10,SLC50A1,0,0,0
6657,Q15642,Q10567,1,0.7219512195121951,0.4013098842501377,0.5616305518811664,0,,,,,,,0,TRIP10,AP1B1,0,0,0
6660,Q15642,Q8IZP0,1,0.7414634146341462,0.4008950600116767,0.5711792373229114,0,,,,,,,0,TRIP10,ABI1,0,0,0
6662,Q15642,Q17R89,1,0.7170731707317073,0.4013228596817372,0.5591980152067222,0,,,,,,,0,TRIP10,ARHGAP44,0,0,0
6667,Q15642,P10828,1,0.8243902439024391,0.4015314430455413,0.6129608434739902,0,,,,,,,0,TRIP10,THRB,0,0,0
6767,P01825,P0CG33,1,0.551219512195122,0.4015547526808877,0.4763871324380048,0,,,,,,,0,IGHV4-59,GOLGA6D,0,0,0
6781,P01825,Q9P2E9,1,0.551219512195122,0.4015547271632209,0.4763871196791714,0,,,,,,,0,IGHV4-59,RRBP1,0,0,0
6813,P01825,Q96MY7,1,0.5365853658536585,0.4015549497759701,0.4690701578148143,0,,,,,,,0,IGHV4-59,FAM161B,0,0,0
6853,P01825,A6NDN3,1,0.551219512195122,0.4015548391818921,0.4763871756885071,0,,,,,,,0,IGHV4-59,GOLGA6B,0,0,0
6856,P01825,Q96M83,1,0.5219512195121951,0.4016029406819122,0.4617770800970536,0,,,,,,,0,IGHV4-59,CCDC7,0,0,0
6868,Q86YF9,Q6IMI6,1,0.551219512195122,0.4015548439246223,0.4763871780598722,0,,,,,,,0,DZIP1,SULT1C3,0,0,0
6917,Q4VC44,Q8NHS2,1,0.5219512195121951,0.4015549038759272,0.4617530616940611,0,,,,,,,0,FLYWCH1,GOT1L1,0,0,0
6977,Q05823,Q9UQ72,1,0.551219512195122,0.4015546921066728,0.4763871021508974,0,,,,,,,0,RNASEL,PSG11,0,0,0
7030,Q05823,Q9P2H0,1,0.551219512195122,0.4015547947092442,0.4763871534521831,0,,,,,,,0,RNASEL,CEP126,0,0,0
7042,Q05823,Q14966,1,0.5219512195121951,0.4016028779053797,0.4617770487087874,0,,,,,,,0,RNASEL,ZNF638,0,0,0
7064,Q05823,P0DJD7,1,0.551219512195122,0.401554806498514,0.4763871593468179,0,,,,,,,0,RNASEL,PGA4,0,0,0
7089,Q05823,P18858,1,0.551219512195122,0.4015550194652263,0.4763872658301741,0,,,,,,,0,RNASEL,LIG1,0,0,0
7110,Q05823,P58417,1,0.7463414634146343,0.4013931397466703,0.5738673015806522,1,0.0176678445229682,,,,,,0,RNASEL,NXPH1,0,0,0
7155,Q05823,Q15643,1,0.551219512195122,0.4015545496164843,0.4763870309058031,0,,,,,,,0,RNASEL,TRIP11,0,0,0
7157,Q05823,Q9ULE3,1,0.551219512195122,0.4015547391327736,0.4763871256639478,0,,,,,,,0,RNASEL,DENND2A,0,0,0
7239,Q05823,Q8WV41,1,0.551219512195122,0.4015551201409756,0.4763873161680488,0,,,,,,,0,RNASEL,SNX33,0,0,0
7246,Q05823,Q92187,1,0.7219512195121951,0.4013211004038383,0.5616361599580166,0,,,,,,,0,RNASEL,ST8SIA4,0,0,0
7261,Q5T5N4,Q6NZY4,1,0.551219512195122,0.4015550902419186,0.4763873012185203,0,,,,,,,0,C6orf118,ZCCHC8,0,0,0
7271,Q5T5N4,P17600,1,0.526829268292683,0.4015554197770287,0.4641923440348558,0,,,,,,,0,C6orf118,SYN1,0,0,0
7281,Q4VC44,O95104,1,0.551219512195122,0.4015548616614607,0.4763871869282913,0,,,,,,,0,FLYWCH1,SCAF4,0,0,0
7331,Q4VC44,Q9BQ52,1,0.5219512195121951,0.4015549050349163,0.4617530622735557,0,,,,,,,0,FLYWCH1,ELAC2,0,0,0
7339,Q5T5N4,Q9UN79,1,0.551219512195122,0.4015553669201974,0.4763874395576597,0,,,,,,,0,C6orf118,SOX13,0,0,0
7342,Q5T5N4,P13010,1,0.551219512195122,0.4015548266559253,0.4763871694255236,0,,,,,,,0,C6orf118,XRCC5,0,0,0
7345,Q5T5N4,O15231,1,0.526829268292683,0.4015558641133942,0.4641925662030386,0,,,,,,,0,C6orf118,ZNF185,0,0,0
7378,Q5T5N4,Q2MV58,1,0.5219512195121951,0.4015558112778212,0.4617535153950082,0,,,,,,,0,C6orf118,TCTN1,0,0,0
7380,Q5T5N4,A8MYV0,1,0.551219512195122,0.4015557314026524,0.4763876217988871,0,,,,,,,0,C6orf118,DCDC2C,0,0,0
7391,Q5T5N4,P23327,1,0.551219512195122,0.4015554633570967,0.4763874877761093,0,,,,,,,0,C6orf118,HRC,0,0,0
7396,Q5T5N4,P60411,1,0.5219512195121951,0.4013070393470658,0.4616291294296304,0,,,,,,,0,C6orf118,KRTAP10-9,0,0,0
7408,Q5T5N4,Q8WXA3,1,0.5365853658536585,0.4015550428547274,0.4690702043541929,0,,,,,,,0,C6orf118,RUFY2,0,0,0
7431,Q5T5N4,A7XYQ1,1,0.551219512195122,0.4015548949238133,0.4763872035594676,0,,,,,,,0,C6orf118,SOBP,0,0,0
7453,Q5T5N4,O43290,1,0.551219512195122,0.4015548231481832,0.4763871676716525,0,,,,,,,0,C6orf118,SART1,0,0,0
7456,A0A1B0GV85,Q9ULX5,1,0.5219512195121951,0.4015554795326799,0.4617533495224375,0,,,,,,,0,REELD1,RNF112,0,0,0
7460,A0A1B0GV85,Q14397,1,0.551219512195122,0.4015552842875309,0.4763873982413265,0,,,,,,,0,REELD1,GCKR,0,0,0
7469,A0A1B0GV85,Q6P1K1,1,0.551219512195122,0.4015548817532327,0.4763871969741773,0,,,,,,,0,REELD1,SLC48A1,0,0,0
7476,A0A1B0GV85,Q9P2M7,1,0.551219512195122,0.4015546637157502,0.4763870879554361,0,,,,,,,0,REELD1,CGN,0,0,0
7490,Q4VC44,Q9H2S6,1,0.551219512195122,0.4015548750073175,0.4763871936012197,0,,,,,,,0,FLYWCH1,TNMD,0,0,0
7499,A0A1B0GV85,Q14203,1,0.5219512195121951,0.4016029579595233,0.4617770887358592,0,,,,,,,0,REELD1,DCTN1,0,0,0
7525,A0A1B0GV85,P0C5J1,1,0.551219512195122,0.4015552106204695,0.4763873614077957,0,,,,,,,0,REELD1,FAM86B2,0,0,0
7547,Q9ULX5,Q14203,1,0.8439024390243903,0.4016033742471397,0.622752906635765,0,,,,,,,0,RNF112,DCTN1,0,0,0
7567,Q9ULX5,P51608,1,0.8341463414634146,0.401372306888654,0.6177593241760343,0,,,,,,,0,RNF112,MECP2,0,0,0
7571,Q9ULX5,Q13148,1,0.7853658536585365,0.4015558781854954,0.593460865922016,0,,,,,,,0,RNF112,TARDBP,0,0,0
7585,P36406,Q4KMZ8,1,0.5365853658536585,0.4015551404012891,0.4690702531274737,0,,,,,,,0,TRIM23,NKAIN1,0,0,0
7588,P36406,Q8IYE1,1,0.7268292682926829,0.4013068336756609,0.5640680509841719,0,,,,,,,0,TRIM23,CCDC13,0,0,0
7598,P36406,P63279,1,0.7219512195121951,0.4013214357808956,0.5616363276465454,0,,,,,,,0,TRIM23,UBE2I,0,0,0
7602,P36406,Q9BTL3,1,0.7414634146341462,0.4015180123710945,0.5714907135026204,0,,,,,,,0,TRIM23,RAMAC,0,0,0
7606,P36406,O95872,1,0.7414634146341462,0.4013262367957608,0.5713948257149535,0,,,,,,,0,TRIM23,GPANK1,0,0,0
7615,P36406,Q9BYV6,1,0.7268292682926829,0.4014956333184328,0.5641624508055578,0,,,,,,,0,TRIM23,TRIM55,0,0,0
7631,P36406,Q96B02,1,0.7219512195121951,0.4013210907980564,0.5616361551551258,0,,,,,,,0,TRIM23,UBE2W,0,0,0
7640,P36406,Q15293,1,0.551219512195122,0.4015547850712162,0.4763871486331691,0,,,,,,,0,TRIM23,RCN1,0,0,0
7641,P36406,Q9Y2A9,1,0.551219512195122,0.4015548920294878,0.4763872021123049,0,,,,,,,0,TRIM23,B3GNT3,0,0,0
7642,P36406,Q9GZX7,1,0.5365853658536585,0.4015546184032477,0.4690699921284531,0,,,,,,,0,TRIM23,AICDA,0,0,0
7649,P36406,P12532,1,0.5219512195121951,0.4015546165094452,0.4617529180108202,0,,,,,,,0,TRIM23,CKMT1B,0,0,0
7650,P36406,Q9UNA4,1,0.7268292682926829,0.4013067683241522,0.5640680183084176,0,,,,,,,0,TRIM23,POLI,0,0,0
7653,P36406,Q6ZMJ4,1,0.551219512195122,0.4015547467128676,0.4763871294539948,0,,,,,,,0,TRIM23,IL34,0,0,0
7656,P36406,A6H8Y1,1,0.5219512195121951,0.4016028641185672,0.4617770418153811,0,,,,,,,0,TRIM23,BDP1,0,0,0
7658,P36406,Q8NFC6,1,0.5219512195121951,0.4016028252365166,0.4617770223743558,0,,,,,,,0,TRIM23,BOD1L1,0,0,0
7659,P36406,Q96T51,1,0.7219512195121951,0.4013083772838098,0.5616297983980024,0,,,,,,,0,TRIM23,RUFY1,0,0,0
7660,P36406,P21580,1,0.7268292682926829,0.4013071626680047,0.5640682154803438,0,,,,,,,0,TRIM23,TNFAIP3,0,0,0
7663,P36406,Q8IWR1,1,0.526829268292683,0.4015548275758333,0.4641920479342581,0,,,,,,,0,TRIM23,TRIM59,0,0,0
7666,P36406,P10828,1,0.526829268292683,0.4015550451650094,0.4641921567288462,0,,,,,,,0,TRIM23,THRB,0,0,0
7669,P36406,Q8TES7,1,0.751219512195122,0.4012012237129452,0.5762103679540336,0,,,,,,,0,TRIM23,FBF1,0,0,0
7670,P36406,Q8NDC0,1,0.551219512195122,0.4015550998464562,0.4763873060207891,0,,,,,,,0,TRIM23,MAPK1IP1L,0,0,0
7683,P36406,Q9UBT2,1,0.526829268292683,0.4015555184458892,0.4641923933692861,0,,,,,,,0,TRIM23,UBA2,0,0,0
7685,P36406,Q14005,1,0.7609756097560976,0.4012266557321133,0.5811011327441055,0,,,,,,,0,TRIM23,IL16,0,0,0
7686,P36406,Q9HA72,1,0.526829268292683,0.4015546859877597,0.4641919771402213,0,,,,,,,0,TRIM23,CALHM2,0,0,0
7698,P36406,Q9BXW7,1,0.526829268292683,0.401554758836295,0.4641920135644889,0,,,,,,,0,TRIM23,HDHD5,0,0,0
7705,P36406,Q13148,1,0.8243902439024391,0.4013062496827805,0.6128482467926097,0,,,,,,,0,TRIM23,TARDBP,0,0,0
7712,P36406,Q32MK0,1,0.551219512195122,0.4015548605181605,0.4763871863566412,0,,,,,,,0,TRIM23,MYLK3,0,0,0
7717,P36406,Q8NFZ8,1,0.551219512195122,0.4015548090328948,0.4763871606140084,0,,,,,,,0,TRIM23,CADM4,0,0,0
7718,P36406,Q16563,1,0.551219512195122,0.4015547195199546,0.4763871158575383,0,,,,,,,0,TRIM23,SYPL1,0,0,0
7719,P36406,Q9UN19,1,0.551219512195122,0.401554586626362,0.476387049410742,0,,,,,,,0,TRIM23,DAPP1,0,0,0
7729,P36406,Q3KPI0,1,0.551219512195122,0.4015546892490159,0.4763871007220689,0,,,,,,,0,TRIM23,CEACAM21,0,0,0
7730,P36406,Q92187,1,0.551219512195122,0.4015546161109519,0.4763870641530369,0,,,,,,,0,TRIM23,ST8SIA4,0,0,0
7732,P36406,Q8IU60,1,0.526829268292683,0.4015553280641559,0.4641922981784194,0,,,,,,,0,TRIM23,DCP2,0,0,0
7777,Q86WR6,Q8N945,1,0.526829268292683,0.401557266517216,0.4641932674049495,0,,,,,,,0,CHCT1,PRELID2,0,0,0
7786,Q86WR6,Q96HF1,1,0.5219512195121951,0.4015550926493954,0.4617531560807952,0,,,,,,,0,CHCT1,SFRP2,0,0,0
7817,Q86WR6,A0A1B0GVD1,1,0.5365853658536585,0.4015551236199081,0.4690702447367832,0,,,,,,,0,CHCT1,FAM237B,0,0,0
7822,Q4VC44,Q5VUY2,1,0.551219512195122,0.4015547966488045,0.4763871544219632,0,,,,,,,0,FLYWCH1,AADACL4,0,0,0
7850,Q86WR6,O75167,1,0.551219512195122,0.401554822863185,0.4763871675291535,0,,,,,,,0,CHCT1,PHACTR2,0,0,0
7874,Q86WR6,A0A075B6T7,1,0.551219512195122,0.4015554644594704,0.4763874883272961,0,,,,,,,0,CHCT1,TRAV6,0,0,0
7876,Q86WR6,P13385,1,0.551219512195122,0.4015559917944015,0.4763877519947617,0,,,,,,,0,CHCT1,TDGF1,0,0,0
7929,Q86WR6,Q58G82,1,0.526829268292683,0.4015558391468787,0.4641925537197808,0,,,,,,,0,CHCT1,SYT14P1,0,0,0
7957,Q14576,Q6P1N0,1,0.551219512195122,0.4015547896542877,0.4763871509247048,0,,,,,,,0,ELAVL3,CC2D1A,0,0,0
7966,Q4VC44,Q13946,1,0.551219512195122,0.4015548370177383,0.4763871746064301,0,,,,,,,0,FLYWCH1,PDE7A,0,0,0
7968,Q9H6N6,O96020,1,0.551219512195122,0.4015548562694767,0.4763871842322993,0,,,,,,,0,MYH16,CCNE2,0,0,0
7980,Q14576,Q9H208,1,0.5365853658536585,0.4015570739717836,0.469071219912721,0,,,,,,,0,ELAVL3,OR10A2,0,0,0
7981,Q14576,Q02297,1,0.551219512195122,0.4015549160192704,0.4763872141071962,0,,,,,,,0,ELAVL3,NRG1,0,0,0
7988,Q14576,Q9P2F9,1,0.551219512195122,0.4015548095266559,0.4763871608608889,0,,,,,,,0,ELAVL3,ZNF319,0,0,0
8014,Q9H6N6,P21854,1,0.551219512195122,0.4015547833183114,0.4763871477567167,0,,,,,,,0,MYH16,CD72,0,0,0
8025,Q14576,Q9P1V8,1,0.551219512195122,0.4015548676643999,0.4763871899297609,0,,,,,,,0,ELAVL3,SAMD15,0,0,0
8026,Q14576,Q96K58,1,0.551219512195122,0.4015549540792039,0.4763872331371629,0,,,,,,,0,ELAVL3,ZNF668,0,0,0
8027,Q14576,Q9Y371,1,0.5219512195121951,0.4013930099958348,0.461672114754015,0,,,,,,,0,ELAVL3,SH3GLB1,0,0,0
8039,Q9H6N6,Q16651,1,0.551219512195122,0.401554775089277,0.4763871436421995,0,,,,,,,0,MYH16,PRSS8,0,0,0
8056,Q14576,O75381,1,0.7219512195121951,0.4013750068084777,0.5616631131603365,0,,,,,,,0,ELAVL3,PEX14,0,0,0
8060,Q9H6N6,Q9NRW3,1,0.526829268292683,0.4015550156084132,0.4641921419505481,0,,,,,,,0,MYH16,APOBEC3C,0,0,0
8061,Q9H6N6,P0CB48,1,0.551219512195122,0.4015548956123865,0.4763872039037542,0,,,,,,,0,MYH16,UBTFL6,0,0,0
8068,Q14576,P54278,1,0.551219512195122,0.4015546686651676,0.4763870904301448,0,,,,,,,0,ELAVL3,PMS2,0,0,0
8073,Q14576,Q9H346,1,0.526829268292683,0.4015603156638898,0.4641947919782864,0,,,,,,,0,ELAVL3,OR52D1,0,0,0
8081,Q9H6N6,Q71RH2,1,0.551219512195122,0.401554691163875,0.4763871016794985,0,,,,,,,0,MYH16,TLCD3B,0,0,0
8095,Q14576,Q12926,1,0.7658536585365854,0.4035435073915345,0.58469858296406,0,,,,,,,0,ELAVL3,ELAVL2,0,0,0
8111,Q14576,Q8IXK0,1,0.551219512195122,0.4015547912204583,0.4763871517077901,0,,,,,,,0,ELAVL3,PHC2,0,0,0
8117,Q9H6N6,Q8N0S6,1,0.551219512195122,0.4015548228925975,0.4763871675438597,0,,,,,,,0,MYH16,CENPL,0,0,0
8144,Q9H6N6,P57789,1,0.551219512195122,0.4015546980515044,0.4763871051233131,0,,,,,,,0,MYH16,KCNK10,0,0,0
8147,Q9Y6Q5,Q9P2F5,1,0.551219512195122,0.4015548504408986,0.4763871813180103,0,,,,,,,0,AP1M2,STOX2,0,0,0
8159,Q9H6N6,Q8N136,1,0.551219512195122,0.4015548510821308,0.4763871816386263,0,,,,,,,0,MYH16,DAW1,0,0,0
8169,Q9Y6Q5,Q7Z602,1,0.551219512195122,0.4015557110189872,0.4763876116070545,0,,,,,,,0,AP1M2,GPR141,0,0,0
8172,Q9Y6Q5,Q10567,1,0.7219512195121951,0.4013212303545374,0.5616362249333662,0,,,,,,,0,AP1M2,AP1B1,0,0,0
8176,Q9Y6Q5,P67775,1,0.551219512195122,0.4015548888880219,0.4763872005415719,0,,,,,,,0,AP1M2,PPP2CA,0,0,0
8181,Q9H6N6,Q14623,1,0.551219512195122,0.4015547970610382,0.4763871546280801,0,,,,,,,0,MYH16,IHH,0,0,0
8198,Q9Y6Q5,O95994,1,0.7268292682926829,0.4013080584870946,0.5640686633898888,0,,,,,,,0,AP1M2,AGR2,0,0,0
8199,Q9H6N6,Q15485,1,0.551219512195122,0.4015549217769101,0.476387216986016,0,,,,,,,0,MYH16,FCN2,0,0,0
8200,Q9H6N6,O00624,1,0.5365853658536585,0.4015549865651742,0.4690701762094163,0,,,,,,,0,MYH16,SLC17A2,0,0,0
8208,Q9H6N6,Q9NVV5,1,0.526829268292683,0.4015548927649974,0.4641920805288402,0,,,,,,,0,MYH16,AIG1,0,0,0
8225,Q15485,H7BZ55,1,0.5219512195121951,0.4016030168885742,0.4617771182003847,0,,,,,,,0,FCN2,CROCC2,0,0,0
8246,Q15485,P60411,1,0.5219512195121951,0.4017539031755155,0.4618525613438553,0,,,,,,,0,FCN2,KRTAP10-9,0,0,0
8256,Q9H6N6,Q9Y6N1,1,0.551219512195122,0.4015549471039349,0.4763872296495284,0,,,,,,,0,MYH16,COX11,0,0,0
8273,Q15397,Q13163,1,0.551219512195122,0.401554707055258,0.47638710962519,0,,,,,,,0,PUM3,MAP2K5,0,0,0
8286,Q15397,Q96MX3,1,0.7268292682926829,0.4013720457486732,0.564100657020678,0,,,,,,,0,PUM3,ZNF48,0,0,0
8293,Q15397,Q9NPH0,1,0.551219512195122,0.4015549164493067,0.4763872143222143,0,,,,,,,0,PUM3,ACP6,0,0,0
8325,Q15397,Q9Y2R4,1,0.7268292682926829,0.4013715583666978,0.5641004133296903,0,,,,,,,0,PUM3,DDX52,0,0,0
8343,Q15397,P32754,1,0.551219512195122,0.401554771915206,0.4763871420551639,0,,,,,,,0,PUM3,HPD,0,0,0
8351,Q9H6N6,Q9Y236,1,0.5219512195121951,0.4016028921473459,0.4617770558297705,0,,,,,,,0,MYH16,OSGIN2,0,0,0
8356,Q15397,Q9P2F5,1,0.551219512195122,0.4015548924825839,0.4763872023388529,0,,,,,,,0,PUM3,STOX2,0,0,0
8358,Q15397,Q99457,1,0.526829268292683,0.4015554125815548,0.4641923404371189,0,,,,,,,0,PUM3,NAP1L3,0,0,0
8368,Q15397,Q16222,1,0.551219512195122,0.4015549553521094,0.4763872337736157,0,,,,,,,0,PUM3,UAP1,0,0,0
8371,Q15397,Q96MK3,1,0.5219512195121951,0.4015555011308895,0.4617533603215423,0,,,,,,,0,PUM3,FAM20A,0,0,0
8386,Q15397,O00232,1,0.551219512195122,0.4015549817253376,0.4763872469602298,0,,,,,,,0,PUM3,PSMD12,0,0,0
8398,Q9H6N6,O15466,1,0.5219512195121951,0.4016029094291563,0.4617770644706757,0,,,,,,,0,MYH16,ST8SIA5,0,0,0
8404,Q15397,Q99496,1,0.7268292682926829,0.4013061750425832,0.5640677216676331,0,,,,,,,0,PUM3,RNF2,0,0,0
8408,Q15397,Q16719,1,0.551219512195122,0.4015548788046485,0.4763871954998853,0,,,,,,,0,PUM3,KYNU,0,0,0
8416,Q15397,P35453,1,0.526829268292683,0.4015550344182694,0.4641921513554762,0,,,,,,,0,PUM3,HOXD13,0,0,0
8420,Q15397,Q00325,1,0.551219512195122,0.4015546941795777,0.4763871031873498,0,,,,,,,0,PUM3,SLC25A3,0,0,0
8427,Q15397,Q96NX5,1,0.551219512195122,0.4015547142529938,0.4763871132240579,0,,,,,,,0,PUM3,CAMK1G,0,0,0
8437,Q15397,Q7Z602,1,0.551219512195122,0.4015549638330345,0.4763872380140782,0,,,,,,,0,PUM3,GPR141,0,0,0
8474,Q15397,P67775,1,0.551219512195122,0.4015546757582676,0.4763870939766947,0,,,,,,,0,PUM3,PPP2CA,0,0,0
8477,Q15397,Q8NGU1,1,0.551219512195122,0.4015550079611844,0.4763872600781532,0,,,,,,,0,PUM3,OR9A1P,0,0,0
8480,Q15397,Q6QN14,1,0.551219512195122,0.401554645722248,0.476387078958685,0,,,,,,,0,PUM3,USP17L6P,0,0,0
8490,Q15397,Q8WWZ8,1,0.5219512195121951,0.4015549176844408,0.461753068598318,0,,,,,,,0,PUM3,OIT3,0,0,0
8503,Q15397,Q92966,1,0.551219512195122,0.4015546507158723,0.4763870814554971,0,,,,,,,0,PUM3,SNAPC3,0,0,0
8525,Q15397,Q8IVV7,1,0.551219512195122,0.4015546756873651,0.4763870939412435,0,,,,,,,0,PUM3,GID4,0,0,0
8535,Q9H6N6,Q8N9Z9,1,0.551219512195122,0.4015547070546902,0.4763871096249061,0,,,,,,,0,MYH16,LMNTD1,0,0,0
8544,Q15397,P0DMS8,1,0.551219512195122,0.4015550562395727,0.4763872842173473,0,,,,,,,0,PUM3,ADORA3,0,0,0
8561,Q15397,Q86V59,1,0.751219512195122,0.4012263744988884,0.5762229433470052,0,,,,,,,0,PUM3,PNMA8A,0,0,0
8565,Q15397,P32780,1,0.526829268292683,0.4015548033196019,0.4641920358061424,0,,,,,,,0,PUM3,GTF2H1,0,0,0
8583,Q86YF9,Q86WT6,1,0.551219512195122,0.401554781702972,0.476387146949047,0,,,,,,,0,DZIP1,TRIM69,0,0,0
8587,Q9H6N6,Q13495,1,0.551219512195122,0.4015547236829039,0.4763871179390129,0,,,,,,,0,MYH16,MAMLD1,0,0,0
8592,Q15397,P39023,1,0.7317073170731707,0.4013212770959402,0.5665142970845555,0,,,,,,,0,PUM3,RPL3,0,0,0
8595,Q15397,P62714,1,0.551219512195122,0.4015546757378566,0.4763870939664892,0,,,,,,,0,PUM3,PPP2CB,0,0,0
8618,Q15397,Q13434,1,0.551219512195122,0.4015553275604555,0.4763874198777887,0,,,,,,,0,PUM3,MKRN4P,0,0,0
8622,Q15397,P50548,1,0.5365853658536585,0.4015551343173377,0.4690702500854981,0,,,,,,,0,PUM3,ERF,0,0,0
8633,Q15397,P49207,1,0.7268292682926829,0.4013061653878771,0.56406771684028,0,,,,,,,0,PUM3,RPL34,0,0,0
8647,Q15397,P31271,1,0.5219512195121951,0.4015550011471788,0.4617531103296869,0,,,,,,,0,PUM3,HOXA13,0,0,0
8651,Q15397,Q15759,1,0.551219512195122,0.4015547657890836,0.4763871389921028,0,,,,,,,0,PUM3,MAPK11,0,0,0
8652,Q15397,Q8NCB2,1,0.5219512195121951,0.4015551026410068,0.4617531610766009,0,,,,,,,0,PUM3,CAMKV,0,0,0
8659,Q15397,Q76G19,1,0.5219512195121951,0.4015551768043668,0.461753198158281,0,,,,,,,0,PUM3,PDZD4,0,0,0
8665,O15211,O00624,1,0.5365853658536585,0.4015548136007121,0.4690700897271853,0,,,,,,,0,RGL2,SLC17A2,0,0,0
8686,P49910,Q96K58,1,0.7219512195121951,0.4013096370929897,0.5616304283025924,0,,,,,,,0,ZNF165,ZNF668,0,0,0
8690,P49910,P60411,1,0.7268292682926829,0.4013081012609679,0.5640686847768254,0,,,,,,,0,ZNF165,KRTAP10-9,0,0,0
8694,P49910,Q14005,1,0.7463414634146343,0.4016772943287688,0.5740093788717016,0,,,,,,,0,ZNF165,IL16,0,0,0
8695,P49910,O43463,1,0.8048780487804879,0.4013727796069991,0.6031254141937434,0,,,,,,,0,ZNF165,SUV39H1,0,0,0
8696,P49910,Q96M83,1,0.526829268292683,0.4016031824389375,0.4642162253658102,0,,,,,,,0,ZNF165,CCDC7,0,0,0
8702,O00624,H7BZ55,1,0.5219512195121951,0.4016031066105874,0.4617771630613912,0,,,,,,,0,SLC17A2,CROCC2,0,0,0
8705,O00624,O95476,1,0.7219512195121951,0.401309806895557,0.561630513203876,0,,,,,,,0,SLC17A2,CTDNEP1,0,0,0
8712,O00624,Q9NP78,1,0.7219512195121951,0.4010339858821561,0.5614926026971756,0,,,,,,,0,SLC17A2,ABCB9,0,0,0
8716,Q9H6N6,Q7M4L6,1,0.551219512195122,0.4015549249337182,0.4763872185644201,0,,,,,,,0,MYH16,SHF,0,0,0
8727,O00624,O94989,1,0.5365853658536585,0.4015548185217916,0.469070092187725,0,,,,,,,0,SLC17A2,ARHGEF15,0,0,0
8730,O00624,Q9Y4R8,1,0.551219512195122,0.4015548940912575,0.4763872031431897,0,,,,,,,0,SLC17A2,TELO2,0,0,0
8733,O00624,Q6NXT4,1,0.7268292682926829,0.401371503101884,0.5641003856972835,0,,,,,,,0,SLC17A2,SLC30A6,0,0,0
8759,Q53SF7,Q96DC7,1,0.5219512195121951,0.4016033909142407,0.4617773052132179,0,,,,,,,0,COBLL1,TMCO6,0,0,0
8771,Q53SF7,A0A0B4J271,1,0.526829268292683,0.4016030783274099,0.4642161733100464,0,,,,,,,0,COBLL1,TRAV12-3,0,0,0
8797,Q53SF7,Q96HV5,1,0.526829268292683,0.4016032851143871,0.464216276703535,0,,,,,,,0,COBLL1,TMEM41A,0,0,0
8804,Q53SF7,Q16586,1,0.5219512195121951,0.4016032855957216,0.4617772525539584,0,,,,,,,0,COBLL1,SGCA,0,0,0
8810,Q53SF7,A0A096LP01,1,0.526829268292683,0.4016030181271094,0.4642161432098962,0,,,,,,,0,COBLL1,SMIM26,0,0,0
8814,Q9H6N6,Q9ULV4,1,0.551219512195122,0.4015549197334555,0.4763872159642887,0,,,,,,,0,MYH16,CORO1C,0,0,0
8823,Q53SF7,Q9UN30,1,0.751219512195122,0.4012262140663637,0.5762228631307429,0,,,,,,,0,COBLL1,SCML1,0,0,0
8833,Q53SF7,Q9UNN4,1,0.5219512195121951,0.4016031501991302,0.4617771848556626,0,,,,,,,0,COBLL1,GTF2A1L,0,0,0
8851,Q9H6N6,P98077,1,0.551219512195122,0.4015548493873723,0.4763871807912471,0,,,,,,,0,MYH16,SHC2,0,0,0
8873,Q9H6N6,Q6PF15,1,0.526829268292683,0.401554859834687,0.4641920640636849,0,,,,,,,0,MYH16,KLHL35,0,0,0
8881,Q9H6N6,Q969R8,1,0.551219512195122,0.4015547967179035,0.4763871544565127,0,,,,,,,0,MYH16,ITFG2,0,0,0
8884,P00439,A6H8Y1,1,0.551219512195122,0.4015546333586097,0.4763870727768658,0,,,,,,,0,PAH,BDP1,0,0,0
8893,Q9H6N6,A3QJZ7,1,0.551219512195122,0.4015549530106793,0.4763872326029006,0,,,,,,,0,MYH16,PRAMEF27,0,0,0
8912,A0MZ66,Q0VAQ4,1,0.5365853658536585,0.4015550180514668,0.4690701919525626,0,,,,,,,0,SHTN1,SMAGP,0,0,0
8931,A0MZ66,Q5QNW6,1,0.526829268292683,0.4015549934576184,0.4641921308751506,0,,,,,,,0,SHTN1,H2BC18,0,0,0
8940,A0MZ66,Q8N448,1,0.7268292682926829,0.4017536741658933,0.5642914712292881,0,,,,,,,0,SHTN1,LNX2,0,0,0
8944,Q9H6N6,Q86YJ6,1,0.551219512195122,0.4015548367235296,0.4763871744593257,0,,,,,,,0,MYH16,THNSL2,0,0,0
9057,Q9H6N6,Q6DN72,1,0.551219512195122,0.4015546101956826,0.4763870611954023,0,,,,,,,0,MYH16,FCRL6,0,0,0
9060,Q9H6N6,P0CB47,1,0.551219512195122,0.4015547041208326,0.4763871081579773,0,,,,,,,0,MYH16,UBTFL1,0,0,0
9147,A0MZ66,Q9UBT2,1,0.7268292682926829,0.4018861544970705,0.5643577113948767,0,,,,,,,0,SHTN1,UBA2,0,0,0
9173,A0MZ66,P62312,1,0.551219512195122,0.4015546390281764,0.4763870756116491,0,,,,,,,0,SHTN1,LSM6,0,0,0
9220,A0MZ66,O43914,1,0.551219512195122,0.4015548435522171,0.4763871778736696,0,,,,,,,0,SHTN1,TYROBP,0,0,0
9241,A0MZ66,Q02086,1,0.7268292682926829,0.4013074057562251,0.564068337024454,0,,,,,,,0,SHTN1,SP2,0,0,0
9242,A0MZ66,P49207,1,0.5365853658536585,0.401554644668751,0.4690700052612047,0,,,,,,,0,SHTN1,RPL34,0,0,0
9244,A0MZ66,P82932,1,0.551219512195122,0.4015546536300128,0.4763870829125674,0,,,,,,,0,SHTN1,MRPS6,0,0,0
9246,A0MZ66,Q8N257,1,0.551219512195122,0.4015547150955851,0.4763871136453536,0,,,,,,,0,SHTN1,H2BC26,0,0,0
9289,A0MZ66,Q19AV6,1,0.551219512195122,0.4015548328082165,0.4763871725016693,0,,,,,,,0,SHTN1,ZSWIM7,0,0,0
9292,Q9H6N6,Q9Y4R8,1,0.551219512195122,0.4015548796391153,0.4763871959171186,0,,,,,,,0,MYH16,TELO2,0,0,0
9293,Q9H6N6,O00322,1,0.551219512195122,0.4015546459833374,0.4763870790892297,0,,,,,,,0,MYH16,UPK1A,0,0,0
9299,P10073,P48048,1,0.5219512195121951,0.401555898293703,0.461753558902949,0,,,,,,,0,ZSCAN22,KCNJ1,0,0,0
9303,P10073,P27701,1,0.551219512195122,0.4015552073553167,0.4763873597752193,0,,,,,,,0,ZSCAN22,CD82,0,0,0
9305,P10073,Q5SVS4,1,0.551219512195122,0.4015553304318319,0.4763874213134769,0,,,,,,,0,ZSCAN22,SLC25A30,0,0,0
9308,P10073,Q4KMZ8,1,0.551219512195122,0.4015553274335274,0.4763874198143247,0,,,,,,,0,ZSCAN22,NKAIN1,0,0,0
9311,P10073,Q3YEC7,1,0.551219512195122,0.4015547266197162,0.476387119407419,0,,,,,,,0,ZSCAN22,RABL6,0,0,0
9314,P10073,Q8N1B3,1,0.551219512195122,0.401555091310366,0.476387301752744,0,,,,,,,0,ZSCAN22,CCNQ,0,0,0
9323,P10073,O75333,1,0.526829268292683,0.4015555258094881,0.4641923970510855,0,,,,,,,0,ZSCAN22,TBX10,0,0,0
9344,P10073,O60218,1,0.5365853658536585,0.4015551426042234,0.4690702542289409,0,,,,,,,0,ZSCAN22,AKR1B10,0,0,0
9365,Q9H6N6,Q15813,1,0.551219512195122,0.4015546375894788,0.4763870748923003,0,,,,,,,0,MYH16,TBCE,0,0,0
9385,P10073,Q96M43,1,0.526829268292683,0.4015551576387393,0.4641922129657111,0,,,,,,,0,ZSCAN22,NBPF4,0,0,0
9395,P10073,Q969J2,1,0.7268292682926829,0.4013072282671572,0.5640682482799201,0,,,,,,,0,ZSCAN22,ZKSCAN4,0,0,0
9428,P10073,Q96R48,1,0.551219512195122,0.4015560237979625,0.4763877679965422,0,,,,,,,0,ZSCAN22,OR2A5,0,0,0
9437,Q9H6N6,Q8NF37,1,0.551219512195122,0.4015546203365642,0.4763870662658431,0,,,,,,,0,MYH16,LPCAT1,0,0,0
9439,P10073,Q13084,1,0.526829268292683,0.4015552290529575,0.4641922486728202,0,,,,,,,0,ZSCAN22,MRPL28,0,0,0
9444,P10073,P56749,1,0.551219512195122,0.4015553569391247,0.4763874345671233,0,,,,,,,0,ZSCAN22,CLDN12,0,0,0
9462,P10073,A6H8Y1,1,0.526829268292683,0.4016030810167322,0.4642161746547075,0,,,,,,,0,ZSCAN22,BDP1,0,0,0
9463,P10073,Q8NFC6,1,0.5219512195121951,0.4016030460427531,0.4617771327774741,0,,,,,,,0,ZSCAN22,BOD1L1,0,0,0
9464,P10073,Q6P9G9,1,0.8,0.4010932350827434,0.6005466175413717,0,,,,,,,0,ZSCAN22,ZNF449,0,0,0
9495,Q14397,Q14203,1,0.5219512195121951,0.4016028736495187,0.4617770465808569,0,,,,,,,0,GCKR,DCTN1,0,0,0
9516,Q14397,Q9UNM6,1,0.526829268292683,0.4015551599178961,0.4641922141052895,0,,,,,,,0,GCKR,PSMD13,0,0,0
9533,Q14397,P60411,1,0.5219512195121951,0.4013069119523814,0.4616290657322882,0,,,,,,,0,GCKR,KRTAP10-9,0,0,0
9549,Q14397,Q13148,1,0.526829268292683,0.4015555073700248,0.4641923878313538,0,,,,,,,0,GCKR,TARDBP,0,0,0
9569,Q6NZY4,Q6A163,1,0.5365853658536585,0.4015551559211363,0.4690702608873973,0,,,,,,,0,ZCCHC8,KRT39,0,0,0
9572,Q6NZY4,Q58FG1,1,0.551219512195122,0.4015548431296067,0.4763871776623644,0,,,,,,,0,ZCCHC8,HSP90AA4P,0,0,0
9573,Q6NZY4,P48595,1,0.551219512195122,0.4015549376798424,0.4763872249374822,0,,,,,,,0,ZCCHC8,SERPINB10,0,0,0
9578,Q6NZY4,Q8NCK3,1,0.551219512195122,0.4015548779866665,0.4763871950908942,0,,,,,,,0,ZCCHC8,ZNF485,0,0,0
9592,Q6NZY4,Q8TAT5,1,0.551219512195122,0.4015546517927502,0.4763870819939361,0,,,,,,,0,ZCCHC8,NEIL3,0,0,0
9606,Q6NZY4,P35226,1,0.7219512195121951,0.4013213465866708,0.5616362830494329,0,,,,,,,0,ZCCHC8,BMI1,0,0,0
9620,Q6NZY4,Q8N344,1,0.551219512195122,0.4015546649466324,0.4763870885708772,0,,,,,,,0,ZCCHC8,MIER2,0,0,0
9622,Q6NZY4,Q14184,1,0.551219512195122,0.4015548296050158,0.4763871709000689,0,,,,,,,0,ZCCHC8,DOC2B,0,0,0
9631,Q6NZY4,Q7RTN6,1,0.551219512195122,0.4015551036155789,0.4763873079053504,0,,,,,,,0,ZCCHC8,STRADA,0,0,0
9633,Q6NZY4,Q5T5S1,1,0.5219512195121951,0.401555325688599,0.461753272600397,0,,,,,,,0,ZCCHC8,CCDC183,0,0,0
9640,Q6NZY4,Q99496,1,0.7219512195121951,0.4013210092069685,0.5616361143595818,0,,,,,,,0,ZCCHC8,RNF2,0,0,0
9643,Q6NZY4,P52298,1,0.7317073170731707,0.401320934416046,0.5665141257446084,0,,,,,,,0,ZCCHC8,NCBP2,0,0,0
9644,Q6NZY4,P0C1S8,1,0.551219512195122,0.401554836281339,0.4763871742382305,0,,,,,,,0,ZCCHC8,WEE2,0,0,0
9655,Q6NZY4,Q9UNM6,1,0.7365853658536585,0.4015176595475941,0.5690515127006264,0,,,,,,,0,ZCCHC8,PSMD13,0,0,0
9663,O75880,P36406,1,0.551219512195122,0.4015547741933597,0.4763871431942408,0,,,,,,,0,SCO1,TRIM23,0,0,0
9665,Q9NZW4,Q96MX3,1,0.551219512195122,0.401554742304758,0.47638712724994,0,,,,,,,0,DSPP,ZNF48,0,0,0
9674,Q6NZY4,Q2MV58,1,0.526829268292683,0.4015552767479761,0.4641922725203295,0,,,,,,,0,ZCCHC8,TCTN1,0,0,0
9675,Q6NZY4,A8MYV0,1,0.551219512195122,0.4015546090893567,0.4763870606422393,0,,,,,,,0,ZCCHC8,DCDC2C,0,0,0
9678,Q6NZY4,Q9UI47,1,0.526829268292683,0.4015547977737465,0.4641920330332147,0,,,,,,,0,ZCCHC8,CTNNA3,0,0,0
9679,Q6NZY4,Q8NEN0,1,0.551219512195122,0.4015555030924044,0.4763875076437632,0,,,,,,,0,ZCCHC8,ARMC2,0,0,0
9693,Q9NZW4,O15209,1,0.551219512195122,0.4015547983503297,0.4763871552727258,0,,,,,,,0,DSPP,ZBTB22,0,0,0
9695,Q6NZY4,P00390,1,0.526829268292683,0.4015546732577935,0.4641919707752382,0,,,,,,,0,ZCCHC8,GSR,0,0,0
9719,Q6NZY4,A7XYQ1,1,0.526829268292683,0.4015549923825753,0.4641921303376291,0,,,,,,,0,ZCCHC8,SOBP,0,0,0
9767,Q9P0L2,O15466,1,0.551219512195122,0.4015547679369259,0.4763871400660239,0,,,,,,,0,MARK1,ST8SIA5,0,0,0
9888,Q9P0L2,Q8IYB9,1,0.5219512195121951,0.4015547937807812,0.4617530066464881,0,,,,,,,0,MARK1,ZNF595,0,0,0
9895,Q6A163,Q58FG1,1,0.5365853658536585,0.401554911575764,0.4690701387147112,0,,,,,,,0,KRT39,HSP90AA4P,0,0,0
9920,O75159,Q15648,1,0.526829268292683,0.4016813760768926,0.4642553221847877,0,,,,,,,0,SOCS5,MED1,0,0,0
9923,O75159,Q969X1,1,0.7268292682926829,0.4014575668309404,0.5641434175618116,0,,,,,,,0,SOCS5,TMBIM1,0,0,0
9937,Q6P4F7,Q8NFC6,1,0.5219512195121951,0.4016811801606016,0.4618161998363984,0,,,,,,,0,ARHGAP11A,BOD1L1,0,0,0
9949,Q9UMS4,Q15022,1,0.7804878048780488,0.4014078996358872,0.590947852256968,0,,,,,,,0,PRPF19,SUZ12,0,0,0
9950,Q9NZW4,A0A096LP01,1,0.551219512195122,0.4016331572843012,0.4764263347397116,0,,,,,,,0,DSPP,SMIM26,0,0,0
9954,Q9UMS4,Q9NY27,1,0.7268292682926829,0.401416200014944,0.5641227341538134,0,,,,,,,0,PRPF19,PPP4R2,0,0,0
9955,Q9UMS4,Q99496,1,0.7268292682926829,0.4013074768540446,0.5640683725733637,0,,,,,,,0,PRPF19,RNF2,0,0,0
9956,Q9UMS4,P52298,1,0.8341463414634146,0.4013070214966448,0.6177266814800297,0,,,,,,,0,PRPF19,NCBP2,0,0,0
9960,Q9UMS4,Q9BYV6,1,0.7268292682926829,0.4013836169685277,0.5641064426306053,0,,,,,,,0,PRPF19,TRIM55,0,0,0
9961,Q9UMS4,Q56P03,1,0.7268292682926829,0.401307646028477,0.56406845716058,1,0.2002355712603062,,,,,,0,PRPF19,EAPP,0,0,0
9963,Q9UMS4,A6H8Y1,1,0.526829268292683,0.4016030271390897,0.4642161477158863,0,,,,,,,0,PRPF19,BDP1,0,0,0
9964,Q9UMS4,Q8NFC6,1,0.5219512195121951,0.4016030031227213,0.4617771113174582,0,,,,,,,0,PRPF19,BOD1L1,0,0,0
9965,Q9UMS4,P36957,1,0.7268292682926829,0.4014961015409057,0.5641626849167943,0,,,,,,,0,PRPF19,DLST,0,0,0
9966,Q9UMS4,P52272,1,0.7219512195121951,0.4013087468146269,0.5616299831634111,1,0.6372202591283863,,,,,,0,PRPF19,HNRNPM,0,0,0
9968,Q9UMS4,Q13148,1,0.7170731707317073,0.4010514260095686,0.5590622983706379,0,,,,,,,0,PRPF19,TARDBP,0,0,0
9969,Q9UMS4,O95994,1,0.7268292682926829,0.4014429658769156,0.5641361170847993,1,0.0176678445229682,,,,,,0,PRPF19,AGR2,0,0,0
9970,Q9UMS4,Q12972,1,0.7219512195121951,0.4013082272704731,0.5616297233913341,1,0.3180212014134275,,,,,,0,PRPF19,PPP1R8,0,0,0
9971,Q9UMS4,P49756,1,0.751219512195122,0.4011948875629054,0.5762071998790137,0,,,,,,,0,PRPF19,RBM25,0,0,0
9972,Q9UMS4,O43290,1,0.7463414634146343,0.4013071556051147,0.5738243095098745,0,,,,,,,0,PRPF19,SART1,0,0,0
9974,Q8IWF9,Q96MY7,1,0.7219512195121951,0.4013083544939915,0.5616297870030933,0,,,,,,,0,CCDC83,FAM161B,0,0,0
9987,Q8IWF9,Q6NUS6,1,0.526829268292683,0.4015551798567163,0.4641922240746996,0,,,,,,,0,CCDC83,TCTN3,0,0,0
10002,Q9NZW4,Q8IYJ2,1,0.526829268292683,0.4015551773090361,0.4641922228008595,0,,,,,,,0,DSPP,C10orf67,0,0,0
10008,Q8IWF9,P49756,1,0.5365853658536585,0.4015549047702765,0.4690701353119675,0,,,,,,,0,CCDC83,RBM25,0,0,0
10038,Q99719,P84077,1,0.6341463414634145,0.4015291707718872,0.5178377561176508,0,,,,,,,0,SEPTIN5,ARF1,0,0,0
10041,Q99719,P10074,1,0.551219512195122,0.4015548179926848,0.4763871650939034,0,,,,,,,0,SEPTIN5,ZBTB48,0,0,0
10062,Q99719,A8K0R7,1,0.551219512195122,0.4015548431934687,0.4763871776942953,0,,,,,,,0,SEPTIN5,ZNF839,0,0,0
10182,O96020,Q71RH2,1,0.5219512195121951,0.4015554711153778,0.4617533453137865,0,,,,,,,0,CCNE2,TLCD3B,0,0,0
10204,Q99719,Q9ULH7,1,0.551219512195122,0.4015546530051573,0.4763870826001396,0,,,,,,,0,SEPTIN5,MRTFB,0,0,0
10244,Q99719,Q9ULW0,1,0.551219512195122,0.4015548033696539,0.4763871577823879,0,,,,,,,0,SEPTIN5,TPX2,0,0,0
10494,Q5VSR9,Q8WXA9,1,0.5219512195121951,0.4015548808813284,0.4617530501967617,0,,,,,,,0,SPANXN1,SREK1,0,0,0
10620,P0DQD5,A6H8Y1,1,0.526829268292683,0.4016029211860127,0.4642160947393478,0,,,,,,,0,NPY4R2,BDP1,0,0,0
10621,P0DQD5,Q8NFC6,1,0.526829268292683,0.4016029145967525,0.4642160914447177,0,,,,,,,0,NPY4R2,BOD1L1,0,0,0
10662,Q9BRX8,P01742,1,0.526829268292683,0.401555894174364,0.4641925812335234,0,,,,,,,0,PRXL2A,IGHV1-69,0,0,0
10749,Q9BRX8,A0A0B4J2H0,1,0.526829268292683,0.4015558945519007,0.4641925814222918,0,,,,,,,0,PRXL2A,IGHV1-69D,0,0,0
10786,Q9BRX8,O60602,1,0.7268292682926829,0.4013062084029381,0.5640677383478105,0,,,,,,,0,PRXL2A,TLR5,0,0,0
10808,Q9BRX8,Q16799,1,0.7317073170731707,0.4013211085823263,0.5665142128277485,0,,,,,,,0,PRXL2A,RTN1,0,0,0
10814,Q9BRX8,O75167,1,0.551219512195122,0.4015548999761972,0.4763872060856596,0,,,,,,,0,PRXL2A,PHACTR2,0,0,0
10861,Q9BRX8,Q6P1L5,1,0.551219512195122,0.4015550600793769,0.4763872861372494,0,,,,,,,0,PRXL2A,FAM117B,0,0,0
10863,Q9BRX8,Q8N6G5,1,0.7268292682926829,0.401306211024294,0.5640677396584884,0,,,,,,,0,PRXL2A,CSGALNACT2,0,0,0
10869,Q9BRX8,P01782,1,0.551219512195122,0.4015547955658603,0.4763871538804911,0,,,,,,,0,PRXL2A,IGHV3-9,0,0,0
11003,Q58FG1,P17600,1,0.526829268292683,0.4015549959246005,0.4641921321086417,0,,,,,,,0,HSP90AA4P,SYN1,0,0,0
11006,Q58FG1,Q6P1K1,1,0.8292682926829269,0.4015177060443333,0.6153929993636301,0,,,,,,,0,HSP90AA4P,SLC48A1,0,0,0
11047,Q58FG1,Q8TAT5,1,0.551219512195122,0.4015548676657801,0.476387189930451,0,,,,,,,0,HSP90AA4P,NEIL3,0,0,0
11057,Q58FG1,Q13948,1,0.526829268292683,0.4015548243997275,0.4641920463462052,0,,,,,,,0,HSP90AA4P,CUX1,0,0,0
11070,Q58FG1,Q8IXW5,1,0.551219512195122,0.4015547336950476,0.4763871229450848,0,,,,,,,0,HSP90AA4P,RPAP2,0,0,0
11074,Q58FG1,O43900,1,0.8243902439024391,0.4013093016589546,0.6128497727806969,0,,,,,,,0,HSP90AA4P,PRICKLE3,0,0,0
11079,Q58FG1,P36957,1,0.8292682926829269,0.4020699903646161,0.6156691415237715,0,,,,,,,0,HSP90AA4P,DLST,0,0,0
11157,Q16891,Q15022,1,0.7853658536585365,0.4008382254522696,0.5931020395554031,0,,,,,,,0,IMMT,SUZ12,0,0,0
11159,Q16891,Q8N884,1,0.775609756097561,0.4014081515784703,0.5885089538380157,0,,,,,,,0,IMMT,CGAS,0,0,0
11164,Q16891,P35226,1,0.7268292682926829,0.4013065190866847,0.5640678936896838,0,,,,,,,0,IMMT,BMI1,0,0,0
11167,Q16891,Q14807,1,0.7219512195121951,0.4010353578731626,0.5614932886926789,0,,,,,,,0,IMMT,KIF22,0,0,0
11168,Q16891,O60701,1,0.526829268292683,0.4015551696219314,0.4641922189573071,0,,,,,,,0,IMMT,UGDH,0,0,0
11169,Q16891,Q9UJS0,1,0.7219512195121951,0.4013086334502035,0.5616299264811992,0,,,,,,,0,IMMT,SLC25A13,0,0,0
11170,Q16891,Q96TA2,1,0.8780487804878049,0.4011449995892119,0.6395968900385084,0,,,,,,,0,IMMT,YME1L1,0,0,0
11171,Q16891,Q96AE4,1,0.8292682926829269,0.4013092198340668,0.6152887562584969,0,,,,,,,0,IMMT,FUBP1,0,0,0
11172,Q16891,Q9P2H0,1,0.8195121951219512,0.4013229612808594,0.6104175782014053,0,,,,,,,0,IMMT,CEP126,0,0,0
11179,Q16891,P36957,1,0.7219512195121951,0.4013088205219076,0.5616300200170513,0,,,,,,,0,IMMT,DLST,0,0,0
11180,Q16891,Q8TDR0,1,0.7219512195121951,0.4011403149209064,0.5615457672165507,0,,,,,,,0,IMMT,TRAF3IP1,0,0,0
11181,Q16891,O95994,1,0.7219512195121951,0.40132242034519,0.5616368199286925,0,,,,,,,0,IMMT,AGR2,0,0,0
11185,P48048,Q08378,1,0.8292682926829269,0.4012267891685196,0.6152475409257232,0,,,,,,,0,KCNJ1,GOLGA3,0,0,0
11192,O96020,Q08999,1,0.8243902439024391,0.4014562983926314,0.6129232711475352,0,,,,,,,0,CCNE2,RBL2,0,0,0
11194,P48048,Q8NFC6,1,0.526829268292683,0.4016812768215617,0.4642552725571223,0,,,,,,,0,KCNJ1,BOD1L1,0,0,0
11231,Q15022,Q9P2K3,1,0.7414634146341462,0.4013703849604852,0.5714168997973157,0,,,,,,,0,SUZ12,RCOR3,0,0,0
11232,Q15022,Q5C9Z4,1,0.7219512195121951,0.4013244864185338,0.5616378529653645,0,,,,,,,0,SUZ12,NOM1,0,0,0
11233,Q15022,O75340,1,0.7463414634146343,0.4015309272417599,0.5739361953281971,0,,,,,,,0,SUZ12,PDCD6,0,0,0
11234,Q15022,P63279,1,0.7317073170731707,0.4013215575732973,0.566514437323234,0,,,,,,,0,SUZ12,UBE2I,0,0,0
11235,Q15022,Q8TED0,1,0.7707317073170732,0.4013183587469187,0.5860250330319959,0,,,,,,,0,SUZ12,UTP15,0,0,0
11236,Q15022,O15240,1,0.7219512195121951,0.4013088323543609,0.561630025933278,0,,,,,,,0,SUZ12,VGF,0,0,0
11237,Q15022,Q96SN8,1,0.7463414634146343,0.4015382003727037,0.573939831893669,0,,,,,,,0,SUZ12,CDK5RAP2,0,0,0
11238,Q15022,P35226,1,0.8341463414634146,0.401306938730065,0.6177266400967398,0,,,,,,,0,SUZ12,BMI1,0,0,0
11239,Q15022,Q02978,1,0.7219512195121951,0.4013219286003896,0.5616365740562923,0,,,,,,,0,SUZ12,SLC25A11,0,0,0
11240,Q15022,Q13127,1,0.7463414634146343,0.4015296152962715,0.5739355393554528,0,,,,,,,0,SUZ12,REST,0,0,0
11241,Q15022,Q99496,1,0.7268292682926829,0.4013069941665452,0.5640681312296141,0,,,,,,,0,SUZ12,RNF2,0,0,0
11242,Q15022,Q5T200,1,0.7317073170731707,0.4013213547332658,0.5665143359032183,0,,,,,,,0,SUZ12,ZC3H13,0,0,0
11243,Q15022,P13010,1,0.7219512195121951,0.4017407518533361,0.5618459856827656,0,,,,,,,0,SUZ12,XRCC5,0,0,0
11244,Q15022,P52298,1,0.7219512195121951,0.4013215334941739,0.5616363765031844,0,,,,,,,0,SUZ12,NCBP2,0,0,0
11246,Q15022,Q9HCM4,1,0.7219512195121951,0.4013921676596601,0.5616716935859276,0,,,,,,,0,SUZ12,EPB41L5,0,0,0
11247,Q15022,Q14966,1,0.7414634146341462,0.4015175327400265,0.5714904736870864,0,,,,,,,0,SUZ12,ZNF638,0,0,0
11248,Q15022,Q9BQA1,1,0.7463414634146343,0.4013063353336147,0.5738238993741245,0,,,,,,,0,SUZ12,WDR77,0,0,0
11250,Q15022,Q15293,1,0.7804878048780488,0.4014162354591487,0.5909520201685987,0,,,,,,,0,SUZ12,RCN1,0,0,0
11251,Q15022,P12532,1,0.7804878048780488,0.4014078868556217,0.5909478458668352,0,,,,,,,0,SUZ12,CKMT1B,0,0,0
11254,Q15022,Q8NFC6,1,0.526829268292683,0.401602945877337,0.46421610708501,0,,,,,,,0,SUZ12,BOD1L1,0,0,0
11255,Q15022,P30101,1,0.7463414634146343,0.4015317455080476,0.573936604461341,0,,,,,,,0,SUZ12,PDIA3,0,0,0
11256,Q15022,Q9BPX3,1,0.7414634146341462,0.4015316851421256,0.571497549888136,0,,,,,,,0,SUZ12,NCAPG,0,0,0
11274,Q15022,Q12972,1,0.7268292682926829,0.4013064807894733,0.5640678745410781,0,,,,,,,0,SUZ12,PPP1R8,0,0,0
11275,Q15022,O94972,1,0.7268292682926829,0.40130679006708,0.5640680291798814,0,,,,,,,0,SUZ12,TRIM37,0,0,0
11281,Q15022,O43290,1,0.7219512195121951,0.4013083120626013,0.5616297657873982,0,,,,,,,0,SUZ12,SART1,0,0,0
11282,Q15022,Q15003,1,0.7219512195121951,0.4013405271374133,0.5616458733248042,0,,,,,,,0,SUZ12,NCAPH,0,0,0
11288,Q5THK1,Q9Y5H2,1,0.551219512195122,0.4015546669814889,0.4763870895883054,0,,,,,,,0,PRR14L,PCDHGA11,0,0,0
11291,Q5THK1,Q9Y2J2,1,0.551219512195122,0.401554655905832,0.476387084050477,0,,,,,,,0,PRR14L,EPB41L3,0,0,0
11298,Q5THK1,Q4G0U5,1,0.551219512195122,0.4015546410950003,0.4763870766450611,0,,,,,,,0,PRR14L,CFAP221,0,0,0
11312,Q5THK1,Q10567,1,0.551219512195122,0.4015546964145932,0.4763871043048576,0,,,,,,,0,PRR14L,AP1B1,0,0,0
11315,Q5THK1,P67775,1,0.7414634146341462,0.4015173326310787,0.5714903736326125,0,,,,,,,0,PRR14L,PPP2CA,0,0,0
11325,Q5THK1,Q9NQ86,1,0.551219512195122,0.4015546151324029,0.4763870636637625,0,,,,,,,0,PRR14L,TRIM36,0,0,0
11326,Q5THK1,Q92889,1,0.551219512195122,0.4015546877373003,0.4763870999662111,0,,,,,,,0,PRR14L,ERCC4,0,0,0
11328,Q5THK1,P62714,1,0.7414634146341462,0.4015173326209326,0.5714903736275394,0,,,,,,,0,PRR14L,PPP2CB,0,0,0
11333,Q5THK1,Q9UPR6,1,0.551219512195122,0.4015546391106915,0.4763870756529067,0,,,,,,,0,PRR14L,ZFR2,0,0,0
11355,Q9UHV5,Q8NFC6,1,0.526829268292683,0.4016029218722613,0.4642160950824721,0,,,,,,,0,RAPGEFL1,BOD1L1,0,0,0
11359,Q9UHV5,Q8N2N9,1,0.5219512195121951,0.4016031458787347,0.4617771826954649,0,,,,,,,0,RAPGEFL1,ANKRD36B,0,0,0
11364,Q13163,Q02978,1,0.7219512195121951,0.4010352367416252,0.5614932281269102,0,,,,,,,0,MAP2K5,SLC25A11,0,0,0
11365,Q99742,Q9H6L2,1,0.526829268292683,0.4015552039419995,0.4641922361173412,0,,,,,,,0,NPAS1,TMEM231,0,0,0
11366,Q13163,Q8N448,1,0.8048780487804879,0.4013222505716686,0.6031001496760782,0,,,,,,,0,MAP2K5,LNX2,0,0,0
11369,Q13163,Q00325,1,0.7951219512195123,0.401145860357974,0.5981339057887431,0,,,,,,,0,MAP2K5,SLC25A3,0,0,0
11410,Q9H1K6,A0A0J9YX06,1,0.5219512195121951,0.4015552113145361,0.4617532154133656,0,,,,,,,0,TLNRD1,TRBJ1-2,0,0,0
11609,Q8N9K5,Q5T6V5,1,0.526829268292683,0.4015552766643861,0.4641922724785345,0,,,,,,,0,ZNF565,C9orf64,0,0,0
11621,Q8N9K5,Q9UKP6,1,0.5219512195121951,0.401634102648718,0.4617926610804566,0,,,,,,,0,ZNF565,UTS2R,0,0,0
11623,Q8N9K5,Q5VWQ0,1,0.526829268292683,0.4015548046836441,0.4641920364881635,0,,,,,,,0,ZNF565,RSBN1,0,0,0
11691,Q8N9K5,O75452,1,0.526829268292683,0.4015553305892884,0.4641922994409856,0,,,,,,,0,ZNF565,RDH16,0,0,0
11715,Q8NI08,Q06546,1,0.7268292682926829,0.4013077938576568,0.5640685310751699,0,,,,,,,0,NCOA7,GABPA,0,0,0
11777,Q9UMR7,Q9Y5H2,1,0.7317073170731707,0.4013216260999749,0.5665144715865729,0,,,,,,,0,CLEC4A,PCDHGA11,0,0,0
11781,Q9UMR7,Q9P2F5,1,0.5219512195121951,0.401603026305441,0.461777122908818,0,,,,,,,0,CLEC4A,STOX2,0,0,0
11814,Q9UMR7,Q8NFZ8,1,0.7365853658536585,0.4010011162686541,0.5687932410611563,0,,,,,,,0,CLEC4A,CADM4,0,0,0
11844,Q9UEG4,Q96MX3,1,0.7268292682926829,0.4013063395994994,0.5640678039460911,0,,,,,,,0,ZNF629,ZNF48,0,0,0
11847,Q9UEG4,Q96BP3,1,0.551219512195122,0.401555142932477,0.4763873275637995,0,,,,,,,0,ZNF629,PPWD1,0,0,0
11865,Q9UEG4,Q5VWQ0,1,0.7268292682926829,0.4013073013135238,0.5640682848031033,0,,,,,,,0,ZNF629,RSBN1,0,0,0
11866,Q9UEG4,Q2TBA0,1,0.526829268292683,0.4015551449273551,0.464192206610019,0,,,,,,,0,ZNF629,KLHL40,0,0,0
11935,Q99742,P43629,1,0.526829268292683,0.4015551022077778,0.4641921852502303,0,,,,,,,0,NPAS1,KIR3DL1,0,0,0
11949,Q9UEG4,Q9UQ72,1,0.551219512195122,0.401554799866202,0.476387156030662,0,,,,,,,0,ZNF629,PSG11,0,0,0
11967,Q9UEG4,Q7Z4V0,1,0.7268292682926829,0.4014130031333006,0.5641211357129917,0,,,,,,,0,ZNF629,ZNF438,0,0,0
11971,Q9UEG4,Q96K58,1,0.7268292682926829,0.4013062959848641,0.5640677821387735,0,,,,,,,0,ZNF629,ZNF668,0,0,0
11992,Q9UEG4,P05165,1,0.5219512195121951,0.401555081789464,0.4617531506508295,0,,,,,,,0,ZNF629,PCCA,0,0,0
11996,Q9UEG4,Q9P2H0,1,0.551219512195122,0.4015547687396985,0.4763871404674102,0,,,,,,,0,ZNF629,CEP126,0,0,0
12002,Q9UEG4,Q14966,1,0.526829268292683,0.4016028347612994,0.4642160515269912,0,,,,,,,0,ZNF629,ZNF638,0,0,0
12016,Q9UEG4,P0DJD7,1,0.551219512195122,0.4015547604316372,0.4763871363133796,0,,,,,,,0,ZNF629,PGA4,0,0,0
12060,Q99742,Q2YD98,1,0.5219512195121951,0.4015551810376294,0.4617532002749123,0,,,,,,,0,NPAS1,UVSSA,0,0,0
12071,Q9UEG4,Q5H9J9,1,0.7219512195121951,0.4013215610800117,0.5616363902961035,0,,,,,,,0,ZNF629,TCP11X2,0,0,0
12088,Q9UEG4,Q15643,1,0.551219512195122,0.4015546283140173,0.4763870702545696,0,,,,,,,0,ZNF629,TRIP11,0,0,0
12090,Q9UEG4,Q9ULE3,1,0.5219512195121951,0.4015552805063236,0.4617532500092594,0,,,,,,,0,ZNF629,DENND2A,0,0,0
12107,Q9UEG4,P39023,1,0.7219512195121951,0.4013211429767245,0.5616361812444598,0,,,,,,,0,ZNF629,RPL3,0,0,0
12158,Q9UEG4,Q8WV41,1,0.551219512195122,0.4015547847960946,0.4763871484956082,0,,,,,,,0,ZNF629,SNX33,0,0,0
12189,P27701,B4DZS4,1,0.551219512195122,0.4016332778673095,0.4764263950312157,0,,,,,,,0,CD82,TCP11X1,0,0,0
12190,P27701,Q8TC71,1,0.5365853658536585,0.4016334351042832,0.4691094004789708,0,,,,,,,0,CD82,SPATA18,0,0,0
12203,P27701,Q13087,1,0.526829268292683,0.4016332247824205,0.4642312465375517,0,,,,,,,0,CD82,PDIA2,0,0,0
12211,P27701,Q8IZ40,1,0.551219512195122,0.4016332379723669,0.4764263750837444,0,,,,,,,0,CD82,RCOR2,0,0,0
12214,Q99742,Q96Q11,1,0.5219512195121951,0.4016332385730862,0.4617922290426406,0,,,,,,,0,NPAS1,TRNT1,0,0,0
12216,P27701,Q8N9B8,1,0.551219512195122,0.40163323290426,0.476426372549691,0,,,,,,,0,CD82,RASGEF1A,0,0,0
12219,P27701,A6H8Y1,1,0.526829268292683,0.4016814784226933,0.4642553733576881,0,,,,,,,0,CD82,BDP1,0,0,0
12220,P27701,Q8NFC6,1,0.526829268292683,0.4016813893843971,0.46425532883854,0,,,,,,,0,CD82,BOD1L1,0,0,0
12222,P27701,P10828,1,0.5365853658536585,0.4016332488093786,0.4691093073315185,0,,,,,,,0,CD82,THRB,0,0,0
12223,P27701,Q5H9J9,1,0.551219512195122,0.4016332810865302,0.4764263966408261,0,,,,,,,0,CD82,TCP11X2,0,0,0
12227,Q99742,A8MV65,1,0.551219512195122,0.4016333355440282,0.4764264238695751,0,,,,,,,0,NPAS1,VGLL3,0,0,0
12228,Q99742,O00755,1,0.551219512195122,0.4016334683196387,0.4764264902573804,0,,,,,,,0,NPAS1,WNT7A,0,0,0
12229,P27701,Q6P9G9,1,0.551219512195122,0.4016330926030248,0.4764263023990734,0,,,,,,,0,CD82,ZNF449,0,0,0
12234,P27701,P07204,1,0.551219512195122,0.4015549778213806,0.4763872450082513,0,,,,,,,0,CD82,THBD,0,0,0
12282,Q5U649,P12644,1,0.8341463414634146,0.4013714030736691,0.6177588722685419,0,,,,,,,0,C12orf60,BMP4,0,0,0
12509,Q9NRR6,Q9P2M7,1,0.7414634146341462,0.4014919533894123,0.5714776840117792,0,,Q9NRR6,Q9P2M7,"psi-mi:""MI:2222""(inference by socio-affinity scoring)",taxid:9606(Homo sapiens),2.0,1,INPP5E,CGN,0,0,0
12516,Q9NRR6,Q14966,1,0.7414634146341462,0.4014925683590679,0.571477991496607,0,,,,,,,0,INPP5E,ZNF638,0,0,0
12517,Q9NRR6,Q7L804,1,0.7219512195121951,0.4013081677502405,0.5616296936312177,0,,Q9NRR6,Q7L804,"psi-mi:""MI:2222""(inference by socio-affinity scoring)",taxid:9606(Homo sapiens),2.0,1,INPP5E,RAB11FIP2,0,0,0
12538,Q5SVS4,A6H8Y1,1,0.526829268292683,0.4016030294929375,0.4642161488928102,0,,,,,,,0,SLC25A30,BDP1,0,0,0
12539,Q5SVS4,Q8NFC6,1,0.526829268292683,0.4016029651936847,0.4642161167431838,0,,,,,,,0,SLC25A30,BOD1L1,0,0,0
12540,Q5SVS4,Q5VWK0,1,0.551219512195122,0.4015550032172718,0.4763872577061969,0,,,,,,,0,SLC25A30,NBPF6,0,0,0
12547,Q5SVS4,Q9UBT2,1,0.526829268292683,0.4015550595915327,0.4641921639421078,0,,,,,,,0,SLC25A30,UBA2,0,0,0
12555,Q5SVS4,Q32MK0,1,0.551219512195122,0.4015552409780343,0.4763873765865781,0,,,,,,,0,SLC25A30,MYLK3,0,0,0
12564,Q8TC44,H7BZ55,1,0.5219512195121951,0.4016029486489945,0.4617770840805948,0,,,,,,,0,POC1B,CROCC2,0,0,0
12574,Q8TC44,Q9H3U1,1,0.7463414634146343,0.4013933437209956,0.573867403567815,0,,,,,,,0,POC1B,UNC45A,0,0,0
12577,Q86YF9,Q6DN72,1,0.551219512195122,0.4015548976170942,0.4763872049061081,0,,,,,,,0,DZIP1,FCRL6,0,0,0
12591,Q8TC44,O75410,1,0.7268292682926829,0.4013217031261479,0.5640754857094155,0,,,,,,,0,POC1B,TACC1,0,0,0
12666,Q8IX04,Q8N884,1,0.7219512195121951,0.4013091778437608,0.5616301986779779,0,,,,,,,0,UEVLD,CGAS,0,0,0
12671,Q8IX04,Q15648,1,0.526829268292683,0.4016032159614013,0.4642162421270421,0,,,,,,,0,UEVLD,MED1,0,0,0
12674,Q96RP8,Q08378,1,0.551219512195122,0.4015548259479955,0.4763871690715587,0,,,,,,,0,KCNA7,GOLGA3,0,0,0
12684,Q96RP8,Q13127,1,0.5219512195121951,0.4016030896123475,0.4617771545622713,0,,,,,,,0,KCNA7,REST,0,0,0
12692,Q96RP8,Q969J2,1,0.526829268292683,0.4015559438150228,0.4641926060538529,0,,,,,,,0,KCNA7,ZKSCAN4,0,0,0
12702,Q9H714,P14314,1,0.551219512195122,0.401555041165598,0.4763872766803599,0,,,,,,,0,RUBCNL,PRKCSH,0,0,0
12710,Q96RP8,Q99727,1,0.551219512195122,0.4015545311992345,0.4763870216971783,0,,,,,,,0,KCNA7,TIMP4,0,0,0
12754,Q96RP8,Q494V2,1,0.551219512195122,0.4015555124784228,0.4763875123367724,0,,,,,,,0,KCNA7,CFAP100,0,0,0
12767,Q96RP8,Q8NCX0,1,0.551219512195122,0.4015545306564484,0.4763870214257852,0,,,,,,,0,KCNA7,CCDC150,0,0,0
12794,Q9H714,Q11203,1,0.551219512195122,0.4015547993143905,0.4763871557547562,0,,,,,,,0,RUBCNL,ST3GAL3,0,0,0
12797,Q9H714,Q8IVI9,1,0.551219512195122,0.4015552988479051,0.4763874055215135,0,,,,,,,0,RUBCNL,NOSTRIN,0,0,0
12801,Q6P1K1,Q9P2M7,1,0.551219512195122,0.4015548214892733,0.4763871668421976,0,,,,,,,0,SLC48A1,CGN,0,0,0
12806,Q6P1K1,Q6PCB0,1,0.551219512195122,0.4015548501380787,0.4763871811666003,0,,,,,,,0,SLC48A1,VWA1,0,0,0
12830,Q6P1K1,P0C5J1,1,0.551219512195122,0.4015548264397714,0.4763871693174467,0,,,,,,,0,SLC48A1,FAM86B2,0,0,0
12831,Q6P1K1,Q9P2Y4,1,0.551219512195122,0.4015548548270222,0.4763871835110721,0,,,,,,,0,SLC48A1,ZNF219,0,0,0
12840,Q6P1K1,Q9Y6F7,1,0.526829268292683,0.4015552549502089,0.4641922616214459,0,,,,,,,0,SLC48A1,CDY2B,0,0,0
12841,Q6P1K1,Q9UNM6,1,0.526829268292683,0.4015547924729286,0.4641920303828057,0,,,,,,,0,SLC48A1,PSMD13,0,0,0
12848,Q6P1K1,P40121,1,0.551219512195122,0.4015551319251411,0.4763873220601315,0,,,,,,,0,SLC48A1,CAPG,0,0,0
12850,Q86YF9,O00322,1,0.526829268292683,0.4015549856252696,0.4641921269589762,0,,,,,,,0,DZIP1,UPK1A,0,0,0
12855,Q6P1K1,Q9BPX3,1,0.526829268292683,0.4016030293987365,0.4642161488457097,0,,,,,,,0,SLC48A1,NCAPG,0,0,0
12857,Q6P1K1,Q8N4P6,1,0.526829268292683,0.401555030527791,0.464192149410237,0,,,,,,,0,SLC48A1,LRRC71,0,0,0
12864,Q9H714,Q8NHS2,1,0.551219512195122,0.4015550631486992,0.4763872876719106,0,,,,,,,0,RUBCNL,GOT1L1,0,0,0
12870,Q6P1K1,Q13148,1,0.526829268292683,0.4015555100525464,0.4641923891726147,0,,,,,,,0,SLC48A1,TARDBP,0,0,0
12871,Q6P1K1,P53602,1,0.551219512195122,0.4015553015762018,0.4763874068856619,0,,,,,,,0,SLC48A1,MVD,0,0,0
12981,P47870,Q9NTN9,1,0.526829268292683,0.401555017896741,0.4641921430947119,0,,,,,,,0,GABRB2,SEMA4G,0,0,0
13027,Q9H714,O95104,1,0.551219512195122,0.4015547974412811,0.4763871548182015,0,,,,,,,0,RUBCNL,SCAF4,0,0,0
13083,P47870,Q8WZA2,1,0.551219512195122,0.4015546296349019,0.476387070915012,0,,,,,,,0,GABRB2,RAPGEF4,0,0,0
13161,Q9H714,Q15437,1,0.7268292682926829,0.4013724516072404,0.5641008599499616,0,,,,,,,0,RUBCNL,SEC23B,0,0,0
13180,Q4KMZ8,Q3YEC7,1,0.551219512195122,0.4015549858893572,0.4763872490422396,0,,,,,,,0,NKAIN1,RABL6,0,0,0
13186,Q4KMZ8,Q9UHQ9,1,0.7219512195121951,0.4013102331046085,0.5616307263084018,0,,,,,,,0,NKAIN1,CYB5R1,0,0,0
13202,Q4KMZ8,Q96M43,1,0.551219512195122,0.4015550176182355,0.4763872649066787,0,,,,,,,0,NKAIN1,NBPF4,0,0,0
13203,Q4KMZ8,Q9H8X9,1,0.551219512195122,0.4015550757323697,0.4763872939637458,0,,,,,,,0,NKAIN1,ZDHHC11,0,0,0
13211,Q4KMZ8,Q9BWL3,1,0.7219512195121951,0.4014151629925184,0.5616831912523568,0,,,,,,,0,NKAIN1,C1orf43,0,0,0
13218,Q4KMZ8,O00300,1,0.526829268292683,0.4015552133522577,0.4641922408224703,0,,,,,,,0,NKAIN1,TNFRSF11B,0,0,0
13221,Q4KMZ8,Q9NXH9,1,0.5365853658536585,0.4015550847859356,0.469070225319797,0,,,,,,,0,NKAIN1,TRMT1,0,0,0
13228,Q4KMZ8,P12532,1,0.5219512195121951,0.4015552801510821,0.4617532498316386,0,,,,,,,0,NKAIN1,CKMT1B,0,0,0
13230,Q4KMZ8,A6H8Y1,1,0.526829268292683,0.4016031447675127,0.4642162065300978,0,,,,,,,0,NKAIN1,BDP1,0,0,0
13231,Q4KMZ8,Q8NFC6,1,0.526829268292683,0.401602995688922,0.4642161319908024,0,,,,,,,0,NKAIN1,BOD1L1,0,0,0
13232,Q4KMZ8,Q8IWR1,1,0.526829268292683,0.4015547983965156,0.4641920333445992,0,,,,,,,0,NKAIN1,TRIM59,0,0,0
13234,Q4KMZ8,Q9NU63,1,0.5365853658536585,0.4015553338154277,0.4690703498345431,0,,,,,,,0,NKAIN1,ZFP57,0,0,0
13235,Q4KMZ8,Q5VWK0,1,0.551219512195122,0.4015547998057606,0.4763871560004413,0,,,,,,,0,NKAIN1,NBPF6,0,0,0
13236,Q4KMZ8,Q6P9G9,1,0.551219512195122,0.4015549240209373,0.4763872181080296,0,,,,,,,0,NKAIN1,ZNF449,0,0,0
13238,Q4KMZ8,Q6NSJ5,1,0.7268292682926829,0.4013063718187736,0.5640678200557283,0,,,,,,,0,NKAIN1,LRRC8E,0,0,0
13246,Q4KMZ8,Q9Y606,1,0.5365853658536585,0.4015552513469647,0.4690703086003115,0,,,,,,,0,NKAIN1,PUS1,0,0,0
13252,Q4KMZ8,Q9UBT2,1,0.551219512195122,0.4015548333426839,0.4763871727689029,0,,,,,,,0,NKAIN1,UBA2,0,0,0
13255,Q4KMZ8,P07204,1,0.551219512195122,0.401555009047564,0.476387260621343,0,,,,,,,0,NKAIN1,THBD,0,0,0
13266,Q9H714,Q9H2S6,1,0.551219512195122,0.4015546817633413,0.4763870969792316,0,,,,,,,0,RUBCNL,TNMD,0,0,0
13268,Q9H714,Q86W34,1,0.551219512195122,0.4015546505186051,0.4763870813568636,0,,,,,,,0,RUBCNL,AMZ2,0,0,0
13276,Q4KMZ8,Q32MK0,1,0.551219512195122,0.4015548023501646,0.4763871572726433,0,,,,,,,0,NKAIN1,MYLK3,0,0,0
13282,Q4KMZ8,Q16563,1,0.5219512195121951,0.4015564819263506,0.4617538507192729,0,,,,,,,0,NKAIN1,SYPL1,0,0,0
13309,Q8NH49,Q6P1N0,1,0.551219512195122,0.4015546649966496,0.4763870885958858,0,,,,,,,0,OR4X1,CC2D1A,0,0,0
13340,Q9H714,Q17R89,1,0.526829268292683,0.4015549463094167,0.4641921073010498,0,,,,,,,0,RUBCNL,ARHGAP44,0,0,0
13341,Q9H714,Q6ZT21,1,0.526829268292683,0.4015552069549,0.4641922376237914,0,,,,,,,0,RUBCNL,TMPPE,0,0,0
13351,Q8NH49,Q02297,1,0.551219512195122,0.4015551048304187,0.4763873085127703,0,,,,,,,0,OR4X1,NRG1,0,0,0
13364,Q8NH49,Q9P2F9,1,0.551219512195122,0.4016332294060019,0.4764263708005619,0,,,,,,,0,OR4X1,ZNF319,0,0,0
13371,Q8NH49,Q7Z7B0,1,0.551219512195122,0.4015546062459192,0.4763870592205206,0,,,,,,,0,OR4X1,FILIP1,0,0,0
13388,Q86YF9,Q15813,1,0.551219512195122,0.4015548524084157,0.4763871823017688,0,,,,,,,0,DZIP1,TBCE,0,0,0
13428,Q8NH49,P0C7V9,1,0.5219512195121951,0.4015553871522611,0.4617533033322281,0,,,,,,,0,OR4X1,METTL15P1,0,0,0
13430,Q8NH49,P09211,1,0.551219512195122,0.401555440251207,0.4763874762231644,0,,,,,,,0,OR4X1,GSTP1,0,0,0
13431,Q8NH49,Q969Q5,1,0.5219512195121951,0.401634168168045,0.46179269384012,0,,,,,,,0,OR4X1,RAB24,0,0,0
13459,Q8NH49,Q9P1V8,1,0.551219512195122,0.401554879535026,0.476387195865074,0,,,,,,,0,OR4X1,SAMD15,0,0,0
13463,Q8NH49,Q96K58,1,0.5365853658536585,0.4015551535410678,0.4690702596973631,0,,,,,,,0,OR4X1,ZNF668,0,0,0
13465,Q8NH49,O15381,1,0.551219512195122,0.4015546582620439,0.476387085228583,0,,,,,,,0,OR4X1,NVL,0,0,0
13480,Q8NH49,P28676,1,0.526829268292683,0.4016340989029227,0.4642316835978028,0,,,,,,,0,OR4X1,GCA,0,0,0
13481,Q8NH49,Q9BYV6,1,0.551219512195122,0.4016334128876101,0.476426462541366,0,,,,,,,0,OR4X1,TRIM55,0,0,0
13563,Q9H714,Q96G74,1,0.526829268292683,0.4015554101943142,0.4641923392434985,0,,,,,,,0,RUBCNL,OTUD5,0,0,0
13569,Q8NH49,P54278,1,0.551219512195122,0.4015547300933547,0.4763871211442383,0,,,,,,,0,OR4X1,PMS2,0,0,0
13583,Q8NH49,P60411,1,0.5219512195121951,0.4013734968603513,0.4616623581862732,0,,,,,,,0,OR4X1,KRTAP10-9,0,0,0
13615,Q9H714,Q96T51,1,0.7268292682926829,0.4013850850887738,0.5641071766907284,0,,Q9H714,Q96T51,"psi-mi:""MI:0007""(anti tag coimmunoprecipitation)",taxid:9606(Homo sapiens),2.0,1,RUBCNL,RUFY1,0,0,0
13666,Q9H714,Q8NDV3,1,0.5219512195121951,0.4016030668870301,0.4617771431996126,0,,,,,,,0,RUBCNL,SMC1B,0,0,0
13672,Q8NH49,Q8IXK0,1,0.526829268292683,0.401633256993469,0.464231262643076,0,,,,,,,0,OR4X1,PHC2,0,0,0
13706,Q9H714,Q15648,1,0.526829268292683,0.4016029875749256,0.4642161279338043,0,,,,,,,0,RUBCNL,MED1,0,0,0
13721,Q8NCK3,Q9UI47,1,0.526829268292683,0.4015551007832914,0.4641921845379871,0,,,,,,,0,ZNF485,CTNNA3,0,0,0
13722,Q8NCK3,Q8NEN0,1,0.551219512195122,0.401555298404546,0.476387405299834,0,,,,,,,0,ZNF485,ARMC2,0,0,0
13792,Q9P2K3,Q0VG06,1,0.526829268292683,0.4015551582684225,0.4641922132805527,0,,,,,,,0,RCOR3,FAAP100,0,0,0
13807,Q9P2K3,Q8IZP0,1,0.7219512195121951,0.4012228354479516,0.5615870274800734,0,,,,,,,0,RCOR3,ABI1,0,0,0
13859,Q9P2K3,Q5VSY0,1,0.7268292682926829,0.4013718709705791,0.564100569631631,0,,,,,,,0,RCOR3,GKAP1,0,0,0
13864,Q9P2K3,P49756,1,0.5219512195121951,0.4015548280448825,0.4617530237785388,0,,,,,,,0,RCOR3,RBM25,0,0,0
13892,Q9BQI7,P54278,1,0.7219512195121951,0.4013083805386627,0.561629800025429,0,,,,,,,0,PSD2,PMS2,0,0,0
13895,Q9BQI7,Q8NFC6,1,0.526829268292683,0.401602984824526,0.4642161265586044,0,,,,,,,0,PSD2,BOD1L1,0,0,0
13905,Q96MX3,O15381,1,0.7463414634146343,0.401530900885382,0.5739361821500082,0,,,,,,,0,ZNF48,NVL,0,0,0
13908,Q96MX3,O00512,1,0.551219512195122,0.4015547429058878,0.4763871275505049,0,,,,,,,0,ZNF48,BCL9,0,0,0
13912,Q96MX3,A0A0B4J271,1,0.551219512195122,0.4015549523126558,0.4763872322538889,0,,,,,,,0,ZNF48,TRAV12-3,0,0,0
13953,Q96MX3,Q6UX07,1,0.526829268292683,0.4015552022879927,0.4641922352903378,0,,,,,,,0,ZNF48,DHRS13,0,0,0
13956,Q96MX3,Q96HV5,1,0.551219512195122,0.4015555385797087,0.4763875253874153,0,,,,,,,0,ZNF48,TMEM41A,0,0,0
13968,Q96MX3,Q14692,1,0.7268292682926829,0.4013065665015389,0.5640679173971109,0,,,,,,,0,ZNF48,BMS1,0,0,0
13972,Q96MX3,Q16586,1,0.5365853658536585,0.4015556648034489,0.4690705153285537,0,,,,,,,0,ZNF48,SGCA,0,0,0
13977,Q96MX3,O75410,1,0.7268292682926829,0.4013065002395102,0.5640678842660966,0,,,,,,,0,ZNF48,TACC1,0,0,0
13979,Q96MX3,A0A096LP01,1,0.551219512195122,0.4015548568358195,0.4763871845154707,0,,,,,,,0,ZNF48,SMIM26,0,0,0
13986,Q96MX3,P39023,1,0.7268292682926829,0.4013216992152624,0.5640754837539727,0,,,,,,,0,ZNF48,RPL3,0,0,0
14008,Q96PU9,Q6P1N0,1,0.526829268292683,0.4015550013029507,0.4641921347978168,0,,,,,,,0,ODF3,CC2D1A,0,0,0
14039,Q96PU9,Q9P2F9,1,0.551219512195122,0.4015547684354723,0.4763871403152971,0,,,,,,,0,ODF3,ZNF319,0,0,0
14063,Q96PU9,Q9P1V8,1,0.526829268292683,0.4015548175405556,0.4641920429166193,0,,,,,,,0,ODF3,SAMD15,0,0,0
14066,Q96PU9,Q96K58,1,0.551219512195122,0.4015547078246981,0.4763871100099101,0,,,,,,,0,ODF3,ZNF668,0,0,0
14067,Q96PU9,O15381,1,0.551219512195122,0.4015549061459612,0.4763872091705415,0,,,,,,,0,ODF3,NVL,0,0,0
14071,Q86YF9,Q5SWL8,1,0.551219512195122,0.4015550891302953,0.4763873006627086,0,,,,,,,0,DZIP1,PRAMEF19,0,0,0
14096,Q96PU9,P19087,1,0.551219512195122,0.4015550860610477,0.4763872991280848,0,,,,,,,0,ODF3,GNAT2,0,0,0
14105,Q96PU9,Q96RU8,1,0.551219512195122,0.4015551617924013,0.4763873369937617,0,,,,,,,0,ODF3,TRIB1,0,0,0
14119,Q96PU9,P54278,1,0.551219512195122,0.4015547101864286,0.4763871111907752,0,,,,,,,0,ODF3,PMS2,0,0,0
14144,Q96PU9,A8MXT2,1,0.5219512195121951,0.4015552555441889,0.461753237528192,0,,,,,,,0,ODF3,MAGEB17,0,0,0
14155,Q96PU9,Q12926,1,0.551219512195122,0.4015556549024567,0.4763875835487893,0,,,,,,,0,ODF3,ELAVL2,0,0,0
14164,Q96PU9,P55916,1,0.526829268292683,0.4015557683235761,0.4641925183081295,0,,,,,,,0,ODF3,UCP3,0,0,0
14165,Q96PU9,P12429,1,0.551219512195122,0.4015558640352515,0.4763876881151867,0,,,,,,,0,ODF3,ANXA3,0,0,0
14169,Q96PU9,A0A0J9YX57,1,0.551219512195122,0.4015550401106904,0.4763872761529062,0,,,,,,,0,ODF3,MAGEB6B,0,0,0
14185,Q96PU9,Q8IXK0,1,0.551219512195122,0.4015548450303656,0.4763871786127438,0,,,,,,,0,ODF3,PHC2,0,0,0
14219,Q3YEC7,Q8N1B3,1,0.551219512195122,0.4015548093446616,0.4763871607698918,0,,,,,,,0,RABL6,CCNQ,0,0,0
14220,Q3YEC7,Q8N884,1,0.551219512195122,0.4015550840980993,0.4763872981466106,0,,,,,,,0,RABL6,CGAS,0,0,0
14238,Q3YEC7,O60684,1,0.551219512195122,0.4015553242349171,0.4763874182150195,0,,,,,,,0,RABL6,KPNA6,0,0,0
14244,Q3YEC7,Q9H1Z4,1,0.551219512195122,0.4015549282405335,0.4763872202178277,0,,,,,,,0,RABL6,WDR13,0,0,0
14250,Q3YEC7,Q8NBP5,1,0.551219512195122,0.4015554815557581,0.47638749687544,0,,,,,,,0,RABL6,MFSD9,0,0,0
14252,Q3YEC7,P12644,1,0.551219512195122,0.4015549724544822,0.4763872423248021,0,,,,,,,0,RABL6,BMP4,0,0,0
14254,Q3YEC7,O60218,1,0.551219512195122,0.401554784259363,0.4763871482272425,0,,,,,,,0,RABL6,AKR1B10,0,0,0
14258,Q3YEC7,A8MW95,1,0.551219512195122,0.4015553315532887,0.4763874218742053,0,,,,,,,0,RABL6,BECN2,0,0,0
14265,A8MUL3,Q9BRX8,1,0.5219512195121951,0.4015553275343193,0.4617532735232572,0,,,,,,,0,ADARB2-AS1,PRXL2A,0,0,0
14272,Q3YEC7,Q8TC71,1,0.551219512195122,0.40155504167247,0.476387276933796,0,,,,,,,0,RABL6,SPATA18,0,0,0
14281,Q3YEC7,Q02252,1,0.551219512195122,0.4015550961095017,0.4763873041523118,0,,,,,,,0,RABL6,ALDH6A1,0,0,0
14292,Q3YEC7,Q96M43,1,0.526829268292683,0.4015559803971843,0.4641926243449336,0,,,,,,,0,RABL6,NBPF4,0,0,0
14294,Q3YEC7,Q9H8X9,1,0.551219512195122,0.4015549958146399,0.4763872540048809,0,,,,,,,0,RABL6,ZDHHC11,0,0,0
14296,Q3YEC7,Q14542,1,0.551219512195122,0.4015555901341892,0.4763875511646556,0,,,,,,,0,RABL6,SLC29A2,0,0,0
14301,Q3YEC7,Q9UEW8,1,0.526829268292683,0.4015551643428988,0.4641922163177908,0,,,,,,,0,RABL6,STK39,0,0,0
14317,Q3YEC7,Q96R48,1,0.551219512195122,0.4015551717970294,0.4763873419960757,0,,,,,,,0,RABL6,OR2A5,0,0,0
14328,Q3YEC7,O00300,1,0.551219512195122,0.4015548954690457,0.4763872038320839,0,,,,,,,0,RABL6,TNFRSF11B,0,0,0
14329,Q3YEC7,Q13084,1,0.551219512195122,0.4015548516494953,0.4763871819223086,0,,,,,,,0,RABL6,MRPL28,0,0,0
14330,Q3YEC7,Q9H0X4,1,0.551219512195122,0.4015554802715501,0.476387496233336,0,,,,,,,0,RABL6,FAM234A,0,0,0
14335,Q3YEC7,Q5T2R2,1,0.551219512195122,0.4015548316354004,0.4763871719152612,0,,,,,,,0,RABL6,PDSS1,0,0,0
14337,Q3YEC7,P56749,1,0.551219512195122,0.401554956177297,0.4763872341862095,0,,,,,,,0,RABL6,CLDN12,0,0,0
14339,Q3YEC7,Q8IZ40,1,0.551219512195122,0.401555112997736,0.4763873125964289,0,,,,,,,0,RABL6,RCOR2,0,0,0
14358,Q3YEC7,Q8N9B8,1,0.551219512195122,0.4015550341050201,0.476387273150071,0,,,,,,,0,RABL6,RASGEF1A,0,0,0
14361,Q3YEC7,Q15293,1,0.551219512195122,0.4015547416871193,0.4763871269411206,0,,,,,,,0,RABL6,RCN1,0,0,0
14363,Q3YEC7,Q9Y2A9,1,0.551219512195122,0.4015551077971056,0.4763873099961138,0,,,,,,,0,RABL6,B3GNT3,0,0,0
14364,Q3YEC7,Q9GZX7,1,0.551219512195122,0.4015548497904397,0.4763871809927809,0,,,,,,,0,RABL6,AICDA,0,0,0
14369,Q3YEC7,P12532,1,0.551219512195122,0.4015549485603045,0.4763872303777132,0,,,,,,,0,RABL6,CKMT1B,0,0,0
14371,Q3YEC7,Q6ZMJ4,1,0.551219512195122,0.4015549433797355,0.4763872277874287,0,,,,,,,0,RABL6,IL34,0,0,0
14375,Q3YEC7,A6H8Y1,1,0.5219512195121951,0.4016028818797393,0.4617770506959672,0,,,,,,,0,RABL6,BDP1,0,0,0
14378,Q3YEC7,Q8NFC6,1,0.5219512195121951,0.401602837876501,0.461777028694348,0,,,,,,,0,RABL6,BOD1L1,0,0,0
14381,Q3YEC7,Q8IWR1,1,0.526829268292683,0.4015551050629626,0.4641921866778228,0,,,,,,,0,RABL6,TRIM59,0,0,0
14382,Q3YEC7,P36957,1,0.7268292682926829,0.4013064832870078,0.5640678757898454,0,,,,,,,0,RABL6,DLST,0,0,0
14383,Q3YEC7,P10828,1,0.551219512195122,0.4015549183710765,0.4763872152830992,0,,,,,,,0,RABL6,THRB,0,0,0
14384,Q3YEC7,Q9NU63,1,0.551219512195122,0.4015547340392236,0.4763871231171728,0,,,,,,,0,RABL6,ZFP57,0,0,0
14385,Q3YEC7,Q5VWK0,1,0.526829268292683,0.4015560262489516,0.4641926472708172,0,,,,,,,0,RABL6,NBPF6,0,0,0
14386,Q3YEC7,Q6P9G9,1,0.526829268292683,0.4015550539177752,0.4641921611052291,0,,,,,,,0,RABL6,ZNF449,0,0,0
14387,Q3YEC7,Q8NDC0,1,0.551219512195122,0.4015546809306474,0.4763870965628847,0,,,,,,,0,RABL6,MAPK1IP1L,0,0,0
14393,Q3YEC7,Q9HA72,1,0.526829268292683,0.4016335912504571,0.46423142977157,0,,,,,,,0,RABL6,CALHM2,0,0,0
14400,Q3YEC7,Q9UN19,1,0.526829268292683,0.4015551940749594,0.4641922311838211,0,,,,,,,0,RABL6,DAPP1,0,0,0
14405,Q3YEC7,Q3KPI0,1,0.526829268292683,0.401633390156921,0.464231329224802,0,,,,,,,0,RABL6,CEACAM21,0,0,0
14406,Q3YEC7,Q92187,1,0.526829268292683,0.4015552521083547,0.4641922602005188,0,,,,,,,0,RABL6,ST8SIA4,0,0,0
14412,Q9NVV5,H7BZ55,1,0.5219512195121951,0.4016813510480194,0.4618162852801072,0,,,,,,,0,AIG1,CROCC2,0,0,0
14414,Q9NVV5,Q8TB24,1,0.5219512195121951,0.4016813360638586,0.4618162777880268,0,,,,,,,0,AIG1,RIN3,0,0,0
14418,Q9NVV5,P47871,1,0.7268292682926829,0.4014419113063757,0.5641355897995293,0,,,,,,,0,AIG1,GCGR,0,0,0
14428,Q9NVV5,Q9BYQ4,1,0.5219512195121951,0.4016301063971951,0.4617906629546951,0,,,,,,,0,AIG1,KRTAP9-2,0,0,0
14441,Q9NVV5,P07204,1,0.7268292682926829,0.4013217006987199,0.5640754844957014,0,,,,,,,0,AIG1,THBD,0,0,0
14445,Q9NVV5,Q9Y4R8,1,0.526829268292683,0.4015548760289533,0.4641920721608181,0,,,,,,,0,AIG1,TELO2,0,0,0
14453,O75880,Q16891,1,0.7804878048780488,0.4014155499003675,0.5909516773892082,0,,,,,,,0,SCO1,IMMT,0,0,0
14518,P57729,O75167,1,0.5365853658536585,0.4015549424932664,0.4690701541734624,0,,,,,,,0,RAB38,PHACTR2,0,0,0
14543,P57729,Q969X2,1,0.7268292682926829,0.4013068036959749,0.5640680359943289,0,,,,,,,0,RAB38,ST6GALNAC6,0,0,0
14557,P57729,P51608,1,0.8341463414634146,0.4013069596104801,0.6177266505369473,0,,,,,,,0,RAB38,MECP2,0,0,0
14583,Q96NL0,Q13188,1,0.7219512195121951,0.4014165634494373,0.5616838914808162,0,,,,,,,0,RUNDC3B,STK3,0,0,0
14590,P17858,Q99496,1,0.7268292682926829,0.4013069527195698,0.5640681105061264,0,,,,,,,0,PFKL,RNF2,0,0,0
14660,P17858,Q5TB80,1,0.7317073170731707,0.4013212218584686,0.5665142694658196,0,,,,,,,0,PFKL,CEP162,0,0,0
14668,A8MUL3,O75167,1,0.526829268292683,0.401554705844401,0.464191987068542,0,,,,,,,0,ADARB2-AS1,PHACTR2,0,0,0
14735,P17858,P21580,1,0.7268292682926829,0.4013722367269804,0.5641007525098316,0,,,,,,,0,PFKL,TNFAIP3,0,0,0
14903,Q6P1N0,Q8NGK3,1,0.551219512195122,0.4015547878202478,0.4763871500076849,0,,,,,,,0,CC2D1A,OR52K2,0,0,0
14904,Q6P1N0,Q8NH41,1,0.551219512195122,0.4015548200475841,0.476387166121353,0,,,,,,,0,CC2D1A,OR4K15,0,0,0
14909,Q6P1N0,P58182,1,0.551219512195122,0.4015548252089916,0.4763871687020568,0,,,,,,,0,CC2D1A,OR12D2,0,0,0
14912,Q6P1N0,Q02297,1,0.551219512195122,0.4015547634345948,0.4763871378148584,0,,,,,,,0,CC2D1A,NRG1,0,0,0
14913,Q6P1N0,Q14203,1,0.7219512195121951,0.4013223629950884,0.5616367912536417,0,,,,,,,0,CC2D1A,DCTN1,0,0,0
14914,Q6P1N0,Q9H341,1,0.551219512195122,0.4015547811894331,0.4763871466922775,0,,,,,,,0,CC2D1A,OR51M1,0,0,0
14917,Q6P1N0,Q6IEG0,1,0.526829268292683,0.4015549054491553,0.4641920868709191,0,,,,,,,0,CC2D1A,SNRNP48,0,0,0
14926,Q6P1N0,Q8NGA5,1,0.551219512195122,0.4015547789532214,0.4763871455741717,0,,,,,,,0,CC2D1A,OR10H4,0,0,0
14929,Q6P1N0,Q8IVP9,1,0.551219512195122,0.4015546307798521,0.476387071487487,0,,,,,,,0,CC2D1A,ZNF547,0,0,0
14935,Q6P1N0,P09211,1,0.551219512195122,0.4015547365349731,0.4763871243650475,0,,,,,,,0,CC2D1A,GSTP1,0,0,0
14945,Q6P1N0,Q9Y371,1,0.551219512195122,0.4015546700604019,0.4763870911277619,0,,,,,,,0,CC2D1A,SH3GLB1,0,0,0
14959,Q6P1N0,Q5TB80,1,0.7219512195121951,0.4013079814852723,0.5616296004987337,0,,,,,,,0,CC2D1A,CEP162,0,0,0
14960,Q6P1N0,P19087,1,0.551219512195122,0.40155461158393,0.476387061889526,0,,,,,,,0,CC2D1A,GNAT2,0,0,0
14965,Q6P1N0,Q96RU8,1,0.551219512195122,0.4015545771346527,0.4763870446648873,0,,,,,,,0,CC2D1A,TRIB1,0,0,0
14972,Q6P1N0,O75665,1,0.7219512195121951,0.4007865025514888,0.5613688610318419,0,,,,,,,0,CC2D1A,OFD1,0,0,0
14974,Q6P1N0,Q9H346,1,0.551219512195122,0.4015548876476785,0.4763871999214002,0,,,,,,,0,CC2D1A,OR52D1,0,0,0
14977,Q6P1N0,Q8TES7,1,0.7219512195121951,0.4013090585346287,0.561630139023412,0,,,,,,,0,CC2D1A,FBF1,0,0,0
14978,A8MUL3,Q6P1L5,1,0.526829268292683,0.4015548890880789,0.4641920786903809,0,,,,,,,0,ADARB2-AS1,FAM117B,0,0,0
14979,Q6P1N0,A8MXT2,1,0.551219512195122,0.4015546818585302,0.4763870970268261,0,,,,,,,0,CC2D1A,MAGEB17,0,0,0
14983,Q6P1N0,Q12926,1,0.551219512195122,0.4015547153566948,0.4763871137759083,0,,,,,,,0,CC2D1A,ELAVL2,0,0,0
14984,Q6P1N0,P55916,1,0.551219512195122,0.4015547323015742,0.4763871222483481,0,,,,,,,0,CC2D1A,UCP3,0,0,0
14986,Q6P1N0,Q96RA2,1,0.551219512195122,0.4015548847081671,0.4763871984516445,0,,,,,,,0,CC2D1A,OR7D2,0,0,0
14987,Q6P1N0,P22676,1,0.526829268292683,0.4015548163906954,0.4641920423416892,0,,,,,,,0,CC2D1A,CALB2,0,0,0
14998,Q6P1N0,Q96R45,1,0.551219512195122,0.4015549554720093,0.4763872338335656,0,,,,,,,0,CC2D1A,OR2A7,0,0,0
15035,Q96BP3,Q9UQ72,1,0.551219512195122,0.4015550804166924,0.4763872963059072,0,,,,,,,0,PPWD1,PSG11,0,0,0
15056,Q96BP3,Q14966,1,0.5219512195121951,0.401602848749529,0.4617770341308621,0,,,,,,,0,PPWD1,ZNF638,0,0,0
15064,Q96BP3,P0DJD7,1,0.5365853658536585,0.401555036356673,0.4690702011051657,0,,,,,,,0,PPWD1,PGA4,0,0,0
15067,Q96BP3,P18858,1,0.526829268292683,0.401555131884052,0.4641922000883675,0,,,,,,,0,PPWD1,LIG1,0,0,0
15084,Q96BP3,Q15643,1,0.551219512195122,0.4015548282707094,0.4763871702329156,0,,,,,,,0,PPWD1,TRIP11,0,0,0
15100,Q9UK39,Q9NXH9,1,0.7804878048780488,0.401557258647892,0.5910225317629704,0,,,,,,,0,NOCT,TRMT1,0,0,0
15102,Q9UK39,Q99788,1,0.7268292682926829,0.4008984400774334,0.5638638541850581,0,,,,,,,0,NOCT,CMKLR1,0,0,0
15103,Q9UK39,A6H8Y1,1,0.526829268292683,0.4016030463566946,0.4642161573246888,0,,,,,,,0,NOCT,BDP1,0,0,0
15104,Q9UK39,Q8NFC6,1,0.526829268292683,0.4016030204991909,0.4642161443959369,0,,,,,,,0,NOCT,BOD1L1,0,0,0
15111,Q8N1B3,A6H8Y1,1,0.526829268292683,0.4016030827683974,0.4642161755305402,0,,,,,,,0,CCNQ,BDP1,0,0,0
15112,Q8N1B3,Q8NFC6,1,0.526829268292683,0.4016031603417522,0.4642162143172176,0,,,,,,,0,CCNQ,BOD1L1,0,0,0
15116,O15209,Q8IYE1,1,0.7219512195121951,0.4013088564303703,0.5616300379712826,0,,,,,,,0,ZBTB22,CCDC13,0,0,0
15156,Q9P2M7,Q6PCB0,1,0.551219512195122,0.4015547910928286,0.4763871516439752,0,,,,,,,0,CGN,VWA1,0,0,0
15164,Q9P2M7,Q6UUV7,1,0.7463414634146343,0.4015296807697138,0.573935572092174,0,,,,,,,0,CGN,CRTC3,0,0,0
15165,Q9P2M7,P0C5J1,1,0.551219512195122,0.4015547265437323,0.4763871193694271,0,,,,,,,0,CGN,FAM86B2,0,0,0
15172,Q9P2M7,Q9UNM6,1,0.551219512195122,0.4015547494185174,0.4763871308068197,0,,,,,,,0,CGN,PSMD13,0,0,0
15173,Q9P2M7,Q14966,1,0.7463414634146343,0.4013058202332653,0.5738236418239497,0,,,,,,,0,CGN,ZNF638,0,0,0
15175,Q9P2M7,Q7L804,1,0.7365853658536585,0.4015853987150418,0.5690853822843501,0,,,,,,,0,CGN,RAB11FIP2,0,0,0
15182,Q9P2M7,Q9Y6F8,1,0.5365853658536585,0.4015549763540335,0.4690701711038459,0,,,,,,,0,CGN,CDY1B,0,0,0
15187,Q9P2M7,P36957,1,0.7219512195121951,0.4013213562418294,0.5616362878770123,0,,,,,,,0,CGN,DLST,0,0,0
15190,Q9P2M7,O75410,1,0.551219512195122,0.4015547667136926,0.4763871394544073,0,,,,,,,0,CGN,TACC1,0,0,0
15191,Q9P2M7,Q96KQ4,1,0.7268292682926829,0.4013716254394338,0.5641004468660583,0,,,,,,,0,CGN,PPP1R13B,0,0,0
15195,Q9P2M7,Q13148,1,0.551219512195122,0.4015548228337564,0.4763871675144392,0,,,,,,,0,CGN,TARDBP,0,0,0
15196,Q9P2M7,P53602,1,0.551219512195122,0.4015547584845201,0.476387135339821,0,,,,,,,0,CGN,MVD,0,0,0
15202,Q9BZG8,Q9H3D4,1,0.7268292682926829,0.4013066245889916,0.5640679464408372,0,,,,,,,0,DPH1,TP63,0,0,0
15215,Q9BZG8,Q9Y2G2,1,0.7268292682926829,0.4008988888130964,0.5638640785528897,0,,,,,,,0,DPH1,CARD8,0,0,0
15229,P12755,O75688,1,0.7268292682926829,0.4013214173523527,0.5640753428225178,1,0.1672555948174322,,,,,,0,SKI,PPM1B,0,0,0
15230,P12755,P63279,1,0.7219512195121951,0.4013211457149537,0.5616361826135744,0,,,,,,,0,SKI,UBE2I,0,0,0
15237,P12755,Q86SS6,1,0.5219512195121951,0.4015549517389458,0.4617530856255705,0,,,,,,,0,SKI,SYT9,0,0,0
15241,P12755,Q9UJS0,1,0.7219512195121951,0.4013084917555934,0.5616298556338942,0,,,,,,,0,SKI,SLC25A13,0,0,0
15256,P12755,Q9BQA1,1,0.7463414634146343,0.4015420897898972,0.5739417766022658,0,,,,,,,0,SKI,WDR77,0,0,0
15259,P12755,Q9Y618,1,0.8292682926829269,0.4013063082303542,0.6152873004566406,0,,,,,,,0,SKI,NCOR2,0,0,0
15261,P12755,Q9HB89,1,0.526829268292683,0.4016334068153249,0.4642313375540039,0,,,,,,,0,SKI,NMUR1,0,0,0
15264,P12755,P58417,1,0.526829268292683,0.4015548236596515,0.4641920459761672,0,,,,,,,0,SKI,NXPH1,0,0,0
15277,P12755,P52272,1,0.7268292682926829,0.401754089175239,0.5642916787339609,1,0.1672555948174322,,,,,,0,SKI,HNRNPM,0,0,0
15278,P12755,Q14005,1,0.526829268292683,0.4016330243424927,0.4642311463175878,0,,,,,,,0,SKI,IL16,0,0,0
15280,P12755,P51608,1,0.7268292682926829,0.401306939969311,0.564068104130997,0,,,,,,,0,SKI,MECP2,0,0,0
15288,P12755,P12235,1,0.751219512195122,0.4013168113772366,0.5762681617861793,0,,,,,,,0,SKI,SLC25A4,0,0,0
15300,Q92802,Q9ULT0,1,0.526829268292683,0.4015554690692207,0.4641923686809518,0,,,,,,,0,N4BP2L2,TTC7A,0,0,0
15309,Q92802,Q5T200,1,0.551219512195122,0.4015545736919352,0.4763870429435286,0,,,,,,,0,N4BP2L2,ZC3H13,0,0,0
15312,Q92802,Q9BSU3,1,0.7268292682926829,0.4013069095245,0.5640680889085914,0,,,,,,,0,N4BP2L2,NAA11,0,0,0
15316,Q92802,A0A1B0GUW6,1,0.526829268292683,0.401554960585704,0.4641921144391935,0,,,,,,,0,N4BP2L2,SPEM3,0,0,0
15319,Q92802,P52272,1,0.7219512195121951,0.401496434105917,0.5617238268090561,0,,,,,,,0,N4BP2L2,HNRNPM,0,0,0
15326,Q92802,P13727,1,0.7268292682926829,0.4013064711085929,0.5640678697006379,0,,,,,,,0,N4BP2L2,PRG2,0,0,0
15330,Q8IZQ8,Q9Y2R4,1,0.5365853658536585,0.401554880930723,0.4690701233921907,0,,,,,,,0,MYOCD,DDX52,0,0,0
15334,Q8IZQ8,Q969V6,1,0.7219512195121951,0.4010958233642496,0.5615235214382224,0,,,,,,,0,MYOCD,MRTFA,0,0,0
15341,Q8IZQ8,Q6UUV7,1,0.551219512195122,0.4015548259540963,0.4763871690746091,0,,,,,,,0,MYOCD,CRTC3,0,0,0
15349,Q8IZQ8,Q96DC7,1,0.526829268292683,0.4015552336566488,0.4641922509746659,0,,,,,,,0,MYOCD,TMCO6,0,0,0
15351,Q8IZQ8,O00512,1,0.551219512195122,0.4015549728941019,0.4763872425446119,0,,,,,,,0,MYOCD,BCL9,0,0,0
15355,Q8IZQ8,A0A0B4J271,1,0.551219512195122,0.4015546881211198,0.4763871001581209,0,,,,,,,0,MYOCD,TRAV12-3,0,0,0
15369,Q8IZQ8,Q5HYW3,1,0.5219512195121951,0.4015550019001423,0.4617531107061687,0,,,,,,,0,MYOCD,RTL5,0,0,0
15376,Q8IZQ8,Q6UX07,1,0.551219512195122,0.401554708789728,0.476387110492425,0,,,,,,,0,MYOCD,DHRS13,0,0,0
15386,Q8IZQ8,Q16586,1,0.551219512195122,0.4015550807210921,0.476387296458107,0,,,,,,,0,MYOCD,SGCA,0,0,0
15391,Q8IZQ8,A0A096LP01,1,0.551219512195122,0.4015550060257836,0.4763872591104527,0,,,,,,,0,MYOCD,SMIM26,0,0,0
15401,Q8IZQ8,O95994,1,0.7414634146341462,0.4016579844535398,0.571560699543843,0,,,,,,,0,MYOCD,AGR2,0,0,0
15406,Q8IZQ8,Q9UNN4,1,0.551219512195122,0.4015546542990936,0.4763870832471077,0,,,,,,,0,MYOCD,GTF2A1L,0,0,0
15408,Q8IZQ8,Q8IYJ2,1,0.551219512195122,0.4015546758113021,0.476387094003212,0,,,,,,,0,MYOCD,C10orf67,0,0,0
15423,Q96JA4,Q9BTL3,1,0.5219512195121951,0.4015551341085311,0.4617531768103631,0,,,,,,,0,MS4A14,RAMAC,0,0,0
15438,Q96JA4,Q99727,1,0.551219512195122,0.4015545420353768,0.4763870271152494,0,,,,,,,0,MS4A14,TIMP4,0,0,0
15474,Q96JA4,Q8NCX0,1,0.551219512195122,0.4015550565652845,0.4763872843802033,0,,,,,,,0,MS4A14,CCDC150,0,0,0
15513,Q8N884,Q9P2E9,1,0.7414634146341462,0.4015174101346065,0.5714904123843764,0,,,,,,,0,CGAS,RRBP1,0,0,0
15522,P27352,P60411,1,0.5219512195121951,0.4013719513660693,0.4616615854391322,0,,,,,,,0,CBLIF,KRTAP10-9,0,0,0
15552,Q8N884,Q13084,1,0.526829268292683,0.4015549890274283,0.4641921286600556,0,,,,,,,0,CGAS,MRPL28,0,0,0
15569,Q8N884,Q9GZX7,1,0.551219512195122,0.4015549275844967,0.4763872198898093,0,,,,,,,0,CGAS,AICDA,0,0,0
15574,Q8N884,O00203,1,0.7317073170731707,0.4013210838877465,0.5665142004804586,0,,,,,,,0,CGAS,AP3B1,0,0,0
15579,Q8N884,Q8NFC6,1,0.5219512195121951,0.4016029230277534,0.4617770712699742,0,,,,,,,0,CGAS,BOD1L1,0,0,0
15602,Q8N884,Q32MK0,1,0.551219512195122,0.4016330637969915,0.4764262879960567,0,,,,,,,0,CGAS,MYLK3,0,0,0
15612,Q9NRV9,P15121,1,0.7219512195121951,0.4011710950082894,0.5615611572602422,0,,,,,,,0,HEBP1,AKR1B1,0,0,0
15643,Q0VAQ4,P57054,1,0.7268292682926829,0.4015173804748859,0.5641733243837844,0,,,,,,,0,SMAGP,PIGP,0,0,0
15655,Q0VAQ4,Q6ZT21,1,0.7268292682926829,0.4013071685800015,0.5640682184363421,0,,,,,,,0,SMAGP,TMPPE,0,0,0
15659,Q0VAQ4,Q9H6H4,1,0.7268292682926829,0.4013728267761591,0.564101047534421,0,,,,,,,0,SMAGP,REEP4,0,0,0
15661,Q5C9Z4,Q8WUB8,1,0.7463414634146343,0.401539421282143,0.5739404423483886,0,,,,,,,0,NOM1,PHF10,0,0,0
15662,Q5C9Z4,Q99496,1,0.7317073170731707,0.4013218574428969,0.5665145872580338,0,,,,,,,0,NOM1,RNF2,0,0,0
15666,Q5C9Z4,Q86V59,1,0.7463414634146343,0.4015317459228324,0.5739366046687333,0,,,,,,,0,NOM1,PNMA8A,0,0,0
15667,Q5C9Z4,P39023,1,0.7853658536585365,0.4015556716808535,0.593460762669695,0,,,,,,,0,NOM1,RPL3,0,0,0
15668,Q8IYE1,Q96SN8,1,0.8243902439024391,0.4013213300435672,0.6128557869730031,0,,,,,,,0,CCDC13,CDK5RAP2,0,0,0
15670,Q8IYE1,Q96MY7,1,0.7219512195121951,0.4013750635495307,0.5616631415308628,0,,,,,,,0,CCDC13,FAM161B,0,0,0
15676,Q8TBE0,Q9NSD4,1,0.7268292682926829,0.4013069473768139,0.5640681078347484,0,,,,,,,0,BAHD1,ZNF275,0,0,0
15679,Q8TBE0,Q8TF50,1,0.7268292682926829,0.4013829771452311,0.564106122718957,0,,,,,,,0,BAHD1,ZNF526,0,0,0
15680,Q8TBE0,O43463,1,0.8243902439024391,0.4013065812470822,0.6128484125747606,0,,,,,,,0,BAHD1,SUV39H1,0,0,0
15681,Q8TBE0,Q13148,1,0.8341463414634146,0.4013073013884748,0.6177268214259447,0,,,,,,,0,BAHD1,TARDBP,0,0,0
15682,Q8TBE0,Q8N257,1,0.7268292682926829,0.4013067708703366,0.5640680195815098,0,,,,,,,0,BAHD1,H2BC26,0,0,0
15693,O60763,Q14203,1,0.8195121951219512,0.4015301053496808,0.610521150235816,0,,,,,,,0,USO1,DCTN1,0,0,0
15694,O60763,Q9ULK2,1,0.7219512195121951,0.4010335623811216,0.5614923909466584,0,,,,,,,0,USO1,ATXN7L1,0,0,0
15696,O60763,Q5VYY1,1,0.7317073170731707,0.4013215684799574,0.566514442776564,0,,,,,,,0,USO1,ANKRD22,0,0,0
15698,O60763,Q8NFC6,1,0.5219512195121951,0.4016030862093915,0.4617771528607933,0,,,,,,,0,USO1,BOD1L1,0,0,0
15699,O60763,Q15643,1,0.7414634146341462,0.4015396063610071,0.5715015104975767,0,,,,,,,0,USO1,TRIP11,0,0,0
15709,P48146,Q2YD98,1,0.5365853658536585,0.4015552057301477,0.4690702857919031,0,,,,,,,0,NPBWR2,UVSSA,0,0,0
15714,P48146,P60411,1,0.7268292682926829,0.4014141653402268,0.5641217168164548,0,,,,,,,0,NPBWR2,KRTAP10-9,0,0,0
15727,P48146,P49756,1,0.5365853658536585,0.4015551082625091,0.4690702370580838,0,,,,,,,0,NPBWR2,RBM25,0,0,0
16103,Q8IU57,A6NGG8,1,0.551219512195122,0.4015546757647877,0.4763870939799548,0,,,,,,,0,IFNLR1,PCARE,0,0,0
16200,P57054,Q14807,1,0.5365853658536585,0.4015547793033012,0.4690700725784798,0,,,,,,,0,PIGP,KIF22,0,0,0
16218,P57054,Q9ULK2,1,0.551219512195122,0.4015548590148315,0.4763871856049767,0,,,,,,,0,PIGP,ATXN7L1,0,0,0
16222,P57054,Q8N4U5,1,0.551219512195122,0.401554831588277,0.4763871718916995,0,,,,,,,0,PIGP,TCP11L2,0,0,0
16230,Q8WZ69,O75167,1,0.551219512195122,0.4015550809875789,0.4763872965913505,0,,,,,,,0,C11orf40,PHACTR2,0,0,0
16242,P57054,Q92541,1,0.551219512195122,0.4015549907196287,0.4763872514573753,0,,,,,,,0,PIGP,RTF1,0,0,0
16263,P57054,Q8TF50,1,0.551219512195122,0.4015549511863699,0.4763872316907459,0,,,,,,,0,PIGP,ZNF526,0,0,0
16277,P57054,P35269,1,0.5365853658536585,0.4015553184334933,0.4690703421435759,0,,,,,,,0,PIGP,GTF2F1,0,0,0
16295,Q9UHQ9,P22460,1,0.7170731707317073,0.4013248205162638,0.5591989956239856,0,,,,,,,0,CYB5R1,KCNA5,0,0,0
16297,Q9UHQ9,Q7Z7B0,1,0.551219512195122,0.4015549392810159,0.4763872257380689,0,,,,,,,0,CYB5R1,FILIP1,0,0,0
16298,Q9UHQ9,Q00325,1,0.7219512195121951,0.4013852894729903,0.5616682544925927,0,,,,,,,0,CYB5R1,SLC25A3,0,0,0
16308,Q9UHQ9,O95202,1,0.7268292682926829,0.4013219123095383,0.5640755903011105,0,,,,,,,0,CYB5R1,LETM1,0,0,0
16311,Q9UHQ9,Q9H313,1,0.7219512195121951,0.4013733031171828,0.5616622613146889,0,,,,,,,0,CYB5R1,TTYH1,0,0,0
16320,P0DJI8,P53420,1,0.8243902439024391,0.4013212104645783,0.6128557271835087,0,,,,,,,0,SAA1,COL4A4,0,0,0
16328,P84077,Q10567,1,0.7219512195121951,0.4013078390435933,0.5616295292778942,0,,,,,,,0,ARF1,AP1B1,0,0,0
16341,P84077,Q6ZNL6,1,0.7219512195121951,0.4013215077504445,0.5616363636313197,0,,,,,,,0,ARF1,FGD5,0,0,0
16347,P84077,O00203,1,0.7219512195121951,0.4013215580913761,0.5616363888017856,0,,,,,,,0,ARF1,AP3B1,0,0,0
16355,P84077,P84085,1,0.7902439024390243,0.4003266979854173,0.5952853002122208,0,,,,,,,0,ARF1,ARF5,0,0,0
16380,P84077,O95994,1,0.7219512195121951,0.4016672077907639,0.5618092136514795,0,,,,,,,0,ARF1,AGR2,0,0,0
16711,O75333,A6H8Y1,1,0.526829268292683,0.4016028042394295,0.4642160362660562,0,,,,,,,0,TBX10,BDP1,0,0,0
16712,O75333,Q8NFC6,1,0.526829268292683,0.4016028102549366,0.4642160392738098,0,,,,,,,0,TBX10,BOD1L1,0,0,0
16733,O75333,A9YTQ3,1,0.551219512195122,0.4015548550267193,0.4763871836109206,0,,,,,,,0,TBX10,AHRR,0,0,0
16740,O75333,Q32MK0,1,0.551219512195122,0.4015547919711266,0.4763871520831243,0,,,,,,,0,TBX10,MYLK3,0,0,0
16755,Q14728,P16284,1,0.8439024390243903,0.4015688423709895,0.6227356406976899,0,,,,,,,0,MFSD10,PECAM1,0,0,0
16760,Q14728,Q6NUS6,1,0.7219512195121951,0.4010484695097895,0.5614998445109923,0,,,,,,,0,MFSD10,TCTN3,0,0,0
16767,Q6PCB0,Q15293,1,0.7219512195121951,0.4007853434981461,0.5613682815051706,0,,,,,,,0,VWA1,RCN1,0,0,0
16771,P49591,Q9BQ52,1,0.7268292682926829,0.4013228017166622,0.5640760350046725,0,,,,,,,0,SARS1,ELAC2,0,0,0
16774,P49591,Q8NFC6,1,0.526829268292683,0.4016030170402275,0.4642161426664552,0,,,,,,,0,SARS1,BOD1L1,0,0,0
16775,P49591,Q8N0U2,1,0.8195121951219512,0.401322640090676,0.6104174176063135,0,,,,,,,0,SARS1,TMEM61,0,0,0
16777,P16284,P14923,1,0.7902439024390243,0.4002675003394451,0.5952557013892347,0,,,,,,,0,PECAM1,JUP,0,0,0
16779,P16284,P28907,1,0.8243902439024391,0.4015314127534198,0.6129608283279294,0,,,,,,,0,PECAM1,CD38,0,0,0
16786,P52945,P13010,1,0.7560975609756097,0.4013173170474978,0.5787074390115537,0,,,,,,,0,PDX1,XRCC5,0,0,0
16796,Q8NH41,Q7Z7B0,1,0.551219512195122,0.4015549971583894,0.4763872546767557,0,,,,,,,0,OR4K15,FILIP1,0,0,0
16817,P10074,P52298,1,0.751219512195122,0.4012265442281886,0.5762230282116553,0,,,,,,,0,ZBTB48,NCBP2,0,0,0
16823,P10074,Q14692,1,0.7268292682926829,0.4013065685239541,0.5640679184083185,1,0.1154299175500589,,,,,,0,ZBTB48,BMS1,0,0,0
16824,P10074,P39023,1,0.7268292682926829,0.4013074197912415,0.5640683440419623,0,,,,,,,0,ZBTB48,RPL3,0,0,0
16825,P10074,Q9H2G4,1,0.7268292682926829,0.4019084494423784,0.5643688588675306,0,,,,,,,0,ZBTB48,TSPYL2,0,0,0
16880,Q5VWQ0,Q9Y2R4,1,0.7268292682926829,0.4013078341210917,0.5640685512068873,0,,,,,,,0,RSBN1,DDX52,0,0,0
16881,Q5VWQ0,Q14865,1,0.8292682926829269,0.4013071929769438,0.6152877428299354,0,,,,,,,0,RSBN1,ARID5B,0,0,0
16885,Q5VWQ0,Q9Y388,1,0.7268292682926829,0.4013070370264455,0.5640681526595642,0,,,,,,,0,RSBN1,RBMX2,0,0,0
16889,Q5VWQ0,P39023,1,0.7219512195121951,0.4013222521053327,0.5616367358087639,0,,,,,,,0,RSBN1,RPL3,0,0,0
16890,Q9H3D4,P63279,1,0.7268292682926829,0.4013070108097787,0.5640681395512308,0,,,,,,,0,TP63,UBE2I,0,0,0
16891,Q9H3D4,Q15233,1,0.7268292682926829,0.4013723018731259,0.5641007850829044,0,,,,,,,0,TP63,NONO,0,0,0
16893,Q9H3D4,P47871,1,0.7268292682926829,0.4013078692031669,0.5640685687479249,0,,,,,,,0,TP63,GCGR,0,0,0
16894,Q9H3D4,O95104,1,0.7414634146341462,0.4015403815072909,0.5715018980707185,0,,,,,,,0,TP63,SCAF4,0,0,0
16896,Q9H3D4,O75381,1,0.7268292682926829,0.4013074170753984,0.5640683426840407,0,,,,,,,0,TP63,PEX14,0,0,0
16899,Q9H3D4,Q96KQ4,1,0.8731707317073171,0.4013223433624999,0.6372465375349085,0,,,,,,,0,TP63,PPP1R13B,0,0,0
16900,Q9H3D4,P39023,1,0.7219512195121951,0.401307851917856,0.5616295357150256,0,,,,,,,0,TP63,RPL3,0,0,0
16901,Q2TBA0,Q9P2Y4,1,0.7219512195121951,0.4013746415237839,0.5616629305179894,0,,,,,,,0,KLHL40,ZNF219,0,0,0
16903,Q2TBA0,Q9UJA3,1,0.7414634146341462,0.4015326211391685,0.5714980178866573,0,,,,,,,0,KLHL40,MCM8,0,0,0
16904,Q2TBA0,Q15643,1,0.526829268292683,0.4015548602901252,0.4641920642914041,0,,,,,,,0,KLHL40,TRIP11,0,0,0
16906,Q8IUC2,Q9BTL3,1,0.7219512195121951,0.401374430005245,0.5616628247587201,0,,,,,,,0,KRTAP8-1,RAMAC,0,0,0
16908,Q8IUC2,O75360,1,0.7219512195121951,0.4013246275029357,0.5616379235075654,0,,,,,,,0,KRTAP8-1,PROP1,0,0,0
16910,Q8IUC2,O43711,1,0.7414634146341462,0.4013079973693639,0.5713857060017551,0,,,,,,,0,KRTAP8-1,TLX3,0,0,0
16914,Q8IUC2,P51608,1,0.8243902439024391,0.401306681399057,0.612848462650748,0,,,,,,,0,KRTAP8-1,MECP2,0,0,0
16915,Q9Y2Z4,O14979,1,0.7804878048780488,0.4009998031002261,0.5907438039891375,0,,,,,,,0,YARS2,HNRNPDL,0,0,0
16916,Q9Y2Z4,P35226,1,0.7219512195121951,0.4013084980062213,0.5616298587592082,0,,,,,,,0,YARS2,BMI1,0,0,0
16917,Q9Y2Z4,Q86TM6,1,0.7219512195121951,0.4010337388301309,0.561492479171163,0,,,,,,,0,YARS2,SYVN1,0,0,0
16920,Q9Y2Z4,O75665,1,0.7414634146341462,0.4015224005981665,0.5714929076161563,0,,,,,,,0,YARS2,OFD1,0,0,0
16923,Q9Y2Z4,Q8TES7,1,0.7414634146341462,0.4015180712946606,0.5714907429644034,0,,,,,,,0,YARS2,FBF1,0,0,0
16924,Q9H6L2,Q8N205,1,0.7268292682926829,0.40101135374067,0.5639203110166764,0,,,,,,,0,TMEM231,SYNE4,0,0,0
16926,Q9Y2Z4,O43347,1,0.7219512195121951,0.4014444176249048,0.56169781856855,0,,,,,,,0,YARS2,MSI1,0,0,0
16927,Q9Y2Z4,O00425,1,0.7219512195121951,0.4010994235592624,0.5615253215357288,0,,,,,,,0,YARS2,IGF2BP3,0,0,0
16942,P01742,Q5TGJ6,1,0.526829268292683,0.4015556681713557,0.4641924682320193,0,,,,,,,0,IGHV1-69,HDGFL1,0,0,0
16944,P01742,Q8N4E4,1,0.5219512195121951,0.4015555699725483,0.4617533947423717,0,,,,,,,0,IGHV1-69,PDCL2,0,0,0
16987,Q9Y5H2,Q9Y2J2,1,0.551219512195122,0.4015551609761217,0.4763873365856218,0,,,,,,,0,PCDHGA11,EPB41L3,0,0,0
17006,Q9Y5H2,Q5T5P2,1,0.526829268292683,0.4016029257953138,0.4642160970439983,0,,,,,,,0,PCDHGA11,KIAA1217,0,0,0
17045,Q9H6L2,P43629,1,0.526829268292683,0.4015560918211157,0.4641926800568993,0,,,,,,,0,TMEM231,KIR3DL1,0,0,0
17048,Q9H6L2,P63252,1,0.551219512195122,0.4015560493454843,0.4763877807703031,0,,,,,,,0,TMEM231,KCNJ2,0,0,0
17118,Q9H6L2,Q7Z7G1,1,0.526829268292683,0.40155617248693,0.4641927203898064,0,,,,,,,0,TMEM231,CLNK,0,0,0
17190,Q9H6L2,P11166,1,0.551219512195122,0.4015550023784491,0.4763872572867855,0,,,,,,,0,TMEM231,SLC2A1,0,0,0
17191,Q9H6L2,Q2YD98,1,0.551219512195122,0.4015549827268345,0.4763872474609782,0,,,,,,,0,TMEM231,UVSSA,0,0,0
17310,Q9H6L2,O94805,1,0.5219512195121951,0.4015564155926976,0.4617538175524464,0,,,,,,,0,TMEM231,ACTL6B,0,0,0
17328,Q9Y5H2,Q9NQ86,1,0.526829268292683,0.401555101457467,0.4641921848750749,0,,,,,,,0,PCDHGA11,TRIM36,0,0,0
17435,Q9Y5H2,Q3KPI0,1,0.7268292682926829,0.4013210559825061,0.5640751621375946,0,,,,,,,0,PCDHGA11,CEACAM21,0,0,0
17437,Q9H6L2,Q2MV58,1,0.7219512195121951,0.4013214812715002,0.5616363503918477,0,,Q9H6L2,Q2MV58,"psi-mi:""MI:2222""(inference by socio-affinity scoring)",taxid:9606(Homo sapiens),2.0,1,TMEM231,TCTN1,0,0,0
17517,Q9HA82,Q14542,1,0.7268292682926829,0.4017439061193101,0.5642865872059966,0,,,,,,,0,CERS4,SLC29A2,0,0,0
17548,Q9H6L2,Q9UPM9,1,0.7268292682926829,0.4013086997475324,0.5640689840201076,0,,Q9H6L2,Q9UPM9,"psi-mi:""MI:2222""(inference by socio-affinity scoring)",taxid:9606(Homo sapiens),2.0,1,TMEM231,B9D1,0,0,0
17606,Q9HA82,Q8WZA2,1,0.5219512195121951,0.4016031172515824,0.4617771683818887,0,,,,,,,0,CERS4,RAPGEF4,0,0,0
17660,Q9HA82,Q9H313,1,0.7268292682926829,0.4017437895962301,0.5642865289444565,0,,,,,,,0,CERS4,TTYH1,0,0,0
17688,O76074,Q96SN8,1,0.526829268292683,0.4016031500311336,0.4642162091619083,0,,,,,,,0,PDE5A,CDK5RAP2,0,0,0
17690,Q9H6L2,P60411,1,0.5219512195121951,0.4014953136856143,0.4617232665989047,0,,,,,,,0,TMEM231,KRTAP10-9,0,0,0
17828,O60684,P52298,1,0.7219512195121951,0.4013081532013972,0.5616296863567961,0,,,,,,,0,KPNA6,NCBP2,0,0,0
17834,O60684,A6H8Y1,1,0.526829268292683,0.4016031626247013,0.4642162154586921,0,,,,,,,0,KPNA6,BDP1,0,0,0
17835,O60684,Q8NFC6,1,0.5219512195121951,0.4016032126996664,0.4617772161059308,0,,,,,,,0,KPNA6,BOD1L1,0,0,0
17844,O60684,Q32MK0,1,0.551219512195122,0.4015551460084421,0.476387329101782,0,,,,,,,0,KPNA6,MYLK3,0,0,0
17872,Q32M84,Q14005,1,0.551219512195122,0.4015548123730814,0.4763871622841017,0,,,,,,,0,BTBD16,IL16,0,0,0
17874,Q9H6L2,O00322,1,0.7219512195121951,0.4013083213503241,0.5616297704312596,0,,,,,,,0,TMEM231,UPK1A,0,0,0
17883,Q9H4A9,P19021,1,0.7219512195121951,0.4013088571031926,0.5616300383076939,0,,,,,,,0,DPEP2,PAM,0,0,0
17886,Q9H4A9,Q9P2E5,1,0.7219512195121951,0.4013100669015451,0.5616306432068701,0,,,,,,,0,DPEP2,CHPF2,0,0,0
17888,Q9H4A9,H7BZ55,1,0.5219512195121951,0.4016029756794148,0.461777097595805,0,,,,,,,0,DPEP2,CROCC2,0,0,0
17891,Q9H6L2,P49756,1,0.5365853658536585,0.4015550761024106,0.4690702209780345,0,,,,,,,0,TMEM231,RBM25,0,0,0
17903,Q9H4A9,Q9P2W7,1,0.5219512195121951,0.4015551278720216,0.4617531736921083,0,,,,,,,0,DPEP2,B3GAT1,0,0,0
17915,Q9H4A9,O94989,1,0.551219512195122,0.4015547703609807,0.4763871412780514,0,,,,,,,0,DPEP2,ARHGEF15,0,0,0
17922,Q9H4A9,O00322,1,0.551219512195122,0.4015550591138754,0.4763872856544987,0,,,,,,,0,DPEP2,UPK1A,0,0,0
17929,O14979,Q15233,1,0.7219512195121951,0.4014148473404692,0.5616830334263322,0,,,,,,,0,HNRNPDL,NONO,0,0,0
17933,O14979,Q99496,1,0.7268292682926829,0.401372799469896,0.5641010338812895,0,,,,,,,0,HNRNPDL,RNF2,0,0,0
17942,O14979,Q9BQA1,1,0.7219512195121951,0.4010360631570034,0.5614936413345992,0,,,,,,,0,HNRNPDL,WDR77,0,0,0
17952,O14979,P52272,1,0.7268292682926829,0.4013061114911809,0.5640676898919319,1,0.9387514723203768,,,,,,0,HNRNPDL,HNRNPM,0,0,0
17961,O14979,Q13148,1,0.7219512195121951,0.4013883790104934,0.5616697992613442,0,,,,,,,0,HNRNPDL,TARDBP,0,0,0
18031,Q7L0X2,P43121,1,0.5219512195121951,0.4015566042672617,0.4617539118897284,0,,,,,,,0,ERICH6,MCAM,0,0,0
18033,Q7L0X2,Q9H2S6,1,0.551219512195122,0.4015546862008368,0.4763870991979794,0,,,,,,,0,ERICH6,TNMD,0,0,0
18035,Q7L0X2,Q86W34,1,0.551219512195122,0.4015547231768961,0.476387117686009,0,,,,,,,0,ERICH6,AMZ2,0,0,0
18040,Q7L0X2,Q17R89,1,0.526829268292683,0.4015549985601401,0.4641921334264115,0,,,,,,,0,ERICH6,ARHGAP44,0,0,0
18041,Q7L0X2,Q6ZT21,1,0.526829268292683,0.4015555337700725,0.4641924010313777,0,,,,,,,0,ERICH6,TMPPE,0,0,0
18077,Q7L0X2,Q8NDV3,1,0.5219512195121951,0.4016028362572119,0.4617770278847035,0,,,,,,,0,ERICH6,SMC1B,0,0,0
18086,Q7L0X2,Q68DY9,1,0.551219512195122,0.401554931729393,0.4763872219622574,0,,,,,,,0,ERICH6,ZNF772,0,0,0
18098,Q7L0X2,A0A1B0GVH7,1,0.5219512195121951,0.4015546616993616,0.4617529406057784,0,,,,,,,0,ERICH6,IQCM,0,0,0
18099,Q7L0X2,P49888,1,0.551219512195122,0.4015546276176683,0.4763870699063951,0,,,,,,,0,ERICH6,SULT1E1,0,0,0
18102,Q7L0X2,Q969I3,1,0.551219512195122,0.4015548710554124,0.4763871916252672,0,,,,,,,0,ERICH6,GLYATL1,0,0,0
18184,Q7L0X2,Q13946,1,0.551219512195122,0.401555092373188,0.476387302284155,0,,,,,,,0,ERICH6,PDE7A,0,0,0
18214,Q7Z6I6,Q8WXE0,1,0.551219512195122,0.4015555405224338,0.4763875263587779,0,,,,,,,0,ARHGAP30,CASKIN2,0,0,0
18223,Q7Z6I6,Q96SN8,1,0.526829268292683,0.4016028841977045,0.4642160762451937,0,,,,,,,0,ARHGAP30,CDK5RAP2,0,0,0
18430,Q96RN5,Q96MX3,1,0.5219512195121951,0.4015545857604739,0.4617529026363345,0,,,,,,,0,MED15,ZNF48,0,0,0
18487,Q7Z6I6,Q9H2G4,1,0.551219512195122,0.4015548444932398,0.4763871783441809,0,,,,,,,0,ARHGAP30,TSPYL2,0,0,0
18511,Q7Z6I6,Q2TAK8,1,0.551219512195122,0.4015545815735831,0.4763870468843525,0,,,,,,,0,ARHGAP30,PWWP3A,0,0,0
18521,Q6ZRV2,O95047,1,0.7219512195121951,0.4013219189008288,0.561636569206512,0,,,,,,,0,FAM83H,OR2A4,0,0,0
18525,Q6ZRV2,Q86U38,1,0.7268292682926829,0.4013063784324099,0.5640678233625465,0,,,,,,,0,FAM83H,NOP9,0,0,0
18565,Q6ZRV2,Q9H3U1,1,0.7268292682926829,0.4013073391487806,0.5640683037207317,0,,Q6ZRV2,Q9H3U1,"psi-mi:""MI:0007""(anti tag coimmunoprecipitation)",taxid:9606(Homo sapiens),2.0,1,FAM83H,UNC45A,0,0,0
18570,Q6ZRV2,Q15437,1,0.7268292682926829,0.4013063844941801,0.5640678263934316,0,,,,,,,0,FAM83H,SEC23B,0,0,0
18585,Q6ZRV2,Q8NFC6,1,0.7414634146341462,0.4013431276482429,0.5714032711411946,0,,,,,,,0,FAM83H,BOD1L1,0,0,0
18630,Q8TAT5,Q9UJS0,1,0.7219512195121951,0.4013084007562111,0.5616298101342031,0,,,,,,,0,NEIL3,SLC25A13,0,0,0
18637,Q8TAT5,P11166,1,0.7268292682926829,0.4013081146594738,0.5640686914760784,0,,,,,,,0,NEIL3,SLC2A1,0,0,0
18640,Q8TAT5,A8MYV0,1,0.551219512195122,0.401554816370978,0.47638716428305,0,,,,,,,0,NEIL3,DCDC2C,0,0,0
18664,Q96RN5,Q8TB24,1,0.7219512195121951,0.40130785978672,0.5616295396494575,0,,,,,,,0,MED15,RIN3,0,0,0
18666,Q8TAT5,Q7Z418,1,0.551219512195122,0.4015552284420227,0.4763873703185723,0,,,,,,,0,NEIL3,KCNK18,0,0,0
18667,Q8TAT5,P49756,1,0.7268292682926829,0.4013226269659758,0.5640759476293293,0,,,,,,,0,NEIL3,RBM25,0,0,0
18676,O75340,Q9P2E9,1,0.551219512195122,0.4015545983741861,0.4763870552846541,0,,,,,,,0,PDCD6,RRBP1,0,0,0
18688,O75340,O75027,1,0.7268292682926829,0.4013065879478065,0.5640679281202448,0,,,,,,,0,PDCD6,ABCB7,0,0,0
18696,O75340,Q96AE4,1,0.7268292682926829,0.4013066427701034,0.5640679555313932,0,,,,,,,0,PDCD6,FUBP1,0,0,0
18703,O75340,Q92541,1,0.8390243902439025,0.401137606268228,0.6200809982560652,0,,,,,,,0,PDCD6,RTF1,0,0,0
18707,O75340,Q96MY7,1,0.551219512195122,0.4015547422206855,0.4763871272079037,0,,,,,,,0,PDCD6,FAM161B,0,0,0
18715,O75340,Q96NU1,1,0.551219512195122,0.401554819378832,0.476387165786977,0,,,,,,,0,PDCD6,SAMD11,0,0,0
18723,O75340,Q8NDC0,1,0.7219512195121951,0.4011154181891558,0.5615333188506755,0,,,,,,,0,PDCD6,MAPK1IP1L,0,0,0
18741,O75340,Q13148,1,0.7463414634146343,0.40130597174602,0.5738237175803271,0,,,,,,,0,PDCD6,TARDBP,0,0,0
18744,O75340,A6NDN3,1,0.551219512195122,0.4015550672491272,0.4763872897221246,0,,,,,,,0,PDCD6,GOLGA6B,0,0,0
18747,O75340,Q96M83,1,0.5219512195121951,0.4016029884792146,0.4617771039957049,0,,,,,,,0,PDCD6,CCDC7,0,0,0
18748,O75340,O00425,1,0.7219512195121951,0.4013236176853141,0.5616374185987546,0,,,,,,,0,PDCD6,IGF2BP3,0,0,0
18762,Q96RN5,Q5T200,1,0.7268292682926829,0.4013210711623396,0.5640751697275113,0,,,,,,,0,MED15,ZC3H13,0,0,0
18763,Q9Y2R4,Q99496,1,0.7317073170731707,0.4013213915773022,0.5665143543252364,0,,,,,,,0,DDX52,RNF2,0,0,0
18766,Q9Y2R4,P50747,1,0.7219512195121951,0.4013099360513866,0.5616305777817908,0,,,,,,,0,DDX52,HLCS,0,0,0
18769,Q9Y2R4,A0A0B4J271,1,0.551219512195122,0.4015546263722798,0.4763870692837009,0,,,,,,,0,DDX52,TRAV12-3,0,0,0
18783,Q9Y2R4,Q9Y388,1,0.5365853658536585,0.4015549641605614,0.4690701650071099,0,,,,,,,0,DDX52,RBMX2,0,0,0
18795,Q9Y2R4,Q16586,1,0.551219512195122,0.4015552055451958,0.4763873588701589,0,,,,,,,0,DDX52,SGCA,0,0,0
18802,Q96RN5,Q96DC7,1,0.551219512195122,0.4015551816136812,0.4763873469044016,0,,,,,,,0,MED15,TMCO6,0,0,0
18807,Q9Y2R4,A0A096LP01,1,0.526829268292683,0.4015550262423509,0.4641921472675169,0,,,,,,,0,DDX52,SMIM26,0,0,0
18811,Q9Y2R4,Q5T124,1,0.551219512195122,0.4015549673553609,0.4763872397752414,0,,,,,,,0,DDX52,UBXN11,0,0,0
18835,P58182,Q02297,1,0.551219512195122,0.4015552909960035,0.4763874015955627,0,,,,,,,0,OR12D2,NRG1,0,0,0
18838,P58182,Q9P2F9,1,0.526829268292683,0.4016335296645832,0.4642313989786331,0,,,,,,,0,OR12D2,ZNF319,0,0,0
18843,P58182,Q7Z7B0,1,0.551219512195122,0.4015548675679366,0.4763871898815293,0,,,,,,,0,OR12D2,FILIP1,0,0,0
18861,P58182,Q8IVP9,1,0.5219512195121951,0.4016346760256167,0.4617929477689059,0,,,,,,,0,OR12D2,ZNF547,0,0,0
18876,P58182,Q9P1V8,1,0.551219512195122,0.4015552666597989,0.4763873894274604,0,,,,,,,0,OR12D2,SAMD15,0,0,0
18887,P58182,Q9BYV6,1,0.526829268292683,0.4016340820402639,0.4642316751664734,0,,,,,,,0,OR12D2,TRIM55,0,0,0
18908,Q96RN5,A0A0B4J271,1,0.551219512195122,0.4015548062965066,0.4763871592458143,0,,,,,,,0,MED15,TRAV12-3,0,0,0
18926,P58182,P54278,1,0.5365853658536585,0.4015552467204174,0.4690703062870379,0,,,,,,,0,OR12D2,PMS2,0,0,0
18973,Q9Y2J2,Q5T5P2,1,0.526829268292683,0.4016031663239204,0.4642162173083016,0,,,,,,,0,EPB41L3,KIAA1217,0,0,0
18978,Q9Y2J2,O43900,1,0.7219512195121951,0.4013215206403183,0.5616363700762567,0,,,,,,,0,EPB41L3,PRICKLE3,0,0,0
18991,Q9Y2J2,Q9HCM4,1,0.7268292682926829,0.40132281602676,0.5640760421597215,0,,,,,,,0,EPB41L3,EPB41L5,0,0,0
18994,Q9Y2J2,Q92541,1,0.7268292682926829,0.4013069651895414,0.5640681167411121,0,,,,,,,0,EPB41L3,RTF1,0,0,0
18995,Q9Y2J2,Q9BQA1,1,0.7414634146341462,0.4015295607580459,0.5714964876960961,0,,,,,,,0,EPB41L3,WDR77,0,0,0
19002,Q9Y2J2,O00203,1,0.7268292682926829,0.4011926190533455,0.5640109436730142,0,,,,,,,0,EPB41L3,AP3B1,0,0,0
19006,Q9Y2J2,Q8NFC6,1,0.7414634146341462,0.4015176096446555,0.5714905121394008,0,,,,,,,0,EPB41L3,BOD1L1,0,0,0
19019,Q9Y2J2,Q9UN30,1,0.7219512195121951,0.4013216599398147,0.561636439726005,0,,,,,,,0,EPB41L3,SCML1,0,0,0
19036,Q9H2K8,Q9NSY1,1,0.5365853658536585,0.4015550167517264,0.4690701913026924,0,,,,,,,0,TAOK3,BMP2K,0,0,0
19202,Q96RN5,Q9Y388,1,0.5365853658536585,0.4015546754995432,0.4690700206766008,0,,,,,,,0,MED15,RBMX2,0,0,0
19322,Q96RN5,Q96HV5,1,0.551219512195122,0.401555005981327,0.4763872590882245,0,,,,,,,0,MED15,TMEM41A,0,0,0
19326,Q9UJ78,Q86SS6,1,0.5219512195121951,0.4015551784030232,0.4617531989576091,0,,,,,,,0,ZMYM5,SYT9,0,0,0
19340,Q9UJ78,Q76L83,1,0.551219512195122,0.401554581741852,0.476387046968487,0,,,,,,,0,ZMYM5,ASXL2,0,0,0
19367,Q9UJ78,Q8IUF8,1,0.551219512195122,0.4015552302588975,0.4763873712270097,0,,,,,,,0,ZMYM5,RIOX2,0,0,0
19388,Q9UJ78,Q9BYQ4,1,0.5219512195121951,0.4013065690809417,0.4616288942965684,0,,,,,,,0,ZMYM5,KRTAP9-2,0,0,0
19390,Q9UJ78,P58417,1,0.526829268292683,0.4015549612091453,0.4641921147509141,0,,,,,,,0,ZMYM5,NXPH1,0,0,0
19401,Q9UJ78,Q14005,1,0.551219512195122,0.4016330213237289,0.4764262667594254,0,,,,,,,0,ZMYM5,IL16,0,0,0
19403,Q96RN5,Q15648,1,0.7268292682926829,0.4013223525332065,0.5640758104129446,0,,,,,,,0,MED15,MED1,0,0,0
19419,Q96RN5,Q16586,1,0.5365853658536585,0.4015550857617194,0.4690702258076889,0,,,,,,,0,MED15,SGCA,0,0,0
19439,Q96RN5,A0A096LP01,1,0.551219512195122,0.4015547792451913,0.4763871457201566,0,,,,,,,0,MED15,SMIM26,0,0,0
19443,Q9H1Z4,A6H8Y1,1,0.526829268292683,0.4016028529154229,0.4642160606040529,0,,,,,,,0,WDR13,BDP1,0,0,0
19444,Q9H1Z4,Q8NFC6,1,0.5219512195121951,0.4016028540177484,0.4617770367649718,0,,,,,,,0,WDR13,BOD1L1,0,0,0
19473,O14508,P35226,1,0.7268292682926829,0.4013078704773861,0.5640685693850345,0,,,,,,,0,SOCS2,BMI1,0,0,0
19475,O14508,Q02978,1,0.7268292682926829,0.4013074900649571,0.56406837917882,0,,,,,,,0,SOCS2,SLC25A11,0,0,0
19479,O14508,Q14807,1,0.526829268292683,0.4015548785121141,0.4641920734023985,0,,,,,,,0,SOCS2,KIF22,0,0,0
19485,O14508,O00232,1,0.7268292682926829,0.4013065278712044,0.5640678980819437,0,,,,,,,0,SOCS2,PSMD12,0,0,0
19490,O14508,Q9ULK2,1,0.551219512195122,0.4015548662247238,0.4763871892099229,0,,,,,,,0,SOCS2,ATXN7L1,0,0,0
19509,O14508,Q92541,1,0.551219512195122,0.4015550035058027,0.4763872578504623,0,,,,,,,0,SOCS2,RTF1,0,0,0
19510,O14508,Q7L804,1,0.526829268292683,0.4015551272377031,0.464192197765193,0,,,,,,,0,SOCS2,RAB11FIP2,0,0,0
19523,O14508,Q8TF50,1,0.526829268292683,0.4015549629772509,0.4641921156349669,0,,,,,,,0,SOCS2,ZNF526,0,0,0
19525,O14508,O75716,1,0.7268292682926829,0.4013224006552448,0.5640758344739638,0,,,,,,,0,SOCS2,STK16,0,0,0
19557,O14508,Q8NEP3,1,0.551219512195122,0.4015548433071351,0.4763871777511285,0,,,,,,,0,SOCS2,DNAAF1,0,0,0
19558,O14508,P49959,1,0.551219512195122,0.4015549094809654,0.4763872108380437,0,,,,,,,0,SOCS2,MRE11,0,0,0
19560,O14508,Q8IYW5,1,0.526829268292683,0.4015551451079041,0.4641922067002935,0,,,,,,,0,SOCS2,RNF168,0,0,0
19589,Q9H6T0,Q8TB24,1,0.526829268292683,0.4015549942961556,0.4641921312944193,0,,,,,,,0,ESRP2,RIN3,0,0,0
19669,Q9H6T0,Q8WU79,1,0.7463414634146343,0.4013064327025724,0.5738239480586034,0,,,,,,,0,ESRP2,SMAP2,0,0,0
19709,Q5VSG8,O75153,1,0.526829268292683,0.4016033068599609,0.4642162875763219,0,,,,,,,0,MANEAL,CLUH,0,0,0
19710,Q5VSG8,O60602,1,0.526829268292683,0.40155515133854,0.4641922098156115,0,,,,,,,0,MANEAL,TLR5,0,0,0
19728,Q5VSG8,Q8N6G5,1,0.7219512195121951,0.4010995050104095,0.5615253622613023,0,,,,,,,0,MANEAL,CSGALNACT2,0,0,0
19773,Q5VSG8,Q9H313,1,0.7219512195121951,0.40188113885343,0.5619161791828126,0,,,,,,,0,MANEAL,TTYH1,0,0,0
19778,O95047,O60218,1,0.7219512195121951,0.4018822215965866,0.5619167205543909,0,,,,,,,0,OR2A4,AKR1B10,0,0,0
19782,O95047,Q8WVV4,1,0.7268292682926829,0.4014429698846534,0.5641361190886681,0,,,,,,,0,OR2A4,POF1B,0,0,0
19785,O95047,O15231,1,0.7268292682926829,0.4014575690371768,0.5641434186649299,0,,,,,,,0,OR2A4,ZNF185,0,0,0
19789,O95047,P14923,1,0.7268292682926829,0.4014420486708467,0.5641356584817648,0,,,,,,,0,OR2A4,JUP,0,0,0
19792,O95047,P40121,1,0.7219512195121951,0.401247305670875,0.561599262591535,0,,,,,,,0,OR2A4,CAPG,0,0,0
19799,O95047,Q9UI42,1,0.7268292682926829,0.4015181519106551,0.5641737101016691,0,,,,,,,0,OR2A4,CPA4,0,0,0
19802,A0A0C4DH41,Q9P2E9,1,0.526829268292683,0.4015548905431448,0.4641920794179138,0,,,,,,,0,IGHV4-61,RRBP1,0,0,0
19818,A0A0C4DH41,Q96M83,1,0.5219512195121951,0.4016030982449415,0.4617771588785683,0,,,,,,,0,IGHV4-61,CCDC7,0,0,0
19821,P62491,P84077,1,0.7219512195121951,0.4008980955290998,0.5614246575206474,0,,,,,,,0,RAB11A,ARF1,0,0,0
19828,P62491,Q9P2E9,1,0.7414634146341462,0.4015392584928191,0.5715013365634827,0,,,,,,,0,RAB11A,RRBP1,0,0,0
19874,Q9NSD4,P60411,1,0.7414634146341462,0.4015310985417962,0.5714972565879712,0,,,,,,,0,ZNF275,KRTAP10-9,0,0,0
20226,A8K0R7,Q99496,1,0.551219512195122,0.4015548217392909,0.4763871669672064,0,,,,,,,0,ZNF839,RNF2,0,0,0
20237,A8K0R7,Q5MNZ6,1,0.551219512195122,0.4015548758264641,0.476387194010793,0,,,,,,,0,ZNF839,WDR45B,0,0,0
20249,P62491,P52298,1,0.7463414634146343,0.401202779718205,0.5737721215664197,0,,,,,,,0,RAB11A,NCBP2,0,0,0
20324,A8K0R7,Q96SC8,1,0.5219512195121951,0.4015549970298523,0.4617531082710237,0,,,,,,,0,ZNF839,DMRTA2,0,0,0
20382,P62491,O43852,1,0.7268292682926829,0.4013722859896326,0.5641007771411577,0,,,,,,,0,RAB11A,CALU,0,0,0
20396,P37275,Q8NFC6,1,0.551219512195122,0.4015546395220544,0.4763870758585882,0,,,,,,,0,ZEB1,BOD1L1,0,0,0
20412,P62491,Q7L804,1,0.7219512195121951,0.4013218577106204,0.5616365386114077,0,,,,,,,0,RAB11A,RAB11FIP2,0,0,0
20419,P37275,Q9HBJ7,1,0.7268292682926829,0.4013079707404509,0.564068619516567,0,,,,,,,0,ZEB1,USP29,0,0,0
20435,P62491,P11166,1,0.7219512195121951,0.4013088027368804,0.5616300111245378,0,,,,,,,0,RAB11A,SLC2A1,0,0,0
20439,Q8NBP5,A6H8Y1,1,0.526829268292683,0.4016030349753315,0.4642161516340072,0,,,,,,,0,MFSD9,BDP1,0,0,0
20443,Q8NBP5,Q9H313,1,0.7219512195121951,0.4016464872084287,0.5617988533603119,0,,,,,,,0,MFSD9,TTYH1,0,0,0
20447,O75688,Q8NBR6,1,0.7219512195121951,0.4013078842468037,0.5616295518794994,0,,,,,,,0,PPM1B,MINDY2,0,0,0
20448,O75688,O96013,1,0.7219512195121951,0.4010343875959257,0.5614928035540604,0,,,,,,,0,PPM1B,PAK4,0,0,0
20449,O75688,P67775,1,0.7219512195121951,0.4013095846242461,0.5616304020682206,0,,,,,,,0,PPM1B,PPP2CA,0,0,0
20483,Q02297,O94955,1,0.7268292682926829,0.4019850533273151,0.564407160809999,0,,,,,,,0,NRG1,RHOBTB3,0,0,0
20497,P62491,P84085,1,0.7268292682926829,0.4013076253554014,0.5640684468240421,0,,,,,,,0,RAB11A,ARF5,0,0,0
20551,Q02297,O43347,1,0.526829268292683,0.4015549111351408,0.4641920897139119,0,,,,,,,0,NRG1,MSI1,0,0,0
20558,Q02297,Q96R45,1,0.551219512195122,0.4015555156296203,0.4763875139123711,0,,,,,,,0,NRG1,OR2A7,0,0,0
20561,P62491,P05198,1,0.751219512195122,0.401227460495509,0.5762234863453155,0,,,,,,,0,RAB11A,EIF2S1,0,0,0
20564,Q12948,P35453,1,0.8439024390243903,0.4012280263747853,0.6225652326995879,1,0.2579505300353357,,,,,,0,FOXC1,HOXD13,0,0,0
20578,Q12948,P51608,1,0.8048780487804879,0.401666439068109,0.6032722439242985,0,,,,,,,0,FOXC1,MECP2,0,0,0
20579,Q12948,P62714,1,0.8439024390243903,0.4012283549725822,0.6225653969984862,0,,,,,,,0,FOXC1,PPP2CB,0,0,0
20586,P62491,Q9NW07,1,0.551219512195122,0.401554894990928,0.476387203593025,0,,,,,,,0,RAB11A,ZNF358,0,0,0
20595,P62491,O95994,1,0.7951219512195123,0.4011459826759327,0.5981339669477226,0,,,,,,,0,RAB11A,AGR2,0,0,0
20597,P62491,P12235,1,0.7268292682926829,0.401372142094602,0.5641007051936424,0,,,,,,,0,RAB11A,SLC25A4,0,0,0
20600,Q969V6,P63279,1,0.8243902439024391,0.401216068845623,0.612803156374031,0,,,,,,,0,MRTFA,UBE2I,0,0,0
20606,Q969V6,Q2MV58,1,0.7268292682926829,0.401307651509587,0.564068459901135,0,,,,,,,0,MRTFA,TCTN1,0,0,0
20610,Q969V6,Q9ULH7,1,0.7414634146341462,0.4011210752413881,0.5712922449377672,0,,,,,,,0,MRTFA,MRTFB,0,0,0
20613,P62491,Q15276,1,0.7317073170731707,0.4013217053378335,0.5665145112055021,0,,,,,,,0,RAB11A,RABEP1,0,0,0
20618,P12644,P13385,1,0.7268292682926829,0.4013071903535306,0.5640682293231067,1,0.535924617196702,,,,,,0,BMP4,TDGF1,0,0,0
20620,P12644,A6H8Y1,1,0.526829268292683,0.401603021456208,0.4642161448744455,0,,,,,,,0,BMP4,BDP1,0,0,0
20621,P12644,P35680,1,0.7170731707317073,0.4013229798956521,0.5591980753136797,0,,,,,,,0,BMP4,HNF1B,0,0,0
20623,Q8N1D5,O75648,1,0.526829268292683,0.4015546695390559,0.4641919689158694,0,,,,,,,0,CFAP107,TRMU,0,0,0
20624,P12644,P52272,1,0.7219512195121951,0.4013086126688344,0.5616299160905147,0,,,,,,,0,BMP4,HNRNPM,0,0,0
20626,P12644,P39023,1,0.7219512195121951,0.4014725528778839,0.5617118861950395,0,,,,,,,0,BMP4,RPL3,0,0,0
20628,Q8N1D5,P32238,1,0.526829268292683,0.4015548934905475,0.4641920808916152,0,,,,,,,0,CFAP107,CCKAR,0,0,0
20640,P12644,O43290,1,0.7463414634146343,0.4015305293133314,0.5739359963639828,0,,,,,,,0,BMP4,SART1,0,0,0
20645,Q8N1D5,Q9BSW7,1,0.551219512195122,0.4015546155124012,0.4763870638537616,0,,,,,,,0,CFAP107,SYT17,0,0,0
20661,Q8N1E2,Q14568,1,0.5219512195121951,0.4015549170112834,0.4617530682617392,0,,,,,,,0,LYG1,HSP90AA2P,0,0,0
20669,Q8N1E2,Q9ULK2,1,0.551219512195122,0.4015547687675833,0.4763871404813526,0,,,,,,,0,LYG1,ATXN7L1,0,0,0
20672,Q8N1E2,Q8N4U5,1,0.551219512195122,0.4015549072631148,0.4763872097291184,0,,,,,,,0,LYG1,TCP11L2,0,0,0
20699,Q8N1E2,Q92541,1,0.551219512195122,0.4015548408847894,0.4763871765399556,0,,,,,,,0,LYG1,RTF1,0,0,0
20700,Q8N1E2,Q7L804,1,0.551219512195122,0.401554913196934,0.476387212696028,0,,,,,,,0,LYG1,RAB11FIP2,0,0,0
20711,A0A075B6S6,Q9NP50,1,0.526829268292683,0.4015556111621948,0.4641924397274388,0,,,,,,,0,IGKV2D-30,SINHCAF,0,0,0
20719,Q8N1E2,Q92765,1,0.551219512195122,0.4015546352833383,0.4763870737392301,0,,,,,,,0,LYG1,FRZB,0,0,0
20723,Q8N1E2,Q8TF50,1,0.551219512195122,0.4015548296893597,0.4763871709422408,0,,,,,,,0,LYG1,ZNF526,0,0,0
20738,Q8N1E2,P35269,1,0.551219512195122,0.4015551638847948,0.4763873380399583,0,,,,,,,0,LYG1,GTF2F1,0,0,0
20753,Q8N1E2,A6NKL6,1,0.526829268292683,0.4015550312777065,0.4641921497851947,0,,,,,,,0,LYG1,TMEM200C,0,0,0
20767,Q8N1E2,Q8NEP3,1,0.551219512195122,0.4015547644310981,0.4763871383131101,0,,,,,,,0,LYG1,DNAAF1,0,0,0
20769,Q8N1E2,P49959,1,0.526829268292683,0.4015549180058371,0.46419209314926,0,,,,,,,0,LYG1,MRE11,0,0,0
20772,Q8N1E2,Q8IYW5,1,0.551219512195122,0.4015550802336664,0.4763872962143942,0,,,,,,,0,LYG1,RNF168,0,0,0
20783,Q8N1E2,Q8NGH8,1,0.5365853658536585,0.4015558614357215,0.4690706136446899,0,,,,,,,0,LYG1,OR56A4,0,0,0
20829,Q0ZLH3,Q9C0I3,1,0.551219512195122,0.4015546228630763,0.4763870675290991,0,,,,,,,0,PJVK,CCSER1,0,0,0
20882,Q0ZLH3,P52298,1,0.551219512195122,0.4015548463831194,0.4763871792891206,0,,,,,,,0,PJVK,NCBP2,0,0,0
20889,Q0ZLH3,Q9BWL3,1,0.526829268292683,0.4015552643617324,0.4641922663272076,0,,,,,,,0,PJVK,C1orf43,0,0,0
21086,Q8N1D5,Q9P2K3,1,0.526829268292683,0.4015548224586677,0.4641920453756753,0,,,,,,,0,CFAP107,RCOR3,0,0,0
21145,Q8N1D5,Q6UW02,1,0.551219512195122,0.4015549250171958,0.4763872186061589,0,,,,,,,0,CFAP107,CYP20A1,0,0,0
21185,Q5T5P2,Q4G0U5,1,0.526829268292683,0.4016028649562916,0.4642160666244873,0,,,,,,,0,KIAA1217,CFAP221,0,0,0
21201,Q5T5P2,Q10567,1,0.526829268292683,0.4016029281463888,0.4642160982195359,0,,,,,,,0,KIAA1217,AP1B1,0,0,0
21203,Q8N1D5,Q8N9L9,1,0.526829268292683,0.4015548777729238,0.4641920730328034,0,,,,,,,0,CFAP107,ACOT4,0,0,0
21208,Q5T5P2,Q8IZP0,1,0.7414634146341462,0.4015284663213,0.5714959404777231,0,,,,,,,0,KIAA1217,ABI1,0,0,0
21218,Q5T5P2,Q9NQ86,1,0.5219512195121951,0.4016029183181572,0.4617770689151761,0,,,,,,,0,KIAA1217,TRIM36,0,0,0
21219,Q5T5P2,Q92889,1,0.526829268292683,0.4016030146263324,0.4642161414595077,0,,,,,,,0,KIAA1217,ERCC4,0,0,0
21228,Q5T5P2,Q9UPR6,1,0.526829268292683,0.4016029047085669,0.4642160865006249,0,,,,,,,0,KIAA1217,ZFR2,0,0,0
21247,A0A075B6S6,Q6P1L5,1,0.526829268292683,0.401555135701519,0.464192201997101,0,,,,,,,0,IGKV2D-30,FAM117B,0,0,0
21252,O60218,A6H8Y1,1,0.526829268292683,0.4016031527966485,0.4642162105446657,0,,,,,,,0,AKR1B10,BDP1,0,0,0
21253,O60218,Q8NFC6,1,0.526829268292683,0.4016031996722026,0.4642162339824427,0,,,,,,,0,AKR1B10,BOD1L1,0,0,0
21261,O60218,O95994,1,0.7268292682926829,0.401307982489052,0.5640686253908674,0,,,,,,,0,AKR1B10,AGR2,0,0,0
21273,Q13948,Q9H313,1,0.8341463414634146,0.4013076928430068,0.6177270171532108,0,,,,,,,0,CUX1,TTYH1,0,0,0
21283,Q14203,Q8IZJ4,1,0.526829268292683,0.4016029492643586,0.4642161087785207,0,,,,,,,0,DCTN1,RGL4,0,0,0
21284,Q14203,O15381,1,0.8195121951219512,0.4013226455185374,0.6104174203202443,0,,,,,,,0,DCTN1,NVL,0,0,0
21291,Q14203,P47756,1,0.7414634146341462,0.4013429074067809,0.5714031610204635,0,,Q14203,P47756,"psi-mi:""MI:2222""(inference by socio-affinity scoring)",taxid:9606(Homo sapiens),2.0,1,DCTN1,CAPZB,0,0,0
21293,Q14203,Q9UNM6,1,0.526829268292683,0.4016029806742966,0.4642161244834898,0,,,,,,,0,DCTN1,PSMD13,0,0,0
21294,Q14203,Q16799,1,0.526829268292683,0.4015549512339554,0.4641921097633191,0,,,,,,,0,DCTN1,RTN1,0,0,0
21298,Q14203,Q08999,1,0.7268292682926829,0.4013690617448571,0.56409916501877,0,,,,,,,0,DCTN1,RBL2,0,0,0
21302,Q14203,Q8NDH3,1,0.5219512195121951,0.4016029353824272,0.4617770774473111,0,,,,,,,0,DCTN1,NPEPL1,0,0,0
21303,Q14203,O75381,1,0.7463414634146343,0.4015383172838498,0.5739398903492421,0,,,,,,,0,DCTN1,PEX14,0,0,0
21307,Q14203,Q9Y6F8,1,0.5219512195121951,0.4016030438235535,0.4617771316678743,0,,,,,,,0,DCTN1,CDY1B,0,0,0
21310,Q14203,Q8NHV4,1,0.7804878048780488,0.4014077102511795,0.5909477575646142,0,,,,,,,0,DCTN1,NEDD1,0,0,0
21314,Q14203,P30101,1,0.551219512195122,0.4015547256707706,0.4763871189329463,0,,,,,,,0,DCTN1,PDIA3,0,0,0
21315,Q14203,Q8N4P6,1,0.5219512195121951,0.4016029667901929,0.461777093151194,0,,,,,,,0,DCTN1,LRRC71,0,0,0
21318,Q14203,Q9NQ86,1,0.7268292682926829,0.4013077441441228,0.5640685062184029,0,,,,,,,0,DCTN1,TRIM36,0,0,0
21322,Q14203,Q13148,1,0.526829268292683,0.4016030334297935,0.4642161508612382,0,,,,,,,0,DCTN1,TARDBP,0,0,0
21323,Q14203,P53602,1,0.526829268292683,0.4016030392003307,0.4642161537465068,0,,,,,,,0,DCTN1,MVD,0,0,0
21325,Q14203,Q8IYW5,1,0.7365853658536585,0.4015852067310542,0.5690852862923563,0,,,,,,,0,DCTN1,RNF168,0,0,0
21334,Q14203,Q96SR6,1,0.551219512195122,0.4015548262842691,0.4763871692396955,0,,,,,,,0,DCTN1,ZNF382,0,0,0
21454,Q8N1D5,P18887,1,0.526829268292683,0.4015549135720869,0.4641920909323849,0,,,,,,,0,CFAP107,XRCC1,0,0,0
21493,Q8N1D5,P43629,1,0.526829268292683,0.4015550487239667,0.4641921585083248,0,,,,,,,0,CFAP107,KIR3DL1,0,0,0
21506,Q3KRB8,Q70IA6,1,0.7219512195121951,0.4013100596504226,0.5616306395813089,0,,,,,,,0,ARHGAP11B,MOB2,0,0,0
21512,Q8N1D5,Q7Z7G1,1,0.551219512195122,0.4015550975693869,0.4763873048822544,0,,,,,,,0,CFAP107,CLNK,0,0,0
21529,Q3KRB8,O75167,1,0.551219512195122,0.4015551959178093,0.4763873540564656,0,,,,,,,0,ARHGAP11B,PHACTR2,0,0,0
21545,Q3KRB8,Q6P1L5,1,0.551219512195122,0.4015554519193841,0.476387482057253,0,,,,,,,0,ARHGAP11B,FAM117B,0,0,0
21552,Q8N1D5,Q2YD98,1,0.551219512195122,0.401554759867882,0.476387136031502,0,,,,,,,0,CFAP107,UVSSA,0,0,0
21606,Q9HB14,O43900,1,0.551219512195122,0.4016336090008165,0.4764265605979693,0,,,,,,,0,KCNK13,PRICKLE3,0,0,0
21609,Q9HB14,Q9BRV3,1,0.5365853658536585,0.4016337989575967,0.4691095824056276,0,,,,,,,0,KCNK13,SLC50A1,0,0,0
21620,Q9HB14,P18887,1,0.551219512195122,0.4016333071201716,0.4764264096576468,0,,,,,,,0,KCNK13,XRCC1,0,0,0
21625,Q9HB14,Q2YD98,1,0.551219512195122,0.4016330060617534,0.4764262591284377,0,,,,,,,0,KCNK13,UVSSA,0,0,0
21628,Q9HB14,Q99705,1,0.5219512195121951,0.4015557057230059,0.4617534626176005,0,,,,,,,0,KCNK13,MCHR1,0,0,0
21644,Q9HB14,Q6NUS6,1,0.5365853658536585,0.4015547410176052,0.4690700534356318,0,,,,,,,0,KCNK13,TCTN3,0,0,0
21649,Q9HB14,P49682,1,0.5219512195121951,0.4015584493520396,0.4617548344321174,0,,,,,,,0,KCNK13,CXCR3,0,0,0
21650,Q9HB14,A6NKC9,1,0.526829268292683,0.4016345347746901,0.4642319015336865,0,,,,,,,0,KCNK13,SH2D7,0,0,0
21656,Q9HB14,P49756,1,0.551219512195122,0.4016332415465958,0.4764263768708588,0,,,,,,,0,KCNK13,RBM25,0,0,0
21662,P63279,P22460,1,0.7463414634146343,0.4014405128640024,0.5738909881393184,0,,,,,,,0,UBE2I,KCNA5,0,0,0
21671,P63279,P35226,1,0.7268292682926829,0.4014570005193742,0.5641431344060286,0,,,,,,,0,UBE2I,BMI1,0,0,0
21674,P63279,Q15233,1,0.7268292682926829,0.4013210994571111,0.564075183874897,0,,,,,,,0,UBE2I,NONO,0,0,0
21677,Q8N1D5,Q9Y577,1,0.551219512195122,0.4016328823421242,0.4764261972686231,0,,,,,,,0,CFAP107,TRIM17,0,0,0
21680,P63279,Q8N448,1,0.7268292682926829,0.4014413192204284,0.5641352937565557,0,,,,,,,0,UBE2I,LNX2,0,0,0
21699,P63279,O75360,1,0.7853658536585365,0.4015580147673124,0.5934619342129245,0,,,,,,,0,UBE2I,PROP1,0,0,0
21700,P63279,P13010,1,0.7463414634146343,0.4015304701757815,0.5739359667952079,0,,,,,,,0,UBE2I,XRCC5,0,0,0
21703,P63279,O15381,1,0.8585365853658536,0.4014155732983145,0.6299760793320841,0,,,,,,,0,UBE2I,NVL,0,0,0
21707,P63279,Q9Y371,1,0.7658536585365854,0.401317847104446,0.5835857528205157,0,,,,,,,0,UBE2I,SH3GLB1,0,0,0
21711,P63279,Q9BYV6,1,0.7804878048780488,0.4014072088657834,0.5909475068719161,0,,,,,,,0,UBE2I,TRIM55,0,0,0
21715,P63279,P18887,1,0.7268292682926829,0.4013216111165935,0.5640754397046381,0,,,,,,,0,UBE2I,XRCC1,0,0,0
21716,P63279,O43852,1,0.7219512195121951,0.4013080012030492,0.5616296103576222,0,,,,,,,0,UBE2I,CALU,0,0,0
21723,P63279,P11166,1,0.7268292682926829,0.4013077584964147,0.5640685133945488,0,,,,,,,0,UBE2I,SLC2A1,0,0,0
21726,P63279,Q9Y618,1,0.7268292682926829,0.401321112677432,0.5640751904850574,0,,,,,,,0,UBE2I,NCOR2,0,0,0
21732,P63279,Q8N6G5,1,0.7268292682926829,0.4013065628782599,0.5640679155854714,0,,,,,,,0,UBE2I,CSGALNACT2,0,0,0
21737,P63279,P10828,1,0.7268292682926829,0.4013073559895522,0.5640683121411175,0,,,,,,,0,UBE2I,THRB,0,0,0
21738,P63279,Q8NDC0,1,0.7268292682926829,0.4013728351768639,0.5641010517347734,0,,,,,,,0,UBE2I,MAPK1IP1L,0,0,0
21745,P63279,P52272,1,0.7414634146341462,0.4014927447849715,0.5714780797095589,0,,,,,,,0,UBE2I,HNRNPM,0,0,0
21747,P63279,Q9UBT2,1,0.7219512195121951,0.4013215477997758,0.5616363836559854,0,,,,,,,0,UBE2I,UBA2,0,0,0
21748,P63279,O00635,1,0.7268292682926829,0.4013072822131668,0.5640682752529249,0,,,,,,,0,UBE2I,TRIM38,0,0,0
21750,P63279,Q02040,1,0.751219512195122,0.4012008202005303,0.5762101661978261,0,,,,,,,0,UBE2I,AKAP17A,0,0,0
21751,P63279,P57682,1,0.7609756097560976,0.4013178317689508,0.5811467207625242,0,,,,,,,0,UBE2I,KLF3,0,0,0
21758,P63279,O95994,1,0.7219512195121951,0.4010995903524629,0.561525404932329,0,,,,,,,0,UBE2I,AGR2,0,0,0
21762,P63279,Q9Y620,1,0.8341463414634146,0.4013063714479127,0.6177263564556636,0,,,,,,,0,UBE2I,RAD54B,0,0,0
21765,P63279,P49756,1,0.7317073170731707,0.4013211995215588,0.5665142582973648,0,,,,,,,0,UBE2I,RBM25,0,0,0
21768,P63279,O43290,1,0.7463414634146343,0.4015423660785296,0.573941914746582,0,,,,,,,0,UBE2I,SART1,0,0,0
21776,Q08378,Q9BTL3,1,0.551219512195122,0.4015548336801876,0.4763871729376547,0,,,,,,,0,GOLGA3,RAMAC,0,0,0
21788,Q08378,Q969J2,1,0.526829268292683,0.4015549571928867,0.4641921127427848,0,,,,,,,0,GOLGA3,ZKSCAN4,0,0,0
21791,Q08378,Q7Z4V0,1,0.551219512195122,0.4016330619476123,0.4764262870713671,0,,,,,,,0,GOLGA3,ZNF438,0,0,0
21798,Q08378,Q99727,1,0.551219512195122,0.401632973902939,0.4764262430490305,0,,,,,,,0,GOLGA3,TIMP4,0,0,0
21829,Q08378,P39023,1,0.551219512195122,0.4015547407940277,0.4763871264945748,0,,,,,,,0,GOLGA3,RPL3,0,0,0
21842,Q08378,Q15276,1,0.551219512195122,0.401554808688236,0.476387160441679,0,,,,,,,0,GOLGA3,RABEP1,0,0,0
21843,Q08378,P54886,1,0.551219512195122,0.4015547542290938,0.4763871332121079,0,,,,,,,0,GOLGA3,ALDH18A1,0,0,0
21865,Q8IZN3,Q9UI47,1,0.526829268292683,0.4015549009059388,0.4641920845993109,0,,,,,,,0,ZDHHC14,CTNNA3,0,0,0
21866,Q8IZN3,Q8NEN0,1,0.526829268292683,0.4015550649328566,0.4641921666127697,0,,,,,,,0,ZDHHC14,ARMC2,0,0,0
21884,Q8IZN3,A7XYQ1,1,0.526829268292683,0.4015551177520496,0.4641921930223662,0,,,,,,,0,ZDHHC14,SOBP,0,0,0
21889,Q8IZN3,O43290,1,0.551219512195122,0.401554714949992,0.476387113572557,0,,,,,,,0,ZDHHC14,SART1,0,0,0
21891,Q9Y6N1,H7BZ55,1,0.5219512195121951,0.4016811979632278,0.4618162087377114,0,,,,,,,0,COX11,CROCC2,0,0,0
21898,Q8N1D5,Q6NXT4,1,0.526829268292683,0.4016333300442934,0.4642312991684881,0,,,,,,,0,CFAP107,SLC30A6,0,0,0
21906,Q9Y6N1,P98077,1,0.526829268292683,0.4016333842061975,0.4642313262494402,0,,,,,,,0,COX11,SHC2,0,0,0
21928,Q86U38,O00512,1,0.526829268292683,0.4015550914417485,0.4641921798672157,0,,,,,,,0,NOP9,BCL9,0,0,0
21930,Q86U38,Q9H0X4,1,0.7268292682926829,0.4013093110763367,0.5640692896845099,0,,,,,,,0,NOP9,FAM234A,0,0,0
21934,Q86U38,Q86V59,1,0.7268292682926829,0.4013080991484835,0.5640686837205832,0,,,,,,,0,NOP9,PNMA8A,0,0,0
21936,Q86U38,O43914,1,0.7268292682926829,0.4013213506422576,0.5640753094674702,0,,,,,,,0,NOP9,TYROBP,0,0,0
21939,Q8N945,Q96SN8,1,0.7463414634146343,0.40130550981216,0.5738234866133971,0,,,,,,,0,PRELID2,CDK5RAP2,0,0,0
22020,P05549,Q9Y6Q5,1,0.7268292682926829,0.401999296344526,0.5644142823186045,0,,,,,,,0,TFAP2A,AP1M2,0,0,0
22021,P22460,Q9BWL3,1,0.7268292682926829,0.4013223712148248,0.5640758197537539,0,,,,,,,0,KCNA5,C1orf43,0,0,0
22034,P22460,A8MYV0,1,0.526829268292683,0.4015551404430353,0.4641922043678591,0,,,,,,,0,KCNA5,DCDC2C,0,0,0
22038,P22460,Q9BYQ4,1,0.5219512195121951,0.4013065510837845,0.4616288852979898,0,,,,,,,0,KCNA5,KRTAP9-2,0,0,0
22053,P22460,Q6NXT4,1,0.7268292682926829,0.4013069002484552,0.5640680842705691,0,,,,,,,0,KCNA5,SLC30A6,0,0,0
22065,P32754,Q9P2F5,1,0.551219512195122,0.4015546012419586,0.4763870567185403,0,,,,,,,0,HPD,STOX2,0,0,0
22067,P32754,Q16222,1,0.551219512195122,0.4015545070458052,0.4763870096204636,0,,,,,,,0,HPD,UAP1,0,0,0
22069,P32754,Q96MK3,1,0.5365853658536585,0.4015551321224192,0.4690702489880388,0,,,,,,,0,HPD,FAM20A,0,0,0
22075,P32754,O00232,1,0.5365853658536585,0.4015554800862499,0.4690704229699541,0,,,,,,,0,HPD,PSMD12,0,0,0
22089,P32754,Q8NHY0,1,0.551219512195122,0.4015549602203017,0.4763872362077118,0,,,,,,,0,HPD,B4GALNT2,0,0,0
22092,P32754,Q96BR6,1,0.5219512195121951,0.4015552892968664,0.4617532544045307,0,,,,,,,0,HPD,ZNF669,0,0,0
22103,P32754,Q8WWZ8,1,0.551219512195122,0.4015545438225404,0.4763870280088312,0,,,,,,,0,HPD,OIT3,0,0,0
22118,P32754,P10515,1,0.7170731707317073,0.4013231351386673,0.5591981529351873,0,,,,,,,0,HPD,DLAT,0,0,0
22128,P32754,P32780,1,0.551219512195122,0.4015546910701266,0.4763871016326243,0,,,,,,,0,HPD,GTF2H1,0,0,0
22142,P32754,Q13434,1,0.526829268292683,0.4015559464677194,0.4641926073802012,0,,,,,,,0,HPD,MKRN4P,0,0,0
22152,P05549,Q8NGK3,1,0.5219512195121951,0.4015554735872079,0.4617533465497015,0,,,,,,,0,TFAP2A,OR52K2,0,0,0
22156,P32754,Q76G19,1,0.551219512195122,0.4015547816573279,0.4763871469262249,0,,,,,,,0,HPD,PDZD4,0,0,0
22206,P05549,Q02297,1,0.551219512195122,0.4015553655356348,0.4763874388653784,0,,,,,,,0,TFAP2A,NRG1,0,0,0
22233,P05549,P63279,1,0.775609756097561,0.4014074158459275,0.5885085859717443,0,,P05549,P63279,"psi-mi:""MI:0007""(anti tag coimmunoprecipitation)",taxid:9606(Homo sapiens),2.0,1,TFAP2A,UBE2I,0,0,0
22302,Q8WXE0,Q9P2W7,1,0.7463414634146343,0.4015309516201502,0.5739362075173922,0,,,,,,,0,CASKIN2,B3GAT1,0,0,0
22340,Q8WXE0,Q9H2G4,1,0.551219512195122,0.4015548238732493,0.4763871680341857,0,,,,,,,0,CASKIN2,TSPYL2,0,0,0
22369,Q8WXE0,Q2TAK8,1,0.551219512195122,0.4015546531941848,0.4763870826946534,0,,,,,,,0,CASKIN2,PWWP3A,0,0,0
22370,Q8WXE0,O94972,1,0.526829268292683,0.4015552429436454,0.4641922556181642,0,,,,,,,0,CASKIN2,TRIM37,0,0,0
22384,Q9H341,Q9P2F9,1,0.551219512195122,0.4015554393377459,0.4763874757664339,0,,,,,,,0,OR51M1,ZNF319,0,0,0
22387,P05549,Q8NGA5,1,0.5365853658536585,0.4015557173833733,0.4690705416185159,0,,,,,,,0,TFAP2A,OR10H4,0,0,0
22414,Q9H341,P0C7V9,1,0.5219512195121951,0.4015559795709968,0.461753599541596,0,,,,,,,0,OR51M1,METTL15P1,0,0,0
22416,Q9H341,P09211,1,0.526829268292683,0.4015554398929343,0.4641923540928086,0,,,,,,,0,OR51M1,GSTP1,0,0,0
22436,Q9H341,Q9P1V8,1,0.551219512195122,0.4015551319380039,0.476387322066563,0,,,,,,,0,OR51M1,SAMD15,0,0,0
22439,Q9H341,O15381,1,0.551219512195122,0.401554851124657,0.4763871816598894,0,,,,,,,0,OR51M1,NVL,0,0,0
22452,Q9H341,Q9BYV6,1,0.551219512195122,0.4015559191947591,0.4763877156949405,0,,,,,,,0,OR51M1,TRIM55,0,0,0
22509,Q9H341,P54278,1,0.551219512195122,0.4015549237460838,0.4763872179706029,0,,,,,,,0,OR51M1,PMS2,0,0,0
22563,P05549,Q969Q5,1,0.551219512195122,0.4015555696064176,0.4763875409007698,0,,,,,,,0,TFAP2A,RAB24,0,0,0
22579,Q9H341,Q8IXK0,1,0.551219512195122,0.4015549074934995,0.4763872098443107,0,,,,,,,0,OR51M1,PHC2,0,0,0
22629,P05549,P13010,1,0.7219512195121951,0.4013213571863011,0.5616362883492481,0,,,,,,,0,TFAP2A,XRCC5,0,0,0
22637,Q8TED0,Q99496,1,0.7268292682926829,0.4013065750378257,0.5640679216652543,0,,,,,,,0,UTP15,RNF2,0,0,0
22675,P05549,Q70IA6,1,0.8195121951219512,0.4013247527209155,0.6104184739214333,0,,,,,,,0,TFAP2A,MOB2,0,0,0
22687,Q8TED0,Q8N6G5,1,0.7268292682926829,0.4013721252497398,0.5641006967712113,0,,,,,,,0,UTP15,CSGALNACT2,0,0,0
22692,P05549,Q9P1V8,1,0.526829268292683,0.401555064765797,0.46419216652924,0,,,,,,,0,TFAP2A,SAMD15,0,0,0
22699,Q8TED0,A6H8Y1,1,0.551219512195122,0.4015545809056114,0.4763870465503667,0,,,,,,,0,UTP15,BDP1,0,0,0
22800,A8MW95,A6H8Y1,1,0.526829268292683,0.401602914001179,0.4642160911469309,0,,,,,,,0,BECN2,BDP1,0,0,0
22801,A8MW95,Q8NFC6,1,0.526829268292683,0.4016029324161589,0.4642161003544209,0,,,,,,,0,BECN2,BOD1L1,0,0,0
22813,A8MW95,Q32MK0,1,0.551219512195122,0.4015550761853432,0.4763872941902326,0,,,,,,,0,BECN2,MYLK3,0,0,0
22830,Q9UM82,O95872,1,0.751219512195122,0.4012269738315818,0.5762232430133518,0,,,,,,,0,SPATA2,GPANK1,0,0,0
22876,Q9UM82,Q969X1,1,0.5219512195121951,0.4015553567635825,0.4617532881378888,0,,,,,,,0,SPATA2,TMBIM1,0,0,0
22901,O15240,Q99496,1,0.7317073170731707,0.401321331863591,0.5665143244683808,0,,,,,,,0,VGF,RNF2,0,0,0
22906,O15240,O00512,1,0.551219512195122,0.4015546946802583,0.4763871034376901,0,,,,,,,0,VGF,BCL9,0,0,0
22911,O15240,A0A0B4J271,1,0.526829268292683,0.4015548146944542,0.4641920414935686,0,,,,,,,0,VGF,TRAV12-3,0,0,0
22914,P05549,P54278,1,0.551219512195122,0.4015548273020156,0.4763871697485687,0,,,,,,,0,TFAP2A,PMS2,0,0,0
22922,O15240,Q6UX07,1,0.551219512195122,0.4015552931824039,0.4763874026887629,0,,,,,,,0,VGF,DHRS13,0,0,0
22934,O15240,A0A096LP01,1,0.526829268292683,0.4015548982485156,0.4641920832705992,0,,,,,,,0,VGF,SMIM26,0,0,0
22977,A6NGD5,Q6YFQ2,1,0.551219512195122,0.4015548984068994,0.4763872053010107,0,,,,,,,0,ZSCAN5C,COX6B2,0,0,0
23007,A0A0A0MS14,Q9P2E9,1,0.551219512195122,0.4015548273216372,0.4763871697583796,0,,,,,,,0,IGHV1-45,RRBP1,0,0,0
23052,A0A0A0MS14,A6NDN3,1,0.551219512195122,0.4015548247049868,0.4763871684500544,0,,,,,,,0,IGHV1-45,GOLGA6B,0,0,0
23058,A0A0A0MS14,Q96M83,1,0.5219512195121951,0.4016028796779748,0.461777049595085,0,,,,,,,0,IGHV1-45,CCDC7,0,0,0
23079,Q5QNW6,Q8WUB8,1,0.7268292682926829,0.4013062896991494,0.5640677789959161,0,,Q5QNW6,Q8WUB8,"psi-mi:""MI:0030""(cross-linking study)",taxid:9606(Homo sapiens),2.0,1,H2BC18,PHF10,0,0,0
23353,Q5QNW6,Q92622,1,0.7268292682926829,0.4013062221894727,0.5640677452410778,0,,,,,,,0,H2BC18,RUBCN,0,0,0
23363,Q5QNW6,P51608,1,0.7414634146341462,0.401528704669182,0.5714960596516641,0,,,,,,,0,H2BC18,MECP2,0,0,0
23405,Q5QNW6,O95994,1,0.7268292682926829,0.4013732824165344,0.5641012753546086,0,,,,,,,0,H2BC18,AGR2,0,0,0
23429,Q5QNW6,P0CG23,1,0.551219512195122,0.4015547815337207,0.4763871468644213,0,,,,,,,0,H2BC18,ZNF853,0,0,0
23454,Q9P2E9,P51580,1,0.526829268292683,0.4016332502282051,0.464231259260444,0,,,,,,,0,RRBP1,TPMT,0,0,0
23455,Q9P2E9,P01824,1,0.526829268292683,0.4015549914787238,0.4641921298857033,0,,,,,,,0,RRBP1,IGHV4-39,0,0,0
23460,Q9P2E9,A8K0S8,1,0.551219512195122,0.4015547962673406,0.4763871542312313,0,,,,,,,0,RRBP1,MEIS3P2,0,0,0
23466,Q9P2E9,A0A0B4J1V7,1,0.551219512195122,0.4015548667089211,0.4763871894520215,0,,,,,,,0,RRBP1,IGHV7-81,0,0,0
23467,Q9P2E9,O75716,1,0.551219512195122,0.4015548941190952,0.4763872031571086,0,,,,,,,0,RRBP1,STK16,0,0,0
23469,Q9P2E9,P31941,1,0.551219512195122,0.4015547979608561,0.476387155077989,0,,,,,,,0,RRBP1,APOBEC3A,0,0,0
23474,Q9P2E9,P36957,1,0.7463414634146343,0.4013212378396736,0.573831350627154,0,,,,,,,0,RRBP1,DLST,0,0,0
23480,Q9P2E9,P52272,1,0.7463414634146343,0.4015382437483572,0.5739398535814957,0,,,,,,,0,RRBP1,HNRNPM,0,0,0
23484,Q9P2E9,Q13148,1,0.7609756097560976,0.4013052047187249,0.5811404072374112,0,,,,,,,0,RRBP1,TARDBP,0,0,0
23485,Q9P2E9,O95994,1,0.7317073170731707,0.4016744902181712,0.566690903645671,0,,,,,,,0,RRBP1,AGR2,0,0,0
23486,Q9P2E9,Q8N0U2,1,0.551219512195122,0.4015548025420568,0.4763871573685894,0,,,,,,,0,RRBP1,TMEM61,0,0,0
23490,Q9P2E9,Q8IYV9,1,0.551219512195122,0.4015548645374489,0.4763871883662854,0,,,,,,,0,RRBP1,IZUMO1,0,0,0
23492,Q9P2E9,A0A0B4J1U4,1,0.551219512195122,0.4015548279356545,0.4763871700653882,0,,,,,,,0,RRBP1,TRGV5,0,0,0
23493,Q9P2E9,Q9BQS8,1,0.7268292682926829,0.40141321182291,0.5641212400577964,0,,,,,,,0,RRBP1,FYCO1,0,0,0
23515,Q8IYH5,Q96KQ4,1,0.7268292682926829,0.4013075865993748,0.5640684274460288,0,,,,,,,0,ZZZ3,PPP1R13B,0,0,0
23516,Q8IYH5,Q9Y2G2,1,0.7707317073170732,0.4013182929491334,0.5860250001331033,0,,,,,,,0,ZZZ3,CARD8,0,0,0
23519,Q9P2F9,P60411,1,0.7170731707317073,0.4013231929752002,0.5591981818534537,0,,,,,,,0,ZNF319,KRTAP10-9,0,0,0
23521,Q8WVN8,P47756,1,0.7219512195121951,0.4010338726855135,0.5614925460988542,0,,,,,,,0,UBE2Q2,CAPZB,0,0,0
23522,Q8WVN8,Q9BQA1,1,0.7219512195121951,0.4008961293845114,0.5614236744483533,0,,,,,,,0,UBE2Q2,WDR77,0,0,0
23526,Q8IXW5,Q9H6T3,1,0.7219512195121951,0.4008976224540074,0.5614244209831012,0,,,,,,,0,RPAP2,RPAP3,0,0,0
23527,Q8IXW5,P0CAP2,1,0.8780487804878049,0.4014437451758977,0.6397462628318513,0,,,,,,,0,RPAP2,POLR2M,0,0,0
23529,Q8IXW5,O75665,1,0.7609756097560976,0.4012268212549368,0.5811012155055172,0,,,,,,,0,RPAP2,OFD1,0,0,0
23534,Q8IXW5,Q15648,1,0.8243902439024391,0.4015306696312397,0.6129604567668394,0,,,,,,,0,RPAP2,MED1,0,0,0
23538,Q9ULT0,Q8NCB2,1,0.7268292682926829,0.401307458238662,0.5640683632656724,0,,,,,,,0,TTC7A,CAMKV,0,0,0
23555,Q6IEG0,P54278,1,0.551219512195122,0.4015548160639089,0.4763871641295154,0,,,,,,,0,SNRNP48,PMS2,0,0,0
23579,Q9Y236,Q8TB24,1,0.551219512195122,0.4015547937164102,0.476387152955766,0,,,,,,,0,OSGIN2,RIN3,0,0,0
23584,Q9Y236,P40879,1,0.526829268292683,0.4015549442020368,0.4641921062473598,0,,,,,,,0,OSGIN2,SLC26A3,0,0,0
23614,Q96SN8,Q9BR76,1,0.7365853658536585,0.4015174467428571,0.5690514062982578,0,,,,,,,0,CDK5RAP2,CORO1B,0,0,0
23615,Q96SN8,Q9BY31,1,0.526829268292683,0.4015549424396227,0.4641921053661528,0,,,,,,,0,CDK5RAP2,ZNF717,0,0,0
23622,Q96SN8,Q6XPS3,1,0.7414634146341462,0.4015174042455047,0.5714904094398254,0,,,,,,,0,CDK5RAP2,TPTE2,0,0,0
23624,Q96SN8,Q9H2G4,1,0.5219512195121951,0.4016032658775366,0.4617772426948658,0,,,,,,,0,CDK5RAP2,TSPYL2,0,0,0
23627,Q96SN8,O94972,1,0.7853658536585365,0.4016031216513299,0.5934844876549332,0,,,,,,,0,CDK5RAP2,TRIM37,0,0,0
23628,Q96SN8,Q9UI42,1,0.5219512195121951,0.4016029570380272,0.4617770882751111,0,,,,,,,0,CDK5RAP2,CPA4,0,0,0
23639,Q8WUB8,Q9ULW0,1,0.7219512195121951,0.4013089970277481,0.5616301082699716,0,,,,,,,0,PHF10,TPX2,0,0,0
23651,H7BZ55,O15466,1,0.5219512195121951,0.4016030969540944,0.4617771582331448,0,,,,,,,0,CROCC2,ST8SIA5,0,0,0
23653,H7BZ55,Q8N9Z9,1,0.5219512195121951,0.4016031164737152,0.4617771679929552,0,,,,,,,0,CROCC2,LMNTD1,0,0,0
23656,H7BZ55,Q6IMI6,1,0.5219512195121951,0.4016030895740666,0.4617771545431308,0,,,,,,,0,CROCC2,SULT1C3,0,0,0
23660,H7BZ55,Q9BR76,1,0.5219512195121951,0.4016031139878487,0.4617771667500219,0,,,,,,,0,CROCC2,CORO1B,0,0,0
23670,H7BZ55,Q9H2X3,1,0.5219512195121951,0.4016030590666182,0.4617771392894066,0,,,,,,,0,CROCC2,CLEC4M,0,0,0
23674,H7BZ55,Q7M4L6,1,0.5219512195121951,0.4016030805844919,0.4617771500483435,0,,,,,,,0,CROCC2,SHF,0,0,0
23677,H7BZ55,Q06546,1,0.5219512195121951,0.4016031185181208,0.461777169015158,0,,,,,,,0,CROCC2,GABPA,0,0,0
23680,H7BZ55,Q96AN5,1,0.5219512195121951,0.4016030520126692,0.4617771357624322,0,,,,,,,0,CROCC2,TMEM143,0,0,0
23681,H7BZ55,Q9BYW1,1,0.5219512195121951,0.4016030610996031,0.4617771403058991,0,,,,,,,0,CROCC2,SLC2A11,0,0,0
23683,H7BZ55,Q9P2W7,1,0.5219512195121951,0.4016030629485948,0.461777141230395,0,,,,,,,0,CROCC2,B3GAT1,0,0,0
23687,H7BZ55,Q9ULV4,1,0.5219512195121951,0.4016031397597309,0.461777179635963,0,,,,,,,0,CROCC2,CORO1C,0,0,0
23689,H7BZ55,P47804,1,0.5219512195121951,0.4016030131821895,0.4617771163471923,0,,,,,,,0,CROCC2,RGR,0,0,0
23690,H7BZ55,P10515,1,0.526829268292683,0.4016031870016532,0.4642162276471681,0,,,,,,,0,CROCC2,DLAT,0,0,0
23692,H7BZ55,P98077,1,0.526829268292683,0.4016031207158185,0.4642161945042507,0,,,,,,,0,CROCC2,SHC2,0,0,0
23695,H7BZ55,Q6PF15,1,0.526829268292683,0.4016031082896105,0.4642161882911467,0,,,,,,,0,CROCC2,KLHL35,0,0,0
23697,H7BZ55,Q969R8,1,0.5219512195121951,0.401603072939793,0.4617771462259941,0,,,,,,,0,CROCC2,ITFG2,0,0,0
23700,H7BZ55,Q86YJ6,1,0.5219512195121951,0.4016030960635987,0.4617771577878969,0,,,,,,,0,CROCC2,THNSL2,0,0,0
23701,H7BZ55,Q6DN72,1,0.5219512195121951,0.4016030779678736,0.4617771487400344,0,,,,,,,0,CROCC2,FCRL6,0,0,0
23702,H7BZ55,P12319,1,0.5219512195121951,0.4016030605890119,0.4617771400506035,0,,,,,,,0,CROCC2,FCER1A,0,0,0
23703,H7BZ55,P0CB47,1,0.5219512195121951,0.4016031156638255,0.4617771675880103,0,,,,,,,0,CROCC2,UBTFL1,0,0,0
23705,H7BZ55,O00322,1,0.5219512195121951,0.4016030757734335,0.4617771476428143,0,,,,,,,0,CROCC2,UPK1A,0,0,0
23708,H7BZ55,Q8NF37,1,0.526829268292683,0.4016031022085802,0.4642161852506316,0,,,,,,,0,CROCC2,LPCAT1,0,0,0
23709,H7BZ55,Q9H313,1,0.5219512195121951,0.4016030917535116,0.4617771556328534,0,,,,,,,0,CROCC2,TTYH1,0,0,0
23713,Q7Z7B0,Q02978,1,0.551219512195122,0.401554698041034,0.476387105118078,0,,,,,,,0,FILIP1,SLC25A11,0,0,0
23714,Q7Z7B0,A8MZ26,1,0.551219512195122,0.4015548961917097,0.4763872041934158,0,,,,,,,0,FILIP1,EFCAB9,0,0,0
23715,Q7Z7B0,Q8NGA5,1,0.551219512195122,0.4015549336774562,0.4763872229362891,0,,,,,,,0,FILIP1,OR10H4,0,0,0
23717,Q7Z7B0,Q8WV92,1,0.551219512195122,0.4015548604678143,0.4763871863314681,0,,,,,,,0,FILIP1,MITD1,0,0,0
23718,Q7Z7B0,Q8IVP9,1,0.551219512195122,0.4015546913077826,0.4763871017514522,0,,,,,,,0,FILIP1,ZNF547,0,0,0
23721,Q7Z7B0,P0C7V9,1,0.551219512195122,0.4015548290687474,0.4763871706319347,0,,,,,,,0,FILIP1,METTL15P1,0,0,0
23724,Q7Z7B0,Q969Q5,1,0.551219512195122,0.4015548692111886,0.4763871907031552,0,,,,,,,0,FILIP1,RAB24,0,0,0
23733,Q7Z7B0,Q9P1V8,1,0.551219512195122,0.4015547578909342,0.4763871350430281,0,,,,,,,0,FILIP1,SAMD15,0,0,0
23734,Q7Z7B0,Q9Y371,1,0.551219512195122,0.4015547345228234,0.4763871233589727,0,,,,,,,0,FILIP1,SH3GLB1,0,0,0
23736,Q7Z7B0,Q8NGJ7,1,0.551219512195122,0.4015547742073779,0.47638714320125,0,,,,,,,0,FILIP1,OR51A2,0,0,0
23744,Q7Z7B0,P25789,1,0.551219512195122,0.4015547376864818,0.4763871249408019,0,,,,,,,0,FILIP1,PSMA4,0,0,0
23747,Q7Z7B0,Q96RU8,1,0.551219512195122,0.4015546847394683,0.4763870984672951,0,,,,,,,0,FILIP1,TRIB1,0,0,0
23752,Q7Z7B0,P54278,1,0.551219512195122,0.4015550130422011,0.4763872626186615,0,,,,,,,0,FILIP1,PMS2,0,0,0
23762,Q7Z7B0,A8MXT2,1,0.551219512195122,0.4015548498054212,0.4763871810002716,0,,,,,,,0,FILIP1,MAGEB17,0,0,0
23764,Q7Z7B0,P55916,1,0.551219512195122,0.4015547351216544,0.4763871236583882,0,,,,,,,0,FILIP1,UCP3,0,0,0
23765,Q7Z7B0,P12429,1,0.551219512195122,0.4015548297519627,0.4763871709735423,0,,,,,,,0,FILIP1,ANXA3,0,0,0
23767,Q7Z7B0,A0A0J9YX57,1,0.551219512195122,0.401554716346576,0.476387114270849,0,,,,,,,0,FILIP1,MAGEB6B,0,0,0
23768,Q7Z7B0,Q96RA2,1,0.551219512195122,0.401554827859632,0.4763871700273769,0,,,,,,,0,FILIP1,OR7D2,0,0,0
23770,Q8N1W2,Q9UN30,1,0.526829268292683,0.4015550852095987,0.4641921767511408,0,,,,,,,0,ZNF710,SCML1,0,0,0
23773,Q7Z7B0,P22676,1,0.551219512195122,0.4015547290870412,0.4763871206410816,0,,,,,,,0,FILIP1,CALB2,0,0,0
23776,Q7Z7B0,Q8IXK0,1,0.526829268292683,0.401554936169152,0.4641921022309174,0,,,,,,,0,FILIP1,PHC2,0,0,0
23779,Q7Z7B0,O43347,1,0.551219512195122,0.4015546558282085,0.4763870840116652,0,,,,,,,0,FILIP1,MSI1,0,0,0
23781,Q7Z7B0,Q9HAS0,1,0.551219512195122,0.4015548640001763,0.4763871880976491,0,,,,,,,0,FILIP1,C17orf75,0,0,0
23787,Q7Z7B0,Q96R45,1,0.551219512195122,0.4015548751037588,0.4763871936494404,0,,,,,,,0,FILIP1,OR2A7,0,0,0
23813,Q8N1W2,Q5SQ80,1,0.551219512195122,0.4015547228035029,0.4763871174993124,0,,,,,,,0,ZNF710,ANKRD20A2P,0,0,0
23832,Q9UJJ7,Q96NU1,1,0.551219512195122,0.4015546518641558,0.4763870820296388,0,,,,,,,0,RPUSD1,SAMD11,0,0,0
23838,Q9UJJ7,P31941,1,0.551219512195122,0.4015549388856825,0.4763872255404022,0,,,,,,,0,RPUSD1,APOBEC3A,0,0,0
23924,Q9UJJ7,A6NDN3,1,0.551219512195122,0.4015545797220744,0.4763870459585982,0,,,,,,,0,RPUSD1,GOLGA6B,0,0,0
23939,Q9UJJ7,Q96M83,1,0.526829268292683,0.4016028184757904,0.4642160433842366,0,,,,,,,0,RPUSD1,CCDC7,0,0,0
23944,Q9UJJ7,A0A0B4J1U4,1,0.551219512195122,0.4015548812231184,0.4763871967091202,0,,,,,,,0,RPUSD1,TRGV5,0,0,0
23958,Q9P2F5,Q99457,1,0.551219512195122,0.4015546685724185,0.4763870903837702,0,,,,,,,0,STOX2,NAP1L3,0,0,0
23969,Q9P2F5,Q16222,1,0.551219512195122,0.4015546821480493,0.4763870971715856,0,,,,,,,0,STOX2,UAP1,0,0,0
23972,Q9P2F5,Q96MK3,1,0.551219512195122,0.4015549511755165,0.4763872316853192,0,,,,,,,0,STOX2,FAM20A,0,0,0
23990,Q9P2F5,O00232,1,0.551219512195122,0.4015548304191101,0.476387171307116,0,,,,,,,0,STOX2,PSMD12,0,0,0
24005,Q9P2F5,Q9NQI0,1,0.551219512195122,0.401554759822217,0.4763871360086695,0,,,,,,,0,STOX2,DDX4,0,0,0
24006,Q9P2F5,Q16719,1,0.551219512195122,0.4015548024970848,0.4763871573461034,0,,,,,,,0,STOX2,KYNU,0,0,0
24011,Q9P2F5,P35453,1,0.526829268292683,0.4015546986623487,0.4641919834775158,0,,,,,,,0,STOX2,HOXD13,0,0,0
24016,Q9P2F5,Q00325,1,0.551219512195122,0.401554718465416,0.476387115330269,0,,,,,,,0,STOX2,SLC25A3,0,0,0
24020,Q17RF5,Q8TEL6,1,0.7268292682926829,0.4013063432912431,0.564067805791963,0,,,,,,,0,ODAPH,TRPC4AP,0,0,0
24024,Q9P2F5,Q8NHY0,1,0.551219512195122,0.4015549352002961,0.476387223697709,0,,,,,,,0,STOX2,B4GALNT2,0,0,0
24027,Q9P2F5,Q96BR6,1,0.551219512195122,0.4015545870659654,0.4763870496305437,0,,,,,,,0,STOX2,ZNF669,0,0,0
24028,Q9P2F5,Q96NX5,1,0.551219512195122,0.401554707753073,0.4763871099740975,0,,,,,,,0,STOX2,CAMK1G,0,0,0
24039,Q9P2F5,Q7Z602,1,0.551219512195122,0.4015548698464633,0.4763871910207926,0,,,,,,,0,STOX2,GPR141,0,0,0
24043,Q9P2F5,Q8NFQ6,1,0.551219512195122,0.4015549545086525,0.4763872333518872,0,,,,,,,0,STOX2,BPIFC,0,0,0
24059,Q9P2F5,Q96A11,1,0.551219512195122,0.4016330419794383,0.4764262770872801,0,,,,,,,0,STOX2,GAL3ST3,0,0,0
24066,Q9P2F5,Q96PG2,1,0.5219512195121951,0.4016030591674419,0.4617771393398185,0,,,,,,,0,STOX2,MS4A10,0,0,0
24077,Q9P2F5,P67775,1,0.551219512195122,0.4015546973756814,0.4763871047854017,0,,,,,,,0,STOX2,PPP2CA,0,0,0
24081,Q9P2F5,Q8NGU1,1,0.551219512195122,0.4015548947420443,0.4763872034685831,0,,,,,,,0,STOX2,OR9A1P,0,0,0
24084,Q9P2F5,Q6QN14,1,0.551219512195122,0.4015546756400894,0.4763870939176057,0,,,,,,,0,STOX2,USP17L6P,0,0,0
24092,Q9P2F5,P28907,1,0.5219512195121951,0.4016028839628153,0.4617770517375052,0,,,,,,,0,STOX2,CD38,0,0,0
24093,Q9P2F5,Q8WWZ8,1,0.551219512195122,0.4015547136134674,0.4763871129042947,0,,,,,,,0,STOX2,OIT3,0,0,0
24098,Q9P2F5,Q96BF3,1,0.5219512195121951,0.4016028427617378,0.4617770311369664,0,,,,,,,0,STOX2,TMIGD2,0,0,0
24100,Q9P2F5,Q92966,1,0.551219512195122,0.4015546783086808,0.4763870952519013,0,,,,,,,0,STOX2,SNAPC3,0,0,0
24133,Q9P2F5,Q8IVV7,1,0.551219512195122,0.4015546040476008,0.4763870581213614,0,,,,,,,0,STOX2,GID4,0,0,0
24149,Q9P2F5,P0DMS8,1,0.551219512195122,0.40155492067841,0.4763872164367659,0,,,,,,,0,STOX2,ADORA3,0,0,0
24168,Q9P2F5,Q9BQQ7,1,0.5219512195121951,0.4016028471371987,0.4617770333246969,0,,,,,,,0,STOX2,RTP3,0,0,0
24171,Q9P2F5,P32780,1,0.551219512195122,0.4015547384883579,0.4763871253417399,0,,,,,,,0,STOX2,GTF2H1,0,0,0
24180,Q9P2F5,Q6UXN2,1,0.5219512195121951,0.4016029479364803,0.4617770837243377,0,,,,,,,0,STOX2,TREML4,0,0,0
24191,Q9P2F5,P06870,1,0.5219512195121951,0.4016029399518436,0.4617770797320193,0,,,,,,,0,STOX2,KLK1,0,0,0
24192,Q9P2F5,P62714,1,0.551219512195122,0.40155469739354,0.476387104794331,0,,,,,,,0,STOX2,PPP2CB,0,0,0
24194,Q9P2F5,Q8N187,1,0.551219512195122,0.4015548942683848,0.4763872032317534,0,,,,,,,0,STOX2,CARF,0,0,0
24211,Q9P2F5,Q13434,1,0.551219512195122,0.4016330601786647,0.4764262861868933,0,,,,,,,0,STOX2,MKRN4P,0,0,0
24214,Q9P2F5,P50548,1,0.551219512195122,0.4015548435939094,0.4763871778945157,0,,,,,,,0,STOX2,ERF,0,0,0
24229,Q9P2F5,P31271,1,0.526829268292683,0.4016330261571411,0.464231147224912,0,,,,,,,0,STOX2,HOXA13,0,0,0
24230,Q9P2F5,P13727,1,0.5219512195121951,0.4016812508770205,0.4618162351946078,0,,,,,,,0,STOX2,PRG2,0,0,0
24231,Q9P2F5,Q15759,1,0.551219512195122,0.401633142696999,0.4764263274460605,0,,,,,,,0,STOX2,MAPK11,0,0,0
24232,Q9P2F5,Q8NCB2,1,0.526829268292683,0.4016330467410364,0.4642311575168596,0,,,,,,,0,STOX2,CAMKV,0,0,0
24233,Q9P2F5,P24001,1,0.5219512195121951,0.4016812564368242,0.4618162379745096,0,,,,,,,0,STOX2,IL32,0,0,0
24323,Q96HF1,Q9NP50,1,0.551219512195122,0.4016349630796605,0.4764272376373912,0,,,,,,,0,SFRP2,SINHCAF,0,0,0
24331,Q96HF1,P13385,1,0.5219512195121951,0.4016340646915023,0.4617926421018487,0,,,,,,,0,SFRP2,TDGF1,0,0,0
24340,Q96HF1,P84085,1,0.5365853658536585,0.4016336315746849,0.4691094987141717,0,,,,,,,0,SFRP2,ARF5,0,0,0
24344,Q17RF5,O00592,1,0.5219512195121951,0.4016332619115841,0.4617922407118896,0,,,,,,,0,ODAPH,PODXL,0,0,0
24382,Q96HF1,Q8N4E4,1,0.551219512195122,0.4016349608453989,0.4764272365202604,0,,,,,,,0,SFRP2,PDCL2,0,0,0
24387,Q96HF1,Q9Y620,1,0.8829268292682928,0.4014414939293033,0.642184161598798,0,,,,,,,0,SFRP2,RAD54B,0,0,0
24409,P35226,Q02978,1,0.7268292682926829,0.4014446260856186,0.5641369471891508,0,,,,,,,0,BMI1,SLC25A11,0,0,0
24411,P35226,Q9C0I3,1,0.551219512195122,0.4016330270489192,0.4764262696220206,0,,,,,,,0,BMI1,CCSER1,0,0,0
24422,P35226,Q99496,1,0.8048780487804879,0.4009632355820543,0.6029206421812711,0,,,,,,,0,BMI1,RNF2,0,0,0
24425,P35226,Q5T200,1,0.7219512195121951,0.4014560889521379,0.5617036542321665,0,,,,,,,0,BMI1,ZC3H13,0,0,0
24429,P35226,P13010,1,0.7219512195121951,0.4014564542790111,0.5617038368956031,0,,,,,,,0,BMI1,XRCC5,0,0,0
24430,P35226,P52298,1,0.7853658536585365,0.4016338039532959,0.5934998288059162,0,,,,,,,0,BMI1,NCBP2,0,0,0
24432,P35226,Q9BWL3,1,0.526829268292683,0.4016346592439287,0.4642319637683058,0,,,,,,,0,BMI1,C1orf43,0,0,0
24437,P35226,Q9P2H0,1,0.7268292682926829,0.4013211389547338,0.5640752036237083,0,,,,,,,0,BMI1,CEP126,0,0,0
24438,P35226,P47756,1,0.7268292682926829,0.4013083413432707,0.5640688048179768,1,0.1672555948174322,,,,,,0,BMI1,CAPZB,0,0,0
24440,P35226,Q14966,1,0.7463414634146343,0.4013054438932225,0.5738234536539284,0,,,,,,,0,BMI1,ZNF638,0,0,0
24441,P35226,Q9Y3I0,1,0.7219512195121951,0.4013080479893484,0.5616296337507718,0,,,,,,,0,BMI1,RTCB,0,0,0
24446,P35226,Q15293,1,0.7268292682926829,0.401744149219877,0.56428670875628,0,,,,,,,0,BMI1,RCN1,0,0,0
24447,P35226,P12532,1,0.7268292682926829,0.4013721655272536,0.5641007169099682,0,,,,,,,0,BMI1,CKMT1B,0,0,0
24449,P35226,O75665,1,0.7463414634146343,0.4013212216990436,0.5738313425568389,0,,,,,,,0,BMI1,OFD1,0,0,0
24456,P35226,Q12926,1,0.7219512195121951,0.4013757097595901,0.5616634646358926,0,,,,,,,0,BMI1,ELAVL2,0,0,0
24465,P35226,Q13148,1,0.7268292682926829,0.4013725863333922,0.5641009273130375,0,,,,,,,0,BMI1,TARDBP,0,0,0
24468,P35226,Q8IXK0,1,0.8243902439024391,0.4015178440248841,0.6129540439636616,0,,,,,,,0,BMI1,PHC2,0,0,0
24469,P35226,Q9UN30,1,0.7219512195121951,0.4021613303143396,0.5620562749132674,0,,,,,,,0,BMI1,SCML1,0,0,0
24472,P35226,O94972,1,0.7268292682926829,0.4013064268996245,0.5640678475961537,0,,,,,,,0,BMI1,TRIM37,0,0,0
24498,Q99457,Q92889,1,0.7268292682926829,0.4013216085037098,0.5640754383981963,0,,,,,,,0,NAP1L3,ERCC4,0,0,0
24499,Q99457,P51608,1,0.8341463414634146,0.401644904451399,0.6178956229574069,0,,,,,,,0,NAP1L3,MECP2,0,0,0
24501,Q99457,Q8N187,1,0.551219512195122,0.4015553177060371,0.4763874149505795,0,,,,,,,0,NAP1L3,CARF,0,0,0
24587,Q17RF5,P0CW27,1,0.526829268292683,0.4015555170243819,0.4641923926585324,0,,,,,,,0,ODAPH,CCDC166,0,0,0
24600,O75674,Q9ULH7,1,0.551219512195122,0.4015547541668603,0.4763871331809911,0,,,,,,,0,TOM1L1,MRTFB,0,0,0
24621,O75674,Q9ULW0,1,0.5365853658536585,0.4015551933201685,0.4690702795869135,0,,,,,,,0,TOM1L1,TPX2,0,0,0
24655,Q8NGJ6,Q9C0I3,1,0.551219512195122,0.4015549776904325,0.4763872449427773,0,,,,,,,0,OR51A4,CCSER1,0,0,0
25136,Q9UHF0,Q8WXA9,1,0.5219512195121951,0.4015551501829147,0.4617531848475549,0,,,,,,,0,TAC3,SREK1,0,0,0
25384,O94955,Q5TB80,1,0.551219512195122,0.401554649129066,0.476387080662094,0,,,,,,,0,RHOBTB3,CEP162,0,0,0
25420,O94955,O00203,1,0.551219512195122,0.4015547523528077,0.4763871322739648,0,,,,,,,0,RHOBTB3,AP3B1,0,0,0
25433,O94955,P84085,1,0.7268292682926829,0.4013063391261473,0.5640678037094151,0,,,,,,,0,RHOBTB3,ARF5,0,0,0
25466,O94955,Q5T124,1,0.7268292682926829,0.4013716472149195,0.5641004577538012,0,,,,,,,0,RHOBTB3,UBXN11,0,0,0
25517,O94955,Q86VH2,1,0.551219512195122,0.4015546473131864,0.4763870797541542,0,,,,,,,0,RHOBTB3,KIF27,0,0,0
25534,O15466,Q8TB24,1,0.551219512195122,0.4015548362172804,0.4763871742062012,0,,,,,,,0,ST8SIA5,RIN3,0,0,0
25546,O15466,Q58F21,1,0.551219512195122,0.4015548576292865,0.4763871849122042,0,,,,,,,0,ST8SIA5,BRDT,0,0,0
25560,O15466,P50747,1,0.551219512195122,0.4015550594200616,0.4763872858075918,0,,,,,,,0,ST8SIA5,HLCS,0,0,0
25569,O15466,P40879,1,0.551219512195122,0.4015549481988803,0.4763872301970011,0,,,,,,,0,ST8SIA5,SLC26A3,0,0,0
25576,O15466,P14923,1,0.526829268292683,0.4015550772810173,0.4641921727868501,0,,,,,,,0,ST8SIA5,JUP,0,0,0
25592,O15466,Q9BYQ4,1,0.5219512195121951,0.4013067754745956,0.4616289974933953,0,,,,,,,0,ST8SIA5,KRTAP9-2,0,0,0
25635,O15466,Q9BZQ8,1,0.551219512195122,0.4015548098461778,0.4763871610206499,0,,,,,,,0,ST8SIA5,NIBAN1,0,0,0
25653,O15466,Q8IYB9,1,0.5365853658536585,0.4015554372951648,0.4690704015744116,0,,,,,,,0,ST8SIA5,ZNF595,0,0,0
25699,F8VTS6,O75167,1,0.526829268292683,0.4015550622951888,0.4641921652939358,0,,,,,,,0,RFPL4AL1,PHACTR2,0,0,0
25729,F8VTS6,P84085,1,0.551219512195122,0.4015558318674906,0.4763876720313063,0,,,,,,,0,RFPL4AL1,ARF5,0,0,0
25763,F8VTS6,Q58G82,1,0.526829268292683,0.4015553779734989,0.4641923231330909,0,,,,,,,0,RFPL4AL1,SYT14P1,0,0,0
25781,Q14500,Q13127,1,0.5219512195121951,0.4016031358587596,0.4617771776854774,0,,,,,,,0,KCNJ12,REST,0,0,0
25790,Q14500,Q969J2,1,0.526829268292683,0.4015552479409139,0.4641922581167984,0,,,,,,,0,KCNJ12,ZKSCAN4,0,0,0
25793,Q14500,Q7Z4V0,1,0.526829268292683,0.401554959452687,0.464192113872685,0,,,,,,,0,KCNJ12,ZNF438,0,0,0
25831,Q14500,O00755,1,0.5219512195121951,0.4013073475714704,0.4616292835418327,0,,,,,,,0,KCNJ12,WNT7A,0,0,0
25847,Q14500,Q8NCX0,1,0.551219512195122,0.4015547591017244,0.4763871356484231,0,,,,,,,0,KCNJ12,CCDC150,0,0,0
25849,Q14500,Q9H334,1,0.5365853658536585,0.4015548296345601,0.4690700977441092,0,,,,,,,0,KCNJ12,FOXP1,0,0,0
25858,Q14500,Q15276,1,0.551219512195122,0.4015549319796041,0.476387222087363,0,,,,,,,0,KCNJ12,RABEP1,0,0,0
25859,Q14500,P54886,1,0.551219512195122,0.4015550074195649,0.4763872598073434,0,,,,,,,0,KCNJ12,ALDH18A1,0,0,0
25890,B4DZS4,Q9GZX7,1,0.5219512195121951,0.4015550567066118,0.4617531381094034,0,,,,,,,0,TCP11X1,AICDA,0,0,0
25895,B4DZS4,A6H8Y1,1,0.526829268292683,0.401603033991426,0.4642161511420545,0,,,,,,,0,TCP11X1,BDP1,0,0,0
25896,B4DZS4,Q8NFC6,1,0.5219512195121951,0.4016030089270563,0.4617771142196257,0,,,,,,,0,TCP11X1,BOD1L1,0,0,0
26137,Q6ZTU2,Q02086,1,0.526829268292683,0.4015552642253838,0.4641922662590333,0,,,,,,,0,EP400P1,SP2,0,0,0
26187,Q5T6C5,A4FU49,1,0.5219512195121951,0.4015554218457236,0.4617533206789593,0,,,,,,,0,ATXN7L2,SH3D21,0,0,0
26204,Q5T6C5,A0A0B4J271,1,0.551219512195122,0.401554752004866,0.476387132099994,0,,,,,,,0,ATXN7L2,TRAV12-3,0,0,0
26214,Q5T6C5,O96013,1,0.5365853658536585,0.4015552091674193,0.4690702875105389,0,,,,,,,0,ATXN7L2,PAK4,0,0,0
26234,Q5T6C5,Q8TF50,1,0.7219512195121951,0.4013232675863965,0.5616372435492958,0,,,,,,,0,ATXN7L2,ZNF526,0,0,0
26236,Q5T6C5,Q5HYW3,1,0.526829268292683,0.4015554195048273,0.4641923438987551,0,,,,,,,0,ATXN7L2,RTL5,0,0,0
26242,Q5T6C5,O43313,1,0.5219512195121951,0.4015559261869745,0.4617535728495848,0,,,,,,,0,ATXN7L2,ATMIN,0,0,0
26247,Q5T6C5,Q6UX07,1,0.526829268292683,0.4015553789226123,0.4641923236076476,0,,,,,,,0,ATXN7L2,DHRS13,0,0,0
26250,Q5T6C5,Q96HV5,1,0.526829268292683,0.4015556229144308,0.4641924456035569,0,,,,,,,0,ATXN7L2,TMEM41A,0,0,0
26265,Q5T6C5,Q16586,1,0.526829268292683,0.4015553902684891,0.464192329280586,0,,,,,,,0,ATXN7L2,SGCA,0,0,0
26268,Q5T6C5,Q9H1R3,1,0.5219512195121951,0.4015555839985451,0.4617534017553701,0,,,,,,,0,ATXN7L2,MYLK2,0,0,0
26272,Q5T6C5,A0A096LP01,1,0.551219512195122,0.4015547118711908,0.4763871120331564,0,,,,,,,0,ATXN7L2,SMIM26,0,0,0
26294,Q9NVI1,Q9BY31,1,0.551219512195122,0.4015551478511968,0.4763873300231593,0,,,,,,,0,FANCI,ZNF717,0,0,0
26362,Q9NVI1,Q9H2G4,1,0.5219512195121951,0.4016033834022868,0.4617773014572409,0,,,,,,,0,FANCI,TSPYL2,0,0,0
26377,Q9NVI1,Q2TAK8,1,0.5219512195121951,0.4016032967589373,0.4617772581355662,0,,,,,,,0,FANCI,PWWP3A,0,0,0
26393,Q02978,Q99496,1,0.7219512195121951,0.4013114210645624,0.5616313202883787,0,,,,,,,0,SLC25A11,RNF2,0,0,0
26398,Q02978,Q96K58,1,0.5365853658536585,0.4015553432775304,0.4690703545655944,0,,,,,,,0,SLC25A11,ZNF668,0,0,0
26399,Q02978,Q8IZP0,1,0.7219512195121951,0.4010358212659763,0.5614935203890857,0,,,,,,,0,SLC25A11,ABI1,0,0,0
26403,Q02978,O75503,1,0.7268292682926829,0.4016512428419998,0.5642402555673414,0,,,,,,,0,SLC25A11,CLN5,0,0,0
26410,Q02978,P36957,1,0.8292682926829269,0.4013091712311958,0.6152887319570614,0,,,,,,,0,SLC25A11,DLST,0,0,0
26413,Q02978,O95994,1,0.7170731707317073,0.4010513859259649,0.5590622783288361,0,,,,,,,0,SLC25A11,AGR2,0,0,0
26415,Q02978,Q8IXK0,1,0.5365853658536585,0.401555016539405,0.4690701911965317,0,,,,,,,0,SLC25A11,PHC2,0,0,0
26417,Q02978,P13727,1,0.7219512195121951,0.4013737765289546,0.5616624980205749,0,,,,,,,0,SLC25A11,PRG2,0,0,0
26418,Q02978,Q8WU79,1,0.7268292682926829,0.4013072182224514,0.5640682432575672,0,,,,,,,0,SLC25A11,SMAP2,0,0,0
26419,Q15233,Q13127,1,0.7268292682926829,0.4013214522164129,0.5640753602545479,0,,,,,,,0,NONO,REST,0,0,0
26423,Q15233,P52298,1,0.8195121951219512,0.4013241031424349,0.610418149132193,0,,,,,,,0,NONO,NCBP2,0,0,0
26427,Q15233,P63252,1,0.7268292682926829,0.4016455470717118,0.5642374076821973,0,,,,,,,0,NONO,KCNJ2,0,0,0
26428,Q15233,O96013,1,0.6195121951219512,0.401372306318466,0.5104422507202087,0,,,,,,,0,NONO,PAK4,0,0,0
26431,Q15233,Q96G74,1,0.7219512195121951,0.4016468097909954,0.5617990146515952,0,,,,,,,0,NONO,OTUD5,0,0,0
26433,Q15233,Q8WXA9,1,0.8341463414634146,0.4013088994784519,0.6177276204709332,0,,,,,,,0,NONO,SREK1,0,0,0
26435,Q15233,P52272,1,0.7268292682926829,0.4013217599631648,0.5640755141279239,0,,,,,,,0,NONO,HNRNPM,0,0,0
26436,Q15233,O95994,1,0.7268292682926829,0.401184108020531,0.5640066881566069,0,,,,,,,0,NONO,AGR2,0,0,0
26437,Q15233,P54886,1,0.7268292682926829,0.4013070598053173,0.5640681640490001,0,,,,,,,0,NONO,ALDH18A1,0,0,0
26441,Q8TB24,Q6IMI6,1,0.5219512195121951,0.4016030039873342,0.4617771117497646,0,,,,,,,0,RIN3,SULT1C3,0,0,0
26450,Q8TB24,Q00325,1,0.7414634146341462,0.4015216765603821,0.5714925455972641,0,,,,,,,0,RIN3,SLC25A3,0,0,0
26461,Q8TB24,Q9Y3I0,1,0.7219512195121951,0.4013212431635269,0.561636231337861,0,,,,,,,0,RIN3,RTCB,0,0,0
26463,Q8TB24,Q8IZP0,1,0.7463414634146343,0.4015382244976633,0.5739398439561487,0,,,,,,,0,RIN3,ABI1,0,0,0
26465,Q8TB24,Q14165,1,0.7219512195121951,0.4013215429956981,0.5616363812539467,0,,,,,,,0,RIN3,MLEC,0,0,0
26475,Q8TB24,Q9P2W7,1,0.5219512195121951,0.4016029448933677,0.4617770822027814,0,,,,,,,0,RIN3,B3GAT1,0,0,0
26476,Q8TB24,Q8N6G5,1,0.526829268292683,0.4015549972365894,0.4641921327646361,0,,,,,,,0,RIN3,CSGALNACT2,0,0,0
26483,Q8TB24,P47804,1,0.5219512195121951,0.4016030358486194,0.4617771276804072,0,,,,,,,0,RIN3,RGR,0,0,0
26493,Q8TB24,Q6XPS3,1,0.526829268292683,0.4015548115310344,0.4641920399118586,0,,,,,,,0,RIN3,TPTE2,0,0,0
26495,Q8TB24,O43463,1,0.7365853658536585,0.4015176730634712,0.5690515194585648,0,,,,,,,0,RIN3,SUV39H1,0,0,0
26499,Q8TB24,O95202,1,0.7268292682926829,0.4013071024881086,0.5640681853903957,0,,,,,,,0,RIN3,LETM1,0,0,0
26501,Q8TB24,P12319,1,0.5219512195121951,0.4016029531208084,0.4617770863165018,0,,,,,,,0,RIN3,FCER1A,0,0,0
26502,Q8TB24,O00322,1,0.5219512195121951,0.4016029840910215,0.4617771018016083,0,,,,,,,0,RIN3,UPK1A,0,0,0
26507,Q8TB24,Q8WV41,1,0.7365853658536585,0.4015175875407119,0.5690514766971853,0,,,,,,,0,RIN3,SNX33,0,0,0
26514,O43900,Q9UJK0,1,0.7268292682926829,0.4013071436517852,0.5640682059722341,0,,,,,,,0,PRICKLE3,TSR3,0,0,0
26521,O43900,Q9HCM4,1,0.7219512195121951,0.4013102049794115,0.5616307122458033,0,,,,,,,0,PRICKLE3,EPB41L5,0,0,0
26525,O43900,Q8IVV7,1,0.751219512195122,0.4013170032568333,0.5762682577259777,0,,,,,,,0,PRICKLE3,GID4,0,0,0
26534,O43900,Q9H6H4,1,0.551219512195122,0.4015550010918609,0.4763872566434914,0,,,,,,,0,PRICKLE3,REEP4,0,0,0
26537,O43900,Q8NCB2,1,0.751219512195122,0.4012022273846174,0.5762108697898697,0,,,,,,,0,PRICKLE3,CAMKV,0,0,0
26566,Q8TC71,A6H8Y1,1,0.526829268292683,0.4016029617968195,0.4642161150447512,0,,,,,,,0,SPATA18,BDP1,0,0,0
26567,Q8TC71,Q8NFC6,1,0.5219512195121951,0.4016029394806476,0.4617770794964214,0,,,,,,,0,SPATA18,BOD1L1,0,0,0
26586,Q15118,Q96EL2,1,0.7268292682926829,0.4013214591959018,0.5640753637442923,0,,,,,,,0,PDK1,MRPS24,0,0,0
26588,Q8N448,Q11203,1,0.551219512195122,0.4015546908043667,0.4763871014997443,0,,,,,,,0,LNX2,ST3GAL3,0,0,0
26603,Q12951,Q9BTL3,1,0.7317073170731707,0.4013225621494546,0.5665149396113127,0,,,,,,,0,FOXI1,RAMAC,0,0,0
26611,Q8N448,Q92530,1,0.7268292682926829,0.4013062775470109,0.5640677729198469,0,,,,,,,0,LNX2,PSMF1,0,0,0
26615,Q8N448,Q86W34,1,0.551219512195122,0.4015546946226961,0.476387103408909,0,,,,,,,0,LNX2,AMZ2,0,0,0
26630,Q8N448,Q6NSJ5,1,0.7219512195121951,0.4013086851355325,0.5616299523238638,0,,,,,,,0,LNX2,LRRC8E,0,0,0
26636,Q8N448,Q6UWI4,1,0.7268292682926829,0.4013066675658708,0.5640679679292768,0,,,,,,,0,LNX2,SHISA2,0,0,0
26638,Q8N448,P49888,1,0.526829268292683,0.4015549270969306,0.4641920976948067,0,,,,,,,0,LNX2,SULT1E1,0,0,0
26640,Q8N448,Q969I3,1,0.526829268292683,0.4015549369267873,0.4641921026097351,0,,,,,,,0,LNX2,GLYATL1,0,0,0
26643,Q8N448,Q14005,1,0.7414634146341462,0.4015185701863166,0.5714909924102314,0,,,,,,,0,LNX2,IL16,0,0,0
26647,Q8N448,Q13148,1,0.8292682926829269,0.4013065331188574,0.6152874129008922,0,,,,,,,0,LNX2,TARDBP,0,0,0
26656,Q8N448,Q5VUY2,1,0.551219512195122,0.401554909015786,0.4763872106054539,0,,,,,,,0,LNX2,AADACL4,0,0,0
26688,O14490,Q5T200,1,0.5365853658536585,0.4015548363145748,0.4690701010841166,0,,,,,,,0,DLGAP1,ZC3H13,0,0,0
26691,O14490,Q5VTQ0,1,0.551219512195122,0.4015551795654904,0.4763873458803062,0,,,,,,,0,DLGAP1,TTC39B,0,0,0
26773,O14490,A0A1B0GUW6,1,0.551219512195122,0.4015546949638138,0.4763871035794679,0,,,,,,,0,DLGAP1,SPEM3,0,0,0
26815,Q15118,Q5TEU4,1,0.7317073170731707,0.4013218875736525,0.5665146023234116,0,,,,,,,0,PDK1,NDUFAF5,0,0,0
26907,P28566,Q8IVI9,1,0.5365853658536585,0.4015553094621824,0.4690703376579204,0,,,,,,,0,HTR1E,NOSTRIN,0,0,0
26916,Q12951,Q8NHY0,1,0.551219512195122,0.4015550105157546,0.4763872613554383,0,,,,,,,0,FOXI1,B4GALNT2,0,0,0
26934,P28566,O95104,1,0.551219512195122,0.4015549996231167,0.4763872559091193,0,,,,,,,0,HTR1E,SCAF4,0,0,0
26940,P28566,Q9BQ52,1,0.551219512195122,0.4015546914508576,0.4763871018229898,0,,,,,,,0,HTR1E,ELAC2,0,0,0
26950,P28566,Q17R89,1,0.551219512195122,0.4015547325348452,0.4763871223649836,0,,,,,,,0,HTR1E,ARHGAP44,0,0,0
26969,P28566,Q8NDV3,1,0.526829268292683,0.4016030289120387,0.4642161486023608,0,,,,,,,0,HTR1E,SMC1B,0,0,0
26975,P28566,Q9UK13,1,0.526829268292683,0.4015556449386756,0.4641924566156793,0,,,,,,,0,HTR1E,ZNF221,0,0,0
26989,P28566,Q9C0B9,1,0.5219512195121951,0.401602999861269,0.4617771096867321,0,,,,,,,0,HTR1E,ZCCHC2,0,0,0
26999,Q12951,Q8NFQ6,1,0.551219512195122,0.4015554902674461,0.476387501231284,0,,,,,,,0,FOXI1,BPIFC,0,0,0
27016,P28566,Q5JNZ3,1,0.551219512195122,0.4015550890785824,0.4763873006368522,0,,,,,,,0,HTR1E,ZNF311,0,0,0
27064,Q16222,O95994,1,0.7268292682926829,0.4014416393440754,0.5641354538183792,0,,,,,,,0,UAP1,AGR2,0,0,0
27076,Q13115,Q14126,1,0.7219512195121951,0.4013080819761219,0.5616296507441585,0,,,,,,,0,DUSP4,DSG2,0,0,0
27086,Q13115,P14923,1,0.7268292682926829,0.4013065095232435,0.5640678889079632,0,,,,,,,0,DUSP4,JUP,0,0,0
27105,Q13115,Q9ULV4,1,0.7219512195121951,0.4013753327104657,0.5616632761113304,0,,,,,,,0,DUSP4,CORO1C,0,0,0
27115,Q13115,Q96BR5,1,0.7804878048780488,0.4015565505783918,0.5910221777282203,0,,,,,,,0,DUSP4,COA7,0,0,0
27136,Q9BTL3,Q13127,1,0.526829268292683,0.401602944949019,0.464216106620851,0,,,,,,,0,RAMAC,REST,0,0,0
27137,Q9BTL3,Q13188,1,0.5365853658536585,0.4015549567889693,0.4690701613213138,0,,,,,,,0,RAMAC,STK3,0,0,0
27139,Q9BTL3,Q969J2,1,0.551219512195122,0.4015550186379678,0.4763872654165448,0,,,,,,,0,RAMAC,ZKSCAN4,0,0,0
27140,Q9BTL3,Q7Z4V0,1,0.551219512195122,0.4015547660417718,0.4763871391184469,0,,,,,,,0,RAMAC,ZNF438,0,0,0
27151,Q9BTL3,Q8NHV4,1,0.5219512195121951,0.4015550107630324,0.4617531151376137,0,,,,,,,0,RAMAC,NEDD1,0,0,0
27152,Q9BTL3,O75665,1,0.526829268292683,0.4016031003148253,0.4642161843037541,0,,,,,,,0,RAMAC,OFD1,0,0,0
27157,Q9BTL3,Q8NDC0,1,0.7268292682926829,0.4013063380657047,0.5640678031791938,0,,,,,,,0,RAMAC,MAPK1IP1L,0,0,0
27160,Q9BTL3,Q494V2,1,0.5365853658536585,0.4015550666510074,0.4690702162523329,0,,,,,,,0,RAMAC,CFAP100,0,0,0
27162,Q9BTL3,Q5FWF5,1,0.551219512195122,0.4015547070080007,0.4763871096015614,0,,,,,,,0,RAMAC,ESCO1,0,0,0
27165,Q9BTL3,P39023,1,0.5365853658536585,0.401554987598004,0.4690701767258312,0,,,,,,,0,RAMAC,RPL3,0,0,0
27169,Q9BTL3,Q8NCX0,1,0.551219512195122,0.4015547923248295,0.4763871522599757,0,,,,,,,0,RAMAC,CCDC150,0,0,0
27174,Q9BTL3,Q8IY85,1,0.526829268292683,0.4016031005770446,0.4642161844348638,0,,,,,,,0,RAMAC,EFCAB13,0,0,0
27196,P51580,Q96M83,1,0.5219512195121951,0.4016029760374774,0.4617770977748363,0,,,,,,,0,TPMT,CCDC7,0,0,0
27225,Q5TDH0,O43463,1,0.7268292682926829,0.4017436707967942,0.5642864695447385,0,,,,,,,0,DDI2,SUV39H1,0,0,0
27229,Q5TDH0,Q96BR5,1,0.7219512195121951,0.4013091342371757,0.5616301768746854,0,,,,,,,0,DDI2,COA7,0,0,0
27234,Q5TDH0,Q13148,1,0.8341463414634146,0.4019917430606241,0.6180690422620193,0,,,,,,,0,DDI2,TARDBP,0,0,0
27260,Q96MK3,Q9NQI0,1,0.551219512195122,0.4015554061520808,0.4763874591736013,0,,,,,,,0,FAM20A,DDX4,0,0,0
27268,Q96MK3,Q7Z602,1,0.5365853658536585,0.401554836818598,0.4690701013361282,0,,,,,,,0,FAM20A,GPR141,0,0,0
27280,Q96MK3,Q8NGU1,1,0.5219512195121951,0.4015550125691464,0.4617531160406707,0,,,,,,,0,FAM20A,OR9A1P,0,0,0
27295,Q96MK3,P0DMS8,1,0.551219512195122,0.4015553035920161,0.476387407893569,0,,,,,,,0,FAM20A,ADORA3,0,0,0
27338,P49189,P21580,1,0.7268292682926829,0.4013075292542147,0.5640683987734488,0,,,,,,,0,ALDH9A1,TNFAIP3,0,0,0
27352,Q8N344,Q99496,1,0.7219512195121951,0.4013077060291601,0.5616294627706776,0,,,,,,,0,MIER2,RNF2,0,0,0
27357,Q8N344,O75381,1,0.7268292682926829,0.4013071730793337,0.5640682206860084,0,,,,,,,0,MIER2,PEX14,0,0,0
27359,Q8IV32,Q3YEC7,1,0.7268292682926829,0.4013074550986711,0.564068361695677,0,,,,,,,0,CCDC71,RABL6,0,0,0
27367,Q8N344,Q14005,1,0.7414634146341462,0.4015292476462114,0.5714963311401788,0,,,,,,,0,MIER2,IL16,0,0,0
27370,Q8N344,A7XYQ1,1,0.551219512195122,0.401633036161089,0.4764262741781054,0,,,,,,,0,MIER2,SOBP,0,0,0
27372,Q14807,Q96K58,1,0.7219512195121951,0.4007868886193502,0.5613690540657726,0,,,,,,,0,KIF22,ZNF668,0,0,0
27375,Q14807,Q92765,1,0.551219512195122,0.4016331068942386,0.4764263095446803,0,,,,,,,0,KIF22,FRZB,0,0,0
27376,Q14807,Q32NC0,1,0.7268292682926829,0.4013219311354239,0.5640755997140534,0,,,,,,,0,KIF22,C18orf21,0,0,0
27380,Q14807,Q6UWI4,1,0.5365853658536585,0.4016334259911437,0.4691093959224011,0,,,,,,,0,KIF22,SHISA2,0,0,0
27381,Q14807,P79483,1,0.526829268292683,0.4016330505843994,0.4642311594385412,0,,,,,,,0,KIF22,HLA-DRB3,0,0,0
27570,Q14184,O43290,1,0.551219512195122,0.4015546637450267,0.4763870879700743,0,,,,,,,0,DOC2B,SART1,0,0,0
27577,A8MZ26,Q8IVP9,1,0.551219512195122,0.4015555141661303,0.4763875131806261,0,,,,,,,0,EFCAB9,ZNF547,0,0,0
27588,A8MZ26,Q9P1V8,1,0.551219512195122,0.4015551351281979,0.4763873236616599,0,,,,,,,0,EFCAB9,SAMD15,0,0,0
27591,A8MZ26,Q96K58,1,0.526829268292683,0.4015551537760755,0.4641922110343792,0,,,,,,,0,EFCAB9,ZNF668,0,0,0
27593,A8MZ26,O15381,1,0.526829268292683,0.4015550128636743,0.4641921405781786,0,,,,,,,0,EFCAB9,NVL,0,0,0
27596,A8MZ26,Q9Y371,1,0.5219512195121951,0.4015552443184016,0.4617532319152984,0,,,,,,,0,EFCAB9,SH3GLB1,0,0,0
27599,A8MZ26,Q9BYV6,1,0.526829268292683,0.401555319076326,0.4641922936845045,0,,,,,,,0,EFCAB9,TRIM55,0,0,0
27617,A8MZ26,P54278,1,0.551219512195122,0.4015549152445457,0.4763872137198338,0,,,,,,,0,EFCAB9,PMS2,0,0,0
27647,A8MZ26,A0A0J9YX57,1,0.526829268292683,0.4015556808333732,0.464192474563028,0,,,,,,,0,EFCAB9,MAGEB6B,0,0,0
27655,A8MZ26,Q8IXK0,1,0.526829268292683,0.4015549729931698,0.4641921206429263,0,,,,,,,0,EFCAB9,PHC2,0,0,0
27670,P14314,O75452,1,0.5365853658536585,0.4015553368592909,0.4690703513564747,0,,,,,,,0,PRKCSH,RDH16,0,0,0
27671,P14314,Q11203,1,0.5219512195121951,0.4015555027065944,0.4617533611093948,0,,,,,,,0,PRKCSH,ST3GAL3,0,0,0
27673,P14314,Q86YW0,1,0.7268292682926829,0.4013084334824661,0.5640688508875745,0,,P14314,Q86YW0,"psi-mi:""MI:0030""(cross-linking study)",taxid:9606(Homo sapiens),2.0,1,PRKCSH,PLCZ1,0,0,0
27696,P14314,O95104,1,0.5365853658536585,0.4015549561842206,0.4690701610189395,0,,,,,,,0,PRKCSH,SCAF4,0,0,0
27707,P14314,Q2MV58,1,0.7219512195121951,0.4014148613614754,0.5616830404368353,0,,,,,,,0,PRKCSH,TCTN1,0,0,0
27709,P14314,O75381,1,0.7268292682926829,0.4013717850561674,0.5641005266744251,0,,,,,,,0,PRKCSH,PEX14,0,0,0
27710,P14314,Q9H2S6,1,0.526829268292683,0.4015550904826849,0.4641921793876839,0,,,,,,,0,PRKCSH,TNMD,0,0,0
27716,P14314,Q8NDV3,1,0.5219512195121951,0.4016031586984333,0.4617771891053142,0,,,,,,,0,PRKCSH,SMC1B,0,0,0
27718,P14314,Q6NUS6,1,0.7219512195121951,0.4013102487809274,0.5616307341465613,0,,,,,,,0,PRKCSH,TCTN3,0,0,0
27720,P14314,O95994,1,0.7268292682926829,0.4013077161240861,0.5640684922083845,0,,,,,,,0,PRKCSH,AGR2,0,0,0
27721,P14314,P00167,1,0.7268292682926829,0.4013074064997132,0.5640683373961981,0,,,,,,,0,PRKCSH,CYB5A,0,0,0
27722,P14314,Q86VH2,1,0.7560975609756097,0.4012264496961994,0.5786620053359045,0,,,,,,,0,PRKCSH,KIF27,0,0,0
27724,Q9BRV3,Q0VG06,1,0.526829268292683,0.4015551117018067,0.4641921899972448,0,,,,,,,0,SLC50A1,FAAP100,0,0,0
27732,Q9BRV3,P49756,1,0.5219512195121951,0.401555297119441,0.461753258315818,0,,,,,,,0,SLC50A1,RBM25,0,0,0
27735,Q8IV32,P35269,1,0.7219512195121951,0.4007851695248486,0.5613681945185218,0,,,,,,,0,CCDC71,GTF2F1,0,0,0
27742,Q13127,Q99496,1,0.7463414634146343,0.4015281948461563,0.5739348291303953,0,,,,,,,0,REST,RNF2,0,0,0
27751,Q13127,Q99727,1,0.526829268292683,0.4016813273209414,0.4642552978068122,0,,,,,,,0,REST,TIMP4,0,0,0
27777,Q13127,P52272,1,0.7268292682926829,0.4013216457305054,0.5640754570115941,0,,,,,,,0,REST,HNRNPM,0,0,0
27778,Q13127,P05198,1,0.7463414634146343,0.4013054485697554,0.5738234559921949,0,,,,,,,0,REST,EIF2S1,0,0,0
27780,Q13127,P39023,1,0.7853658536585365,0.4016030274908816,0.5934844405747091,0,,,,,,,0,REST,RPL3,0,0,0
27783,Q13127,Q8N4E4,1,0.7414634146341462,0.4015287312765683,0.5714960729553573,0,,,,,,,0,REST,PDCL2,0,0,0
27787,Q13127,P49207,1,0.7268292682926829,0.4013211206971458,0.5640751944949144,0,,,,,,,0,REST,RPL34,0,0,0
27788,Q13127,Q8N257,1,0.7268292682926829,0.4013210811471628,0.5640751747199229,0,,,,,,,0,REST,H2BC26,0,0,0
27793,Q02252,A6H8Y1,1,0.526829268292683,0.4016028478848945,0.4642160580887887,0,,,,,,,0,ALDH6A1,BDP1,0,0,0
27794,Q02252,Q8NFC6,1,0.5219512195121951,0.4016028496424552,0.4617770345773251,0,,,,,,,0,ALDH6A1,BOD1L1,0,0,0
27795,Q8IV32,Q9BQS8,1,0.7268292682926829,0.4013068089317142,0.5640680386121986,0,,,,,,,0,CCDC71,FYCO1,0,0,0
27893,P0DJD8,Q9UEG4,1,0.5365853658536585,0.4015549711999159,0.4690701685267872,0,,,,,,,0,PGA3,ZNF629,0,0,0
27897,P15121,A6H8Y1,1,0.526829268292683,0.4016031877757517,0.4642162280342173,0,,,,,,,0,AKR1B1,BDP1,0,0,0
27898,P15121,Q8NFC6,1,0.526829268292683,0.4016030187286565,0.4642161435106697,0,,,,,,,0,AKR1B1,BOD1L1,0,0,0
27899,P15121,Q5VWK0,1,0.5365853658536585,0.401554986410982,0.4690701761323202,0,,,,,,,0,AKR1B1,NBPF6,0,0,0
27920,P01824,Q96M83,1,0.5219512195121951,0.4016032095965802,0.4617772145543877,0,,,,,,,0,IGHV4-39,CCDC7,0,0,0
27922,O95476,O60602,1,0.7268292682926829,0.40130691160101,0.5640680899468464,0,,,,,,,0,CTDNEP1,TLR5,0,0,0
27930,O95476,Q7Z418,1,0.7219512195121951,0.4013228730674875,0.5616370462898412,0,,,,,,,0,CTDNEP1,KCNK18,0,0,0
27935,Q15118,Q9Y2Z4,1,0.7219512195121951,0.4008974901700258,0.5614243548411104,0,,,,,,,0,PDK1,YARS2,0,0,0
27953,Q6UUV7,Q8NHV4,1,0.7268292682926829,0.4013732692722587,0.5641012687824708,0,,,,,,,0,CRTC3,NEDD1,0,0,0
27971,O95872,Q10567,1,0.7268292682926829,0.4013222773660831,0.564075772829383,0,,,,,,,0,GPANK1,AP1B1,0,0,0
27974,O95872,P40199,1,0.7219512195121951,0.3996659441107454,0.5608085818114703,0,,,,,,,0,GPANK1,CEACAM6,0,0,0
27980,Q8WV92,P13010,1,0.7463414634146343,0.4013064954439029,0.5738239794292685,0,,,,,,,0,MITD1,XRCC5,0,0,0
27981,P0DJD8,Q14966,1,0.5219512195121951,0.4016031943235469,0.461777206917871,0,,,,,,,0,PGA3,ZNF638,0,0,0
27982,O00232,Q99496,1,0.7219512195121951,0.4013081178743616,0.5616296686932783,0,,,,,,,0,PSMD12,RNF2,0,0,0
27984,O00232,Q6N069,1,0.7219512195121951,0.4013086390275462,0.5616299292698707,0,,,,,,,0,PSMD12,NAA16,0,0,0
27985,O00232,Q9UNM6,1,0.7219512195121951,0.4010348701712309,0.561493044841713,0,,,,,,,0,PSMD12,PSMD13,0,0,0
27986,O00232,O96013,1,0.5902439024390245,0.4013093134483853,0.4957766079437049,0,,,,,,,0,PSMD12,PAK4,0,0,0
27987,O00232,P25789,1,0.7219512195121951,0.4013082281329321,0.5616297238225636,0,,,,,,,0,PSMD12,PSMA4,0,0,0
27995,O00232,Q8IVV7,1,0.526829268292683,0.4015550717752235,0.4641921700339532,0,,,,,,,0,PSMD12,GID4,0,0,0
28000,O00232,P0DMS8,1,0.551219512195122,0.4015553665209417,0.4763874393580318,0,,,,,,,0,PSMD12,ADORA3,0,0,0
28006,O00232,P32780,1,0.526829268292683,0.4015553139339088,0.4641922911132958,0,,,,,,,0,PSMD12,GTF2H1,0,0,0
28010,O00232,P62714,1,0.551219512195122,0.4015548871565285,0.4763871996758252,0,,,,,,,0,PSMD12,PPP2CB,0,0,0
28011,O00232,Q8N187,1,0.551219512195122,0.401554771904134,0.476387142049628,0,,,,,,,0,PSMD12,CARF,0,0,0
28013,O00232,O95994,1,0.7268292682926829,0.4013068715955202,0.5640680699441015,0,,,,,,,0,PSMD12,AGR2,0,0,0
28015,O00232,P50548,1,0.526829268292683,0.4015567851745326,0.4641930267336077,0,,,,,,,0,PSMD12,ERF,0,0,0
28020,O00232,Q15759,1,0.526829268292683,0.4015546974955913,0.4641919828941371,0,,,,,,,0,PSMD12,MAPK11,0,0,0
28022,O00232,Q76G19,1,0.5365853658536585,0.4015550328883084,0.4690701993709834,0,,,,,,,0,PSMD12,PDZD4,0,0,0
28036,Q9NSY1,Q10567,1,0.7219512195121951,0.401051734547281,0.5615014770297381,0,,,,,,,0,BMP2K,AP1B1,0,0,0
28076,Q9NSY1,Q9HBJ7,1,0.551219512195122,0.4015549605660188,0.4763872363805704,0,,,,,,,0,BMP2K,USP29,0,0,0
28088,Q9NSY1,Q8WU79,1,0.7365853658536585,0.4015174183296987,0.5690513920916787,0,,,,,,,0,BMP2K,SMAP2,0,0,0
28090,Q6YFQ2,O75360,1,0.7170731707317073,0.4013250011178692,0.5591990859247882,1,0.0753828032979976,,,,,,0,COX6B2,PROP1,0,0,0
28099,O75880,Q9Y6N1,1,0.7219512195121951,0.4011408619810176,0.5615460407466064,0,,,,,,,0,SCO1,COX11,0,0,0
28101,Q8N6M3,P51684,1,0.7219512195121951,0.4013095829872281,0.5616304012497115,0,,,,,,,0,FITM2,CCR6,0,0,0
28103,Q8N6M3,Q5TB80,1,0.5219512195121951,0.4016032422044951,0.4617772308583451,0,,,,,,,0,FITM2,CEP162,0,0,0
28105,Q8N6M3,Q99788,1,0.7219512195121951,0.4013089173155329,0.561630068413864,0,,,,,,,0,FITM2,CMKLR1,0,0,0
28110,Q8N6M3,O00322,1,0.7219512195121951,0.4013746014385244,0.5616629104753598,0,,,,,,,0,FITM2,UPK1A,0,0,0
28111,P0DJD8,Q15643,1,0.551219512195122,0.4015547501096826,0.4763871311524023,0,,,,,,,0,PGA3,TRIP11,0,0,0
28113,Q8N6M3,Q9H313,1,0.7170731707317073,0.401323177714138,0.5591981742229226,0,,,,,,,0,FITM2,TTYH1,0,0,0
28115,Q13188,P52736,1,0.7365853658536585,0.4015307047746618,0.5690580353141601,0,,,,,,,0,STK3,ZNF133,0,0,0
28129,Q8WVV4,Q06546,1,0.7219512195121951,0.4013093025336193,0.5616302610229071,0,,,,,,,0,POF1B,GABPA,0,0,0
28131,Q8WVV4,O75716,1,0.7219512195121951,0.4013226896963579,0.5616369546042765,0,,,,,,,0,POF1B,STK16,0,0,0
28132,Q8WVV4,P23327,1,0.7219512195121951,0.4010351370724511,0.5614931782923231,0,,,,,,,0,POF1B,HRC,0,0,0
28135,Q8WVV4,Q969X2,1,0.7853658536585365,0.4014738086534832,0.5934198311560098,0,,,,,,,0,POF1B,ST6GALNAC6,0,0,0
28143,Q8N9U0,Q14005,1,0.551219512195122,0.4015546048160838,0.4763870585056029,0,,,,,,,0,TC2N,IL16,0,0,0
28184,Q8N9U0,Q9P2N2,1,0.526829268292683,0.4015547658697169,0.4641920170811999,0,,,,,,,0,TC2N,ARHGAP28,0,0,0
28185,Q8N9U0,Q15003,1,0.526829268292683,0.4015547694805782,0.4641920188866306,0,,,,,,,0,TC2N,NCAPH,0,0,0
28203,Q5JQF8,I3L273,1,0.551219512195122,0.4015548676748698,0.4763871899349959,0,,,,,,,0,PABPC1L2B,GFY,0,0,0
28247,Q5JQF8,Q8IV20,1,0.5365853658536585,0.4015549950399363,0.4690701804467974,0,,,,,,,0,PABPC1L2B,LACC1,0,0,0
28270,Q5JQF8,P85299,1,0.526829268292683,0.4015552138862336,0.4641922410894583,0,,,,,,,0,PABPC1L2B,PRR5,0,0,0
28317,Q5JQF8,O75157,1,0.551219512195122,0.4015546106735527,0.4763870614343373,0,,,,,,,0,PABPC1L2B,TSC22D2,0,0,0
28338,Q5JQF8,Q9Y467,1,0.551219512195122,0.4015546225731083,0.4763870673841152,0,,,,,,,0,PABPC1L2B,SALL2,0,0,0
28423,Q5JQF8,Q9NW07,1,0.551219512195122,0.4015548585271049,0.4763871853611134,0,,,,,,,0,PABPC1L2B,ZNF358,0,0,0
28441,Q5JQF8,Q96HH9,1,0.5365853658536585,0.4015549070516581,0.4690701364526582,0,,,,,,,0,PABPC1L2B,GRAMD2B,0,0,0
28541,Q9NW75,Q6UXN2,1,0.5219512195121951,0.4015553103484129,0.461753264930304,0,,,,,,,0,GPATCH2,TREML4,0,0,0
28577,O95772,Q96MY7,1,0.5219512195121951,0.4015551593210412,0.4617531894166181,0,,,,,,,0,STARD3NL,FAM161B,0,0,0
28589,O95772,Q96NU1,1,0.551219512195122,0.4015549452852727,0.4763872287401973,0,,,,,,,0,STARD3NL,SAMD11,0,0,0
28626,P21854,Q02297,1,0.7219512195121951,0.4013099609224938,0.5616305902173444,0,,,,,,,0,CD72,NRG1,0,0,0
28645,O75452,Q15648,1,0.5219512195121951,0.4016031922633593,0.4617772058877772,0,,,,,,,0,RDH16,MED1,0,0,0
28661,Q5T036,A6H8Y1,1,0.5219512195121951,0.4016028814167349,0.461777050464465,0,,,,,,,0,FAM120AOS,BDP1,0,0,0
28662,Q5T036,Q8NFC6,1,0.5219512195121951,0.4016029706310287,0.4617770950716119,0,,,,,,,0,FAM120AOS,BOD1L1,0,0,0
28711,O60701,Q8NFC6,1,0.526829268292683,0.4016029880043263,0.4642161281485046,0,,,,,,,0,UGDH,BOD1L1,0,0,0
28714,Q5T5S1,Q10567,1,0.7268292682926829,0.4013073793198768,0.5640683238062798,0,,,,,,,0,CCDC183,AP1B1,0,0,0
28716,Q5T5S1,Q9UI47,1,0.7853658536585365,0.4015561005991805,0.5934609771288585,0,,,,,,,0,CCDC183,CTNNA3,0,0,0
28719,Q5T5S1,Q96T51,1,0.7170731707317073,0.4013244703312048,0.559198820531456,0,,,,,,,0,CCDC183,RUFY1,0,0,0
28721,Q5T5S1,Q9H334,1,0.7414634146341462,0.401258704837344,0.5713610597357451,0,,,,,,,0,CCDC183,FOXP1,0,0,0
28722,Q5T5S1,Q15276,1,0.7463414634146343,0.4011389096806726,0.5737401865476535,0,,,,,,,0,CCDC183,RABEP1,0,0,0
28745,Q8IZ41,Q8NFC6,1,0.526829268292683,0.4016028793244004,0.4642160738085417,0,,,,,,,0,RASEF,BOD1L1,0,0,0
28755,Q8IZ41,Q8N2N9,1,0.5219512195121951,0.4016028034705587,0.4617770114913769,0,,,,,,,0,RASEF,ANKRD36B,0,0,0
28797,Q14973,Q14542,1,0.7268292682926829,0.40130690733332,0.5640680878130014,0,,,,,,,0,SLC10A1,SLC29A2,0,0,0
28819,Q14973,P54278,1,0.551219512195122,0.4015550736059495,0.4763872929005357,0,,,,,,,0,SLC10A1,PMS2,0,0,0
28842,Q14973,Q969X1,1,0.7268292682926829,0.4016458215782356,0.5642375449354593,0,,,,,,,0,SLC10A1,TMBIM1,0,0,0
28873,Q14126,P52298,1,0.8292682926829269,0.4013065050954462,0.6152873988891865,0,,,,,,,0,DSG2,NCBP2,0,0,0
28887,Q14126,P14923,1,0.7219512195121951,0.4013226226180666,0.5616369210651309,1,0.9976442873969376,,,,,,0,DSG2,JUP,0,0,0
28918,Q14126,P36957,1,0.7268292682926829,0.4013068110353427,0.5640680396640128,0,,,,,,,0,DSG2,DLST,0,0,0
28950,Q14126,Q9UI42,1,0.5219512195121951,0.4016031387977262,0.4617771791549606,0,,,,,,,0,DSG2,CPA4,0,0,0
28960,Q86SQ7,Q96M63,1,0.7170731707317073,0.4010496112938473,0.5590613910127773,0,,,,,,,0,SDCCAG8,ODAD1,0,0,0
28972,Q86SS6,Q76L83,1,0.551219512195122,0.4015548040870938,0.4763871581411079,0,,,,,,,0,SYT9,ASXL2,0,0,0
28981,Q11203,Q99788,1,0.7219512195121951,0.4016332081244673,0.5617922138183312,0,,,,,,,0,ST3GAL3,CMKLR1,0,0,0
29004,Q96M43,Q8NFC6,1,0.5219512195121951,0.4016030715764487,0.4617771455443219,0,,,,,,,0,NBPF4,BOD1L1,0,0,0
29008,Q86SQ7,O75665,1,0.7219512195121951,0.4013085290964723,0.5616298743043338,0,,,,,,,0,SDCCAG8,OFD1,0,0,0
29012,Q9BR76,Q9UJS0,1,0.7219512195121951,0.401307941005211,0.561629580258703,0,,,,,,,0,CORO1B,SLC25A13,0,0,0
29015,Q9BR76,Q9ULV4,1,0.8048780487804879,0.402037062248957,0.6034575555147225,0,,,,,,,0,CORO1B,CORO1C,0,0,0
29016,Q9BR76,P10515,1,0.8,0.4010901110926337,0.6005450555463169,0,,,,,,,0,CORO1B,DLAT,0,0,0
29019,Q9BR76,Q9Y4R8,1,0.7853658536585365,0.4015558436995641,0.5934608486790502,0,,,,,,,0,CORO1B,TELO2,0,0,0
29020,Q9BR76,P00167,1,0.7219512195121951,0.4013079666262788,0.561629593069237,0,,,,,,,0,CORO1B,CYB5A,0,0,0
29021,Q99496,P13010,1,0.7268292682926829,0.4013217627983285,0.5640755155455057,0,,,,,,,0,RNF2,XRCC5,0,0,0
29023,Q99496,Q14966,1,0.7463414634146343,0.4013932388825283,0.5738673511485812,0,,,,,,,0,RNF2,ZNF638,0,0,0
29024,Q99496,Q96B02,1,0.7414634146341462,0.4015331063019559,0.5714982604680511,0,,,,,,,0,RNF2,UBE2W,0,0,0
29026,Q99496,O75157,1,0.751219512195122,0.4012019528782693,0.5762107325366956,0,,,,,,,0,RNF2,TSC22D2,0,0,0
29027,Q99496,Q6P996,1,0.7268292682926829,0.4013073354775777,0.5640683018851302,0,,,,,,,0,RNF2,PDXDC1,0,0,0
29028,Q99496,Q9NP50,1,0.7268292682926829,0.4010493017370076,0.5639392850148452,0,,,,,,,0,RNF2,SINHCAF,0,0,0
29029,Q99496,Q15293,1,0.7219512195121951,0.4018876319227465,0.5619194257174708,0,,,,,,,0,RNF2,RCN1,0,0,0
29032,Q99496,Q14692,1,0.7268292682926829,0.4013065629333663,0.5640679156130246,0,,,,,,,0,RNF2,BMS1,0,0,0
29033,Q99496,P05198,1,0.7268292682926829,0.4013083505495422,0.5640688094211126,0,,,,,,,0,RNF2,EIF2S1,0,0,0
29034,Q99496,P39023,1,0.7219512195121951,0.4013747881094822,0.5616630038108387,0,,,,,,,0,RNF2,RPL3,0,0,0
29035,Q99496,Q13148,1,0.7219512195121951,0.4013747272487732,0.5616629733804841,0,,,,,,,0,RNF2,TARDBP,0,0,0
29036,Q99496,Q8IXK0,1,0.8487804878048781,0.4012269381828912,0.6250037129938847,0,,,,,,,0,RNF2,PHC2,0,0,0
29037,Q99496,Q9UN30,1,0.7219512195121951,0.4016310076508798,0.5617911135815374,0,,,,,,,0,RNF2,SCML1,0,0,0
29038,Q99496,P49207,1,0.7219512195121951,0.4013085080412683,0.5616298637767316,0,,,,,,,0,RNF2,RPL34,0,0,0
29039,Q99496,Q8N257,1,0.7219512195121951,0.4013087792146835,0.5616299993634393,0,,,,,,,0,RNF2,H2BC26,0,0,0
29040,Q99496,O43290,1,0.7317073170731707,0.4013220085130429,0.5665146627931068,0,,,,,,,0,RNF2,SART1,0,0,0
29041,Q99496,Q15003,1,0.7268292682926829,0.4013073021579598,0.5640682852253214,0,,,,,,,0,RNF2,NCAPH,0,0,0
29049,P09211,Q9P1V8,1,0.526829268292683,0.4015551624923359,0.4641922153925094,0,,,,,,,0,GSTP1,SAMD15,0,0,0
29053,P09211,Q9Y371,1,0.7804878048780488,0.4015566607981119,0.5910222328380803,0,,,,,,,0,GSTP1,SH3GLB1,0,0,0
29067,P09211,P54278,1,0.551219512195122,0.4015550792158442,0.4763872957054831,0,,,,,,,0,GSTP1,PMS2,0,0,0
29070,P09211,P60411,1,0.7268292682926829,0.4013099390493488,0.5640696036710159,0,,,,,,,0,GSTP1,KRTAP10-9,0,0,0
29072,P09211,P36957,1,0.7219512195121951,0.4010353207264224,0.5614932701193087,0,,,,,,,0,GSTP1,DLST,0,0,0
29074,P09211,Q9P2M1,1,0.7219512195121951,0.4013082404237231,0.5616297299679591,0,,,,,,,0,GSTP1,LRP2BP,0,0,0
29082,P09211,O95994,1,0.7268292682926829,0.4008982249016161,0.5638637465971494,0,,,,,,,0,GSTP1,AGR2,0,0,0
29084,P09211,Q8IXK0,1,0.526829268292683,0.4015551131487256,0.4641921907207043,0,,,,,,,0,GSTP1,PHC2,0,0,0
29093,Q969Q5,Q9P1V8,1,0.526829268292683,0.4015549446775012,0.464192106485092,0,,,,,,,0,RAB24,SAMD15,0,0,0
29095,Q969Q5,O15381,1,0.551219512195122,0.4015549876257505,0.4763872499104362,0,,,,,,,0,RAB24,NVL,0,0,0
29121,Q969Q5,P54278,1,0.551219512195122,0.4015548987239101,0.476387205459516,0,,,,,,,0,RAB24,PMS2,0,0,0
29155,Q969Q5,A0A0J9YX57,1,0.526829268292683,0.4015551975869464,0.4641922329398147,0,,,,,,,0,RAB24,MAGEB6B,0,0,0
29175,Q969Q5,Q8IXK0,1,0.551219512195122,0.4016329499177823,0.4764262310564521,0,,,,,,,0,RAB24,PHC2,0,0,0
29244,Q9H8X9,A6H8Y1,1,0.526829268292683,0.4016028451058376,0.4642160566992602,0,,,,,,,0,ZDHHC11,BDP1,0,0,0
29245,Q9H8X9,P60411,1,0.5219512195121951,0.4013721866571062,0.4616617030846507,0,,,,,,,0,ZDHHC11,KRTAP10-9,0,0,0
29247,Q9H8X9,Q8NFC6,1,0.526829268292683,0.4016028454023633,0.4642160568475231,0,,,,,,,0,ZDHHC11,BOD1L1,0,0,0
29253,Q9H8X9,Q5VWK0,1,0.5365853658536585,0.4015549713815132,0.4690701686175858,0,,,,,,,0,ZDHHC11,NBPF6,0,0,0
29263,Q9H8X9,Q9UBT2,1,0.526829268292683,0.4015550625123688,0.4641921654025258,0,,,,,,,0,ZDHHC11,UBA2,0,0,0
29286,Q9H8X9,Q32MK0,1,0.551219512195122,0.4015548670706477,0.4763871896328848,0,,,,,,,0,ZDHHC11,MYLK3,0,0,0
29377,Q9BY31,Q14CM0,1,0.526829268292683,0.4015548598597947,0.4641920640762388,0,,,,,,,0,ZNF717,FRMPD4,0,0,0
29407,Q9ULK2,Q9UNK4,1,0.551219512195122,0.4015545971581051,0.4763870546766136,0,,,,,,,0,ATXN7L1,PLA2G2D,0,0,0
29408,Q9ULK2,Q2M2D7,1,0.551219512195122,0.4015546229893211,0.4763870675922215,0,,,,,,,0,ATXN7L1,TBC1D28,0,0,0
29409,Q9ULK2,Q70IA6,1,0.551219512195122,0.4015547514307147,0.4763871318129183,0,,,,,,,0,ATXN7L1,MOB2,0,0,0
29415,Q9ULK2,Q9BYV6,1,0.7463414634146343,0.4013932256419853,0.5738673445283098,0,,,,,,,0,ATXN7L1,TRIM55,0,0,0
29419,Q9ULK2,A0A0A0MS02,1,0.551219512195122,0.4015547863167398,0.4763871492559309,0,,,,,,,0,ATXN7L1,TRGV1,0,0,0
29423,Q9ULK2,Q92530,1,0.551219512195122,0.4015547471713817,0.4763871296832518,0,,,,,,,0,ATXN7L1,PSMF1,0,0,0
29426,Q9ULK2,P67775,1,0.7317073170731707,0.4013214247859387,0.5665143709295547,0,,,,,,,0,ATXN7L1,PPP2CA,0,0,0
29429,Q9ULK2,A6NJ46,1,0.551219512195122,0.4015546705835379,0.4763870913893299,0,,,,,,,0,ATXN7L1,NKX6-3,0,0,0
29430,Q9ULK2,Q92765,1,0.551219512195122,0.4015546957507448,0.4763871039729334,0,,,,,,,0,ATXN7L1,FRZB,0,0,0
29434,Q9ULK2,P60411,1,0.7317073170731707,0.4013217070166474,0.5665145120449091,0,,,,,,,0,ATXN7L1,KRTAP10-9,0,0,0
29438,Q9ULK2,Q9NY72,1,0.551219512195122,0.401554754120326,0.4763871331577239,0,,,,,,,0,ATXN7L1,SCN3B,0,0,0
29439,Q9ULK2,Q6UWI4,1,0.551219512195122,0.4015546465219354,0.4763870793585287,0,,,,,,,0,ATXN7L1,SHISA2,0,0,0
29443,Q9ULK2,H3BNL1,1,0.551219512195122,0.4015546300346014,0.4763870711148616,0,,,,,,,0,ATXN7L1,C3orf84,0,0,0
29449,Q9ULK2,Q86UN6,1,0.551219512195122,0.4015548400353926,0.4763871761152572,0,,,,,,,0,ATXN7L1,AKAP14,0,0,0
29454,Q9ULK2,P79483,1,0.551219512195122,0.4015546995643632,0.4763871058797426,0,,,,,,,0,ATXN7L1,HLA-DRB3,0,0,0
29456,Q9ULK2,Q8NGH8,1,0.551219512195122,0.4015550583335251,0.4763872852643235,0,,,,,,,0,ATXN7L1,OR56A4,0,0,0
29582,Q9NQI0,Q16719,1,0.551219512195122,0.4015555395010146,0.4763875258480683,0,,,,,,,0,DDX4,KYNU,0,0,0
29586,Q9NQI0,P35453,1,0.526829268292683,0.4015551383159472,0.4641922033043151,0,,,,,,,0,DDX4,HOXD13,0,0,0
29599,Q9NQI0,Q7Z602,1,0.551219512195122,0.4015552850197674,0.4763873986074447,0,,,,,,,0,DDX4,GPR141,0,0,0
29616,Q9NQI0,P67775,1,0.551219512195122,0.401555026555313,0.4763872693752174,0,,,,,,,0,DDX4,PPP2CA,0,0,0
29618,Q9NQI0,Q8NGU1,1,0.551219512195122,0.4015553230757762,0.4763874176354491,0,,,,,,,0,DDX4,OR9A1P,0,0,0
29644,Q9NQI0,P0DMS8,1,0.551219512195122,0.4015556055063805,0.4763875588507512,0,,,,,,,0,DDX4,ADORA3,0,0,0
29669,Q9NQI0,P62714,1,0.551219512195122,0.4015549784912531,0.4763872453431875,0,,,,,,,0,DDX4,PPP2CB,0,0,0
29695,Q9NQI0,P31271,1,0.5219512195121951,0.4015548558584382,0.4617530376853166,0,,,,,,,0,DDX4,HOXA13,0,0,0
29702,Q5T200,Q5VTQ0,1,0.551219512195122,0.4015547929624274,0.4763871525787747,0,,,,,,,0,ZC3H13,TTC39B,0,0,0
29730,Q5T200,A0A1B0GUW6,1,0.5365853658536585,0.4015547585816436,0.469070062217651,0,,,,,,,0,ZC3H13,SPEM3,0,0,0
29732,Q5T200,P53420,1,0.5219512195121951,0.4015548354200087,0.4617530274661019,0,,,,,,,0,ZC3H13,COL4A4,0,0,0
29737,Q5T200,Q6NSJ5,1,0.551219512195122,0.4015548827418924,0.4763871974685072,0,,,,,,,0,ZC3H13,LRRC8E,0,0,0
29740,Q5T200,Q15648,1,0.7268292682926829,0.4013066216311915,0.5640679449619372,0,,,,,,,0,ZC3H13,MED1,0,0,0
29743,Q5T200,Q96KQ4,1,0.5365853658536585,0.4015547468570406,0.4690700563553495,0,,,,,,,0,ZC3H13,PPP1R13B,0,0,0
29754,Q5T200,Q8IXT1,1,0.5365853658536585,0.4015547465617142,0.4690700562076863,0,,,,,,,0,ZC3H13,DDIAS,0,0,0
29756,Q5T200,Q9Y620,1,0.551219512195122,0.40155479305253,0.476387152623826,0,,,,,,,0,ZC3H13,RAD54B,0,0,0
29769,Q16719,Q96AE4,1,0.7219512195121951,0.4010341414931506,0.5614926805026729,0,,,,,,,0,KYNU,FUBP1,0,0,0
29786,Q16719,P00390,1,0.7219512195121951,0.4011015897843718,0.5615264046482835,0,,,,,,,0,KYNU,GSR,0,0,0
29791,Q16719,P53602,1,0.7219512195121951,0.4010357538645687,0.5614934866883818,0,,,,,,,0,KYNU,MVD,0,0,0
29792,Q16719,O95994,1,0.7219512195121951,0.4014447559399938,0.5616979877260945,0,,,,,,,0,KYNU,AGR2,0,0,0
29795,Q15118,Q13084,1,0.775609756097561,0.4014171831080463,0.5885134696028036,0,,,,,,,0,PDK1,MRPL28,0,0,0
29809,Q14542,A6H8Y1,1,0.526829268292683,0.4016030121992239,0.4642161402459534,0,,,,,,,0,SLC29A2,BDP1,0,0,0
29810,Q14542,Q8NFC6,1,0.5219512195121951,0.4016029929482436,0.4617771062302194,0,,,,,,,0,SLC29A2,BOD1L1,0,0,0
29817,Q9UQ72,Q9P2H0,1,0.551219512195122,0.4015549867709398,0.4763872494830309,0,,,,,,,0,PSG11,CEP126,0,0,0
29818,Q9UQ72,Q14966,1,0.5219512195121951,0.4016030156208341,0.4617771175665146,0,,,,,,,0,PSG11,ZNF638,0,0,0
29825,Q6P9B9,P67775,1,0.7268292682926829,0.4013215511456784,0.5640754097191807,0,,,,,,,0,INTS5,PPP2CA,0,0,0
29826,Q9UQ72,Q15643,1,0.551219512195122,0.4015547073440679,0.476387109769595,0,,,,,,,0,PSG11,TRIP11,0,0,0
29833,Q5VTQ0,P53420,1,0.526829268292683,0.4015550749611427,0.4641921716269128,0,,,,,,,0,TTC39B,COL4A4,0,0,0
29840,Q15118,Q9BQ52,1,0.7317073170731707,0.4013216389016136,0.5665144779873922,0,,,,,,,0,PDK1,ELAC2,0,0,0
29860,Q9UNK4,P35269,1,0.551219512195122,0.4015547930746045,0.4763871526348632,0,,,,,,,0,PLA2G2D,GTF2F1,0,0,0
29878,Q9UNK4,Q15777,1,0.5219512195121951,0.4013064374967404,0.4616288285044677,0,,,,,,,0,PLA2G2D,MPPED2,0,0,0
29879,Q9UNK4,Q9NY72,1,0.526829268292683,0.4015551056485421,0.4641921869706125,0,,,,,,,0,PLA2G2D,SCN3B,0,0,0
29880,Q9UNK4,Q6UWI4,1,0.5219512195121951,0.4015551317935054,0.4617531756528502,0,,,,,,,0,PLA2G2D,SHISA2,0,0,0
29891,Q9UNK4,A6NKL6,1,0.526829268292683,0.4015546716867181,0.4641919699897005,0,,,,,,,0,PLA2G2D,TMEM200C,0,0,0
29922,Q9UNK4,Q8NEP3,1,0.551219512195122,0.4015545995513141,0.476387055873218,0,,,,,,,0,PLA2G2D,DNAAF1,0,0,0
29924,Q9UNK4,P49959,1,0.551219512195122,0.4016328083634511,0.4764261602792865,0,,,,,,,0,PLA2G2D,MRE11,0,0,0
29927,Q9UNK4,Q8IYW5,1,0.551219512195122,0.4015546936236942,0.4763871029094081,0,,,,,,,0,PLA2G2D,RNF168,0,0,0
29934,Q9UNK4,P79483,1,0.5219512195121951,0.4015551100631804,0.4617531647876878,0,,,,,,,0,PLA2G2D,HLA-DRB3,0,0,0
29935,Q9UNK4,Q9UN19,1,0.5219512195121951,0.4014415263767298,0.4616963729444625,0,,,,,,,0,PLA2G2D,DAPP1,0,0,0
29943,Q9UNK4,Q8NGH8,1,0.526829268292683,0.4015557984349598,0.4641925333638214,0,,,,,,,0,PLA2G2D,OR56A4,0,0,0
29966,Q9UJS0,Q86TM6,1,0.7268292682926829,0.4013715541766574,0.5641004112346701,0,,,,,,,0,SLC25A13,SYVN1,0,0,0
30033,Q9UJS0,O75503,1,0.7268292682926829,0.4013061385871954,0.5640677034399392,0,,,,,,,0,SLC25A13,CLN5,0,0,0
30049,Q9UJS0,Q9ULV4,1,0.7268292682926829,0.4013064365438355,0.5640678524182592,0,,,,,,,0,SLC25A13,CORO1C,0,0,0
30051,Q9UJS0,P30101,1,0.551219512195122,0.4015548794487041,0.476387195821913,0,,,,,,,0,SLC25A13,PDIA3,0,0,0
30054,Q9UJS0,P36957,1,0.7268292682926829,0.4013063459726601,0.5640678071326715,0,,,,,,,0,SLC25A13,DLST,0,0,0
30147,A0A0K0K1G6,Q8IV20,1,0.551219512195122,0.4015546431586076,0.4763870776768648,0,,,,,,,0,TRBV10-3,LACC1,0,0,0
30167,A0A0K0K1G6,P85299,1,0.551219512195122,0.4015548545392951,0.4763871833672085,0,,,,,,,0,TRBV10-3,PRR5,0,0,0
30175,A0A0K0K1G6,Q9BT43,1,0.5365853658536585,0.40155526953587,0.4690703176947642,0,,,,,,,0,TRBV10-3,POLR3GL,0,0,0
30214,A0A0K0K1G6,O75157,1,0.551219512195122,0.401554693404121,0.4763871027996215,0,,,,,,,0,TRBV10-3,TSC22D2,0,0,0
30228,A0A0K0K1G6,Q9Y467,1,0.551219512195122,0.4015546329549354,0.4763870725750286,0,,,,,,,0,TRBV10-3,SALL2,0,0,0
30304,A0A0K0K1G6,Q9NW07,1,0.551219512195122,0.4015547800460814,0.4763871461206017,0,,,,,,,0,TRBV10-3,ZNF358,0,0,0
30318,A0A0K0K1G6,Q8N9W8,1,0.551219512195122,0.4015547317867541,0.476387121990938,0,,,,,,,0,TRBV10-3,GARIN2,0,0,0
30320,A0A0K0K1G6,Q96HH9,1,0.551219512195122,0.4015547703899296,0.4763871412925258,0,,,,,,,0,TRBV10-3,GRAMD2B,0,0,0
30342,A0A0K0K1G6,Q12972,1,0.526829268292683,0.4015549113016423,0.4641920897971626,0,,,,,,,0,TRBV10-3,PPP1R8,0,0,0
30371,Q969J2,Q7Z4V0,1,0.551219512195122,0.4015546864981434,0.4763870993466327,0,,,,,,,0,ZKSCAN4,ZNF438,0,0,0
30381,Q969J2,Q99727,1,0.551219512195122,0.4015548518524892,0.4763871820238056,0,,,,,,,0,ZKSCAN4,TIMP4,0,0,0
30400,Q969J2,O14771,1,0.7268292682926829,0.4013065776401734,0.5640679229664282,0,,,,,,,0,ZKSCAN4,ZNF213,0,0,0
30414,Q6P9B9,P62714,1,0.7268292682926829,0.4013211645526666,0.5640752164226748,0,,,,,,,0,INTS5,PPP2CB,0,0,0
30417,Q969J2,Q9BYQ4,1,0.5219512195121951,0.4013065591898167,0.4616288893510059,0,,,,,,,0,ZKSCAN4,KRTAP9-2,0,0,0
30452,Q969J2,Q5FWF5,1,0.551219512195122,0.4015548342843193,0.4763871732397207,0,,,,,,,0,ZKSCAN4,ESCO1,0,0,0
30462,Q969J2,P39023,1,0.551219512195122,0.4015552944483208,0.4763874033217213,0,,,,,,,0,ZKSCAN4,RPL3,0,0,0
30468,Q969J2,Q8NCX0,1,0.551219512195122,0.4015546696145403,0.4763870909048311,0,,,,,,,0,ZKSCAN4,CCDC150,0,0,0
30510,A4FU49,O00512,1,0.551219512195122,0.4015547977570451,0.4763871549760835,0,,,,,,,0,SH3D21,BCL9,0,0,0
30515,A4FU49,A0A0B4J271,1,0.551219512195122,0.4015550139862116,0.4763872630906668,0,,,,,,,0,SH3D21,TRAV12-3,0,0,0
30543,A4FU49,A0A096LP01,1,0.526829268292683,0.4015549496105337,0.4641921089516083,0,,,,,,,0,SH3D21,SMIM26,0,0,0
30570,A0A1B0GVD1,O75167,1,0.526829268292683,0.4015551398699439,0.4641922040813134,0,,,,,,,0,FAM237B,PHACTR2,0,0,0
30639,Q96TA2,P12532,1,0.8536585365853658,0.4014167232964881,0.627537629940927,0,,,,,,,0,YME1L1,CKMT1B,0,0,0
30641,Q96TA2,Q8NFC6,1,0.526829268292683,0.4016030419370917,0.4642161551148873,0,,,,,,,0,YME1L1,BOD1L1,0,0,0
30644,Q96TA2,Q96BR5,1,0.8048780487804879,0.4013219440047663,0.6030999963926271,0,,,,,,,0,YME1L1,COA7,0,0,0
30649,Q9H6T3,P47756,1,0.7317073170731707,0.4013222733854656,0.5665147952293181,0,,,,,,,0,RPAP3,CAPZB,0,0,0
30651,Q9H6T3,O75665,1,0.7414634146341462,0.4015229682326386,0.5714931914333924,0,,,,,,,0,RPAP3,OFD1,0,0,0
30652,Q9H6T3,A6H8Y1,1,0.551219512195122,0.4015547760599624,0.4763871441275422,0,,,,,,,0,RPAP3,BDP1,0,0,0
30655,Q9H6T3,Q9Y4R8,1,0.7219512195121951,0.4010339933309979,0.5614926064215965,0,,,,,,,0,RPAP3,TELO2,0,0,0
30656,P13010,P52298,1,0.8243902439024391,0.4013218325707155,0.6128560382365773,0,,,,,,,0,XRCC5,NCBP2,0,0,0
30659,P13010,P14923,1,0.7219512195121951,0.401773285725667,0.5618622526189311,0,,,,,,,0,XRCC5,JUP,0,0,0
30660,P13010,O96013,1,0.5707317073170731,0.4013241541464358,0.4860279307317544,0,,,,,,,0,XRCC5,PAK4,0,0,0
30661,P13010,Q9NXH9,1,0.7219512195121951,0.4010350239817578,0.5614931217469764,0,,,,,,,0,XRCC5,TRMT1,0,0,0
30665,P13010,P10828,1,0.7268292682926829,0.4013228060141124,0.5640760371533977,0,,,,,,,0,XRCC5,THRB,0,0,0
30666,P13010,Q13148,1,0.7414634146341462,0.4014932099527465,0.5714783122934464,0,,,,,,,0,XRCC5,TARDBP,0,0,0
30667,P13010,O95994,1,0.7317073170731707,0.4013215385127913,0.566514427792981,0,,,,,,,0,XRCC5,AGR2,0,0,0
30669,P13010,P50548,1,0.7219512195121951,0.4013224935704456,0.5616368565413203,0,,,,,,,0,XRCC5,ERF,0,0,0
30689,P52298,Q659A1,1,0.7268292682926829,0.4013064937686944,0.5640678810306886,0,,,,,,,0,NCBP2,ICE2,0,0,0
30703,P52298,P39023,1,0.8341463414634146,0.4014421320174302,0.6177942367404223,0,,,,,,,0,NCBP2,RPL3,0,0,0
30715,P52298,P49756,1,0.8,0.4013219596626079,0.600660979831304,0,,,,,,,0,NCBP2,RBM25,0,0,0
30716,Q8TEL6,Q5T036,1,0.7219512195121951,0.4013217746281629,0.561636497070179,0,,,,,,,0,TRPC4AP,FAM120AOS,0,0,0
30717,P52298,O43290,1,0.8243902439024391,0.4013061870779005,0.6128482154901698,0,,,,,,,0,NCBP2,SART1,0,0,0
30723,Q8N205,Q86WT6,1,0.7219512195121951,0.4013100454299277,0.5616306324710614,0,,,,,,,0,SYNE4,TRIM69,0,0,0
30728,Q8N205,Q15437,1,0.7268292682926829,0.4013071348807502,0.5640682015867166,0,,,,,,,0,SYNE4,SEC23B,0,0,0
30729,Q8N205,Q8N6G5,1,0.7219512195121951,0.4013238017564385,0.5616375106343168,0,,,,,,,0,SYNE4,CSGALNACT2,0,0,0
30759,P35453,Q9Y2G2,1,0.7170731707317073,0.4013252390780706,0.559199204904889,0,,,,,,,0,HOXD13,CARD8,0,0,0
30761,P35453,Q9H334,1,0.7463414634146343,0.4015318947122773,0.5739366790634558,0,,,,,,,0,HOXD13,FOXP1,0,0,0
30771,Q8TEL6,Q9HCM4,1,0.7268292682926829,0.4013082048126566,0.5640687365526698,0,,,,,,,0,TRPC4AP,EPB41L5,0,0,0
30837,Q14865,Q8N257,1,0.7268292682926829,0.4013063608963519,0.5640678145945174,0,,,,,,,0,ARID5B,H2BC26,0,0,0
30843,Q14865,P54886,1,0.8292682926829269,0.4013075747005532,0.6152879336917401,0,,,,,,,0,ARID5B,ALDH18A1,0,0,0
30864,O76080,P21580,1,0.8341463414634146,0.4013071086190244,0.6177267250412195,0,,,,,,,0,ZFAND5,TNFAIP3,0,0,0
30866,O76080,Q96BR5,1,0.7219512195121951,0.4012224128925494,0.5615868162023723,0,,,,,,,0,ZFAND5,COA7,0,0,0
30868,Q86VQ6,Q9UI47,1,0.7219512195121951,0.4013083952626742,0.5616298073874346,0,,,,,,,0,TXNRD3,CTNNA3,0,0,0
30870,Q86VQ6,Q8N2N9,1,0.7463414634146343,0.4013937231244266,0.5738675932695304,0,,,,,,,0,TXNRD3,ANKRD36B,0,0,0
30874,Q86VQ6,Q86VH2,1,0.551219512195122,0.4015547742903513,0.4763871432427367,0,,,,,,,0,TXNRD3,KIF27,0,0,0
30875,Q5VV17,O95104,1,0.526829268292683,0.4015548968579147,0.4641920825752988,0,,,,,,,0,OTUD1,SCAF4,0,0,0
30878,Q5VV17,Q8NDV3,1,0.526829268292683,0.401602956845996,0.4642161125693395,0,,,,,,,0,OTUD1,SMC1B,0,0,0
30887,Q9UEW8,O75157,1,0.7219512195121951,0.4013086118674928,0.5616299156898439,0,,,,,,,0,STK39,TSC22D2,0,0,0
30889,Q9UEW8,A6H8Y1,1,0.526829268292683,0.4016028154668687,0.4642160418797758,0,,,,,,,0,STK39,BDP1,0,0,0
30890,Q9UEW8,Q8NFC6,1,0.5219512195121951,0.4016028203268543,0.4617770199195247,0,,,,,,,0,STK39,BOD1L1,0,0,0
30893,Q9UEW8,Q92187,1,0.7804878048780488,0.4015580811632414,0.5910229430206451,0,,,,,,,0,STK39,ST8SIA4,0,0,0
30894,Q86TM6,Q13087,1,0.7219512195121951,0.4010348108364954,0.5614930151743452,0,,,,,,,0,SYVN1,PDIA2,0,0,0
30896,Q86TM6,Q16799,1,0.7219512195121951,0.4013099332676296,0.5616305763899123,0,,,,,,,0,SYVN1,RTN1,0,0,0
30898,Q86TM6,P30101,1,0.7219512195121951,0.4013100324622359,0.5616306259872155,1,0.2603062426383981,,,,,,0,SYVN1,PDIA3,0,0,0
30899,Q86TM6,P05198,1,0.7268292682926829,0.4013066523088177,0.5640679603007503,1,0.3180212014134275,,,,,,0,SYVN1,EIF2S1,0,0,0
30900,Q86TM6,O75410,1,0.7219512195121951,0.4013093818049584,0.5616303006585768,0,,,,,,,0,SYVN1,TACC1,0,0,0
30901,Q86TM6,Q8WU79,1,0.7170731707317073,0.4013242722382953,0.5591987214850013,0,,,,,,,0,SYVN1,SMAP2,0,0,0
30922,Q8TEL6,P13727,1,0.7219512195121951,0.4013214598025591,0.5616363396573771,0,,,,,,,0,TRPC4AP,PRG2,0,0,0
30923,Q00325,Q8IZP0,1,0.7365853658536585,0.401114433248463,0.5688498995510608,0,,,,,,,0,SLC25A3,ABI1,0,0,0
30924,Q00325,Q15293,1,0.7219512195121951,0.3991856837964985,0.5605684516543468,0,,,,,,,0,SLC25A3,RCN1,0,0,0
30933,Q00325,Q76G19,1,0.5365853658536585,0.4015549403196851,0.4690701530866717,0,,,,,,,0,SLC25A3,PDZD4,0,0,0
30935,Q15118,A6H8Y1,1,0.551219512195122,0.4015547515584669,0.4763871318767945,0,,,,,,,0,PDK1,BDP1,0,0,0
30940,Q5MNZ6,Q15293,1,0.7219512195121951,0.4021609739655457,0.5620560967388704,0,,,,,,,0,WDR45B,RCN1,0,0,0
30983,Q9BWL3,Q8NGA1,1,0.7804878048780488,0.4015586218152406,0.5910232133466446,0,,,,,,,0,C1orf43,OR1M1,0,0,0
31005,Q9BWL3,Q9H313,1,0.7268292682926829,0.401306674747595,0.564067971520139,0,,,,,,,0,C1orf43,TTYH1,0,0,0
31046,Q15118,P36957,1,0.7268292682926829,0.4018862083178118,0.5643577383052474,0,,,,,,,0,PDK1,DLST,0,0,0
31057,Q70IA6,A6NKL6,1,0.526829268292683,0.4015549191475241,0.4641920937201035,0,,,,,,,0,MOB2,TMEM200C,0,0,0
31069,Q70IA6,Q8IYW5,1,0.551219512195122,0.4015548831897389,0.4763871976924304,0,,,,,,,0,MOB2,RNF168,0,0,0
31079,Q70IA6,Q8NGH8,1,0.526829268292683,0.4015574072720309,0.4641933377823569,0,,,,,,,0,MOB2,OR56A4,0,0,0
31154,Q15696,Q6IEG0,1,0.7268292682926829,0.4013075961548855,0.5640684322237842,0,,,,,,,0,ZRSR2,SNRNP48,0,0,0
31162,Q15118,P10515,1,0.7268292682926829,0.4013070091838294,0.5640681387382561,0,,,,,,,0,PDK1,DLAT,0,0,0
31173,P50747,Q96L92,1,0.7219512195121951,0.401321918015531,0.561636568763863,0,,,,,,,0,HLCS,SNX27,0,0,0
31182,Q13087,A6H8Y1,1,0.526829268292683,0.4016029759961925,0.4642161221444377,0,,,,,,,0,PDIA2,BDP1,0,0,0
31183,Q13087,Q8NFC6,1,0.5219512195121951,0.4016029608089642,0.4617770901605796,0,,,,,,,0,PDIA2,BOD1L1,0,0,0
31191,Q8NHS2,Q8NDV3,1,0.526829268292683,0.4016031097524685,0.4642161890225757,0,,,,,,,0,GOT1L1,SMC1B,0,0,0
31204,Q7Z4V0,Q8TF50,1,0.7268292682926829,0.4013221771012176,0.5640757226969503,0,,,,,,,0,ZNF438,ZNF526,0,0,0
31208,Q7Z4V0,O43463,1,0.7268292682926829,0.4013065748535597,0.5640679215731212,0,,,,,,,0,ZNF438,SUV39H1,0,0,0
31210,Q7Z4V0,Q15276,1,0.7804878048780488,0.4012816100638309,0.5908847074709398,0,,,,,,,0,ZNF438,RABEP1,0,0,0
31226,Q86TB3,Q6N069,1,0.7317073170731707,0.4013214765372488,0.5665143968052098,0,,,,,,,0,ALPK2,NAA16,0,0,0
31533,Q15696,O43290,1,0.7219512195121951,0.4013234772775561,0.5616373483948756,0,,,,,,,0,ZRSR2,SART1,0,0,0
31546,Q9UQ35,Q8TEJ3,1,0.5365853658536585,0.4015549183562158,0.4690701421049371,0,,,,,,,0,SRRM2,SH3RF3,0,0,0
31559,Q96K58,Q9Y388,1,0.7414634146341462,0.4015443671103019,0.5715038908722241,0,,,,,,,0,ZNF668,RBMX2,0,0,0
31567,Q96K58,Q86V59,1,0.7219512195121951,0.4013079280410391,0.561629573776617,0,,,,,,,0,ZNF668,PNMA8A,0,0,0
31568,Q96K58,P39023,1,0.7219512195121951,0.401308250105703,0.5616297348089491,0,,,,,,,0,ZNF668,RPL3,0,0,0
31572,Q9UQ35,Q9NRM2,1,0.551219512195122,0.4015547533089973,0.4763871327520597,0,,,,,,,0,SRRM2,ZNF277,0,0,0
31579,Q9UQ35,Q04917,1,0.751219512195122,0.4012156003755651,0.5762175562853435,0,,,,,,,0,SRRM2,YWHAH,0,0,0
31585,Q9Y2Q1,A6H8Y1,1,0.551219512195122,0.4015546992811247,0.4763871057381234,0,,,,,,,0,ZNF257,BDP1,0,0,0
31617,Q9UQ35,Q6P4F7,1,0.551219512195122,0.4015548152816853,0.4763871637384036,0,,,,,,,0,SRRM2,ARHGAP11A,0,0,0
31618,Q9UQ35,Q9UMS4,1,0.7853658536585365,0.4016030136178479,0.5934844336381921,0,,,,,,,0,SRRM2,PRPF19,0,0,0
31620,O15381,Q86V59,1,0.7268292682926829,0.4013071951662199,0.5640682317294514,0,,,,,,,0,NVL,PNMA8A,0,0,0
31621,O15381,P51608,1,0.7170731707317073,0.4013232558598724,0.5591982132957898,0,,,,,,,0,NVL,MECP2,0,0,0
31625,Q9UQ35,Q16891,1,0.551219512195122,0.4015547714689073,0.4763871418320146,0,,,,,,,0,SRRM2,IMMT,0,0,0
31628,O15381,P39023,1,0.7317073170731707,0.4013219980079217,0.5665146575405462,0,,,,,,,0,NVL,RPL3,0,0,0
31629,O15381,Q13148,1,0.8243902439024391,0.4013220253041942,0.6128561346033167,0,,,,,,,0,NVL,TARDBP,0,0,0
31630,Q9UQ35,Q15022,1,0.551219512195122,0.4015547516925246,0.4763871319438233,0,,,,,,,0,SRRM2,SUZ12,0,0,0
31631,Q9UQ35,Q9UHV5,1,0.551219512195122,0.4015548013890577,0.4763871567920898,0,,,,,,,0,SRRM2,RAPGEFL1,0,0,0
31648,Q9UQ35,Q9BQI7,1,0.551219512195122,0.40155479778305,0.476387154989086,0,,,,,,,0,SRRM2,PSD2,0,0,0
31666,Q9UQ35,O60763,1,0.551219512195122,0.4015548431029443,0.4763871776490331,0,,,,,,,0,SRRM2,USO1,0,0,0
31668,Q86XN8,Q8IU60,1,0.8292682926829269,0.4010336481410494,0.6151509704119882,0,,,,,,,0,MEX3D,DCP2,0,0,0
31675,Q9UQ35,P49591,1,0.551219512195122,0.4015547527125445,0.4763871324538332,0,,,,,,,0,SRRM2,SARS1,0,0,0
31691,Q9UQ35,Q9Y2J2,1,0.7414634146341462,0.4015394607972498,0.571501437715698,0,,,,,,,0,SRRM2,EPB41L3,0,0,0
31694,P0CAP2,O95104,1,0.8829268292682928,0.4013063352779065,0.6421165822730996,0,,,,,,,0,POLR2M,SCAF4,0,0,0
31705,Q9UQ35,P12644,1,0.7853658536585365,0.4016030022243434,0.59348442794144,0,,,,,,,0,SRRM2,BMP4,0,0,0
31710,P0CAP2,Q15648,1,0.8780487804878049,0.4013211435954678,0.6396849620416363,0,,,,,,,0,POLR2M,MED1,0,0,0
31832,Q9UQ35,Q15233,1,0.7414634146341462,0.4015285247206566,0.5714959696774013,0,,,,,,,0,SRRM2,NONO,0,0,0
31842,P47871,A6NGG8,1,0.526829268292683,0.4015551401160591,0.464192204204371,0,,,,,,,0,GCGR,PCARE,0,0,0
31897,Q86WT6,Q9Y371,1,0.8341463414634146,0.4013068517298004,0.6177265965966074,0,,,,,,,0,TRIM69,SH3GLB1,0,0,0
31898,Q86WT6,Q9BYV6,1,0.7268292682926829,0.4017653969697685,0.5642973326312257,0,,,,,,,0,TRIM69,TRIM55,0,0,0
31907,Q86WT6,O00206,1,0.7268292682926829,0.4013067241208823,0.5640679962067826,0,,,,,,,0,TRIM69,TLR4,0,0,0
31908,Q15118,O95202,1,0.7365853658536585,0.4015405248741612,0.5690629453639099,0,,,,,,,0,PDK1,LETM1,0,0,0
31923,Q86WT6,P51608,1,0.8341463414634146,0.4017659575897583,0.6179561495265864,0,,,,,,,0,TRIM69,MECP2,0,0,0
31925,Q86WT6,Q13148,1,0.8292682926829269,0.4013101140649182,0.6152892033739226,0,,,,,,,0,TRIM69,TARDBP,0,0,0
31933,Q9UQ35,Q5T036,1,0.5219512195121951,0.4016028812978527,0.4617770504050239,0,,,,,,,0,SRRM2,FAM120AOS,0,0,0
31935,Q9UQ35,O60701,1,0.551219512195122,0.4015546349357461,0.4763870735654341,0,,,,,,,0,SRRM2,UGDH,0,0,0
31937,Q9UQ35,Q8IZ41,1,0.551219512195122,0.4015546554520943,0.4763870838236081,0,,,,,,,0,SRRM2,RASEF,0,0,0
31944,Q96AE4,Q9BQA1,1,0.7463414634146343,0.4015393202368132,0.5739403918257238,0,,,,,,,0,FUBP1,WDR77,0,0,0
31946,Q96AE4,P40121,1,0.7219512195121951,0.4013099855200935,0.5616306025161443,0,,,,,,,0,FUBP1,CAPG,0,0,0
31947,Q9UQ35,Q9NY27,1,0.7414634146341462,0.4015285357862009,0.5714959752101736,0,,,,,,,0,SRRM2,PPP4R2,0,0,0
31952,Q96AE4,Q8NDC0,1,0.7219512195121951,0.4013209179092949,0.561636068710745,0,,,,,,,0,FUBP1,MAPK1IP1L,0,0,0
31955,Q96AE4,P32780,1,0.7219512195121951,0.401099424155366,0.5615253218337806,0,,,,,,,0,FUBP1,GTF2H1,0,0,0
31966,Q9UQ35,Q96TA2,1,0.551219512195122,0.4015547271595621,0.476387119677342,0,,,,,,,0,SRRM2,YME1L1,0,0,0
31971,Q96AE4,Q86VH2,1,0.526829268292683,0.4015550335611923,0.4641921509269376,0,,,,,,,0,FUBP1,KIF27,0,0,0
31981,O00512,A0A0B4J271,1,0.551219512195122,0.4015547696437524,0.4763871409194372,0,,,,,,,0,BCL9,TRAV12-3,0,0,0
31989,O00512,O96013,1,0.551219512195122,0.4015547488165044,0.4763871305058131,0,,,,,,,0,BCL9,PAK4,0,0,0
32003,O00512,Q5HYW3,1,0.551219512195122,0.4015547806195623,0.4763871464073421,0,,,,,,,0,BCL9,RTL5,0,0,0
32010,O00512,Q9Y388,1,0.5365853658536585,0.4015548390008212,0.4690701024272398,0,,,,,,,0,BCL9,RBMX2,0,0,0
32011,O00512,Q6UX07,1,0.526829268292683,0.4015550299802208,0.4641921491364519,0,,,,,,,0,BCL9,DHRS13,0,0,0
32013,O00512,B3KS81,1,0.5365853658536585,0.4015546914830735,0.469070028668366,0,,,,,,,0,BCL9,SRRM5,0,0,0
32014,O00512,Q96T51,1,0.551219512195122,0.4015548606509858,0.4763871864230539,0,,,,,,,0,BCL9,RUFY1,0,0,0
32023,O00512,Q96HV5,1,0.551219512195122,0.401554906223772,0.476387209209447,0,,,,,,,0,BCL9,TMEM41A,0,0,0
32030,O00512,Q16586,1,0.551219512195122,0.4015549702039922,0.4763872411995571,0,,,,,,,0,BCL9,SGCA,0,0,0
32035,O00512,A0A096LP01,1,0.551219512195122,0.4015546791882146,0.4763870956916682,0,,,,,,,0,BCL9,SMIM26,0,0,0
32040,O00512,Q5T124,1,0.551219512195122,0.401554726638947,0.4763871194170345,0,,,,,,,0,BCL9,UBXN11,0,0,0
32057,O00512,Q9UNN4,1,0.551219512195122,0.4015547288867763,0.4763871205409491,0,,,,,,,0,BCL9,GTF2A1L,0,0,0
32059,O00512,Q8IYJ2,1,0.551219512195122,0.4015548101276505,0.4763871611613862,0,,,,,,,0,BCL9,C10orf67,0,0,0
32067,Q9UQ35,E5RJM6,1,0.5219512195121951,0.4016030755753825,0.4617771475437888,0,,,,,,,0,SRRM2,ANKRD65,0,0,0
32080,Q9UQ35,Q92541,1,0.751219512195122,0.4012261485597072,0.5762228303774146,0,,,,,,,0,SRRM2,RTF1,0,0,0
32081,Q9UQ35,Q9H3U1,1,0.551219512195122,0.4015549020632119,0.4763872071291669,0,,,,,,,0,SRRM2,UNC45A,0,0,0
32114,Q9UQ35,Q56P03,1,0.7365853658536585,0.4015174563189411,0.5690514110862999,0,,,,,,,0,SRRM2,EAPP,0,0,0
32255,Q8IV20,Q8TAC1,1,0.526829268292683,0.4015551487846142,0.4641922085386485,0,,,,,,,0,LACC1,RFESD,0,0,0
32274,Q8IV20,P67775,1,0.7268292682926829,0.4013715001814998,0.5641003842370913,0,,,,,,,0,LACC1,PPP2CA,0,0,0
32289,Q8IV20,O75157,1,0.526829268292683,0.4015550150018829,0.4641921416472829,0,,,,,,,0,LACC1,TSC22D2,0,0,0
32301,Q8IV20,Q9Y467,1,0.551219512195122,0.4015546425513774,0.4763870773732497,0,,,,,,,0,LACC1,SALL2,0,0,0
32443,Q9UQ35,Q9NQV8,1,0.551219512195122,0.4015546859709423,0.4763870990830321,0,,,,,,,0,SRRM2,PRDM8,0,0,0
32569,O75153,Q5VSY0,1,0.7268292682926829,0.4013068696902459,0.5640680689914644,1,0.1813898704358068,O75153,Q5VSY0,"psi-mi:""MI:2222""(inference by socio-affinity scoring)",taxid:9606(Homo sapiens),2.0,1,CLUH,GKAP1,0,0,0
32575,Q9UQ35,P52272,1,0.7365853658536585,0.4015174292212276,0.569051397537443,0,,,,,,,0,SRRM2,HNRNPM,0,0,0
32581,Q9UQ35,Q12926,1,0.751219512195122,0.4012155818341199,0.5762175470146209,0,,,,,,,0,SRRM2,ELAVL2,0,0,0
32585,Q9UQ35,Q02040,1,0.751219512195122,0.4012007273150818,0.5762101197551018,0,,,,,,,0,SRRM2,AKAP17A,0,0,0
32591,Q9UQ35,Q8N3R9,1,0.551219512195122,0.401554747524578,0.47638712985985,0,,,,,,,0,SRRM2,PALS1,0,0,0
32621,Q9Y371,O43852,1,0.7219512195121951,0.401640786482374,0.5617960029972846,0,,,,,,,0,SH3GLB1,CALU,0,0,0
32627,Q9Y371,Q3KNS6,1,0.8292682926829269,0.4010345589766312,0.615151425829779,0,,,,,,,0,SH3GLB1,ZNF829,0,0,0
32641,Q9Y371,P32780,1,0.8292682926829269,0.4013087631213254,0.6152885279021262,0,,,,,,,0,SH3GLB1,GTF2H1,0,0,0
32643,Q9UQ35,P82932,1,0.7414634146341462,0.4015286847892023,0.5714960497116742,0,,,,,,,0,SRRM2,MRPS6,0,0,0
32646,Q9Y371,O95994,1,0.8195121951219512,0.4014589519299678,0.6104855735259594,0,,,,,,,0,SH3GLB1,AGR2,0,0,0
32647,Q9Y371,Q9H313,1,0.8292682926829269,0.4013841474871786,0.6153262200850528,0,,,,,,,0,SH3GLB1,TTYH1,0,0,0
32648,Q9UQ35,P49756,1,0.7804878048780488,0.4014068650386261,0.5909473349583374,0,,,,,,,0,SRRM2,RBM25,0,0,0
32654,Q9UQ35,Q8NCB2,1,0.7853658536585365,0.4014155209891884,0.5933906873238625,0,,,,,,,0,SRRM2,CAMKV,0,0,0
32662,E5RJM6,A6H8Y1,1,0.526829268292683,0.4016030574517094,0.4642161628721961,0,,,,,,,0,ANKRD65,BDP1,0,0,0
32663,E5RJM6,Q8NFC6,1,0.5219512195121951,0.4016031380064318,0.4617771787593134,0,,,,,,,0,ANKRD65,BOD1L1,0,0,0
32664,Q9UQ35,O43290,1,0.751219512195122,0.4012261922047221,0.576222852199922,0,,,,,,,0,SRRM2,SART1,0,0,0
32695,Q10567,P84085,1,0.8292682926829269,0.401307158959902,0.6152877258214144,0,,,,,,,0,AP1B1,ARF5,0,0,0
32696,Q10567,P98077,1,0.7317073170731707,0.4013223663167931,0.5665148416949819,0,,,,,,,0,AP1B1,SHC2,0,0,0
32701,Q10567,O95994,1,0.7268292682926829,0.4013069604821142,0.5640681143873986,0,,,,,,,0,AP1B1,AGR2,0,0,0
32703,Q10567,Q8WU79,1,0.7219512195121951,0.4013216213689795,0.5616364204405873,0,,,,,,,0,AP1B1,SMAP2,0,0,0
32715,Q6N069,Q8IUF8,1,0.7219512195121951,0.4013086196418282,0.5616299195770116,0,,,,,,,0,NAA16,RIOX2,0,0,0
32716,Q6N069,Q9BSU3,1,0.7268292682926829,0.40130782039349,0.5640685443430864,0,,,,,,,0,NAA16,NAA11,0,0,0
32717,O60602,O00206,1,0.8243902439024391,0.4009094087618865,0.6126498263321628,0,,,,,,,0,TLR5,TLR4,0,0,0
32718,Q15118,P82932,1,0.7219512195121951,0.4013081537586952,0.5616296866354451,0,,,,,,,0,PDK1,MRPS6,0,0,0
32732,P28676,Q9BYV6,1,0.551219512195122,0.4015549625693846,0.4763872373822533,0,,,,,,,0,GCA,TRIM55,0,0,0
32741,P28676,P54278,1,0.551219512195122,0.40155481533517,0.476387163765146,0,,,,,,,0,GCA,PMS2,0,0,0
32759,Q9BYV6,Q9P2H5,1,0.8341463414634146,0.4013062456679026,0.6177262935656586,0,,,,,,,0,TRIM55,USP35,0,0,0
32762,Q9BYV6,Q15437,1,0.7268292682926829,0.4013718025280754,0.5641005354103792,0,,,,,,,0,TRIM55,SEC23B,0,0,0
32764,Q9BYV6,P25789,1,0.551219512195122,0.4015551315696962,0.476387321882409,0,,,,,,,0,TRIM55,PSMA4,0,0,0
32768,Q9BYV6,P54278,1,0.526829268292683,0.4015549651275151,0.464192116710099,0,,,,,,,0,TRIM55,PMS2,0,0,0
32775,Q9BYV6,P47804,1,0.7268292682926829,0.4013072176416634,0.5640682429671732,0,,,,,,,0,TRIM55,RGR,0,0,0
32782,Q9BYV6,Q9H1R3,1,0.8292682926829269,0.4013086059849369,0.6152884493339319,0,,,,,,,0,TRIM55,MYLK2,0,0,0
32784,Q9BYV6,Q96BR5,1,0.7463414634146343,0.401529099949386,0.5739352816820101,0,,,,,,,0,TRIM55,COA7,0,0,0
32786,Q9BYV6,P22676,1,0.526829268292683,0.4015552705001796,0.4641922693964312,0,,,,,,,0,TRIM55,CALB2,0,0,0
32792,Q9BYV6,Q8IXK0,1,0.7853658536585365,0.4015551448882607,0.5934604992733986,0,,,,,,,0,TRIM55,PHC2,0,0,0
32795,Q9BYV6,Q969X1,1,0.7268292682926829,0.4013066509033852,0.564067959598034,0,,,,,,,0,TRIM55,TMBIM1,0,0,0
32806,P52736,O15530,1,0.8048780487804879,0.4013720118798539,0.6031250303301708,0,,,,,,,0,ZNF133,PDPK1,0,0,0
32808,P52736,A8MYV0,1,0.526829268292683,0.4015548271037514,0.4641920476982172,0,,,,,,,0,ZNF133,DCDC2C,0,0,0
32812,Q9NZP2,Q9P1V8,1,0.551219512195122,0.4015551111373625,0.4763873116662422,0,,,,,,,0,OR6C2,SAMD15,0,0,0
32821,Q9NZP2,O15381,1,0.551219512195122,0.4015548164886756,0.4763871643418987,0,,,,,,,0,OR6C2,NVL,0,0,0
32842,Q9HCM4,O95104,1,0.551219512195122,0.4015549944656759,0.4763872533303989,0,,,,,,,0,EPB41L5,SCAF4,0,0,0
32847,Q9HCM4,Q96G91,1,0.526829268292683,0.4015547937300595,0.4641920310113712,0,,,,,,,0,EPB41L5,P2RY11,0,0,0
32852,Q9HCM4,Q9H2S6,1,0.551219512195122,0.4015549042759284,0.4763872082355251,0,,,,,,,0,EPB41L5,TNMD,0,0,0
32856,Q9HCM4,Q6ZT21,1,0.526829268292683,0.4015550652933475,0.4641921667930152,0,,,,,,,0,EPB41L5,TMPPE,0,0,0
32862,Q9HCM4,O00203,1,0.7463414634146343,0.4015292845212117,0.5739353739679229,0,,,,,,,0,EPB41L5,AP3B1,0,0,0
32868,Q9HCM4,Q8NFC6,1,0.751219512195122,0.4012261924775181,0.57622285233632,0,,,,,,,0,EPB41L5,BOD1L1,0,0,0
32879,Q9HCM4,P49888,1,0.551219512195122,0.4015548443453942,0.4763871782702581,0,,,,,,,0,EPB41L5,SULT1E1,0,0,0
32883,Q9HCM4,Q8N3R9,1,0.8341463414634146,0.401372254996606,0.6177592982300103,0,,Q9HCM4,Q8N3R9,"psi-mi:""MI:0006""(anti bait coimmunoprecipitation)",taxid:9606(Homo sapiens),2.0,1,EPB41L5,PALS1,0,0,0
32900,Q9HCM4,Q5VUY2,1,0.526829268292683,0.4015549579322776,0.4641921131124802,0,,,,,,,0,EPB41L5,AADACL4,0,0,0
32906,Q9HCM4,Q8NCB2,1,0.7219512195121951,0.4013236929863503,0.5616374562492727,0,,,,,,,0,EPB41L5,CAMKV,0,0,0
33016,Q99727,Q9GZX5,1,0.526829268292683,0.4015551305765177,0.4641921994346003,0,,,,,,,0,TIMP4,ZNF350,0,0,0
33028,Q99727,Q8NHV4,1,0.551219512195122,0.4015549088408411,0.4763872105179815,0,,,,,,,0,TIMP4,NEDD1,0,0,0
33031,Q99727,O75665,1,0.526829268292683,0.4016029127951334,0.4642160905439081,0,,,,,,,0,TIMP4,OFD1,0,0,0
33043,Q99727,Q494V2,1,0.5365853658536585,0.4015548815485645,0.4690701237011114,0,,,,,,,0,TIMP4,CFAP100,0,0,0
33047,Q99727,Q5FWF5,1,0.551219512195122,0.4015548466408013,0.4763871794179616,0,,,,,,,0,TIMP4,ESCO1,0,0,0
33054,Q99727,Q8NCX0,1,0.551219512195122,0.4015546335162994,0.4763870728557107,0,,,,,,,0,TIMP4,CCDC150,0,0,0
33058,Q99727,Q9H334,1,0.551219512195122,0.4015547688149949,0.4763871405050585,0,,,,,,,0,TIMP4,FOXP1,0,0,0
33060,Q96R48,A6H8Y1,1,0.526829268292683,0.4016031130375141,0.4642161906650985,0,,,,,,,0,OR2A5,BDP1,0,0,0
33061,Q96R48,Q8NFC6,1,0.526829268292683,0.4016030827485415,0.4642161755206122,0,,,,,,,0,OR2A5,BOD1L1,0,0,0
33064,Q15118,P54886,1,0.7414634146341462,0.4015296316946479,0.571496523164397,0,,,,,,,0,PDK1,ALDH18A1,0,0,0
33087,P40199,O43711,1,0.7219512195121951,0.4013886471636341,0.5616699333379146,0,,,,,,,0,CEACAM6,TLX3,0,0,0
33093,P05165,Q14966,1,0.5219512195121951,0.4016029641081896,0.4617770918101923,0,,,,,,,0,PCCA,ZNF638,0,0,0
33098,P05165,Q15643,1,0.551219512195122,0.4015547230995144,0.4763871176473182,0,,,,,,,0,PCCA,TRIP11,0,0,0
33099,P05165,O95994,1,0.7268292682926829,0.4014416705549198,0.5641354694238013,0,,,,,,,0,PCCA,AGR2,0,0,0
33183,Q8IYX8,Q92966,1,0.7268292682926829,0.4013823104638392,0.5641057893782611,0,,,,,,,0,CEP57L1,SNAPC3,0,0,0
33194,Q8IYX8,A0A0A0MRZ8,1,0.526829268292683,0.4015551419141791,0.464192205103431,0,,,,,,,0,CEP57L1,IGKV3D-11,0,0,0
33253,Q9NXG0,Q9UEG4,1,0.551219512195122,0.401554882465362,0.476387197330242,0,,,,,,,0,CNTLN,ZNF629,0,0,0
33278,P18887,Q99705,1,0.551219512195122,0.4015552843487647,0.4763873982719433,0,,,,,,,0,XRCC1,MCHR1,0,0,0
33292,P18887,Q9UNA4,1,0.8048780487804879,0.4013078842029786,0.6030929664917333,0,,,,,,,0,XRCC1,POLI,0,0,0
33296,P18887,Q9HBW0,1,0.551219512195122,0.4015555481914526,0.4763875301932873,0,,,,,,,0,XRCC1,LPAR2,0,0,0
33303,P18887,Q9BPX3,1,0.7414634146341462,0.4015325454142028,0.5714979800241745,0,,,,,,,0,XRCC1,NCAPG,0,0,0
33311,P18887,Q969X2,1,0.526829268292683,0.4015548523278101,0.4641920603102465,0,,,,,,,0,XRCC1,ST6GALNAC6,0,0,0
33332,P18887,Q330K2,1,0.551219512195122,0.4015551908302971,0.4763873515127095,0,,,,,,,0,XRCC1,NDUFAF6,0,0,0
33333,P18887,Q969S0,1,0.5365853658536585,0.40155547440772,0.4690704201306892,0,,,,,,,0,XRCC1,SLC35B4,0,0,0
33339,Q9NXG0,Q96BP3,1,0.551219512195122,0.4015548238229412,0.4763871680090316,0,,,,,,,0,CNTLN,PPWD1,0,0,0
33348,P18887,Q9H334,1,0.8048780487804879,0.4013067646552826,0.6030924067178852,0,,,,,,,0,XRCC1,FOXP1,0,0,0
33353,P18887,P06746,1,0.7268292682926829,0.401306321969876,0.5640677951312795,0,,,,,,,0,XRCC1,POLB,0,0,0
33354,P18887,Q9H6H4,1,0.551219512195122,0.4015549307067037,0.4763872214509128,0,,,,,,,0,XRCC1,REEP4,0,0,0
33370,P18887,P25024,1,0.551219512195122,0.4015556248022264,0.4763875684986742,0,,,,,,,0,XRCC1,CXCR1,0,0,0
33379,Q9P2H0,Q14966,1,0.526829268292683,0.4016031443813347,0.4642162063370088,0,,,,,,,0,CEP126,ZNF638,0,0,0
33400,Q9P2H0,O75665,1,0.7219512195121951,0.4013733891264526,0.5616623043193238,0,,,,,,,0,CEP126,OFD1,0,0,0
33411,Q9P2H0,Q15643,1,0.551219512195122,0.4015549925170365,0.4763872523560792,0,,,,,,,0,CEP126,TRIP11,0,0,0
33430,Q9P2H0,P82932,1,0.7268292682926829,0.4013062568096117,0.5640677625511473,0,,,,,,,0,CEP126,MRPS6,0,0,0
33440,O43852,Q9BS86,1,0.7268292682926829,0.4014147543547176,0.5641220113237002,0,,,,,,,0,CALU,ZPBP,0,0,0
33444,O43852,Q2MV58,1,0.7219512195121951,0.401322228105644,0.5616367238089195,0,,,,,,,0,CALU,TCTN1,0,0,0
33448,O43852,O75503,1,0.7219512195121951,0.4019018212914229,0.561926520401809,0,,,,,,,0,CALU,CLN5,0,0,0
33457,O43852,Q9UBT2,1,0.7414634146341462,0.4013433530208548,0.5714033838275006,0,,,,,,,0,CALU,UBA2,0,0,0
33459,O43852,O94989,1,0.7365853658536585,0.4015318626676721,0.5690586142606653,0,,,,,,,0,CALU,ARHGEF15,0,0,0
33460,O43852,Q6NUS6,1,0.7853658536585365,0.4016338216499042,0.5934998376542203,0,,,,,,,0,CALU,TCTN3,0,0,0
33480,Q9GZX5,Q8NHV4,1,0.551219512195122,0.4015549029314292,0.4763872075632755,0,,,,,,,0,ZNF350,NEDD1,0,0,0
33501,Q9GZX5,Q494V2,1,0.5219512195121951,0.401555226183699,0.461753222847947,0,,,,,,,0,ZNF350,CFAP100,0,0,0
33508,Q9GZX5,Q5FWF5,1,0.551219512195122,0.4015546591927937,0.4763870856939578,0,,,,,,,0,ZNF350,ESCO1,0,0,0
33519,Q9GZX5,P39023,1,0.5219512195121951,0.4015548597332426,0.4617530396227188,0,,,,,,,0,ZNF350,RPL3,0,0,0
33525,Q9GZX5,Q8NCX0,1,0.551219512195122,0.4015547892217768,0.4763871507084494,0,,,,,,,0,ZNF350,CCDC150,0,0,0
33533,Q9GZX5,Q9H334,1,0.551219512195122,0.4015549791658979,0.4763872456805099,0,,,,,,,0,ZNF350,FOXP1,0,0,0
33558,Q9GZX5,Q15276,1,0.551219512195122,0.4015549272545813,0.4763872197248516,0,,,,,,,0,ZNF350,RABEP1,0,0,0
33559,Q9GZX5,P54886,1,0.551219512195122,0.4015549715264942,0.4763872418608081,0,,,,,,,0,ZNF350,ALDH18A1,0,0,0
33567,P85299,Q9BT43,1,0.551219512195122,0.4015551833129951,0.4763873477540585,0,,,,,,,0,PRR5,POLR3GL,0,0,0
33596,P85299,Q9BQA1,1,0.8341463414634146,0.4015030540265866,0.6178246977450006,0,,,,,,,0,PRR5,WDR77,0,0,0
33607,P85299,O75157,1,0.526829268292683,0.4015548744833744,0.4641920713880286,0,,,,,,,0,PRR5,TSC22D2,0,0,0
33608,P85299,Q9UI47,1,0.7268292682926829,0.4013212372843615,0.5640752527885222,0,,,,,,,0,PRR5,CTNNA3,0,0,0
33629,P85299,Q9Y467,1,0.551219512195122,0.4015549504426807,0.4763872313189013,0,,,,,,,0,PRR5,SALL2,0,0,0
33636,P85299,Q5VYY1,1,0.551219512195122,0.401554922899086,0.476387217547104,0,,,,,,,0,PRR5,ANKRD22,0,0,0
33667,P85299,Q6UWW0,1,0.5365853658536585,0.4015547149704815,0.46907004041207,0,,,,,,,0,PRR5,LCN15,0,0,0
33735,P85299,P60763,1,0.551219512195122,0.4015548714485191,0.4763871918218205,0,,,,,,,0,PRR5,RAC3,0,0,0
33742,P85299,O95994,1,0.5365853658536585,0.4015550122194718,0.4690701890365651,0,,,,,,,0,PRR5,AGR2,0,0,0
33789,P47756,P14923,1,0.7268292682926829,0.401306673652595,0.5640679709726389,1,0.1060070671378091,,,,,,0,CAPZB,JUP,0,0,0
33791,P47756,A0A0A0MS02,1,0.551219512195122,0.4015549989021601,0.476387255548641,0,,,,,,,0,CAPZB,TRGV1,0,0,0
33792,P47756,Q7L804,1,0.551219512195122,0.4015548288056562,0.4763871705003891,0,,,,,,,0,CAPZB,RAB11FIP2,0,0,0
33804,P47756,Q8TF50,1,0.551219512195122,0.4015547517824623,0.4763871319887921,0,,,,,,,0,CAPZB,ZNF526,0,0,0
33823,P47756,O95994,1,0.7219512195121951,0.4010334656346948,0.5614923425734449,1,0.5053003533568905,,,,,,0,CAPZB,AGR2,0,0,0
33860,Q9NXG0,Q9UQ72,1,0.551219512195122,0.4015547932101757,0.4763871527026488,0,,,,,,,0,CNTLN,PSG11,0,0,0
33914,Q9NP78,Q9H313,1,0.7268292682926829,0.4013068457652083,0.5640680570289456,0,,,,,,,0,ABCB9,TTYH1,0,0,0
33924,P14923,O15530,1,0.7170731707317073,0.4013230286752242,0.5591980997034658,0,,,,,,,0,JUP,PDPK1,0,0,0
33926,P14923,Q9NXH9,1,0.7219512195121951,0.4013082397043107,0.5616297296082529,0,,,,,,,0,JUP,TRMT1,0,0,0
33927,P14923,Q06546,1,0.7853658536585365,0.4014729993991271,0.5934194265288318,0,,,,,,,0,JUP,GABPA,0,0,0
33929,P14923,Q9UI47,1,0.7219512195121951,0.4013083296801749,0.561629774596185,0,,,,,,,0,JUP,CTNNA3,0,0,0
33932,P14923,P23327,1,0.8292682926829269,0.4017455853913667,0.6155069390371468,1,0.1707891637220259,,,,,,0,JUP,HRC,0,0,0
33940,P14923,Q969X2,1,0.7463414634146343,0.4015314117626963,0.5739364375886653,0,,,,,,,0,JUP,ST6GALNAC6,0,0,0
33943,P14923,Q13148,1,0.7219512195121951,0.4013225439771454,0.5616368817446702,0,,,,,,,0,JUP,TARDBP,0,0,0
33956,Q9H3U1,Q9UNM6,1,0.7414634146341462,0.4013263149366772,0.5713948647854117,0,,,,,,,0,UNC45A,PSMD13,0,0,0
33957,Q9H3U1,Q5TB80,1,0.7317073170731707,0.4013221588188811,0.5665147379460259,0,,,,,,,0,UNC45A,CEP162,0,0,0
33959,Q9H3U1,O75665,1,0.7219512195121951,0.4010495052278567,0.5615003623700259,0,,,,,,,0,UNC45A,OFD1,0,0,0
33960,Q9H3U1,Q8NFC6,1,0.5219512195121951,0.4016031281602394,0.4617771738362173,0,,,,,,,0,UNC45A,BOD1L1,0,0,0
33961,Q9H3U1,Q8TES7,1,0.7414634146341462,0.4013086183554153,0.5713860164947808,0,,,,,,,0,UNC45A,FBF1,0,0,0
33963,Q9H3U1,Q6XPS3,1,0.7463414634146343,0.4013070910529757,0.5738242772338049,0,,,,,,,0,UNC45A,TPTE2,0,0,0
33964,O95104,Q96BR5,1,0.7219512195121951,0.4013216243584971,0.5616364219353461,0,,,,,,,0,SCAF4,COA7,0,0,0
33973,O95104,Q5VUY2,1,0.5365853658536585,0.4015551595897674,0.4690702627217129,0,,,,,,,0,SCAF4,AADACL4,0,0,0
33979,Q0VAM2,Q5TB80,1,0.551219512195122,0.4015548370723795,0.4763871746337507,0,,,,,,,0,RASGEF1B,CEP162,0,0,0
33989,Q0VAM2,Q86VH2,1,0.551219512195122,0.4015548287802614,0.4763871704876917,0,,,,,,,0,RASGEF1B,KIF27,0,0,0
33991,Q9UNM6,P25789,1,0.7219512195121951,0.4013086283272232,0.5616299239197091,0,,,,,,,0,PSMD13,PSMA4,0,0,0
34006,Q9UNM6,O95994,1,0.7268292682926829,0.4013075594795985,0.5640684138861407,0,,,,,,,0,PSMD13,AGR2,0,0,0
34018,Q9NXG0,Q15643,1,0.551219512195122,0.4015547111911606,0.4763871116931413,0,,,,,,,0,CNTLN,TRIP11,0,0,0
34022,Q8NBR6,Q8NDV3,1,0.5219512195121951,0.401602823713847,0.461777021613021,0,,,,,,,0,MINDY2,SMC1B,0,0,0
34023,Q8NBR6,Q68DY9,1,0.526829268292683,0.4015552261709848,0.4641922472318339,0,,,,,,,0,MINDY2,ZNF772,0,0,0
34047,A0A0A0MS02,Q8TF50,1,0.551219512195122,0.4015548699135198,0.4763871910543209,0,,,,,,,0,TRGV1,ZNF526,0,0,0
34049,A0A0A0MS02,Q9UPM9,1,0.526829268292683,0.4015563598802232,0.4641928140864531,0,,,,,,,0,TRGV1,B9D1,0,0,0
34053,Q9NXG0,Q07343,1,0.551219512195122,0.401554535862083,0.4763870240286025,0,,,,,,,0,CNTLN,PDE4B,0,0,0
34054,A0A0A0MS02,P20827,1,0.551219512195122,0.4015549457401683,0.4763872289676452,0,,,,,,,0,TRGV1,EFNA1,0,0,0
34067,A0A0A0MS02,Q9NY72,1,0.551219512195122,0.4015551920326882,0.4763873521139051,0,,,,,,,0,TRGV1,SCN3B,0,0,0
34071,A0A0A0MS02,H3BNL1,1,0.551219512195122,0.4015553996224824,0.4763874559088021,0,,,,,,,0,TRGV1,C3orf84,0,0,0
34074,A0A0A0MS02,A6NKL6,1,0.526829268292683,0.4015549578341157,0.4641921130633993,0,,,,,,,0,TRGV1,TMEM200C,0,0,0
34078,A0A0A0MS02,Q86UN6,1,0.5219512195121951,0.4015564619778692,0.4617538407450322,0,,,,,,,0,TRGV1,AKAP14,0,0,0
34082,A0A0A0MS02,Q8NEP3,1,0.551219512195122,0.4015548077522219,0.476387159973672,0,,,,,,,0,TRGV1,DNAAF1,0,0,0
34083,A0A0A0MS02,P49959,1,0.551219512195122,0.4015548656261258,0.4763871889106239,0,,,,,,,0,TRGV1,MRE11,0,0,0
34085,A0A0A0MS02,Q8IYW5,1,0.551219512195122,0.401554874910216,0.476387193552669,0,,,,,,,0,TRGV1,RNF168,0,0,0
34125,O00300,A6H8Y1,1,0.526829268292683,0.4016811610103374,0.4642552146515102,0,,,,,,,0,TNFRSF11B,BDP1,0,0,0
34126,O00300,Q8NFC6,1,0.526829268292683,0.4016811232751952,0.464255195783939,0,,,,,,,0,TNFRSF11B,BOD1L1,0,0,0
34150,Q9NXG0,Q8WV41,1,0.551219512195122,0.4016331151878528,0.4764263136914873,0,,,,,,,0,CNTLN,SNX33,0,0,0
34157,Q14966,P0DJD7,1,0.5219512195121951,0.4016811834473078,0.4618162014797514,0,,,,,,,0,ZNF638,PGA4,0,0,0
34164,Q14966,Q6P996,1,0.5219512195121951,0.4016032654907485,0.4617772425014718,0,,,,,,,0,ZNF638,PDXDC1,0,0,0
34190,Q14966,Q07343,1,0.5219512195121951,0.4016032138210353,0.4617772166666152,0,,,,,,,0,ZNF638,PDE4B,0,0,0
34203,Q14966,Q8WV41,1,0.5219512195121951,0.4016031256768764,0.4617771725945357,0,,,,,,,0,ZNF638,SNX33,0,0,0
34218,P07225,Q92993,1,0.8341463414634146,0.4015574987229218,0.6178519200931682,0,,,,,,,0,PROS1,KAT5,0,0,0
34220,Q13084,A6H8Y1,1,0.526829268292683,0.4016812229323983,0.4642552456125406,0,,,,,,,0,MRPL28,BDP1,0,0,0
34221,Q13084,Q8NFC6,1,0.526829268292683,0.4016812057987032,0.464255237045693,0,,,,,,,0,MRPL28,BOD1L1,0,0,0
34224,Q13084,P39023,1,0.7219512195121951,0.4013246023079174,0.5616379109100562,0,,,,,,,0,MRPL28,RPL3,0,0,0
34232,Q7L804,P36957,1,0.7219512195121951,0.4013740725809654,0.5616626460465802,0,,,,,,,0,RAB11FIP2,DLST,0,0,0
34235,Q9H0X4,O95202,1,0.7414634146341462,0.4012601904570548,0.5713618025456005,0,,,,,,,0,FAM234A,LETM1,0,0,0
34236,Q9H0X4,Q6NXT4,1,0.7219512195121951,0.4010515203006963,0.5615013699064457,0,,,,,,,0,FAM234A,SLC30A6,0,0,0
34238,P07225,P12644,1,0.7219512195121951,0.4013079119602153,0.5616295657362051,0,,,,,,,0,PROS1,BMP4,0,0,0
34240,O43711,Q9UI47,1,0.7463414634146343,0.4015310185653132,0.5739362409899738,0,,,,,,,0,TLX3,CTNNA3,0,0,0
34243,O43711,Q9UNN4,1,0.7463414634146343,0.40139315609398,0.5738673097543071,0,,,,,,,0,TLX3,GTF2A1L,0,0,0
34246,O43711,A0A286YF18,1,0.5365853658536585,0.4015551471630948,0.4690702565083766,0,,,,,,,0,TLX3,SMIM44,0,0,0
34257,A0A0B4J1U3,O75167,1,0.551219512195122,0.4015546871067382,0.47638709965093,0,,,,,,,0,IGLV1-36,PHACTR2,0,0,0
34306,A0A0B4J1U3,Q6P1L5,1,0.551219512195122,0.401554794263291,0.4763871532292065,0,,,,,,,0,IGLV1-36,FAM117B,0,0,0
34323,A0A0B4J1U3,Q7Z6K5,1,0.5219512195121951,0.4015547689799625,0.4617529942460788,0,,,,,,,0,IGLV1-36,ARPIN,0,0,0
34400,A0A0B4J1U3,Q5TGJ6,1,0.526829268292683,0.401555650340798,0.4641924593167404,0,,,,,,,0,IGLV1-36,HDGFL1,0,0,0
34404,A0A0B4J1U3,Q8N4E4,1,0.526829268292683,0.4015548243995555,0.4641920463461192,0,,,,,,,0,IGLV1-36,PDCL2,0,0,0
34467,O15530,Q5TB80,1,0.551219512195122,0.4015545366894099,0.4763870244422659,0,,,,,,,0,PDPK1,CEP162,0,0,0
34528,O15530,O00203,1,0.551219512195122,0.4015545365435066,0.4763870243693143,0,,,,,,,0,PDPK1,AP3B1,0,0,0
34556,O15530,P54868,1,0.5219512195121951,0.4015550788092275,0.4617531491607113,0,,,,,,,0,PDPK1,HMGCS2,0,0,0
34607,O15530,O43463,1,0.5219512195121951,0.4015547674266649,0.46175299346943,0,,,,,,,0,PDPK1,SUV39H1,0,0,0
34629,O15530,Q9UKF6,1,0.551219512195122,0.4015547143814941,0.4763871132883081,0,,,,,,,0,PDPK1,CPSF3,0,0,0
34650,O15530,Q969Q6,1,0.526829268292683,0.4015554902976614,0.4641923792951722,0,,,,,,,0,PDPK1,PPP2R3C,0,0,0
34691,O15530,Q86VH2,1,0.551219512195122,0.4015545407589914,0.4763870264770566,0,,,,,,,0,PDPK1,KIF27,0,0,0
34714,O15530,Q9UI42,1,0.7219512195121951,0.4011701688106143,0.5615606941614046,0,,,,,,,0,PDPK1,CPA4,0,0,0
34746,Q9H2X3,Q9BYQ4,1,0.5219512195121951,0.4013066943950165,0.4616289569536058,0,,,,,,,0,CLEC4M,KRTAP9-2,0,0,0
34804,O75167,Q96B02,1,0.551219512195122,0.4015546858750706,0.4763870990350963,0,,,,,,,0,PHACTR2,UBE2W,0,0,0
34815,O75167,Q9NP50,1,0.551219512195122,0.4015548428224598,0.4763871775087909,0,,,,,,,0,PHACTR2,SINHCAF,0,0,0
34816,O75167,A0A075B6T7,1,0.551219512195122,0.4015549591532274,0.4763872356741747,0,,,,,,,0,PHACTR2,TRAV6,0,0,0
34821,O75167,P01782,1,0.551219512195122,0.401554902900075,0.4763872075475985,0,,,,,,,0,PHACTR2,IGHV3-9,0,0,0
34822,O75167,P13385,1,0.551219512195122,0.4015548437322931,0.4763871779637075,0,,,,,,,0,PHACTR2,TDGF1,0,0,0
34829,O75167,A0A0B4J245,1,0.551219512195122,0.4015550112826709,0.4763872617388964,0,,,,,,,0,PHACTR2,TRAV12-1,0,0,0
34832,O75167,Q7Z6K5,1,0.551219512195122,0.4015549294291428,0.4763872208121323,0,,,,,,,0,PHACTR2,ARPIN,0,0,0
34834,O75167,P84085,1,0.551219512195122,0.4015550502805824,0.4763872812378522,0,,,,,,,0,PHACTR2,ARF5,0,0,0
34835,O75167,O15522,1,0.526829268292683,0.4015549654820397,0.4641921168873613,0,,,,,,,0,PHACTR2,NKX2-8,0,0,0
34862,O75167,Q5TGJ6,1,0.526829268292683,0.4015549030872719,0.4641920856899774,0,,,,,,,0,PHACTR2,HDGFL1,0,0,0
34864,O75167,Q8N4E4,1,0.551219512195122,0.4015549031159937,0.4763872076555578,0,,,,,,,0,PHACTR2,PDCL2,0,0,0
34872,O75167,P00167,1,0.551219512195122,0.4015546820862448,0.4763870971406834,0,,,,,,,0,PHACTR2,CYB5A,0,0,0
34878,O75167,A0A286YF18,1,0.551219512195122,0.4015548319329056,0.4763871720640138,0,,,,,,,0,PHACTR2,SMIM44,0,0,0
34916,P63252,Q14005,1,0.8439024390243903,0.4014071347849468,0.6226547869046686,0,,,,,,,0,KCNJ2,IL16,0,0,0
34927,P63252,P49756,1,0.5365853658536585,0.401554889453564,0.4690701276536112,0,,,,,,,0,KCNJ2,RBM25,0,0,0
34946,Q92530,Q8TF50,1,0.526829268292683,0.4015548607693727,0.4641920645310278,0,,,,,,,0,PSMF1,ZNF526,0,0,0
34978,Q92530,Q8NEP3,1,0.551219512195122,0.401554777254068,0.476387144724595,0,,,,,,,0,PSMF1,DNAAF1,0,0,0
34979,Q92530,P49959,1,0.551219512195122,0.4015548135806245,0.4763871628878732,0,,,,,,,0,PSMF1,MRE11,0,0,0
34981,Q92530,Q8IYW5,1,0.526829268292683,0.4015550573246516,0.4641921628086672,0,,,,,,,0,PSMF1,RNF168,0,0,0
34993,P07225,Q5TB80,1,0.551219512195122,0.4015546559699313,0.4763870840825266,0,,,,,,,0,PROS1,CEP162,0,0,0
35020,Q9BQ52,Q9H2S6,1,0.526829268292683,0.4016331397624111,0.464231204027547,0,,,,,,,0,ELAC2,TNMD,0,0,0
35024,Q9BQ52,Q86W34,1,0.551219512195122,0.4015548125569709,0.4763871623760464,0,,,,,,,0,ELAC2,AMZ2,0,0,0
35027,Q9BQ52,Q6ZT21,1,0.526829268292683,0.4015550336334882,0.4641921509630856,0,,,,,,,0,ELAC2,TMPPE,0,0,0
35065,Q9BQ52,Q15648,1,0.5219512195121951,0.4016030290667858,0.4617771242894904,0,,,,,,,0,ELAC2,MED1,0,0,0
35070,Q9BQ52,P49888,1,0.526829268292683,0.4016330904012053,0.4642311793469441,0,,,,,,,0,ELAC2,SULT1E1,0,0,0
35087,Q9BQ52,P62714,1,0.7463414634146343,0.4015420986131399,0.573941781013887,0,,,,,,,0,ELAC2,PPP2CB,0,0,0
35092,Q8IUF8,P51608,1,0.7268292682926829,0.4019335602972859,0.5643814142949843,0,,,,,,,0,RIOX2,MECP2,0,0,0
35093,Q8IUF8,P39023,1,0.7219512195121951,0.4007856185774889,0.561368419044842,0,,,,,,,0,RIOX2,RPL3,0,0,0
35106,Q9UBB4,Q5TB80,1,0.7219512195121951,0.4013224294361777,0.5616368244741864,0,,,,,,,0,ATXN10,CEP162,0,0,0
35116,Q674X7,Q9BQA1,1,0.775609756097561,0.4014181820574836,0.5885139690775223,0,,,,,,,0,KAZN,WDR77,0,0,0
35133,Q674X7,P47804,1,0.5365853658536585,0.4015551253026313,0.4690702455781449,0,,,,,,,0,KAZN,RGR,0,0,0
35137,Q674X7,P98077,1,0.551219512195122,0.401554877544402,0.476387194869762,0,,,,,,,0,KAZN,SHC2,0,0,0
35147,P07225,O43463,1,0.5219512195121951,0.4015547511469386,0.4617529853295669,0,,,,,,,0,PROS1,SUV39H1,0,0,0
35157,Q674X7,Q86YJ6,1,0.551219512195122,0.4015548414436024,0.4763871768193621,0,,,,,,,0,KAZN,THNSL2,0,0,0
35174,Q674X7,Q9Y4R8,1,0.526829268292683,0.4015577057796269,0.4641934870361549,0,,,,,,,0,KAZN,TELO2,0,0,0
35175,Q674X7,O00322,1,0.551219512195122,0.4015550135941649,0.4763872628946434,0,,,,,,,0,KAZN,UPK1A,0,0,0
35177,Q674X7,Q15813,1,0.526829268292683,0.4015550172455178,0.4641921427691003,0,,,,,,,0,KAZN,TBCE,0,0,0
35181,Q674X7,Q8NF37,1,0.551219512195122,0.4015548251267168,0.4763871686609194,0,,,,,,,0,KAZN,LPCAT1,0,0,0
35184,Q674X7,Q9H313,1,0.5365853658536585,0.4015554255873763,0.4690703957205173,0,,,,,,,0,KAZN,TTYH1,0,0,0
35187,Q674X7,Q5SWL8,1,0.526829268292683,0.4015551182250714,0.4641921932588772,0,,,,,,,0,KAZN,PRAMEF19,0,0,0
35224,O96013,O43313,1,0.5219512195121951,0.4015547772226381,0.4617529983674166,0,,,,,,,0,PAK4,ATMIN,0,0,0
35230,O96013,P12532,1,0.6585365853658536,0.4013067864695058,0.5299216859176796,0,,,,,,,0,PAK4,CKMT1B,0,0,0
35236,O96013,Q9Y388,1,0.526829268292683,0.4015550351869715,0.4641921517398272,0,,,,,,,0,PAK4,RBMX2,0,0,0
35237,O96013,Q6UX07,1,0.526829268292683,0.4015552532531568,0.4641922607729198,0,,,,,,,0,PAK4,DHRS13,0,0,0
35243,O96013,P36957,1,0.7268292682926829,0.4013064806097695,0.5640678744512262,0,,,,,,,0,PAK4,DLST,0,0,0
35261,O96013,Q16586,1,0.551219512195122,0.4015555143333575,0.4763875132642398,0,,,,,,,0,PAK4,SGCA,0,0,0
35263,O96013,P05198,1,0.6341463414634145,0.4013214295097038,0.5177338854865592,0,,,,,,,0,PAK4,EIF2S1,0,0,0
35307,O96013,P49207,1,0.6439024390243903,0.4013064449442065,0.5226044419842983,0,,,,,,,0,PAK4,RPL34,0,0,0
35327,P07225,Q969Q6,1,0.551219512195122,0.4015551183570499,0.4763873152760859,0,,,,,,,0,PROS1,PPP2R3C,0,0,0
35340,Q15437,Q96S38,1,0.551219512195122,0.4015547508371476,0.4763871315161347,0,,,,,,,0,SEC23B,RPS6KC1,0,0,0
35365,Q15437,Q6ZNL6,1,0.5219512195121951,0.401603253695557,0.461777236603876,0,,,,,,,0,SEC23B,FGD5,0,0,0
35550,Q15437,Q9BQS8,1,0.7463414634146343,0.4013057126827248,0.5738235880486795,0,,,,,,,0,SEC23B,FYCO1,0,0,0
35560,Q15437,Q8WU79,1,0.7268292682926829,0.4013067138305591,0.564067991061621,0,,,,,,,0,SEC23B,SMAP2,0,0,0
35602,Q9BS86,Q9Y473,1,0.526829268292683,0.4016333759830974,0.4642313221378902,0,,,,,,,0,ZPBP,ZNF175,0,0,0
35613,Q9BS86,Q9UNA4,1,0.551219512195122,0.4015549065782585,0.4763872093866902,0,,,,,,,0,ZPBP,POLI,0,0,0
35653,P67775,Q08999,1,0.8048780487804879,0.4013213396840537,0.6030996942322708,0,,,,,,,0,PPP2CA,RBL2,0,0,0
35654,P67775,P54278,1,0.7219512195121951,0.4013215859130477,0.5616364027126214,0,,,,,,,0,PPP2CA,PMS2,0,0,0
35658,P67775,O00755,1,0.7317073170731707,0.4008572374348301,0.5662822772540004,0,,,,,,,0,PPP2CA,WNT7A,0,0,0
35661,P67775,P62714,1,0.8780487804878049,0.4141514257133692,0.6461001031005871,0,,,,,,,0,PPP2CA,PPP2CB,0,0,0
35663,P67775,Q5JRM2,1,0.7268292682926829,0.4015042926212993,0.5641667804569911,0,,,,,,,0,PPP2CA,CXorf66,0,0,0
35666,Q96MY7,Q9UI47,1,0.7365853658536585,0.4012043940287458,0.5688948799412021,0,,,,,,,0,FAM161B,CTNNA3,0,0,0
35670,Q96MY7,Q9NYA3,1,0.7268292682926829,0.4008405972906202,0.5638349327916515,0,,,,,,,0,FAM161B,GOLGA6A,0,0,0
35671,Q96MY7,Q969Q6,1,0.7219512195121951,0.4013089194828692,0.5616300694975321,0,,,,,,,0,FAM161B,PPP2R3C,0,0,0
35675,Q3KNS6,O43463,1,0.8048780487804879,0.4017562329813182,0.603317140880903,0,,,,,,,0,ZNF829,SUV39H1,0,0,0
35682,A8K0S8,Q96M83,1,0.526829268292683,0.4016030967526413,0.4642161825226621,0,,,,,,,0,MEIS3P2,CCDC7,0,0,0
35690,P11166,P30101,1,0.7219512195121951,0.4011013472699662,0.5615262833910807,0,,,,,,,0,SLC2A1,PDIA3,0,0,0
35693,P11166,Q96L92,1,0.7219512195121951,0.4013747202418493,0.5616629698770221,0,,,,,,,0,SLC2A1,SNX27,0,0,0
35699,Q2YD98,P32780,1,0.7560975609756097,0.4012283341322266,0.5786629475539181,0,,,,,,,0,UVSSA,GTF2H1,0,0,0
35702,Q9Y3I0,Q9GZX7,1,0.7463414634146343,0.4013226826837985,0.5738320730492164,0,,,,,,,0,RTCB,AICDA,0,0,0
35707,Q9Y3I0,P52272,1,0.7219512195121951,0.4013082329941076,0.5616297262531513,0,,,,,,,0,RTCB,HNRNPM,0,0,0
35708,Q9Y3I0,P55916,1,0.7219512195121951,0.4013083024649209,0.561629760988558,0,,,,,,,0,RTCB,UCP3,0,0,0
35709,Q9Y3I0,P49959,1,0.7414634146341462,0.4013070147764726,0.5713852147053095,0,,,,,,,0,RTCB,MRE11,0,0,0
35710,Q9Y3I0,O95994,1,0.7268292682926829,0.4013077437234491,0.564068506008066,0,,,,,,,0,RTCB,AGR2,0,0,0
35711,Q9Y3I0,Q12972,1,0.7219512195121951,0.4013085238187442,0.5616298716654696,0,,,,,,,0,RTCB,PPP1R8,0,0,0
35712,Q9Y3I0,O00425,1,0.7219512195121951,0.4010363846485226,0.5614938020803588,0,,,,,,,0,RTCB,IGF2BP3,0,0,0
35720,O14793,P49756,1,0.5219512195121951,0.4015549599590239,0.4617530897356095,0,,,,,,,0,MSTN,RBM25,0,0,0
35724,P56749,A6H8Y1,1,0.526829268292683,0.4016029598977534,0.4642161140952182,0,,,,,,,0,CLDN12,BDP1,0,0,0
35725,P56749,Q8NFC6,1,0.526829268292683,0.4016030828396974,0.4642161755661902,0,,,,,,,0,CLDN12,BOD1L1,0,0,0
35732,P56749,Q9UBT2,1,0.551219512195122,0.401555195511141,0.4763873538531314,0,,,,,,,0,CLDN12,UBA2,0,0,0
35735,P56749,Q32MK0,1,0.551219512195122,0.4015552573377863,0.4763873847664541,0,,,,,,,0,CLDN12,MYLK3,0,0,0
35749,Q8IZ40,A6H8Y1,1,0.526829268292683,0.4016029806317053,0.4642161244621941,0,,,,,,,0,RCOR2,BDP1,0,0,0
35750,Q8IZ40,Q8NFC6,1,0.5219512195121951,0.401602962127864,0.4617770908200296,0,,,,,,,0,RCOR2,BOD1L1,0,0,0
35768,O60268,Q9NXH9,1,0.526829268292683,0.4015546979775336,0.4641919831351083,0,,,,,,,0,KIAA0513,TRMT1,0,0,0
35782,Q5TB80,Q8NHV4,1,0.7463414634146343,0.4013212831710608,0.5738313732928475,0,,,,,,,0,CEP162,NEDD1,0,0,0
35783,Q5TB80,O75665,1,0.7268292682926829,0.4013076021084042,0.5640684352005436,0,,,,,,,0,CEP162,OFD1,0,0,0
35788,Q5TB80,Q9UBT2,1,0.7463414634146343,0.4015305050917344,0.5739359842531844,0,,,,,,,0,CEP162,UBA2,0,0,0
35790,Q5TB80,O43463,1,0.551219512195122,0.4015546911551628,0.4763871016751424,0,,,,,,,0,CEP162,SUV39H1,0,0,0
35798,Q5TB80,Q96L92,1,0.551219512195122,0.4015547138913875,0.4763871130432547,0,,,,,,,0,CEP162,SNX27,0,0,0
35799,Q5TB80,Q969Q6,1,0.551219512195122,0.4015548065479901,0.476387159371556,0,,,,,,,0,CEP162,PPP2R3C,0,0,0
35827,O60268,A6H8Y1,1,0.526829268292683,0.4016028489659659,0.4642160586293244,0,,,,,,,0,KIAA0513,BDP1,0,0,0
35828,O60268,Q8NFC6,1,0.526829268292683,0.4016028282180021,0.4642160482553425,0,,,,,,,0,KIAA0513,BOD1L1,0,0,0
35880,P0DJD7,Q15643,1,0.551219512195122,0.4015546027125191,0.4763870574538205,0,,,,,,,0,PGA4,TRIP11,0,0,0
35881,P0DJD7,Q9ULE3,1,0.5365853658536585,0.4015549245530985,0.4690701452033785,0,,,,,,,0,PGA4,DENND2A,0,0,0
35884,P0DJD7,Q07343,1,0.5365853658536585,0.4015549797970336,0.469070172825346,0,,,,,,,0,PGA4,PDE4B,0,0,0
35895,Q8IZP0,A6H8Y1,1,0.551219512195122,0.4015547458594008,0.4763871290272614,0,,,,,,,0,ABI1,BDP1,0,0,0
35896,Q8IZP0,Q9ULV4,1,0.7219512195121951,0.4012314551342432,0.5615913373232191,0,,,,,,,0,ABI1,CORO1C,0,0,0
35898,Q8IZP0,Q5T124,1,0.7219512195121951,0.4013716082474625,0.5616614138798288,0,,,,,,,0,ABI1,UBXN11,0,0,0
35900,Q08999,O43463,1,0.7268292682926829,0.4013216225534672,0.5640754454230751,0,,,,,,,0,RBL2,SUV39H1,0,0,0
35902,O94805,Q8N257,1,0.7268292682926829,0.4013074285724106,0.5640683484325467,0,,,,,,,0,ACTL6B,H2BC26,0,0,0
35918,Q14165,Q2MV58,1,0.7219512195121951,0.4013217341657146,0.5616364768389548,0,,,,,,,0,MLEC,TCTN1,0,0,0
35920,Q16651,Q5SVS4,1,0.7219512195121951,0.4013736628951357,0.5616624412036654,0,,,,,,,0,PRSS8,SLC25A30,0,0,0
35924,Q14165,P36957,1,0.7219512195121951,0.401036751856152,0.5614939856841735,0,,,,,,,0,MLEC,DLST,0,0,0
35930,Q14165,Q6NUS6,1,0.7268292682926829,0.4013067211030817,0.5640679946978823,0,,,,,,,0,MLEC,TCTN3,0,0,0
35933,Q14165,O95994,1,0.7219512195121951,0.4013088175876723,0.5616300185499337,1,0.0247349823321554,,,,,,0,MLEC,AGR2,0,0,0
35935,Q14165,Q8IXK0,1,0.526829268292683,0.4015549859472379,0.4641921271199604,0,,,,,,,0,MLEC,PHC2,0,0,0
35936,Q14165,P12235,1,0.7219512195121951,0.4018867219305546,0.5619189707213749,0,,,,,,,0,MLEC,SLC25A4,0,0,0
35937,Q14165,P00167,1,0.751219512195122,0.4010473768349928,0.5761334445150574,0,,,,,,,0,MLEC,CYB5A,0,0,0
35959,Q9BQA1,O75157,1,0.7268292682926829,0.4013074713784285,0.5640683698355557,0,,,,,,,0,WDR77,TSC22D2,0,0,0
35961,Q9BQA1,Q9ULV4,1,0.7463414634146343,0.4013200734504701,0.5738307684325522,0,,,,,,,0,WDR77,CORO1C,0,0,0
35962,Q9BQA1,P52272,1,0.8048780487804879,0.4013076536299031,0.6030928512051955,0,,,,,,,0,WDR77,HNRNPM,0,0,0
35964,Q9BQA1,P62312,1,0.7268292682926829,0.4013070259019751,0.564068147097329,0,,,,,,,0,WDR77,LSM6,0,0,0
35965,Q9BQA1,Q12972,1,0.8048780487804879,0.4020304608478476,0.6034542548141677,0,,,,,,,0,WDR77,PPP1R8,0,0,0
36010,Q16651,Q8TB24,1,0.5219512195121951,0.4016028013167158,0.4617770104144554,0,,,,,,,0,PRSS8,RIN3,0,0,0
36028,P25789,Q96RU8,1,0.5219512195121951,0.4015546830196363,0.4617529512659157,0,,,,,,,0,PSMA4,TRIB1,0,0,0
36053,P25789,P54278,1,0.551219512195122,0.4015545939992123,0.4763870530971671,0,,,,,,,0,PSMA4,PMS2,0,0,0
36101,P25789,A8MXT2,1,0.5219512195121951,0.4015553096029595,0.4617532645575773,0,,,,,,,0,PSMA4,MAGEB17,0,0,0
36121,P25789,Q9UBT2,1,0.7268292682926829,0.4013061192403463,0.5640676937665146,0,,,,,,,0,PSMA4,UBA2,0,0,0
36122,P25789,Q12926,1,0.526829268292683,0.4015551217915521,0.4641921950421175,0,,,,,,,0,PSMA4,ELAVL2,0,0,0
36124,P25789,O00635,1,0.7268292682926829,0.4013060717556636,0.5640676700241732,0,,,,,,,0,PSMA4,TRIM38,0,0,0
36128,P25789,P57682,1,0.5219512195121951,0.4015557147298908,0.461753467121043,0,,,,,,,0,PSMA4,KLF3,0,0,0
36134,P25789,P55916,1,0.5365853658536585,0.4016339751541335,0.4691096705038959,0,,,,,,,0,PSMA4,UCP3,0,0,0
36141,P25789,A0A0J9YX57,1,0.551219512195122,0.4015550675259938,0.4763872898605579,0,,,,,,,0,PSMA4,MAGEB6B,0,0,0
36163,P25789,O95994,1,0.7268292682926829,0.4014422352544569,0.5641357517735699,0,,,,,,,0,PSMA4,AGR2,0,0,0
36167,Q16651,Q13495,1,0.551219512195122,0.4015546626066887,0.4763870874009053,0,,,,,,,0,PRSS8,MAMLD1,0,0,0
36174,P25789,Q8IXK0,1,0.551219512195122,0.4015545851245305,0.4763870486598263,0,,,,,,,0,PSMA4,PHC2,0,0,0
36196,P25789,O43347,1,0.551219512195122,0.4015555656933123,0.4763875389442171,0,,,,,,,0,PSMA4,MSI1,0,0,0
36200,P25789,Q9HAS0,1,0.526829268292683,0.4015547040106835,0.4641919861516832,0,,,,,,,0,PSMA4,C17orf75,0,0,0
36215,P25789,Q96R45,1,0.5219512195121951,0.4015582549190477,0.4617547372156214,0,,,,,,,0,PSMA4,OR2A7,0,0,0
36234,Q9NXH9,Q15293,1,0.551219512195122,0.4015545454115315,0.4763870288033267,0,,,,,,,0,TRMT1,RCN1,0,0,0
36237,Q9NXH9,Q9Y2A9,1,0.551219512195122,0.4015549818405726,0.4763872470178473,0,,,,,,,0,TRMT1,B3GNT3,0,0,0
36238,Q9NXH9,P50391,1,0.526829268292683,0.4015551148831964,0.4641921915879397,0,,,,,,,0,TRMT1,NPY4R,0,0,0
36239,Q9NXH9,Q9GZX7,1,0.551219512195122,0.4015547307684539,0.4763871214817879,0,,,,,,,0,TRMT1,AICDA,0,0,0
36248,Q9NXH9,P12532,1,0.551219512195122,0.4015547492061689,0.4763871307006454,0,,,,,,,0,TRMT1,CKMT1B,0,0,0
36250,Q9NXH9,Q6ZMJ4,1,0.551219512195122,0.4015548334453191,0.4763871728202206,0,,,,,,,0,TRMT1,IL34,0,0,0
36256,Q9NXH9,A6H8Y1,1,0.5219512195121951,0.4016027857165945,0.4617770026143948,0,,,,,,,0,TRMT1,BDP1,0,0,0
36258,Q9NXH9,Q8NFC6,1,0.5219512195121951,0.4016027943684603,0.4617770069403277,0,,,,,,,0,TRMT1,BOD1L1,0,0,0
36264,Q9NXH9,P10828,1,0.526829268292683,0.4015546489210968,0.4641919586068899,0,,,,,,,0,TRMT1,THRB,0,0,0
36270,Q9NXH9,Q9NU63,1,0.526829268292683,0.4015545785591756,0.4641919234259293,0,,,,,,,0,TRMT1,ZFP57,0,0,0
36271,Q9NXH9,Q6P9G9,1,0.5219512195121951,0.401554736429571,0.4617529779708831,0,,,,,,,0,TRMT1,ZNF449,0,0,0
36273,Q9NXH9,Q8NDC0,1,0.551219512195122,0.4015548194899661,0.476387165842544,0,,,,,,,0,TRMT1,MAPK1IP1L,0,0,0
36280,Q9NXH9,Q9Y606,1,0.551219512195122,0.4015545320530993,0.4763870221241106,0,,,,,,,0,TRMT1,PUS1,0,0,0
36293,Q9NXH9,P07204,1,0.5219512195121951,0.4015546643073831,0.4617529419097891,0,,,,,,,0,TRMT1,THBD,0,0,0
36294,Q9NXH9,Q9HA72,1,0.551219512195122,0.4015548210520164,0.4763871666235691,0,,,,,,,0,TRMT1,CALHM2,0,0,0
36306,Q16651,Q58F21,1,0.5219512195121951,0.4016029146167272,0.4617770670644612,0,,,,,,,0,PRSS8,BRDT,0,0,0
36311,Q9NXH9,Q9BXW7,1,0.551219512195122,0.4015548572798408,0.4763871847374814,0,,,,,,,0,TRMT1,HDHD5,0,0,0
36312,Q9NXH9,Q9NR63,1,0.526829268292683,0.401555512233325,0.4641923902630039,0,,,,,,,0,TRMT1,CYP26B1,0,0,0
36316,Q9NXH9,A9YTQ3,1,0.5219512195121951,0.4015555423357025,0.4617533809239488,0,,,,,,,0,TRMT1,AHRR,0,0,0
36328,Q9NXH9,Q32MK0,1,0.551219512195122,0.4015546400650386,0.4763870761300803,0,,,,,,,0,TRMT1,MYLK3,0,0,0
36334,Q9NXH9,Q8NFZ8,1,0.551219512195122,0.4015546189206908,0.4763870655579064,0,,,,,,,0,TRMT1,CADM4,0,0,0
36335,Q9NXH9,Q16563,1,0.551219512195122,0.401554674354697,0.4763870932749094,0,,,,,,,0,TRMT1,SYPL1,0,0,0
36336,Q9NXH9,Q9UN19,1,0.551219512195122,0.4015547036647909,0.4763871079299564,0,,,,,,,0,TRMT1,DAPP1,0,0,0
36363,Q9NXH9,Q3KPI0,1,0.551219512195122,0.4015546592914038,0.4763870857432629,0,,,,,,,0,TRMT1,CEACAM21,0,0,0
36364,Q9NXH9,Q92187,1,0.526829268292683,0.4015547332645127,0.4641920007785978,0,,,,,,,0,TRMT1,ST8SIA4,0,0,0
36365,Q9NXH9,Q8IU60,1,0.526829268292683,0.401554552991704,0.4641919106421934,0,,,,,,,0,TRMT1,DCP2,0,0,0
36367,Q9NXH9,Q8N465,1,0.7463414634146343,0.4015309052945817,0.573936184354608,0,,,,,,,0,TRMT1,D2HGDH,0,0,0
36376,Q8WWZ8,Q92966,1,0.526829268292683,0.4015546694715767,0.4641919688821298,0,,,,,,,0,OIT3,SNAPC3,0,0,0
36398,Q06546,O75716,1,0.7268292682926829,0.4013078338684161,0.5640685510805495,0,,,,,,,0,GABPA,STK16,0,0,0
36411,Q06546,Q15648,1,0.7853658536585365,0.4016030102053983,0.5934844319319674,0,,,,,,,0,GABPA,MED1,0,0,0
36415,Q06546,P12429,1,0.7268292682926829,0.4013726984356869,0.5641009833641849,0,,,,,,,0,GABPA,ANXA3,0,0,0
36436,Q06546,Q9UI42,1,0.7219512195121951,0.4015222929714268,0.561736756241811,0,,,,,,,0,GABPA,CPA4,0,0,0
36452,Q9BSU3,O75665,1,0.7463414634146343,0.4013059722942115,0.5738237178544229,0,,,,,,,0,NAA11,OFD1,0,0,0
36504,Q659A1,O75665,1,0.7219512195121951,0.4014154006203302,0.5616833100662626,0,,,,,,,0,ICE2,OFD1,0,0,0
36552,Q2MV58,Q15293,1,0.7268292682926829,0.4013224030537265,0.5640758356732047,0,,,,,,,0,TCTN1,RCN1,0,0,0
36553,Q2MV58,Q9UPM9,1,0.7414634146341462,0.4015288502829636,0.5714961324585549,0,,,,,,,0,TCTN1,B9D1,0,0,0
36556,Q16651,Q674X7,1,0.551219512195122,0.4015547524719147,0.4763871323335183,0,,,,,,,0,PRSS8,KAZN,0,0,0
36566,Q2MV58,P60411,1,0.5219512195121951,0.4013069345889832,0.4616290770505892,0,,,,,,,0,TCTN1,KRTAP10-9,0,0,0
36568,Q2MV58,P30101,1,0.7219512195121951,0.4013080716030254,0.5616296455576102,0,,,,,,,0,TCTN1,PDIA3,0,0,0
36576,Q2MV58,Q6NUS6,1,0.7268292682926829,0.4014159333369477,0.5641226008148152,0,,,,,,,0,TCTN1,TCTN3,0,0,0
36588,Q2MV58,Q96AY3,1,0.7219512195121951,0.4014710243858609,0.5617111219490281,0,,,,,,,0,TCTN1,FKBP10,0,0,0
36597,Q96B02,Q9Y577,1,0.7268292682926829,0.4013065854688062,0.5640679268807446,0,,,,,,,0,UBE2W,TRIM17,0,0,0
36600,Q96B02,Q8IWR1,1,0.7268292682926829,0.4013068566156326,0.5640680624541577,0,,,,,,,0,UBE2W,TRIM59,0,0,0
36640,Q99705,Q9Y2E8,1,0.526829268292683,0.4015550238592242,0.4641921460759536,0,,,,,,,0,MCHR1,SLC9A8,0,0,0
36647,Q99705,Q6NUS6,1,0.526829268292683,0.4015550319560358,0.4641921501243594,0,,,,,,,0,MCHR1,TCTN3,0,0,0
36662,A8MYV0,Q9UI47,1,0.551219512195122,0.4015548536577011,0.4763871829264116,0,,,,,,,0,DCDC2C,CTNNA3,0,0,0
36663,A8MYV0,Q8NEN0,1,0.551219512195122,0.4015551234857626,0.4763873178404423,0,,,,,,,0,DCDC2C,ARMC2,0,0,0
36666,A8MYV0,P23327,1,0.526829268292683,0.4015551430198714,0.4641922056562771,0,,,,,,,0,DCDC2C,HRC,0,0,0
36677,A8MYV0,Q8WXA3,1,0.551219512195122,0.401555293041175,0.4763874026181485,0,,,,,,,0,DCDC2C,RUFY2,0,0,0
36751,Q9Y618,P10828,1,0.7268292682926829,0.4013211793623641,0.5640752238275235,0,,,,,,,0,NCOR2,THRB,0,0,0
36832,Q9Y618,Q9H334,1,0.7268292682926829,0.4013067965787851,0.564068032435734,0,,,,,,,0,NCOR2,FOXP1,0,0,0
36854,Q9Y618,P49207,1,0.7268292682926829,0.4013062435616543,0.5640677559271686,0,,,,,,,0,NCOR2,RPL34,0,0,0
36892,Q16651,P50548,1,0.7170731707317073,0.4013239127788334,0.5591985417552703,0,,,,,,,0,PRSS8,ERF,0,0,0
36901,Q16651,Q8IU60,1,0.7219512195121951,0.4010347498353525,0.5614929846737737,0,,,,,,,0,PRSS8,DCP2,0,0,0
36905,Q92966,Q8N2N9,1,0.7804878048780488,0.4014070211015392,0.590947412989794,0,,,,,,,0,SNAPC3,ANKRD36B,0,0,0
36906,O75157,Q6P1L5,1,0.7170731707317073,0.4013239131751229,0.5591985419534151,0,,,,,,,0,TSC22D2,FAM117B,0,0,0
36919,Q9UI47,P12532,1,0.7414634146341462,0.4015297190008747,0.5714965668175105,0,,,,,,,0,CTNNA3,CKMT1B,0,0,0
36929,Q9UI47,Q7Z418,1,0.551219512195122,0.4015548293067448,0.4763871707509334,0,,,,,,,0,CTNNA3,KCNK18,0,0,0
36953,Q8NEN0,Q7Z418,1,0.551219512195122,0.4015549619489814,0.4763872370720516,0,,,,,,,0,ARMC2,KCNK18,0,0,0
36973,A6NP11,Q9P2M7,1,0.5219512195121951,0.4016030504512561,0.4617771349817256,0,,,,,,,0,ZNF716,CGN,0,0,0
36978,Q32NC0,P51608,1,0.7804878048780488,0.401557773017598,0.5910227889478235,0,,,,,,,0,C18orf21,MECP2,0,0,0
37002,Q6ZNL6,P12532,1,0.7268292682926829,0.4013215010621556,0.5640753846774192,0,,,,,,,0,FGD5,CKMT1B,0,0,0
37032,Q6ZNL6,Q9Y6Q2,1,0.5219512195121951,0.4016029156433435,0.4617770675777693,0,,,,,,,0,FGD5,STON1,0,0,0
37042,Q6ZNL6,O43463,1,0.8243902439024391,0.4015303695474624,0.6129603067249507,0,,Q6ZNL6,O43463,"psi-mi:""MI:0007""(anti tag coimmunoprecipitation)",taxid:9606(Homo sapiens),2.0,1,FGD5,SUV39H1,0,0,0
37096,P43121,Q9H2S6,1,0.526829268292683,0.4015552141737754,0.4641922412332291,0,,,,,,,0,MCAM,TNMD,0,0,0
37098,P43121,P60411,1,0.5219512195121951,0.4013068182526886,0.4616290188824419,0,,,,,,,0,MCAM,KRTAP10-9,0,0,0
37102,P43121,Q8NDV3,1,0.5219512195121951,0.401602919608882,0.4617770695605385,0,,,,,,,0,MCAM,SMC1B,0,0,0
37108,P43121,P49888,1,0.526829268292683,0.4015551509037972,0.46419220959824,0,,,,,,,0,MCAM,SULT1E1,0,0,0
37117,Q6P996,Q99788,1,0.7317073170731707,0.4013223089096431,0.5665148129914069,0,,,,,,,0,PDXDC1,CMKLR1,0,0,0
37118,Q6P996,Q9P2W7,1,0.7414634146341462,0.401518492069186,0.5714909533516661,0,,,,,,,0,PDXDC1,B3GAT1,0,0,0
37119,Q6P996,Q15643,1,0.526829268292683,0.4015549019459199,0.4641920851193014,0,,,,,,,0,PDXDC1,TRIP11,0,0,0
37120,Q6P996,O95994,1,0.7268292682926829,0.401306968332241,0.564068118312462,0,,,,,,,0,PDXDC1,AGR2,0,0,0
37123,P40121,Q969X2,1,0.7219512195121951,0.4013595555209093,0.5616553875165522,0,,,,,,,0,CAPG,ST6GALNAC6,0,0,0
37124,P40121,Q15003,1,0.8195121951219512,0.4015406834680737,0.6105264392950125,0,,,,,,,0,CAPG,NCAPH,0,0,0
37129,Q9H2S6,P36957,1,0.8292682926829269,0.4013856901140333,0.6153269913984801,0,,,,,,,0,TNMD,DLST,0,0,0
37131,Q8N9B8,A6H8Y1,1,0.526829268292683,0.4016030653588266,0.4642161668257548,0,,,,,,,0,RASGEF1A,BDP1,0,0,0
37132,Q8N9B8,Q8NFC6,1,0.5219512195121951,0.4016030362999186,0.4617771279060568,0,,,,,,,0,RASGEF1A,BOD1L1,0,0,0
37137,Q8TF50,Q14005,1,0.7317073170731707,0.4013217536977295,0.5665145353854502,0,,,,,,,0,ZNF526,IL16,0,0,0
37142,Q96AN5,Q8N6G5,1,0.7804878048780488,0.4011449950175165,0.5908163999477827,0,,,,,,,0,TMEM143,CSGALNACT2,0,0,0
37147,Q96AN5,Q9H313,1,0.8,0.4010989439726072,0.6005494719863036,0,,,,,,,0,TMEM143,TTYH1,0,0,0
37160,P18858,Q15643,1,0.551219512195122,0.4016331259920578,0.4764263190935899,0,,,,,,,0,LIG1,TRIP11,0,0,0
37166,P18858,P49959,1,0.7219512195121951,0.4014429656285272,0.5616970925703612,0,,,,,,,0,LIG1,MRE11,0,0,0
37179,P18858,Q8WV41,1,0.526829268292683,0.4016331354659846,0.4642312018793337,0,,,,,,,0,LIG1,SNX33,0,0,0
37182,Q15293,O75665,1,0.751219512195122,0.4012008514843845,0.5762101818397533,0,,,,,,,0,RCN1,OFD1,0,0,0
37184,Q15293,A6H8Y1,1,0.526829268292683,0.4016812768840083,0.4642552725883456,0,,,,,,,0,RCN1,BDP1,0,0,0
37185,Q15293,Q8NFC6,1,0.526829268292683,0.4016812552644327,0.4642552617785578,0,,,,,,,0,RCN1,BOD1L1,0,0,0
37201,Q15293,O94989,1,0.7463414634146343,0.4016731516049028,0.5740073075097685,0,,,,,,,0,RCN1,ARHGEF15,0,0,0
37202,Q15293,Q6NUS6,1,0.7414634146341462,0.4016528678833341,0.5715581412587402,0,,,,,,,0,RCN1,TCTN3,0,0,0
37207,Q15293,Q9NR63,1,0.526829268292683,0.4015555405150128,0.4641924044038479,0,,,,,,,0,RCN1,CYP26B1,0,0,0
37209,Q15293,A9YTQ3,1,0.526829268292683,0.4016330529852841,0.4642311606389835,0,,,,,,,0,RCN1,AHRR,0,0,0
37212,Q15293,Q32MK0,1,0.526829268292683,0.4016330643268821,0.4642311663097825,0,,,,,,,0,RCN1,MYLK3,0,0,0
37216,Q9UPM9,P30613,1,0.526829268292683,0.4016331377709207,0.4642312030318018,0,,,,,,,0,B9D1,PKLR,0,0,0
37243,Q96NU1,A0A0B4J1V7,1,0.551219512195122,0.4015548509233563,0.4763871815592391,0,,,,,,,0,SAMD11,IGHV7-81,0,0,0
37247,Q96NU1,P31941,1,0.551219512195122,0.4015546954394263,0.4763871038172741,0,,,,,,,0,SAMD11,APOBEC3A,0,0,0
37272,Q96NU1,Q9H0C1,1,0.7317073170731707,0.4013221675026312,0.566514742287901,0,,,,,,,0,SAMD11,ZMYND12,0,0,0
37278,Q96NU1,Q8N0U2,1,0.551219512195122,0.4015546598220457,0.4763870860085838,0,,,,,,,0,SAMD11,TMEM61,0,0,0
37287,Q96NU1,Q96M83,1,0.5219512195121951,0.4016030411300016,0.4617771303210983,0,,,,,,,0,SAMD11,CCDC7,0,0,0
37290,Q96NU1,A0A0B4J1U4,1,0.551219512195122,0.4015546871084631,0.4763870996517925,0,,,,,,,0,SAMD11,TRGV5,0,0,0
37299,A0A075B6T7,Q6P1L5,1,0.551219512195122,0.4015553299763557,0.4763874210857388,0,,,,,,,0,TRAV6,FAM117B,0,0,0
37387,Q9BYW1,P47804,1,0.5219512195121951,0.4015549140289795,0.4617530667705873,0,,,,,,,0,SLC2A11,RGR,0,0,0
37403,Q9BYW1,Q9Y4R8,1,0.551219512195122,0.4016329807009319,0.4764262464480269,0,,,,,,,0,SLC2A11,TELO2,0,0,0
37410,Q9Y2A9,Q8N6G5,1,0.7219512195121951,0.4010344166929837,0.5614928181025893,0,,,,,,,0,B3GNT3,CSGALNACT2,0,0,0
37412,Q9Y2A9,Q8NFC6,1,0.526829268292683,0.4016813643374041,0.4642553163150435,0,,,,,,,0,B3GNT3,BOD1L1,0,0,0
37420,Q9Y2A9,Q6NXT4,1,0.7268292682926829,0.4014568963119495,0.5641430823023161,0,,,,,,,0,B3GNT3,SLC30A6,0,0,0
37426,P50391,A6H8Y1,1,0.526829268292683,0.4016812175620712,0.4642552429273771,0,,,,,,,0,NPY4R,BDP1,0,0,0
37427,P50391,Q8NFC6,1,0.526829268292683,0.4016811838830375,0.4642552260878602,0,,,,,,,0,NPY4R,BOD1L1,0,0,0
37435,P50391,Q32MK0,1,0.551219512195122,0.4016333023841894,0.4764264072896557,0,,,,,,,0,NPY4R,MYLK3,0,0,0
37440,Q9GZX7,A6H8Y1,1,0.526829268292683,0.4016814084874375,0.4642553383900602,0,,,,,,,0,AICDA,BDP1,0,0,0
37441,Q9GZX7,Q8NFC6,1,0.526829268292683,0.4016811600696822,0.4642552141811825,0,,,,,,,0,AICDA,BOD1L1,0,0,0
37442,Q9GZX7,Q5H9J9,1,0.5219512195121951,0.4016330556528641,0.4617921375825296,0,,,,,,,0,AICDA,TCP11X2,0,0,0
37443,Q9GZX7,Q5VWK0,1,0.5365853658536585,0.4016330603364181,0.4691092130950383,0,,,,,,,0,AICDA,NBPF6,0,0,0
37445,Q9GZX7,P52272,1,0.7219512195121951,0.4014580639001702,0.5617046417061826,0,,,,,,,0,AICDA,HNRNPM,0,0,0
37446,Q9GZX7,Q9UBT2,1,0.5219512195121951,0.4016331115046676,0.4617921655084314,0,,,,,,,0,AICDA,UBA2,0,0,0
37451,Q9GZX7,A9YTQ3,1,0.551219512195122,0.4015547200671109,0.4763871161311164,0,,,,,,,0,AICDA,AHRR,0,0,0
37453,Q9GZX7,Q9UKF6,1,0.7268292682926829,0.4013221547467712,0.564075711519727,0,,,,,,,0,AICDA,CPSF3,0,0,0
37472,Q9GZX7,Q92187,1,0.5219512195121951,0.401554843685753,0.4617530315989741,0,,,,,,,0,AICDA,ST8SIA4,0,0,0
37475,A0A0B4J1V7,O75716,1,0.5365853658536585,0.4015554603577723,0.4690704131057154,0,,,,,,,0,IGHV7-81,STK16,0,0,0
37492,A6NP11,Q96SR6,1,0.551219512195122,0.4015548694053786,0.4763871908002502,0,,,,,,,0,ZNF716,ZNF382,0,0,0
37528,A0A0B4J1V7,Q8N0U2,1,0.5365853658536585,0.4015559682137548,0.4690706670337066,0,,,,,,,0,IGHV7-81,TMEM61,0,0,0
37531,A0A0B4J1V7,A6NDN3,1,0.551219512195122,0.4015547653574478,0.4763871387762849,0,,,,,,,0,IGHV7-81,GOLGA6B,0,0,0
37535,A0A0B4J1V7,Q8IYV9,1,0.551219512195122,0.401555096374015,0.4763873042845685,0,,,,,,,0,IGHV7-81,IZUMO1,0,0,0
37559,Q17R89,Q6ZT21,1,0.551219512195122,0.4015549965770293,0.4763872543860756,0,,,,,,,0,ARHGAP44,TMPPE,0,0,0
37580,Q17R89,Q96G74,1,0.551219512195122,0.4015550197556287,0.4763872659753753,0,,,,,,,0,ARHGAP44,OTUD5,0,0,0
37613,Q17R89,Q68DY9,1,0.551219512195122,0.4015548542050929,0.4763871832001074,0,,,,,,,0,ARHGAP44,ZNF772,0,0,0
37614,Q17R89,Q9UK13,1,0.526829268292683,0.4015551575753094,0.4641922129339961,0,,,,,,,0,ARHGAP44,ZNF221,0,0,0
37620,Q17R89,Q15648,1,0.5219512195121951,0.401602867316785,0.4617770434144901,0,,,,,,,0,ARHGAP44,MED1,0,0,0
37625,Q17R89,A0A1B0GVH7,1,0.526829268292683,0.4015547951654206,0.4641920317290517,0,,,,,,,0,ARHGAP44,IQCM,0,0,0
37626,Q17R89,P49888,1,0.551219512195122,0.4015547007150935,0.4763871064551077,0,,,,,,,0,ARHGAP44,SULT1E1,0,0,0
37629,Q17R89,Q969I3,1,0.551219512195122,0.4015546335283111,0.4763870728617165,0,,,,,,,0,ARHGAP44,GLYATL1,0,0,0
37659,Q17R89,Q9Y2G2,1,0.551219512195122,0.4015546550461917,0.4763870836206568,0,,,,,,,0,ARHGAP44,CARD8,0,0,0
37694,Q17R89,Q5VUY2,1,0.551219512195122,0.4015547784861156,0.4763871453406187,0,,,,,,,0,ARHGAP44,AADACL4,0,0,0
37714,Q17R89,Q5JNZ3,1,0.526829268292683,0.4015552969158739,0.4641922826042784,0,,,,,,,0,ARHGAP44,ZNF311,0,0,0
37721,Q17R89,Q13946,1,0.551219512195122,0.4015547669753562,0.4763871395852391,0,,,,,,,0,ARHGAP44,PDE7A,0,0,0
37736,Q6ZT21,Q96G74,1,0.551219512195122,0.4015570788632238,0.4763882955291729,0,,,,,,,0,TMPPE,OTUD5,0,0,0
37751,Q6ZT21,Q8NDV3,1,0.526829268292683,0.4016028973601623,0.4642160828264226,0,,,,,,,0,TMPPE,SMC1B,0,0,0
37762,Q6ZT21,Q9UK13,1,0.5219512195121951,0.4015556235655694,0.4617534215388822,0,,,,,,,0,TMPPE,ZNF221,0,0,0
37768,Q6ZT21,Q15648,1,0.526829268292683,0.4016029698646647,0.4642161190786738,0,,,,,,,0,TMPPE,MED1,0,0,0
37769,Q6ZT21,Q9NY72,1,0.7268292682926829,0.4013065509960958,0.5640679096443894,0,,,,,,,0,TMPPE,SCN3B,0,0,0
37772,Q6ZT21,P49888,1,0.5219512195121951,0.4015557908560509,0.461753505184123,0,,,,,,,0,TMPPE,SULT1E1,0,0,0
37774,Q6ZT21,Q969I3,1,0.5219512195121951,0.4015556774492659,0.4617534484807305,0,,,,,,,0,TMPPE,GLYATL1,0,0,0
37782,Q6ZT21,P07204,1,0.5219512195121951,0.4013076748182234,0.4616294471652092,0,,,,,,,0,TMPPE,THBD,0,0,0
37786,Q6ZT21,O00322,1,0.7707317073170732,0.4013181455041593,0.5860249264106162,0,,,,,,,0,TMPPE,UPK1A,0,0,0
37790,Q6P1L5,Q8NHV4,1,0.7219512195121951,0.4010341714463943,0.5614926954792947,0,,,,,,,0,FAM117B,NEDD1,0,0,0
37796,Q6P1L5,A0A0B4J245,1,0.526829268292683,0.4015554981675527,0.4641923832301178,0,,,,,,,0,FAM117B,TRAV12-1,0,0,0
37806,Q6P1L5,Q13148,1,0.8341463414634146,0.4013072461366962,0.6177267938000555,0,,,,,,,0,FAM117B,TARDBP,0,0,0
37808,Q6P1L5,O95994,1,0.7463414634146343,0.4015311592629488,0.5739363113387915,0,,,,,,,0,FAM117B,AGR2,0,0,0
37810,Q6P1L5,A0A286YF18,1,0.526829268292683,0.4015553907859747,0.4641923295393288,0,,,,,,,0,FAM117B,SMIM44,0,0,0
37815,O43313,Q16586,1,0.5365853658536585,0.4015553254861896,0.469070345669924,0,,,,,,,0,ATMIN,SGCA,0,0,0
37817,O43313,A0A096LP01,1,0.526829268292683,0.4015551203501954,0.4641921943214392,0,,,,,,,0,ATMIN,SMIM26,0,0,0
37819,O43313,Q9UNN4,1,0.526829268292683,0.401555350835519,0.4641923095641009,0,,,,,,,0,ATMIN,GTF2A1L,0,0,0
37823,O75716,P60411,1,0.7268292682926829,0.4014154414025612,0.5641223548476221,0,,,,,,,0,STK16,KRTAP10-9,0,0,0
37839,O75716,O95994,1,0.7219512195121951,0.4013079651750936,0.5616295923436443,0,,,,,,,0,STK16,AGR2,0,0,0
37844,O75716,Q96M83,1,0.526829268292683,0.4016029806107409,0.4642161244517119,0,,,,,,,0,STK16,CCDC7,0,0,0
37872,Q8N6G5,Q8IWR1,1,0.7268292682926829,0.4013076683061053,0.5640684682993942,0,,,,,,,0,CSGALNACT2,TRIM59,0,0,0
37883,Q8N6G5,Q6NXT4,1,0.7268292682926829,0.4013077149448227,0.5640684916187528,0,,,,,,,0,CSGALNACT2,SLC30A6,0,0,0
37899,Q9BYQ4,P60411,1,0.7219512195121951,0.4010363827825818,0.5614938011473884,0,,Q9BYQ4,P60411,"psi-mi:""MI:0231""(mammalian protein protein interaction trap)",taxid:9606(Homo sapiens),2.0,1,KRTAP9-2,KRTAP10-9,0,0,0
37900,Q9BYQ4,A8MV65,1,0.7219512195121951,0.4013744415121147,0.5616628305121549,0,,,,,,,0,KRTAP9-2,VGLL3,0,0,0
37901,Q9BYQ4,Q92570,1,0.7268292682926829,0.4013078764898458,0.5640685723912644,0,,,,,,,0,KRTAP9-2,NR4A3,0,0,0
37902,Q9BYQ4,Q13148,1,0.8292682926829269,0.401309428501789,0.615288860592358,0,,,,,,,0,KRTAP9-2,TARDBP,0,0,0
37909,Q86TY3,Q9UJJ7,1,0.551219512195122,0.4015546246424474,0.4763870684187847,0,,,,,,,0,ARMH4,RPUSD1,0,0,0
37934,P23327,Q7Z418,1,0.551219512195122,0.4015554587428478,0.4763874854689849,0,,,,,,,0,HRC,KCNK18,0,0,0
37954,P30613,Q96G74,1,0.7268292682926829,0.4019499413724502,0.5643896048325665,0,,,,,,,0,PKLR,OTUD5,0,0,0
37955,P30613,P60411,1,0.5219512195121951,0.401306543477563,0.4616288814948791,0,,,,,,,0,PKLR,KRTAP10-9,0,0,0
37964,P30613,Q9NY72,1,0.551219512195122,0.4015545977008941,0.476387054948008,0,,,,,,,0,PKLR,SCN3B,0,0,0
37965,P30613,Q6UWI4,1,0.551219512195122,0.4015546750061678,0.4763870936006449,0,,,,,,,0,PKLR,SHISA2,0,0,0
37968,P30613,H3BNL1,1,0.551219512195122,0.4015545704872023,0.4763870413411621,0,,,,,,,0,PKLR,C3orf84,0,0,0
37970,Q86TY3,P51580,1,0.551219512195122,0.40155459688468,0.476387054539901,0,,,,,,,0,ARMH4,TPMT,0,0,0
37977,P30613,Q86UN6,1,0.551219512195122,0.4015546602061031,0.4763870862006125,0,,,,,,,0,PKLR,AKAP14,0,0,0
37980,P30613,Q8NEP3,1,0.526829268292683,0.4015548660487204,0.4641920671707017,0,,,,,,,0,PKLR,DNAAF1,0,0,0
37991,P30613,P79483,1,0.526829268292683,0.4015546862821125,0.4641919772873977,0,,,,,,,0,PKLR,HLA-DRB3,0,0,0
37995,P30613,Q8NGH8,1,0.551219512195122,0.4015553500764812,0.4763874311358016,0,,,,,,,0,PKLR,OR56A4,0,0,0
38010,Q8NGA1,O43567,1,0.526829268292683,0.4016339349191337,0.4642316016059083,0,,,,,,,0,OR1M1,RNF13,0,0,0
38012,Q86TY3,P01824,1,0.551219512195122,0.4015546457957205,0.4763870789954212,0,,,,,,,0,ARMH4,IGHV4-39,0,0,0
38045,Q86TY3,O95772,1,0.551219512195122,0.4015547389241309,0.4763871255596265,0,,,,,,,0,ARMH4,STARD3NL,0,0,0
38062,Q8NGA1,Q96BR5,1,0.526829268292683,0.4015563936859712,0.464192830989327,0,,,,,,,0,OR1M1,COA7,0,0,0
38114,Q9Y467,Q5VYY1,1,0.551219512195122,0.4015546856547047,0.4763870989249134,0,,,,,,,0,SALL2,ANKRD22,0,0,0
38143,Q9Y467,Q6UWW0,1,0.551219512195122,0.4015546352199973,0.4763870737075596,0,,,,,,,0,SALL2,LCN15,0,0,0
38176,Q9Y467,Q9NW07,1,0.551219512195122,0.4015548750884061,0.4763871936417641,0,,,,,,,0,SALL2,ZNF358,0,0,0
38178,Q9Y467,Q9Y2G2,1,0.7268292682926829,0.4013065836047658,0.5640679259487243,0,,,,,,,0,SALL2,CARD8,0,0,0
38182,Q9Y467,P60763,1,0.551219512195122,0.4015548122499138,0.4763871622225178,0,,,,,,,0,SALL2,RAC3,0,0,0
38184,Q9Y467,O95994,1,0.551219512195122,0.4015549293387634,0.4763872207669427,0,,,,,,,0,SALL2,AGR2,0,0,0
38190,Q9Y467,Q12972,1,0.551219512195122,0.4015548015144791,0.4763871568548005,0,,,,,,,0,SALL2,PPP1R8,0,0,0
38209,P31941,Q96M83,1,0.5219512195121951,0.4016028961374552,0.4617770578248251,0,,,,,,,0,APOBEC3A,CCDC7,0,0,0
38225,O75503,Q8WZA2,1,0.5219512195121951,0.4016032009789823,0.4617772102455887,0,,,,,,,0,CLN5,RAPGEF4,0,0,0
38243,O75503,Q13148,1,0.7268292682926829,0.4017441245745793,0.564286696433631,0,,,,,,,0,CLN5,TARDBP,0,0,0
38250,O75503,P12235,1,0.7219512195121951,0.401496563075085,0.5617238912936401,0,,,,,,,0,CLN5,SLC25A4,0,0,0
38271,Q8NHV4,O75665,1,0.7853658536585365,0.4016038253693585,0.5934848395139475,0,,,,,,,0,NEDD1,OFD1,0,0,0
38276,Q8NHV4,Q8TES7,1,0.775609756097561,0.4014071445634112,0.588508450330486,0,,,,,,,0,NEDD1,FBF1,0,0,0
38281,Q8NHV4,Q96KQ4,1,0.7268292682926829,0.4013064583079576,0.5640678633003202,0,,,,,,,0,NEDD1,PPP1R13B,0,0,0
38282,Q8NHV4,P39023,1,0.7853658536585365,0.4015557271688206,0.5934607904136786,0,,,,,,,0,NEDD1,RPL3,0,0,0
38300,P54278,P62714,1,0.8048780487804879,0.4013214846705384,0.6030997667255131,0,,,,,,,0,PMS2,PPP2CB,0,0,0
38312,Q9Y6F1,Q14005,1,0.551219512195122,0.4015548644704952,0.4763871883328086,0,,,,,,,0,PARP3,IL16,0,0,0
38342,P20827,Q8NGH8,1,0.5365853658536585,0.4015562788780258,0.4690708223658421,0,,,,,,,0,EFNA1,OR56A4,0,0,0
38349,P12532,A6H8Y1,1,0.526829268292683,0.4016030924908178,0.4642161803917504,0,,,,,,,0,CKMT1B,BDP1,0,0,0
38350,P12532,Q8NFC6,1,0.526829268292683,0.4016031243834336,0.4642161963380583,0,,,,,,,0,CKMT1B,BOD1L1,0,0,0
38353,Q86TY3,A0A0B4J1V7,1,0.526829268292683,0.4015549726518322,0.4641921204722575,0,,,,,,,0,ARMH4,IGHV7-81,0,0,0
38355,P12532,O94989,1,0.7414634146341462,0.4013071785108742,0.5713852965725102,0,,,,,,,0,CKMT1B,ARHGEF15,0,0,0
38366,Q8N468,Q14005,1,0.551219512195122,0.4015550372656005,0.4763872747303612,0,,,,,,,0,MFSD4A,IL16,0,0,0
38374,Q8N468,Q8WU79,1,0.7414634146341462,0.4012571985150643,0.5713603065746052,0,,,,,,,0,MFSD4A,SMAP2,0,0,0
38428,O00203,P84085,1,0.7219512195121951,0.4013218090402682,0.5616365142762316,0,,,,,,,0,AP3B1,ARF5,0,0,0
38437,O00203,Q86V59,1,0.7463414634146343,0.4015384384603052,0.5739399509374697,0,,,,,,,0,AP3B1,PNMA8A,0,0,0
38441,O00203,Q6XPS3,1,0.7365853658536585,0.401517602718903,0.5690514842862808,0,,,,,,,0,AP3B1,TPTE2,0,0,0
38452,O00203,Q96L92,1,0.5365853658536585,0.4015550020121067,0.4690701839328826,0,,,,,,,0,AP3B1,SNX27,0,0,0
38457,O00203,O95994,1,0.7268292682926829,0.4013216349812715,0.5640754516369773,0,,,,,,,0,AP3B1,AGR2,0,0,0
38465,O00203,Q5VSY0,1,0.7268292682926829,0.4013069621395143,0.5640681152160986,0,,,,,,,0,AP3B1,GKAP1,0,0,0
38469,O00203,Q8NCB2,1,0.7463414634146343,0.4013068712005903,0.5738241673076123,0,,,,,,,0,AP3B1,CAMKV,0,0,0
38481,P13385,Q8IVV7,1,0.7268292682926829,0.4013066847424401,0.5640679765175615,1,0.287396937573616,,,,,,0,TDGF1,GID4,0,0,0
38524,P58417,Q14005,1,0.551219512195122,0.4015546644895629,0.4763870883423424,0,,,,,,,0,NXPH1,IL16,0,0,0
38530,P58417,Q9P2N2,1,0.526829268292683,0.4015548198374894,0.4641920440650862,0,,,,,,,0,NXPH1,ARHGAP28,0,0,0
38534,Q86TY3,Q8N0U2,1,0.551219512195122,0.4015548051877857,0.4763871586914538,0,,,,,,,0,ARMH4,TMEM61,0,0,0
38555,O75665,P30101,1,0.775609756097561,0.4014068972657632,0.5885083266816621,0,,,,,,,0,OFD1,PDIA3,0,0,0
38556,O75665,Q8TES7,1,0.7365853658536585,0.4012677675486665,0.5689265667011625,0,,,,,,,0,OFD1,FBF1,0,0,0
38563,O75665,Q9UBT2,1,0.7317073170731707,0.4015311228548101,0.5666192199639903,0,,,,,,,0,OFD1,UBA2,0,0,0
38564,O75665,Q6XPS3,1,0.7317073170731707,0.4013218326466737,0.5665145748599222,0,,,,,,,0,OFD1,TPTE2,0,0,0
38566,O75665,P39023,1,0.5219512195121951,0.4016032573946749,0.461777238453435,0,,,,,,,0,OFD1,RPL3,0,0,0
38569,Q86TY3,Q96M83,1,0.5219512195121951,0.4016030710075116,0.4617771452598533,0,,,,,,,0,ARMH4,CCDC7,0,0,0
38572,O75665,P49959,1,0.7414634146341462,0.4014441374019688,0.5714537760180576,0,,,,,,,0,OFD1,MRE11,0,0,0
38574,O75665,Q969Q6,1,0.7170731707317073,0.4013230995823761,0.5591981351570416,0,,,,,,,0,OFD1,PPP2R3C,0,0,0
38584,Q86TY3,A0A0B4J1U4,1,0.551219512195122,0.4015550053793946,0.4763872587872583,0,,,,,,,0,ARMH4,TRGV5,0,0,0
38586,O75665,Q15276,1,0.7853658536585365,0.401415600498906,0.5933907270787213,0,,,,,,,0,OFD1,RABEP1,0,0,0
38591,Q6ZMJ4,Q9NU63,1,0.5365853658536585,0.4015555435256878,0.4690704546896731,0,,,,,,,0,IL34,ZFP57,0,0,0
38593,Q6ZMJ4,Q6P9G9,1,0.551219512195122,0.4015551864738196,0.4763873493344708,0,,,,,,,0,IL34,ZNF449,0,0,0
38603,Q6ZMJ4,P07204,1,0.526829268292683,0.4015554143905628,0.4641923413416229,0,,,,,,,0,IL34,THBD,0,0,0
38607,Q6ZMJ4,A9YTQ3,1,0.551219512195122,0.4015552815133396,0.4763873968542308,0,,,,,,,0,IL34,AHRR,0,0,0
38612,Q6ZMJ4,Q32MK0,1,0.551219512195122,0.4015550868126943,0.4763872995039081,0,,,,,,,0,IL34,MYLK3,0,0,0
38623,A0A1B0GUW6,P53420,1,0.526829268292683,0.4015552697477508,0.4641922690202169,0,,,,,,,0,SPEM3,COL4A4,0,0,0
38753,Q9Y577,P49756,1,0.5219512195121951,0.4015551343242425,0.4617531769182188,0,,,,,,,0,TRIM17,RBM25,0,0,0
38817,O15056,O43895,1,0.551219512195122,0.4015547397422612,0.4763871259686916,0,,,,,,,0,SYNJ2,XPNPEP2,0,0,0
39034,Q9HBW0,Q9H6H4,1,0.5365853658536585,0.4016357828832332,0.4691105743684458,0,,,,,,,0,LPAR2,REEP4,0,0,0
39041,Q9HBW0,P49756,1,0.551219512195122,0.401633359120614,0.476426435657868,0,,,,,,,0,LPAR2,RBM25,0,0,0
39042,Q9HBW0,Q8N465,1,0.526829268292683,0.4016343106877631,0.464231789490223,0,,,,,,,0,LPAR2,D2HGDH,0,0,0
39120,Q9H346,Q8IXK0,1,0.551219512195122,0.4016333395752955,0.4764264258852088,0,,,,,,,0,OR52D1,PHC2,0,0,0
39167,Q96G74,P21580,1,0.7268292682926829,0.4013073820258546,0.5640683251592687,0,,,,,,,0,OTUD5,TNFAIP3,0,0,0
39168,Q96G74,Q8NDV3,1,0.5219512195121951,0.4016031521413989,0.461777185826797,0,,,,,,,0,OTUD5,SMC1B,0,0,0
39177,P00390,P53602,1,0.7268292682926829,0.4013247617693766,0.5640770150310297,0,,,,,,,0,GSR,MVD,0,0,0
39183,A6H8Y1,Q8IWR1,1,0.526829268292683,0.4016028947258143,0.4642160815092486,0,,,,,,,0,BDP1,TRIM59,0,0,0
39185,A6H8Y1,P10828,1,0.526829268292683,0.4016029167376095,0.4642160925151462,0,,,,,,,0,BDP1,THRB,0,0,0
39188,A6H8Y1,Q5H9J9,1,0.526829268292683,0.4016029770619189,0.4642161226773009,0,,,,,,,0,BDP1,TCP11X2,0,0,0
39189,A6H8Y1,Q9NU63,1,0.526829268292683,0.4016028965238151,0.464216082408249,0,,,,,,,0,BDP1,ZFP57,0,0,0
39190,A6H8Y1,Q5VWK0,1,0.5219512195121951,0.4016029556415161,0.4617770875768556,0,,,,,,,0,BDP1,NBPF6,0,0,0
39192,A6H8Y1,Q6P9G9,1,0.526829268292683,0.4016029163726846,0.4642160923326838,0,,,,,,,0,BDP1,ZNF449,0,0,0
39193,A6H8Y1,Q8NDC0,1,0.526829268292683,0.4016029535172686,0.4642161109049758,0,,,,,,,0,BDP1,MAPK1IP1L,0,0,0
39199,A6H8Y1,Q9Y606,1,0.526829268292683,0.401602848696622,0.4642160584946525,0,,,,,,,0,BDP1,PUS1,0,0,0
39218,A6H8Y1,P07204,1,0.526829268292683,0.401602865751175,0.4642160670219289,0,,,,,,,0,BDP1,THBD,0,0,0
39219,A6H8Y1,Q9HA72,1,0.526829268292683,0.4016028981653569,0.4642160832290199,0,,,,,,,0,BDP1,CALHM2,0,0,0
39228,A6H8Y1,Q9H0C1,1,0.551219512195122,0.4015546967740003,0.4763871044845611,0,,,,,,,0,BDP1,ZMYND12,0,0,0
39234,A6H8Y1,Q9BXW7,1,0.526829268292683,0.4016030749557018,0.4642161716241924,0,,,,,,,0,BDP1,HDHD5,0,0,0
39236,A6H8Y1,Q9NR63,1,0.526829268292683,0.401603129253948,0.4642161987733154,0,,,,,,,0,BDP1,CYP26B1,0,0,0
39237,A6H8Y1,A9YTQ3,1,0.5219512195121951,0.4016030066267044,0.4617771130694498,0,,,,,,,0,BDP1,AHRR,0,0,0
39253,O43353,P63279,1,0.7268292682926829,0.4013063404686641,0.5640678043806735,0,,,,,,,0,RIPK2,UBE2I,0,0,0
39257,A6H8Y1,Q8NFZ8,1,0.526829268292683,0.401603103043309,0.4642161856679959,0,,,,,,,0,BDP1,CADM4,0,0,0
39260,A6H8Y1,Q16563,1,0.526829268292683,0.4016030642822598,0.4642161662874713,0,,,,,,,0,BDP1,SYPL1,0,0,0
39275,A6H8Y1,Q3KPI0,1,0.526829268292683,0.4016030047791437,0.4642161365359133,0,,,,,,,0,BDP1,CEACAM21,0,0,0
39280,A6H8Y1,Q92187,1,0.526829268292683,0.4016029352030349,0.4642161017478589,0,,,,,,,0,BDP1,ST8SIA4,0,0,0
39283,A6H8Y1,Q8IU60,1,0.526829268292683,0.4016028424755189,0.4642160553841009,0,,,,,,,0,BDP1,DCP2,0,0,0
39299,Q8IVV7,P13727,1,0.775609756097561,0.4011342928668799,0.5883720244822205,0,,,,,,,0,GID4,PRG2,0,0,0
39311,P53420,P52272,1,0.7268292682926829,0.4013073718619439,0.5640683200773133,0,,P53420,P52272,"psi-mi:""MI:0030""(cross-linking study)",taxid:9606(Homo sapiens),2.0,1,COL4A4,HNRNPM,0,0,0
39330,P53420,Q9Y620,1,0.526829268292683,0.4015551092543992,0.464192188773541,0,,,,,,,0,COL4A4,RAD54B,0,0,0
39355,P60411,A8MV65,1,0.7268292682926829,0.4014950143195342,0.5641621413061085,0,,,,,,,0,KRTAP10-9,VGLL3,0,0,0
39357,P60411,Q494V2,1,0.5219512195121951,0.4013066662215093,0.4616289428668522,0,,,,,,,0,KRTAP10-9,CFAP100,0,0,0
39364,P60411,Q6NUS6,1,0.5219512195121951,0.4013069338833094,0.4616290766977522,0,,,,,,,0,KRTAP10-9,TCTN3,0,0,0
39381,Q9ULV4,P30101,1,0.7219512195121951,0.4014181230985614,0.5616846713053782,0,,,,,,,0,CORO1C,PDIA3,0,0,0
39382,Q9ULV4,P36957,1,0.7219512195121951,0.4017673078127415,0.5618592636624683,0,,,,,,,0,CORO1C,DLST,0,0,0
39384,Q9ULV4,P10515,1,0.7804878048780488,0.4015569831032441,0.5910223939906465,0,,,,,,,0,CORO1C,DLAT,0,0,0
39387,Q9ULV4,O95994,1,0.7219512195121951,0.4013093818860434,0.5616303006991192,0,,,,,,,0,CORO1C,AGR2,0,0,0
39392,Q8NFC6,Q8IWR1,1,0.526829268292683,0.401602903479486,0.4642160858860845,0,,,,,,,0,BOD1L1,TRIM59,0,0,0
39394,Q8NFC6,P10828,1,0.5219512195121951,0.4016028585078988,0.4617770390100469,0,,,,,,,0,BOD1L1,THRB,0,0,0
39398,Q8NFC6,Q5H9J9,1,0.5219512195121951,0.4016029025014713,0.4617770610068332,0,,,,,,,0,BOD1L1,TCP11X2,0,0,0
39399,Q8NFC6,Q9NU63,1,0.5219512195121951,0.4016028467603427,0.4617770331362689,0,,,,,,,0,BOD1L1,ZFP57,0,0,0
39400,Q8NFC6,Q5VWK0,1,0.5219512195121951,0.4016028814258023,0.4617770504689987,0,,,,,,,0,BOD1L1,NBPF6,0,0,0
39402,Q8NFC6,Q6P9G9,1,0.5219512195121951,0.4016028535643036,0.4617770365382493,0,,,,,,,0,BOD1L1,ZNF449,0,0,0
39404,Q8NFC6,Q8NDC0,1,0.526829268292683,0.4016030681604243,0.4642161682265536,0,,,,,,,0,BOD1L1,MAPK1IP1L,0,0,0
39407,Q8NFC6,Q9NQV8,1,0.526829268292683,0.4016029073836132,0.464216087838148,0,,,,,,,0,BOD1L1,PRDM8,0,0,0
39411,Q8NFC6,Q9Y606,1,0.526829268292683,0.401602865743759,0.4642160670182209,0,,,,,,,0,BOD1L1,PUS1,0,0,0
39430,Q8NFC6,Q9UBT2,1,0.5219512195121951,0.4016028803019631,0.4617770499070791,0,,,,,,,0,BOD1L1,UBA2,0,0,0
39434,Q8NFC6,P07204,1,0.5219512195121951,0.4016028453958736,0.4617770324540343,0,,,,,,,0,BOD1L1,THBD,0,0,0
39435,Q8NFC6,Q9HA72,1,0.526829268292683,0.4016030968968196,0.4642161825947513,0,,,,,,,0,BOD1L1,CALHM2,0,0,0
39438,Q8NFC6,Q8N3R9,1,0.526829268292683,0.4016028570280799,0.4642160626603814,0,,,,,,,0,BOD1L1,PALS1,0,0,0
39444,Q8NFC6,Q9H0C1,1,0.5219512195121951,0.4016029516697331,0.4617770855909641,0,,,,,,,0,BOD1L1,ZMYND12,0,0,0
39451,Q8NFC6,Q9NR63,1,0.5219512195121951,0.4016030990238295,0.4617771592680123,0,,,,,,,0,BOD1L1,CYP26B1,0,0,0
39461,Q8NFC6,Q32MK0,1,0.5219512195121951,0.4016029647575768,0.4617770921348859,0,,,,,,,0,BOD1L1,MYLK3,0,0,0
39474,Q8NFC6,Q16563,1,0.526829268292683,0.401602943052134,0.4642161056724084,0,,,,,,,0,BOD1L1,SYPL1,0,0,0
39493,Q8NFC6,Q3KPI0,1,0.526829268292683,0.4016030732627465,0.4642161707777147,0,,,,,,,0,BOD1L1,CEACAM21,0,0,0
39499,Q8NFC6,Q92187,1,0.526829268292683,0.4016029253300929,0.4642160968113879,0,,,,,,,0,BOD1L1,ST8SIA4,0,0,0
39504,Q8NFC6,Q8IU60,1,0.526829268292683,0.4016028961472185,0.4642160822199507,0,,,,,,,0,BOD1L1,DCP2,0,0,0
39509,B3KS81,A0A096LP01,1,0.5219512195121951,0.4015550980093162,0.4617531587607557,0,,,,,,,0,SRRM5,SMIM26,0,0,0
39518,A0A0A0MRZ8,P52272,1,0.526829268292683,0.4015551860655297,0.4641922271791063,0,,,,,,,0,IGKV3D-11,HNRNPM,0,0,0
39537,Q96T51,Q8WXA3,1,0.7219512195121951,0.4013088063969959,0.5616300129545955,0,,,,,,,0,RUFY1,RUFY2,0,0,0
39541,Q96T51,A0A096LP01,1,0.526829268292683,0.4015551331363485,0.4641922007145157,0,,,,,,,0,RUFY1,SMIM26,0,0,0
39543,Q96T51,Q9Y4R8,1,0.7268292682926829,0.4013724555401118,0.5641008619163974,0,,,,,,,0,RUFY1,TELO2,0,0,0
39545,Q96T51,Q92187,1,0.7219512195121951,0.4013217495499324,0.5616364845310637,0,,,,,,,0,RUFY1,ST8SIA4,0,0,0
39546,Q96T51,Q15276,1,0.7268292682926829,0.401307394810068,0.5640683315513755,0,,,,,,,0,RUFY1,RABEP1,0,0,0
39550,A8MUP6,Q15648,1,0.5219512195121951,0.40160300864167,0.4617771140769325,0,,,,,,,0,GSG1L2,MED1,0,0,0
39551,O43353,O95104,1,0.526829268292683,0.4015551006345125,0.4641921844635977,0,,,,,,,0,RIPK2,SCAF4,0,0,0
39558,P30101,P36957,1,0.7219512195121951,0.4013841861412048,0.5616677028267,0,,,,,,,0,PDIA3,DLST,0,0,0
39559,P30101,Q8TES7,1,0.7853658536585365,0.40160411650016,0.5934849850793482,0,,,,,,,0,PDIA3,FBF1,0,0,0
39560,P30101,Q5FWF5,1,0.7609756097560976,0.4013187809934323,0.5811471953747649,0,,,,,,,0,PDIA3,ESCO1,0,0,0
39561,P30101,Q6NUS6,1,0.7219512195121951,0.4010352342833145,0.5614932268977548,0,,,,,,,0,PDIA3,TCTN3,0,0,0
39563,P30101,Q13148,1,0.7804878048780488,0.4011443920791371,0.590816098478593,0,,,,,,,0,PDIA3,TARDBP,0,0,0
39564,P30101,O95994,1,0.7219512195121951,0.4014438104556331,0.5616975149839141,1,0.6454652532391049,,,,,,0,PDIA3,AGR2,0,0,0
39565,Q9BPX3,Q86V59,1,0.7365853658536585,0.4015188135404555,0.569052089697057,0,,,,,,,0,NCAPG,PNMA8A,0,0,0
39566,Q9BPX3,P06746,1,0.7317073170731707,0.4013222157479737,0.5665147664105722,0,,,,,,,0,NCAPG,POLB,0,0,0
39567,Q9BPX3,Q15003,1,0.8097560975609756,0.4013241019185049,0.6055400997397402,0,,,,,,,0,NCAPG,NCAPH,0,0,0
39568,O43353,O00206,1,0.8292682926829269,0.4014432054013325,0.6153557490421298,0,,,,,,,0,RIPK2,TLR4,0,0,0
39627,O43353,Q17R89,1,0.526829268292683,0.4015551383930768,0.4641922033428799,0,,,,,,,0,RIPK2,ARHGAP44,0,0,0
39631,P21580,Q8IYW5,1,0.7268292682926829,0.4013064897410768,0.5640678790168798,0,,,,,,,0,TNFAIP3,RNF168,0,0,0
39686,O43353,Q9BYQ4,1,0.5219512195121951,0.401306779751287,0.4616289996317411,0,,,,,,,0,RIPK2,KRTAP9-2,0,0,0
39691,P35269,Q9Y606,1,0.7268292682926829,0.4013076755381576,0.5640684719154203,0,,,,,,,0,GTF2F1,PUS1,0,0,0
39694,P35269,Q9NY72,1,0.5365853658536585,0.4016336079228667,0.4691094868882626,0,,,,,,,0,GTF2F1,SCN3B,0,0,0
39699,P35269,H3BNL1,1,0.551219512195122,0.4015552154293306,0.4763873638122263,0,,,,,,,0,GTF2F1,C3orf84,0,0,0
39701,P35269,P32780,1,0.7268292682926829,0.4013859388477087,0.5641076035701957,0,,,,,,,0,GTF2F1,GTF2H1,0,0,0
39725,P35269,P79483,1,0.526829268292683,0.4015556249090476,0.4641924466008653,0,,,,,,,0,GTF2F1,HLA-DRB3,0,0,0
39759,O43353,P60411,1,0.5219512195121951,0.4013068588625835,0.4616290391873893,0,,,,,,,0,RIPK2,KRTAP10-9,0,0,0
39785,O43353,Q8NDV3,1,0.5219512195121951,0.4016029591176303,0.4617770893149127,0,,,,,,,0,RIPK2,SMC1B,0,0,0
39790,Q8IWR1,Q32MK0,1,0.526829268292683,0.4015551218834619,0.4641921950880724,0,,,,,,,0,TRIM59,MYLK3,0,0,0
39795,P47804,P10515,1,0.551219512195122,0.4015553677169102,0.476387439956016,0,,,,,,,0,RGR,DLAT,0,0,0
39803,P47804,O94989,1,0.5365853658536585,0.4015549842077089,0.4690701750306837,0,,,,,,,0,RGR,ARHGEF15,0,0,0
39808,P47804,Q9BZQ8,1,0.5219512195121951,0.401603059771674,0.4617771396419345,0,,,,,,,0,RGR,NIBAN1,0,0,0
39809,O43353,Q15648,1,0.526829268292683,0.4016029650087657,0.4642161166507243,0,,,,,,,0,RIPK2,MED1,0,0,0
39811,P47804,Q9Y4R8,1,0.551219512195122,0.4015548852945919,0.4763871987448569,0,,,,,,,0,RGR,TELO2,0,0,0
39815,P35680,Q5FWF5,1,0.526829268292683,0.4015550737479448,0.4641921710203138,0,,,,,,,0,HNF1B,ESCO1,0,0,0
39819,P35680,Q8NCX0,1,0.551219512195122,0.4015546975120381,0.47638710485358,0,,,,,,,0,HNF1B,CCDC150,0,0,0
39841,P36957,P10515,1,0.7268292682926829,0.4013724065120664,0.5641008374023746,0,,,,,,,0,DLST,DLAT,0,0,0
39846,P36957,Q02040,1,0.7219512195121951,0.4013084881456397,0.5616298538289174,0,,,,,,,0,DLST,AKAP17A,0,0,0
39849,P36957,Q9ULW0,1,0.8,0.4013214970957658,0.600660748547883,0,,,,,,,0,DLST,TPX2,0,0,0
39853,P36957,P79483,1,0.8341463414634146,0.401307346668298,0.6177268440658563,0,,,,,,,0,DLST,HLA-DRB3,0,0,0
39858,P10828,Q15648,1,0.8243902439024391,0.4015174505690405,0.6129538472357398,0,,,,,,,0,THRB,MED1,0,0,0
39870,Q8NDV3,Q68DY9,1,0.5219512195121951,0.4016031069642373,0.4617771632382162,0,,,,,,,0,SMC1B,ZNF772,0,0,0
39871,Q8NDV3,Q9UK13,1,0.5219512195121951,0.4016031805089696,0.4617772000105823,0,,,,,,,0,SMC1B,ZNF221,0,0,0
39872,Q8NDV3,Q9P2M1,1,0.551219512195122,0.4015546951071843,0.4763871036511531,0,,,,,,,0,SMC1B,LRP2BP,0,0,0
39875,Q8NDV3,Q9UJA3,1,0.526829268292683,0.4015549013095989,0.4641920848011409,0,,,,,,,0,SMC1B,MCM8,0,0,0
39877,Q8NDV3,A0A1B0GVH7,1,0.5219512195121951,0.4016030506715552,0.4617771350918752,0,,,,,,,0,SMC1B,IQCM,0,0,0
39878,Q8NDV3,P49888,1,0.526829268292683,0.4016030048239593,0.4642161365583211,0,,,,,,,0,SMC1B,SULT1E1,0,0,0
39881,Q8NDV3,Q969I3,1,0.526829268292683,0.4016029712094506,0.4642161197510668,0,,,,,,,0,SMC1B,GLYATL1,0,0,0
39889,Q8NDV3,Q9Y2G2,1,0.5219512195121951,0.4016030055775146,0.4617771125448549,0,,,,,,,0,SMC1B,CARD8,0,0,0
39897,Q8NDV3,Q5VUY2,1,0.526829268292683,0.4016030248731677,0.4642161465829253,0,,,,,,,0,SMC1B,AADACL4,0,0,0
39905,Q8NDV3,Q13946,1,0.5219512195121951,0.4016030432141507,0.4617771313631729,0,,,,,,,0,SMC1B,PDE7A,0,0,0
39914,Q96HV5,Q02040,1,0.5219512195121951,0.4015554538592209,0.461753336685708,0,,,,,,,0,TMEM41A,AKAP17A,0,0,0
39916,Q96HV5,Q6NUS6,1,0.7268292682926829,0.4013071430382615,0.5640682056654722,0,,,,,,,0,TMEM41A,TCTN3,0,0,0
39929,O43353,Q12972,1,0.7268292682926829,0.4013066426520485,0.5640679554723658,0,,,,,,,0,RIPK2,PPP1R8,0,0,0
39953,P84085,O95994,1,0.7219512195121951,0.40175675876287,0.5618539891375325,0,,,,,,,0,ARF5,AGR2,0,0,0
40026,Q6NXT6,Q9BYQ4,1,0.5219512195121951,0.4013068930763772,0.4616290562942862,0,,,,,,,0,TAPT1,KRTAP9-2,0,0,0
40037,Q5VWK0,Q9HA72,1,0.526829268292683,0.4015551834317238,0.4641922258622034,0,,,,,,,0,NBPF6,CALHM2,0,0,0
40061,Q15038,Q8IUC2,1,0.7804878048780488,0.4015568679550031,0.5910223364165259,0,,,,,,,0,DAZAP2,KRTAP8-1,0,0,0
40082,P54868,Q86VH2,1,0.526829268292683,0.401555035511711,0.464192151902197,0,,,,,,,0,HMGCS2,KIF27,0,0,0
40212,Q96Q11,Q15813,1,0.7219512195121951,0.4010341479802971,0.5614926837462461,0,,,,,,,0,TRNT1,TBCE,0,0,0
40279,Q15038,Q9BTL3,1,0.7268292682926829,0.4016456772818548,0.5642374727872689,0,,,,,,,0,DAZAP2,RAMAC,0,0,0
40281,Q6NSJ5,Q9H313,1,0.7268292682926829,0.4013064891997919,0.5640678787462374,0,,,,,,,0,LRRC8E,TTYH1,0,0,0
40373,Q6NXT6,A6H8Y1,1,0.551219512195122,0.4015547061691188,0.4763871091821204,0,,,,,,,0,TAPT1,BDP1,0,0,0
40416,O15547,A6NGG8,1,0.551219512195122,0.4015547463554136,0.4763871292752678,0,,,,,,,0,P2RX6,PCARE,0,0,0
40466,Q15038,O75360,1,0.7219512195121951,0.401034532369848,0.5614928759410216,0,,,,,,,0,DAZAP2,PROP1,0,0,0
40493,Q68DY9,Q15648,1,0.526829268292683,0.4016029328297263,0.4642161005612046,0,,,,,,,0,ZNF772,MED1,0,0,0
40500,Q68DY9,Q9C0B9,1,0.5219512195121951,0.401603104779121,0.461777162145658,0,,,,,,,0,ZNF772,ZCCHC2,0,0,0
40541,Q9UK13,Q15648,1,0.526829268292683,0.4016028671379579,0.4642160677153204,0,,,,,,,0,ZNF221,MED1,0,0,0
40550,A7MCY6,Q14005,1,0.551219512195122,0.4015548481176923,0.4763871801564071,0,,,,,,,0,TBKBP1,IL16,0,0,0
40558,Q969X2,P12429,1,0.7268292682926829,0.4017443902601625,0.5642868292764227,0,,,,,,,0,ST6GALNAC6,ANXA3,0,0,0
40562,Q969X2,P49756,1,0.5365853658536585,0.4015549401247997,0.469070152989229,0,,,,,,,0,ST6GALNAC6,RBM25,0,0,0
40564,Q969X2,Q9UI42,1,0.7219512195121951,0.4013751053330244,0.5616631624226097,0,,,,,,,0,ST6GALNAC6,CPA4,0,0,0
40575,A8MXT2,A0A0J9YX57,1,0.5219512195121951,0.4015551068904123,0.4617531632013037,0,,,,,,,0,MAGEB17,MAGEB6B,0,0,0
40583,Q9P2M1,Q15648,1,0.526829268292683,0.4015549346670811,0.464192101479882,0,,,,,,,0,LRP2BP,MED1,0,0,0
40585,Q15038,Q9GZX7,1,0.7219512195121951,0.4011105090405225,0.5615308642763588,0,,,,,,,0,DAZAP2,AICDA,0,0,0
40586,Q9P2M1,Q9C0B9,1,0.551219512195122,0.4015546969563552,0.4763871045757386,0,,,,,,,0,LRP2BP,ZCCHC2,0,0,0
40614,Q15038,Q9UNA4,1,0.7463414634146343,0.4013934637391511,0.5738674635768927,0,,,,,,,0,DAZAP2,POLI,0,0,0
40617,Q8WXA9,P49756,1,0.7268292682926829,0.4013068587338859,0.5640680635132844,0,,,,,,,0,SREK1,RBM25,0,0,0
40830,Q15038,Q8NDC0,1,0.7219512195121951,0.4013841517965051,0.5616676856543501,0,,,,,,,0,DAZAP2,MAPK1IP1L,0,0,0
40843,Q15648,A0A1B0GVH7,1,0.526829268292683,0.401602942645217,0.46421610546895,0,,,,,,,0,MED1,IQCM,0,0,0
40848,Q15648,Q9Y2G2,1,0.526829268292683,0.4016032297838623,0.4642162490382726,0,,,,,,,0,MED1,CARD8,0,0,0
40853,Q15648,Q5VUY2,1,0.526829268292683,0.40160315347628,0.4642162108844815,0,,,,,,,0,MED1,AADACL4,0,0,0
40859,Q15648,Q13946,1,0.526829268292683,0.40160307305567,0.4642161706741765,0,,,,,,,0,MED1,PDE7A,0,0,0
40862,Q15777,P49756,1,0.5365853658536585,0.4015548526738014,0.4690701092637299,0,,,,,,,0,MPPED2,RBM25,0,0,0
40867,Q6ZVL8,P52272,1,0.551219512195122,0.4015549446698244,0.4763872284324731,0,,,,,,,0,,HNRNPM,0,0,0
40871,Q6ZVL8,Q9H6Z4,1,0.551219512195122,0.401554781884669,0.4763871470398955,0,,,,,,,0,,RANBP3,0,0,0
40874,Q6ZVL8,Q8TDR0,1,0.551219512195122,0.4015549124029158,0.4763872122990189,0,,,,,,,0,,TRAF3IP1,0,0,0
40879,Q6ZVL8,Q9BXG8,1,0.5219512195121951,0.4015547965477894,0.4617530080299923,0,,,,,,,0,,SPZ1,0,0,0
40888,Q9NY72,Q8NEP3,1,0.551219512195122,0.4015548886816418,0.4763872004383819,0,,,,,,,0,SCN3B,DNAAF1,0,0,0
40889,Q9NY72,P49959,1,0.551219512195122,0.4016331097677636,0.4764263109814428,0,,,,,,,0,SCN3B,MRE11,0,0,0
40890,Q9NY72,Q8IYW5,1,0.551219512195122,0.4015550325747519,0.4763872723849369,0,,,,,,,0,SCN3B,RNF168,0,0,0
40902,Q6UWI4,Q8NEP3,1,0.551219512195122,0.4015547191939622,0.476387115694542,0,,,,,,,0,SHISA2,DNAAF1,0,0,0
40903,Q6UWI4,P49959,1,0.551219512195122,0.401554634287788,0.476387073241455,0,,,,,,,0,SHISA2,MRE11,0,0,0
40904,Q6UWI4,Q8IYW5,1,0.526829268292683,0.4015547918073873,0.4641920300500351,0,,,,,,,0,SHISA2,RNF168,0,0,0
40909,Q14692,Q86V59,1,0.7268292682926829,0.4013215861405156,0.5640754272165993,0,,,,,,,0,BMS1,PNMA8A,0,0,0
40924,Q14692,P39023,1,0.7268292682926829,0.4013064391639956,0.5640678537283392,0,,,,,,,0,BMS1,RPL3,0,0,0
40949,Q14692,Q8N257,1,0.7268292682926829,0.4013062698994895,0.5640677690960862,0,,,,,,,0,BMS1,H2BC26,0,0,0
41053,Q494V2,O43463,1,0.8048780487804879,0.4013087321923345,0.6030933904864112,0,,,,,,,0,CFAP100,SUV39H1,0,0,0
41057,Q494V2,Q8NCX0,1,0.551219512195122,0.4015553202624624,0.4763874162287922,0,,,,,,,0,CFAP100,CCDC150,0,0,0
41059,Q494V2,Q13148,1,0.8292682926829269,0.4012267345784757,0.6152475136307013,0,,,,,,,0,CFAP100,TARDBP,0,0,0
41106,Q14CM0,Q9UI42,1,0.526829268292683,0.4016029719723401,0.4642161201325115,0,,,,,,,0,FRMPD4,CPA4,0,0,0
41115,O75200,Q6UXN2,1,0.5219512195121951,0.4015551650206775,0.4617531922664363,0,,,,,,,0,NPIPB7,TREML4,0,0,0
41120,Q15038,Q8WU79,1,0.7219512195121951,0.4013084050178944,0.5616298122650447,0,,,,,,,0,DAZAP2,SMAP2,0,0,0
41125,Q86V59,P39023,1,0.7219512195121951,0.4013870369005025,0.5616691282063488,0,,,,,,,0,PNMA8A,RPL3,0,0,0
41126,Q9BQQ7,Q12926,1,0.7219512195121951,0.401308163091657,0.5616296913019261,0,,,,,,,0,RTP3,ELAVL2,0,0,0
41135,P49888,Q9C0B9,1,0.526829268292683,0.4016029845671883,0.4642161264299356,0,,,,,,,0,SULT1E1,ZCCHC2,0,0,0
41153,P52272,Q13148,1,0.7268292682926829,0.4013068309774443,0.5640680496350636,0,,,,,,,0,HNRNPM,TARDBP,0,0,0
41155,P52272,P49959,1,0.7219512195121951,0.4011104524546986,0.5615308359834469,0,,,,,,,0,HNRNPM,MRE11,0,0,0
41156,P52272,Q8IYW5,1,0.7219512195121951,0.4013072928008299,0.5616292561565125,1,0.1731448763250883,,,,,,0,HNRNPM,RNF168,0,0,0
41157,P52272,O95994,1,0.7707317073170732,0.4014083607503124,0.5860700340336928,1,0.1766784452296819,,,,,,0,HNRNPM,AGR2,0,0,0
41164,P52272,Q5VSY0,1,0.551219512195122,0.4015551019595623,0.4763873070773421,0,,,,,,,0,HNRNPM,GKAP1,0,0,0
41165,P52272,P49756,1,0.7268292682926829,0.4013065872604328,0.5640679277765579,0,,,,,,,0,HNRNPM,RBM25,0,0,0
41166,P52272,O00425,1,0.7365853658536585,0.4015300633248473,0.5690577145892529,0,,,,,,,0,HNRNPM,IGF2BP3,0,0,0
41176,H3BNL1,Q8NEP3,1,0.551219512195122,0.401554755237788,0.476387133716455,0,,,,,,,0,C3orf84,DNAAF1,0,0,0
41177,H3BNL1,P49959,1,0.551219512195122,0.4015548057559821,0.476387158975552,0,,,,,,,0,C3orf84,MRE11,0,0,0
41179,H3BNL1,Q8IYW5,1,0.526829268292683,0.4015550014118846,0.4641921348522838,0,,,,,,,0,C3orf84,RNF168,0,0,0
41215,Q969I3,Q9C0B9,1,0.526829268292683,0.4016030181240927,0.4642161432083878,0,,,,,,,0,GLYATL1,ZCCHC2,0,0,0
41226,Q969I3,Q5JNZ3,1,0.551219512195122,0.4015549824901154,0.4763872473426187,0,,,,,,,0,GLYATL1,ZNF311,0,0,0
41231,P32780,Q92889,1,0.7268292682926829,0.4013064713355149,0.5640678698140988,0,,,,,,,0,GTF2H1,ERCC4,0,0,0
41246,Q15643,Q9ULE3,1,0.551219512195122,0.4015546394686654,0.4763870758318936,0,,,,,,,0,TRIP11,DENND2A,0,0,0
41251,Q15643,Q07343,1,0.551219512195122,0.4015546247837927,0.4763870684894573,0,,,,,,,0,TRIP11,PDE4B,0,0,0
41272,Q15643,Q8WV41,1,0.551219512195122,0.4015546336370964,0.4763870729161092,0,,,,,,,0,TRIP11,SNX33,0,0,0
41324,Q8N2N9,Q02040,1,0.7463414634146343,0.4013936922214307,0.5738675778180324,0,,,,,,,0,ANKRD36B,AKAP17A,0,0,0
41371,Q9H1R3,A0A096LP01,1,0.526829268292683,0.4015551332281646,0.4641922007604238,0,,,,,,,0,MYLK2,SMIM26,0,0,0
41383,Q12926,Q13148,1,0.7268292682926829,0.4013732755973775,0.5641012719450302,0,,,,,,,0,ELAVL2,TARDBP,0,0,0
41391,Q12926,O00425,1,0.7365853658536585,0.4015854255485704,0.5690853957011145,0,,,,,,,0,ELAVL2,IGF2BP3,0,0,0
41411,Q6XPS3,O94972,1,0.7268292682926829,0.4013212955308017,0.5640752819117423,0,,,,,,,0,TPTE2,TRIM37,0,0,0
41416,Q5FWF5,O43463,1,0.7268292682926829,0.4013064208791936,0.5640678445859383,0,,,,,,,0,ESCO1,SUV39H1,0,0,0
41418,Q5FWF5,P39023,1,0.5365853658536585,0.4015547727571975,0.4690700693054279,0,,,,,,,0,ESCO1,RPL3,0,0,0
41514,Q92622,Q6QHC5,1,0.5219512195121951,0.4016030857780183,0.4617771526451067,0,,,,,,,0,RUBCN,DEGS2,0,0,0
41565,Q14005,O14730,1,0.551219512195122,0.4015546495027282,0.4763870808489251,0,,,,,,,0,IL16,RIOK3,0,0,0
41566,Q14005,O43463,1,0.8195121951219512,0.4016634768064276,0.6105878359641894,0,,,,,,,0,IL16,SUV39H1,0,0,0
41569,Q14005,Q5T124,1,0.7463414634146343,0.4013057281892119,0.5738235958019231,0,,,,,,,0,IL16,UBXN11,0,0,0
41580,Q14005,Q8IY51,1,0.551219512195122,0.4015547156629367,0.4763871139290293,0,,,,,,,0,IL16,TIGD4,0,0,0
41590,Q14005,Q9P2N2,1,0.551219512195122,0.4015546934511075,0.4763871028231147,0,,,,,,,0,IL16,ARHGAP28,0,0,0
41594,O75880,Q9UJS0,1,0.7414634146341462,0.4015174684353186,0.5714904415347324,0,,,,,,,0,SCO1,SLC25A13,0,0,0
41596,Q6NXT6,Q6NUS6,1,0.7219512195121951,0.4013738288688174,0.5616625241905062,0,,,,,,,0,TAPT1,TCTN3,0,0,0
41600,Q02040,Q9UNN4,1,0.5219512195121951,0.4015548745751069,0.461753047043651,0,,,,,,,0,AKAP17A,GTF2A1L,0,0,0
41601,P07204,Q9HA72,1,0.5219512195121951,0.4015554501617444,0.4617533348369698,0,,,,,,,0,THBD,CALHM2,0,0,0
41605,P07204,Q32MK0,1,0.551219512195122,0.4015545781025557,0.4763870451488388,0,,,,,,,0,THBD,MYLK3,0,0,0
41606,P07204,Q16563,1,0.551219512195122,0.401554776242447,0.4763871442187845,0,,,,,,,0,THBD,SYPL1,0,0,0
41607,P07204,Q9UN19,1,0.526829268292683,0.4016330668691595,0.4642311675809212,0,,,,,,,0,THBD,DAPP1,0,0,0
41608,P07204,Q3KPI0,1,0.526829268292683,0.4015547601929417,0.4641920142428123,0,,,,,,,0,THBD,CEACAM21,0,0,0
41619,O75410,Q92889,1,0.7268292682926829,0.4013077163200841,0.5640684923063835,0,,,,,,,0,TACC1,ERCC4,0,0,0
41658,Q96KQ4,Q8TDR0,1,0.8341463414634146,0.4013069683350415,0.6177266548992281,0,,,,,,,0,PPP1R13B,TRAF3IP1,0,0,0
41687,O94989,O00322,1,0.5365853658536585,0.401554897307343,0.4690701315805007,0,,,,,,,0,ARHGEF15,UPK1A,0,0,0
41693,Q6NUS6,Q969S0,1,0.7804878048780488,0.4015569453985102,0.5910223751382795,0,,,,,,,0,TCTN3,SLC35B4,0,0,0
41694,Q6NUS6,P78348,1,0.7804878048780488,0.4009984155111475,0.5907431101945981,0,,,,,,,0,TCTN3,ASIC1,0,0,0
41695,Q6NUS6,Q9H6H4,1,0.7804878048780488,0.401556261096354,0.5910220329872014,0,,,,,,,0,TCTN3,REEP4,0,0,0
41696,Q6NUS6,Q6NXT4,1,0.7902439024390243,0.4012825180702518,0.5957632102546381,0,,,,,,,0,TCTN3,SLC30A6,0,0,0
41697,Q6NUS6,Q9UI42,1,0.7219512195121951,0.4014447986471027,0.5616980090796488,0,,,,,,,0,TCTN3,CPA4,0,0,0
41699,P12429,O95994,1,0.7170731707317073,0.400801405724729,0.5589372882282182,0,,,,,,,0,ANXA3,AGR2,0,0,0
41703,Q92889,O94972,1,0.7219512195121951,0.4008977339387156,0.5614244767254554,0,,,,,,,0,ERCC4,TRIM37,0,0,0
41709,P51608,O43463,1,0.7268292682926829,0.4017542680414835,0.5642917681670832,0,,,,,,,0,MECP2,SUV39H1,0,0,0
41712,P51608,P39023,1,0.7268292682926829,0.4014131649385763,0.5641212166156296,0,,,,,,,0,MECP2,RPL3,0,0,0
41734,O43463,Q86VH2,1,0.551219512195122,0.4015546007379199,0.4763870564665209,0,,,,,,,0,SUV39H1,KIF27,0,0,0
41755,Q330K2,P49756,1,0.551219512195122,0.4015547587883819,0.4763871354917519,0,,,,,,,0,NDUFAF6,RBM25,0,0,0
41772,Q969S0,O43914,1,0.7268292682926829,0.4013068340964363,0.5640680511945596,0,,,,,,,0,SLC35B4,TYROBP,0,0,0
41780,Q969S0,P49756,1,0.5365853658536585,0.401554934474785,0.4690701501642217,0,,,,,,,0,SLC35B4,RBM25,0,0,0
41797,A0A0J9YX57,Q8IXK0,1,0.551219512195122,0.4015545700444993,0.4763870411198107,0,,,,,,,0,MAGEB6B,PHC2,0,0,0
41847,Q5T124,Q13946,1,0.7219512195121951,0.4017462806407177,0.5618487500764564,0,,,,,,,0,UBXN11,PDE7A,0,0,0
41855,P62312,Q13148,1,0.7219512195121951,0.401308529983944,0.5616298747480696,0,,,,,,,0,LSM6,TARDBP,0,0,0
41907,Q96RA2,Q8IXK0,1,0.526829268292683,0.4016333315228479,0.4642312999077654,0,,,,,,,0,OR7D2,PHC2,0,0,0
41915,P39023,Q8NCX0,1,0.551219512195122,0.4015548132952749,0.4763871627451984,0,,,,,,,0,RPL3,CCDC150,0,0,0
41917,P39023,Q13148,1,0.7268292682926829,0.400902292195849,0.5638657802442659,0,,,,,,,0,RPL3,TARDBP,0,0,0
41921,P39023,O95994,1,0.7268292682926829,0.4014435853137479,0.5641364268032154,0,,,,,,,0,RPL3,AGR2,0,0,0
41923,P39023,P49207,1,0.7268292682926829,0.4013069825651709,0.5640681254289269,0,,,,,,,0,RPL3,RPL34,0,0,0
41927,P39023,Q15276,1,0.551219512195122,0.4015549953068845,0.4763872537510032,0,,,,,,,0,RPL3,RABEP1,0,0,0
41954,P06870,Q2TAK8,1,0.7268292682926829,0.4013069307240516,0.5640680995083672,0,,,,,,,0,KLK1,PWWP3A,0,0,0
41958,Q6IPT4,Q9H992,1,0.5365853658536585,0.4015551501370902,0.4690702579953743,0,,,,,,,0,CYB5RL,MARCHF7,0,0,0
41966,P62714,Q8N187,1,0.551219512195122,0.401554915522935,0.4763872138590285,0,,,,,,,0,PPP2CB,CARF,0,0,0
41969,P62714,Q969Q6,1,0.7219512195121951,0.401308549960723,0.561629884736459,0,,,,,,,0,PPP2CB,PPP2R3C,0,0,0
41974,P62714,Q76G19,1,0.551219512195122,0.401554947208527,0.4763872297018245,0,,,,,,,0,PPP2CB,PDZD4,0,0,0
42014,Q9NW07,P60763,1,0.551219512195122,0.4016332604342249,0.4764263863146735,0,,,,,,,0,ZNF358,RAC3,0,0,0
42015,Q9NW07,O95994,1,0.526829268292683,0.4016336116288747,0.4642314399607788,0,,,,,,,0,ZNF358,AGR2,0,0,0
42026,Q96BR5,Q96AY3,1,0.7268292682926829,0.4013075051832759,0.5640683867379794,0,,,,,,,0,COA7,FKBP10,0,0,0
42034,Q6IPT4,Q3YEC7,1,0.551219512195122,0.4015550789528381,0.4763872955739801,0,,,,,,,0,CYB5RL,RABL6,0,0,0
42037,A9YTQ3,Q8NFZ8,1,0.551219512195122,0.4015553252554409,0.4763874187252814,0,,,,,,,0,AHRR,CADM4,0,0,0
42038,A9YTQ3,Q3KPI0,1,0.551219512195122,0.4015548599654586,0.4763871860802903,0,,,,,,,0,AHRR,CEACAM21,0,0,0
42039,A9YTQ3,Q92187,1,0.526829268292683,0.4015549553225621,0.4641921118076225,0,,,,,,,0,AHRR,ST8SIA4,0,0,0
42055,Q96L92,Q86VH2,1,0.551219512195122,0.4015546921654429,0.4763871021802824,0,,,,,,,0,SNX27,KIF27,0,0,0
42064,Q9H2G4,O94972,1,0.551219512195122,0.4015551028260206,0.4763873075105713,0,,,,,,,0,TSPYL2,TRIM37,0,0,0
42077,Q8NCX0,Q15276,1,0.551219512195122,0.401554757772836,0.476387134983979,0,,,,,,,0,CCDC150,RABEP1,0,0,0
42184,Q8TDR0,Q9BXG8,1,0.5219512195121951,0.4015549670527682,0.4617530932824817,0,,,,,,,0,TRAF3IP1,SPZ1,0,0,0
42199,Q13148,O95994,1,0.7268292682926829,0.4014421186601891,0.564135693476436,0,,,,,,,0,TARDBP,AGR2,0,0,0
42206,Q13148,O43347,1,0.7268292682926829,0.4013719929775807,0.5641006306351318,0,,,,,,,0,TARDBP,MSI1,0,0,0
42208,Q13148,O00425,1,0.8341463414634146,0.4010355224188185,0.6175909319411166,0,,,,,,,0,TARDBP,IGF2BP3,0,0,0
42211,Q13148,Q15759,1,0.8292682926829269,0.4013097277224507,0.6152890102026888,0,,,,,,,0,TARDBP,MAPK11,0,0,0
42213,Q13148,O43290,1,0.7463414634146343,0.4012160561778001,0.5737787597962172,0,,,,,,,0,TARDBP,SART1,0,0,0
42236,A7XYQ1,Q7Z418,1,0.526829268292683,0.4015552318985609,0.4641922500956219,0,,,,,,,0,SOBP,KCNK18,0,0,0
42251,P22676,Q8IXK0,1,0.526829268292683,0.4015548719317286,0.4641920701122057,0,,,,,,,0,CALB2,PHC2,0,0,0
42262,P12319,Q9BZQ8,1,0.5219512195121951,0.4016029604551724,0.4617770899836838,0,,,,,,,0,FCER1A,NIBAN1,0,0,0
42266,P12319,Q9Y4R8,1,0.526829268292683,0.4015549702553745,0.4641921192740287,0,,,,,,,0,FCER1A,TELO2,0,0,0
42275,P0CB47,Q9Y4R8,1,0.526829268292683,0.4015553752615637,0.4641923217771233,0,,,,,,,0,UBTFL1,TELO2,0,0,0
42282,P0CB47,Q15276,1,0.7317073170731707,0.4013212522080606,0.5665142846406157,0,,,,,,,0,UBTFL1,RABEP1,0,0,0
42294,P53602,O95994,1,0.7219512195121951,0.4010349762771978,0.5614930978946965,1,0.1672555948174322,,,,,,0,MVD,AGR2,0,0,0
42322,P60763,Q19AV6,1,0.7268292682926829,0.4013733763033645,0.5641013222980237,0,,,,,,,0,RAC3,ZSWIM7,0,0,0
42333,P59282,P0CG23,1,0.5365853658536585,0.4015551492401717,0.4690702575469151,0,,,,,,,0,TPPP2,ZNF853,0,0,0
42345,P49959,Q9H334,1,0.8048780487804879,0.4008999948859562,0.602889021833222,0,,,,,,,0,MRE11,FOXP1,0,0,0
42347,P49959,P79483,1,0.526829268292683,0.4015551311712073,0.4641921997319451,0,,,,,,,0,MRE11,HLA-DRB3,0,0,0
42348,P49959,O00425,1,0.7268292682926829,0.4013073856891625,0.5640683269909227,0,,,,,,,0,MRE11,IGF2BP3,0,0,0
42351,Q9BZQ8,O00322,1,0.5219512195121951,0.4016031331819195,0.4617771763470573,0,,,,,,,0,NIBAN1,UPK1A,0,0,0
42373,Q969Q6,Q86VH2,1,0.551219512195122,0.4015547944918191,0.4763871533434705,0,,,,,,,0,PPP2R3C,KIF27,0,0,0
42395,O75880,Q96TA2,1,0.7804878048780488,0.4014156362517665,0.5909517205649076,0,,,,,,,0,SCO1,YME1L1,0,0,0
42433,O95994,P49207,1,0.7219512195121951,0.4013747930718284,0.5616630062920117,1,0.1672555948174322,,,,,,0,AGR2,RPL34,0,0,0
42437,O95994,Q9BQS8,1,0.7268292682926829,0.4013072158967098,0.5640682420946963,0,,,,,,,0,AGR2,FYCO1,0,0,0
42441,O95994,P54886,1,0.7317073170731707,0.4014562883571949,0.5665818027151828,0,,,,,,,0,AGR2,ALDH18A1,0,0,0
42459,Q32MK0,Q8NFZ8,1,0.551219512195122,0.4015549440909268,0.4763872281430243,0,,,,,,,0,MYLK3,CADM4,0,0,0
42460,Q32MK0,Q16563,1,0.551219512195122,0.4015549357285929,0.4763872239618574,0,,,,,,,0,MYLK3,SYPL1,0,0,0
42466,Q32MK0,Q3KPI0,1,0.551219512195122,0.4015547022383776,0.4763871072167498,0,,,,,,,0,MYLK3,CEACAM21,0,0,0
42467,Q32MK0,Q92187,1,0.526829268292683,0.4015550095676432,0.4641921389301631,0,,,,,,,0,MYLK3,ST8SIA4,0,0,0
42470,Q9GZK6,P49756,1,0.5219512195121951,0.4015552638921147,0.4617532417021549,0,,,,,,,0,OR2J1,RBM25,0,0,0
42485,Q6IPT4,Q9NXH9,1,0.526829268292683,0.4015551747574944,0.4641922215250886,0,,,,,,,0,CYB5RL,TRMT1,0,0,0
42486,Q8N0U2,A6NDN3,1,0.551219512195122,0.4015548175925381,0.47638716489383,0,,,,,,,0,TMEM61,GOLGA6B,0,0,0
42490,Q8N0U2,Q96M83,1,0.5219512195121951,0.4016029133510134,0.4617770664316042,0,,,,,,,0,TMEM61,CCDC7,0,0,0
42515,O43914,P0CG23,1,0.551219512195122,0.4015548492658324,0.4763871807304772,0,,,,,,,0,TYROBP,ZNF853,0,0,0
42592,Q9P104,P49756,1,0.551219512195122,0.4015549089761304,0.4763872105856261,0,,,,,,,0,DOK5,RBM25,0,0,0
42598,Q8IXK0,Q9UN30,1,0.7463414634146343,0.4015421928685385,0.5739418281415863,0,,,,,,,0,PHC2,SCML1,0,0,0
42601,Q8IXK0,O43347,1,0.551219512195122,0.4015549544736196,0.4763872333343708,0,,,,,,,0,PHC2,MSI1,0,0,0
42605,Q8IXK0,Q9HAS0,1,0.526829268292683,0.4015549933245853,0.4641921308086341,0,,,,,,,0,PHC2,C17orf75,0,0,0
42610,Q8IXK0,Q96R45,1,0.526829268292683,0.4015553994429481,0.4641923338678155,0,,,,,,,0,PHC2,OR2A7,0,0,0
42629,A6NDN3,Q8IYV9,1,0.5365853658536585,0.4015549659372284,0.4690701658954434,0,,,,,,,0,GOLGA6B,IZUMO1,0,0,0
42635,A6NDN3,A0A0B4J1U4,1,0.551219512195122,0.4015548508684128,0.4763871815317674,0,,,,,,,0,GOLGA6B,TRGV5,0,0,0
42643,Q9H6H4,P49756,1,0.551219512195122,0.4015548648513678,0.4763871885232449,0,,,,,,,0,REEP4,RBM25,0,0,0
42651,P12235,P49756,1,0.551219512195122,0.4015548613303243,0.4763871867627232,0,,,,,,,0,SLC25A4,RBM25,0,0,0
42653,Q6IPT4,Q8NFC6,1,0.526829268292683,0.4016031412223627,0.4642162047575228,0,,,,,,,0,CYB5RL,BOD1L1,0,0,0
42659,Q6IPT4,Q9UBT2,1,0.526829268292683,0.4015550384891986,0.4641921533909408,0,,,,,,,0,CYB5RL,UBA2,0,0,0
42666,Q7Z418,O43290,1,0.5365853658536585,0.401555069167144,0.4690702175104012,0,,,,,,,0,KCNK18,SART1,0,0,0
42693,P49207,P0CG23,1,0.5365853658536585,0.4015548040631791,0.4690700849584188,0,,,,,,,0,RPL34,ZNF853,0,0,0
42705,Q6NXT4,P49756,1,0.5219512195121951,0.4015552197532491,0.4617532196327221,0,,,,,,,0,SLC30A6,RBM25,0,0,0
42707,P82932,P0CG23,1,0.551219512195122,0.4015547048190954,0.4763871085071087,0,,,,,,,0,MRPS6,ZNF853,0,0,0
42729,Q8N257,P0CG23,1,0.551219512195122,0.4015548730872909,0.4763871926412064,0,,,,,,,0,H2BC26,ZNF853,0,0,0
42735,Q6IPT4,A9YTQ3,1,0.526829268292683,0.4015554345505233,0.4641923514216031,0,,,,,,,0,CYB5RL,AHRR,0,0,0
42763,Q96M83,A0A0B4J1U4,1,0.5219512195121951,0.4016030009250639,0.4617771102186295,0,,,,,,,0,CCDC7,TRGV5,0,0,0
42779,P49756,O43290,1,0.8048780487804879,0.4010370057520065,0.6029575272662472,0,,,,,,,0,RBM25,SART1,0,0,0
42793,Q96AY3,P54886,1,0.7170731707317073,0.4013233126325792,0.5591982416821433,0,,,,,,,0,FKBP10,ALDH18A1,0,0,0
42795,P46100,Q9Y2J2,1,0.7268292682926829,0.4013069382523828,0.5640681032725329,0,,,,,,,0,ATRX,EPB41L3,0,0,0
42796,P46100,Q9P2E9,1,0.7268292682926829,0.4013071233733921,0.5640681958330375,0,,,,,,,0,ATRX,RRBP1,0,0,0
42797,P46100,P35226,1,0.7268292682926829,0.401306614280167,0.5640679412864249,0,,,,,,,0,ATRX,BMI1,0,0,0
42798,P46100,P13010,1,0.7268292682926829,0.4013067720640496,0.5640680201783662,0,,,,,,,0,ATRX,XRCC5,0,0,0
42799,P46100,Q9P2H0,1,0.7268292682926829,0.4013069469222527,0.5640681076074678,0,,,,,,,0,ATRX,CEP126,0,0,0
42800,P46100,O00203,1,0.7268292682926829,0.4013069831797304,0.5640681257362067,0,,,,,,,0,ATRX,AP3B1,0,0,0
42801,P46100,P49959,1,0.7268292682926829,0.4013067647120031,0.5640680165023431,0,,,,,,,0,ATRX,MRE11,0,0,0
42802,Q71UM5,Q13127,1,0.7219512195121951,0.4013215787910176,0.5616363991516063,0,,,,,,,0,RPS27L,REST,0,0,0
42813,Q71UM5,P05198,1,0.7268292682926829,0.4013062393595932,0.564067753826138,1,0.9045936395759716,,,,,,0,RPS27L,EIF2S1,0,0,0
42815,Q71UM5,O95994,1,0.7219512195121951,0.4013090345389437,0.5616301270255694,1,0.0247349823321554,,,,,,0,RPS27L,AGR2,0,0,0
42821,Q8N9F8,A6H8Y1,1,0.526829268292683,0.4016029229810108,0.4642160956368468,0,,,,,,,0,ZNF454,BDP1,0,0,0
42822,Q8N9F8,Q8NFC6,1,0.5219512195121951,0.4016028978201412,0.4617770586661681,0,,,,,,,0,ZNF454,BOD1L1,0,0,0
42826,Q5VXJ0,Q6T4R5,1,0.551219512195122,0.4015548592421625,0.4763871857186422,0,,,,,,,0,LIPK,NHS,0,0,0
42847,Q5VXJ0,Q9P2H5,1,0.5365853658536585,0.4015549718665164,0.4690701688600874,0,,,,,,,0,LIPK,USP35,0,0,0
42890,Q5VXJ0,Q96S38,1,0.551219512195122,0.4015549074532016,0.4763872098241618,0,,,,,,,0,LIPK,RPS6KC1,0,0,0
42906,Q5VXJ0,Q6ZNL6,1,0.526829268292683,0.4016031306279647,0.4642161994603238,0,,,,,,,0,LIPK,FGD5,0,0,0
43069,Q8TDN6,Q9NRW3,1,0.7219512195121951,0.4013090371598638,0.5616301283360294,0,,,,,,,0,BRIX1,APOBEC3C,0,0,0
43074,Q8TDN6,Q13310,1,0.7414634146341462,0.4015224544862693,0.5714929345602078,0,,,,,,,0,BRIX1,PABPC4,0,0,0
43083,Q8TDN6,Q15397,1,0.7268292682926829,0.4013070783606126,0.5640681733266477,0,,,,,,,0,BRIX1,PUM3,0,0,0
43084,Q8TDN6,Q96MX3,1,0.7853658536585365,0.4015560135801709,0.5934609336193537,0,,,,,,,0,BRIX1,ZNF48,0,0,0
43090,Q8TDN6,Q8TED0,1,0.7219512195121951,0.4013080752559754,0.5616296473840853,0,,,,,,,0,BRIX1,UTP15,0,0,0
43125,Q8TDN6,Q86V59,1,0.7219512195121951,0.4013733504684432,0.5616622849903191,0,,,,,,,0,BRIX1,PNMA8A,0,0,0
43127,Q8TDN6,Q9UBT2,1,0.7268292682926829,0.4013067555743571,0.56406801193352,0,,,,,,,0,BRIX1,UBA2,0,0,0
43128,Q8TDN6,Q9H1R3,1,0.7853658536585365,0.4015563850261699,0.5934611193423532,0,,,,,,,0,BRIX1,MYLK2,0,0,0
43130,Q8TDN6,P51608,1,0.7219512195121951,0.4010362018442432,0.5614937106782192,0,,,,,,,0,BRIX1,MECP2,0,0,0
43132,Q8TDN6,P39023,1,0.7268292682926829,0.4013721860809032,0.564100727186793,0,,,,,,,0,BRIX1,RPL3,0,0,0
43158,Q9NRW3,O15211,1,0.551219512195122,0.4015549274915869,0.4763872198433544,0,,,,,,,0,APOBEC3C,RGL2,0,0,0
43163,Q9NRW3,Q9UEG4,1,0.751219512195122,0.4011949027352259,0.576207207465174,0,,,,,,,0,APOBEC3C,ZNF629,0,0,0
43169,Q9NRW3,Q96MX3,1,0.7268292682926829,0.4013069513167924,0.5640681098047376,0,,,,,,,0,APOBEC3C,ZNF48,0,0,0
43170,Q9NRW3,Q8N884,1,0.7317073170731707,0.4013218817934104,0.5665145994332905,0,,,,,,,0,APOBEC3C,CGAS,0,0,0
43172,Q9NRW3,P10074,1,0.7268292682926829,0.4013069141980647,0.5640680912453738,0,,,,,,,0,APOBEC3C,ZBTB48,0,0,0
43184,Q9NRW3,H7BZ55,1,0.5219512195121951,0.401602869216336,0.4617770443642656,0,,,,,,,0,APOBEC3C,CROCC2,0,0,0
43186,Q9NRW3,Q8TB24,1,0.5219512195121951,0.4016031216034871,0.4617771705578411,0,,,,,,,0,APOBEC3C,RIN3,0,0,0
43196,Q9NRW3,Q58F21,1,0.5219512195121951,0.4016030342905037,0.4617771269013494,0,,,,,,,0,APOBEC3C,BRDT,0,0,0
43197,Q9NRW3,Q5MNZ6,1,0.7268292682926829,0.4015074796407414,0.5641683739667122,0,,,,,,,0,APOBEC3C,WDR45B,0,0,0
43198,Q9NRW3,Q96K58,1,0.7268292682926829,0.4014420525813381,0.5641356604370105,0,,,,,,,0,APOBEC3C,ZNF668,0,0,0
43199,Q9NRW3,O15381,1,0.7268292682926829,0.4013215798129207,0.5640754240528019,0,,,,,,,0,APOBEC3C,NVL,0,0,0
43206,Q9NRW3,Q14692,1,0.7317073170731707,0.4013216573682044,0.5665144872206875,0,,,,,,,0,APOBEC3C,BMS1,0,0,0
43212,P49640,Q969Q5,1,0.526829268292683,0.4016335981560657,0.4642314332243743,0,,,,,,,0,EVX1,RAB24,0,0,0
43223,P49640,O15381,1,0.526829268292683,0.401554947335136,0.4641921078139095,0,,,,,,,0,EVX1,NVL,0,0,0
43246,P49640,P54278,1,0.526829268292683,0.4016329686455057,0.4642311184690943,0,,,,,,,0,EVX1,PMS2,0,0,0
43260,P49640,Q8IXK0,1,0.551219512195122,0.4015545868172331,0.4763870495061775,0,,,,,,,0,EVX1,PHC2,0,0,0
43300,Q6PJG2,Q9UEG4,1,0.526829268292683,0.4016332758140177,0.4642312720533503,0,,,,,,,0,MIDEAS,ZNF629,0,0,0
43306,Q6PJG2,Q96BP3,1,0.551219512195122,0.4016330152937165,0.4764262637444192,0,,,,,,,0,MIDEAS,PPWD1,0,0,0
43320,Q6PJG2,Q2TBA0,1,0.551219512195122,0.4016330157723278,0.4764262639837249,0,,,,,,,0,MIDEAS,KLHL40,0,0,0
43321,Q6PJG2,Q9Y2J2,1,0.7268292682926829,0.4009835680976138,0.5639064181951483,0,,,,,,,0,MIDEAS,EPB41L3,0,0,0
43349,Q6PJG2,Q9NY27,1,0.7268292682926829,0.4013064728454468,0.5640678705690648,0,,,,,,,0,MIDEAS,PPP4R2,0,0,0
43351,Q6PJG2,Q9UQ72,1,0.551219512195122,0.4015546733974753,0.4763870927962986,0,,,,,,,0,MIDEAS,PSG11,0,0,0
43364,Q6PJG2,Q9HCM4,1,0.7365853658536585,0.4015230679811868,0.5690542169174226,0,,,,,,,0,MIDEAS,EPB41L5,0,0,0
43371,Q6PJG2,Q14966,1,0.526829268292683,0.4016028401994036,0.4642160542460433,0,,,,,,,0,MIDEAS,ZNF638,0,0,0
43375,Q6PJG2,P0DJD7,1,0.551219512195122,0.4015546373119005,0.4763870747535113,0,,,,,,,0,MIDEAS,PGA4,0,0,0
43403,Q6PJG2,Q15643,1,0.551219512195122,0.4015546531308466,0.4763870826629843,0,,,,,,,0,MIDEAS,TRIP11,0,0,0
43431,Q6PJG2,Q8WV41,1,0.551219512195122,0.4015548189942809,0.4763871655947014,0,,,,,,,0,MIDEAS,SNX33,0,0,0
43436,P0CB48,Q71RH2,1,0.5219512195121951,0.4015558102975674,0.4617535149048812,0,,,,,,,0,UBTFL6,TLCD3B,0,0,0
43457,P0CB48,Q16891,1,0.8243902439024391,0.4013219724932603,0.6128561081978496,0,,P0CB48,Q16891,"psi-mi:""MI:0030""(cross-linking study)",taxid:9606(Homo sapiens),2.0,1,UBTFL6,IMMT,0,0,0
43475,P0CB48,H7BZ55,1,0.5219512195121951,0.4016030813404507,0.4617771504263229,0,,,,,,,0,UBTFL6,CROCC2,0,0,0
43641,Q96DZ1,Q8IWF2,1,0.7219512195121951,0.401308435875731,0.5616298276939631,0,,,,,,,0,ERLEC1,FOXRED2,0,0,0
43642,Q96DZ1,P14314,1,0.7268292682926829,0.4008999841219752,0.563864626207329,0,,,,,,,0,ERLEC1,PRKCSH,0,0,0
43648,Q96DZ1,Q86VQ6,1,0.526829268292683,0.4015551118643944,0.4641921900785387,0,,,,,,,0,ERLEC1,TXNRD3,0,0,0
43649,Q96DZ1,Q86TM6,1,0.7219512195121951,0.4013089709900231,0.5616300952511091,0,,,,,,,0,ERLEC1,SYVN1,0,0,0
43656,Q96DZ1,Q2MV58,1,0.7268292682926829,0.401372031817659,0.564100650055171,0,,,,,,,0,ERLEC1,TCTN1,0,0,0
43659,Q96DZ1,O75503,1,0.7268292682926829,0.4013719288358126,0.5641005985642478,0,,,,,,,0,ERLEC1,CLN5,0,0,0
43660,Q96DZ1,O00203,1,0.551219512195122,0.4015546510736158,0.4763870816343689,0,,,,,,,0,ERLEC1,AP3B1,0,0,0
43677,Q96CH1,Q8NF99,1,0.526829268292683,0.4016338360194736,0.4642315521560782,0,,,,,,,0,GPR146,ZNF397,0,0,0
43686,O75880,Q8N9F8,1,0.5365853658536585,0.4016333494260458,0.4691093576398521,0,,,,,,,0,SCO1,ZNF454,0,0,0
43690,Q96CH1,O43900,1,0.5365853658536585,0.4016337828515246,0.4691095743525915,0,,,,,,,0,GPR146,PRICKLE3,0,0,0
43703,Q96CH1,P18887,1,0.5365853658536585,0.4016338046963938,0.4691095852750261,0,,,,,,,0,GPR146,XRCC1,0,0,0
43721,Q96CH1,Q9Y2E8,1,0.526829268292683,0.4016332564558114,0.4642312623742471,0,,,,,,,0,GPR146,SLC9A8,0,0,0
43730,Q96CH1,O00635,1,0.5219512195121951,0.4016339647744768,0.461792592143336,0,,,,,,,0,GPR146,TRIM38,0,0,0
43733,Q96CH1,Q6NUS6,1,0.526829268292683,0.4015552390704794,0.4641922536815812,0,,,,,,,0,GPR146,TCTN3,0,0,0
43753,P52655,Q92750,1,0.7268292682926829,0.4013219588528861,0.5640756135727845,0,,,,,,,0,GTF2A1,TAF4B,0,0,0
43758,P52655,P49591,1,0.7268292682926829,0.4013069347945289,0.5640681015436059,0,,,,,,,0,GTF2A1,SARS1,0,0,0
43765,P52655,P37275,1,0.7317073170731707,0.4013211728631037,0.5665142449681372,0,,,,,,,0,GTF2A1,ZEB1,0,0,0
43774,P52655,O60701,1,0.7268292682926829,0.4013067883638394,0.5640680283282611,0,,,,,,,0,GTF2A1,UGDH,0,0,0
43801,P52655,P35269,1,0.7268292682926829,0.4013074772965905,0.5640683727946367,0,,,,,,,0,GTF2A1,GTF2F1,0,0,0
43808,P52655,Q9H1R3,1,0.7219512195121951,0.4013218645472723,0.5616365420297337,0,,,,,,,0,GTF2A1,MYLK2,0,0,0
43823,Q8TEJ3,Q9NRR6,1,0.751219512195122,0.4011948171706264,0.5762071646828741,0,,Q8TEJ3,Q9NRR6,"psi-mi:""MI:2222""(inference by socio-affinity scoring)",taxid:9606(Homo sapiens),2.0,1,SH3RF3,INPP5E,0,0,0
43826,Q8TEJ3,Q9P2M7,1,0.7414634146341462,0.4015178593827249,0.5714906370084356,0,,Q8TEJ3,Q9P2M7,"psi-mi:""MI:2222""(inference by socio-affinity scoring)",taxid:9606(Homo sapiens),2.0,1,SH3RF3,CGN,0,0,0
43836,Q6ZVX7,Q9P2F5,1,0.5219512195121951,0.401603266860385,0.4617772431862901,0,,,,,,,0,NCCRP1,STOX2,0,0,0
43843,Q8TEJ3,Q8NFC6,1,0.526829268292683,0.4016028943671754,0.4642160813299292,0,,,,,,,0,SH3RF3,BOD1L1,0,0,0
43856,Q96DH6,Q13310,1,0.7219512195121951,0.4013217784941486,0.5616364990031718,0,,,,,,,0,MSI2,PABPC4,0,0,0
43861,Q96DH6,Q15022,1,0.7268292682926829,0.4014417812442598,0.5641355247684714,0,,,,,,,0,MSI2,SUZ12,0,0,0
43866,Q96DH6,P35226,1,0.8,0.4011722726820171,0.6005861363410085,0,,,,,,,0,MSI2,BMI1,0,0,0
43872,Q96DH6,Q99496,1,0.7268292682926829,0.401169374254547,0.563999321273615,0,,,,,,,0,MSI2,RNF2,0,0,0
43877,Q96DH6,Q96PX1,1,0.7268292682926829,0.4014418860106073,0.5641355771516451,0,,,,,,,0,MSI2,RNF157,0,0,0
43902,Q96DH6,Q13148,1,0.7268292682926829,0.4015080748665968,0.5641686715796399,0,,,,,,,0,MSI2,TARDBP,0,0,0
43904,Q96DH6,O43347,1,0.7268292682926829,0.4008403442793132,0.563834806285998,0,,,,,,,0,MSI2,MSI1,0,0,0
43912,Q92913,A6NM76,1,0.5219512195121951,0.4015567139092764,0.4617539667107357,0,,,,,,,0,FGF13,OR6C76,0,0,0
43919,Q92913,Q15397,1,0.7268292682926829,0.4013067659704276,0.5640680171315553,0,,,,,,,0,FGF13,PUM3,0,0,0
43922,Q92913,Q9UEG4,1,0.7268292682926829,0.4013066750801661,0.5640679716864245,0,,,,,,,0,FGF13,ZNF629,0,0,0
43925,Q92913,Q5VWQ0,1,0.7268292682926829,0.4013067892502537,0.5640680287714683,0,,,,,,,0,FGF13,RSBN1,0,0,0
43927,Q92913,Q8NGJ6,1,0.5219512195121951,0.4015567466877849,0.46175398309999,0,,,,,,,0,FGF13,OR51A4,0,0,0
43938,Q92913,Q9HCM4,1,0.7268292682926829,0.4013073303325373,0.56406829931261,0,,,,,,,0,FGF13,EPB41L5,0,0,0
43941,Q92913,O95104,1,0.7219512195121951,0.4013211443404383,0.5616361819263167,0,,,,,,,0,FGF13,SCAF4,0,0,0
43949,Q92913,Q8WXA9,1,0.7268292682926829,0.4013075043569178,0.5640683863248004,0,,,,,,,0,FGF13,SREK1,0,0,0
43951,Q92913,Q14692,1,0.7268292682926829,0.4013068445397244,0.5640680564162037,0,,,,,,,0,FGF13,BMS1,0,0,0
43956,Q92913,P39023,1,0.7268292682926829,0.4013079021847455,0.5640685852387142,0,,,,,,,0,FGF13,RPL3,0,0,0
43957,Q92913,Q9NW07,1,0.7804878048780488,0.4014083023961502,0.5909480536370995,0,,,,,,,0,FGF13,ZNF358,0,0,0
43970,O75791,Q14203,1,0.526829268292683,0.4016030014147069,0.4642161348536949,0,,,,,,,0,GRAP2,DCTN1,0,0,0
43971,O75791,Q9P2F9,1,0.7268292682926829,0.4013074032920786,0.5640683357923808,0,,,,,,,0,GRAP2,ZNF319,0,0,0
43972,O75791,Q8TB24,1,0.7463414634146343,0.4013932446754045,0.5738673540450194,0,,,,,,,0,GRAP2,RIN3,0,0,0
43973,O75791,Q8N448,1,0.7219512195121951,0.4013218137183272,0.5616365166152611,0,,,,,,,0,GRAP2,LNX2,0,0,0
43982,O75791,Q9NQ87,1,0.7219512195121951,0.4016477171195863,0.5617994683158907,0,,,,,,,0,GRAP2,HEYL,0,0,0
43988,Q6ZVX7,Q06546,1,0.7268292682926829,0.4013222318263018,0.5640757500594924,0,,,,,,,0,NCCRP1,GABPA,0,0,0
43991,O75791,Q8TF50,1,0.7317073170731707,0.4013214807868452,0.566514398930008,0,,,,,,,0,GRAP2,ZNF526,0,0,0
43995,O75791,Q9BPX3,1,0.5219512195121951,0.401603162427101,0.4617771909696481,0,,,,,,,0,GRAP2,NCAPG,0,0,0
43997,O75791,Q8TES7,1,0.551219512195122,0.4015547900595653,0.4763871511273436,0,,,,,,,0,GRAP2,FBF1,0,0,0
44010,Q6ZVX7,O75716,1,0.7219512195121951,0.4010992193835085,0.5615252194478518,0,,,,,,,0,NCCRP1,STK16,0,0,0
44020,Q6ZVX7,Q969X2,1,0.7317073170731707,0.4012688723132567,0.5664880946932137,0,,,,,,,0,NCCRP1,ST6GALNAC6,0,0,0
44022,Q71RH2,H7BZ55,1,0.5219512195121951,0.4016029950363055,0.4617771072742503,0,,,,,,,0,TLCD3B,CROCC2,0,0,0
44067,P62253,Q86TM6,1,0.7268292682926829,0.4013068613837122,0.5640680648381975,0,,,,,,,0,UBE2G1,SYVN1,0,0,0
44071,P62253,Q9Y371,1,0.8341463414634146,0.4013184200859169,0.6177323807746657,0,,,,,,,0,UBE2G1,SH3GLB1,0,0,0
44089,O14904,Q9P2M7,1,0.551219512195122,0.4015548184313757,0.4763871653132489,0,,,,,,,0,WNT9A,CGN,0,0,0
44091,O14904,Q14203,1,0.526829268292683,0.4016030521740228,0.4642161602333529,0,,,,,,,0,WNT9A,DCTN1,0,0,0
44106,Q8NF99,P10073,1,0.7219512195121951,0.4008000304461582,0.5613756249791766,1,0.3533568904593639,,,,,,0,ZNF397,ZSCAN22,0,0,0
44107,Q8NF99,Q969J2,1,0.7219512195121951,0.4014990500548349,0.561725134783515,0,,,,,,,0,ZNF397,ZKSCAN4,0,0,0
44109,Q8NF99,O14771,1,0.7219512195121951,0.4010342974583146,0.5614927584852548,0,,,,,,,0,ZNF397,ZNF213,0,0,0
44113,Q8NF99,Q9Y2E8,1,0.8,0.4010923273651867,0.6005461636825934,0,,,,,,,0,ZNF397,SLC9A8,0,0,0
44115,O60884,Q99952,1,0.7268292682926829,0.401663121169353,0.564246194731018,0,,,,,,,0,DNAJA2,PTPN18,0,0,0
44117,O60884,Q5THK1,1,0.7463414634146343,0.4013210781583179,0.5738312707864761,0,,,,,,,0,DNAJA2,PRR14L,0,0,0
44118,O60884,Q13163,1,0.7219512195121951,0.4012321818362055,0.5615917006742003,0,,,,,,,0,DNAJA2,MAP2K5,0,0,0
44119,O60884,Q5SVS4,1,0.7219512195121951,0.4013092566196362,0.5616302380659156,0,,,,,,,0,DNAJA2,SLC25A30,0,0,0
44121,O60884,Q9UK39,1,0.7219512195121951,0.4017276467066346,0.5618394331094149,0,,,,,,,0,DNAJA2,NOCT,0,0,0
44122,O60884,Q92802,1,0.7268292682926829,0.401373106514316,0.5641011874034995,0,,,,,,,0,DNAJA2,N4BP2L2,0,0,0
44128,O60884,Q14203,1,0.7463414634146343,0.4013063381014928,0.5738239007580636,0,,,,,,,0,DNAJA2,DCTN1,0,0,0
44130,O60884,Q8TB24,1,0.7268292682926829,0.4013075109321448,0.5640683896124139,0,,,,,,,0,DNAJA2,RIN3,0,0,0
44133,O60884,Q99496,1,0.7268292682926829,0.4007986486553711,0.563813958474027,0,,,,,,,0,DNAJA2,RNF2,0,0,0
44138,O60884,Q9GZX7,1,0.8780487804878049,0.401309154908572,0.6396789676981884,0,,,,,,,0,DNAJA2,AICDA,0,0,0
44143,O60884,Q9H1R3,1,0.7219512195121951,0.4013092964532463,0.5616302579827207,0,,,,,,,0,DNAJA2,MYLK2,0,0,0
44149,A6NM43,Q14203,1,0.5219512195121951,0.4016029621222471,0.4617770908172211,0,,,,,,,0,CCT8L1P,DCTN1,0,0,0
44151,O60884,O95994,1,0.7707317073170732,0.4012116704588359,0.5859716888879545,0,,,,,,,0,DNAJA2,AGR2,0,0,0
44164,O75880,A6H8Y1,1,0.526829268292683,0.4016028754194112,0.4642160718560471,0,,,,,,,0,SCO1,BDP1,0,0,0
44182,O75880,Q8NFC6,1,0.526829268292683,0.401602927565001,0.464216097928842,0,,,,,,,0,SCO1,BOD1L1,0,0,0
44189,Q7Z3D6,Q6ZMJ4,1,0.526829268292683,0.4015550931151556,0.4641921807039192,0,,,,,,,0,DGLUCY,IL34,0,0,0
44191,Q7Z3D6,A6H8Y1,1,0.5219512195121951,0.4016030767142009,0.461777148113198,0,,,,,,,0,DGLUCY,BDP1,0,0,0
44206,Q9P0Z9,Q9Y2G2,1,0.7219512195121951,0.4014434177208543,0.5616973186165247,0,,,,,,,0,PIPOX,CARD8,0,0,0
44239,P49247,O75716,1,0.7219512195121951,0.4013738756972018,0.5616625476046985,0,,,,,,,0,RPIA,STK16,0,0,0
44242,O75648,Q5XKK7,1,0.7219512195121951,0.4013100310836963,0.5616306252979457,0,,,,,,,0,TRMU,FAM219B,0,0,0
44244,O75648,O15231,1,0.7170731707317073,0.4013240994435152,0.5591986350876113,0,,,,,,,0,TRMU,ZNF185,0,0,0
44266,Q56NI9,Q08378,1,0.526829268292683,0.4016332586857132,0.4642312634891981,0,,,,,,,0,ESCO2,GOLGA3,0,0,0
44295,Q56NI9,O43463,1,0.7219512195121951,0.4013082585822687,0.5616297390472319,0,,,,,,,0,ESCO2,SUV39H1,0,0,0
44298,Q56NI9,Q15276,1,0.7853658536585365,0.4015564293099204,0.5934611414842285,0,,,,,,,0,ESCO2,RABEP1,0,0,0
44300,P12270,Q9ULE4,1,0.5219512195121951,0.4016031128248198,0.4617771661685075,0,,,,,,,0,TPR,FAM184B,0,0,0
44356,Q8N0S6,Q9NY72,1,0.7268292682926829,0.4013061611615871,0.564067714727135,0,,,,,,,0,CENPL,SCN3B,0,0,0
44363,Q8N0S6,A3QJZ7,1,0.5365853658536585,0.4015553399314828,0.4690703528925706,0,,,,,,,0,CENPL,PRAMEF27,0,0,0
44376,Q8N0S6,Q86YJ6,1,0.551219512195122,0.4015546628946819,0.4763870875449019,0,,,,,,,0,CENPL,THNSL2,0,0,0
44387,Q8N0S6,Q6DN72,1,0.5219512195121951,0.4015549749538106,0.4617530972330028,0,,,,,,,0,CENPL,FCRL6,0,0,0
44398,Q8N0S6,Q9Y4R8,1,0.551219512195122,0.4015547749208966,0.4763871435580092,0,,,,,,,0,CENPL,TELO2,0,0,0
44400,Q8N0S6,O00322,1,0.551219512195122,0.4015549125905739,0.476387212392848,0,,,,,,,0,CENPL,UPK1A,0,0,0
44421,Q8N0S6,Q9H313,1,0.526829268292683,0.4015560520112699,0.4641926601519764,0,,,,,,,0,CENPL,TTYH1,0,0,0
44425,O75880,Q7Z3D6,1,0.551219512195122,0.4015545749713987,0.4763870435832603,0,,,,,,,0,SCO1,DGLUCY,0,0,0
44431,P12270,Q12800,1,0.5219512195121951,0.4016027910427981,0.4617770052774966,0,,,,,,,0,TPR,TFCP2,0,0,0
44471,Q12800,A0MZ66,1,0.7268292682926829,0.4013713980970848,0.5641003331948838,0,,,,,,,0,TFCP2,SHTN1,0,0,0
44484,Q12800,Q9BZG8,1,0.7463414634146343,0.4015421986150649,0.5739418310148496,0,,,,,,,0,TFCP2,DPH1,0,0,0
44488,Q12800,Q5C9Z4,1,0.7463414634146343,0.4013212412190042,0.5738313523168193,0,,,,,,,0,TFCP2,NOM1,0,0,0
44489,Q12800,O75185,1,0.551219512195122,0.4015546839601707,0.4763870980776463,0,,,,,,,0,TFCP2,ATP2C2,0,0,0
44500,Q12800,Q96ME1,1,0.7268292682926829,0.4013233255959411,0.564076296944312,0,,,,,,,0,TFCP2,FBXL18,0,0,0
44517,Q12800,Q12948,1,0.8048780487804879,0.4009631760085986,0.6029206123945432,0,,,,,,,0,TFCP2,FOXC1,0,0,0
44521,Q12800,P63279,1,0.7268292682926829,0.4013060915999147,0.5640676799462988,0,,,,,,,0,TFCP2,UBE2I,0,0,0
44535,P12270,P13686,1,0.5219512195121951,0.4016027861142975,0.4617770028132463,0,,,,,,,0,TPR,ACP5,0,0,0
44554,Q12800,O95872,1,0.7414634146341462,0.4015230604627039,0.5714932375484251,0,,,,,,,0,TFCP2,GPANK1,0,0,0
44565,Q12800,Q14126,1,0.7268292682926829,0.401320938311513,0.564075103302098,0,,,,,,,0,TFCP2,DSG2,0,0,0
44571,Q12800,Q99496,1,0.7268292682926829,0.401306450507127,0.5640678593999049,0,,,,,,,0,TFCP2,RNF2,0,0,0
44577,P12270,P0DMN0,1,0.526829268292683,0.4016028813214509,0.4642160748070669,0,,,,,,,0,TPR,SULT1A4,0,0,0
44579,Q12800,Q5HYK7,1,0.551219512195122,0.4015549180084241,0.476387215101773,0,,,,,,,0,TFCP2,SH3D19,0,0,0
44585,Q12800,P13010,1,0.8292682926829269,0.4013067183009159,0.6152875054919213,0,,,,,,,0,TFCP2,XRCC5,0,0,0
44589,Q12800,Q76L83,1,0.551219512195122,0.4015545582016449,0.4763870351983834,0,,,,,,,0,TFCP2,ASXL2,0,0,0
44617,P12270,P50225,1,0.526829268292683,0.4016027867095337,0.4642160275011083,0,,,,,,,0,TPR,SULT1A1,0,0,0
44623,Q12800,P14923,1,0.7463414634146343,0.4013223167339326,0.5738318900742834,0,,,,,,,0,TFCP2,JUP,0,0,0
44626,Q12800,Q9BT43,1,0.7268292682926829,0.4013061637034318,0.5640677159980574,0,,,,,,,0,TFCP2,POLR3GL,0,0,0
44639,Q12800,P25789,1,0.7268292682926829,0.401306293106226,0.5640677806994545,0,,,,,,,0,TFCP2,PSMA4,0,0,0
44647,Q12800,Q8NDH3,1,0.7219512195121951,0.4012305022935187,0.5615908609028569,0,,,,,,,0,TFCP2,NPEPL1,0,0,0
44656,Q12800,P30613,1,0.7219512195121951,0.4013868021845993,0.5616690108483973,0,,,,,,,0,TFCP2,PKLR,0,0,0
44658,Q12800,Q9ULV4,1,0.7219512195121951,0.4007849496706908,0.5613680845914429,0,,,,,,,0,TFCP2,CORO1C,0,0,0
44665,Q12800,P52272,1,0.7219512195121951,0.4013078568002864,0.5616295381562407,0,,,,,,,0,TFCP2,HNRNPM,0,0,0
44673,Q12800,Q9H334,1,0.8048780487804879,0.4013087716740255,0.6030934102272567,0,,,,,,,0,TFCP2,FOXP1,0,0,0
44674,Q12800,P12235,1,0.7560975609756097,0.4012279054868665,0.5786627332312381,0,,,,,,,0,TFCP2,SLC25A4,0,0,0
44690,Q5JR12,P63279,1,0.7268292682926829,0.4013073819481784,0.5640683251204306,0,,,,,,,0,PPM1J,UBE2I,0,0,0
44722,P12270,P12755,1,0.5219512195121951,0.401602894101261,0.4617770568067281,0,,,,,,,0,TPR,SKI,0,0,0
44730,P12270,O75185,1,0.5219512195121951,0.4016029486100776,0.4617770840611364,0,,,,,,,0,TPR,ATP2C2,0,0,0
44759,Q92750,Q0VAQ4,1,0.551219512195122,0.4015548855325806,0.4763871988638513,0,,,,,,,0,TAF4B,SMAGP,0,0,0
44778,Q92750,Q5QNW6,1,0.551219512195122,0.4015549800981488,0.4763872461466354,0,,,,,,,0,TAF4B,H2BC18,0,0,0
44781,P12270,Q32M84,1,0.5219512195121951,0.4016029270438329,0.461777073278014,0,,,,,,,0,TPR,BTBD16,0,0,0
44795,P12270,Q9UJ78,1,0.5219512195121951,0.4016029051331645,0.4617770623226798,0,,,,,,,0,TPR,ZMYM5,0,0,0
44801,Q92750,O76080,1,0.526829268292683,0.4015551209858665,0.4641921946392747,0,,,,,,,0,TAF4B,ZFAND5,0,0,0
44875,P12270,Q8N9U0,1,0.5219512195121951,0.4016029475493204,0.4617770835307577,0,,,,,,,0,TPR,TC2N,0,0,0
44890,P12270,Q86SS6,1,0.5219512195121951,0.4016029434090457,0.4617770814606204,0,,,,,,,0,TPR,SYT9,0,0,0
44898,P12270,Q5HYK7,1,0.5219512195121951,0.401602975069598,0.4617770972908965,0,,,,,,,0,TPR,SH3D19,0,0,0
44902,P04628,Q96HF1,1,0.8341463414634146,0.4013855704526125,0.6177659559580135,0,,,,,,,0,WNT1,SFRP2,0,0,0
44916,P12270,Q76L83,1,0.526829268292683,0.4016031172483902,0.4642161927705366,0,,,,,,,0,TPR,ASXL2,0,0,0
44944,Q96EL2,P10074,1,0.7463414634146343,0.4015427469471385,0.5739421051808864,0,,,,,,,0,MRPS24,ZBTB48,0,0,0
44963,Q96EL2,P52736,1,0.7414634146341462,0.401518275797396,0.5714908452157711,0,,,,,,,0,MRPS24,ZNF133,0,0,0
44971,Q96EL2,Q8IVV7,1,0.7219512195121951,0.401309046550361,0.5616301330312781,0,,,,,,,0,MRPS24,GID4,0,0,0
44973,P12270,Q8IUF8,1,0.5219512195121951,0.4016029565824706,0.4617770880473328,0,,,,,,,0,TPR,RIOX2,0,0,0
44993,Q96EL2,P82932,1,0.7268292682926829,0.4014956991052103,0.5641624836989466,0,,,,,,,0,MRPS24,MRPS6,0,0,0
44996,Q96EL2,Q8N465,1,0.7268292682926829,0.4013219413975316,0.5640756048451072,0,,,,,,,0,MRPS24,D2HGDH,0,0,0
45009,Q99952,P84077,1,0.7268292682926829,0.4013074376739254,0.5640683529833042,0,,,,,,,0,PTPN18,ARF1,0,0,0
45011,P12270,Q9BQN1,1,0.5219512195121951,0.4016029779838198,0.4617770987480074,0,,,,,,,0,TPR,FAM83C,0,0,0
45024,P12270,Q9HB89,1,0.5219512195121951,0.4016029857375307,0.4617771026248629,0,,,,,,,0,TPR,NMUR1,0,0,0
45040,P12270,Q9Y6F1,1,0.5219512195121951,0.4016030199806394,0.4617771197464173,0,,,,,,,0,TPR,PARP3,0,0,0
45042,P12270,Q8N468,1,0.5219512195121951,0.4016030697189086,0.4617771446155518,0,,,,,,,0,TPR,MFSD4A,0,0,0
45043,P12270,P58417,1,0.526829268292683,0.401602997674357,0.4642161329835199,0,,,,,,,0,TPR,NXPH1,0,0,0
45054,Q9H3H1,Q08378,1,0.526829268292683,0.4015550090965832,0.464192138694633,0,,,,,,,0,TRIT1,GOLGA3,0,0,0
45073,O75880,O95202,1,0.7414634146341462,0.4013696939340193,0.5714165542840828,0,,,,,,,0,SCO1,LETM1,0,0,0
45074,O75880,Q96BR5,1,0.7268292682926829,0.4013726478625699,0.5641009580776264,0,,,,,,,0,SCO1,COA7,0,0,0
45080,P12270,A7MCY6,1,0.5219512195121951,0.4016029274197241,0.4617770734659596,0,,,,,,,0,TPR,TBKBP1,0,0,0
45106,P12270,Q14005,1,0.526829268292683,0.4016030148434554,0.4642161415680692,0,,,,,,,0,TPR,IL16,0,0,0
45112,P12270,O14730,1,0.5219512195121951,0.4016029255520026,0.4617770725320989,0,,,,,,,0,TPR,RIOK3,0,0,0
45145,P12270,P49959,1,0.7365853658536585,0.4015174416410484,0.5690514037473535,0,,,,,,,0,TPR,MRE11,0,0,0
45152,Q9H992,Q2TBA0,1,0.7219512195121951,0.4013090306419842,0.5616301250770896,0,,,,,,,0,MARCHF7,KLHL40,0,0,0
45158,P12270,Q8IY51,1,0.5219512195121951,0.4016029348786396,0.4617770771954174,0,,,,,,,0,TPR,TIGD4,0,0,0
45171,Q9H992,Q9UI47,1,0.7219512195121951,0.4013216259818207,0.5616364227470079,0,,,,,,,0,MARCHF7,CTNNA3,0,0,0
45174,Q9H992,Q8N9B8,1,0.5219512195121951,0.401555049358282,0.4617531344352386,0,,,,,,,0,MARCHF7,RASGEF1A,0,0,0
45176,Q9H992,Q9GZX7,1,0.5365853658536585,0.4015552076626749,0.4690702867581666,0,,,,,,,0,MARCHF7,AICDA,0,0,0
45186,Q9H992,A6H8Y1,1,0.5219512195121951,0.4016028124664099,0.4617770159893025,0,,,,,,,0,MARCHF7,BDP1,0,0,0
45187,Q9H992,Q8NFC6,1,0.5219512195121951,0.4016028116056885,0.4617770155589418,0,,,,,,,0,MARCHF7,BOD1L1,0,0,0
45190,Q9H992,P10828,1,0.5219512195121951,0.4015550195736682,0.4617531195429316,0,,,,,,,0,MARCHF7,THRB,0,0,0
45191,Q9H992,Q5H9J9,1,0.5219512195121951,0.4015556427149038,0.4617534311135495,0,,,,,,,0,MARCHF7,TCP11X2,0,0,0
45192,Q9H992,Q9NU63,1,0.5365853658536585,0.4015547834713866,0.4690700746625225,0,,,,,,,0,MARCHF7,ZFP57,0,0,0
45207,Q9H992,Q9NR63,1,0.5219512195121951,0.4015556189932534,0.4617534192527243,0,,,,,,,0,MARCHF7,CYP26B1,0,0,0
45212,P12270,O43290,1,0.751219512195122,0.4010969086038665,0.5761582103994942,0,,,,,,,0,TPR,SART1,0,0,0
45213,P12270,Q9P2N2,1,0.5219512195121951,0.4016028414135761,0.4617770304628856,0,,,,,,,0,TPR,ARHGAP28,0,0,0
45232,P12270,Q15003,1,0.5219512195121951,0.4016028427050748,0.461777031108635,0,,,,,,,0,TPR,NCAPH,0,0,0
45281,Q5XKK7,P0CAP2,1,0.526829268292683,0.4015548031787511,0.464192035735717,0,,,,,,,0,FAM219B,POLR2M,0,0,0
45421,Q9H0J4,Q659A1,1,0.551219512195122,0.401554572382921,0.4763870422890215,0,,,,,,,0,QRICH2,ICE2,0,0,0
45435,Q9H0J4,P21580,1,0.526829268292683,0.4016028418322537,0.4642160550624683,0,,,,,,,0,QRICH2,TNFAIP3,0,0,0
45441,Q9H0J4,Q14CM0,1,0.551219512195122,0.4015546371873201,0.476387074691221,0,,,,,,,0,QRICH2,FRMPD4,0,0,0
45454,Q9H0J4,Q9H2G4,1,0.526829268292683,0.4016028938768413,0.4642160810847621,0,,,,,,,0,QRICH2,TSPYL2,0,0,0
45468,Q9H0J4,Q2TAK8,1,0.526829268292683,0.4016028151230449,0.4642160417078639,0,,,,,,,0,QRICH2,PWWP3A,0,0,0
45469,Q9H0J4,O94972,1,0.5219512195121951,0.4016028796634263,0.4617770495878107,0,,,,,,,0,QRICH2,TRIM37,0,0,0
45472,Q9H0J4,Q7L775,1,0.526829268292683,0.4016028537541761,0.4642160610234295,0,,,,,,,0,QRICH2,EPM2AIP1,0,0,0
45515,Q7Z5L3,Q8IUC2,1,0.526829268292683,0.4015550890481655,0.4641921786704242,0,,,,,,,0,C1QL2,KRTAP8-1,0,0,0
45535,Q7Z5L3,Q9C0I3,1,0.551219512195122,0.4015546175946158,0.4763870648948689,0,,,,,,,0,C1QL2,CCSER1,0,0,0
45750,O15520,Q9ULK2,1,0.551219512195122,0.4016331692290092,0.4764263407120656,0,,,,,,,0,FGF10,ATXN7L1,0,0,0
45753,O15520,Q8N4U5,1,0.551219512195122,0.401633215115997,0.4764263636555594,0,,,,,,,0,FGF10,TCP11L2,0,0,0
45772,O15520,Q92541,1,0.551219512195122,0.4016329994829387,0.4764262558390303,0,,,,,,,0,FGF10,RTF1,0,0,0
45774,O15520,Q7L804,1,0.551219512195122,0.4016329955198877,0.4764262538575048,0,,,,,,,0,FGF10,RAB11FIP2,0,0,0
45794,O15520,Q8TF50,1,0.526829268292683,0.4015549433514911,0.464192105822087,0,,,,,,,0,FGF10,ZNF526,0,0,0
45805,O15520,P35269,1,0.551219512195122,0.4016332054360866,0.4764263588156043,0,,,,,,,0,FGF10,GTF2F1,0,0,0
45818,O15520,A6NKL6,1,0.526829268292683,0.4015547077449317,0.4641919880188073,0,,,,,,,0,FGF10,TMEM200C,0,0,0
45834,O15520,Q8NEP3,1,0.551219512195122,0.4015549338173915,0.4763872230062567,0,,,,,,,0,FGF10,DNAAF1,0,0,0
45836,O15520,Q8IYW5,1,0.551219512195122,0.4015548128124617,0.4763871625037918,0,,,,,,,0,FGF10,RNF168,0,0,0
45937,Q96NL8,O75167,1,0.526829268292683,0.4015550294705891,0.464192148881636,0,,,,,,,0,CFAP418,PHACTR2,0,0,0
46151,O14662,Q5TDH0,1,0.526829268292683,0.401555133195452,0.4641922007440675,0,,,,,,,0,STX16,DDI2,0,0,0
46223,Q96NL8,Q9UPM9,1,0.5219512195121951,0.4017669782611072,0.4618590988866511,0,,,,,,,0,CFAP418,B9D1,0,0,0
46293,O14662,O95994,1,0.7219512195121951,0.4014445235954429,0.561697871553819,0,,,,,,,0,STX16,AGR2,0,0,0
46296,Q15365,Q9NRV9,1,0.7219512195121951,0.4013084800715641,0.5616298497918796,0,,,,,,,0,PCBP1,HEBP1,0,0,0
46297,Q15365,O75340,1,0.7219512195121951,0.401308138076149,0.561629678794172,0,,,,,,,0,PCBP1,PDCD6,0,0,0
46298,Q15365,Q9Y2R4,1,0.7219512195121951,0.4013079425886162,0.5616295810504056,0,,,,,,,0,PCBP1,DDX52,0,0,0
46299,Q15365,P12644,1,0.7268292682926829,0.4013858856835773,0.5641075769881301,0,,,,,,,0,PCBP1,BMP4,0,0,0
46300,Q15365,Q14203,1,0.7317073170731707,0.4013215103160751,0.566514413694623,0,,,,,,,0,PCBP1,DCTN1,0,0,0
46301,Q15365,Q15233,1,0.7804878048780488,0.401557737902932,0.5910227713904904,0,,,,,,,0,PCBP1,NONO,0,0,0
46302,Q15365,Q8TB24,1,0.7268292682926829,0.4013069001718636,0.5640680842322733,0,,,,,,,0,PCBP1,RIN3,0,0,0
46304,Q15365,P13010,1,0.7268292682926829,0.4013073010645031,0.5640682846785929,0,,,,,,,0,PCBP1,XRCC5,0,0,0
46305,Q15365,P52298,1,0.8243902439024391,0.4013088250299634,0.6128495344662013,0,,,,,,,0,PCBP1,NCBP2,0,0,0
46307,Q15365,Q96AE4,1,0.7268292682926829,0.4013071447420022,0.5640682065173426,0,,,,,,,0,PCBP1,FUBP1,0,0,0
46315,Q15365,P35680,1,0.7268292682926829,0.4013069045083376,0.5640680864005103,0,,,,,,,0,PCBP1,HNF1B,0,0,0
46328,Q15365,P52272,1,0.7317073170731707,0.4013216323482999,0.5665144747107353,0,,,,,,,0,PCBP1,HNRNPM,0,0,0
46337,Q15365,P39023,1,0.7219512195121951,0.4013736124799821,0.5616624159960886,0,,,,,,,0,PCBP1,RPL3,0,0,0
46341,Q15365,Q13148,1,0.7219512195121951,0.4014170071995365,0.5616841133558658,0,,,,,,,0,PCBP1,TARDBP,0,0,0
46353,Q15365,O00425,1,0.7219512195121951,0.4010335545240023,0.5614923870180987,0,,,,,,,0,PCBP1,IGF2BP3,0,0,0
46364,Q15365,O43290,1,0.7268292682926829,0.4013065074091838,0.5640678878509333,0,,,,,,,0,PCBP1,SART1,0,0,0
46375,Q9BTN0,Q9H4A9,1,0.7219512195121951,0.4013101244141798,0.5616306719631874,0,,,,,,,0,LRFN3,DPEP2,0,0,0
46379,Q9BTN0,Q8IZJ4,1,0.526829268292683,0.4016329499565369,0.4642311091246099,0,,,,,,,0,LRFN3,RGL4,0,0,0
46384,Q9BTN0,Q9Y2A9,1,0.7414634146341462,0.4015337942562211,0.5714986044451836,0,,,,,,,0,LRFN3,B3GNT3,0,0,0
46386,Q9BTN0,P13385,1,0.7268292682926829,0.4014563829264523,0.5641428256095676,0,,,,,,,0,LRFN3,TDGF1,0,0,0
46392,Q9BTN0,Q8TES7,1,0.526829268292683,0.401633246326292,0.4642312573094874,0,,,,,,,0,LRFN3,FBF1,0,0,0
46402,Q9BTN0,Q13148,1,0.526829268292683,0.4016336861835,0.4642314772380914,0,,,,,,,0,LRFN3,TARDBP,0,0,0
46407,P57789,Q8N136,1,0.551219512195122,0.4016329528952729,0.4764262325451974,0,,,,,,,0,KCNK10,DAW1,0,0,0
46412,P57789,O15211,1,0.551219512195122,0.4016332055218335,0.4764263588584777,0,,,,,,,0,KCNK10,RGL2,0,0,0
46433,P57789,H7BZ55,1,0.526829268292683,0.4016813788751121,0.4642553235838975,0,,,,,,,0,KCNK10,CROCC2,0,0,0
46446,P57789,Q6IMI6,1,0.526829268292683,0.4016329250908373,0.4642310966917601,0,,,,,,,0,KCNK10,SULT1C3,0,0,0
46468,P57789,Q7M4L6,1,0.551219512195122,0.4016333459666972,0.4764264290809096,0,,,,,,,0,KCNK10,SHF,0,0,0
46530,P57789,Q9Y4R8,1,0.551219512195122,0.4015552048458423,0.4763873585204821,0,,,,,,,0,KCNK10,TELO2,0,0,0
46531,P57789,O00322,1,0.551219512195122,0.4015548754703362,0.4763871938327291,0,,,,,,,0,KCNK10,UPK1A,0,0,0
46569,Q13310,Q15022,1,0.7268292682926829,0.401306620572312,0.5640679444324974,0,,,,,,,0,PABPC4,SUZ12,0,0,0
46573,Q13310,P12755,1,0.7268292682926829,0.4013068088511897,0.5640680385719363,0,,,,,,,0,PABPC4,SKI,0,0,0
46585,Q13310,O14979,1,0.7268292682926829,0.4013064662904174,0.5640678672915501,0,,,,,,,0,PABPC4,HNRNPDL,0,0,0
46588,Q13310,O75340,1,0.7560975609756097,0.4013166791579843,0.578707120066797,0,,,,,,,0,PABPC4,PDCD6,0,0,0
46593,Q13310,O75688,1,0.7463414634146343,0.4015308890233165,0.5739361762189754,0,,,,,,,0,PABPC4,PPM1B,0,0,0
46601,Q13310,Q96SN8,1,0.7317073170731707,0.4013211182968678,0.5665142176850193,0,,,,,,,0,PABPC4,CDK5RAP2,0,0,0
46602,Q13310,P35226,1,0.7219512195121951,0.40132141090004,0.5616363152061176,0,,,,,,,0,PABPC4,BMI1,0,0,0
46609,Q15459,Q12951,1,0.551219512195122,0.4015548952336475,0.4763872037143847,0,,,,,,,0,SF3A1,FOXI1,0,0,0
46620,Q13310,Q99496,1,0.7219512195121951,0.4013212466911174,0.5616362331016562,0,,,,,,,0,PABPC4,RNF2,0,0,0
46622,Q13310,P52298,1,0.8243902439024391,0.4014560596866621,0.6129231517945506,0,,,,,,,0,PABPC4,NCBP2,0,0,0
46624,Q15459,Q15696,1,0.7560975609756097,0.4013168031616985,0.578707182068654,0,,,,,,,0,SF3A1,ZRSR2,0,0,0
46625,Q15459,Q9UQ35,1,0.7853658536585365,0.4014153429847709,0.5933905983216536,0,,,,,,,0,SF3A1,SRRM2,0,0,0
46633,Q13310,Q5CZ79,1,0.526829268292683,0.4015549573350258,0.4641921128138543,0,,,,,,,0,PABPC4,ANKRD20A8P,0,0,0
46648,Q13310,Q9BS86,1,0.526829268292683,0.401555102387012,0.4641921853398474,0,,,,,,,0,PABPC4,ZPBP,0,0,0
46650,Q13310,Q6N043,1,0.526829268292683,0.4015547456340517,0.4641920069633673,0,,,,,,,0,PABPC4,ZNF280D,0,0,0
46654,Q13310,Q9BQA1,1,0.7268292682926829,0.4013064342867313,0.564067851289707,0,,,,,,,0,PABPC4,WDR77,0,0,0
46671,Q13310,Q8WXA9,1,0.7268292682926829,0.4013719124875068,0.5641005903900949,0,,,,,,,0,PABPC4,SREK1,0,0,0
46679,Q13310,Q12926,1,0.7317073170731707,0.401321466896001,0.5665143919845859,0,,,,,,,0,PABPC4,ELAVL2,0,0,0
46682,Q13310,Q13148,1,0.7317073170731707,0.4013216332845862,0.5665144751788784,0,,,,,,,0,PABPC4,TARDBP,0,0,0
46683,Q15459,Q9P0Z9,1,0.551219512195122,0.4015551779038043,0.4763873450494631,0,,,,,,,0,SF3A1,PIPOX,0,0,0
46684,Q13310,Q8IYW5,1,0.7170731707317073,0.4013237400293179,0.5591984553805126,0,,,,,,,0,PABPC4,RNF168,0,0,0
46694,Q13310,O43290,1,0.7463414634146343,0.4015311133059441,0.5739362883602892,0,,,,,,,0,PABPC4,SART1,0,0,0
46704,Q9NRM2,Q6P4F7,1,0.551219512195122,0.4015547942663038,0.4763871532307129,0,,,,,,,0,ZNF277,ARHGAP11A,0,0,0
46706,Q9NRM2,Q16891,1,0.5219512195121951,0.4015550639890725,0.4617531417506338,0,,,,,,,0,ZNF277,IMMT,0,0,0
46716,Q9NRM2,O60763,1,0.551219512195122,0.4015548063923698,0.4763871592937458,0,,,,,,,0,ZNF277,USO1,0,0,0
