uidA,uidB,Predicted Classes,Probability Score,Regression Value,mean_prob_aff,stringdb_check,score_norm,uidA_irefindex,uidB_irefindex,method,Host_organism_taxid,numParticipants,irefindex_check,GeneA,GeneB,OP_A,OP_B,OP_check
P01106,P25789,1,0.551219512,0.40163313,0.476426321,0,,,,,,,0,MYC,PSMA4,1,0,1
P01258,Q14050,1,0.551219512,0.401632989,0.476426251,0,,,,,,,0,CALCA,COL9A3,1,0,1
O43895,P29474,1,0.551219512,0.401632959,0.476426236,0,,,,,,,0,XPNPEP2,NOS3,0,1,1
P01701,Q9BQB4,1,0.52195122,0.401633112,0.461792166,0,,,,,,,0,IGLV1-51,SOST,0,1,1
P04198,Q9UJK0,1,0.551219512,0.40163309,0.476426301,0,,,,,,,0,MYCN,TSR3,1,0,1
P18075,Q9BQN1,1,0.551219512,0.401632929,0.47642622,0,,,,,,,0,BMP7,FAM83C,1,0,1
Q04206,Q8NGJ6,1,0.551219512,0.401632969,0.476426241,0,,,,,,,0,RELA,OR51A4,1,0,1
P31749,Q2TBA0,1,0.526829268,0.40163327,0.464231269,0,,,,,,,0,AKT1,KLHL40,1,0,1
P02461,Q99952,1,0.551219512,0.401633008,0.47642626,0,,,,,,,0,COL3A1,PTPN18,1,0,1
P06746,Q04206,1,0.526829268,0.401633168,0.464231218,0,,,,,,,0,POLB,RELA,0,1,1
P02452,Q8WVV4,1,0.52195122,0.401681239,0.461816229,0,,,,,,,0,COL1A1,POF1B,1,0,1
P12429,Q9Y4K3,1,0.551219512,0.401633091,0.476426301,0,,,,,,,0,ANXA3,TRAF6,0,1,1
P08123,Q99457,1,0.551219512,0.401633051,0.476426282,0,,,,,,,0,COL1A2,NAP1L3,1,0,1
A0A3B3IU46,P12524,1,0.526829268,0.401633097,0.464231183,0,,,,,,,0,RAMACL,MYCL,0,1,1
O15520,P04637,1,0.551219512,0.401633124,0.476426318,0,,,,,,,0,FGF10,TP53,0,1,1
P35226,Q04206,1,0.551219512,0.401632932,0.476426222,1,0.113074205,,,,,,0,BMI1,RELA,0,1,1
P02461,Q9BQ52,1,0.551219512,0.401633014,0.476426263,0,,,,,,,0,COL3A1,ELAC2,1,0,1
O75503,P20908,1,0.52195122,0.401681347,0.461816283,0,,,,,,,0,CLN5,COL5A1,0,1,1
P04198,P57729,1,0.551219512,0.401633023,0.476426267,0,,,,,,,0,MYCN,RAB38,1,0,1
B3KS81,Q9UNN8,1,0.551219512,0.401632952,0.476426232,0,,,,,,,0,SRRM5,PROCR,0,1,1
P10451,Q8TAC1,1,0.551219512,0.401633148,0.47642633,0,,,,,,,0,SPP1,RFESD,1,0,1
P19838,P19838,1,0.951219512,0.399932211,0.675575862,0,,P19838,P19838,"psi-mi:""MI:0364""(inferred by curator)",taxid:9606(Homo sapiens),2,1,NFKB1,NFKB1,1,1,1
P17612,Q9BQN1,1,0.551219512,0.401633002,0.476426257,0,,,,,,,0,PRKACA,FAM83C,1,0,1
A0A0B4J1V7,P12643,1,0.551219512,0.401633103,0.476426308,0,,,,,,,0,IGHV7-81,BMP2,0,1,1
P28482,Q96PX1,1,0.551219512,0.401633078,0.476426295,0,,,,,,,0,MAPK1,RNF157,1,0,1
P10451,Q5T0F9,1,0.551219512,0.401632893,0.476426202,0,,,,,,,0,SPP1,CC2D1B,1,0,1
P04637,Q9P0W0,1,0.551219512,0.401633158,0.476426335,0,,,,,,,0,TP53,IFNK,1,0,1
P42574,P42574,1,0.83902439,0.412623296,0.625823843,0,,,,,,,0,CASP3,CASP3,1,1,1
P12931,P53420,1,0.551219512,0.401632861,0.476426187,0,,,,,,,0,SRC,COL4A4,1,0,1
P01258,Q71UM5,1,0.526829268,0.401633049,0.464231159,0,,,,,,,0,CALCA,RPS27L,1,0,1
Q96HV5,Q9UNN8,1,0.551219512,0.401633924,0.476426718,0,,,,,,,0,TMEM41A,PROCR,0,1,1
P10451,Q9BT43,1,0.551219512,0.401632875,0.476426194,0,,,,,,,0,SPP1,POLR3GL,1,0,1
P35354,Q9Y2J2,1,0.551219512,0.40163294,0.476426226,0,,,,,,,0,PTGS2,EPB41L3,1,0,1
P02452,Q96CH1,1,0.526829268,0.401633277,0.464231273,0,,,,,,,0,COL1A1,GPR146,1,0,1
P12524,Q13188,1,0.551219512,0.401632959,0.476426236,0,,,,,,,0,MYCL,STK3,1,0,1
P06401,Q96DZ1,1,0.551219512,0.401632912,0.476426212,0,,,,,,,0,PGR,ERLEC1,1,0,1
P02452,Q96MC9,1,0.526829268,0.401681083,0.464255176,0,,,,,,,0,COL1A1,IKBKE-AS1,1,0,1
P02461,Q9UKQ9,1,0.526829268,0.401681144,0.464255206,0,,,,,,,0,COL3A1,KLK9,1,0,1
P02452,Q9BZG8,1,0.551219512,0.401632968,0.47642624,0,,,,,,,0,COL1A1,DPH1,1,0,1
P04004,P17858,1,0.551219512,0.401632955,0.476426234,0,,,,,,,0,VTN,PFKL,1,0,1
P25940,P54136,1,0.526829268,0.401681236,0.464255252,0,,,,,,,0,COL5A3,RARS1,1,0,1
P08123,Q96BR6,1,0.551219512,0.401632884,0.476426198,0,,,,,,,0,COL1A2,ZNF669,1,0,1
A0A286YF18,P04198,1,0.551219512,0.401632928,0.47642622,0,,,,,,,0,SMIM44,MYCN,0,1,1
P10451,P85299,1,0.536585366,0.40163337,0.469109368,0,,,,,,,0,SPP1,PRR5,1,0,1
P02452,Q99742,1,0.551219512,0.401632974,0.476426243,0,,,,,,,0,COL1A1,NPAS1,1,0,1
P06401,Q8N6M3,1,0.52195122,0.401681284,0.461816252,0,,,,,,,0,PGR,FITM2,1,0,1
P23219,Q9UQC9,1,0.551219512,0.401633009,0.476426261,0,,,,,,,0,PTGS1,CLCA2,1,0,1
P18075,Q9P2N2,1,0.551219512,0.401633017,0.476426264,0,,,,,,,0,BMP7,ARHGAP28,1,0,1
P02461,Q5SQN1,1,0.52195122,0.401681113,0.461816166,0,,,,,,,0,COL3A1,SNAP47,1,0,1
O76036,P25940,1,0.551219512,0.401632871,0.476426192,0,,,,,,,0,NCR1,COL5A3,0,1,1
P05997,Q3YEC7,1,0.551219512,0.401632885,0.476426198,0,,,,,,,0,COL5A2,RABL6,1,0,1
P02461,Q9UKP6,1,0.551219512,0.401632878,0.476426195,0,,,,,,,0,COL3A1,UTS2R,1,0,1
P49841,Q8N1W2,1,0.551219512,0.401633015,0.476426263,0,,,,,,,0,GSK3B,ZNF710,1,0,1
P10415,P40121,1,0.551219512,0.401632906,0.476426209,0,,,,,,,0,BCL2,CAPG,1,0,1
Q04206,Q06889,1,0.551219512,0.401632855,0.476426183,0,,,,,,,0,RELA,EGR3,1,0,1
O14788,Q58FG1,1,0.551219512,0.401633153,0.476426333,0,,,,,,,0,TNFSF11,HSP90AA4P,1,0,1
P05997,Q8N8B7,1,0.551219512,0.401632897,0.476426205,0,,,,,,,0,COL5A2,TCEANC,1,0,1
A0A075B6S6,P04198,1,0.551219512,0.401632895,0.476426204,0,,,,,,,0,IGKV2D-30,MYCN,0,1,1
A8MYV0,O14788,1,0.551219512,0.40163312,0.476426316,0,,,,,,,0,DCDC2C,TNFSF11,0,1,1
P08123,P0C7T7,1,0.526829268,0.401681181,0.464255225,0,,,,,,,0,COL1A2,FRMD6-AS1,1,0,1
P03372,Q9H2K8,1,0.551219512,0.401633164,0.476426338,0,,,,,,,0,ESR1,TAOK3,1,0,1
P10415,Q9BTN0,1,0.551219512,0.401633207,0.476426359,0,,,,,,,0,BCL2,LRFN3,1,0,1
P04629,Q8IU57,1,0.551219512,0.401633187,0.47642635,0,,,,,,,0,NTRK1,IFNLR1,1,0,1
O43353,P02461,1,0.551219512,0.401633067,0.47642629,0,,,,,,,0,RIPK2,COL3A1,0,1,1
P20908,Q8IWF2,1,0.526829268,0.4016812,0.464255234,0,,,,,,,0,COL5A1,FOXRED2,1,0,1
P08123,Q8NGU1,1,0.551219512,0.401632973,0.476426243,0,,,,,,,0,COL1A2,OR9A1P,1,0,1
P0DJD7,P31749,1,0.536585366,0.401633182,0.469109274,0,,,,,,,0,PGA4,AKT1,0,1,1
P12931,P12931,1,0.892682927,0.407752955,0.650217941,0,,,,,,,0,SRC,SRC,1,1,1
P02452,Q8N1D5,1,0.551219512,0.401632956,0.476426234,0,,,,,,,0,COL1A1,CFAP107,1,0,1
O15522,P04198,1,0.551219512,0.401632813,0.476426162,0,,,,,,,0,NKX2-8,MYCN,0,1,1
H3BNL1,P04637,1,0.551219512,0.401633008,0.47642626,0,,,,,,,0,C3orf84,TP53,0,1,1
P02452,Q5JR12,1,0.551219512,0.401633004,0.476426258,0,,,,,,,0,COL1A1,PPM1J,1,0,1
P05997,P50391,1,0.551219512,0.401632944,0.476426228,0,,,,,,,0,COL5A2,NPY4R,1,0,1
P05997,Q6IPT4,1,0.551219512,0.401632982,0.476426247,0,,,,,,,0,COL5A2,CYB5RL,1,0,1
P04637,Q2M2D7,1,0.551219512,0.401633121,0.476426317,0,,,,,,,0,TP53,TBC1D28,1,0,1
Q6UUV7,Q9UNN8,1,0.551219512,0.401633127,0.47642632,0,,,,,,,0,CRTC3,PROCR,0,1,1
P08123,Q16222,1,0.551219512,0.401632976,0.476426244,0,,,,,,,0,COL1A2,UAP1,1,0,1
P10415,Q9BPX3,1,0.52195122,0.401681118,0.461816169,0,,,,,,,0,BCL2,NCAPG,1,0,1
P31749,Q6P996,1,0.551219512,0.401632967,0.47642624,0,,,,,,,0,AKT1,PDXDC1,1,0,1
P06401,P06401,1,0.726829268,0.409408115,0.568118692,0,,,,,,,0,PGR,PGR,1,1,1
P05412,P59282,1,0.526829268,0.401633364,0.464231316,0,,,,,,,0,JUN,TPPP2,1,0,1
P16284,P25940,1,0.526829268,0.401681227,0.464255247,0,,,,,,,0,PECAM1,COL5A3,0,1,1
O14788,O15231,1,0.551219512,0.401633169,0.476426341,0,,,,,,,0,TNFSF11,ZNF185,1,0,1
P25940,Q06546,1,0.526829268,0.401633233,0.464231251,0,,,,,,,0,COL5A3,GABPA,1,0,1
P00167,P04198,1,0.526829268,0.401633199,0.464231234,0,,,,,,,0,CYB5A,MYCN,0,1,1
P01106,Q9H341,1,0.551219512,0.401633338,0.476426425,0,,,,,,,0,MYC,OR51M1,1,0,1
P04637,Q70IA6,1,0.551219512,0.401633143,0.476426328,0,,,,,,,0,TP53,MOB2,1,0,1
P43235,Q8WXE0,1,0.551219512,0.401632897,0.476426205,0,,,,,,,0,CTSK,CASKIN2,1,0,1
O14788,Q9UI47,1,0.551219512,0.401632847,0.47642618,0,,,,,,,0,TNFSF11,CTNNA3,1,0,1
P12931,Q9P2E5,1,0.551219512,0.401633137,0.476426325,0,,,,,,,0,SRC,CHPF2,1,0,1
A8MV65,P02452,1,0.551219512,0.401632956,0.476426234,0,,,,,,,0,VGLL3,COL1A1,0,1,1
A0A2R8YFL7,P02818,1,0.52195122,0.401633198,0.461792209,0,,,,,,,0,OOSP4A,BGLAP,0,1,1
P02461,Q96NL0,1,0.551219512,0.401632951,0.476426232,0,,,,,,,0,COL3A1,RUNDC3B,1,0,1
Q8NGS7,Q9Y4K3,1,0.551219512,0.401633139,0.476426326,0,,,,,,,0,OR13C8,TRAF6,0,1,1
P04004,Q96S38,1,0.551219512,0.401632868,0.47642619,0,,,,,,,0,VTN,RPS6KC1,1,0,1
Q16539,Q96TA2,1,0.551219512,0.401633026,0.476426269,0,,,,,,,0,MAPK14,YME1L1,1,0,1
Q6UX07,Q9UNN8,1,0.526829268,0.401633116,0.464231192,0,,,,,,,0,DHRS13,PROCR,0,1,1
P02461,Q5JNZ3,1,0.551219512,0.401632883,0.476426198,0,,,,,,,0,COL3A1,ZNF311,1,0,1
O14662,P02818,1,0.526829268,0.401633035,0.464231152,0,,,,,,,0,STX16,BGLAP,0,1,1
P54278,Q9Y4K3,1,0.551219512,0.40163305,0.476426281,0,,,,,,,0,PMS2,TRAF6,0,1,1
P02452,P32238,1,0.551219512,0.401633197,0.476426354,0,,,,,,,0,COL1A1,CCKAR,1,0,1
P06401,Q96NG8,1,0.551219512,0.40163308,0.476426296,0,,,,,,,0,PGR,ZNF582,1,0,1
P25940,Q9BYW1,1,0.551219512,0.401632924,0.476426218,0,,,,,,,0,COL5A3,SLC2A11,1,0,1
P25940,Q969R8,1,0.551219512,0.401633067,0.47642629,0,,,,,,,0,COL5A3,ITFG2,1,0,1
O94955,P06401,1,0.551219512,0.401633023,0.476426268,0,,,,,,,0,RHOBTB3,PGR,0,1,1
Q16586,Q9UNN8,1,0.551219512,0.401633112,0.476426312,0,,,,,,,0,SGCA,PROCR,0,1,1
P02452,Q96AY3,1,0.52195122,0.401681144,0.461816182,0,,,,,,,0,COL1A1,FKBP10,1,0,1
P06401,Q0VAM2,1,0.551219512,0.401632978,0.476426245,0,,,,,,,0,PGR,RASGEF1B,1,0,1
P06401,Q92993,1,0.551219512,0.40163292,0.476426216,0,,,,,,,0,PGR,KAT5,1,0,1
P06401,Q86YW0,1,0.526829268,0.401633228,0.464231248,0,,,,,,,0,PGR,PLCZ1,1,0,1
P05997,Q9UBT2,1,0.551219512,0.401632929,0.47642622,0,,,,,,,0,COL5A2,UBA2,1,0,1
O00203,P06401,1,0.551219512,0.401632992,0.476426252,0,,,,,,,0,AP3B1,PGR,0,1,1
Q9UNN4,Q9UNN8,1,0.551219512,0.401633151,0.476426331,0,,,,,,,0,GTF2A1L,PROCR,0,1,1
P25940,P98077,1,0.551219512,0.401632832,0.476426172,0,,,,,,,0,COL5A3,SHC2,1,0,1
P08123,Q96BF3,1,0.526829268,0.40168113,0.464255199,0,,,,,,,0,COL1A2,TMIGD2,1,0,1
P10275,Q08999,1,0.551219512,0.401632896,0.476426204,0,,,,,,,0,AR,RBL2,1,0,1
P08123,P32780,1,0.551219512,0.401632855,0.476426183,0,,,,,,,0,COL1A2,GTF2H1,1,0,1
O95872,P08123,1,0.526829268,0.401681307,0.464255288,0,,,,,,,0,GPANK1,COL1A2,0,1,1
P17612,Q15003,1,0.551219512,0.401633138,0.476426325,0,,,,,,,0,PRKACA,NCAPH,1,0,1
P02452,Q9HB14,1,0.551219512,0.401632883,0.476426197,0,,,,,,,0,COL1A1,KCNK13,1,0,1
A8MUL3,P04198,1,0.526829268,0.401633115,0.464231191,0,,,,,,,0,ADARB2-AS1,MYCN,0,1,1
P17612,Q8N468,1,0.551219512,0.401633165,0.476426339,0,,,,,,,0,PRKACA,MFSD4A,1,0,1
Q04206,Q96DH6,1,0.551219512,0.401632963,0.476426237,0,,,,,,,0,RELA,MSI2,1,0,1
P23219,Q9P2N7,1,0.551219512,0.401633054,0.476426283,0,,,,,,,0,PTGS1,KLHL13,1,0,1
P43235,Q9NRZ9,1,0.551219512,0.401632879,0.476426196,0,,,,,,,0,CTSK,HELLS,1,0,1
P25940,Q86YJ6,1,0.551219512,0.401632835,0.476426173,0,,,,,,,0,COL5A3,THNSL2,1,0,1
P05997,Q8IWR1,1,0.551219512,0.401632873,0.476426193,0,,,,,,,0,COL5A2,TRIM59,1,0,1
P01106,Q9P2F9,1,0.526829268,0.401633103,0.464231186,0,,,,,,,0,MYC,ZNF319,1,0,1
O43711,P04198,1,0.551219512,0.401633029,0.47642627,1,0.030624264,,,,,,0,TLX3,MYCN,0,1,1
O14788,Q2MV58,1,0.551219512,0.401633051,0.476426282,0,,,,,,,0,TNFSF11,TCTN1,1,0,1
P10415,Q9UNM6,1,0.551219512,0.401632976,0.476426244,0,,,,,,,0,BCL2,PSMD13,1,0,1
P05997,Q13087,1,0.551219512,0.401632909,0.476426211,0,,,,,,,0,COL5A2,PDIA2,1,0,1
Q02040,Q9UNN8,1,0.551219512,0.401633085,0.476426299,0,,,,,,,0,AKAP17A,PROCR,0,1,1
P04198,P63279,1,0.551219512,0.401632921,0.476426217,0,,,,,,,0,MYCN,UBE2I,1,0,1
P12524,Q14500,1,0.551219512,0.401633133,0.476426322,0,,,,,,,0,MYCL,KCNJ12,1,0,1
A0MZ66,P05412,1,0.551219512,0.401632834,0.476426173,1,0.003533569,,,,,,0,SHTN1,JUN,0,1,1
P50749,Q9Y4K3,1,0.551219512,0.40163313,0.476426321,0,,,,,,,0,RASSF2,TRAF6,0,1,1
P43235,Q9BXL6,1,0.551219512,0.401633058,0.476426285,0,,,,,,,0,CTSK,CARD14,1,0,1
P02452,P63252,1,0.551219512,0.401633104,0.476426308,0,,,,,,,0,COL1A1,KCNJ2,1,0,1
O14904,P10415,1,0.551219512,0.401632949,0.47642623,0,,,,,,,0,WNT9A,BCL2,0,1,1
Q9UNN8,Q9Y388,1,0.551219512,0.401633477,0.476426495,0,,,,,,,0,PROCR,RBMX2,1,0,1
P04198,P13385,1,0.551219512,0.401633033,0.476426272,1,0.146054181,,,,,,0,MYCN,TDGF1,1,0,1
P12524,Q08378,1,0.551219512,0.401632898,0.476426205,0,,,,,,,0,MYCL,GOLGA3,1,0,1
P19838,Q9C0B9,1,0.551219512,0.401633186,0.476426349,0,,,,,,,0,NFKB1,ZCCHC2,1,0,1
Q16539,Q8NFC6,1,0.531707317,0.401681061,0.466694189,0,,,,,,,0,MAPK14,BOD1L1,1,0,1
P04198,P84085,1,0.526829268,0.401633295,0.464231282,0,,,,,,,0,MYCN,ARF5,1,0,1
P12643,Q96MY7,1,0.526829268,0.401633197,0.464231233,0,,,,,,,0,BMP2,FAM161B,1,0,1
P31749,Q6PJG2,1,0.551219512,0.40163284,0.476426176,0,,,,,,,0,AKT1,MIDEAS,1,0,1
O14788,O75688,1,0.551219512,0.401633171,0.476426342,0,,,,,,,0,TNFSF11,PPM1B,1,0,1
O95157,P04637,1,0.551219512,0.401633082,0.476426297,0,,,,,,,0,NXPH3,TP53,0,1,1
P25940,P52737,1,0.526829268,0.401681031,0.46425515,0,,,,,,,0,COL5A3,ZNF136,1,0,1
P31749,Q9NXG0,1,0.551219512,0.401633059,0.476426286,0,,,,,,,0,AKT1,CNTLN,1,0,1
P05997,P48048,1,0.551219512,0.401633053,0.476426282,0,,,,,,,0,COL5A2,KCNJ1,1,0,1
P04637,P47756,1,0.551219512,0.401633108,0.47642631,1,0.049469965,,,,,,0,TP53,CAPZB,1,0,1
P17612,Q8IUF8,1,0.551219512,0.401633093,0.476426302,0,,,,,,,0,PRKACA,RIOX2,1,0,1
P10451,Q5VYY1,1,0.551219512,0.401633346,0.476426429,0,,,,,,,0,SPP1,ANKRD22,1,0,1
P13686,P18075,1,0.551219512,0.401633191,0.476426351,0,,,,,,,0,ACP5,BMP7,0,1,1
P58182,Q9Y4K3,1,0.551219512,0.401633245,0.476426379,0,,,,,,,0,OR12D2,TRAF6,0,1,1
P25940,Q9Y6N1,1,0.526829268,0.401633197,0.464231233,0,,,,,,,0,COL5A3,COX11,1,0,1
O75167,P04198,1,0.551219512,0.40163285,0.476426181,0,,,,,,,0,PHACTR2,MYCN,0,1,1
P12755,P18075,1,0.551219512,0.401633016,0.476426264,0,,,,,,,0,SKI,BMP7,0,1,1
P08123,P31271,1,0.551219512,0.401632875,0.476426194,0,,,,,,,0,COL1A2,HOXA13,1,0,1
P12931,Q5T200,1,0.551219512,0.401632873,0.476426192,0,,,,,,,0,SRC,ZC3H13,1,0,1
P04637,Q8IYW5,1,0.526829268,0.401633193,0.464231231,1,0.342756184,,,,,,0,TP53,RNF168,1,0,1
P05198,Q04206,1,0.551219512,0.401633029,0.476426271,1,0.080094229,,,,,,0,EIF2S1,RELA,0,1,1
P12524,Q96ME1,1,0.551219512,0.401633174,0.476426343,0,,,,,,,0,MYCL,FBXL18,1,0,1
Q8IYJ2,Q9UNN8,1,0.526829268,0.401633275,0.464231272,0,,,,,,,0,C10orf67,PROCR,0,1,1
O14793,P02452,1,0.551219512,0.40163284,0.476426176,0,,,,,,,0,MSTN,COL1A1,0,1,1
Q04206,Q8NGA1,1,0.551219512,0.401633097,0.476426305,0,,,,,,,0,RELA,OR1M1,1,0,1
P02452,P15882,1,0.52195122,0.401681343,0.461816281,0,,,,,,,0,COL1A1,CHN1,1,0,1
P05997,Q6NXT6,1,0.52195122,0.401681184,0.461816202,0,,,,,,,0,COL5A2,TAPT1,1,0,1
O60763,Q16539,1,0.551219512,0.40163281,0.476426161,0,,,,,,,0,USO1,MAPK14,0,1,1
P05997,Q9Y606,1,0.551219512,0.401632776,0.476426144,0,,,,,,,0,COL5A2,PUS1,1,0,1
A4FU49,Q9UNN8,1,0.551219512,0.401632928,0.47642622,0,,,,,,,0,SH3D21,PROCR,0,1,1
A0A0A0MS14,P12643,1,0.551219512,0.401633008,0.47642626,0,,,,,,,0,IGHV1-45,BMP2,0,1,1
P06401,Q9UKF6,1,0.526829268,0.40163325,0.464231259,0,,,,,,,0,PGR,CPSF3,1,0,1
P08123,Q9Y6Q5,1,0.551219512,0.401633172,0.476426342,0,,,,,,,0,COL1A2,AP1M2,1,0,1
P28482,Q9BPX3,1,0.551219512,0.401632874,0.476426193,0,,,,,,,0,MAPK1,NCAPG,1,0,1
P25940,Q13495,1,0.551219512,0.401632773,0.476426143,0,,,,,,,0,COL5A3,MAMLD1,1,0,1
P0DJD8,P31749,1,0.551219512,0.401632848,0.47642618,0,,,,,,,0,PGA3,AKT1,0,1,1
P10451,Q6UWW0,1,0.551219512,0.401633257,0.476426385,0,,,,,,,0,SPP1,LCN15,1,0,1
P25940,Q86YF9,1,0.551219512,0.40163308,0.476426296,0,,,,,,,0,COL5A3,DZIP1,1,0,1
P0DMN0,P18075,1,0.551219512,0.401632975,0.476426244,0,,,,,,,0,SULT1A4,BMP7,0,1,1
P02461,P49888,1,0.551219512,0.401632932,0.476426222,0,,,,,,,0,COL3A1,SULT1E1,1,0,1
P10451,Q96HH9,1,0.551219512,0.401633386,0.476426449,0,,,,,,,0,SPP1,GRAMD2B,1,0,1
P25940,Q86WT6,1,0.551219512,0.401632881,0.476426196,0,,,,,,,0,COL5A3,TRIM69,1,0,1
P01106,Q9BYV6,1,0.551219512,0.401633048,0.47642628,0,,,,,,,0,MYC,TRIM55,1,0,1
P17612,Q32M84,1,0.526829268,0.401633342,0.464231305,0,,,,,,,0,PRKACA,BTBD16,1,0,1
O75333,P05997,1,0.551219512,0.401632895,0.476426204,0,,,,,,,0,TBX10,COL5A2,0,1,1
O95476,P04637,1,0.551219512,0.401633202,0.476426357,0,,,,,,,0,CTDNEP1,TP53,0,1,1
P42574,Q99719,1,0.551219512,0.40163315,0.476426331,0,,,,,,,0,CASP3,SEPTIN5,1,0,1
P08123,P50548,1,0.526829268,0.401633185,0.464231226,0,,,,,,,0,COL1A2,ERF,1,0,1
O75829,P02452,1,0.551219512,0.401632893,0.476426203,0,,,,,,,0,CNMD,COL1A1,0,1,1
P05997,Q9H8X9,1,0.551219512,0.401632829,0.476426171,0,,,,,,,0,COL5A2,ZDHHC11,1,0,1
P04198,Q6P1L5,1,0.551219512,0.401633607,0.47642656,0,,,,,,,0,MYCN,FAM117B,1,0,1
P18075,Q14005,1,0.551219512,0.401633058,0.476426285,0,,,,,,,0,BMP7,IL16,1,0,1
P02461,Q9BZI1,1,0.526829268,0.4016814,0.464255334,0,,,,,,,0,COL3A1,IRX2,1,0,1
P01106,P55916,1,0.551219512,0.401633019,0.476426266,0,,,,,,,0,MYC,UCP3,1,0,1
P29474,P29474,1,0.902439024,0.406930869,0.654684947,0,,,,,,,0,NOS3,NOS3,1,1,1
P25940,Q93097,1,0.551219512,0.401632798,0.476426155,0,,,,,,,0,COL5A3,WNT2B,1,0,1
O14788,Q6NZY4,1,0.551219512,0.401632874,0.476426193,0,,,,,,,0,TNFSF11,ZCCHC8,1,0,1
O14788,Q7Z418,1,0.551219512,0.401633371,0.476426442,0,,,,,,,0,TNFSF11,KCNK18,1,0,1
P20908,Q6QHC5,1,0.52195122,0.401681156,0.461816188,0,,,,,,,0,COL5A1,DEGS2,1,0,1
O14788,P48595,1,0.551219512,0.401633046,0.476426279,0,,,,,,,0,TNFSF11,SERPINB10,1,0,1
P25940,Q9P0L2,1,0.52195122,0.401681209,0.461816214,0,,,,,,,0,COL5A3,MARK1,1,0,1
P10451,P60411,1,0.52195122,0.401441503,0.461696361,0,,,,,,,0,SPP1,KRTAP10-9,1,0,1
Q9H1R3,Q9UNN8,1,0.526829268,0.401633213,0.464231241,0,,,,,,,0,MYLK2,PROCR,0,1,1
Q96K58,Q9Y4K3,1,0.526829268,0.401633031,0.46423115,0,,,,,,,0,ZNF668,TRAF6,0,1,1
P05997,Q9H6T3,1,0.52195122,0.401681093,0.461816156,0,,,,,,,0,COL5A2,RPAP3,1,0,1
O14788,P00390,1,0.526829268,0.401633118,0.464231193,0,,,,,,,0,TNFSF11,GSR,1,0,1
P02452,Q9BSW7,1,0.551219512,0.401632967,0.47642624,0,,,,,,,0,COL1A1,SYT17,1,0,1
A6NM76,Q04206,1,0.551219512,0.401633266,0.476426389,0,,,,,,,0,OR6C76,RELA,0,1,1
P10451,Q9Y467,1,0.551219512,0.401632911,0.476426212,0,,,,,,,0,SPP1,SALL2,1,0,1
P14923,P25940,1,0.526829268,0.401681103,0.464255186,0,,,,,,,0,JUP,COL5A3,0,1,1
P08123,Q9NR83,1,0.52195122,0.401681144,0.461816182,0,,,,,,,0,COL1A2,SLC2A4RG,1,0,1
Q04206,Q13115,1,0.551219512,0.401632991,0.476426252,0,,,,,,,0,RELA,DUSP4,1,0,1
P04198,Q96NL8,1,0.526829268,0.40163306,0.464231164,0,,,,,,,0,MYCN,CFAP418,1,0,1
Q04206,Q8NH80,1,0.551219512,0.4016333,0.476426406,0,,,,,,,0,RELA,OR10D3,1,0,1
P17612,Q14005,1,0.551219512,0.401632834,0.476426173,0,,,,,,,0,PRKACA,IL16,1,0,1
Q04206,Q04206,1,0.926829268,0.405260648,0.666044958,0,,Q04206,Q04206,"psi-mi:""MI:0364""(inferred by curator)",taxid:9606(Homo sapiens),2,1,RELA,RELA,1,1,1
P02461,Q9H714,1,0.551219512,0.40163297,0.476426241,0,,,,,,,0,COL3A1,RUBCNL,1,0,1
P05997,Q7Z3D6,1,0.526829268,0.401633236,0.464231252,0,,,,,,,0,COL5A2,DGLUCY,1,0,1
P12524,Q7Z4V0,1,0.551219512,0.401632918,0.476426215,0,,,,,,,0,MYCL,ZNF438,1,0,1
Q9BQB4,Q9UL49,1,0.551219512,0.401632888,0.4764262,0,,,,,,,0,SOST,TCFL5,1,0,1
P08123,Q76G19,1,0.551219512,0.401633005,0.476426259,0,,,,,,,0,COL1A2,PDZD4,1,0,1
P08123,Q6QN14,1,0.551219512,0.401632974,0.476426243,0,,,,,,,0,COL1A2,USP17L6P,1,0,1
P0C7V9,Q9Y4K3,1,0.551219512,0.401633074,0.476426293,0,,,,,,,0,METTL15P1,TRAF6,0,1,1
P10415,Q8NDH3,1,0.551219512,0.401633166,0.476426339,0,,,,,,,0,BCL2,NPEPL1,1,0,1
P12643,P12643,1,0.848780488,0.411747402,0.630263945,0,,,,,,,0,BMP2,BMP2,1,1,1
P18075,P50225,1,0.551219512,0.401632883,0.476426197,0,,,,,,,0,BMP7,SULT1A1,1,0,1
P12643,Q8N0U2,1,0.551219512,0.401632797,0.476426155,0,,,,,,,0,BMP2,TMEM61,1,0,1
P02461,Q8NBR6,1,0.551219512,0.40163318,0.476426346,0,,,,,,,0,COL3A1,MINDY2,1,0,1
P05412,Q8N257,1,0.551219512,0.401633062,0.476426287,0,,,,,,,0,JUN,H2BC26,1,0,1
O15547,P04629,1,0.551219512,0.401632829,0.47642617,0,,,,,,,0,P2RX6,NTRK1,0,1,1
P04198,P49247,1,0.526829268,0.401633205,0.464231237,0,,,,,,,0,MYCN,RPIA,1,0,1
P43235,Q9BY31,1,0.52195122,0.401681217,0.461816218,0,,,,,,,0,CTSK,ZNF717,1,0,1
P0CG33,P12643,1,0.551219512,0.401632965,0.476426239,0,,,,,,,0,GOLGA6D,BMP2,0,1,1
P02818,Q15365,1,0.551219512,0.401633003,0.476426258,0,,,,,,,0,BGLAP,PCBP1,1,0,1
P04637,P49959,1,0.551219512,0.401632942,0.476426227,0,,,,,,,0,TP53,MRE11,1,0,1
P08123,P32754,1,0.551219512,0.401633114,0.476426313,0,,,,,,,0,COL1A2,HPD,1,0,1
P17612,Q76L83,1,0.551219512,0.40163313,0.476426321,0,,,,,,,0,PRKACA,ASXL2,1,0,1
P25940,Q9Y236,1,0.526829268,0.40168137,0.464255319,0,,,,,,,0,COL5A3,OSGIN2,1,0,1
P12524,Q15276,1,0.551219512,0.401633063,0.476426288,0,,,,,,,0,MYCL,RABEP1,1,0,1
A0A0B4J271,Q9UNN8,1,0.551219512,0.401633157,0.476426335,0,,,,,,,0,TRAV12-3,PROCR,0,1,1
P05997,Q8IU60,1,0.551219512,0.401633206,0.476426359,0,,,,,,,0,COL5A2,DCP2,1,0,1
P35354,Q9UPR6,1,0.551219512,0.401632982,0.476426247,0,,,,,,,0,PTGS2,ZFR2,1,0,1
Q9BQB4,Q9UBB4,1,0.551219512,0.401633143,0.476426328,0,,,,,,,0,SOST,ATXN10,1,0,1
O75791,P10415,1,0.526829268,0.401633107,0.464231188,0,,,,,,,0,GRAP2,BCL2,0,1,1
P12931,Q6NSJ5,1,0.551219512,0.401632941,0.476426226,0,,,,,,,0,SRC,LRRC8E,1,0,1
P04637,Q9UPM9,1,0.551219512,0.401633174,0.476426343,0,,,,,,,0,TP53,B9D1,1,0,1
O94989,P25940,1,0.551219512,0.401633089,0.4764263,0,,,,,,,0,ARHGEF15,COL5A3,0,1,1
P02452,Q99788,1,0.551219512,0.401632822,0.476426167,0,,,,,,,0,COL1A1,CMKLR1,1,0,1
O75360,P04198,1,0.536585366,0.401633107,0.469109237,0,,,,,,,0,PROP1,MYCN,0,1,1
O94788,P02452,1,0.526829268,0.401633238,0.464231253,0,,,,,,,0,ALDH1A2,COL1A1,0,1,1
Q53SF7,Q9UNN8,1,0.526829268,0.401681162,0.464255215,0,,,,,,,0,COBLL1,PROCR,0,1,1
P12643,P31941,1,0.551219512,0.401633174,0.476426343,0,,,,,,,0,BMP2,APOBEC3A,1,0,1
P43235,Q9H0J4,1,0.52195122,0.401681096,0.461816158,0,,,,,,,0,CTSK,QRICH2,1,0,1
P34972,Q13495,1,0.551219512,0.401633079,0.476426296,0,,,,,,,0,CNR2,MAMLD1,1,0,1
Q6IEG0,Q9Y4K3,1,0.551219512,0.401633078,0.476426295,0,,,,,,,0,SNRNP48,TRAF6,0,1,1
O14788,P17600,1,0.551219512,0.401632977,0.476426244,0,,,,,,,0,TNFSF11,SYN1,1,0,1
Q96RN5,Q9UNN8,1,0.551219512,0.40163294,0.476426226,0,,,,,,,0,MED15,PROCR,0,1,1
Q96RU8,Q9Y4K3,1,0.551219512,0.401632827,0.47642617,0,,,,,,,0,TRIB1,TRAF6,0,1,1
P49841,Q9BS86,1,0.526829268,0.401633063,0.464231166,0,,,,,,,0,GSK3B,ZPBP,1,0,1
P02452,Q8WVN8,1,0.551219512,0.40163283,0.476426171,0,,,,,,,0,COL1A1,UBE2Q2,1,0,1
P19087,Q9Y4K3,1,0.551219512,0.401632836,0.476426174,0,,,,,,,0,GNAT2,TRAF6,0,1,1
P17612,Q9HB89,1,0.536585366,0.401633483,0.469109424,0,,,,,,,0,PRKACA,NMUR1,1,0,1
P34972,Q86WT6,1,0.551219512,0.401632891,0.476426202,0,,,,,,,0,CNR2,TRIM69,1,0,1
P25940,Q9H313,1,0.551219512,0.401632857,0.476426185,0,,,,,,,0,COL5A3,TTYH1,1,0,1
Q16539,Q9NRM2,1,0.526829268,0.401633299,0.464231284,0,,,,,,,0,MAPK14,ZNF277,1,0,1
A6NGG8,P04629,1,0.551219512,0.401632951,0.476426232,0,,,,,,,0,PCARE,NTRK1,0,1,1
P19838,Q9P2M1,1,0.551219512,0.401632975,0.476426243,0,,,,,,,0,NFKB1,LRP2BP,1,0,1
P02461,P28566,1,0.526829268,0.401633276,0.464231272,0,,,,,,,0,COL3A1,HTR1E,1,0,1
Q9ULZ2,Q9Y4K3,1,0.526829268,0.401633191,0.46423123,0,,,,,,,0,STAP1,TRAF6,0,1,1
P08123,Q8NCB2,1,0.551219512,0.401633158,0.476426335,0,,,,,,,0,COL1A2,CAMKV,1,0,1
P04004,Q6ZNL6,1,0.526829268,0.401681067,0.464255168,0,,,,,,,0,VTN,FGD5,1,0,1
P02452,Q8NF99,1,0.551219512,0.40163296,0.476426236,0,,,,,,,0,COL1A1,ZNF397,1,0,1
P01106,Q969Q5,1,0.551219512,0.401632982,0.476426247,0,,,,,,,0,MYC,RAB24,1,0,1
P02452,Q9GZK6,1,0.551219512,0.401632916,0.476426214,0,,,,,,,0,COL1A1,OR2J1,1,0,1
Q9UHQ9,Q9Y4K3,1,0.551219512,0.401633037,0.476426274,0,,,,,,,0,CYB5R1,TRAF6,0,1,1
P02452,Q86V59,1,0.526829268,0.401681134,0.464255201,0,,,,,,,0,COL1A1,PNMA8A,1,0,1
O14788,Q8N344,1,0.551219512,0.401633221,0.476426366,0,,,,,,,0,TNFSF11,MIER2,1,0,1
Q8NH41,Q9Y4K3,1,0.551219512,0.401633321,0.476426416,0,,,,,,,0,OR4K15,TRAF6,0,1,1
Q16539,Q8TEJ3,1,0.551219512,0.401632995,0.476426254,0,,,,,,,0,MAPK14,SH3RF3,1,0,1
P52272,Q9BQB4,1,0.551219512,0.401632942,0.476426227,0,,,,,,,0,HNRNPM,SOST,0,1,1
O43852,P02452,1,0.551219512,0.401633003,0.476426258,0,,,,,,,0,CALU,COL1A1,0,1,1
A0A0J9YX06,P01258,1,0.526829268,0.401633321,0.464231295,0,,,,,,,0,TRBJ1-2,CALCA,0,1,1
P05997,Q8NBP5,1,0.551219512,0.401633073,0.476426293,0,,,,,,,0,COL5A2,MFSD9,1,0,1
P25940,Q9NRW3,1,0.551219512,0.401632815,0.476426163,0,,,,,,,0,COL5A3,APOBEC3C,1,0,1
P19838,Q9HBV1,1,0.52195122,0.401681131,0.461816175,0,,,,,,,0,NFKB1,POPDC3,1,0,1
A8MZ26,Q9Y4K3,1,0.551219512,0.401633143,0.476426327,0,,,,,,,0,EFCAB9,TRAF6,0,1,1
A0A096LP01,Q9UNN8,1,0.551219512,0.4016333,0.476426406,0,,,,,,,0,SMIM26,PROCR,0,1,1
P08123,P24001,1,0.526829268,0.401681452,0.46425536,0,,,,,,,0,COL1A2,IL32,1,0,1
O75356,P02461,1,0.551219512,0.401632901,0.476426207,0,,,,,,,0,ENTPD5,COL3A1,0,1,1
P18075,Q5HYK7,1,0.551219512,0.401633,0.476426256,0,,,,,,,0,BMP7,SH3D19,1,0,1
P10415,Q9Y6F7,1,0.551219512,0.401633003,0.476426258,0,,,,,,,0,BCL2,CDY2B,1,0,1
P25940,Q8IYB9,1,0.526829268,0.40168111,0.464255189,0,,,,,,,0,COL5A3,ZNF595,1,0,1
Q04206,Q3B7T3,1,0.551219512,0.401632972,0.476426242,0,,,,,,,0,RELA,BEAN1,1,0,1
P08123,Q15459,1,0.551219512,0.401632963,0.476426237,0,,,,,,,0,COL1A2,SF3A1,1,0,1
P03372,Q9H8M5,1,0.526829268,0.401633238,0.464231253,0,,,,,,,0,ESR1,CNNM2,1,0,1
P02452,P02452,1,0.814634146,0.398175542,0.606404844,0,,,,,,,0,COL1A1,COL1A1,1,1,1
P05997,Q13084,1,0.551219512,0.401632928,0.47642622,0,,,,,,,0,COL5A2,MRPL28,1,0,1
Q96PU9,Q9Y4K3,1,0.551219512,0.401632936,0.476426224,0,,,,,,,0,ODF3,TRAF6,0,1,1
P02452,Q8IWF9,1,0.551219512,0.401632881,0.476426197,0,,,,,,,0,COL1A1,CCDC83,1,0,1
Q8NH49,Q9Y4K3,1,0.551219512,0.401632911,0.476426212,0,,,,,,,0,OR4X1,TRAF6,0,1,1
P25940,Q9NQ79,1,0.526829268,0.401681205,0.464255237,0,,,,,,,0,COL5A3,CRTAC1,1,0,1
P04637,P21781,1,0.551219512,0.401633136,0.476426324,0,,,,,,,0,TP53,FGF7,1,0,1
P17612,Q5HYK7,1,0.551219512,0.401632996,0.476426254,0,,,,,,,0,PRKACA,SH3D19,1,0,1
P17612,Q8N9U0,1,0.526829268,0.401633172,0.46423122,0,,,,,,,0,PRKACA,TC2N,1,0,1
P43235,Q7Z6I6,1,0.551219512,0.401633035,0.476426274,0,,,,,,,0,CTSK,ARHGAP30,1,0,1
P02452,Q6NUS6,1,0.551219512,0.401632942,0.476426227,0,,,,,,,0,COL1A1,TCTN3,1,0,1
O60602,P23219,1,0.551219512,0.401633181,0.476426347,0,,,,,,,0,TLR5,PTGS1,0,1,1
P08123,Q96NX5,1,0.526829268,0.401633238,0.464231253,0,,,,,,,0,COL1A2,CAMK1G,1,0,1
P35354,Q5THK1,1,0.551219512,0.40163277,0.476426141,0,,,,,,,0,PTGS2,PRR14L,1,0,1
P02461,Q4VC44,1,0.551219512,0.401632933,0.476426223,0,,,,,,,0,COL3A1,FLYWCH1,1,0,1
A6NLE4,P08123,1,0.526829268,0.401681138,0.464255203,0,,,,,,,0,SMIM23,COL1A2,0,1,1
P02461,Q9BQA1,1,0.526829268,0.401681387,0.464255327,0,,,,,,,0,COL3A1,WDR77,1,0,1
P02452,Q15696,1,0.551219512,0.401632983,0.476426248,0,,,,,,,0,COL1A1,ZRSR2,1,0,1
P04198,P62253,1,0.551219512,0.401632923,0.476426218,0,,,,,,,0,MYCN,UBE2G1,1,0,1
Q04206,Q92913,1,0.551219512,0.401632884,0.476426198,0,,,,,,,0,RELA,FGF13,1,0,1
O15466,P25940,1,0.52195122,0.401681075,0.461816147,0,,,,,,,0,ST8SIA5,COL5A3,0,1,1
A7XYQ1,O14788,1,0.551219512,0.401632978,0.476426245,0,,,,,,,0,SOBP,TNFSF11,0,1,1
O00425,P42574,1,0.551219512,0.401633016,0.476426264,0,,,,,,,0,IGF2BP3,CASP3,0,1,1
Q14165,Q9Y4K3,1,0.551219512,0.401632884,0.476426198,0,,Q14165,Q9Y4K3,"psi-mi:""MI:0006""(anti bait coimmunoprecipitation)",taxid:9606(Homo sapiens),2,1,MLEC,TRAF6,0,1,1
O15381,Q9Y4K3,1,0.551219512,0.401632856,0.476426184,0,,,,,,,0,NVL,TRAF6,0,1,1
P02461,Q8NHS2,1,0.551219512,0.40163297,0.476426241,0,,,,,,,0,COL3A1,GOT1L1,1,0,1
P42574,Q9ULH7,1,0.526829268,0.401633212,0.46423124,0,,,,,,,0,CASP3,MRTFB,1,0,1
A0A0C4DH41,P12643,1,0.551219512,0.401633042,0.476426277,0,,,,,,,0,IGHV4-61,BMP2,0,1,1
P02452,Q8N7P3,1,0.526829268,0.401681191,0.464255229,0,,,,,,,0,COL1A1,CLDN22,1,0,1
P05412,P05412,1,0.843902439,0.412136129,0.628019284,0,,P05412,P05412,"psi-mi:""MI:0364""(inferred by curator)",taxid:9606(Homo sapiens),2,1,JUN,JUN,1,1,1
P34972,Q9H313,1,0.551219512,0.401633233,0.476426372,0,,,,,,,0,CNR2,TTYH1,1,0,1
A2IDD5,P02461,1,0.526829268,0.401681126,0.464255197,0,,,,,,,0,CCDC78,COL3A1,0,1,1
P34972,Q8TB24,1,0.52195122,0.401681192,0.461816206,0,,,,,,,0,CNR2,RIN3,1,0,1
P18075,Q76L83,1,0.551219512,0.40163313,0.476426321,0,,,,,,,0,BMP7,ASXL2,1,0,1
P05997,Q5VWK0,1,0.551219512,0.401632882,0.476426197,0,,,,,,,0,COL5A2,NBPF6,1,0,1
P25940,Q14623,1,0.551219512,0.401632833,0.476426172,0,,,,,,,0,COL5A3,IHH,1,0,1
P05997,Q8N9B8,1,0.551219512,0.401632987,0.47642625,0,,,,,,,0,COL5A2,RASGEF1A,1,0,1
P01782,P04198,1,0.551219512,0.40163295,0.476426231,0,,,,,,,0,IGHV3-9,MYCN,0,1,1
P05997,Q9HA72,1,0.551219512,0.401633015,0.476426264,0,,,,,,,0,COL5A2,CALHM2,1,0,1
P05997,Q9Y2Q1,1,0.52195122,0.401681234,0.461816227,0,,,,,,,0,COL5A2,ZNF257,1,0,1
P02461,Q13946,1,0.551219512,0.401632925,0.476426219,0,,,,,,,0,COL3A1,PDE7A,1,0,1
P02461,Q9UK13,1,0.551219512,0.401632897,0.476426205,0,,,,,,,0,COL3A1,ZNF221,1,0,1
P08123,Q9BQQ7,1,0.526829268,0.401681237,0.464255253,0,,,,,,,0,COL1A2,RTP3,1,0,1
O15240,Q9UNN8,1,0.526829268,0.401633253,0.464231261,0,,,,,,,0,VGF,PROCR,0,1,1
P02818,Q1W6H9,1,0.551219512,0.401633276,0.476426394,0,,,,,,,0,BGLAP,FAM110C,1,0,1
P02461,Q5VV17,1,0.551219512,0.401633055,0.476426284,0,,,,,,,0,COL3A1,OTUD1,1,0,1
P43235,Q2TAK8,1,0.551219512,0.401633033,0.476426273,0,,,,,,,0,CTSK,PWWP3A,1,0,1
Q8IXK0,Q9Y4K3,1,0.526829268,0.401633082,0.464231175,0,,,,,,,0,PHC2,TRAF6,0,1,1
P25940,Q9Y4R8,1,0.551219512,0.401632944,0.476426228,0,,,,,,,0,COL5A3,TELO2,1,0,1
P25940,Q6XPS3,1,0.526829268,0.401681151,0.46425521,0,,,,,,,0,COL5A3,TPTE2,1,0,1
P02461,Q5VUY2,1,0.551219512,0.401632945,0.476426229,0,,,,,,,0,COL3A1,AADACL4,1,0,1
P28482,Q96SR6,1,0.526829268,0.401633307,0.464231288,0,,,,,,,0,MAPK1,ZNF382,1,0,1
P02818,P51608,1,0.526829268,0.401633282,0.464231275,0,,,,,,,0,BGLAP,MECP2,1,0,1
Q6P1N0,Q9Y4K3,1,0.526829268,0.401633148,0.464231208,0,,,,,,,0,CC2D1A,TRAF6,0,1,1
Q9H346,Q9Y4K3,1,0.526829268,0.401633319,0.464231294,0,,,,,,,0,OR52D1,TRAF6,0,1,1
P05997,Q8N1B3,1,0.551219512,0.401632997,0.476426255,0,,,,,,,0,COL5A2,CCNQ,1,0,1
O00592,Q9BQB4,1,0.536585366,0.40163311,0.469109238,0,,,,,,,0,PODXL,SOST,0,1,1
O60268,P05997,1,0.526829268,0.401633203,0.464231236,0,,,,,,,0,KIAA0513,COL5A2,0,1,1
P0DJI8,Q9BQB4,1,0.551219512,0.401633011,0.476426262,0,,,,,,,0,SAA1,SOST,0,1,1
O14788,O43290,1,0.551219512,0.401632865,0.476426189,0,,,,,,,0,TNFSF11,SART1,1,0,1
P10451,Q96M63,1,0.551219512,0.401633128,0.47642632,0,,,,,,,0,SPP1,ODAD1,1,0,1
P02461,Q8N9K5,1,0.551219512,0.4016329,0.476426206,0,,,,,,,0,COL3A1,ZNF565,1,0,1
O14788,Q5T5S1,1,0.551219512,0.401633107,0.47642631,0,,,,,,,0,TNFSF11,CCDC183,1,0,1
P04637,Q14807,1,0.551219512,0.401633029,0.476426271,0,,,,,,,0,TP53,KIF22,1,0,1
Q04206,Q8NHC7,1,0.551219512,0.401633139,0.476426326,0,,,,,,,0,RELA,OR14C36,1,0,1
A6NDK9,P12643,1,0.551219512,0.40163314,0.476426326,0,,,,,,,0,GOLGA6C,BMP2,0,1,1
A0A1B0GVH7,P02461,1,0.551219512,0.4016329,0.476426206,0,,,,,,,0,IQCM,COL3A1,0,1,1
Q16539,Q8IZ41,1,0.551219512,0.401632961,0.476426237,0,,,,,,,0,MAPK14,RASEF,1,0,1
P12931,Q14865,1,0.52195122,0.401681138,0.461816179,0,,,,,,,0,SRC,ARID5B,1,0,1
P01106,P01106,1,0.946341463,0.409301303,0.677821383,0,,,,,,,0,MYC,MYC,1,1,1
P43235,Q14126,1,0.52195122,0.401681326,0.461816273,0,,,,,,,0,CTSK,DSG2,1,0,1
P05997,Q9NXH9,1,0.551219512,0.401632893,0.476426203,0,,,,,,,0,COL5A2,TRMT1,1,0,1
A9YTQ3,P05997,1,0.551219512,0.401632874,0.476426193,0,,,,,,,0,AHRR,COL5A2,0,1,1
Q8NGJ7,Q9Y4K3,1,0.551219512,0.401633235,0.476426374,0,,,,,,,0,OR51A2,TRAF6,0,1,1
P02452,Q9H6H4,1,0.551219512,0.401632829,0.476426171,0,,,,,,,0,COL1A1,REEP4,1,0,1
P12931,Q9Y620,1,0.551219512,0.401633087,0.4764263,0,,,,,,,0,SRC,RAD54B,1,0,1
P10415,Q01538,1,0.526829268,0.401681404,0.464255336,0,,,,,,,0,BCL2,MYT1,1,0,1
P08123,Q8IVV7,1,0.551219512,0.40163298,0.476426246,0,,,,,,,0,COL1A2,GID4,1,0,1
P02461,Q9HCM4,1,0.551219512,0.401633257,0.476426385,0,,,,,,,0,COL3A1,EPB41L5,1,0,1
O14788,Q3KNS6,1,0.526829268,0.40163314,0.464231204,0,,,,,,,0,TNFSF11,ZNF829,1,0,1
O14788,Q8NEN0,1,0.551219512,0.401632882,0.476426197,0,,,,,,,0,TNFSF11,ARMC2,1,0,1
P02452,Q8N9L9,1,0.551219512,0.401633235,0.476426374,0,,,,,,,0,COL1A1,ACOT4,1,0,1
P04637,Q14568,1,0.52195122,0.401633131,0.461792175,0,,,,,,,0,TP53,HSP90AA2P,1,0,1
P05412,Q92750,1,0.551219512,0.401632981,0.476426247,0,,,,,,,0,JUN,TAF4B,1,0,1
Q6ZVL8,Q9BQB4,1,0.551219512,0.401633111,0.476426311,0,,,,,,,0,,SOST,0,1,1
P12643,P49910,1,0.551219512,0.401632997,0.476426255,0,,,,,,,0,BMP2,ZNF165,1,0,1
P02461,Q8IX04,1,0.551219512,0.401633063,0.476426288,0,,,,,,,0,COL3A1,UEVLD,1,0,1
P25940,Q8N0S6,1,0.551219512,0.401632814,0.476426163,0,,,,,,,0,COL5A3,CENPL,1,0,1
P18858,P31749,1,0.551219512,0.401633085,0.476426299,0,,,,,,,0,LIG1,AKT1,0,1,1
P21580,P43235,1,0.551219512,0.401632983,0.476426248,0,,,,,,,0,TNFAIP3,CTSK,0,1,1
P07333,Q96J66,1,0.551219512,0.401632806,0.476426159,0,,,,,,,0,CSF1R,ABCC11,1,0,1
P05165,P31749,1,0.551219512,0.401632881,0.476426197,0,,,,,,,0,PCCA,AKT1,0,1,1
P06401,P07225,1,0.551219512,0.401632909,0.47642621,0,,,,,,,0,PGR,PROS1,1,0,1
P25940,Q5MNV8,1,0.551219512,0.401632866,0.476426189,0,,,,,,,0,COL5A3,FBXO47,1,0,1
P05412,P82932,1,0.551219512,0.401633022,0.476426267,0,,,,,,,0,JUN,MRPS6,1,0,1
P05997,P12532,1,0.551219512,0.401632957,0.476426234,0,,,,,,,0,COL5A2,CKMT1B,1,0,1
O14788,P22460,1,0.551219512,0.40163287,0.476426191,0,,,,,,,0,TNFSF11,KCNA5,1,0,1
P28482,Q8TES7,1,0.52195122,0.401681187,0.461816203,0,,,,,,,0,MAPK1,FBF1,1,0,1
P02452,P43629,1,0.551219512,0.401633006,0.476426259,0,,,,,,,0,COL1A1,KIR3DL1,1,0,1
O14788,P0C1S8,1,0.551219512,0.401633223,0.476426368,0,,,,,,,0,TNFSF11,WEE2,1,0,1
O14788,Q8NCK3,1,0.551219512,0.401633167,0.47642634,0,,,,,,,0,TNFSF11,ZNF485,1,0,1
P0DP08,P12643,1,0.551219512,0.401632896,0.476426204,0,,,,,,,0,IGHV4-38-2,BMP2,0,1,1
P10415,P53602,1,0.551219512,0.401632969,0.476426241,0,,,,,,,0,BCL2,MVD,1,0,1
Q9H341,Q9Y4K3,1,0.551219512,0.401633243,0.476426377,0,,,,,,,0,OR51M1,TRAF6,0,1,1
P02452,Q15642,1,0.551219512,0.401633208,0.47642636,0,,,,,,,0,COL1A1,TRIP10,1,0,1
P19838,P49888,1,0.52195122,0.40168109,0.461816155,0,,,,,,,0,NFKB1,SULT1E1,1,0,1
P12931,Q5VTQ0,1,0.551219512,0.401633065,0.476426289,0,,,,,,,0,SRC,TTC39B,1,0,1
P08123,Q9NRR6,1,0.526829268,0.401633245,0.464231257,0,,,,,,,0,COL1A2,INPP5E,1,0,1
P02452,P36980,1,0.551219512,0.401632917,0.476426214,0,,,,,,,0,COL1A1,CFHR2,1,0,1
P02452,Q2YD98,1,0.551219512,0.401632957,0.476426235,0,,,,,,,0,COL1A1,UVSSA,1,0,1
P10451,Q969V6,1,0.551219512,0.40163295,0.476426231,0,,,,,,,0,SPP1,MRTFA,1,0,1
P25940,Q8TC44,1,0.551219512,0.401632842,0.476426177,0,,,,,,,0,COL5A3,POC1B,1,0,1
P19838,Q9BZI1,1,0.551219512,0.401632949,0.476426231,0,,,,,,,0,NFKB1,IRX2,1,0,1
A8MU46,Q9BQB4,1,0.551219512,0.401632883,0.476426198,0,,,,,,,0,SMTNL1,SOST,0,1,1
O14788,Q8TAT5,1,0.526829268,0.401633194,0.464231231,0,,,,,,,0,TNFSF11,NEIL3,1,0,1
P34972,Q9NRW3,1,0.551219512,0.401633129,0.47642632,0,,,,,,,0,CNR2,APOBEC3C,1,0,1
A8K0S8,P12643,1,0.52195122,0.401633347,0.461792283,0,,,,,,,0,MEIS3P2,BMP2,0,1,1
P08123,Q12951,1,0.551219512,0.401633112,0.476426312,0,,,,,,,0,COL1A2,FOXI1,1,0,1
P57682,Q9Y4K3,1,0.551219512,0.401633083,0.476426297,0,,,,,,,0,KLF3,TRAF6,0,1,1
Q04206,Q8IUC2,1,0.551219512,0.401632973,0.476426242,0,,,,,,,0,RELA,KRTAP8-1,1,0,1
P25940,Q96NI8,1,0.526829268,0.40168111,0.464255189,0,,,,,,,0,COL5A3,ZNF570,1,0,1
O75674,P42574,1,0.551219512,0.401633052,0.476426282,0,,,,,,,0,TOM1L1,CASP3,0,1,1
P04198,Q58G82,1,0.551219512,0.401633001,0.476426257,0,,,,,,,0,MYCN,SYT14P1,1,0,1
O00512,Q9UNN8,1,0.551219512,0.401633011,0.476426262,0,,,,,,,0,BCL9,PROCR,0,1,1
O00635,P02452,1,0.551219512,0.401632821,0.476426167,0,,,,,,,0,TRIM38,COL1A1,0,1,1
P02461,Q86W34,1,0.551219512,0.401632912,0.476426212,0,,,,,,,0,COL3A1,AMZ2,1,0,1
P35354,Q5T5P2,1,0.52195122,0.401681196,0.461816208,0,,,,,,,0,PTGS2,KIAA1217,1,0,1
O75973,Q04206,1,0.551219512,0.401632916,0.476426214,0,,,,,,,0,C1QL1,RELA,0,1,1
P02461,Q7L0X2,1,0.551219512,0.401632921,0.476426217,0,,,,,,,0,COL3A1,ERICH6,1,0,1
P02818,P36957,1,0.551219512,0.40163301,0.476426261,0,,,,,,,0,BGLAP,DLST,1,0,1
P12931,Q8IXT1,1,0.551219512,0.401632876,0.476426194,0,,,,,,,0,SRC,DDIAS,1,0,1
P05412,Q5QNW6,1,0.551219512,0.40163304,0.476426276,0,,,,,,,0,JUN,H2BC18,1,0,1
O14788,Q9Y3I0,1,0.526829268,0.401633165,0.464231217,0,,,,,,,0,TNFSF11,RTCB,1,0,1
P08123,Q8NFQ6,1,0.551219512,0.401632924,0.476426218,0,,,,,,,0,COL1A2,BPIFC,1,0,1
O15530,P06401,1,0.551219512,0.401632968,0.47642624,0,,,,,,,0,PDPK1,PGR,0,1,1
O75335,P04004,1,0.52195122,0.40168116,0.46181619,0,,,,,,,0,PPFIA4,VTN,0,1,1
P06401,Q969Q6,1,0.551219512,0.401632965,0.476426238,0,,,,,,,0,PGR,PPP2R3C,1,0,1
P12524,Q5FWF5,1,0.551219512,0.401632816,0.476426164,0,,,,,,,0,MYCL,ESCO1,1,0,1
P19021,P23219,1,0.551219512,0.401632906,0.476426209,0,,,,,,,0,PAM,PTGS1,0,1,1
P34972,Q674X7,1,0.551219512,0.401633092,0.476426302,0,,,,,,,0,CNR2,KAZN,1,0,1
Q04206,Q9BSU3,1,0.551219512,0.401632904,0.476426208,0,,,,,,,0,RELA,NAA11,1,0,1
P08123,Q15759,1,0.526829268,0.401633235,0.464231252,0,,,,,,,0,COL1A2,MAPK11,1,0,1
P0CB48,P25940,1,0.551219512,0.401633016,0.476426264,0,,,,,,,0,UBTFL6,COL5A3,0,1,1
P04637,Q9UNK4,1,0.551219512,0.401632994,0.476426253,0,,,,,,,0,TP53,PLA2G2D,1,0,1
P00439,P05997,1,0.526829268,0.401681283,0.464255276,0,,,,,,,0,PAH,COL5A2,0,1,1
Q16539,Q9H3U1,1,0.551219512,0.401632795,0.476426153,0,,,,,,,0,MAPK14,UNC45A,1,0,1
Q04206,Q0ZLH3,1,0.551219512,0.401632974,0.476426243,0,,,,,,,0,RELA,PJVK,1,0,1
P02461,Q9Y2G2,1,0.526829268,0.401633309,0.464231289,0,,,,,,,0,COL3A1,CARD8,1,0,1
P08123,Q96A11,1,0.551219512,0.401632999,0.476426256,0,,,,,,,0,COL1A2,GAL3ST3,1,0,1
P04637,Q9ULK2,1,0.551219512,0.401632949,0.476426231,0,,,,,,,0,TP53,ATXN7L1,1,0,1
P28482,P30101,1,0.551219512,0.401633011,0.476426262,0,,,,,,,0,MAPK1,PDIA3,1,0,1
P25940,Q8NF37,1,0.551219512,0.401632849,0.476426181,0,,,,,,,0,COL5A3,LPCAT1,1,0,1
P25940,P57789,1,0.551219512,0.401633005,0.476426258,0,,,,,,,0,COL5A3,KCNK10,1,0,1
P05997,Q4KMZ8,1,0.551219512,0.401632942,0.476426227,0,,,,,,,0,COL5A2,NKAIN1,1,0,1
P04004,Q9P2H5,1,0.551219512,0.401632944,0.476426228,0,,,,,,,0,VTN,USP35,1,0,1
P25940,P34972,1,0.551219512,0.401632948,0.47642623,0,,,,,,,0,COL5A3,CNR2,1,1,1
P02452,Q9P104,1,0.551219512,0.401633024,0.476426268,0,,,,,,,0,COL1A1,DOK5,1,0,1
P49841,Q9Y473,1,0.551219512,0.401633013,0.476426262,0,,,,,,,0,GSK3B,ZNF175,1,0,1
P49841,Q5CZ79,1,0.551219512,0.401632821,0.476426167,0,,,,,,,0,GSK3B,ANKRD20A8P,1,0,1
O94805,P02452,1,0.551219512,0.401632903,0.476426207,0,,,,,,,0,ACTL6B,COL1A1,0,1,1
P05997,Q8N884,1,0.551219512,0.401632922,0.476426217,0,,,,,,,0,COL5A2,CGAS,1,0,1
P02452,P40199,1,0.551219512,0.401633003,0.476426258,0,,,,,,,0,COL1A1,CEACAM6,1,0,1
P0CB47,P25940,1,0.551219512,0.401632806,0.476426159,0,,,,,,,0,UBTFL1,COL5A3,0,1,1
P17612,P17612,1,0.941463415,0.398706133,0.670084774,0,,,,,,,0,PRKACA,PRKACA,1,1,1
P04198,P26441,1,0.551219512,0.401633165,0.476426339,0,,,,,,,0,MYCN,CNTF,1,0,1
P08123,Q96MK3,1,0.551219512,0.401633021,0.476426267,0,,,,,,,0,COL1A2,FAM20A,1,0,1
P07333,Q9Y618,1,0.52195122,0.401681117,0.461816168,0,,,,,,,0,CSF1R,NCOR2,1,0,1
Q04206,Q8NG99,1,0.551219512,0.401633174,0.476426343,0,,,,,,,0,RELA,OR7G2,1,0,1
P28482,Q16799,1,0.551219512,0.401632823,0.476426168,0,,,,,,,0,MAPK1,RTN1,1,0,1
P02461,Q8IVI9,1,0.551219512,0.401633059,0.476426285,0,,,,,,,0,COL3A1,NOSTRIN,1,0,1
O43914,P05412,1,0.551219512,0.401633012,0.476426262,0,,,,,,,0,TYROBP,JUN,0,1,1
P05997,P05997,1,0.941463415,0.404919361,0.673191388,0,,,,,,,0,COL5A2,COL5A2,1,1,1
Q04206,Q9BWL3,1,0.551219512,0.401632944,0.476426228,0,,,,,,,0,RELA,C1orf43,1,0,1
P01258,Q8TF09,1,0.526829268,0.401633703,0.464231485,0,,,,,,,0,CALCA,DYNLRB2,1,0,1
P42574,Q5MNZ6,1,0.526829268,0.401633175,0.464231222,0,,,,,,,0,CASP3,WDR45B,1,0,1
P02452,Q96Q11,1,0.551219512,0.401632916,0.476426214,0,,,,,,,0,COL1A1,TRNT1,1,0,1
P23219,P51797,1,0.551219512,0.401632953,0.476426233,0,,,,,,,0,PTGS1,CLCN6,1,0,1
P25789,Q9Y4K3,1,0.551219512,0.401633023,0.476426267,0,,,,,,,0,PSMA4,TRAF6,0,1,1
P05997,Q9BXW7,1,0.551219512,0.401632982,0.476426247,0,,,,,,,0,COL5A2,HDHD5,1,0,1
P02461,Q17R89,1,0.551219512,0.401633246,0.476426379,0,,,,,,,0,COL3A1,ARHGAP44,1,0,1
P43235,Q659A1,1,0.52195122,0.401681259,0.461816239,0,,,,,,,0,CTSK,ICE2,1,0,1
O14788,Q8IXW5,1,0.551219512,0.401633102,0.476426307,0,,,,,,,0,TNFSF11,RPAP2,1,0,1
Q8IVP9,Q9Y4K3,1,0.551219512,0.401633066,0.476426289,0,,,,,,,0,ZNF547,TRAF6,0,1,1
P12643,Q9UJJ7,1,0.551219512,0.401633203,0.476426358,0,,,,,,,0,BMP2,RPUSD1,1,0,1
P04637,Q8N4U5,1,0.551219512,0.401633394,0.476426453,0,,,,,,,0,TP53,TCP11L2,1,0,1
P08123,Q9P2F5,1,0.551219512,0.401633035,0.476426274,0,,,,,,,0,COL1A2,STOX2,1,0,1
P02452,Q969S0,1,0.551219512,0.401633006,0.476426259,0,,,,,,,0,COL1A1,SLC35B4,1,0,1
P05997,Q9UN19,1,0.551219512,0.401633063,0.476426288,0,,,,,,,0,COL5A2,DAPP1,1,0,1
P05412,Q19AV6,1,0.551219512,0.401633244,0.476426378,0,,,,,,,0,JUN,ZSWIM7,1,0,1
P05997,Q8IZ40,1,0.551219512,0.401632974,0.476426243,0,,,,,,,0,COL5A2,RCOR2,1,0,1
P04637,Q7L804,1,0.526829268,0.401633131,0.4642312,0,,,,,,,0,TP53,RAB11FIP2,1,0,1
P02452,Q8WUB8,1,0.52195122,0.40168113,0.461816175,0,,,,,,,0,COL1A1,PHF10,1,0,1
P04637,P79483,1,0.551219512,0.40163324,0.476426376,0,,,,,,,0,TP53,HLA-DRB3,1,0,1
P01106,P09211,1,0.551219512,0.401633234,0.476426373,0,,,,,,,0,MYC,GSTP1,1,0,1
Q12926,Q9Y4K3,1,0.551219512,0.401632964,0.476426238,0,,,,,,,0,ELAVL2,TRAF6,0,1,1
P01258,Q8WXA9,1,0.551219512,0.401633029,0.47642627,0,,,,,,,0,CALCA,SREK1,1,0,1
O60884,Q04206,1,0.526829268,0.40163313,0.464231199,0,,,,,,,0,DNAJA2,RELA,0,1,1
P25940,Q15485,1,0.551219512,0.401632956,0.476426234,0,,,,,,,0,COL5A3,FCN2,1,0,1
P02452,Q9Y2E8,1,0.551219512,0.401633032,0.476426272,0,,,,,,,0,COL1A1,SLC9A8,1,0,1
P05997,P12644,1,0.551219512,0.401633053,0.476426283,1,0.138987044,,,,,,0,COL5A2,BMP4,1,0,1
P04629,P47871,1,0.551219512,0.401632934,0.476426223,0,,,,,,,0,NTRK1,GCGR,1,0,1
Q9NZW4,Q9UNN8,1,0.551219512,0.401632909,0.476426211,0,,,,,,,0,DSPP,PROCR,0,1,1
P01258,Q9UHF0,1,0.52195122,0.401633317,0.461792268,0,,,,,,,0,CALCA,TAC3,1,0,1
Q9BXA6,Q9Y4K3,1,0.551219512,0.401632861,0.476426187,0,,,,,,,0,TSSK6,TRAF6,0,1,1
P08123,Q8N187,1,0.526829268,0.401633281,0.464231275,0,,,,,,,0,COL1A2,CARF,1,0,1
P04637,P04637,1,0.87804878,0.413585087,0.645816934,0,,,,,,,0,TP53,TP53,1,1,1
P12524,Q8NHV4,1,0.551219512,0.401633059,0.476426285,0,,,,,,,0,MYCL,NEDD1,1,0,1
P05549,Q9Y4K3,1,0.551219512,0.401633318,0.476426415,0,,,,,,,0,TFAP2A,TRAF6,0,1,1
P10415,Q6P1K1,1,0.551219512,0.401633335,0.476426423,0,,,,,,,0,BCL2,SLC48A1,1,0,1
O15254,P12931,1,0.551219512,0.401633069,0.476426291,0,,,,,,,0,ACOX3,SRC,0,1,1
P02461,P34995,1,0.526829268,0.401681351,0.46425531,0,,,,,,,0,COL3A1,PTGER1,1,0,1
P12524,Q9H3H1,1,0.551219512,0.40163301,0.476426261,0,,,,,,,0,MYCL,TRIT1,1,0,1
Q7Z7B0,Q9Y4K3,1,0.551219512,0.401633051,0.476426282,0,,,,,,,0,FILIP1,TRAF6,0,1,1
P25940,Q8N136,1,0.551219512,0.40163282,0.476426166,0,,,,,,,0,COL5A3,DAW1,1,0,1
P31749,Q14966,1,0.52195122,0.401681061,0.46181614,0,,,,,,,0,AKT1,ZNF638,1,0,1
O14788,Q13948,1,0.551219512,0.401633,0.476426256,0,,,,,,,0,TNFSF11,CUX1,1,0,1
Q8IV32,Q9BQB4,1,0.526829268,0.401633002,0.464231135,0,,,,,,,0,CCDC71,SOST,0,1,1
P04198,Q3KRB8,1,0.526829268,0.401633388,0.464231328,0,,,,,,,0,MYCN,ARHGAP11B,1,0,1
P10415,P10415,1,0.765853659,0.398814048,0.582333853,0,,,,,,,0,BCL2,BCL2,1,1,1
P08123,Q9GZP0,1,0.551219512,0.401632917,0.476426215,0,,,,,,,0,COL1A2,PDGFD,1,0,1
P10451,Q9NW07,1,0.551219512,0.401633077,0.476426294,0,,,,,,,0,SPP1,ZNF358,1,0,1
P02461,Q5VWQ0,1,0.551219512,0.401632962,0.476426237,0,,,,,,,0,COL3A1,RSBN1,1,0,1
P17612,P58417,1,0.526829268,0.401633161,0.464231215,0,,,,,,,0,PRKACA,NXPH1,1,0,1
P06401,Q6ZRV2,1,0.551219512,0.401632976,0.476426244,0,,,,,,,0,PGR,FAM83H,1,0,1
P43235,Q6P9B9,1,0.52195122,0.401681409,0.461816314,0,,,,,,,0,CTSK,INTS5,1,0,1
P12524,Q14507,1,0.526829268,0.401633275,0.464231272,0,,,,,,,0,MYCL,EDDM3A,1,0,1
Q04206,Q8NGA2,1,0.551219512,0.401633119,0.476426316,0,,,,,,,0,RELA,OR7A2P,1,0,1
P43235,Q9NVI1,1,0.526829268,0.401681217,0.464255243,0,,,,,,,0,CTSK,FANCI,1,0,1
Q96R45,Q9Y4K3,1,0.551219512,0.401633168,0.47642634,0,,,,,,,0,OR2A7,TRAF6,0,1,1
P08123,Q13434,1,0.551219512,0.401632806,0.476426159,0,,,,,,,0,COL1A2,MKRN4P,1,0,1
A8K0R7,P42574,1,0.551219512,0.401632964,0.476426238,0,,,,,,,0,ZNF839,CASP3,0,1,1
O15263,P01258,1,0.526829268,0.401632996,0.464231132,0,,,,,,,0,DEFB4B,CALCA,0,1,1
P25940,Q6IMI6,1,0.551219512,0.401632797,0.476426154,0,,,,,,,0,COL5A3,SULT1C3,1,0,1
P49841,Q9UN30,1,0.551219512,0.401632869,0.47642619,0,,,,,,,0,GSK3B,SCML1,1,0,1
O14788,O14788,1,0.907317073,0.394343597,0.650830335,0,,,,,,,0,TNFSF11,TNFSF11,1,1,1
Q02297,Q9Y4K3,1,0.526829268,0.401633224,0.464231246,0,,,,,,,0,NRG1,TRAF6,0,1,1
A0A1B0GVD1,P04198,1,0.551219512,0.40163307,0.476426291,0,,,,,,,0,FAM237B,MYCN,0,1,1
O96013,Q9UNN8,1,0.551219512,0.401633027,0.47642627,0,,,,,,,0,PAK4,PROCR,0,1,1
P12643,P52945,1,0.526829268,0.401633269,0.464231269,0,,,,,,,0,BMP2,PDX1,1,0,1
P25940,Q14728,1,0.551219512,0.401633013,0.476426263,0,,,,,,,0,COL5A3,MFSD10,1,0,1
Q8NGA5,Q9Y4K3,1,0.551219512,0.401633129,0.476426321,0,,,,,,,0,OR10H4,TRAF6,0,1,1
P01106,Q9NZP2,1,0.551219512,0.401633217,0.476426365,0,,,,,,,0,MYC,OR6C2,1,0,1
P06401,Q9H3D4,1,0.526829268,0.401633268,0.464231268,0,,,,,,,0,PGR,TP63,1,0,1
H7BZ55,P34972,1,0.52195122,0.401681159,0.461816189,0,,,,,,,0,CROCC2,CNR2,0,1,1
P22676,Q9Y4K3,1,0.551219512,0.401633145,0.476426329,0,,,,,,,0,CALB2,TRAF6,0,1,1
O14788,Q5T5N4,1,0.551219512,0.401633095,0.476426304,0,,,,,,,0,TNFSF11,C6orf118,1,0,1
P42574,Q96SC8,1,0.526829268,0.401633202,0.464231235,0,,,,,,,0,CASP3,DMRTA2,1,0,1
P52655,Q9BQB4,1,0.536585366,0.401632977,0.469109172,0,,,,,,,0,GTF2A1,SOST,0,1,1
A6NJV1,Q9Y4K3,1,0.551219512,0.40163307,0.476426291,0,,,,,,,0,FAM166C,TRAF6,0,1,1
P04637,Q8NEP3,1,0.551219512,0.401633096,0.476426304,0,,,,,,,0,TP53,DNAAF1,1,0,1
P02751,P02751,1,0.868292683,0.406937064,0.637614874,0,,P02751,P02751,"psi-mi:""MI:0114""(x-ray crystallography)",taxid:9606(Homo sapiens),2,1,FN1,FN1,1,1,1
P04004,Q9Y6Q2,1,0.551219512,0.401633026,0.476426269,0,,,,,,,0,VTN,STON1,1,0,1
P02452,P17538,1,0.526829268,0.401681107,0.464255188,0,,,,,,,0,COL1A1,CTRB1,1,0,1
P28482,Q9P2M7,1,0.526829268,0.401681281,0.464255275,0,,,,,,,0,MAPK1,CGN,1,0,1
P10415,Q9Y6F8,1,0.551219512,0.401633022,0.476426267,0,,,,,,,0,BCL2,CDY1B,1,0,1
P49841,P49841,1,0.912195122,0.39348434,0.652839731,0,,,,,,,0,GSK3B,GSK3B,1,1,1
P05997,Q9H0X4,1,0.551219512,0.40163302,0.476426266,0,,,,,,,0,COL5A2,FAM234A,1,0,1
P25940,Q15813,1,0.551219512,0.401632865,0.476426188,0,,,,,,,0,COL5A3,TBCE,1,0,1
P12524,Q494V2,1,0.551219512,0.401633008,0.47642626,0,,,,,,,0,MYCL,CFAP100,1,0,1
O43567,Q04206,1,0.551219512,0.401633119,0.476426316,0,,,,,,,0,RNF13,RELA,0,1,1
P02818,Q9BZM3,1,0.551219512,0.401633236,0.476426374,0,,,,,,,0,BGLAP,GSX2,1,0,1
Q8IYX8,Q9BQB4,1,0.551219512,0.401632992,0.476426252,0,,,,,,,0,CEP57L1,SOST,0,1,1
P17612,Q9UJ78,1,0.551219512,0.401632872,0.476426192,0,,,,,,,0,PRKACA,ZMYM5,1,0,1
A0A075B6I6,P04198,1,0.551219512,0.401633107,0.47642631,0,,,,,,,0,IGLV1-50,MYCN,0,1,1
P04637,Q9NY72,1,0.551219512,0.401633031,0.476426272,0,,,,,,,0,TP53,SCN3B,1,0,1
P49841,Q5SQ80,1,0.551219512,0.40163294,0.476426226,0,,,,,,,0,GSK3B,ANKRD20A2P,1,0,1
P42574,Q9ULW0,1,0.551219512,0.401632855,0.476426184,0,,,,,,,0,CASP3,TPX2,1,0,1
P02461,P04628,1,0.526829268,0.401681129,0.464255199,0,,,,,,,0,COL3A1,WNT1,1,0,1
P05997,Q9NR63,1,0.551219512,0.401632908,0.47642621,0,,,,,,,0,COL5A2,CYP26B1,1,0,1
Q16539,Q9UQ35,1,0.551219512,0.401632803,0.476426158,0,,,,,,,0,MAPK14,SRRM2,1,0,1
P05997,Q9UMS4,1,0.551219512,0.401632926,0.476426219,0,,,,,,,0,COL5A2,PRPF19,1,0,1
P23219,Q9NP78,1,0.526829268,0.401633007,0.464231138,0,,,,,,,0,PTGS1,ABCB9,1,0,1
A0A1B0GV85,P10415,1,0.551219512,0.40163302,0.476426266,0,,,,,,,0,REELD1,BCL2,0,1,1
P12931,Q92802,1,0.526829268,0.401633427,0.464231348,0,,,,,,,0,SRC,N4BP2L2,1,0,1
Q04206,Q15038,1,0.551219512,0.401632984,0.476426248,0,,,,,,,0,RELA,DAZAP2,1,0,1
Q04206,Q9NQ03,1,0.551219512,0.401633047,0.47642628,0,,,,,,,0,RELA,SCRT2,1,0,1
A6NDN3,P12643,1,0.551219512,0.401633017,0.476426265,0,,,,,,,0,GOLGA6B,BMP2,0,1,1
P02452,Q969X2,1,0.551219512,0.401632833,0.476426173,0,,,,,,,0,COL1A1,ST6GALNAC6,1,0,1
P12524,Q96RP8,1,0.551219512,0.401633449,0.476426481,0,,,,,,,0,MYCL,KCNA7,1,0,1
A0A075B6T7,P04198,1,0.551219512,0.401633059,0.476426286,0,,,,,,,0,TRAV6,MYCN,0,1,1
P05997,Q9H992,1,0.551219512,0.401633115,0.476426314,0,,,,,,,0,COL5A2,MARCHF7,1,0,1
P12524,P82094,1,0.551219512,0.40163284,0.476426176,0,,,,,,,0,MYCL,TMF1,1,0,1
O14788,Q9H161,1,0.526829268,0.401633433,0.46423135,0,,,,,,,0,TNFSF11,ALX4,1,0,1
P12270,P17612,1,0.52195122,0.401681019,0.461816119,1,0.02237927,,,,,,0,TPR,PRKACA,0,1,1
O14979,P02452,1,0.526829268,0.401681386,0.464255327,0,,,,,,,0,HNRNPDL,COL1A1,0,1,1
P43235,Q8TEL6,1,0.551219512,0.401633041,0.476426277,0,,,,,,,0,CTSK,TRPC4AP,1,0,1
A0A0B4J2H0,P04198,1,0.551219512,0.401632854,0.476426183,0,,,,,,,0,IGHV1-69D,MYCN,0,1,1
O75648,P02452,1,0.551219512,0.401633064,0.476426288,0,,,,,,,0,TRMU,COL1A1,0,1,1
O00755,P02452,1,0.551219512,0.401632854,0.476426183,0,,,,,,,0,WNT7A,COL1A1,0,1,1
P25940,Q8N6G5,1,0.526829268,0.40168127,0.464255269,0,,,,,,,0,COL5A3,CSGALNACT2,1,0,1
P05997,Q9UK39,1,0.551219512,0.401632924,0.476426218,0,,,,,,,0,COL5A2,NOCT,1,0,1
P25940,Q9H2X3,1,0.551219512,0.401632934,0.476426223,0,,,,,,,0,COL5A3,CLEC4M,1,0,1
P05997,Q6P9G9,1,0.551219512,0.401632873,0.476426192,0,,,,,,,0,COL5A2,ZNF449,1,0,1
O43313,Q9UNN8,1,0.551219512,0.401633186,0.476426349,0,,,,,,,0,ATMIN,PROCR,0,1,1
P02452,Q6ZVU0,1,0.526829268,0.401681142,0.464255205,0,,,,,,,0,COL1A1,,1,0,1
P02818,Q5XKK7,1,0.551219512,0.401632965,0.476426239,0,,,,,,,0,BGLAP,FAM219B,1,0,1
A0A0A0MRZ8,Q9BQB4,1,0.536585366,0.401633328,0.469109347,0,,,,,,,0,IGKV3D-11,SOST,0,1,1
Q96MX3,Q9UNN8,1,0.551219512,0.401633092,0.476426302,0,,,,,,,0,ZNF48,PROCR,0,1,1
P20908,Q9HA82,1,0.52195122,0.401681418,0.461816319,0,,,,,,,0,COL5A1,CERS4,1,0,1
O96020,P25940,1,0.551219512,0.401632982,0.476426247,0,,,,,,,0,CCNE2,COL5A3,0,1,1
P02461,P14314,1,0.526829268,0.401633271,0.46423127,0,,,,,,,0,COL3A1,PRKCSH,1,0,1
P28482,Q9UJS0,1,0.551219512,0.401633128,0.47642632,0,,,,,,,0,MAPK1,SLC25A13,1,0,1
P12524,P39023,1,0.526829268,0.401633322,0.464231295,0,,,,,,,0,MYCL,RPL3,1,0,1
P34972,Q6IMI6,1,0.526829268,0.401634087,0.464231678,0,,,,,,,0,CNR2,SULT1C3,1,0,1
P10451,Q12972,1,0.551219512,0.401633624,0.476426568,0,,,,,,,0,SPP1,PPP1R8,1,0,1
P12643,Q8IYV9,1,0.536585366,0.401632981,0.469109173,0,,,,,,,0,BMP2,IZUMO1,1,0,1
A6NP11,P28482,1,0.526829268,0.401633347,0.464231308,0,,,,,,,0,ZNF716,MAPK1,0,1,1
P06870,P08123,1,0.526829268,0.401681442,0.464255355,0,,,,,,,0,KLK1,COL1A2,0,1,1
P28676,Q9Y4K3,1,0.551219512,0.40163287,0.476426191,0,,,,,,,0,GCA,TRAF6,0,1,1
M0QZC1,P02452,1,0.526829268,0.401681145,0.464255207,0,,,,,,,0,RNF225,COL1A1,0,1,1
P01106,Q8WV92,1,0.526829268,0.401633293,0.464231281,0,,,,,,,0,MYC,MITD1,1,0,1
P12524,P54886,1,0.551219512,0.401632927,0.476426219,0,,,,,,,0,MYCL,ALDH18A1,1,0,1
O75185,P18075,1,0.551219512,0.40163305,0.476426281,0,,,,,,,0,ATP2C2,BMP7,0,1,1
P12524,Q8WVR3,1,0.551219512,0.401633196,0.476426354,0,,,,,,,0,MYCL,TRAPPC14,1,0,1
O14788,P49189,1,0.551219512,0.40163293,0.476426221,0,,,,,,,0,TNFSF11,ALDH9A1,1,0,1
P01106,Q8IXK0,1,0.551219512,0.401632818,0.476426165,0,,,,,,,0,MYC,PHC2,1,0,1
P04637,Q8NGH8,1,0.536585366,0.401633939,0.469109652,0,,,,,,,0,TP53,OR56A4,1,0,1
P04198,Q8N4E4,1,0.526829268,0.401633073,0.46423117,0,,,,,,,0,MYCN,PDCL2,1,0,1
P0CW27,Q9BQB4,1,0.551219512,0.40163303,0.476426271,0,,,,,,,0,CCDC166,SOST,0,1,1
P02452,Q8TDD2,1,0.551219512,0.401632904,0.476426208,0,,,,,,,0,COL1A1,SP7,1,0,1
P25940,P47804,1,0.551219512,0.401632799,0.476426156,0,,,,,,,0,COL5A3,RGR,1,0,1
P25940,Q9ULV4,1,0.551219512,0.401633037,0.476426275,0,,,,,,,0,COL5A3,CORO1C,1,0,1
P05997,Q8IZP0,1,0.526829268,0.401681278,0.464255273,0,,,,,,,0,COL5A2,ABI1,1,0,1
P23219,P23219,1,0.785365854,0.42308338,0.604224617,0,,,,,,,0,PTGS1,PTGS1,1,1,1
P04637,P35269,1,0.526829268,0.401633335,0.464231302,0,,,,,,,0,TP53,GTF2F1,1,0,1
A6NJ46,P04637,1,0.526829268,0.401633234,0.464231251,0,,,,,,,0,NKX6-3,TP53,0,1,1
P34972,Q15813,1,0.551219512,0.40163305,0.476426281,0,,,,,,,0,CNR2,TBCE,1,0,1
Q5HYW3,Q9UNN8,1,0.551219512,0.401633168,0.47642634,0,,,,,,,0,RTL5,PROCR,0,1,1
Q9BQB4,Q9Y303,1,0.536585366,0.401633179,0.469109272,0,,,,,,,0,SOST,AMDHD2,1,0,1
P04637,Q92765,1,0.551219512,0.401632989,0.476426251,0,,,,,,,0,TP53,FRZB,1,0,1
Q969Q5,Q9Y4K3,1,0.551219512,0.40163313,0.476426321,0,,,,,,,0,RAB24,TRAF6,0,1,1
B4DZS4,P05997,1,0.551219512,0.401632978,0.476426245,0,,,,,,,0,TCP11X1,COL5A2,0,1,1
O14788,Q8WXA3,1,0.551219512,0.401632995,0.476426254,0,,,,,,,0,TNFSF11,RUFY2,1,0,1
P01258,Q96KT6,1,0.526829268,0.40163317,0.464231219,0,,,,,,,0,CALCA,LINC00208,1,0,1
P08123,Q7Z602,1,0.551219512,0.401632911,0.476426212,0,,,,,,,0,COL1A2,GPR141,1,0,1
A3QJZ7,P25940,1,0.551219512,0.401632904,0.476426208,0,,,,,,,0,PRAMEF27,COL5A3,0,1,1
P05997,P10073,1,0.551219512,0.401632895,0.476426204,0,,,,,,,0,COL5A2,ZSCAN22,1,0,1
O76080,P05412,1,0.526829268,0.401633509,0.464231389,0,,,,,,,0,ZFAND5,JUN,0,1,1
P09211,Q9Y4K3,1,0.551219512,0.401633289,0.476426401,0,,,,,,,0,GSTP1,TRAF6,0,1,1
P25940,Q9P2W7,1,0.551219512,0.401632875,0.476426193,0,,,,,,,0,COL5A3,B3GAT1,1,0,1
P25940,P40879,1,0.52195122,0.401681145,0.461816182,0,,,,,,,0,COL5A3,SLC26A3,1,0,1
P12524,Q8IY85,1,0.52195122,0.401681276,0.461816248,0,,,,,,,0,MYCL,EFCAB13,1,0,1
P34972,Q86YJ6,1,0.551219512,0.401633127,0.476426319,0,,,,,,,0,CNR2,THNSL2,1,0,1
P20908,Q8WZA2,1,0.52195122,0.401681133,0.461816176,0,,,,,,,0,COL5A1,RAPGEF4,1,0,1
P08123,P28907,1,0.526829268,0.401681349,0.464255308,0,,,,,,,0,COL1A2,CD38,1,0,1
P35354,P35354,1,0.702439024,0.414205856,0.55832244,0,,,,,,,0,PTGS2,PTGS2,1,1,1
P04198,Q96B02,1,0.551219512,0.401632947,0.47642623,0,,,,,,,0,MYCN,UBE2W,1,0,1
P01106,Q7Z7B0,1,0.551219512,0.401633012,0.476426262,0,,,,,,,0,MYC,FILIP1,1,0,1
O14730,P17612,1,0.551219512,0.401633147,0.476426329,0,,,,,,,0,RIOK3,PRKACA,0,1,1
P04637,Q9BX73,1,0.551219512,0.401633129,0.476426321,0,,,,,,,0,TP53,TM2D2,1,0,1
P08123,Q9NW75,1,0.52195122,0.401681397,0.461816308,0,,,,,,,0,COL1A2,GPATCH2,1,0,1
Q8WV92,Q9Y4K3,1,0.551219512,0.401633116,0.476426314,0,,,,,,,0,MITD1,TRAF6,0,1,1
Q9Y371,Q9Y4K3,1,0.551219512,0.401632943,0.476426227,0,,,,,,,0,SH3GLB1,TRAF6,0,1,1
P25940,Q96AN5,1,0.551219512,0.401632847,0.47642618,0,,,,,,,0,COL5A3,TMEM143,1,0,1
P05997,Q9H1Z4,1,0.551219512,0.401632896,0.476426204,0,,,,,,,0,COL5A2,WDR13,1,0,1
P01106,Q96R45,1,0.551219512,0.401633427,0.47642647,0,,,,,,,0,MYC,OR2A7,1,0,1
P10415,Q6PCB0,1,0.551219512,0.401633034,0.476426273,0,,,,,,,0,BCL2,VWA1,1,0,1
P08123,Q9UMR7,1,0.526829268,0.401681145,0.464255207,0,,,,,,,0,COL1A2,CLEC4A,1,0,1
P01106,Q9ULZ2,1,0.526829268,0.401633272,0.46423127,0,,,,,,,0,MYC,STAP1,1,0,1
P25940,Q8N9Z9,1,0.551219512,0.401632841,0.476426177,0,,,,,,,0,COL5A3,LMNTD1,1,0,1
Q9Y4K3,Q9Y4K3,1,0.707317073,0.398295219,0.552806146,0,,,,,,,0,TRAF6,TRAF6,1,1,1
P12524,Q13127,1,0.52195122,0.401681078,0.461816149,0,,,,,,,0,MYCL,REST,1,0,1
P04004,P35443,1,0.551219512,0.401632904,0.476426208,0,,,,,,,0,VTN,THBS4,1,0,1
P10415,Q9NYA3,1,0.551219512,0.40163286,0.476426186,0,,,,,,,0,BCL2,GOLGA6A,1,0,1
P31749,P31749,1,0.63902439,0.419876033,0.529450212,0,,,,,,,0,AKT1,AKT1,1,1,1
P02452,Q9HBW0,1,0.551219512,0.401632898,0.476426205,0,,,,,,,0,COL1A1,LPAR2,1,0,1
P05997,Q6ZMJ4,1,0.551219512,0.401633005,0.476426259,0,,,,,,,0,COL5A2,IL34,1,0,1
P31749,Q9UQ72,1,0.551219512,0.401633091,0.476426302,0,,,,,,,0,AKT1,PSG11,1,0,1
P03372,Q9NSY1,1,0.551219512,0.401633171,0.476426342,0,,,,,,,0,ESR1,BMP2K,1,0,1
P01106,Q9H208,1,0.551219512,0.401633389,0.476426451,0,,,,,,,0,MYC,OR10A2,1,0,1
P02818,Q9GZU8,1,0.526829268,0.401633161,0.464231215,0,,,,,,,0,BGLAP,PSME3IP1,1,0,1
P52298,Q04206,1,0.551219512,0.401632879,0.476426195,0,,,,,,,0,NCBP2,RELA,0,1,1
P05997,Q15118,1,0.526829268,0.401681192,0.46425523,0,,,,,,,0,COL5A2,PDK1,1,0,1
P10415,Q9ULX5,1,0.551219512,0.401632969,0.476426241,0,,,,,,,0,BCL2,RNF112,1,0,1
O15211,P25940,1,0.551219512,0.401632896,0.476426204,0,,,,,,,0,RGL2,COL5A3,0,1,1
Q16539,Q8N2N9,1,0.526829268,0.401681147,0.464255208,0,,,,,,,0,MAPK14,ANKRD36B,1,0,1
P08123,P67775,1,0.551219512,0.401632926,0.476426219,0,,,,,,,0,COL1A2,PPP2CA,1,0,1
P19838,Q8NDV3,1,0.551219512,0.401633002,0.476426257,0,,,,,,,0,NFKB1,SMC1B,1,0,1
P02452,P25024,1,0.551219512,0.401633021,0.476426267,0,,,,,,,0,COL1A1,CXCR1,1,0,1
P02452,Q9P2K3,1,0.551219512,0.401632878,0.476426195,0,,,,,,,0,COL1A1,RCOR3,1,0,1
A8MW95,P05997,1,0.551219512,0.401632892,0.476426202,0,,,,,,,0,BECN2,COL5A2,0,1,1
P04637,P20827,1,0.551219512,0.401633064,0.476426288,0,,,,,,,0,TP53,EFNA1,1,0,1
P02461,Q9N2J8,1,0.551219512,0.401632936,0.476426224,0,,,,,,,0,COL3A1,,1,0,1
Q96RA2,Q9Y4K3,1,0.551219512,0.40163326,0.476426386,0,,,,,,,0,OR7D2,TRAF6,0,1,1
F8VTS6,P04198,1,0.526829268,0.40163311,0.464231189,0,,,,,,,0,RFPL4AL1,MYCN,0,1,1
P05997,Q96R48,1,0.551219512,0.401632947,0.47642623,0,,,,,,,0,COL5A2,OR2A5,1,0,1
P02452,Q969X1,1,0.526829268,0.401681294,0.464255281,0,,,,,,,0,COL1A1,TMBIM1,1,0,1
P04629,P04629,1,0.873170732,0.40950438,0.641337556,0,,P04629,P04629,"psi-mi:""MI:0809""(bimolecular fluorescence complementation)",taxid:9606(Homo sapiens),2,1,NTRK1,NTRK1,1,1,1
P02461,Q68DY9,1,0.551219512,0.401632957,0.476426235,0,,,,,,,0,COL3A1,ZNF772,1,0,1
P04637,Q8N1E2,1,0.551219512,0.401633032,0.476426272,0,,,,,,,0,TP53,LYG1,1,0,1
P10451,Q8N9W8,1,0.551219512,0.401633315,0.476426414,0,,,,,,,0,SPP1,GARIN2,1,0,1
P37275,Q16539,1,0.52195122,0.401681168,0.461816194,0,,,,,,,0,ZEB1,MAPK14,0,1,1
Q04206,Q8NGX3,1,0.551219512,0.401633262,0.476426387,0,,,,,,,0,RELA,OR10T2,1,0,1
P35354,Q4G0U5,1,0.551219512,0.401632982,0.476426247,0,,,,,,,0,PTGS2,CFAP221,1,0,1
P05997,Q92187,1,0.551219512,0.401632805,0.476426159,0,,,,,,,0,COL5A2,ST8SIA4,1,0,1
Q5T124,Q9UNN8,1,0.551219512,0.401632875,0.476426194,0,,,,,,,0,UBXN11,PROCR,0,1,1
P23219,Q5TCQ9,1,0.551219512,0.401632792,0.476426152,0,,,,,,,0,PTGS1,MAGI3,1,0,1
P04004,Q8N9B5,1,0.551219512,0.401632927,0.47642622,0,,,,,,,0,VTN,JMY,1,0,1
P08123,P35453,1,0.551219512,0.401632927,0.47642622,0,,,,,,,0,COL1A2,HOXD13,1,0,1
P02452,Q9UM82,1,0.52195122,0.401681241,0.46181623,0,,,,,,,0,COL1A1,SPATA2,1,0,1
O00624,P25940,1,0.551219512,0.401632801,0.476426157,0,,,,,,,0,SLC17A2,COL5A3,0,1,1
P02452,Q12948,1,0.52195122,0.401681364,0.461816292,0,,,,,,,0,COL1A1,FOXC1,1,0,1
P05997,Q02252,1,0.551219512,0.401633147,0.47642633,0,,,,,,,0,COL5A2,ALDH6A1,1,0,1
O60684,P05997,1,0.551219512,0.401633178,0.476426345,0,,,,,,,0,KPNA6,COL5A2,0,1,1
A0A075B6I0,P10451,1,0.551219512,0.401633102,0.476426307,0,,,,,,,0,IGLV8-61,SPP1,0,1,1
O95047,Q9Y4K3,1,0.551219512,0.401633304,0.476426408,0,,,,,,,0,OR2A4,TRAF6,0,1,1
P02818,Q6ZTU2,1,0.551219512,0.401633004,0.476426258,0,,,,,,,0,BGLAP,EP400P1,1,0,1
O95104,P02461,1,0.536585366,0.401633252,0.469109309,0,,,,,,,0,SCAF4,COL3A1,0,1,1
P34972,Q86YF9,1,0.551219512,0.401633115,0.476426314,0,,,,,,,0,CNR2,DZIP1,1,0,1
P02452,Q0VG06,1,0.526829268,0.401633328,0.464231298,0,,,,,,,0,COL1A1,FAAP100,1,0,1
P04198,P55042,1,0.536585366,0.401633058,0.469109212,0,,,,,,,0,MYCN,RRAD,1,0,1
P04629,Q9BQS8,1,0.52195122,0.401681399,0.461816309,0,,,,,,,0,NTRK1,FYCO1,1,0,1
P29474,P46100,1,0.52195122,0.401681133,0.461816176,0,,,,,,,0,NOS3,ATRX,1,0,1
O75157,P10451,1,0.551219512,0.401632747,0.476426129,0,,,,,,,0,TSC22D2,SPP1,0,1,1
P02452,Q6NTE8,1,0.526829268,0.401681102,0.464255185,0,,,,,,,0,COL1A1,MRNIP,1,0,1
P12524,Q9BTL3,1,0.551219512,0.401632916,0.476426214,0,,,,,,,0,MYCL,RAMAC,1,0,1
P10451,P60763,1,0.526829268,0.401633341,0.464231305,0,,,,,,,0,SPP1,RAC3,1,0,1
P35354,Q9Y5H2,1,0.551219512,0.401633024,0.476426268,0,,,,,,,0,PTGS2,PCDHGA11,1,0,1
P05997,Q9GZX7,1,0.551219512,0.401632886,0.476426199,0,,,,,,,0,COL5A2,AICDA,1,0,1
P19838,Q9H2S6,1,0.52195122,0.401681326,0.461816273,0,,,,,,,0,NFKB1,TNMD,1,0,1
P02461,Q969I3,1,0.551219512,0.401632886,0.476426199,0,,,,,,,0,COL3A1,GLYATL1,1,0,1
P02461,Q6ZT21,1,0.551219512,0.401632987,0.47642625,0,,,,,,,0,COL3A1,TMPPE,1,0,1
P08123,P13727,1,0.526829268,0.401681214,0.464255241,0,,,,,,,0,COL1A2,PRG2,1,0,1
O75381,Q9BQB4,1,0.551219512,0.401632907,0.476426209,0,,,,,,,0,PEX14,SOST,0,1,1
Q04206,Q5JRM2,1,0.551219512,0.40163293,0.476426221,0,,,,,,,0,RELA,CXorf66,1,0,1
Q9UNN8,Q9Y2R4,1,0.551219512,0.401632902,0.476426207,0,,,,,,,0,PROCR,DDX52,1,0,1
P35354,Q10567,1,0.551219512,0.401633074,0.476426293,0,,,,,,,0,PTGS2,AP1B1,1,0,1
P05997,Q8N9F8,1,0.551219512,0.401632922,0.476426217,0,,,,,,,0,COL5A2,ZNF454,1,0,1
P06401,Q9UK59,1,0.526829268,0.401633226,0.464231247,0,,,,,,,0,PGR,DBR1,1,0,1
P10074,P42574,1,0.551219512,0.401632849,0.47642618,0,,,,,,,0,ZBTB48,CASP3,0,1,1
P02818,Q9NY27,1,0.526829268,0.401633085,0.464231176,0,,,,,,,0,BGLAP,PPP4R2,1,0,1
P25940,Q9H6N6,1,0.551219512,0.401632948,0.47642623,0,,,,,,,0,COL5A3,MYH16,1,0,1
O14771,P02461,1,0.52195122,0.401681203,0.461816211,0,,,,,,,0,ZNF213,COL3A1,0,1,1
P49640,Q9Y4K3,1,0.526829268,0.401633179,0.464231224,0,,,,,,,0,EVX1,TRAF6,0,1,1
P17612,Q9Y6F1,1,0.551219512,0.401633048,0.47642628,0,,,,,,,0,PRKACA,PARP3,1,0,1
P04198,Q9NP50,1,0.526829268,0.401633108,0.464231188,0,,,,,,,0,MYCN,SINHCAF,1,0,1
A0A0B4J1X5,P04198,1,0.526829268,0.401633295,0.464231282,0,,,,,,,0,IGHV3-74,MYCN,0,1,1
O14788,Q8IZN3,1,0.551219512,0.401633088,0.4764263,0,,,,,,,0,TNFSF11,ZDHHC14,1,0,1
P49591,Q16539,1,0.551219512,0.40163318,0.476426346,0,,,,,,,0,SARS1,MAPK14,0,1,1
P01106,P0C7V9,1,0.551219512,0.40163309,0.476426301,0,,,,,,,0,MYC,METTL15P1,1,0,1
P12524,Q56NI9,1,0.526829268,0.401633192,0.46423123,0,,,,,,,0,MYCL,ESCO2,1,0,1
P28482,Q92570,1,0.551219512,0.401632933,0.476426223,0,,,,,,,0,MAPK1,NR4A3,1,0,1
O00206,P04004,1,0.551219512,0.401632937,0.476426225,0,,,,,,,0,TLR4,VTN,0,1,1
Q5T6C5,Q9UNN8,1,0.551219512,0.401633121,0.476426317,0,,,,,,,0,ATXN7L2,PROCR,0,1,1
P02452,Q8WU79,1,0.551219512,0.401632867,0.47642619,0,,,,,,,0,COL1A1,SMAP2,1,0,1
A0A087WSY6,Q9BQB4,1,0.52195122,0.401633289,0.461792254,0,,,,,,,0,IGKV3D-15,SOST,0,1,1
P05997,Q32MK0,1,0.551219512,0.401633192,0.476426352,0,,,,,,,0,COL5A2,MYLK3,1,0,1
Q9BQB4,Q9BXG8,1,0.551219512,0.401632839,0.476426176,0,,,,,,,0,SOST,SPZ1,1,0,1
A0A0A0MS02,P04637,1,0.551219512,0.401632986,0.476426249,0,,,,,,,0,TRGV1,TP53,0,1,1
P12524,Q9H334,1,0.551219512,0.401632955,0.476426233,0,,,,,,,0,MYCL,FOXP1,1,0,1
P04637,P57054,1,0.551219512,0.401633104,0.476426308,0,,,,,,,0,TP53,PIGP,1,0,1
P35354,Q9NQ86,1,0.551219512,0.401632981,0.476426246,0,,,,,,,0,PTGS2,TRIM36,1,0,1
O43900,P02452,1,0.551219512,0.40163297,0.476426241,0,,,,,,,0,PRICKLE3,COL1A1,0,1,1
P20908,Q9NTN9,1,0.526829268,0.401681161,0.464255214,0,,,,,,,0,COL5A1,SEMA4G,1,0,1
Q17RF5,Q9BQB4,1,0.526829268,0.401633175,0.464231222,0,,,,,,,0,ODAPH,SOST,0,1,1
P02452,Q6NXT4,1,0.551219512,0.401632936,0.476426224,0,,,,,,,0,COL1A1,SLC30A6,1,0,1
P01825,P12643,1,0.551219512,0.401632937,0.476426225,0,,,,,,,0,IGHV4-59,BMP2,0,1,1
Q15022,Q16539,1,0.551219512,0.401633023,0.476426268,0,,,,,,,0,SUZ12,MAPK14,0,1,1
P42574,Q86SQ7,1,0.551219512,0.401632887,0.476426199,0,,,,,,,0,CASP3,SDCCAG8,1,0,1
O94933,P20908,1,0.52195122,0.401681265,0.461816242,0,,,,,,,0,SLITRK3,COL5A1,0,1,1
P08123,P62714,1,0.551219512,0.401632893,0.476426203,0,,,,,,,0,COL1A2,PPP2CB,1,0,1
P17612,P18075,1,0.551219512,0.401632899,0.476426206,1,0.115429918,,,,,,0,PRKACA,BMP7,1,1,1
O75200,P08123,1,0.52195122,0.401681188,0.461816204,0,,,,,,,0,NPIPB7,COL1A2,0,1,1
O14508,P04637,1,0.551219512,0.401632949,0.47642623,0,,,,,,,0,SOCS2,TP53,0,1,1
O00292,P02461,1,0.526829268,0.401681395,0.464255332,0,,,,,,,0,LEFTY2,COL3A1,0,1,1
P49841,Q9Y5E5,1,0.551219512,0.401632948,0.47642623,0,,,,,,,0,GSK3B,PCDHB4,1,0,1
O43463,P06401,1,0.551219512,0.401632868,0.47642619,0,,,,,,,0,SUV39H1,PGR,0,1,1
P12643,Q96M83,1,0.526829268,0.40168116,0.464255214,0,,,,,,,0,BMP2,CCDC7,1,0,1
O75452,P19838,1,0.52195122,0.401681254,0.461816237,0,,,,,,,0,RDH16,NFKB1,0,1,1
P55916,Q9Y4K3,1,0.551219512,0.401632962,0.476426237,0,,,,,,,0,UCP3,TRAF6,0,1,1
P06401,Q96AE4,1,0.551219512,0.401632987,0.47642625,0,,,,,,,0,PGR,FUBP1,1,0,1
P12643,Q9P2E9,1,0.551219512,0.401632911,0.476426212,0,,,,,,,0,BMP2,RRBP1,1,0,1
P05997,Q8TC71,1,0.551219512,0.401632946,0.476426229,0,,,,,,,0,COL5A2,SPATA18,1,0,1
P08123,Q92966,1,0.551219512,0.401632867,0.47642619,0,,,,,,,0,COL1A2,SNAPC3,1,0,1
P02452,P48146,1,0.551219512,0.401632993,0.476426252,0,,,,,,,0,COL1A1,NPBWR2,1,0,1
P12524,Q9GZX5,1,0.551219512,0.401633057,0.476426285,0,,,,,,,0,MYCL,ZNF350,1,0,1
P05997,Q9UEW8,1,0.551219512,0.401632886,0.476426199,0,,,,,,,0,COL5A2,STK39,1,0,1
P05997,Q9Y2A9,1,0.551219512,0.401633097,0.476426305,0,,,,,,,0,COL5A2,B3GNT3,1,0,1
P10415,Q8N4P6,1,0.526829268,0.401633261,0.464231265,0,,,,,,,0,BCL2,LRRC71,1,0,1
O00322,P34972,1,0.551219512,0.401633494,0.476426503,0,,,,,,,0,UPK1A,CNR2,0,1,1
P25940,Q71RH2,1,0.551219512,0.401632799,0.476426155,0,,,,,,,0,COL5A3,TLCD3B,1,0,1
P17612,Q12800,1,0.551219512,0.40163309,0.476426301,0,,,,,,,0,PRKACA,TFCP2,1,0,1
Q16539,Q8N3R9,1,0.551219512,0.401632966,0.476426239,0,,,,,,,0,MAPK14,PALS1,1,0,1
O14788,Q99592,1,0.551219512,0.401633157,0.476426334,0,,,,,,,0,TNFSF11,ZBTB18,1,0,1
P05997,P56749,1,0.551219512,0.401632943,0.476426228,0,,,,,,,0,COL5A2,CLDN12,1,0,1
P02452,Q9Y577,1,0.551219512,0.401632882,0.476426197,0,,,,,,,0,COL1A1,TRIM17,1,0,1
P18075,Q86SS6,1,0.526829268,0.4016331,0.464231184,0,,,,,,,0,BMP7,SYT9,1,0,1
A6NGY3,P02818,1,0.52195122,0.401633396,0.461792308,0,,,,,,,0,C5orf52,BGLAP,0,1,1
P12643,Q96NU1,1,0.551219512,0.401633069,0.47642629,0,,,,,,,0,BMP2,SAMD11,1,0,1
P05997,Q96M43,1,0.551219512,0.401633047,0.476426279,0,,,,,,,0,COL5A2,NBPF4,1,0,1
O75410,P10415,1,0.551219512,0.401632923,0.476426218,0,,,,,,,0,TACC1,BCL2,0,1,1
P34972,Q9H6N6,1,0.551219512,0.401632939,0.476426226,0,,,,,,,0,CNR2,MYH16,1,0,1
P12931,Q96KQ4,1,0.551219512,0.401632812,0.476426162,0,,,,,,,0,SRC,PPP1R13B,1,0,1
Q8IZQ8,Q9UNN8,1,0.551219512,0.401632891,0.476426202,0,,,,,,,0,MYOCD,PROCR,0,1,1
A0A0B4J1U4,P12643,1,0.551219512,0.401632857,0.476426184,0,,,,,,,0,TRGV5,BMP2,0,1,1
O14520,P25940,1,0.551219512,0.401632807,0.47642616,0,,,,,,,0,AQP7,COL5A3,0,1,1
A6NGD5,Q9BQB4,1,0.551219512,0.401632957,0.476426234,0,,,,,,,0,ZSCAN5C,SOST,0,1,1
P02452,P49682,1,0.551219512,0.40163296,0.476426236,0,,,,,,,0,COL1A1,CXCR3,1,0,1
P08123,Q9P0Z9,1,0.551219512,0.401632951,0.476426232,0,,,,,,,0,COL1A2,PIPOX,1,0,1
Q8TDR0,Q9BQB4,1,0.551219512,0.401632845,0.476426178,0,,,,,,,0,TRAF3IP1,SOST,0,1,1
P17612,Q86SS6,1,0.551219512,0.401633135,0.476426323,0,,,,,,,0,PRKACA,SYT9,1,0,1
A0A0J9YX57,Q9Y4K3,1,0.551219512,0.401633104,0.476426308,0,,,,,,,0,MAGEB6B,TRAF6,0,1,1
Q16539,Q9BQI7,1,0.551219512,0.401632963,0.476426237,0,,,,,,,0,MAPK14,PSD2,1,0,1
P25940,Q96Q27,1,0.526829268,0.401681164,0.464255216,0,,,,,,,0,COL5A3,ASB2,1,0,1
P03372,Q8IYH5,1,0.526829268,0.401633231,0.46423125,0,,,,,,,0,ESR1,ZZZ3,1,0,1
P12524,Q99727,1,0.551219512,0.401633228,0.47642637,0,,,,,,,0,MYCL,TIMP4,1,0,1
P25940,Q6PF15,1,0.551219512,0.40163283,0.476426171,0,,,,,,,0,COL5A3,KLHL35,1,0,1
A8MTL0,P02461,1,0.526829268,0.40168119,0.464255229,0,,,,,,,0,IQCF5,COL3A1,0,1,1
O15056,P29474,1,0.551219512,0.401632882,0.476426197,0,,,,,,,0,SYNJ2,NOS3,0,1,1
Q04206,Q96BR5,1,0.551219512,0.40163293,0.476426221,0,,,,,,,0,RELA,COA7,1,0,1
P01106,Q96K58,1,0.551219512,0.401633095,0.476426303,0,,,,,,,0,MYC,ZNF668,1,0,1
P31749,Q96BP3,1,0.551219512,0.401633176,0.476426344,0,,,,,,,0,AKT1,PPWD1,1,0,1
P02452,Q9BRV3,1,0.551219512,0.401632915,0.476426214,0,,,,,,,0,COL1A1,SLC50A1,1,0,1
P10451,Q9BYQ4,1,0.52195122,0.401441524,0.461696372,0,,,,,,,0,SPP1,KRTAP9-2,1,0,1
P17612,Q9P2N2,1,0.551219512,0.401632786,0.476426149,0,,,,,,,0,PRKACA,ARHGAP28,1,0,1
P49841,Q6N043,1,0.551219512,0.401632957,0.476426235,0,,,,,,,0,GSK3B,ZNF280D,1,0,1
P05997,Q8NFZ8,1,0.551219512,0.401633148,0.47642633,0,,,,,,,0,COL5A2,CADM4,1,0,1
P20908,Q92622,1,0.52195122,0.401681177,0.461816198,0,,,,,,,0,COL5A1,RUBCN,1,0,1
A6NKC9,P02452,1,0.551219512,0.401632926,0.476426219,0,,,,,,,0,SH2D7,COL1A1,0,1,1
P28482,P28482,1,0.941463415,0.404179401,0.672821408,0,,P28482,P28482,"psi-mi:""MI:0007""(anti tag coimmunoprecipitation)",taxid:9606(Homo sapiens),2,1,MAPK1,MAPK1,1,1,1
P25940,Q9H6T0,1,0.526829268,0.401681416,0.464255342,0,,,,,,,0,COL5A3,ESRP2,1,0,1
Q16539,Q9UHV5,1,0.551219512,0.401632959,0.476426236,0,,,,,,,0,MAPK14,RAPGEFL1,1,0,1
P02452,Q330K2,1,0.551219512,0.401633001,0.476426257,0,,,,,,,0,COL1A1,NDUFAF6,1,0,1
Q02978,Q9Y4K3,1,0.551219512,0.401632938,0.476426225,0,,,,,,,0,SLC25A11,TRAF6,0,1,1
P12319,P25940,1,0.551219512,0.401633013,0.476426262,0,,,,,,,0,FCER1A,COL5A3,0,1,1
P05412,Q0VAQ4,1,0.551219512,0.401632962,0.476426237,0,,,,,,,0,JUN,SMAGP,1,0,1
O60701,Q16539,1,0.551219512,0.401633187,0.47642635,0,,,,,,,0,UGDH,MAPK14,0,1,1
P20908,Q9NP60,1,0.526829268,0.401681178,0.464255223,0,,,,,,,0,COL5A1,IL1RAPL2,1,0,1
P41180,Q86TB3,1,0.526829268,0.401681209,0.464255239,0,,,,,,,0,CASR,ALPK2,1,0,1
P04004,Q6T4R5,1,0.551219512,0.401632843,0.476426177,0,,,,,,,0,VTN,NHS,1,0,1
A6NKW6,Q04206,1,0.551219512,0.401633067,0.47642629,0,,,,,,,0,SHISAL2B,RELA,0,1,1
P28482,Q14203,1,0.551219512,0.401632905,0.476426209,0,,,,,,,0,MAPK1,DCTN1,1,0,1
P05997,Q3KPI0,1,0.551219512,0.401633031,0.476426272,0,,,,,,,0,COL5A2,CEACAM21,1,0,1
A0A1B0GUW6,P12931,1,0.551219512,0.401632945,0.476426229,0,,,,,,,0,SPEM3,SRC,0,1,1
P02452,Q15777,1,0.551219512,0.401632905,0.476426209,0,,,,,,,0,COL1A1,MPPED2,1,0,1
P34972,Q9Y4R8,1,0.551219512,0.401632828,0.47642617,0,,,,,,,0,CNR2,TELO2,1,0,1
P04198,Q5TGJ6,1,0.551219512,0.401633324,0.476426418,0,,,,,,,0,MYCN,HDGFL1,1,0,1
P49841,Q13310,1,0.551219512,0.401632964,0.476426238,0,,,,,,,0,GSK3B,PABPC4,1,0,1
Q16539,Q6P4F7,1,0.551219512,0.401632869,0.476426191,0,,,,,,,0,MAPK14,ARHGAP11A,1,0,1
P08123,Q6UXN2,1,0.526829268,0.401681144,0.464255206,0,,,,,,,0,COL1A2,TREML4,1,0,1
O75330,P42574,1,0.551219512,0.401633134,0.476426323,0,,,,,,,0,HMMR,CASP3,0,1,1
P07333,P07333,1,0.809756098,0.389661404,0.599708751,0,,,,,,,0,CSF1R,CSF1R,1,1,1
P02461,Q9P2M1,1,0.526829268,0.401681308,0.464255288,0,,,,,,,0,COL3A1,LRP2BP,1,0,1
E5RJM6,P05997,1,0.526829268,0.40168127,0.464255269,0,,,,,,,0,ANKRD65,COL5A2,0,1,1
P05412,P0CG23,1,0.551219512,0.401633009,0.476426261,1,0.015312132,,,,,,0,JUN,ZNF853,1,0,1
P31749,Q07343,1,0.551219512,0.401633202,0.476426357,0,,,,,,,0,AKT1,PDE4B,1,0,1
P23219,Q5VSG8,1,0.551219512,0.401633002,0.476426257,0,,,,,,,0,PTGS1,MANEAL,1,0,1
P08123,Q3SXZ3,1,0.551219512,0.401632881,0.476426197,0,,,,,,,0,COL1A2,ZNF718,1,0,1
Q14973,Q9Y4K3,1,0.551219512,0.401633102,0.476426307,0,,,,,,,0,SLC10A1,TRAF6,0,1,1
O75716,P12643,1,0.551219512,0.401633152,0.476426332,0,,,,,,,0,STK16,BMP2,0,1,1
A6NJV1,P01106,1,0.551219512,0.401633021,0.476426267,0,,,,,,,0,FAM166C,MYC,0,1,1
P05997,Q9H0C1,1,0.526829268,0.401681186,0.464255227,0,,,,,,,0,COL5A2,ZMYND12,1,0,1
P43235,Q7L775,1,0.551219512,0.401633231,0.476426372,0,,,,,,,0,CTSK,EPM2AIP1,1,0,1
P02452,Q9H6L2,1,0.551219512,0.401632882,0.476426197,0,,,,,,,0,COL1A1,TMEM231,1,0,1
P04637,Q6UWI4,1,0.526829268,0.401633141,0.464231204,0,,,,,,,0,TP53,SHISA2,1,0,1
P01106,P54278,1,0.551219512,0.401632792,0.476426152,0,,,,,,,0,MYC,PMS2,1,0,1
P25940,Q9NVV5,1,0.551219512,0.401632854,0.476426183,0,,,,,,,0,COL5A3,AIG1,1,0,1
P05997,P0DQD5,1,0.551219512,0.401632936,0.476426224,0,,,,,,,0,COL5A2,NPY4R2,1,0,1
O75027,P04004,1,0.551219512,0.401633114,0.476426313,0,,,,,,,0,ABCB7,VTN,0,1,1
Q8TEY5,Q9BQB4,1,0.551219512,0.401632947,0.47642623,0,,,,,,,0,CREB3L4,SOST,0,1,1
P12270,P18075,1,0.52195122,0.401681052,0.461816136,0,,,,,,,0,TPR,BMP7,0,1,1
P02452,P27352,1,0.551219512,0.401632931,0.476426221,0,,,,,,,0,COL1A1,CBLIF,1,0,1
P25940,Q9H4A9,1,0.551219512,0.401632837,0.476426175,0,,,,,,,0,COL5A3,DPEP2,1,0,1
P04198,P84077,1,0.551219512,0.401633021,0.476426267,0,,,,,,,0,MYCN,ARF1,1,0,1
P08123,Q15397,1,0.551219512,0.401633008,0.47642626,0,,,,,,,0,COL1A2,PUM3,1,0,1
Q8TDN6,Q9UNN8,1,0.551219512,0.401633243,0.476426378,0,,,,,,,0,BRIX1,PROCR,0,1,1
P10415,Q9P2M7,1,0.551219512,0.401632819,0.476426166,0,,,,,,,0,BCL2,CGN,1,0,1
P05997,Q5H9J9,1,0.551219512,0.40163299,0.476426251,0,,,,,,,0,COL5A2,TCP11X2,1,0,1
P18075,Q9ULE4,1,0.551219512,0.401632953,0.476426233,0,,,,,,,0,BMP7,FAM184B,1,0,1
P25940,Q7M4L6,1,0.551219512,0.401632787,0.47642615,0,,,,,,,0,COL5A3,SHF,1,0,1
Q9HAS0,Q9Y4K3,1,0.551219512,0.401633156,0.476426334,0,,,,,,,0,C17orf75,TRAF6,0,1,1
P08123,Q8NHY0,1,0.551219512,0.40163289,0.476426201,0,,,,,,,0,COL1A2,B4GALNT2,1,0,1
P20908,Q6N069,1,0.551219512,0.401632934,0.476426223,0,,,,,,,0,COL5A1,NAA16,1,0,1
P35354,Q92889,1,0.551219512,0.401632993,0.476426253,0,,,,,,,0,PTGS2,ERCC4,1,0,1
P08123,Q8WWZ8,1,0.551219512,0.401633196,0.476426354,0,,,,,,,0,COL1A2,OIT3,1,0,1
P04637,Q8TF50,1,0.551219512,0.401632991,0.476426252,0,,,,,,,0,TP53,ZNF526,1,0,1
P05997,P15121,1,0.551219512,0.401633063,0.476426288,0,,,,,,,0,COL5A2,AKR1B1,1,0,1
P08123,Q96PG2,1,0.526829268,0.401681195,0.464255232,0,,,,,,,0,COL1A2,MS4A10,1,0,1
P02461,Q9HBV1,1,0.551219512,0.401632845,0.476426179,0,,,,,,,0,COL3A1,POPDC3,1,0,1
P01742,P04198,1,0.551219512,0.401633026,0.476426269,0,,,,,,,0,IGHV1-69,MYCN,0,1,1
P08123,P0DMS8,1,0.551219512,0.40163293,0.476426221,0,,,,,,,0,COL1A2,ADORA3,1,0,1
P12524,P35680,1,0.551219512,0.401633059,0.476426286,0,,,,,,,0,MYCL,HNF1B,1,0,1
P02461,Q96G91,1,0.551219512,0.401632921,0.476426217,0,,,,,,,0,COL3A1,P2RY11,1,0,1
P02452,P12235,1,0.551219512,0.401633099,0.476426305,0,,,,,,,0,COL1A1,SLC25A4,1,0,1
O14788,Q7RTN6,1,0.526829268,0.401633206,0.464231237,0,,,,,,,0,TNFSF11,STRADA,1,0,1
A0A0B4J245,P04198,1,0.551219512,0.40163301,0.476426261,0,,,,,,,0,TRAV12-1,MYCN,0,1,1
P02461,Q86TM6,1,0.551219512,0.401633035,0.476426274,0,,,,,,,0,COL3A1,SYVN1,1,0,1
P17612,Q9ULE4,1,0.551219512,0.401632925,0.476426219,0,,,,,,,0,PRKACA,FAM184B,1,0,1
P08123,Q13163,1,0.526829268,0.401633265,0.464231266,0,,,,,,,0,COL1A2,MAP2K5,1,0,1
Q96DC7,Q9UNN8,1,0.551219512,0.401632953,0.476426233,0,,,,,,,0,TMCO6,PROCR,0,1,1
P02461,Q96G74,1,0.551219512,0.401632917,0.476426215,0,,,,,,,0,COL3A1,OTUD5,1,0,1
O95202,P10415,1,0.551219512,0.40163304,0.476426276,0,,,,,,,0,LETM1,BCL2,0,1,1
P05997,Q16563,1,0.551219512,0.401632879,0.476426196,0,,,,,,,0,COL5A2,SYPL1,1,0,1
P06401,Q9Y6P5,1,0.551219512,0.401632995,0.476426254,0,,,,,,,0,PGR,SESN1,1,0,1
P12524,Q96JA4,1,0.551219512,0.401633031,0.476426272,0,,,,,,,0,MYCL,MS4A14,1,0,1
P02452,Q9Y2Z4,1,0.551219512,0.401632941,0.476426227,0,,,,,,,0,COL1A1,YARS2,1,0,1
P12643,P51580,1,0.526829268,0.401633055,0.464231162,0,,,,,,,0,BMP2,TPMT,1,0,1
P01258,Q5VSR9,1,0.526829268,0.401633472,0.46423137,0,,,,,,,0,CALCA,SPANXN1,1,0,1
P02461,Q9H093,1,0.551219512,0.401632995,0.476426254,0,,,,,,,0,COL3A1,NUAK2,1,0,1
Q9BQB4,Q9H6Z4,1,0.551219512,0.401632942,0.476426227,0,,,,,,,0,SOST,RANBP3,1,0,1
P43235,Q9UI42,1,0.551219512,0.401632842,0.476426177,0,,,,,,,0,CTSK,CPA4,1,0,1
P08123,Q6ZVX7,1,0.526829268,0.401681182,0.464255225,0,,,,,,,0,COL1A2,NCCRP1,1,0,1
I3L273,P10451,1,0.551219512,0.401632984,0.476426248,0,,,,,,,0,GFY,SPP1,0,1,1
P04004,Q5VXJ0,1,0.536585366,0.401633331,0.469109348,0,,,,,,,0,VTN,LIPK,1,0,1
P06401,Q86VH2,1,0.551219512,0.401632821,0.476426167,0,,,,,,,0,PGR,KIF27,1,0,1
P02452,Q6UW02,1,0.551219512,0.401633151,0.476426331,0,,,,,,,0,COL1A1,CYP20A1,1,0,1
Q9H208,Q9Y4K3,1,0.551219512,0.401633135,0.476426324,0,,,,,,,0,OR10A2,TRAF6,0,1,1
P02461,Q11203,1,0.551219512,0.401632877,0.476426194,0,,,,,,,0,COL3A1,ST3GAL3,1,0,1
Q14576,Q9Y4K3,1,0.526829268,0.401633118,0.464231193,0,,,,,,,0,ELAVL3,TRAF6,0,1,1
P01258,Q5U649,1,0.526829268,0.401633167,0.464231218,0,,,,,,,0,CALCA,C12orf60,1,0,1
Q04917,Q9Y4K3,1,0.526829268,0.401633238,0.464231253,0,,,,,,,0,YWHAH,TRAF6,0,1,1
O14788,Q14184,1,0.551219512,0.401632944,0.476426228,0,,,,,,,0,TNFSF11,DOC2B,1,0,1
A6H8Y1,P05997,1,0.52195122,0.401681051,0.461816135,0,,,,,,,0,BDP1,COL5A2,0,1,1
P02452,P78348,1,0.52195122,0.401681381,0.4618163,0,,,,,,,0,COL1A1,ASIC1,1,0,1
P19838,Q969I3,1,0.52195122,0.401681131,0.461816175,0,,,,,,,0,NFKB1,GLYATL1,1,0,1
P04198,Q96HF1,1,0.526829268,0.401633133,0.464231201,0,,,,,,,0,MYCN,SFRP2,1,0,1
Q16539,Q16539,1,0.970731707,0.413531396,0.692131552,0,,,,,,,0,MAPK14,MAPK14,1,1,1
Q9P1V8,Q9Y4K3,1,0.551219512,0.401632997,0.476426255,0,,,,,,,0,SAMD15,TRAF6,0,1,1
O95994,P10451,1,0.526829268,0.401633504,0.464231386,0,,,,,,,0,AGR2,SPP1,0,1,1
P06401,Q96L92,1,0.551219512,0.401632921,0.476426217,0,,,,,,,0,PGR,SNX27,1,0,1
P12931,Q9ULT0,1,0.551219512,0.401632935,0.476426224,0,,,,,,,0,SRC,TTC7A,1,0,1
O43347,Q9Y4K3,1,0.526829268,0.401633157,0.464231212,0,,,,,,,0,MSI1,TRAF6,0,1,1
Q96T51,Q9UNN8,1,0.551219512,0.401632887,0.4764262,0,,,,,,,0,RUFY1,PROCR,0,1,1
P03372,Q9HBJ7,1,0.526829268,0.401633155,0.464231212,0,,,,,,,0,ESR1,USP29,1,0,1
P02461,Q9H2S6,1,0.551219512,0.401632845,0.476426179,0,,,,,,,0,COL3A1,TNMD,1,0,1
P28482,Q01538,1,0.551219512,0.401633014,0.476426263,0,,,,,,,0,MAPK1,MYT1,1,0,1
O00322,P25940,1,0.551219512,0.401632839,0.476426176,0,,,,,,,0,UPK1A,COL5A3,0,1,1
P02452,P49756,1,0.536585366,0.401633166,0.469109266,0,,,,,,,0,COL1A1,RBM25,1,0,1
O75340,P12643,1,0.551219512,0.401632972,0.476426242,0,,,,,,,0,PDCD6,BMP2,0,1,1
P17612,Q8IY51,1,0.551219512,0.401633008,0.47642626,0,,,,,,,0,PRKACA,TIGD4,1,0,1
P25940,Q5SWL8,1,0.551219512,0.40163291,0.476426211,0,,,,,,,0,COL5A3,PRAMEF19,1,0,1
Q16539,Q16891,1,0.551219512,0.401633026,0.476426269,0,,,,,,,0,MAPK14,IMMT,1,0,1
P12524,Q8NCX0,1,0.551219512,0.401633028,0.47642627,0,,,,,,,0,MYCL,CCDC150,1,0,1
P12524,Q5C9Z4,1,0.551219512,0.401633023,0.476426268,0,,,,,,,0,MYCL,NOM1,1,0,1
P18075,P58417,1,0.526829268,0.401633108,0.464231188,0,,,,,,,0,BMP7,NXPH1,1,0,1
P10415,Q13148,1,0.526829268,0.401633202,0.464231235,0,,,,,,,0,BCL2,TARDBP,1,0,1
P05997,Q15293,1,0.551219512,0.401632848,0.47642618,0,,,,,,,0,COL5A2,RCN1,1,0,1
Q8NGK3,Q9Y4K3,1,0.551219512,0.4016332,0.476426356,0,,,,,,,0,OR52K2,TRAF6,0,1,1
P03372,P03372,1,0.536585366,0.409084799,0.472835082,0,,,,,,,0,ESR1,ESR1,1,1,1
A0A0K0K1G6,P10451,1,0.551219512,0.401633158,0.476426335,0,,,,,,,0,TRBV10-3,SPP1,0,1,1
A6NJT0,Q9BQB4,1,0.551219512,0.401632961,0.476426237,0,,,,,,,0,UNCX,SOST,0,1,1
P05997,P10828,1,0.551219512,0.401632895,0.476426203,0,,,,,,,0,COL5A2,THRB,1,0,1
P10515,P25940,1,0.551219512,0.401633131,0.476426322,0,,,,,,,0,DLAT,COL5A3,0,1,1
P05997,Q8NDC0,1,0.551219512,0.401633015,0.476426264,0,,,,,,,0,COL5A2,MAPK1IP1L,1,0,1
O00300,P05997,1,0.551219512,0.401632924,0.476426218,0,,,,,,,0,TNFRSF11B,COL5A2,0,1,1
P04198,Q9BRX8,1,0.551219512,0.4016332,0.476426356,0,,,,,,,0,MYCN,PRXL2A,1,0,1
P10415,Q14397,1,0.526829268,0.401633185,0.464231226,0,,,,,,,0,BCL2,GCKR,1,0,1
Q6YFQ2,Q9BQB4,1,0.526829268,0.401633235,0.464231251,0,,,,,,,0,COX6B2,SOST,0,1,1
P25940,Q9BZQ8,1,0.52195122,0.401681383,0.461816301,0,,,,,,,0,COL5A3,NIBAN1,1,0,1
P02818,Q5TDH0,1,0.551219512,0.401633053,0.476426283,0,,,,,,,0,BGLAP,DDI2,1,0,1
O75153,P23219,1,0.52195122,0.40168115,0.461816185,0,,,,,,,0,CLUH,PTGS1,0,1,1
O95154,P02452,1,0.551219512,0.40163319,0.476426351,0,,,,,,,0,AKR7A3,COL1A1,0,1,1
P19838,Q15648,1,0.551219512,0.40163305,0.476426281,0,,,,,,,0,NFKB1,MED1,1,0,1
O75880,P05997,1,0.551219512,0.401632795,0.476426154,0,,,,,,,0,SCO1,COL5A2,0,1,1
O15211,P34972,1,0.551219512,0.401633014,0.476426263,0,,,,,,,0,RGL2,CNR2,0,1,1
P25940,Q16651,1,0.551219512,0.401632807,0.47642616,0,,,,,,,0,COL5A3,PRSS8,1,0,1
P02452,Q5TEU4,1,0.551219512,0.401633064,0.476426288,0,,,,,,,0,COL1A1,NDUFAF5,1,0,1
P08123,Q00325,1,0.551219512,0.40163308,0.476426296,0,,,,,,,0,COL1A2,SLC25A3,1,0,1
P04198,Q8WZ69,1,0.551219512,0.401633124,0.476426318,0,,,,,,,0,MYCN,C11orf40,1,0,1
P04637,P30613,1,0.526829268,0.401633025,0.464231146,0,,,,,,,0,TP53,PKLR,1,0,1
Q9BQB4,Q9NQ87,1,0.551219512,0.40163302,0.476426266,0,,,,,,,0,SOST,HEYL,1,0,1
P04004,Q15437,1,0.551219512,0.401632973,0.476426242,0,,,,,,,0,VTN,SEC23B,1,0,1
P04637,Q96EL2,1,0.526829268,0.40163332,0.464231294,0,,,,,,,0,TP53,MRPS24,1,0,1
P25940,P50747,1,0.526829268,0.401681239,0.464255254,0,,,,,,,0,COL5A3,HLCS,1,0,1
Q04206,Q8NH81,1,0.551219512,0.401633413,0.476426463,0,,,,,,,0,RELA,OR10G6,1,0,1
P08123,Q9NPH0,1,0.551219512,0.401632902,0.476426207,0,,,,,,,0,COL1A2,ACP6,1,0,1
O14788,Q6A163,1,0.551219512,0.401633054,0.476426283,0,,,,,,,0,TNFSF11,KRT39,1,0,1
P05997,Q5SVS4,1,0.551219512,0.401632951,0.476426232,0,,,,,,,0,COL5A2,SLC25A30,1,0,1
O14788,Q9UN79,1,0.551219512,0.401633096,0.476426304,0,,,,,,,0,TNFSF11,SOX13,1,0,1
Q86XN8,Q9BQB4,1,0.551219512,0.401632862,0.476426187,0,,,,,,,0,MEX3D,SOST,0,1,1
P05412,P49207,1,0.551219512,0.401632951,0.476426232,1,0.043580683,,,,,,0,JUN,RPL34,1,0,1
P0C5J1,P10415,1,0.526829268,0.401633459,0.464231364,0,,,,,,,0,FAM86B2,BCL2,0,1,1
P04637,Q86UN6,1,0.551219512,0.401633108,0.47642631,0,,,,,,,0,TP53,AKAP14,1,0,1
P10451,Q8IV20,1,0.526829268,0.401633425,0.464231347,0,,,,,,,0,SPP1,LACC1,1,0,1
P10451,Q5JQF8,1,0.551219512,0.401632921,0.476426216,0,,,,,,,0,SPP1,PABPC1L2B,1,0,1
P08123,P51684,1,0.551219512,0.401632974,0.476426243,0,,,,,,,0,COL1A2,CCR6,1,0,1
Q16539,Q9NQV8,1,0.551219512,0.401632941,0.476426227,0,,,,,,,0,MAPK14,PRDM8,1,0,1
Q04206,Q7Z5L3,1,0.551219512,0.401632954,0.476426233,0,,,,,,,0,RELA,C1QL2,1,0,1
P02818,Q32NC0,1,0.526829268,0.401633073,0.46423117,0,,,,,,,0,BGLAP,C18orf21,1,0,1
P10451,P62491,1,0.551219512,0.401633014,0.476426263,0,,,,,,,0,SPP1,RAB11A,1,0,1
P31749,Q05823,1,0.551219512,0.401632822,0.476426167,0,,,,,,,0,AKT1,RNASEL,1,0,1
P05997,Q14542,1,0.551219512,0.401633039,0.476426275,0,,,,,,,0,COL5A2,SLC29A2,1,0,1
P10415,Q9P2Y4,1,0.551219512,0.401632811,0.476426161,0,,,,,,,0,BCL2,ZNF219,1,0,1
O14788,P23327,1,0.551219512,0.401632998,0.476426255,0,,,,,,,0,TNFSF11,HRC,1,0,1
P04198,Q7Z6K5,1,0.551219512,0.401633101,0.476426307,0,,,,,,,0,MYCN,ARPIN,1,0,1
O14788,P13010,1,0.551219512,0.401632916,0.476426214,0,,,,,,,0,TNFSF11,XRCC5,1,0,1
P06401,Q86VQ6,1,0.551219512,0.401632977,0.476426245,0,,,,,,,0,PGR,TXNRD3,1,0,1
P02461,Q8N448,1,0.551219512,0.401633186,0.476426349,0,,,,,,,0,COL3A1,LNX2,1,0,1
P08123,Q9NQI0,1,0.551219512,0.401633073,0.476426293,0,,,,,,,0,COL1A2,DDX4,1,0,1
P05997,Q5T2R2,1,0.551219512,0.401633038,0.476426275,0,,,,,,,0,COL5A2,PDSS1,1,0,1
A8MXT2,Q9Y4K3,1,0.551219512,0.401633059,0.476426285,0,,,,,,,0,MAGEB17,TRAF6,0,1,1
O94972,P43235,1,0.551219512,0.401632928,0.47642622,0,,,,,,,0,TRIM37,CTSK,0,1,1
O00232,P08123,1,0.551219512,0.40163299,0.476426251,0,,,,,,,0,PSMD12,COL1A2,0,1,1
P05997,P07204,1,0.551219512,0.401632984,0.476426248,0,,,,,,,0,COL5A2,THBD,1,0,1
P04637,Q92530,1,0.551219512,0.401633043,0.476426278,0,,,,,,,0,TP53,PSMF1,1,0,1
P43235,Q9H2G4,1,0.551219512,0.40163309,0.476426301,0,,,,,,,0,CTSK,TSPYL2,1,0,1
P03979,P12643,1,0.551219512,0.401633157,0.476426334,0,,,,,,,0,TRGV3,BMP2,0,1,1
O60218,P05997,1,0.551219512,0.40163288,0.476426196,0,,,,,,,0,AKR1B10,COL5A2,0,1,1
A6NKL6,P04637,1,0.526829268,0.401633043,0.464231156,0,,,,,,,0,TMEM200C,TP53,0,1,1
P01258,P01258,1,0.834146341,0.408796321,0.621471331,0,,,,,,,0,CALCA,CALCA,1,1,1
A6NM43,P10415,1,0.551219512,0.401632888,0.4764262,0,,,,,,,0,CCT8L1P,BCL2,0,1,1
P01106,Q9P1V8,1,0.526829268,0.401633139,0.464231204,0,,,,,,,0,MYC,SAMD15,1,0,1
A0A0B4J1U3,P04198,1,0.551219512,0.401633099,0.476426305,0,,,,,,,0,IGLV1-36,MYCN,0,1,1
P12524,Q969J2,1,0.526829268,0.401633227,0.464231248,0,,,,,,,0,MYCL,ZKSCAN4,1,0,1
A8MUP6,P02461,1,0.526829268,0.401681139,0.464255204,0,,,,,,,0,GSG1L2,COL3A1,0,1,1
Q04206,Q56P03,1,0.551219512,0.401632977,0.476426245,0,,,,,,,0,RELA,EAPP,1,0,1
P02452,P11166,1,0.551219512,0.401633125,0.476426318,0,,,,,,,0,COL1A1,SLC2A1,1,0,1
P10415,Q8TES7,1,0.551219512,0.401632868,0.47642619,0,,,,,,,0,BCL2,FBF1,1,0,1
P12643,Q86TY3,1,0.536585366,0.401633158,0.469109262,0,,,,,,,0,BMP2,ARMH4,1,0,1
P10415,Q8IZJ4,1,0.526829268,0.401633143,0.464231206,0,,,,,,,0,BCL2,RGL4,1,0,1
P02452,Q99705,1,0.526829268,0.401633262,0.464231265,0,,,,,,,0,COL1A1,MCHR1,1,0,1
P31749,Q9ULE3,1,0.551219512,0.401633053,0.476426282,0,,,,,,,0,AKT1,DENND2A,1,0,1
P06401,Q5TB80,1,0.551219512,0.401632883,0.476426198,0,,,,,,,0,PGR,CEP162,1,0,1
P10415,Q14203,1,0.526829268,0.401681109,0.464255189,0,,,,,,,0,BCL2,DCTN1,1,0,1
P05997,Q5T036,1,0.526829268,0.40168123,0.464255249,0,,,,,,,0,COL5A2,FAM120AOS,1,0,1
P04198,Q86WR6,1,0.526829268,0.401633128,0.464231198,0,,,,,,,0,MYCN,CHCT1,1,0,1
P43235,Q14CM0,1,0.526829268,0.401681173,0.464255221,0,,,,,,,0,CTSK,FRMPD4,1,0,1
P31749,Q15643,1,0.551219512,0.401632783,0.476426148,0,,,,,,,0,AKT1,TRIP11,1,0,1
P02818,Q15233,1,0.551219512,0.401633028,0.47642627,0,,,,,,,0,BGLAP,NONO,1,0,1
P02818,Q02086,1,0.551219512,0.401633049,0.476426281,0,,,,,,,0,BGLAP,SP2,1,0,1
P04004,Q9Y4K4,1,0.551219512,0.401632907,0.47642621,0,,,,,,,0,VTN,MAP4K5,1,0,1
P05997,Q6IB77,1,0.551219512,0.401632867,0.47642619,0,,,,,,,0,COL5A2,GLYAT,1,0,1
P25940,Q9BR76,1,0.551219512,0.401632881,0.476426197,0,,,,,,,0,COL5A3,CORO1B,1,0,1
P01824,P12643,1,0.551219512,0.401633096,0.476426304,0,,,,,,,0,IGHV4-39,BMP2,0,1,1
P23219,Q14692,1,0.551219512,0.401632903,0.476426208,0,,,,,,,0,PTGS1,BMS1,1,0,1
O14490,P12931,1,0.551219512,0.401632881,0.476426197,0,,,,,,,0,DLGAP1,SRC,0,1,1
O75452,P02461,1,0.551219512,0.401632899,0.476426206,0,,,,,,,0,RDH16,COL3A1,0,1,1
P05997,P27701,1,0.551219512,0.40163306,0.476426286,0,,,,,,,0,COL5A2,CD82,1,0,1
P42574,Q99496,1,0.526829268,0.401633362,0.464231315,0,,,,,,,0,CASP3,RNF2,1,0,1
P08123,Q8N205,1,0.52195122,0.401681135,0.461816177,0,,,,,,,0,COL1A2,SYNE4,1,0,1
O76074,P43235,1,0.551219512,0.401632942,0.476426227,0,,,,,,,0,PDE5A,CTSK,0,1,1
Q04206,Q9H344,1,0.551219512,0.401633249,0.47642638,0,,,,,,,0,RELA,OR51I2,1,0,1
O15209,Q9UNN8,1,0.551219512,0.401633068,0.47642629,0,,,,,,,0,ZBTB22,PROCR,0,1,1
A8MZ26,P01106,1,0.551219512,0.401633231,0.476426371,0,,,,,,,0,EFCAB9,MYC,0,1,1
P31749,Q9P2H0,1,0.551219512,0.401633011,0.476426261,0,,,,,,,0,AKT1,CEP126,1,0,1
P02461,P43121,1,0.526829268,0.401633258,0.464231263,0,,,,,,,0,COL3A1,MCAM,1,0,1
P21854,P25940,1,0.551219512,0.401632856,0.476426184,0,,,,,,,0,CD72,COL5A3,0,1,1
P04637,Q9NRV9,1,0.551219512,0.401633087,0.4764263,0,,,,,,,0,TP53,HEBP1,1,0,1
P25940,Q6DN72,1,0.551219512,0.401632815,0.476426164,0,,,,,,,0,COL5A3,FCRL6,1,0,1
P02452,Q7Z7G1,1,0.551219512,0.4016329,0.476426206,0,,,,,,,0,COL1A1,CLNK,1,0,1
P34972,Q58F21,1,0.52195122,0.401681282,0.461816251,0,,,,,,,0,CNR2,BRDT,1,0,1
P01258,Q9H1K6,1,0.551219512,0.401632933,0.476426223,0,,,,,,,0,CALCA,TLNRD1,1,0,1
Q5VSY0,Q9BQB4,1,0.551219512,0.401633007,0.47642626,0,,,,,,,0,GKAP1,SOST,0,1,1
O95772,P12643,1,0.536585366,0.401633287,0.469109326,0,,,,,,,0,STARD3NL,BMP2,0,1,1
O14788,P52736,1,0.551219512,0.401632928,0.47642622,0,,,,,,,0,TNFSF11,ZNF133,1,0,1
P49841,Q9UNA4,1,0.551219512,0.401632928,0.47642622,0,,,,,,,0,GSK3B,POLI,1,0,1
O75159,P02461,1,0.551219512,0.401633,0.476426256,0,,,,,,,0,SOCS5,COL3A1,0,1,1
P02818,P0CAP2,1,0.526829268,0.401633239,0.464231254,0,,,,,,,0,BGLAP,POLR2M,1,0,1
P02461,Q5T6V5,1,0.551219512,0.401632971,0.476426241,0,,,,,,,0,COL3A1,C9orf64,1,0,1
Q04206,Q96RD1,1,0.526829268,0.401633313,0.464231291,0,,,,,,,0,RELA,OR6C1,1,0,1
P02452,Q8N465,1,0.551219512,0.401632939,0.476426226,0,,,,,,,0,COL1A1,D2HGDH,1,0,1
P20908,P47870,1,0.526829268,0.401681288,0.464255278,0,,,,,,,0,COL5A1,GABRB2,1,0,1
O75185,P17612,1,0.551219512,0.401632827,0.476426169,0,,,,,,,0,ATP2C2,PRKACA,0,1,1
P05997,Q8TED0,1,0.52195122,0.401681192,0.461816206,0,,,,,,,0,COL5A2,UTP15,1,0,1
P25940,Q674X7,1,0.551219512,0.401632974,0.476426243,0,,,,,,,0,COL5A3,KAZN,1,0,1
P06401,Q86YG4,1,0.551219512,0.401632911,0.476426212,0,,,,,,,0,PGR,NT5DC4,1,0,1
P05997,P36406,1,0.551219512,0.401632894,0.476426203,0,,,,,,,0,COL5A2,TRIM23,1,0,1
P05412,P62312,1,0.551219512,0.401632985,0.476426248,0,,,,,,,0,JUN,LSM6,1,0,1
P31749,Q9UEG4,1,0.551219512,0.401632948,0.47642623,0,,,,,,,0,AKT1,ZNF629,1,0,1
P20908,P53634,1,0.52195122,0.401681139,0.461816179,0,,,,,,,0,COL5A1,CTSC,1,0,1
P31749,Q8WV41,1,0.526829268,0.401633135,0.464231202,0,,,,,,,0,AKT1,SNX33,1,0,1
P06401,P54868,1,0.551219512,0.401632992,0.476426252,0,,,,,,,0,PGR,HMGCS2,1,0,1
P12755,P17612,1,0.551219512,0.401632936,0.476426224,1,0.014134276,,,,,,0,SKI,PRKACA,0,1,1
P04637,Q92541,1,0.551219512,0.401632779,0.476426145,0,,,,,,,0,TP53,RTF1,1,0,1
P10275,P10275,1,0.868292683,0.41160113,0.639946906,0,,,,,,,0,AR,AR,1,1,1
P23219,Q8NI08,1,0.551219512,0.401633122,0.476426317,0,,,,,,,0,PTGS1,NCOA7,1,0,1
P18075,P18075,1,0.814634146,0.400357211,0.607495679,0,,,,,,,0,BMP7,BMP7,1,1,1
P19838,Q9UJA3,1,0.551219512,0.401632997,0.476426255,0,,,,,,,0,NFKB1,MCM8,1,0,1
P02818,Q9NSD4,1,0.551219512,0.401633012,0.476426262,0,,,,,,,0,BGLAP,ZNF275,1,0,1
P08123,Q16719,1,0.551219512,0.401633201,0.476426357,0,,,,,,,0,COL1A2,KYNU,1,0,1
Q8IYE1,Q9BQB4,1,0.551219512,0.401632998,0.476426255,0,,,,,,,0,CCDC13,SOST,0,1,1
P43235,Q96SN8,1,0.52195122,0.401681185,0.461816202,0,,,,,,,0,CTSK,CDK5RAP2,1,0,1
Q04206,Q9C0I3,1,0.551219512,0.401633003,0.476426257,0,,,,,,,0,RELA,CCSER1,1,0,1
A7MCY6,P18075,1,0.526829268,0.401633281,0.464231275,0,,,,,,,0,TBKBP1,BMP7,0,1,1
P04198,Q8N945,1,0.526829268,0.401633212,0.46423124,0,,,,,,,0,MYCN,PRELID2,1,0,1
P43235,Q8TBE0,1,0.551219512,0.401633019,0.476426266,0,,,,,,,0,CTSK,BAHD1,1,0,1
Q86U38,Q9UNN8,1,0.551219512,0.401632881,0.476426197,0,,,,,,,0,NOP9,PROCR,0,1,1
P02452,P18887,1,0.551219512,0.40163282,0.476426166,0,,,,,,,0,COL1A1,XRCC1,1,0,1
P05997,Q9NU63,1,0.551219512,0.401632792,0.476426152,0,,,,,,,0,COL5A2,ZFP57,1,0,1
O75665,P12524,1,0.52195122,0.401681295,0.461816257,0,,,,,,,0,OFD1,MYCL,0,1,1
Q9NRM2,P37275,1,0.52195122,0.401603163,0.461777191,0,,,,,,,0,ZNF277,ZEB1,0,0,0
Q9NRM2,Q9H3U1,1,0.526829268,0.401554934,0.464192101,0,,,,,,,0,ZNF277,UNC45A,0,0,0
Q15459,Q15642,1,0.76097561,0.401227769,0.581101689,0,,,,,,,0,SF3A1,TRIP10,0,0,0
Q9NRM2,Q8NFC6,1,0.526829268,0.401602872,0.46421607,0,,,,,,,0,ZNF277,BOD1L1,0,0,0
Q9NRM2,Q8N2N9,1,0.526829268,0.401602974,0.464216121,0,,,,,,,0,ZNF277,ANKRD36B,0,0,0
Q15459,Q6P4F7,1,0.76097561,0.401227744,0.581101677,0,,,,,,,0,SF3A1,ARHGAP11A,0,0,0
Q15459,Q9UMS4,1,0.76097561,0.401227027,0.581101319,0,,,,,,,0,SF3A1,PRPF19,0,0,0
Q15459,Q15022,1,0.741463415,0.401050193,0.571256804,0,,,,,,,0,SF3A1,SUZ12,0,0,0
Q15459,Q13163,1,0.526829268,0.401555117,0.464192192,0,,,,,,,0,SF3A1,MAP2K5,0,0,0
Q9UK59,O43463,1,0.52195122,0.401554904,0.461753062,0,,,,,,,0,DBR1,SUV39H1,0,0,0
Q9UK59,Q9UKF6,1,0.536585366,0.401555885,0.469070625,0,,,,,,,0,DBR1,CPSF3,0,0,0
Q9UK59,Q86VH2,1,0.551219512,0.401554841,0.476387177,0,,,,,,,0,DBR1,KIF27,0,0,0
A6NM76,A6NKW6,1,0.52195122,0.401555582,0.461753401,0,,,,,,,0,OR6C76,SHISAL2B,0,0,0
A6NM76,Q9C0I3,1,0.551219512,0.401554737,0.476387125,0,,,,,,,0,OR6C76,CCSER1,0,0,0
A6NM76,P52298,1,0.52195122,0.401555571,0.461753395,0,,,,,,,0,OR6C76,NCBP2,0,0,0
A6NM76,Q9BSU3,1,0.536585366,0.401556357,0.469070862,0,,,,,,,0,OR6C76,NAA11,0,0,0
Q15459,P32754,1,0.551219512,0.401554691,0.476387102,0,,,,,,,0,SF3A1,HPD,0,0,0
A6NM76,O43567,1,0.551219512,0.401555993,0.476387753,0,,,,,,,0,OR6C76,RNF13,0,0,0
A6NM76,Q96BR5,1,0.52195122,0.40155655,0.461753885,0,,,,,,,0,OR6C76,COA7,0,0,0
A6NM76,Q5JRM2,1,0.536585366,0.401557987,0.469071677,0,,,,,,,0,OR6C76,CXorf66,0,0,0
Q15459,Q9P2F5,1,0.536585366,0.401554772,0.469070069,0,,,,,,,0,SF3A1,STOX2,0,0,0
Q15459,Q99457,1,0.551219512,0.401554469,0.47638699,0,,,,,,,0,SF3A1,NAP1L3,0,0,0
P54136,Q96NI8,1,0.551219512,0.401555153,0.476387332,0,,,,,,,0,RARS1,ZNF570,0,0,0
P54136,Q9P0L2,1,0.551219512,0.401555167,0.476387339,0,,,,,,,0,RARS1,MARK1,0,0,0
P54136,P16284,1,0.52195122,0.401555757,0.461753488,0,,,,,,,0,RARS1,PECAM1,0,0,0
Q15459,Q16222,1,0.551219512,0.401554821,0.476387167,0,,,,,,,0,SF3A1,UAP1,0,0,0
P54136,Q9Y236,1,0.551219512,0.401554548,0.47638703,0,,,,,,,0,RARS1,OSGIN2,0,0,0
P54136,O15466,1,0.551219512,0.401554627,0.47638707,0,,,,,,,0,RARS1,ST8SIA5,0,0,0
P54136,Q8TB24,1,0.785365854,0.401554757,0.593460305,0,,,,,,,0,RARS1,RIN3,0,0,0
P54136,Q58F21,1,0.551219512,0.401554788,0.47638715,0,,,,,,,0,RARS1,BRDT,0,0,0
Q15459,Q13115,1,0.726829268,0.401306275,0.564067772,0,,,,,,,0,SF3A1,DUSP4,0,0,0
Q15459,Q96MK3,1,0.551219512,0.401555206,0.476387359,0,,,,,,,0,SF3A1,FAM20A,0,0,0
P54136,Q9BR76,1,0.785365854,0.401415521,0.593390687,0,,,,,,,0,RARS1,CORO1B,0,0,0
P54136,Q99496,1,0.726829268,0.401306192,0.56406773,0,,,,,,,0,RARS1,RNF2,0,0,0
P54136,P50747,1,0.52195122,0.401555147,0.461753183,0,,,,,,,0,RARS1,HLCS,0,0,0
P54136,P52737,1,0.526829268,0.401555869,0.464192569,0,,,,,,,0,RARS1,ZNF136,0,0,0
P54136,P40879,1,0.536585366,0.401554899,0.469070132,0,,,,,,,0,RARS1,SLC26A3,0,0,0
P54136,P14923,1,0.52195122,0.401555242,0.461753231,0,,,,,,,0,RARS1,JUP,0,0,0
P54136,Q8N6G5,1,0.526829268,0.401554644,0.464191956,0,,,,,,,0,RARS1,CSGALNACT2,0,0,0
Q15459,O00232,1,0.551219512,0.401554982,0.476387247,0,,,,,,,0,SF3A1,PSMD12,0,0,0
P54136,P10515,1,0.775609756,0.401407748,0.588508752,0,,,,,,,0,RARS1,DLAT,0,0,0
P54136,Q6XPS3,1,0.526829268,0.401554687,0.464191977,0,,,,,,,0,RARS1,TPTE2,0,0,0
P54136,Q9BZQ8,1,0.551219512,0.401554674,0.476387093,0,,,,,,,0,RARS1,NIBAN1,0,0,0
P54136,O95994,1,0.726829268,0.401306216,0.564067742,0,,,,,,,0,RARS1,AGR2,0,0,0
Q9BSW7,Q15642,1,0.526829268,0.401555058,0.464192163,0,,,,,,,0,SYT17,TRIP10,0,0,0
Q15459,Q9NY27,1,0.726829268,0.401306072,0.56406767,0,,,,,,,0,SF3A1,PPP4R2,0,0,0
Q9BSW7,P48146,1,0.526829268,0.401555361,0.464192314,0,,,,,,,0,SYT17,NPBWR2,0,0,0
Q15459,Q99496,1,0.726829268,0.401306226,0.564067747,0,,,,,,,0,SF3A1,RNF2,0,0,0
Q15459,Q9NQI0,1,0.52195122,0.401554808,0.461753014,0,,,,,,,0,SF3A1,DDX4,0,0,0
Q9BSW7,Q9HB14,1,0.52195122,0.401554745,0.461752982,0,,,,,,,0,SYT17,KCNK13,0,0,0
Q9BSW7,Q8WVN8,1,0.52195122,0.401555041,0.46175313,0,,,,,,,0,SYT17,UBE2Q2,0,0,0
Q15459,Q16719,1,0.551219512,0.401555334,0.476387423,0,,,,,,,0,SF3A1,KYNU,0,0,0
Q9BSW7,Q8WVV4,1,0.785365854,0.401415575,0.593390714,0,,,,,,,0,SYT17,POF1B,0,0,0
Q9BSW7,O75829,1,0.526829268,0.401555298,0.464192283,0,,,,,,,0,SYT17,CNMD,0,0,0
Q9BSW7,Q0VG06,1,0.551219512,0.401554779,0.476387145,0,,,,,,,0,SYT17,FAAP100,0,0,0
Q9BSW7,Q7Z4V0,1,0.746341463,0.401305871,0.573823667,0,,,,,,,0,SYT17,ZNF438,0,0,0
Q9BSW7,O95154,1,0.526829268,0.401554803,0.464192036,0,,,,,,,0,SYT17,AKR7A3,0,0,0
Q15459,P35453,1,0.526829268,0.401554736,0.464192002,0,,,,,,,0,SF3A1,HOXD13,0,0,0
Q9BSW7,P18887,1,0.526829268,0.401555424,0.464192346,0,,,,,,,0,SYT17,XRCC1,0,0,0
Q9BSW7,O43852,1,0.551219512,0.401555297,0.476387405,0,,,,,,,0,SYT17,CALU,0,0,0
Q9BSW7,Q7Z7G1,1,0.551219512,0.401557062,0.476388287,0,,,,,,,0,SYT17,CLNK,0,0,0
Q9BSW7,O14793,1,0.551219512,0.401555231,0.476387372,0,,,,,,,0,SYT17,MSTN,0,0,0
Q9BSW7,P36980,1,0.551219512,0.401555093,0.476387302,0,,,,,,,0,SYT17,CFHR2,0,0,0
Q9BSW7,Q99705,1,0.526829268,0.401555134,0.464192201,0,,,,,,,0,SYT17,MCHR1,0,0,0
Q15459,Q00325,1,0.551219512,0.401633231,0.476426372,0,,,,,,,0,SF3A1,SLC25A3,0,0,0
Q9BSW7,Q9BYQ4,1,0.52195122,0.401306652,0.461628936,0,,,,,,,0,SYT17,KRTAP9-2,0,0,0
Q9BSW7,Q9HBW0,1,0.52195122,0.401555671,0.461753445,0,,,,,,,0,SYT17,LPAR2,0,0,0
Q9BSW7,P60411,1,0.52195122,0.401306728,0.461628974,0,,,,,,,0,SYT17,KRTAP10-9,0,0,0
Q86YF9,Q16651,1,0.551219512,0.401554711,0.476387112,0,,,,,,,0,DZIP1,PRSS8,0,0,0
Q15459,Q96NX5,1,0.551219512,0.401555213,0.476387362,0,,,,,,,0,SF3A1,CAMK1G,0,0,0
Q9BSW7,O00755,1,0.526829268,0.401555478,0.464192373,0,,,,,,,0,SYT17,WNT7A,0,0,0
Q9BSW7,Q969X2,1,0.551219512,0.401555291,0.476387402,0,,,,,,,0,SYT17,ST6GALNAC6,0,0,0
Q9BSW7,Q15777,1,0.551219512,0.40155506,0.476387286,0,,,,,,,0,SYT17,MPPED2,0,0,0
Q9BSW7,Q330K2,1,0.526829268,0.401554954,0.464192111,0,,,,,,,0,SYT17,NDUFAF6,0,0,0
Q9BSW7,Q9NYA3,1,0.731707317,0.401321155,0.566514236,0,,,,,,,0,SYT17,GOLGA6A,0,0,0
Q9BSW7,P49682,1,0.52195122,0.40155611,0.461753665,0,,,,,,,0,SYT17,CXCR3,0,0,0
Q9BSW7,Q9GZK6,1,0.551219512,0.401555589,0.47638755,0,,,,,,,0,SYT17,OR2J1,0,0,0
Q9BSW7,Q9P104,1,0.526829268,0.401554889,0.464192079,0,,,,,,,0,SYT17,DOK5,0,0,0
Q9BSW7,P12235,1,0.526829268,0.401555056,0.464192162,0,,,,,,,0,SYT17,SLC25A4,0,0,0
Q9BSW7,P49756,1,0.536585366,0.401555026,0.469070196,0,,,,,,,0,SYT17,RBM25,0,0,0
Q15459,Q7Z602,1,0.551219512,0.401633415,0.476426464,0,,,,,,,0,SF3A1,GPR141,0,0,0
Q9BSW7,P25024,1,0.526829268,0.401555841,0.464192555,0,,,,,,,0,SYT17,CXCR1,0,0,0
Q15459,Q8NFQ6,1,0.551219512,0.401555535,0.476387524,0,,,,,,,0,SF3A1,BPIFC,0,0,0
Q15459,Q9BYV6,1,0.726829268,0.40130629,0.564067779,0,,,,,,,0,SF3A1,TRIM55,0,0,0
Q5TCQ9,P19021,1,0.551219512,0.401554929,0.47638722,0,,,,,,,0,MAGI3,PAM,0,0,0
Q5TCQ9,O60602,1,0.551219512,0.401555065,0.476387289,0,,,,,,,0,MAGI3,TLR5,0,0,0
Q15459,Q96A11,1,0.551219512,0.401633352,0.476426432,0,,,,,,,0,SF3A1,GAL3ST3,0,0,0
Q15459,P67775,1,0.551219512,0.401554878,0.476387195,0,,,,,,,0,SF3A1,PPP2CA,0,0,0
Q15459,Q8NGU1,1,0.551219512,0.401555114,0.476387313,0,,,,,,,0,SF3A1,OR9A1P,0,0,0
Q15459,Q6QN14,1,0.551219512,0.401554964,0.476387238,0,,,,,,,0,SF3A1,USP17L6P,0,0,0
O76036,O15211,1,0.551219512,0.401554721,0.476387117,0,,,,,,,0,NCR1,RGL2,0,0,0
O76036,Q8TC44,1,0.551219512,0.401555311,0.476387412,0,,,,,,,0,NCR1,POC1B,0,0,0
O76036,Q5MNV8,1,0.551219512,0.401555692,0.476387602,0,,,,,,,0,NCR1,FBXO47,0,0,0
Q15459,Q9BQA1,1,0.824390244,0.401530633,0.612960438,0,,,,,,,0,SF3A1,WDR77,0,0,0
Q15459,Q8WWZ8,1,0.551219512,0.401555112,0.476387312,0,,,,,,,0,SF3A1,OIT3,0,0,0
O76036,H7BZ55,1,0.52195122,0.40160288,0.46177705,0,,,,,,,0,NCR1,CROCC2,0,0,0
O76036,Q8TB24,1,0.52195122,0.401603084,0.461777152,0,,,,,,,0,NCR1,RIN3,0,0,0
O76036,Q13495,1,0.551219512,0.401554937,0.476387225,0,,,,,,,0,NCR1,MAMLD1,0,0,0
O76036,Q58F21,1,0.52195122,0.401603031,0.461777125,0,,,,,,,0,NCR1,BRDT,0,0,0
Q15459,Q92966,1,0.551219512,0.40155494,0.476387226,0,,,,,,,0,SF3A1,SNAPC3,0,0,0
O76036,P98077,1,0.526829268,0.401555187,0.464192228,0,,,,,,,0,NCR1,SHC2,0,0,0
O76036,Q9Y4R8,1,0.551219512,0.401554917,0.476387214,0,,,,,,,0,NCR1,TELO2,0,0,0
O76036,Q8NF37,1,0.526829268,0.401554951,0.46419211,0,,,,,,,0,NCR1,LPCAT1,0,0,0
Q86YF9,P0CB48,1,0.551219512,0.401554827,0.47638717,0,,,,,,,0,DZIP1,UBTFL6,0,0,0
Q8WVR3,P82094,1,0.551219512,0.401554718,0.476387115,0,,,,,,,0,TRAPPC14,TMF1,0,0,0
Q8WVR3,Q14507,1,0.551219512,0.401554792,0.476387152,0,,,,,,,0,TRAPPC14,EDDM3A,0,0,0
Q8WVR3,A0A3B3IU46,1,0.551219512,0.401555157,0.476387335,0,,,,,,,0,TRAPPC14,RAMACL,0,0,0
Q15459,Q8IVV7,1,0.551219512,0.401554844,0.476387178,0,,,,,,,0,SF3A1,GID4,0,0,0
Q8WVR3,Q08378,1,0.551219512,0.401554698,0.476387105,0,,,,,,,0,TRAPPC14,GOLGA3,0,0,0
Q8WVR3,Q9BTL3,1,0.551219512,0.401555157,0.476387335,0,,,,,,,0,TRAPPC14,RAMAC,0,0,0
Q15459,P35269,1,0.726829268,0.401307204,0.564068236,0,,,,,,,0,SF3A1,GTF2F1,0,0,0
Q8WVR3,O43290,1,0.741463415,0.401370401,0.571416908,0,,,,,,,0,TRAPPC14,SART1,0,0,0
Q15459,P52272,1,0.726829268,0.401372522,0.564100895,0,,,,,,,0,SF3A1,HNRNPM,0,0,0
P13686,Q76L83,1,0.551219512,0.401633194,0.476426353,0,,,,,,,0,ACP5,ASXL2,0,0,0
P13686,P30101,1,0.72195122,0.40132347,0.561637345,0,,,,,,,0,ACP5,PDIA3,0,0,0
P13686,Q14005,1,0.551219512,0.401633224,0.476426368,0,,,,,,,0,ACP5,IL16,0,0,0
P13686,P62714,1,0.809756098,0.40091379,0.605334944,0,,,,,,,0,ACP5,PPP2CB,0,0,0
P13686,Q96BR5,1,0.726829268,0.401508016,0.564168642,0,,,,,,,0,ACP5,COA7,0,0,0
Q15459,P31271,1,0.52195122,0.401554908,0.461753064,0,,,,,,,0,SF3A1,HOXA13,0,0,0
Q15459,Q15759,1,0.536585366,0.4015552,0.469070283,0,,,,,,,0,SF3A1,MAPK11,0,0,0
Q15459,Q8NCB2,1,0.526829268,0.401554684,0.464191976,0,,,,,,,0,SF3A1,CAMKV,0,0,0
Q15459,O43290,1,0.726829268,0.401646283,0.564237776,0,,,,,,,0,SF3A1,SART1,0,0,0
A6NJV1,P50749,1,0.526829268,0.401555436,0.464192352,0,,,,,,,0,FAM166C,RASSF2,0,0,0
A6NJV1,Q6P1N0,1,0.526829268,0.401633186,0.464231227,0,,,,,,,0,FAM166C,CC2D1A,0,0,0
A6NJV1,Q9P2F9,1,0.526829268,0.401633074,0.464231171,0,,,,,,,0,FAM166C,ZNF319,0,0,0
A6NJV1,Q6IEG0,1,0.536585366,0.401633927,0.469109647,0,,,,,,,0,FAM166C,SNRNP48,0,0,0
A6NJV1,Q8IVP9,1,0.551219512,0.401633354,0.476426433,0,,,,,,,0,FAM166C,ZNF547,0,0,0
A6NJV1,Q9P1V8,1,0.551219512,0.401554652,0.476387082,0,,,,,,,0,FAM166C,SAMD15,0,0,0
A6NJV1,P54278,1,0.551219512,0.401554757,0.476387135,0,,,,,,,0,FAM166C,PMS2,0,0,0
A6NJV1,Q8IXK0,1,0.551219512,0.401554648,0.47638708,0,,,,,,,0,FAM166C,PHC2,0,0,0
Q6T4R5,Q04917,1,0.72195122,0.401321671,0.561636445,0,,,,,,,0,NHS,YWHAH,0,0,0
Q9ULE4,Q12800,1,0.551219512,0.401554686,0.476387099,0,,,,,,,0,FAM184B,TFCP2,0,0,0
Q6T4R5,P17858,1,0.551219512,0.401554682,0.476387097,0,,,,,,,0,NHS,PFKL,0,0,0
Q6T4R5,P35443,1,0.551219512,0.401554755,0.476387134,0,,,,,,,0,NHS,THBS4,0,0,0
Q9ULE4,P13686,1,0.551219512,0.401554796,0.476387154,0,,,,,,,0,FAM184B,ACP5,0,0,0
Q9ULE4,P0DMN0,1,0.526829268,0.401554908,0.464192088,0,,,,,,,0,FAM184B,SULT1A4,0,0,0
Q6T4R5,Q9P2H5,1,0.551219512,0.401555019,0.476387266,0,,,,,,,0,NHS,USP35,0,0,0
Q9ULE4,P50225,1,0.526829268,0.401554922,0.464192095,0,,,,,,,0,FAM184B,SULT1A1,0,0,0
Q6T4R5,Q15437,1,0.551219512,0.401554997,0.476387255,0,,,,,,,0,NHS,SEC23B,0,0,0
Q6T4R5,Q8IZP0,1,0.726829268,0.401321546,0.564075407,0,,,,,,,0,NHS,ABI1,0,0,0
Q6T4R5,O00206,1,0.526829268,0.401555068,0.464192168,0,,,,,,,0,NHS,TLR4,0,0,0
Q6T4R5,Q9Y6Q2,1,0.526829268,0.401554943,0.464192106,0,,,,,,,0,NHS,STON1,0,0,0
P0DMN0,P50225,1,0.858536585,0.400335702,0.629436144,0,,,,,,,0,SULT1A4,SULT1A1,0,0,0
P0DMN0,O75185,1,0.551219512,0.401554851,0.476387182,0,,,,,,,0,SULT1A4,ATP2C2,0,0,0
P0DMN0,Q32M84,1,0.551219512,0.401555054,0.476387283,0,,,,,,,0,SULT1A4,BTBD16,0,0,0
P0DMN0,Q8N9U0,1,0.551219512,0.401554753,0.476387133,0,,,,,,,0,SULT1A4,TC2N,0,0,0
P0DMN0,Q86SS6,1,0.551219512,0.401554837,0.476387175,0,,,,,,,0,SULT1A4,SYT9,0,0,0
P0DMN0,Q76L83,1,0.551219512,0.40155481,0.476387161,0,,,,,,,0,SULT1A4,ASXL2,0,0,0
P0DMN0,Q15777,1,0.819512195,0.400369139,0.609940667,0,,,,,,,0,SULT1A4,MPPED2,0,0,0
P0DMN0,Q14005,1,0.551219512,0.401554862,0.476387187,0,,,,,,,0,SULT1A4,IL16,0,0,0
Q04917,P50749,1,0.780487805,0.401559087,0.591023446,0,,,,,,,0,YWHAH,RASSF2,0,0,0
Q04917,Q53SF7,1,0.76097561,0.401226793,0.581101201,0,,,,,,,0,YWHAH,COBLL1,0,0,0
Q04917,Q6NZY4,1,0.819512195,0.401307664,0.61040993,1,0.015312132,,,,,,0,YWHAH,ZCCHC8,0,0,0
Q04917,Q9P0L2,1,0.72195122,0.40130856,0.56162989,0,,,,,,,0,YWHAH,MARK1,0,0,0
Q04917,Q9NRR6,1,0.72195122,0.401308625,0.561629922,0,,,,,,,0,YWHAH,INPP5E,0,0,0
Q04917,Q9P2M7,1,0.741463415,0.401529311,0.571496363,0,,,,,,,0,YWHAH,CGN,0,0,0
Q04917,Q9Y2J2,1,0.726829268,0.401306649,0.564067959,0,,,,,,,0,YWHAH,EPB41L3,0,0,0
Q04917,O43900,1,0.726829268,0.401307117,0.564068193,0,,,,,,,0,YWHAH,PRICKLE3,0,0,0
Q04917,Q8TC71,1,0.726829268,0.40130703,0.564068149,0,,,,,,,0,YWHAH,SPATA18,0,0,0
Q04917,Q6UUV7,1,0.736585366,0.401541623,0.569063494,0,,,,,,,0,YWHAH,CRTC3,0,0,0
Q04917,Q5T200,1,0.726829268,0.40132123,0.564075249,0,,,,,,,0,YWHAH,ZC3H13,0,0,0
Q04917,Q86XN8,1,0.736585366,0.40152432,0.569054843,0,,,,,,,0,YWHAH,MEX3D,0,0,0
Q04917,P85299,1,0.717073171,0.401323627,0.559198399,0,,,,,,,0,YWHAH,PRR5,0,0,0
Q04917,Q14966,1,0.746341463,0.401530475,0.573935969,0,,,,,,,0,YWHAH,ZNF638,0,0,0
Q04917,Q7L804,1,0.746341463,0.401394115,0.573867789,0,,,,,,,0,YWHAH,RAB11FIP2,0,0,0
Q04917,O15530,1,0.804878049,0.401307368,0.603092708,0,,,,,,,0,YWHAH,PDPK1,0,0,0
Q04917,O75167,1,0.780487805,0.401407381,0.590947593,0,,,,,,,0,YWHAH,PHACTR2,0,0,0
Q04917,O96013,1,0.741463415,0.401529672,0.571496543,0,,,,,,,0,YWHAH,PAK4,0,0,0
Q04917,Q5TB80,1,0.731707317,0.401321526,0.566514422,0,,,,,,,0,YWHAH,CEP162,0,0,0
Q04917,Q6P1L5,1,0.775609756,0.401410584,0.58851017,0,,,,,,,0,YWHAH,FAM117B,0,0,0
Q04917,O15056,1,0.726829268,0.401306416,0.564067842,1,0.094228504,,,,,,0,YWHAH,SYNJ2,0,0,0
Q04917,Q9GZU8,1,0.726829268,0.402014329,0.564421799,1,0.016489988,,,,,,0,YWHAH,PSME3IP1,0,0,0
Q04917,P21580,1,0.726829268,0.401306629,0.564067949,0,,,,,,,0,YWHAH,TNFAIP3,0,0,0
Q04917,Q15648,1,0.824390244,0.40130605,0.612848147,0,,,,,,,0,YWHAH,MED1,0,0,0
Q04917,Q15643,1,0.746341463,0.401530433,0.573935948,0,,,,,,,0,YWHAH,TRIP11,0,0,0
Q04917,Q92622,1,0.726829268,0.401306466,0.564067867,1,0.049469965,,,,,,0,YWHAH,RUBCN,0,0,0
Q04917,P62714,1,0.829268293,0.401373331,0.615320812,0,,,,,,,0,YWHAH,PPP2CB,0,0,0
Q04917,O95994,1,0.726829268,0.400847074,0.563838171,1,0.017667845,,,,,,0,YWHAH,AGR2,0,0,0
Q04917,Q9H6H4,1,0.726829268,0.4018562,0.564342734,0,,,,,,,0,YWHAH,REEP4,0,0,0
Q04917,Q15276,1,0.746341463,0.401393485,0.573867474,0,,,,,,,0,YWHAH,RABEP1,0,0,0
Q8N136,P60411,1,0.52195122,0.401507049,0.461729134,0,,,,,,,0,DAW1,KRTAP10-9,0,0,0
Q8N136,O94989,1,0.536585366,0.401633169,0.469109268,0,,,,,,,0,DAW1,ARHGEF15,0,0,0
Q8N136,O43463,1,0.804878049,0.401100024,0.602989037,0,,,,,,,0,DAW1,SUV39H1,0,0,0
Q9ULE4,Q8N9U0,1,0.526829268,0.401633029,0.464231148,0,,,,,,,0,FAM184B,TC2N,0,0,0
Q9ULE4,Q86SS6,1,0.551219512,0.401554658,0.476387085,0,,,,,,,0,FAM184B,SYT9,0,0,0
O95157,Q92541,1,0.551219512,0.401633086,0.476426299,0,,,,,,,0,NXPH3,RTF1,0,0,0
O95157,Q8TF50,1,0.526829268,0.401554959,0.464192113,0,,,,,,,0,NXPH3,ZNF526,0,0,0
O95157,Q8IU60,1,0.72195122,0.400786326,0.561368773,0,,,,,,,0,NXPH3,DCP2,0,0,0
Q9NRZ9,Q8IXW5,1,0.726829268,0.401306645,0.564067957,0,,,,,,,0,HELLS,RPAP2,0,0,0
Q9NRZ9,Q9H6T3,1,0.726829268,0.401307195,0.564068232,0,,,,,,,0,HELLS,RPAP3,0,0,0
Q9NRZ9,Q99788,1,0.726829268,0.401456385,0.564142826,0,,,,,,,0,HELLS,CMKLR1,0,0,0
Q9NRZ9,Q8NHV4,1,0.72195122,0.401443427,0.561697323,0,,,,,,,0,HELLS,NEDD1,0,0,0
Q9NRZ9,Q9ULW0,1,0.726829268,0.401415799,0.564122533,0,,,,,,,0,HELLS,TPX2,0,0,0
Q9ULE4,Q8IUF8,1,0.551219512,0.401632849,0.476426181,0,,,,,,,0,FAM184B,RIOX2,0,0,0
P26441,O75716,1,0.72195122,0.40144332,0.56169727,0,,,,,,,1,CNTF,STK16,0,0,0
Q9ULE4,Q9HB89,1,0.551219512,0.401554803,0.476387157,0,,,,,,,0,FAM184B,NMUR1,0,0,0
Q9ULE4,P58417,1,0.526829268,0.401554923,0.464192095,0,,,,,,,0,FAM184B,NXPH1,0,0,0
Q8TF09,Q8WXA9,1,0.52195122,0.401555233,0.461753226,0,,,,,,,0,DYNLRB2,SREK1,0,0,0
Q9ULE4,A7MCY6,1,0.551219512,0.401554706,0.476387109,0,,,,,,,0,FAM184B,TBKBP1,0,0,0
Q5T0F9,Q2TBA0,1,0.726829268,0.401306722,0.564067995,0,,,,,,,0,CC2D1B,KLHL40,0,0,0
Q5T0F9,Q14203,1,0.726829268,0.401321697,0.564075482,0,,,,,,,0,CC2D1B,DCTN1,0,0,0
Q5T0F9,A0A075B6I0,1,0.526829268,0.401554879,0.464192074,0,,,,,,,0,CC2D1B,IGLV8-61,0,0,0
Q5T0F9,Q5JQF8,1,0.526829268,0.401554921,0.464192095,0,,,,,,,0,CC2D1B,PABPC1L2B,0,0,0
Q5T0F9,A0A0K0K1G6,1,0.526829268,0.401554814,0.464192041,0,,,,,,,0,CC2D1B,TRBV10-3,0,0,0
Q5T0F9,Q8TAC1,1,0.526829268,0.401554949,0.464192109,0,,,,,,,0,CC2D1B,RFESD,0,0,0
Q5T0F9,P85299,1,0.526829268,0.401554861,0.464192065,0,,,,,,,0,CC2D1B,PRR5,0,0,0
Q5T0F9,Q9BT43,1,0.526829268,0.401554877,0.464192073,0,,,,,,,0,CC2D1B,POLR3GL,0,0,0
Q5T0F9,Q5VYY1,1,0.526829268,0.401555002,0.464192135,0,,,,,,,0,CC2D1B,ANKRD22,0,0,0
Q5T0F9,Q6UWW0,1,0.551219512,0.401554687,0.476387099,0,,,,,,,0,CC2D1B,LCN15,0,0,0
Q5T0F9,Q9NW07,1,0.526829268,0.4015548,0.464192034,0,,,,,,,0,CC2D1B,ZNF358,0,0,0
Q5T0F9,Q12972,1,0.551219512,0.401554653,0.476387083,0,,,,,,,0,CC2D1B,PPP1R8,0,0,0
P50749,Q6P1N0,1,0.526829268,0.401554787,0.464192028,0,,,,,,,0,RASSF2,CC2D1A,0,0,0
P50749,Q02297,1,0.526829268,0.401555059,0.464192163,0,,,,,,,0,RASSF2,NRG1,0,0,0
P50749,Q7Z7B0,1,0.551219512,0.401554676,0.476387094,0,,,,,,,0,RASSF2,FILIP1,0,0,0
P50749,Q13188,1,0.804878049,0.401306764,0.603092406,0,,,,,,,0,RASSF2,STK3,0,0,0
P50749,Q9P1V8,1,0.536585366,0.401554852,0.469070109,0,,,,,,,0,RASSF2,SAMD15,0,0,0
P50749,O15381,1,0.551219512,0.401554657,0.476387085,0,,,,,,,0,RASSF2,NVL,0,0,0
P50749,P54278,1,0.551219512,0.401554774,0.476387143,0,,,,,,,0,RASSF2,PMS2,0,0,0
P50749,O75665,1,0.746341463,0.401530333,0.573935898,0,,,,,,,0,RASSF2,OFD1,0,0,0
Q9ULE4,Q8IY51,1,0.551219512,0.401554595,0.476387054,0,,,,,,,0,FAM184B,TIGD4,0,0,0
P50749,P36957,1,0.834146341,0.401306659,0.6177265,0,,,,,,,0,RASSF2,DLST,0,0,0
P50749,O43463,1,0.804878049,0.40138181,0.60312993,0,,,,,,,1,RASSF2,SUV39H1,0,0,0
P50749,Q96BR5,1,0.726829268,0.401321757,0.564075513,0,,,,,,,0,RASSF2,COA7,0,0,0
P50749,Q8IXK0,1,0.551219512,0.401554659,0.476387086,0,,,,,,,0,RASSF2,PHC2,0,0,0
P82094,Q14507,1,0.551219512,0.401554554,0.476387033,0,,,,,,,0,TMF1,EDDM3A,0,0,0
P82094,A0A3B3IU46,1,0.551219512,0.401554694,0.476387103,0,,,,,,,0,TMF1,RAMACL,0,0,0
P82094,Q9Y6Q5,1,0.736585366,0.401517343,0.569051354,0,,,,,,,0,TMF1,AP1M2,0,0,0
P82094,Q96RP8,1,0.551219512,0.401554631,0.476387072,0,,,,,,,0,TMF1,KCNA7,0,0,0
P82094,Q96JA4,1,0.551219512,0.401554541,0.476387027,0,,,,,,,0,TMF1,MS4A14,0,0,0
P82094,Q5C9Z4,1,0.551219512,0.401554645,0.476387079,0,,,,,,,0,TMF1,NOM1,0,0,0
P82094,Q96ME1,1,0.551219512,0.401554896,0.476387204,0,,,,,,,0,TMF1,FBXL18,0,0,0
P82094,Q08378,1,0.551219512,0.401554691,0.476387102,0,,,,,,,0,TMF1,GOLGA3,0,0,0
P82094,Q14500,1,0.551219512,0.401554611,0.476387062,0,,,,,,,0,TMF1,KCNJ12,0,0,0
Q9ULE4,Q9P2N2,1,0.551219512,0.401554691,0.476387101,0,,,,,,,0,FAM184B,ARHGAP28,0,0,0
P82094,Q9BTL3,1,0.551219512,0.401554694,0.476387103,0,,,,,,,0,TMF1,RAMAC,0,0,0
P82094,Q13188,1,0.551219512,0.401554644,0.476387078,0,,,,,,,0,TMF1,STK3,0,0,0
P82094,Q5T5S1,1,0.751219512,0.401226027,0.57622277,0,,,,,,,0,TMF1,CCDC183,0,0,0
P82094,Q969J2,1,0.551219512,0.401554582,0.476387047,0,,,,,,,0,TMF1,ZKSCAN4,0,0,0
P82094,Q7Z4V0,1,0.551219512,0.401554683,0.476387098,0,,,,,,,0,TMF1,ZNF438,0,0,0
P82094,Q99727,1,0.551219512,0.40155459,0.476387051,0,,,,,,,0,TMF1,TIMP4,0,0,0
P82094,Q9GZX5,1,0.551219512,0.401554654,0.476387083,0,,,,,,,0,TMF1,ZNF350,0,0,0
Q9ULZ2,P05549,1,0.526829268,0.401555187,0.464192227,0,,,,,,,0,STAP1,TFAP2A,0,0,0
P82094,Q8NHV4,1,0.551219512,0.401554656,0.476387084,0,,,,,,,0,TMF1,NEDD1,0,0,0
P82094,P35680,1,0.551219512,0.401554901,0.476387207,0,,,,,,,0,TMF1,HNF1B,0,0,0
P82094,Q494V2,1,0.551219512,0.401554843,0.476387178,0,,,,,,,0,TMF1,CFAP100,0,0,0
P82094,P39023,1,0.551219512,0.401554919,0.476387215,0,,,,,,,0,TMF1,RPL3,0,0,0
Q9Y4K4,O75688,1,0.726829268,0.401307506,0.564068387,0,,,,,,,0,MAP4K5,PPM1B,0,0,0
Q9ULZ2,P50225,1,0.726829268,0.401991452,0.56441036,0,,,,,,,0,STAP1,SULT1A1,0,0,0
P50225,P12755,1,0.526829268,0.401554824,0.464192046,0,,,,,,,0,SULT1A1,SKI,0,0,0
P50225,O75185,1,0.551219512,0.401554699,0.476387106,0,,,,,,,0,SULT1A1,ATP2C2,0,0,0
P50225,Q32M84,1,0.551219512,0.40155521,0.476387361,0,,,,,,,0,SULT1A1,BTBD16,0,0,0
P50225,Q9UJ78,1,0.551219512,0.401554812,0.476387162,0,,,,,,,0,SULT1A1,ZMYM5,0,0,0
P50225,Q6IMI6,1,0.726829268,0.401383202,0.564106235,0,,,,,,,0,SULT1A1,SULT1C3,0,0,0
P50225,Q86SS6,1,0.52195122,0.401555045,0.461753132,0,,,,,,,0,SULT1A1,SYT9,0,0,0
P50225,Q5HYK7,1,0.551219512,0.401554745,0.476387129,0,,,,,,,0,SULT1A1,SH3D19,0,0,0
P50225,Q76L83,1,0.551219512,0.401554614,0.476387063,0,,,,,,,0,SULT1A1,ASXL2,0,0,0
P50225,Q9BQN1,1,0.551219512,0.401554891,0.476387201,0,,,,,,,0,SULT1A1,FAM83C,0,0,0
P50225,Q15293,1,0.72195122,0.401308096,0.561629658,0,,,,,,,0,SULT1A1,RCN1,0,0,0
P50225,Q9BYQ4,1,0.52195122,0.401371879,0.461661549,0,,,,,,,0,SULT1A1,KRTAP9-2,0,0,0
P50225,Q9Y6F1,1,0.551219512,0.401554862,0.476387187,0,,,,,,,0,SULT1A1,PARP3,0,0,0
P50225,Q8N468,1,0.526829268,0.401555462,0.464192365,0,,,,,,,0,SULT1A1,MFSD4A,0,0,0
P50225,P60411,1,0.52195122,0.401664996,0.461808108,0,,,,,,,0,SULT1A1,KRTAP10-9,0,0,0
P50225,Q9UBT2,1,0.736585366,0.401585159,0.569085263,0,,,,,,,0,SULT1A1,UBA2,0,0,0
P50225,Q14005,1,0.551219512,0.401554611,0.476387061,0,,,,,,,0,SULT1A1,IL16,0,0,0
O15263,P51684,1,0.834146341,0.401306321,0.617726331,0,,,,,,,0,DEFB4B,CCR6,0,0,0
O15263,O00206,1,0.834146341,0.401306132,0.617726237,0,,,,,,,0,DEFB4B,TLR4,0,0,0
Q9ULZ2,Q02297,1,0.526829268,0.401633303,0.464231286,0,,,,,,,0,STAP1,NRG1,0,0,0
Q14507,Q13127,1,0.526829268,0.401681126,0.464255197,0,,,,,,,0,EDDM3A,REST,0,0,0
Q9ULZ2,Q9P2F9,1,0.526829268,0.401633301,0.464231285,0,,,,,,,0,STAP1,ZNF319,0,0,0
Q14507,Q969J2,1,0.551219512,0.401632825,0.476426169,0,,,,,,,0,EDDM3A,ZKSCAN4,0,0,0
Q14507,Q7Z4V0,1,0.551219512,0.401632994,0.476426253,0,,,,,,,0,EDDM3A,ZNF438,0,0,0
Q9ULZ2,Q7Z7B0,1,0.551219512,0.401632787,0.47642615,0,,,,,,,0,STAP1,FILIP1,0,0,0
Q14507,Q9GZX5,1,0.551219512,0.401632936,0.476426224,0,,,,,,,0,EDDM3A,ZNF350,0,0,0
Q14507,Q2MV58,1,0.76097561,0.401304872,0.581140241,0,,,,,,,0,EDDM3A,TCTN1,0,0,0
Q14507,P35680,1,0.551219512,0.401632837,0.476426174,0,,,,,,,0,EDDM3A,HNF1B,0,0,0
Q14507,Q494V2,1,0.526829268,0.401633178,0.464231223,0,,,,,,,0,EDDM3A,CFAP100,0,0,0
Q14507,Q8NCX0,1,0.551219512,0.401633053,0.476426282,0,,,,,,,0,EDDM3A,CCDC150,0,0,0
Q14507,Q8IY85,1,0.526829268,0.401602854,0.464216061,0,,,,,,,0,EDDM3A,EFCAB13,0,0,0
Q14507,Q15276,1,0.551219512,0.401554625,0.476387069,0,,,,,,,0,EDDM3A,RABEP1,0,0,0
Q14507,P54886,1,0.551219512,0.401632831,0.476426171,0,,,,,,,0,EDDM3A,ALDH18A1,0,0,0
Q86YF9,Q93097,1,0.536585366,0.401554746,0.469070056,0,,,,,,,0,DZIP1,WNT2B,0,0,0
Q9H093,O95104,1,0.551219512,0.401554883,0.476387197,0,,,,,,,0,NUAK2,SCAF4,0,0,0
Q9H093,Q8NDV3,1,0.52195122,0.4016028,0.46177701,0,,,,,,,0,NUAK2,SMC1B,0,0,0
O15254,Q5T200,1,0.551219512,0.401554777,0.476387144,0,,,,,,,0,ACOX3,ZC3H13,0,0,0
Q9ULZ2,P47756,1,0.72195122,0.40131035,0.561630785,0,,,,,,,0,STAP1,CAPZB,0,0,0
O00592,P51684,1,0.726829268,0.401307362,0.564068315,0,,,,,,,0,PODXL,CCR6,0,0,0
O00592,Q96T51,1,0.726829268,0.401322789,0.564076029,0,,,,,,,0,PODXL,RUFY1,0,0,0
O75973,Q8IU57,1,0.726829268,0.401506858,0.564168063,0,,,,,,,0,C1QL1,IFNLR1,0,0,0
Q14623,H7BZ55,1,0.52195122,0.401681273,0.461816246,0,,,,,,,0,IHH,CROCC2,0,0,0
P0DP08,Q9P2E9,1,0.551219512,0.401554671,0.476387092,0,,,,,,,0,IGHV4-38-2,RRBP1,0,0,0
P0DP08,Q96M83,1,0.52195122,0.401602886,0.461777053,0,,,,,,,0,IGHV4-38-2,CCDC7,0,0,0
O94933,Q6QHC5,1,0.52195122,0.401603017,0.461777118,0,,,,,,,0,SLITRK3,DEGS2,0,0,0
Q9GZP0,Q14203,1,0.751219512,0.401193605,0.576206558,0,,,,,,,0,PDGFD,DCTN1,0,0,0
Q9GZP0,Q9P2F5,1,0.551219512,0.401554835,0.476387174,0,,,,,,,0,PDGFD,STOX2,0,0,0
Q9GZP0,Q8IVV7,1,0.780487805,0.401557296,0.591022551,0,,,,,,,0,PDGFD,GID4,0,0,0
Q92993,P36406,1,0.726829268,0.401372703,0.564100986,0,,,,,,,0,KAT5,TRIM23,0,0,0
Q92993,O15211,1,0.731707317,0.401322625,0.566514971,0,,,,,,,0,KAT5,RGL2,0,0,0
Q92993,P17600,1,0.726829268,0.401307942,0.564068605,0,,,,,,,0,KAT5,SYN1,0,0,0
Q92993,Q3YEC7,1,0.834146341,0.401307794,0.617727068,0,,,,,,,0,KAT5,RABL6,0,0,0
Q92993,O60684,1,0.72195122,0.401755113,0.561853166,0,,,,,,,0,KAT5,KPNA6,0,0,0
Q92993,P37275,1,0.731707317,0.401321503,0.56651441,0,,,,,,,0,KAT5,ZEB1,0,0,0
Q92993,P63279,1,0.726829268,0.401306778,0.564068023,0,,,,,,,0,KAT5,UBE2I,0,0,0
Q92993,Q9UM82,1,0.726829268,0.401887783,0.564358526,0,,,,,,,0,KAT5,SPATA2,0,0,0
Q92993,Q96SN8,1,0.76097561,0.401226383,0.581100996,0,,,,,,,0,KAT5,CDK5RAP2,0,0,0
Q92993,P35226,1,0.726829268,0.401372008,0.564100638,0,,,,,,,0,KAT5,BMI1,0,0,0
Q92993,Q96K58,1,0.726829268,0.401385287,0.564107278,0,,,,,,,0,KAT5,ZNF668,0,0,0
Q92993,Q9P2H0,1,0.83902439,0.401317409,0.6201709,0,,,,,,,0,KAT5,CEP126,0,0,0
Q92993,Q8TF50,1,0.72195122,0.401373596,0.561662408,0,,,,,,,0,KAT5,ZNF526,0,0,0
Q92993,P20827,1,0.726829268,0.401307134,0.564068201,0,,,,,,,0,KAT5,EFNA1,0,0,0
Q92993,Q9UNA4,1,0.834146341,0.40130733,0.617726836,0,,,,,,,0,KAT5,POLI,0,0,0
Q92993,P60411,1,0.726829268,0.401307618,0.564068443,0,,,,,,,0,KAT5,KRTAP10-9,0,0,0
Q92993,P51608,1,0.834146341,0.401665502,0.617905922,0,,,,,,,0,KAT5,MECP2,0,0,0
Q92993,P49959,1,0.72195122,0.4010337,0.56149246,0,,,,,,,0,KAT5,MRE11,0,0,0
Q92993,Q8IXK0,1,0.726829268,0.401307076,0.564068172,0,,,,,,,0,KAT5,PHC2,0,0,0
Q92993,Q9Y4R8,1,0.824390244,0.401538699,0.612964472,0,,,,,,,0,KAT5,TELO2,0,0,0
Q92993,Q8N257,1,0.726829268,0.401307589,0.564068428,0,,,,,,,0,KAT5,H2BC26,0,0,0
Q92993,Q5VSY0,1,0.72195122,0.401099408,0.561525314,0,,,,,,,0,KAT5,GKAP1,0,0,0
Q92993,O94972,1,0.746341463,0.401530688,0.573936075,0,,,,,,,0,KAT5,TRIM37,0,0,0
Q92993,Q15759,1,0.834146341,0.401034713,0.617590527,0,,,,,,,0,KAT5,MAPK11,0,0,0
Q92993,Q8WV41,1,0.824390244,0.4010503,0.612720272,0,,,,,,,0,KAT5,SNX33,0,0,0
O75330,Q14203,1,0.72195122,0.401323329,0.561637274,0,,,,,,,0,HMMR,DCTN1,0,0,0
O75330,Q9ULW0,1,0.790243902,0.400901934,0.595572918,0,,,,,,,0,HMMR,TPX2,0,0,0
Q9NQ79,Q9UK39,1,0.72195122,0.401048574,0.561499897,0,,,,,,,0,CRTAC1,NOCT,0,0,0
Q5SQN1,Q8IYX8,1,0.72195122,0.401986621,0.56196892,0,,,,,,,0,SNAP47,CEP57L1,0,0,0
Q5SQN1,Q8IWR1,1,0.72195122,0.40085069,0.561400955,0,,,,,,,0,SNAP47,TRIM59,0,0,0
P53634,Q9UBT2,1,0.726829268,0.401372227,0.564100748,0,,,,,,,0,CTSC,UBA2,0,0,0
A0A3B3IU46,Q08378,1,0.551219512,0.401554934,0.476387223,0,,,,,,,0,RAMACL,GOLGA3,0,0,0
A0A3B3IU46,Q494V2,1,0.551219512,0.401554848,0.47638718,0,,,,,,,0,RAMACL,CFAP100,0,0,0
A0A3B3IU46,Q5FWF5,1,0.551219512,0.401554662,0.476387087,0,,,,,,,0,RAMACL,ESCO1,0,0,0
A0A3B3IU46,P39023,1,0.551219512,0.401554934,0.476387223,0,,,,,,,0,RAMACL,RPL3,0,0,0
A0A3B3IU46,Q8NCX0,1,0.551219512,0.401554715,0.476387114,0,,,,,,,0,RAMACL,CCDC150,0,0,0
A0A3B3IU46,Q9H334,1,0.551219512,0.401554831,0.476387172,0,,,,,,,0,RAMACL,FOXP1,0,0,0
A0A3B3IU46,Q8IY85,1,0.526829268,0.401602989,0.464216129,0,,,,,,,0,RAMACL,EFCAB13,0,0,0
A0A3B3IU46,Q15276,1,0.551219512,0.401554792,0.476387152,0,,,,,,,0,RAMACL,RABEP1,0,0,0
A0A3B3IU46,P54886,1,0.551219512,0.401554844,0.476387178,0,,,,,,,0,RAMACL,ALDH18A1,0,0,0
Q96NI8,Q9P0L2,1,0.551219512,0.40155458,0.476387046,0,,,,,,,0,ZNF570,MARK1,0,0,0
Q96NI8,P16284,1,0.551219512,0.401554787,0.47638715,0,,,,,,,0,ZNF570,PECAM1,0,0,0
Q96NI8,Q9H6T0,1,0.526829268,0.401555269,0.464192269,0,,,,,,,0,ZNF570,ESRP2,0,0,0
Q96NI8,O15466,1,0.551219512,0.401555071,0.476387291,0,,,,,,,0,ZNF570,ST8SIA5,0,0,0
Q96NI8,Q8TB24,1,0.551219512,0.401554723,0.476387118,0,,,,,,,0,ZNF570,RIN3,0,0,0
Q96NI8,Q58F21,1,0.551219512,0.40155457,0.476387041,0,,,,,,,0,ZNF570,BRDT,0,0,0
Q96NI8,P50747,1,0.551219512,0.401633468,0.47642649,0,,,,,,,0,ZNF570,HLCS,0,0,0
Q96NI8,P40879,1,0.551219512,0.401633356,0.476426434,0,,,,,,,0,ZNF570,SLC26A3,0,0,0
Q96NI8,P14923,1,0.526829268,0.401555234,0.464192251,0,,,,,,,0,ZNF570,JUP,0,0,0
Q96NI8,Q9BZQ8,1,0.551219512,0.40155488,0.476387196,0,,,,,,,0,ZNF570,NIBAN1,0,0,0
P03979,P49910,1,0.551219512,0.401555095,0.476387304,0,,,,,,,0,TRGV3,ZNF165,0,0,0
P03979,P0CG33,1,0.551219512,0.401554766,0.476387139,0,,,,,,,0,TRGV3,GOLGA6D,0,0,0
P03979,Q9P2E9,1,0.551219512,0.401554694,0.476387103,0,,,,,,,0,TRGV3,RRBP1,0,0,0
P03979,Q9UJJ7,1,0.551219512,0.401555281,0.476387397,0,,,,,,,0,TRGV3,RPUSD1,0,0,0
P03979,Q96MY7,1,0.551219512,0.401554875,0.476387194,0,,,,,,,0,TRGV3,FAM161B,0,0,0
P03979,A8K0S8,1,0.551219512,0.401555429,0.476387471,0,,,,,,,0,TRGV3,MEIS3P2,0,0,0
P03979,Q96NU1,1,0.551219512,0.401554823,0.476387168,0,,,,,,,0,TRGV3,SAMD11,0,0,0
P03979,O75716,1,0.526829268,0.401555216,0.464192242,0,,,,,,,0,TRGV3,STK16,0,0,0
P03979,Q96M83,1,0.52195122,0.401603141,0.46177718,0,,,,,,,0,TRGV3,CCDC7,0,0,0
Q8N8B7,P36406,1,0.780487805,0.401556645,0.591022225,0,,,,,,,0,TCEANC,TRIM23,0,0,0
Q8N8B7,A6H8Y1,1,0.526829268,0.401602958,0.464216113,0,,,,,,,0,TCEANC,BDP1,0,0,0
Q8N8B7,Q8NFC6,1,0.526829268,0.401602944,0.464216106,0,,,,,,,0,TCEANC,BOD1L1,0,0,0
Q8N8B7,Q92622,1,0.726829268,0.401306738,0.564068003,0,,,,,,,0,TCEANC,RUBCN,0,0,0
Q8N8B7,Q5T124,1,0.72195122,0.401308882,0.561630051,0,,,,,,,0,TCEANC,UBXN11,0,0,0
Q8N8B7,Q9Y620,1,0.829268293,0.401306839,0.615287566,0,,,,,,,0,TCEANC,RAD54B,0,0,0
Q8N8B7,O94972,1,0.72195122,0.401321622,0.561636421,0,,,,,,,0,TCEANC,TRIM37,0,0,0
Q9HBV1,O75159,1,0.551219512,0.40155517,0.476387341,0,,,,,,,0,POPDC3,SOCS5,0,0,0
Q9HBV1,Q8N9K5,1,0.551219512,0.401555319,0.476387416,0,,,,,,,0,POPDC3,ZNF565,0,0,0
Q9HBV1,Q8IX04,1,0.52195122,0.401555108,0.461753164,0,,,,,,,0,POPDC3,UEVLD,0,0,0
Q9HBV1,Q96NL0,1,0.536585366,0.401555194,0.46907028,0,,,,,,,0,POPDC3,RUNDC3B,0,0,0
Q4VC44,Q9HBV1,1,0.551219512,0.40155483,0.476387171,0,,,,,,,0,FLYWCH1,POPDC3,0,0,0
Q9HBV1,Q5VWQ0,1,0.551219512,0.401554868,0.47638719,0,,,,,,,0,POPDC3,RSBN1,0,0,0
Q9HBV1,Q7L0X2,1,0.551219512,0.401554957,0.476387235,0,,,,,,,0,POPDC3,ERICH6,0,0,0
Q9HBV1,Q9N2J8,1,0.536585366,0.401555069,0.469070217,0,,,,,,,0,POPDC3,,0,0,0
Q9HBV1,Q8N448,1,0.551219512,0.401554815,0.476387163,0,,,,,,,0,POPDC3,LNX2,0,0,0
Q9HBV1,Q86TM6,1,0.526829268,0.401554885,0.464192077,0,,,,,,,0,POPDC3,SYVN1,0,0,0
Q9HBV1,Q9HCM4,1,0.551219512,0.401554752,0.476387132,0,,,,,,,0,POPDC3,EPB41L5,0,0,0
Q9HBV1,O95104,1,0.551219512,0.401554791,0.476387152,0,,,,,,,0,POPDC3,SCAF4,0,0,0
Q9HBV1,Q9BQ52,1,0.551219512,0.401554733,0.476387123,0,,,,,,,0,POPDC3,ELAC2,0,0,0
Q9HBV1,P43121,1,0.551219512,0.401554819,0.476387166,0,,,,,,,0,POPDC3,MCAM,0,0,0
Q9HBV1,Q17R89,1,0.551219512,0.401554771,0.476387142,0,,,,,,,0,POPDC3,ARHGAP44,0,0,0
Q9HBV1,Q9BYQ4,1,0.52195122,0.401371936,0.461661578,0,,,,,,,0,POPDC3,KRTAP9-2,0,0,0
Q9HBV1,Q96G74,1,0.526829268,0.40155559,0.464192429,0,,,,,,,0,POPDC3,OTUD5,0,0,0
Q9HBV1,Q8NDV3,1,0.526829268,0.401602883,0.464216076,0,,,,,,,0,POPDC3,SMC1B,0,0,0
Q9HBV1,Q68DY9,1,0.536585366,0.401555712,0.469070539,0,,,,,,,0,POPDC3,ZNF772,0,0,0
Q9HBV1,Q9UK13,1,0.551219512,0.401555168,0.47638734,0,,,,,,,0,POPDC3,ZNF221,0,0,0
Q9HBV1,Q15648,1,0.52195122,0.401602933,0.461777076,0,,,,,,,0,POPDC3,MED1,0,0,0
Q9HBV1,A0A1B0GVH7,1,0.536585366,0.401555245,0.469070306,0,,,,,,,0,POPDC3,IQCM,0,0,0
Q4VC44,Q8IX04,1,0.52195122,0.40155491,0.461753065,0,,,,,,,0,FLYWCH1,UEVLD,0,0,0
Q9HBV1,Q9C0B9,1,0.526829268,0.401602974,0.464216121,0,,,,,,,0,POPDC3,ZCCHC2,0,0,0
Q9HBV1,Q9Y2G2,1,0.536585366,0.40163321,0.469109288,0,,,,,,,0,POPDC3,CARD8,0,0,0
Q9HBV1,Q5JNZ3,1,0.551219512,0.401555074,0.476387293,0,,,,,,,0,POPDC3,ZNF311,0,0,0
Q9HBV1,Q13946,1,0.536585366,0.40155509,0.469070228,0,,,,,,,0,POPDC3,PDE7A,0,0,0
Q4VC44,Q5T6V5,1,0.536585366,0.401554929,0.469070148,0,,,,,,,0,FLYWCH1,C9orf64,0,0,0
Q15642,Q9BRV3,1,0.536585366,0.401555394,0.46907038,0,,,,,,,0,TRIP10,SLC50A1,0,0,0
Q15642,Q10567,1,0.72195122,0.401309884,0.561630552,0,,,,,,,0,TRIP10,AP1B1,0,0,0
Q15642,Q8IZP0,1,0.741463415,0.40089506,0.571179237,0,,,,,,,0,TRIP10,ABI1,0,0,0
Q15642,Q17R89,1,0.717073171,0.40132286,0.559198015,0,,,,,,,0,TRIP10,ARHGAP44,0,0,0
Q15642,P10828,1,0.824390244,0.401531443,0.612960843,0,,,,,,,0,TRIP10,THRB,0,0,0
P01825,P0CG33,1,0.551219512,0.401554753,0.476387132,0,,,,,,,0,IGHV4-59,GOLGA6D,0,0,0
P01825,Q9P2E9,1,0.551219512,0.401554727,0.47638712,0,,,,,,,0,IGHV4-59,RRBP1,0,0,0
P01825,Q96MY7,1,0.536585366,0.40155495,0.469070158,0,,,,,,,0,IGHV4-59,FAM161B,0,0,0
P01825,A6NDN3,1,0.551219512,0.401554839,0.476387176,0,,,,,,,0,IGHV4-59,GOLGA6B,0,0,0
P01825,Q96M83,1,0.52195122,0.401602941,0.46177708,0,,,,,,,0,IGHV4-59,CCDC7,0,0,0
Q86YF9,Q6IMI6,1,0.551219512,0.401554844,0.476387178,0,,,,,,,0,DZIP1,SULT1C3,0,0,0
Q4VC44,Q8NHS2,1,0.52195122,0.401554904,0.461753062,0,,,,,,,0,FLYWCH1,GOT1L1,0,0,0
Q05823,Q9UQ72,1,0.551219512,0.401554692,0.476387102,0,,,,,,,0,RNASEL,PSG11,0,0,0
Q05823,Q9P2H0,1,0.551219512,0.401554795,0.476387153,0,,,,,,,0,RNASEL,CEP126,0,0,0
Q05823,Q14966,1,0.52195122,0.401602878,0.461777049,0,,,,,,,0,RNASEL,ZNF638,0,0,0
Q05823,P0DJD7,1,0.551219512,0.401554806,0.476387159,0,,,,,,,0,RNASEL,PGA4,0,0,0
Q05823,P18858,1,0.551219512,0.401555019,0.476387266,0,,,,,,,0,RNASEL,LIG1,0,0,0
Q05823,P58417,1,0.746341463,0.40139314,0.573867302,1,0.017667845,,,,,,0,RNASEL,NXPH1,0,0,0
Q05823,Q15643,1,0.551219512,0.40155455,0.476387031,0,,,,,,,0,RNASEL,TRIP11,0,0,0
Q05823,Q9ULE3,1,0.551219512,0.401554739,0.476387126,0,,,,,,,0,RNASEL,DENND2A,0,0,0
Q05823,Q8WV41,1,0.551219512,0.40155512,0.476387316,0,,,,,,,0,RNASEL,SNX33,0,0,0
Q05823,Q92187,1,0.72195122,0.4013211,0.56163616,0,,,,,,,0,RNASEL,ST8SIA4,0,0,0
Q5T5N4,Q6NZY4,1,0.551219512,0.40155509,0.476387301,0,,,,,,,0,C6orf118,ZCCHC8,0,0,0
Q5T5N4,P17600,1,0.526829268,0.40155542,0.464192344,0,,,,,,,0,C6orf118,SYN1,0,0,0
Q4VC44,O95104,1,0.551219512,0.401554862,0.476387187,0,,,,,,,0,FLYWCH1,SCAF4,0,0,0
Q4VC44,Q9BQ52,1,0.52195122,0.401554905,0.461753062,0,,,,,,,0,FLYWCH1,ELAC2,0,0,0
Q5T5N4,Q9UN79,1,0.551219512,0.401555367,0.47638744,0,,,,,,,0,C6orf118,SOX13,0,0,0
Q5T5N4,P13010,1,0.551219512,0.401554827,0.476387169,0,,,,,,,0,C6orf118,XRCC5,0,0,0
Q5T5N4,O15231,1,0.526829268,0.401555864,0.464192566,0,,,,,,,0,C6orf118,ZNF185,0,0,0
Q5T5N4,Q2MV58,1,0.52195122,0.401555811,0.461753515,0,,,,,,,0,C6orf118,TCTN1,0,0,0
Q5T5N4,A8MYV0,1,0.551219512,0.401555731,0.476387622,0,,,,,,,0,C6orf118,DCDC2C,0,0,0
Q5T5N4,P23327,1,0.551219512,0.401555463,0.476387488,0,,,,,,,0,C6orf118,HRC,0,0,0
Q5T5N4,P60411,1,0.52195122,0.401307039,0.461629129,0,,,,,,,0,C6orf118,KRTAP10-9,0,0,0
Q5T5N4,Q8WXA3,1,0.536585366,0.401555043,0.469070204,0,,,,,,,0,C6orf118,RUFY2,0,0,0
Q5T5N4,A7XYQ1,1,0.551219512,0.401554895,0.476387204,0,,,,,,,0,C6orf118,SOBP,0,0,0
Q5T5N4,O43290,1,0.551219512,0.401554823,0.476387168,0,,,,,,,0,C6orf118,SART1,0,0,0
A0A1B0GV85,Q9ULX5,1,0.52195122,0.40155548,0.46175335,0,,,,,,,0,REELD1,RNF112,0,0,0
A0A1B0GV85,Q14397,1,0.551219512,0.401555284,0.476387398,0,,,,,,,0,REELD1,GCKR,0,0,0
A0A1B0GV85,Q6P1K1,1,0.551219512,0.401554882,0.476387197,0,,,,,,,0,REELD1,SLC48A1,0,0,0
A0A1B0GV85,Q9P2M7,1,0.551219512,0.401554664,0.476387088,0,,,,,,,0,REELD1,CGN,0,0,0
Q4VC44,Q9H2S6,1,0.551219512,0.401554875,0.476387194,0,,,,,,,0,FLYWCH1,TNMD,0,0,0
A0A1B0GV85,Q14203,1,0.52195122,0.401602958,0.461777089,0,,,,,,,0,REELD1,DCTN1,0,0,0
A0A1B0GV85,P0C5J1,1,0.551219512,0.401555211,0.476387361,0,,,,,,,0,REELD1,FAM86B2,0,0,0
Q9ULX5,Q14203,1,0.843902439,0.401603374,0.622752907,0,,,,,,,0,RNF112,DCTN1,0,0,0
Q9ULX5,P51608,1,0.834146341,0.401372307,0.617759324,0,,,,,,,0,RNF112,MECP2,0,0,0
Q9ULX5,Q13148,1,0.785365854,0.401555878,0.593460866,0,,,,,,,0,RNF112,TARDBP,0,0,0
P36406,Q4KMZ8,1,0.536585366,0.40155514,0.469070253,0,,,,,,,0,TRIM23,NKAIN1,0,0,0
P36406,Q8IYE1,1,0.726829268,0.401306834,0.564068051,0,,,,,,,0,TRIM23,CCDC13,0,0,0
P36406,P63279,1,0.72195122,0.401321436,0.561636328,0,,,,,,,0,TRIM23,UBE2I,0,0,0
P36406,Q9BTL3,1,0.741463415,0.401518012,0.571490714,0,,,,,,,0,TRIM23,RAMAC,0,0,0
P36406,O95872,1,0.741463415,0.401326237,0.571394826,0,,,,,,,0,TRIM23,GPANK1,0,0,0
P36406,Q9BYV6,1,0.726829268,0.401495633,0.564162451,0,,,,,,,0,TRIM23,TRIM55,0,0,0
P36406,Q96B02,1,0.72195122,0.401321091,0.561636155,0,,,,,,,0,TRIM23,UBE2W,0,0,0
P36406,Q15293,1,0.551219512,0.401554785,0.476387149,0,,,,,,,0,TRIM23,RCN1,0,0,0
P36406,Q9Y2A9,1,0.551219512,0.401554892,0.476387202,0,,,,,,,0,TRIM23,B3GNT3,0,0,0
P36406,Q9GZX7,1,0.536585366,0.401554618,0.469069992,0,,,,,,,0,TRIM23,AICDA,0,0,0
P36406,P12532,1,0.52195122,0.401554617,0.461752918,0,,,,,,,0,TRIM23,CKMT1B,0,0,0
P36406,Q9UNA4,1,0.726829268,0.401306768,0.564068018,0,,,,,,,0,TRIM23,POLI,0,0,0
P36406,Q6ZMJ4,1,0.551219512,0.401554747,0.476387129,0,,,,,,,0,TRIM23,IL34,0,0,0
P36406,A6H8Y1,1,0.52195122,0.401602864,0.461777042,0,,,,,,,0,TRIM23,BDP1,0,0,0
P36406,Q8NFC6,1,0.52195122,0.401602825,0.461777022,0,,,,,,,0,TRIM23,BOD1L1,0,0,0
P36406,Q96T51,1,0.72195122,0.401308377,0.561629798,0,,,,,,,0,TRIM23,RUFY1,0,0,0
P36406,P21580,1,0.726829268,0.401307163,0.564068215,0,,,,,,,0,TRIM23,TNFAIP3,0,0,0
P36406,Q8IWR1,1,0.526829268,0.401554828,0.464192048,0,,,,,,,0,TRIM23,TRIM59,0,0,0
P36406,P10828,1,0.526829268,0.401555045,0.464192157,0,,,,,,,0,TRIM23,THRB,0,0,0
P36406,Q8TES7,1,0.751219512,0.401201224,0.576210368,0,,,,,,,0,TRIM23,FBF1,0,0,0
P36406,Q8NDC0,1,0.551219512,0.4015551,0.476387306,0,,,,,,,0,TRIM23,MAPK1IP1L,0,0,0
P36406,Q9UBT2,1,0.526829268,0.401555518,0.464192393,0,,,,,,,0,TRIM23,UBA2,0,0,0
P36406,Q14005,1,0.76097561,0.401226656,0.581101133,0,,,,,,,0,TRIM23,IL16,0,0,0
P36406,Q9HA72,1,0.526829268,0.401554686,0.464191977,0,,,,,,,0,TRIM23,CALHM2,0,0,0
P36406,Q9BXW7,1,0.526829268,0.401554759,0.464192014,0,,,,,,,0,TRIM23,HDHD5,0,0,0
P36406,Q13148,1,0.824390244,0.40130625,0.612848247,0,,,,,,,0,TRIM23,TARDBP,0,0,0
P36406,Q32MK0,1,0.551219512,0.401554861,0.476387186,0,,,,,,,0,TRIM23,MYLK3,0,0,0
P36406,Q8NFZ8,1,0.551219512,0.401554809,0.476387161,0,,,,,,,0,TRIM23,CADM4,0,0,0
P36406,Q16563,1,0.551219512,0.40155472,0.476387116,0,,,,,,,0,TRIM23,SYPL1,0,0,0
P36406,Q9UN19,1,0.551219512,0.401554587,0.476387049,0,,,,,,,0,TRIM23,DAPP1,0,0,0
P36406,Q3KPI0,1,0.551219512,0.401554689,0.476387101,0,,,,,,,0,TRIM23,CEACAM21,0,0,0
P36406,Q92187,1,0.551219512,0.401554616,0.476387064,0,,,,,,,0,TRIM23,ST8SIA4,0,0,0
P36406,Q8IU60,1,0.526829268,0.401555328,0.464192298,0,,,,,,,0,TRIM23,DCP2,0,0,0
Q86WR6,Q8N945,1,0.526829268,0.401557267,0.464193267,0,,,,,,,0,CHCT1,PRELID2,0,0,0
Q86WR6,Q96HF1,1,0.52195122,0.401555093,0.461753156,0,,,,,,,0,CHCT1,SFRP2,0,0,0
Q86WR6,A0A1B0GVD1,1,0.536585366,0.401555124,0.469070245,0,,,,,,,0,CHCT1,FAM237B,0,0,0
Q4VC44,Q5VUY2,1,0.551219512,0.401554797,0.476387154,0,,,,,,,0,FLYWCH1,AADACL4,0,0,0
Q86WR6,O75167,1,0.551219512,0.401554823,0.476387168,0,,,,,,,0,CHCT1,PHACTR2,0,0,0
Q86WR6,A0A075B6T7,1,0.551219512,0.401555464,0.476387488,0,,,,,,,0,CHCT1,TRAV6,0,0,0
Q86WR6,P13385,1,0.551219512,0.401555992,0.476387752,0,,,,,,,0,CHCT1,TDGF1,0,0,0
Q86WR6,Q58G82,1,0.526829268,0.401555839,0.464192554,0,,,,,,,0,CHCT1,SYT14P1,0,0,0
Q14576,Q6P1N0,1,0.551219512,0.40155479,0.476387151,0,,,,,,,0,ELAVL3,CC2D1A,0,0,0
Q4VC44,Q13946,1,0.551219512,0.401554837,0.476387175,0,,,,,,,0,FLYWCH1,PDE7A,0,0,0
Q9H6N6,O96020,1,0.551219512,0.401554856,0.476387184,0,,,,,,,0,MYH16,CCNE2,0,0,0
Q14576,Q9H208,1,0.536585366,0.401557074,0.46907122,0,,,,,,,0,ELAVL3,OR10A2,0,0,0
Q14576,Q02297,1,0.551219512,0.401554916,0.476387214,0,,,,,,,0,ELAVL3,NRG1,0,0,0
Q14576,Q9P2F9,1,0.551219512,0.40155481,0.476387161,0,,,,,,,0,ELAVL3,ZNF319,0,0,0
Q9H6N6,P21854,1,0.551219512,0.401554783,0.476387148,0,,,,,,,0,MYH16,CD72,0,0,0
Q14576,Q9P1V8,1,0.551219512,0.401554868,0.47638719,0,,,,,,,0,ELAVL3,SAMD15,0,0,0
Q14576,Q96K58,1,0.551219512,0.401554954,0.476387233,0,,,,,,,0,ELAVL3,ZNF668,0,0,0
Q14576,Q9Y371,1,0.52195122,0.40139301,0.461672115,0,,,,,,,0,ELAVL3,SH3GLB1,0,0,0
Q9H6N6,Q16651,1,0.551219512,0.401554775,0.476387144,0,,,,,,,0,MYH16,PRSS8,0,0,0
Q14576,O75381,1,0.72195122,0.401375007,0.561663113,0,,,,,,,0,ELAVL3,PEX14,0,0,0
Q9H6N6,Q9NRW3,1,0.526829268,0.401555016,0.464192142,0,,,,,,,0,MYH16,APOBEC3C,0,0,0
Q9H6N6,P0CB48,1,0.551219512,0.401554896,0.476387204,0,,,,,,,0,MYH16,UBTFL6,0,0,0
Q14576,P54278,1,0.551219512,0.401554669,0.47638709,0,,,,,,,0,ELAVL3,PMS2,0,0,0
Q14576,Q9H346,1,0.526829268,0.401560316,0.464194792,0,,,,,,,0,ELAVL3,OR52D1,0,0,0
Q9H6N6,Q71RH2,1,0.551219512,0.401554691,0.476387102,0,,,,,,,0,MYH16,TLCD3B,0,0,0
Q14576,Q12926,1,0.765853659,0.403543507,0.584698583,0,,,,,,,0,ELAVL3,ELAVL2,0,0,0
Q14576,Q8IXK0,1,0.551219512,0.401554791,0.476387152,0,,,,,,,0,ELAVL3,PHC2,0,0,0
Q9H6N6,Q8N0S6,1,0.551219512,0.401554823,0.476387168,0,,,,,,,0,MYH16,CENPL,0,0,0
Q9H6N6,P57789,1,0.551219512,0.401554698,0.476387105,0,,,,,,,0,MYH16,KCNK10,0,0,0
Q9Y6Q5,Q9P2F5,1,0.551219512,0.40155485,0.476387181,0,,,,,,,0,AP1M2,STOX2,0,0,0
Q9H6N6,Q8N136,1,0.551219512,0.401554851,0.476387182,0,,,,,,,0,MYH16,DAW1,0,0,0
Q9Y6Q5,Q7Z602,1,0.551219512,0.401555711,0.476387612,0,,,,,,,0,AP1M2,GPR141,0,0,0
Q9Y6Q5,Q10567,1,0.72195122,0.40132123,0.561636225,0,,,,,,,0,AP1M2,AP1B1,0,0,0
Q9Y6Q5,P67775,1,0.551219512,0.401554889,0.476387201,0,,,,,,,0,AP1M2,PPP2CA,0,0,0
Q9H6N6,Q14623,1,0.551219512,0.401554797,0.476387155,0,,,,,,,0,MYH16,IHH,0,0,0
Q9Y6Q5,O95994,1,0.726829268,0.401308058,0.564068663,0,,,,,,,0,AP1M2,AGR2,0,0,0
Q9H6N6,Q15485,1,0.551219512,0.401554922,0.476387217,0,,,,,,,0,MYH16,FCN2,0,0,0
Q9H6N6,O00624,1,0.536585366,0.401554987,0.469070176,0,,,,,,,0,MYH16,SLC17A2,0,0,0
Q9H6N6,Q9NVV5,1,0.526829268,0.401554893,0.464192081,0,,,,,,,0,MYH16,AIG1,0,0,0
Q15485,H7BZ55,1,0.52195122,0.401603017,0.461777118,0,,,,,,,0,FCN2,CROCC2,0,0,0
Q15485,P60411,1,0.52195122,0.401753903,0.461852561,0,,,,,,,0,FCN2,KRTAP10-9,0,0,0
Q9H6N6,Q9Y6N1,1,0.551219512,0.401554947,0.47638723,0,,,,,,,0,MYH16,COX11,0,0,0
Q15397,Q13163,1,0.551219512,0.401554707,0.47638711,0,,,,,,,0,PUM3,MAP2K5,0,0,0
Q15397,Q96MX3,1,0.726829268,0.401372046,0.564100657,0,,,,,,,0,PUM3,ZNF48,0,0,0
Q15397,Q9NPH0,1,0.551219512,0.401554916,0.476387214,0,,,,,,,0,PUM3,ACP6,0,0,0
Q15397,Q9Y2R4,1,0.726829268,0.401371558,0.564100413,0,,,,,,,0,PUM3,DDX52,0,0,0
Q15397,P32754,1,0.551219512,0.401554772,0.476387142,0,,,,,,,0,PUM3,HPD,0,0,0
Q9H6N6,Q9Y236,1,0.52195122,0.401602892,0.461777056,0,,,,,,,0,MYH16,OSGIN2,0,0,0
Q15397,Q9P2F5,1,0.551219512,0.401554892,0.476387202,0,,,,,,,0,PUM3,STOX2,0,0,0
Q15397,Q99457,1,0.526829268,0.401555413,0.46419234,0,,,,,,,0,PUM3,NAP1L3,0,0,0
Q15397,Q16222,1,0.551219512,0.401554955,0.476387234,0,,,,,,,0,PUM3,UAP1,0,0,0
Q15397,Q96MK3,1,0.52195122,0.401555501,0.46175336,0,,,,,,,0,PUM3,FAM20A,0,0,0
Q15397,O00232,1,0.551219512,0.401554982,0.476387247,0,,,,,,,0,PUM3,PSMD12,0,0,0
Q9H6N6,O15466,1,0.52195122,0.401602909,0.461777064,0,,,,,,,0,MYH16,ST8SIA5,0,0,0
Q15397,Q99496,1,0.726829268,0.401306175,0.564067722,0,,,,,,,0,PUM3,RNF2,0,0,0
Q15397,Q16719,1,0.551219512,0.401554879,0.476387195,0,,,,,,,0,PUM3,KYNU,0,0,0
Q15397,P35453,1,0.526829268,0.401555034,0.464192151,0,,,,,,,0,PUM3,HOXD13,0,0,0
Q15397,Q00325,1,0.551219512,0.401554694,0.476387103,0,,,,,,,0,PUM3,SLC25A3,0,0,0
Q15397,Q96NX5,1,0.551219512,0.401554714,0.476387113,0,,,,,,,0,PUM3,CAMK1G,0,0,0
Q15397,Q7Z602,1,0.551219512,0.401554964,0.476387238,0,,,,,,,0,PUM3,GPR141,0,0,0
Q15397,P67775,1,0.551219512,0.401554676,0.476387094,0,,,,,,,0,PUM3,PPP2CA,0,0,0
Q15397,Q8NGU1,1,0.551219512,0.401555008,0.47638726,0,,,,,,,0,PUM3,OR9A1P,0,0,0
Q15397,Q6QN14,1,0.551219512,0.401554646,0.476387079,0,,,,,,,0,PUM3,USP17L6P,0,0,0
Q15397,Q8WWZ8,1,0.52195122,0.401554918,0.461753069,0,,,,,,,0,PUM3,OIT3,0,0,0
Q15397,Q92966,1,0.551219512,0.401554651,0.476387081,0,,,,,,,0,PUM3,SNAPC3,0,0,0
Q15397,Q8IVV7,1,0.551219512,0.401554676,0.476387094,0,,,,,,,0,PUM3,GID4,0,0,0
Q9H6N6,Q8N9Z9,1,0.551219512,0.401554707,0.47638711,0,,,,,,,0,MYH16,LMNTD1,0,0,0
Q15397,P0DMS8,1,0.551219512,0.401555056,0.476387284,0,,,,,,,0,PUM3,ADORA3,0,0,0
Q15397,Q86V59,1,0.751219512,0.401226374,0.576222943,0,,,,,,,0,PUM3,PNMA8A,0,0,0
Q15397,P32780,1,0.526829268,0.401554803,0.464192036,0,,,,,,,0,PUM3,GTF2H1,0,0,0
Q86YF9,Q86WT6,1,0.551219512,0.401554782,0.476387147,0,,,,,,,0,DZIP1,TRIM69,0,0,0
Q9H6N6,Q13495,1,0.551219512,0.401554724,0.476387118,0,,,,,,,0,MYH16,MAMLD1,0,0,0
Q15397,P39023,1,0.731707317,0.401321277,0.566514297,0,,,,,,,0,PUM3,RPL3,0,0,0
Q15397,P62714,1,0.551219512,0.401554676,0.476387094,0,,,,,,,0,PUM3,PPP2CB,0,0,0
Q15397,Q13434,1,0.551219512,0.401555328,0.47638742,0,,,,,,,0,PUM3,MKRN4P,0,0,0
Q15397,P50548,1,0.536585366,0.401555134,0.46907025,0,,,,,,,0,PUM3,ERF,0,0,0
Q15397,P49207,1,0.726829268,0.401306165,0.564067717,0,,,,,,,0,PUM3,RPL34,0,0,0
Q15397,P31271,1,0.52195122,0.401555001,0.46175311,0,,,,,,,0,PUM3,HOXA13,0,0,0
Q15397,Q15759,1,0.551219512,0.401554766,0.476387139,0,,,,,,,0,PUM3,MAPK11,0,0,0
Q15397,Q8NCB2,1,0.52195122,0.401555103,0.461753161,0,,,,,,,0,PUM3,CAMKV,0,0,0
Q15397,Q76G19,1,0.52195122,0.401555177,0.461753198,0,,,,,,,0,PUM3,PDZD4,0,0,0
O15211,O00624,1,0.536585366,0.401554814,0.46907009,0,,,,,,,0,RGL2,SLC17A2,0,0,0
P49910,Q96K58,1,0.72195122,0.401309637,0.561630428,0,,,,,,,0,ZNF165,ZNF668,0,0,0
P49910,P60411,1,0.726829268,0.401308101,0.564068685,0,,,,,,,0,ZNF165,KRTAP10-9,0,0,0
P49910,Q14005,1,0.746341463,0.401677294,0.574009379,0,,,,,,,0,ZNF165,IL16,0,0,0
P49910,O43463,1,0.804878049,0.40137278,0.603125414,0,,,,,,,0,ZNF165,SUV39H1,0,0,0
P49910,Q96M83,1,0.526829268,0.401603182,0.464216225,0,,,,,,,0,ZNF165,CCDC7,0,0,0
O00624,H7BZ55,1,0.52195122,0.401603107,0.461777163,0,,,,,,,0,SLC17A2,CROCC2,0,0,0
O00624,O95476,1,0.72195122,0.401309807,0.561630513,0,,,,,,,0,SLC17A2,CTDNEP1,0,0,0
O00624,Q9NP78,1,0.72195122,0.401033986,0.561492603,0,,,,,,,0,SLC17A2,ABCB9,0,0,0
Q9H6N6,Q7M4L6,1,0.551219512,0.401554925,0.476387219,0,,,,,,,0,MYH16,SHF,0,0,0
O00624,O94989,1,0.536585366,0.401554819,0.469070092,0,,,,,,,0,SLC17A2,ARHGEF15,0,0,0
O00624,Q9Y4R8,1,0.551219512,0.401554894,0.476387203,0,,,,,,,0,SLC17A2,TELO2,0,0,0
O00624,Q6NXT4,1,0.726829268,0.401371503,0.564100386,0,,,,,,,0,SLC17A2,SLC30A6,0,0,0
Q53SF7,Q96DC7,1,0.52195122,0.401603391,0.461777305,0,,,,,,,0,COBLL1,TMCO6,0,0,0
Q53SF7,A0A0B4J271,1,0.526829268,0.401603078,0.464216173,0,,,,,,,0,COBLL1,TRAV12-3,0,0,0
Q53SF7,Q96HV5,1,0.526829268,0.401603285,0.464216277,0,,,,,,,0,COBLL1,TMEM41A,0,0,0
Q53SF7,Q16586,1,0.52195122,0.401603286,0.461777253,0,,,,,,,0,COBLL1,SGCA,0,0,0
Q53SF7,A0A096LP01,1,0.526829268,0.401603018,0.464216143,0,,,,,,,0,COBLL1,SMIM26,0,0,0
Q9H6N6,Q9ULV4,1,0.551219512,0.40155492,0.476387216,0,,,,,,,0,MYH16,CORO1C,0,0,0
Q53SF7,Q9UN30,1,0.751219512,0.401226214,0.576222863,0,,,,,,,0,COBLL1,SCML1,0,0,0
Q53SF7,Q9UNN4,1,0.52195122,0.40160315,0.461777185,0,,,,,,,0,COBLL1,GTF2A1L,0,0,0
Q9H6N6,P98077,1,0.551219512,0.401554849,0.476387181,0,,,,,,,0,MYH16,SHC2,0,0,0
Q9H6N6,Q6PF15,1,0.526829268,0.40155486,0.464192064,0,,,,,,,0,MYH16,KLHL35,0,0,0
Q9H6N6,Q969R8,1,0.551219512,0.401554797,0.476387154,0,,,,,,,0,MYH16,ITFG2,0,0,0
P00439,A6H8Y1,1,0.551219512,0.401554633,0.476387073,0,,,,,,,0,PAH,BDP1,0,0,0
Q9H6N6,A3QJZ7,1,0.551219512,0.401554953,0.476387233,0,,,,,,,0,MYH16,PRAMEF27,0,0,0
A0MZ66,Q0VAQ4,1,0.536585366,0.401555018,0.469070192,0,,,,,,,0,SHTN1,SMAGP,0,0,0
A0MZ66,Q5QNW6,1,0.526829268,0.401554993,0.464192131,0,,,,,,,0,SHTN1,H2BC18,0,0,0
A0MZ66,Q8N448,1,0.726829268,0.401753674,0.564291471,0,,,,,,,0,SHTN1,LNX2,0,0,0
Q9H6N6,Q86YJ6,1,0.551219512,0.401554837,0.476387174,0,,,,,,,0,MYH16,THNSL2,0,0,0
Q9H6N6,Q6DN72,1,0.551219512,0.40155461,0.476387061,0,,,,,,,0,MYH16,FCRL6,0,0,0
Q9H6N6,P0CB47,1,0.551219512,0.401554704,0.476387108,0,,,,,,,0,MYH16,UBTFL1,0,0,0
A0MZ66,Q9UBT2,1,0.726829268,0.401886154,0.564357711,0,,,,,,,0,SHTN1,UBA2,0,0,0
A0MZ66,P62312,1,0.551219512,0.401554639,0.476387076,0,,,,,,,0,SHTN1,LSM6,0,0,0
A0MZ66,O43914,1,0.551219512,0.401554844,0.476387178,0,,,,,,,0,SHTN1,TYROBP,0,0,0
A0MZ66,Q02086,1,0.726829268,0.401307406,0.564068337,0,,,,,,,0,SHTN1,SP2,0,0,0
A0MZ66,P49207,1,0.536585366,0.401554645,0.469070005,0,,,,,,,0,SHTN1,RPL34,0,0,0
A0MZ66,P82932,1,0.551219512,0.401554654,0.476387083,0,,,,,,,0,SHTN1,MRPS6,0,0,0
A0MZ66,Q8N257,1,0.551219512,0.401554715,0.476387114,0,,,,,,,0,SHTN1,H2BC26,0,0,0
A0MZ66,Q19AV6,1,0.551219512,0.401554833,0.476387173,0,,,,,,,0,SHTN1,ZSWIM7,0,0,0
Q9H6N6,Q9Y4R8,1,0.551219512,0.40155488,0.476387196,0,,,,,,,0,MYH16,TELO2,0,0,0
Q9H6N6,O00322,1,0.551219512,0.401554646,0.476387079,0,,,,,,,0,MYH16,UPK1A,0,0,0
P10073,P48048,1,0.52195122,0.401555898,0.461753559,0,,,,,,,0,ZSCAN22,KCNJ1,0,0,0
P10073,P27701,1,0.551219512,0.401555207,0.47638736,0,,,,,,,0,ZSCAN22,CD82,0,0,0
P10073,Q5SVS4,1,0.551219512,0.40155533,0.476387421,0,,,,,,,0,ZSCAN22,SLC25A30,0,0,0
P10073,Q4KMZ8,1,0.551219512,0.401555327,0.47638742,0,,,,,,,0,ZSCAN22,NKAIN1,0,0,0
P10073,Q3YEC7,1,0.551219512,0.401554727,0.476387119,0,,,,,,,0,ZSCAN22,RABL6,0,0,0
P10073,Q8N1B3,1,0.551219512,0.401555091,0.476387302,0,,,,,,,0,ZSCAN22,CCNQ,0,0,0
P10073,O75333,1,0.526829268,0.401555526,0.464192397,0,,,,,,,0,ZSCAN22,TBX10,0,0,0
P10073,O60218,1,0.536585366,0.401555143,0.469070254,0,,,,,,,0,ZSCAN22,AKR1B10,0,0,0
Q9H6N6,Q15813,1,0.551219512,0.401554638,0.476387075,0,,,,,,,0,MYH16,TBCE,0,0,0
P10073,Q96M43,1,0.526829268,0.401555158,0.464192213,0,,,,,,,0,ZSCAN22,NBPF4,0,0,0
P10073,Q969J2,1,0.726829268,0.401307228,0.564068248,0,,,,,,,0,ZSCAN22,ZKSCAN4,0,0,0
P10073,Q96R48,1,0.551219512,0.401556024,0.476387768,0,,,,,,,0,ZSCAN22,OR2A5,0,0,0
Q9H6N6,Q8NF37,1,0.551219512,0.40155462,0.476387066,0,,,,,,,0,MYH16,LPCAT1,0,0,0
P10073,Q13084,1,0.526829268,0.401555229,0.464192249,0,,,,,,,0,ZSCAN22,MRPL28,0,0,0
P10073,P56749,1,0.551219512,0.401555357,0.476387435,0,,,,,,,0,ZSCAN22,CLDN12,0,0,0
P10073,A6H8Y1,1,0.526829268,0.401603081,0.464216175,0,,,,,,,0,ZSCAN22,BDP1,0,0,0
P10073,Q8NFC6,1,0.52195122,0.401603046,0.461777133,0,,,,,,,0,ZSCAN22,BOD1L1,0,0,0
P10073,Q6P9G9,1,0.8,0.401093235,0.600546618,0,,,,,,,0,ZSCAN22,ZNF449,0,0,0
Q14397,Q14203,1,0.52195122,0.401602874,0.461777047,0,,,,,,,0,GCKR,DCTN1,0,0,0
Q14397,Q9UNM6,1,0.526829268,0.40155516,0.464192214,0,,,,,,,0,GCKR,PSMD13,0,0,0
Q14397,P60411,1,0.52195122,0.401306912,0.461629066,0,,,,,,,0,GCKR,KRTAP10-9,0,0,0
Q14397,Q13148,1,0.526829268,0.401555507,0.464192388,0,,,,,,,0,GCKR,TARDBP,0,0,0
Q6NZY4,Q6A163,1,0.536585366,0.401555156,0.469070261,0,,,,,,,0,ZCCHC8,KRT39,0,0,0
Q6NZY4,Q58FG1,1,0.551219512,0.401554843,0.476387178,0,,,,,,,0,ZCCHC8,HSP90AA4P,0,0,0
Q6NZY4,P48595,1,0.551219512,0.401554938,0.476387225,0,,,,,,,0,ZCCHC8,SERPINB10,0,0,0
Q6NZY4,Q8NCK3,1,0.551219512,0.401554878,0.476387195,0,,,,,,,0,ZCCHC8,ZNF485,0,0,0
Q6NZY4,Q8TAT5,1,0.551219512,0.401554652,0.476387082,0,,,,,,,0,ZCCHC8,NEIL3,0,0,0
Q6NZY4,P35226,1,0.72195122,0.401321347,0.561636283,0,,,,,,,0,ZCCHC8,BMI1,0,0,0
Q6NZY4,Q8N344,1,0.551219512,0.401554665,0.476387089,0,,,,,,,0,ZCCHC8,MIER2,0,0,0
Q6NZY4,Q14184,1,0.551219512,0.40155483,0.476387171,0,,,,,,,0,ZCCHC8,DOC2B,0,0,0
Q6NZY4,Q7RTN6,1,0.551219512,0.401555104,0.476387308,0,,,,,,,0,ZCCHC8,STRADA,0,0,0
Q6NZY4,Q5T5S1,1,0.52195122,0.401555326,0.461753273,0,,,,,,,0,ZCCHC8,CCDC183,0,0,0
Q6NZY4,Q99496,1,0.72195122,0.401321009,0.561636114,0,,,,,,,0,ZCCHC8,RNF2,0,0,0
Q6NZY4,P52298,1,0.731707317,0.401320934,0.566514126,0,,,,,,,0,ZCCHC8,NCBP2,0,0,0
Q6NZY4,P0C1S8,1,0.551219512,0.401554836,0.476387174,0,,,,,,,0,ZCCHC8,WEE2,0,0,0
Q6NZY4,Q9UNM6,1,0.736585366,0.40151766,0.569051513,0,,,,,,,0,ZCCHC8,PSMD13,0,0,0
O75880,P36406,1,0.551219512,0.401554774,0.476387143,0,,,,,,,0,SCO1,TRIM23,0,0,0
Q9NZW4,Q96MX3,1,0.551219512,0.401554742,0.476387127,0,,,,,,,0,DSPP,ZNF48,0,0,0
Q6NZY4,Q2MV58,1,0.526829268,0.401555277,0.464192273,0,,,,,,,0,ZCCHC8,TCTN1,0,0,0
Q6NZY4,A8MYV0,1,0.551219512,0.401554609,0.476387061,0,,,,,,,0,ZCCHC8,DCDC2C,0,0,0
Q6NZY4,Q9UI47,1,0.526829268,0.401554798,0.464192033,0,,,,,,,0,ZCCHC8,CTNNA3,0,0,0
Q6NZY4,Q8NEN0,1,0.551219512,0.401555503,0.476387508,0,,,,,,,0,ZCCHC8,ARMC2,0,0,0
Q9NZW4,O15209,1,0.551219512,0.401554798,0.476387155,0,,,,,,,0,DSPP,ZBTB22,0,0,0
Q6NZY4,P00390,1,0.526829268,0.401554673,0.464191971,0,,,,,,,0,ZCCHC8,GSR,0,0,0
Q6NZY4,A7XYQ1,1,0.526829268,0.401554992,0.46419213,0,,,,,,,0,ZCCHC8,SOBP,0,0,0
Q9P0L2,O15466,1,0.551219512,0.401554768,0.47638714,0,,,,,,,0,MARK1,ST8SIA5,0,0,0
Q9P0L2,Q8IYB9,1,0.52195122,0.401554794,0.461753007,0,,,,,,,0,MARK1,ZNF595,0,0,0
Q6A163,Q58FG1,1,0.536585366,0.401554912,0.469070139,0,,,,,,,0,KRT39,HSP90AA4P,0,0,0
O75159,Q15648,1,0.526829268,0.401681376,0.464255322,0,,,,,,,0,SOCS5,MED1,0,0,0
O75159,Q969X1,1,0.726829268,0.401457567,0.564143418,0,,,,,,,0,SOCS5,TMBIM1,0,0,0
Q6P4F7,Q8NFC6,1,0.52195122,0.40168118,0.4618162,0,,,,,,,0,ARHGAP11A,BOD1L1,0,0,0
Q9UMS4,Q15022,1,0.780487805,0.4014079,0.590947852,0,,,,,,,0,PRPF19,SUZ12,0,0,0
Q9NZW4,A0A096LP01,1,0.551219512,0.401633157,0.476426335,0,,,,,,,0,DSPP,SMIM26,0,0,0
Q9UMS4,Q9NY27,1,0.726829268,0.4014162,0.564122734,0,,,,,,,0,PRPF19,PPP4R2,0,0,0
Q9UMS4,Q99496,1,0.726829268,0.401307477,0.564068373,0,,,,,,,0,PRPF19,RNF2,0,0,0
Q9UMS4,P52298,1,0.834146341,0.401307021,0.617726681,0,,,,,,,0,PRPF19,NCBP2,0,0,0
Q9UMS4,Q9BYV6,1,0.726829268,0.401383617,0.564106443,0,,,,,,,0,PRPF19,TRIM55,0,0,0
Q9UMS4,Q56P03,1,0.726829268,0.401307646,0.564068457,1,0.200235571,,,,,,0,PRPF19,EAPP,0,0,0
Q9UMS4,A6H8Y1,1,0.526829268,0.401603027,0.464216148,0,,,,,,,0,PRPF19,BDP1,0,0,0
Q9UMS4,Q8NFC6,1,0.52195122,0.401603003,0.461777111,0,,,,,,,0,PRPF19,BOD1L1,0,0,0
Q9UMS4,P36957,1,0.726829268,0.401496102,0.564162685,0,,,,,,,0,PRPF19,DLST,0,0,0
Q9UMS4,P52272,1,0.72195122,0.401308747,0.561629983,1,0.637220259,,,,,,0,PRPF19,HNRNPM,0,0,0
Q9UMS4,Q13148,1,0.717073171,0.401051426,0.559062298,0,,,,,,,0,PRPF19,TARDBP,0,0,0
Q9UMS4,O95994,1,0.726829268,0.401442966,0.564136117,1,0.017667845,,,,,,0,PRPF19,AGR2,0,0,0
Q9UMS4,Q12972,1,0.72195122,0.401308227,0.561629723,1,0.318021201,,,,,,0,PRPF19,PPP1R8,0,0,0
Q9UMS4,P49756,1,0.751219512,0.401194888,0.5762072,0,,,,,,,0,PRPF19,RBM25,0,0,0
Q9UMS4,O43290,1,0.746341463,0.401307156,0.57382431,0,,,,,,,0,PRPF19,SART1,0,0,0
Q8IWF9,Q96MY7,1,0.72195122,0.401308354,0.561629787,0,,,,,,,0,CCDC83,FAM161B,0,0,0
Q8IWF9,Q6NUS6,1,0.526829268,0.40155518,0.464192224,0,,,,,,,0,CCDC83,TCTN3,0,0,0
Q9NZW4,Q8IYJ2,1,0.526829268,0.401555177,0.464192223,0,,,,,,,0,DSPP,C10orf67,0,0,0
Q8IWF9,P49756,1,0.536585366,0.401554905,0.469070135,0,,,,,,,0,CCDC83,RBM25,0,0,0
Q99719,P84077,1,0.634146341,0.401529171,0.517837756,0,,,,,,,0,SEPTIN5,ARF1,0,0,0
Q99719,P10074,1,0.551219512,0.401554818,0.476387165,0,,,,,,,0,SEPTIN5,ZBTB48,0,0,0
Q99719,A8K0R7,1,0.551219512,0.401554843,0.476387178,0,,,,,,,0,SEPTIN5,ZNF839,0,0,0
O96020,Q71RH2,1,0.52195122,0.401555471,0.461753345,0,,,,,,,0,CCNE2,TLCD3B,0,0,0
Q99719,Q9ULH7,1,0.551219512,0.401554653,0.476387083,0,,,,,,,0,SEPTIN5,MRTFB,0,0,0
Q99719,Q9ULW0,1,0.551219512,0.401554803,0.476387158,0,,,,,,,0,SEPTIN5,TPX2,0,0,0
Q5VSR9,Q8WXA9,1,0.52195122,0.401554881,0.46175305,0,,,,,,,0,SPANXN1,SREK1,0,0,0
P0DQD5,A6H8Y1,1,0.526829268,0.401602921,0.464216095,0,,,,,,,0,NPY4R2,BDP1,0,0,0
P0DQD5,Q8NFC6,1,0.526829268,0.401602915,0.464216091,0,,,,,,,0,NPY4R2,BOD1L1,0,0,0
Q9BRX8,P01742,1,0.526829268,0.401555894,0.464192581,0,,,,,,,0,PRXL2A,IGHV1-69,0,0,0
Q9BRX8,A0A0B4J2H0,1,0.526829268,0.401555895,0.464192581,0,,,,,,,0,PRXL2A,IGHV1-69D,0,0,0
Q9BRX8,O60602,1,0.726829268,0.401306208,0.564067738,0,,,,,,,0,PRXL2A,TLR5,0,0,0
Q9BRX8,Q16799,1,0.731707317,0.401321109,0.566514213,0,,,,,,,0,PRXL2A,RTN1,0,0,0
Q9BRX8,O75167,1,0.551219512,0.4015549,0.476387206,0,,,,,,,0,PRXL2A,PHACTR2,0,0,0
Q9BRX8,Q6P1L5,1,0.551219512,0.40155506,0.476387286,0,,,,,,,0,PRXL2A,FAM117B,0,0,0
Q9BRX8,Q8N6G5,1,0.726829268,0.401306211,0.56406774,0,,,,,,,0,PRXL2A,CSGALNACT2,0,0,0
Q9BRX8,P01782,1,0.551219512,0.401554796,0.476387154,0,,,,,,,0,PRXL2A,IGHV3-9,0,0,0
Q58FG1,P17600,1,0.526829268,0.401554996,0.464192132,0,,,,,,,0,HSP90AA4P,SYN1,0,0,0
Q58FG1,Q6P1K1,1,0.829268293,0.401517706,0.615392999,0,,,,,,,0,HSP90AA4P,SLC48A1,0,0,0
Q58FG1,Q8TAT5,1,0.551219512,0.401554868,0.47638719,0,,,,,,,0,HSP90AA4P,NEIL3,0,0,0
Q58FG1,Q13948,1,0.526829268,0.401554824,0.464192046,0,,,,,,,0,HSP90AA4P,CUX1,0,0,0
Q58FG1,Q8IXW5,1,0.551219512,0.401554734,0.476387123,0,,,,,,,0,HSP90AA4P,RPAP2,0,0,0
Q58FG1,O43900,1,0.824390244,0.401309302,0.612849773,0,,,,,,,0,HSP90AA4P,PRICKLE3,0,0,0
Q58FG1,P36957,1,0.829268293,0.40206999,0.615669142,0,,,,,,,0,HSP90AA4P,DLST,0,0,0
Q16891,Q15022,1,0.785365854,0.400838225,0.59310204,0,,,,,,,0,IMMT,SUZ12,0,0,0
Q16891,Q8N884,1,0.775609756,0.401408152,0.588508954,0,,,,,,,0,IMMT,CGAS,0,0,0
Q16891,P35226,1,0.726829268,0.401306519,0.564067894,0,,,,,,,0,IMMT,BMI1,0,0,0
Q16891,Q14807,1,0.72195122,0.401035358,0.561493289,0,,,,,,,0,IMMT,KIF22,0,0,0
Q16891,O60701,1,0.526829268,0.40155517,0.464192219,0,,,,,,,0,IMMT,UGDH,0,0,0
Q16891,Q9UJS0,1,0.72195122,0.401308633,0.561629926,0,,,,,,,0,IMMT,SLC25A13,0,0,0
Q16891,Q96TA2,1,0.87804878,0.401145,0.63959689,0,,,,,,,0,IMMT,YME1L1,0,0,0
Q16891,Q96AE4,1,0.829268293,0.40130922,0.615288756,0,,,,,,,0,IMMT,FUBP1,0,0,0
Q16891,Q9P2H0,1,0.819512195,0.401322961,0.610417578,0,,,,,,,0,IMMT,CEP126,0,0,0
Q16891,P36957,1,0.72195122,0.401308821,0.56163002,0,,,,,,,0,IMMT,DLST,0,0,0
Q16891,Q8TDR0,1,0.72195122,0.401140315,0.561545767,0,,,,,,,0,IMMT,TRAF3IP1,0,0,0
Q16891,O95994,1,0.72195122,0.40132242,0.56163682,0,,,,,,,0,IMMT,AGR2,0,0,0
P48048,Q08378,1,0.829268293,0.401226789,0.615247541,0,,,,,,,0,KCNJ1,GOLGA3,0,0,0
O96020,Q08999,1,0.824390244,0.401456298,0.612923271,0,,,,,,,0,CCNE2,RBL2,0,0,0
P48048,Q8NFC6,1,0.526829268,0.401681277,0.464255273,0,,,,,,,0,KCNJ1,BOD1L1,0,0,0
Q15022,Q9P2K3,1,0.741463415,0.401370385,0.5714169,0,,,,,,,0,SUZ12,RCOR3,0,0,0
Q15022,Q5C9Z4,1,0.72195122,0.401324486,0.561637853,0,,,,,,,0,SUZ12,NOM1,0,0,0
Q15022,O75340,1,0.746341463,0.401530927,0.573936195,0,,,,,,,0,SUZ12,PDCD6,0,0,0
Q15022,P63279,1,0.731707317,0.401321558,0.566514437,0,,,,,,,0,SUZ12,UBE2I,0,0,0
Q15022,Q8TED0,1,0.770731707,0.401318359,0.586025033,0,,,,,,,0,SUZ12,UTP15,0,0,0
Q15022,O15240,1,0.72195122,0.401308832,0.561630026,0,,,,,,,0,SUZ12,VGF,0,0,0
Q15022,Q96SN8,1,0.746341463,0.4015382,0.573939832,0,,,,,,,0,SUZ12,CDK5RAP2,0,0,0
Q15022,P35226,1,0.834146341,0.401306939,0.61772664,0,,,,,,,0,SUZ12,BMI1,0,0,0
Q15022,Q02978,1,0.72195122,0.401321929,0.561636574,0,,,,,,,0,SUZ12,SLC25A11,0,0,0
Q15022,Q13127,1,0.746341463,0.401529615,0.573935539,0,,,,,,,0,SUZ12,REST,0,0,0
Q15022,Q99496,1,0.726829268,0.401306994,0.564068131,0,,,,,,,0,SUZ12,RNF2,0,0,0
Q15022,Q5T200,1,0.731707317,0.401321355,0.566514336,0,,,,,,,0,SUZ12,ZC3H13,0,0,0
Q15022,P13010,1,0.72195122,0.401740752,0.561845986,0,,,,,,,0,SUZ12,XRCC5,0,0,0
Q15022,P52298,1,0.72195122,0.401321533,0.561636377,0,,,,,,,0,SUZ12,NCBP2,0,0,0
Q15022,Q9HCM4,1,0.72195122,0.401392168,0.561671694,0,,,,,,,0,SUZ12,EPB41L5,0,0,0
Q15022,Q14966,1,0.741463415,0.401517533,0.571490474,0,,,,,,,0,SUZ12,ZNF638,0,0,0
Q15022,Q9BQA1,1,0.746341463,0.401306335,0.573823899,0,,,,,,,0,SUZ12,WDR77,0,0,0
Q15022,Q15293,1,0.780487805,0.401416235,0.59095202,0,,,,,,,0,SUZ12,RCN1,0,0,0
Q15022,P12532,1,0.780487805,0.401407887,0.590947846,0,,,,,,,0,SUZ12,CKMT1B,0,0,0
Q15022,Q8NFC6,1,0.526829268,0.401602946,0.464216107,0,,,,,,,0,SUZ12,BOD1L1,0,0,0
Q15022,P30101,1,0.746341463,0.401531746,0.573936604,0,,,,,,,0,SUZ12,PDIA3,0,0,0
Q15022,Q9BPX3,1,0.741463415,0.401531685,0.57149755,0,,,,,,,0,SUZ12,NCAPG,0,0,0
Q15022,Q12972,1,0.726829268,0.401306481,0.564067875,0,,,,,,,0,SUZ12,PPP1R8,0,0,0
Q15022,O94972,1,0.726829268,0.40130679,0.564068029,0,,,,,,,0,SUZ12,TRIM37,0,0,0
Q15022,O43290,1,0.72195122,0.401308312,0.561629766,0,,,,,,,0,SUZ12,SART1,0,0,0
Q15022,Q15003,1,0.72195122,0.401340527,0.561645873,0,,,,,,,0,SUZ12,NCAPH,0,0,0
Q5THK1,Q9Y5H2,1,0.551219512,0.401554667,0.47638709,0,,,,,,,0,PRR14L,PCDHGA11,0,0,0
Q5THK1,Q9Y2J2,1,0.551219512,0.401554656,0.476387084,0,,,,,,,0,PRR14L,EPB41L3,0,0,0
Q5THK1,Q4G0U5,1,0.551219512,0.401554641,0.476387077,0,,,,,,,0,PRR14L,CFAP221,0,0,0
Q5THK1,Q10567,1,0.551219512,0.401554696,0.476387104,0,,,,,,,0,PRR14L,AP1B1,0,0,0
Q5THK1,P67775,1,0.741463415,0.401517333,0.571490374,0,,,,,,,0,PRR14L,PPP2CA,0,0,0
Q5THK1,Q9NQ86,1,0.551219512,0.401554615,0.476387064,0,,,,,,,0,PRR14L,TRIM36,0,0,0
Q5THK1,Q92889,1,0.551219512,0.401554688,0.4763871,0,,,,,,,0,PRR14L,ERCC4,0,0,0
Q5THK1,P62714,1,0.741463415,0.401517333,0.571490374,0,,,,,,,0,PRR14L,PPP2CB,0,0,0
Q5THK1,Q9UPR6,1,0.551219512,0.401554639,0.476387076,0,,,,,,,0,PRR14L,ZFR2,0,0,0
Q9UHV5,Q8NFC6,1,0.526829268,0.401602922,0.464216095,0,,,,,,,0,RAPGEFL1,BOD1L1,0,0,0
Q9UHV5,Q8N2N9,1,0.52195122,0.401603146,0.461777183,0,,,,,,,0,RAPGEFL1,ANKRD36B,0,0,0
Q13163,Q02978,1,0.72195122,0.401035237,0.561493228,0,,,,,,,0,MAP2K5,SLC25A11,0,0,0
Q99742,Q9H6L2,1,0.526829268,0.401555204,0.464192236,0,,,,,,,0,NPAS1,TMEM231,0,0,0
Q13163,Q8N448,1,0.804878049,0.401322251,0.60310015,0,,,,,,,0,MAP2K5,LNX2,0,0,0
Q13163,Q00325,1,0.795121951,0.40114586,0.598133906,0,,,,,,,0,MAP2K5,SLC25A3,0,0,0
Q9H1K6,A0A0J9YX06,1,0.52195122,0.401555211,0.461753215,0,,,,,,,0,TLNRD1,TRBJ1-2,0,0,0
Q8N9K5,Q5T6V5,1,0.526829268,0.401555277,0.464192272,0,,,,,,,0,ZNF565,C9orf64,0,0,0
Q8N9K5,Q9UKP6,1,0.52195122,0.401634103,0.461792661,0,,,,,,,0,ZNF565,UTS2R,0,0,0
Q8N9K5,Q5VWQ0,1,0.526829268,0.401554805,0.464192036,0,,,,,,,0,ZNF565,RSBN1,0,0,0
Q8N9K5,O75452,1,0.526829268,0.401555331,0.464192299,0,,,,,,,0,ZNF565,RDH16,0,0,0
Q8NI08,Q06546,1,0.726829268,0.401307794,0.564068531,0,,,,,,,0,NCOA7,GABPA,0,0,0
Q9UMR7,Q9Y5H2,1,0.731707317,0.401321626,0.566514472,0,,,,,,,0,CLEC4A,PCDHGA11,0,0,0
Q9UMR7,Q9P2F5,1,0.52195122,0.401603026,0.461777123,0,,,,,,,0,CLEC4A,STOX2,0,0,0
Q9UMR7,Q8NFZ8,1,0.736585366,0.401001116,0.568793241,0,,,,,,,0,CLEC4A,CADM4,0,0,0
Q9UEG4,Q96MX3,1,0.726829268,0.40130634,0.564067804,0,,,,,,,0,ZNF629,ZNF48,0,0,0
Q9UEG4,Q96BP3,1,0.551219512,0.401555143,0.476387328,0,,,,,,,0,ZNF629,PPWD1,0,0,0
Q9UEG4,Q5VWQ0,1,0.726829268,0.401307301,0.564068285,0,,,,,,,0,ZNF629,RSBN1,0,0,0
Q9UEG4,Q2TBA0,1,0.526829268,0.401555145,0.464192207,0,,,,,,,0,ZNF629,KLHL40,0,0,0
Q99742,P43629,1,0.526829268,0.401555102,0.464192185,0,,,,,,,0,NPAS1,KIR3DL1,0,0,0
Q9UEG4,Q9UQ72,1,0.551219512,0.4015548,0.476387156,0,,,,,,,0,ZNF629,PSG11,0,0,0
Q9UEG4,Q7Z4V0,1,0.726829268,0.401413003,0.564121136,0,,,,,,,0,ZNF629,ZNF438,0,0,0
Q9UEG4,Q96K58,1,0.726829268,0.401306296,0.564067782,0,,,,,,,0,ZNF629,ZNF668,0,0,0
Q9UEG4,P05165,1,0.52195122,0.401555082,0.461753151,0,,,,,,,0,ZNF629,PCCA,0,0,0
Q9UEG4,Q9P2H0,1,0.551219512,0.401554769,0.47638714,0,,,,,,,0,ZNF629,CEP126,0,0,0
Q9UEG4,Q14966,1,0.526829268,0.401602835,0.464216052,0,,,,,,,0,ZNF629,ZNF638,0,0,0
Q9UEG4,P0DJD7,1,0.551219512,0.40155476,0.476387136,0,,,,,,,0,ZNF629,PGA4,0,0,0
Q99742,Q2YD98,1,0.52195122,0.401555181,0.4617532,0,,,,,,,0,NPAS1,UVSSA,0,0,0
Q9UEG4,Q5H9J9,1,0.72195122,0.401321561,0.56163639,0,,,,,,,0,ZNF629,TCP11X2,0,0,0
Q9UEG4,Q15643,1,0.551219512,0.401554628,0.47638707,0,,,,,,,0,ZNF629,TRIP11,0,0,0
Q9UEG4,Q9ULE3,1,0.52195122,0.401555281,0.46175325,0,,,,,,,0,ZNF629,DENND2A,0,0,0
Q9UEG4,P39023,1,0.72195122,0.401321143,0.561636181,0,,,,,,,0,ZNF629,RPL3,0,0,0
Q9UEG4,Q8WV41,1,0.551219512,0.401554785,0.476387148,0,,,,,,,0,ZNF629,SNX33,0,0,0
P27701,B4DZS4,1,0.551219512,0.401633278,0.476426395,0,,,,,,,0,CD82,TCP11X1,0,0,0
P27701,Q8TC71,1,0.536585366,0.401633435,0.4691094,0,,,,,,,0,CD82,SPATA18,0,0,0
P27701,Q13087,1,0.526829268,0.401633225,0.464231247,0,,,,,,,0,CD82,PDIA2,0,0,0
P27701,Q8IZ40,1,0.551219512,0.401633238,0.476426375,0,,,,,,,0,CD82,RCOR2,0,0,0
Q99742,Q96Q11,1,0.52195122,0.401633239,0.461792229,0,,,,,,,0,NPAS1,TRNT1,0,0,0
P27701,Q8N9B8,1,0.551219512,0.401633233,0.476426373,0,,,,,,,0,CD82,RASGEF1A,0,0,0
P27701,A6H8Y1,1,0.526829268,0.401681478,0.464255373,0,,,,,,,0,CD82,BDP1,0,0,0
P27701,Q8NFC6,1,0.526829268,0.401681389,0.464255329,0,,,,,,,0,CD82,BOD1L1,0,0,0
P27701,P10828,1,0.536585366,0.401633249,0.469109307,0,,,,,,,0,CD82,THRB,0,0,0
P27701,Q5H9J9,1,0.551219512,0.401633281,0.476426397,0,,,,,,,0,CD82,TCP11X2,0,0,0
Q99742,A8MV65,1,0.551219512,0.401633336,0.476426424,0,,,,,,,0,NPAS1,VGLL3,0,0,0
Q99742,O00755,1,0.551219512,0.401633468,0.47642649,0,,,,,,,0,NPAS1,WNT7A,0,0,0
P27701,Q6P9G9,1,0.551219512,0.401633093,0.476426302,0,,,,,,,0,CD82,ZNF449,0,0,0
P27701,P07204,1,0.551219512,0.401554978,0.476387245,0,,,,,,,0,CD82,THBD,0,0,0
Q5U649,P12644,1,0.834146341,0.401371403,0.617758872,0,,,,,,,0,C12orf60,BMP4,0,0,0
Q9NRR6,Q9P2M7,1,0.741463415,0.401491953,0.571477684,0,,Q9NRR6,Q9P2M7,"psi-mi:""MI:2222""(inference by socio-affinity scoring)",taxid:9606(Homo sapiens),2,1,INPP5E,CGN,0,0,0
Q9NRR6,Q14966,1,0.741463415,0.401492568,0.571477991,0,,,,,,,0,INPP5E,ZNF638,0,0,0
Q9NRR6,Q7L804,1,0.72195122,0.401308168,0.561629694,0,,Q9NRR6,Q7L804,"psi-mi:""MI:2222""(inference by socio-affinity scoring)",taxid:9606(Homo sapiens),2,1,INPP5E,RAB11FIP2,0,0,0
Q5SVS4,A6H8Y1,1,0.526829268,0.401603029,0.464216149,0,,,,,,,0,SLC25A30,BDP1,0,0,0
Q5SVS4,Q8NFC6,1,0.526829268,0.401602965,0.464216117,0,,,,,,,0,SLC25A30,BOD1L1,0,0,0
Q5SVS4,Q5VWK0,1,0.551219512,0.401555003,0.476387258,0,,,,,,,0,SLC25A30,NBPF6,0,0,0
Q5SVS4,Q9UBT2,1,0.526829268,0.40155506,0.464192164,0,,,,,,,0,SLC25A30,UBA2,0,0,0
Q5SVS4,Q32MK0,1,0.551219512,0.401555241,0.476387377,0,,,,,,,0,SLC25A30,MYLK3,0,0,0
Q8TC44,H7BZ55,1,0.52195122,0.401602949,0.461777084,0,,,,,,,0,POC1B,CROCC2,0,0,0
Q8TC44,Q9H3U1,1,0.746341463,0.401393344,0.573867404,0,,,,,,,0,POC1B,UNC45A,0,0,0
Q86YF9,Q6DN72,1,0.551219512,0.401554898,0.476387205,0,,,,,,,0,DZIP1,FCRL6,0,0,0
Q8TC44,O75410,1,0.726829268,0.401321703,0.564075486,0,,,,,,,0,POC1B,TACC1,0,0,0
Q8IX04,Q8N884,1,0.72195122,0.401309178,0.561630199,0,,,,,,,0,UEVLD,CGAS,0,0,0
Q8IX04,Q15648,1,0.526829268,0.401603216,0.464216242,0,,,,,,,0,UEVLD,MED1,0,0,0
Q96RP8,Q08378,1,0.551219512,0.401554826,0.476387169,0,,,,,,,0,KCNA7,GOLGA3,0,0,0
Q96RP8,Q13127,1,0.52195122,0.40160309,0.461777155,0,,,,,,,0,KCNA7,REST,0,0,0
Q96RP8,Q969J2,1,0.526829268,0.401555944,0.464192606,0,,,,,,,0,KCNA7,ZKSCAN4,0,0,0
Q9H714,P14314,1,0.551219512,0.401555041,0.476387277,0,,,,,,,0,RUBCNL,PRKCSH,0,0,0
Q96RP8,Q99727,1,0.551219512,0.401554531,0.476387022,0,,,,,,,0,KCNA7,TIMP4,0,0,0
Q96RP8,Q494V2,1,0.551219512,0.401555512,0.476387512,0,,,,,,,0,KCNA7,CFAP100,0,0,0
Q96RP8,Q8NCX0,1,0.551219512,0.401554531,0.476387021,0,,,,,,,0,KCNA7,CCDC150,0,0,0
Q9H714,Q11203,1,0.551219512,0.401554799,0.476387156,0,,,,,,,0,RUBCNL,ST3GAL3,0,0,0
Q9H714,Q8IVI9,1,0.551219512,0.401555299,0.476387406,0,,,,,,,0,RUBCNL,NOSTRIN,0,0,0
Q6P1K1,Q9P2M7,1,0.551219512,0.401554821,0.476387167,0,,,,,,,0,SLC48A1,CGN,0,0,0
Q6P1K1,Q6PCB0,1,0.551219512,0.40155485,0.476387181,0,,,,,,,0,SLC48A1,VWA1,0,0,0
Q6P1K1,P0C5J1,1,0.551219512,0.401554826,0.476387169,0,,,,,,,0,SLC48A1,FAM86B2,0,0,0
Q6P1K1,Q9P2Y4,1,0.551219512,0.401554855,0.476387184,0,,,,,,,0,SLC48A1,ZNF219,0,0,0
Q6P1K1,Q9Y6F7,1,0.526829268,0.401555255,0.464192262,0,,,,,,,0,SLC48A1,CDY2B,0,0,0
Q6P1K1,Q9UNM6,1,0.526829268,0.401554792,0.46419203,0,,,,,,,0,SLC48A1,PSMD13,0,0,0
Q6P1K1,P40121,1,0.551219512,0.401555132,0.476387322,0,,,,,,,0,SLC48A1,CAPG,0,0,0
Q86YF9,O00322,1,0.526829268,0.401554986,0.464192127,0,,,,,,,0,DZIP1,UPK1A,0,0,0
Q6P1K1,Q9BPX3,1,0.526829268,0.401603029,0.464216149,0,,,,,,,0,SLC48A1,NCAPG,0,0,0
Q6P1K1,Q8N4P6,1,0.526829268,0.401555031,0.464192149,0,,,,,,,0,SLC48A1,LRRC71,0,0,0
Q9H714,Q8NHS2,1,0.551219512,0.401555063,0.476387288,0,,,,,,,0,RUBCNL,GOT1L1,0,0,0
Q6P1K1,Q13148,1,0.526829268,0.40155551,0.464192389,0,,,,,,,0,SLC48A1,TARDBP,0,0,0
Q6P1K1,P53602,1,0.551219512,0.401555302,0.476387407,0,,,,,,,0,SLC48A1,MVD,0,0,0
P47870,Q9NTN9,1,0.526829268,0.401555018,0.464192143,0,,,,,,,0,GABRB2,SEMA4G,0,0,0
Q9H714,O95104,1,0.551219512,0.401554797,0.476387155,0,,,,,,,0,RUBCNL,SCAF4,0,0,0
P47870,Q8WZA2,1,0.551219512,0.40155463,0.476387071,0,,,,,,,0,GABRB2,RAPGEF4,0,0,0
Q9H714,Q15437,1,0.726829268,0.401372452,0.56410086,0,,,,,,,0,RUBCNL,SEC23B,0,0,0
Q4KMZ8,Q3YEC7,1,0.551219512,0.401554986,0.476387249,0,,,,,,,0,NKAIN1,RABL6,0,0,0
Q4KMZ8,Q9UHQ9,1,0.72195122,0.401310233,0.561630726,0,,,,,,,0,NKAIN1,CYB5R1,0,0,0
Q4KMZ8,Q96M43,1,0.551219512,0.401555018,0.476387265,0,,,,,,,0,NKAIN1,NBPF4,0,0,0
Q4KMZ8,Q9H8X9,1,0.551219512,0.401555076,0.476387294,0,,,,,,,0,NKAIN1,ZDHHC11,0,0,0
Q4KMZ8,Q9BWL3,1,0.72195122,0.401415163,0.561683191,0,,,,,,,0,NKAIN1,C1orf43,0,0,0
Q4KMZ8,O00300,1,0.526829268,0.401555213,0.464192241,0,,,,,,,0,NKAIN1,TNFRSF11B,0,0,0
Q4KMZ8,Q9NXH9,1,0.536585366,0.401555085,0.469070225,0,,,,,,,0,NKAIN1,TRMT1,0,0,0
Q4KMZ8,P12532,1,0.52195122,0.40155528,0.46175325,0,,,,,,,0,NKAIN1,CKMT1B,0,0,0
Q4KMZ8,A6H8Y1,1,0.526829268,0.401603145,0.464216207,0,,,,,,,0,NKAIN1,BDP1,0,0,0
Q4KMZ8,Q8NFC6,1,0.526829268,0.401602996,0.464216132,0,,,,,,,0,NKAIN1,BOD1L1,0,0,0
Q4KMZ8,Q8IWR1,1,0.526829268,0.401554798,0.464192033,0,,,,,,,0,NKAIN1,TRIM59,0,0,0
Q4KMZ8,Q9NU63,1,0.536585366,0.401555334,0.46907035,0,,,,,,,0,NKAIN1,ZFP57,0,0,0
Q4KMZ8,Q5VWK0,1,0.551219512,0.4015548,0.476387156,0,,,,,,,0,NKAIN1,NBPF6,0,0,0
Q4KMZ8,Q6P9G9,1,0.551219512,0.401554924,0.476387218,0,,,,,,,0,NKAIN1,ZNF449,0,0,0
Q4KMZ8,Q6NSJ5,1,0.726829268,0.401306372,0.56406782,0,,,,,,,0,NKAIN1,LRRC8E,0,0,0
Q4KMZ8,Q9Y606,1,0.536585366,0.401555251,0.469070309,0,,,,,,,0,NKAIN1,PUS1,0,0,0
Q4KMZ8,Q9UBT2,1,0.551219512,0.401554833,0.476387173,0,,,,,,,0,NKAIN1,UBA2,0,0,0
Q4KMZ8,P07204,1,0.551219512,0.401555009,0.476387261,0,,,,,,,0,NKAIN1,THBD,0,0,0
Q9H714,Q9H2S6,1,0.551219512,0.401554682,0.476387097,0,,,,,,,0,RUBCNL,TNMD,0,0,0
Q9H714,Q86W34,1,0.551219512,0.401554651,0.476387081,0,,,,,,,0,RUBCNL,AMZ2,0,0,0
Q4KMZ8,Q32MK0,1,0.551219512,0.401554802,0.476387157,0,,,,,,,0,NKAIN1,MYLK3,0,0,0
Q4KMZ8,Q16563,1,0.52195122,0.401556482,0.461753851,0,,,,,,,0,NKAIN1,SYPL1,0,0,0
Q8NH49,Q6P1N0,1,0.551219512,0.401554665,0.476387089,0,,,,,,,0,OR4X1,CC2D1A,0,0,0
Q9H714,Q17R89,1,0.526829268,0.401554946,0.464192107,0,,,,,,,0,RUBCNL,ARHGAP44,0,0,0
Q9H714,Q6ZT21,1,0.526829268,0.401555207,0.464192238,0,,,,,,,0,RUBCNL,TMPPE,0,0,0
Q8NH49,Q02297,1,0.551219512,0.401555105,0.476387309,0,,,,,,,0,OR4X1,NRG1,0,0,0
Q8NH49,Q9P2F9,1,0.551219512,0.401633229,0.476426371,0,,,,,,,0,OR4X1,ZNF319,0,0,0
Q8NH49,Q7Z7B0,1,0.551219512,0.401554606,0.476387059,0,,,,,,,0,OR4X1,FILIP1,0,0,0
Q86YF9,Q15813,1,0.551219512,0.401554852,0.476387182,0,,,,,,,0,DZIP1,TBCE,0,0,0
Q8NH49,P0C7V9,1,0.52195122,0.401555387,0.461753303,0,,,,,,,0,OR4X1,METTL15P1,0,0,0
Q8NH49,P09211,1,0.551219512,0.40155544,0.476387476,0,,,,,,,0,OR4X1,GSTP1,0,0,0
Q8NH49,Q969Q5,1,0.52195122,0.401634168,0.461792694,0,,,,,,,0,OR4X1,RAB24,0,0,0
Q8NH49,Q9P1V8,1,0.551219512,0.40155488,0.476387196,0,,,,,,,0,OR4X1,SAMD15,0,0,0
Q8NH49,Q96K58,1,0.536585366,0.401555154,0.46907026,0,,,,,,,0,OR4X1,ZNF668,0,0,0
Q8NH49,O15381,1,0.551219512,0.401554658,0.476387085,0,,,,,,,0,OR4X1,NVL,0,0,0
Q8NH49,P28676,1,0.526829268,0.401634099,0.464231684,0,,,,,,,0,OR4X1,GCA,0,0,0
Q8NH49,Q9BYV6,1,0.551219512,0.401633413,0.476426463,0,,,,,,,0,OR4X1,TRIM55,0,0,0
Q9H714,Q96G74,1,0.526829268,0.40155541,0.464192339,0,,,,,,,0,RUBCNL,OTUD5,0,0,0
Q8NH49,P54278,1,0.551219512,0.40155473,0.476387121,0,,,,,,,0,OR4X1,PMS2,0,0,0
Q8NH49,P60411,1,0.52195122,0.401373497,0.461662358,0,,,,,,,0,OR4X1,KRTAP10-9,0,0,0
Q9H714,Q96T51,1,0.726829268,0.401385085,0.564107177,0,,Q9H714,Q96T51,"psi-mi:""MI:0007""(anti tag coimmunoprecipitation)",taxid:9606(Homo sapiens),2,1,RUBCNL,RUFY1,0,0,0
Q9H714,Q8NDV3,1,0.52195122,0.401603067,0.461777143,0,,,,,,,0,RUBCNL,SMC1B,0,0,0
Q8NH49,Q8IXK0,1,0.526829268,0.401633257,0.464231263,0,,,,,,,0,OR4X1,PHC2,0,0,0
Q9H714,Q15648,1,0.526829268,0.401602988,0.464216128,0,,,,,,,0,RUBCNL,MED1,0,0,0
Q8NCK3,Q9UI47,1,0.526829268,0.401555101,0.464192185,0,,,,,,,0,ZNF485,CTNNA3,0,0,0
Q8NCK3,Q8NEN0,1,0.551219512,0.401555298,0.476387405,0,,,,,,,0,ZNF485,ARMC2,0,0,0
Q9P2K3,Q0VG06,1,0.526829268,0.401555158,0.464192213,0,,,,,,,0,RCOR3,FAAP100,0,0,0
Q9P2K3,Q8IZP0,1,0.72195122,0.401222835,0.561587027,0,,,,,,,0,RCOR3,ABI1,0,0,0
Q9P2K3,Q5VSY0,1,0.726829268,0.401371871,0.56410057,0,,,,,,,0,RCOR3,GKAP1,0,0,0
Q9P2K3,P49756,1,0.52195122,0.401554828,0.461753024,0,,,,,,,0,RCOR3,RBM25,0,0,0
Q9BQI7,P54278,1,0.72195122,0.401308381,0.5616298,0,,,,,,,0,PSD2,PMS2,0,0,0
Q9BQI7,Q8NFC6,1,0.526829268,0.401602985,0.464216127,0,,,,,,,0,PSD2,BOD1L1,0,0,0
Q96MX3,O15381,1,0.746341463,0.401530901,0.573936182,0,,,,,,,0,ZNF48,NVL,0,0,0
Q96MX3,O00512,1,0.551219512,0.401554743,0.476387128,0,,,,,,,0,ZNF48,BCL9,0,0,0
Q96MX3,A0A0B4J271,1,0.551219512,0.401554952,0.476387232,0,,,,,,,0,ZNF48,TRAV12-3,0,0,0
Q96MX3,Q6UX07,1,0.526829268,0.401555202,0.464192235,0,,,,,,,0,ZNF48,DHRS13,0,0,0
Q96MX3,Q96HV5,1,0.551219512,0.401555539,0.476387525,0,,,,,,,0,ZNF48,TMEM41A,0,0,0
Q96MX3,Q14692,1,0.726829268,0.401306567,0.564067917,0,,,,,,,0,ZNF48,BMS1,0,0,0
Q96MX3,Q16586,1,0.536585366,0.401555665,0.469070515,0,,,,,,,0,ZNF48,SGCA,0,0,0
Q96MX3,O75410,1,0.726829268,0.4013065,0.564067884,0,,,,,,,0,ZNF48,TACC1,0,0,0
Q96MX3,A0A096LP01,1,0.551219512,0.401554857,0.476387185,0,,,,,,,0,ZNF48,SMIM26,0,0,0
Q96MX3,P39023,1,0.726829268,0.401321699,0.564075484,0,,,,,,,0,ZNF48,RPL3,0,0,0
Q96PU9,Q6P1N0,1,0.526829268,0.401555001,0.464192135,0,,,,,,,0,ODF3,CC2D1A,0,0,0
Q96PU9,Q9P2F9,1,0.551219512,0.401554768,0.47638714,0,,,,,,,0,ODF3,ZNF319,0,0,0
Q96PU9,Q9P1V8,1,0.526829268,0.401554818,0.464192043,0,,,,,,,0,ODF3,SAMD15,0,0,0
Q96PU9,Q96K58,1,0.551219512,0.401554708,0.47638711,0,,,,,,,0,ODF3,ZNF668,0,0,0
Q96PU9,O15381,1,0.551219512,0.401554906,0.476387209,0,,,,,,,0,ODF3,NVL,0,0,0
Q86YF9,Q5SWL8,1,0.551219512,0.401555089,0.476387301,0,,,,,,,0,DZIP1,PRAMEF19,0,0,0
Q96PU9,P19087,1,0.551219512,0.401555086,0.476387299,0,,,,,,,0,ODF3,GNAT2,0,0,0
Q96PU9,Q96RU8,1,0.551219512,0.401555162,0.476387337,0,,,,,,,0,ODF3,TRIB1,0,0,0
Q96PU9,P54278,1,0.551219512,0.40155471,0.476387111,0,,,,,,,0,ODF3,PMS2,0,0,0
Q96PU9,A8MXT2,1,0.52195122,0.401555256,0.461753238,0,,,,,,,0,ODF3,MAGEB17,0,0,0
Q96PU9,Q12926,1,0.551219512,0.401555655,0.476387584,0,,,,,,,0,ODF3,ELAVL2,0,0,0
Q96PU9,P55916,1,0.526829268,0.401555768,0.464192518,0,,,,,,,0,ODF3,UCP3,0,0,0
Q96PU9,P12429,1,0.551219512,0.401555864,0.476387688,0,,,,,,,0,ODF3,ANXA3,0,0,0
Q96PU9,A0A0J9YX57,1,0.551219512,0.40155504,0.476387276,0,,,,,,,0,ODF3,MAGEB6B,0,0,0
Q96PU9,Q8IXK0,1,0.551219512,0.401554845,0.476387179,0,,,,,,,0,ODF3,PHC2,0,0,0
Q3YEC7,Q8N1B3,1,0.551219512,0.401554809,0.476387161,0,,,,,,,0,RABL6,CCNQ,0,0,0
Q3YEC7,Q8N884,1,0.551219512,0.401555084,0.476387298,0,,,,,,,0,RABL6,CGAS,0,0,0
Q3YEC7,O60684,1,0.551219512,0.401555324,0.476387418,0,,,,,,,0,RABL6,KPNA6,0,0,0
Q3YEC7,Q9H1Z4,1,0.551219512,0.401554928,0.47638722,0,,,,,,,0,RABL6,WDR13,0,0,0
Q3YEC7,Q8NBP5,1,0.551219512,0.401555482,0.476387497,0,,,,,,,0,RABL6,MFSD9,0,0,0
Q3YEC7,P12644,1,0.551219512,0.401554972,0.476387242,0,,,,,,,0,RABL6,BMP4,0,0,0
Q3YEC7,O60218,1,0.551219512,0.401554784,0.476387148,0,,,,,,,0,RABL6,AKR1B10,0,0,0
Q3YEC7,A8MW95,1,0.551219512,0.401555332,0.476387422,0,,,,,,,0,RABL6,BECN2,0,0,0
A8MUL3,Q9BRX8,1,0.52195122,0.401555328,0.461753274,0,,,,,,,0,ADARB2-AS1,PRXL2A,0,0,0
Q3YEC7,Q8TC71,1,0.551219512,0.401555042,0.476387277,0,,,,,,,0,RABL6,SPATA18,0,0,0
Q3YEC7,Q02252,1,0.551219512,0.401555096,0.476387304,0,,,,,,,0,RABL6,ALDH6A1,0,0,0
Q3YEC7,Q96M43,1,0.526829268,0.40155598,0.464192624,0,,,,,,,0,RABL6,NBPF4,0,0,0
Q3YEC7,Q9H8X9,1,0.551219512,0.401554996,0.476387254,0,,,,,,,0,RABL6,ZDHHC11,0,0,0
Q3YEC7,Q14542,1,0.551219512,0.40155559,0.476387551,0,,,,,,,0,RABL6,SLC29A2,0,0,0
Q3YEC7,Q9UEW8,1,0.526829268,0.401555164,0.464192216,0,,,,,,,0,RABL6,STK39,0,0,0
Q3YEC7,Q96R48,1,0.551219512,0.401555172,0.476387342,0,,,,,,,0,RABL6,OR2A5,0,0,0
Q3YEC7,O00300,1,0.551219512,0.401554895,0.476387204,0,,,,,,,0,RABL6,TNFRSF11B,0,0,0
Q3YEC7,Q13084,1,0.551219512,0.401554852,0.476387182,0,,,,,,,0,RABL6,MRPL28,0,0,0
Q3YEC7,Q9H0X4,1,0.551219512,0.40155548,0.476387496,0,,,,,,,0,RABL6,FAM234A,0,0,0
Q3YEC7,Q5T2R2,1,0.551219512,0.401554832,0.476387172,0,,,,,,,0,RABL6,PDSS1,0,0,0
Q3YEC7,P56749,1,0.551219512,0.401554956,0.476387234,0,,,,,,,0,RABL6,CLDN12,0,0,0
Q3YEC7,Q8IZ40,1,0.551219512,0.401555113,0.476387313,0,,,,,,,0,RABL6,RCOR2,0,0,0
Q3YEC7,Q8N9B8,1,0.551219512,0.401555034,0.476387273,0,,,,,,,0,RABL6,RASGEF1A,0,0,0
Q3YEC7,Q15293,1,0.551219512,0.401554742,0.476387127,0,,,,,,,0,RABL6,RCN1,0,0,0
Q3YEC7,Q9Y2A9,1,0.551219512,0.401555108,0.47638731,0,,,,,,,0,RABL6,B3GNT3,0,0,0
Q3YEC7,Q9GZX7,1,0.551219512,0.40155485,0.476387181,0,,,,,,,0,RABL6,AICDA,0,0,0
Q3YEC7,P12532,1,0.551219512,0.401554949,0.47638723,0,,,,,,,0,RABL6,CKMT1B,0,0,0
Q3YEC7,Q6ZMJ4,1,0.551219512,0.401554943,0.476387228,0,,,,,,,0,RABL6,IL34,0,0,0
Q3YEC7,A6H8Y1,1,0.52195122,0.401602882,0.461777051,0,,,,,,,0,RABL6,BDP1,0,0,0
Q3YEC7,Q8NFC6,1,0.52195122,0.401602838,0.461777029,0,,,,,,,0,RABL6,BOD1L1,0,0,0
Q3YEC7,Q8IWR1,1,0.526829268,0.401555105,0.464192187,0,,,,,,,0,RABL6,TRIM59,0,0,0
Q3YEC7,P36957,1,0.726829268,0.401306483,0.564067876,0,,,,,,,0,RABL6,DLST,0,0,0
Q3YEC7,P10828,1,0.551219512,0.401554918,0.476387215,0,,,,,,,0,RABL6,THRB,0,0,0
Q3YEC7,Q9NU63,1,0.551219512,0.401554734,0.476387123,0,,,,,,,0,RABL6,ZFP57,0,0,0
Q3YEC7,Q5VWK0,1,0.526829268,0.401556026,0.464192647,0,,,,,,,0,RABL6,NBPF6,0,0,0
Q3YEC7,Q6P9G9,1,0.526829268,0.401555054,0.464192161,0,,,,,,,0,RABL6,ZNF449,0,0,0
Q3YEC7,Q8NDC0,1,0.551219512,0.401554681,0.476387097,0,,,,,,,0,RABL6,MAPK1IP1L,0,0,0
Q3YEC7,Q9HA72,1,0.526829268,0.401633591,0.46423143,0,,,,,,,0,RABL6,CALHM2,0,0,0
Q3YEC7,Q9UN19,1,0.526829268,0.401555194,0.464192231,0,,,,,,,0,RABL6,DAPP1,0,0,0
Q3YEC7,Q3KPI0,1,0.526829268,0.40163339,0.464231329,0,,,,,,,0,RABL6,CEACAM21,0,0,0
Q3YEC7,Q92187,1,0.526829268,0.401555252,0.46419226,0,,,,,,,0,RABL6,ST8SIA4,0,0,0
Q9NVV5,H7BZ55,1,0.52195122,0.401681351,0.461816285,0,,,,,,,0,AIG1,CROCC2,0,0,0
Q9NVV5,Q8TB24,1,0.52195122,0.401681336,0.461816278,0,,,,,,,0,AIG1,RIN3,0,0,0
Q9NVV5,P47871,1,0.726829268,0.401441911,0.56413559,0,,,,,,,0,AIG1,GCGR,0,0,0
Q9NVV5,Q9BYQ4,1,0.52195122,0.401630106,0.461790663,0,,,,,,,0,AIG1,KRTAP9-2,0,0,0
Q9NVV5,P07204,1,0.726829268,0.401321701,0.564075484,0,,,,,,,0,AIG1,THBD,0,0,0
Q9NVV5,Q9Y4R8,1,0.526829268,0.401554876,0.464192072,0,,,,,,,0,AIG1,TELO2,0,0,0
O75880,Q16891,1,0.780487805,0.40141555,0.590951677,0,,,,,,,0,SCO1,IMMT,0,0,0
P57729,O75167,1,0.536585366,0.401554942,0.469070154,0,,,,,,,0,RAB38,PHACTR2,0,0,0
P57729,Q969X2,1,0.726829268,0.401306804,0.564068036,0,,,,,,,0,RAB38,ST6GALNAC6,0,0,0
P57729,P51608,1,0.834146341,0.40130696,0.617726651,0,,,,,,,0,RAB38,MECP2,0,0,0
Q96NL0,Q13188,1,0.72195122,0.401416563,0.561683891,0,,,,,,,0,RUNDC3B,STK3,0,0,0
P17858,Q99496,1,0.726829268,0.401306953,0.564068111,0,,,,,,,0,PFKL,RNF2,0,0,0
P17858,Q5TB80,1,0.731707317,0.401321222,0.566514269,0,,,,,,,0,PFKL,CEP162,0,0,0
A8MUL3,O75167,1,0.526829268,0.401554706,0.464191987,0,,,,,,,0,ADARB2-AS1,PHACTR2,0,0,0
P17858,P21580,1,0.726829268,0.401372237,0.564100753,0,,,,,,,0,PFKL,TNFAIP3,0,0,0
Q6P1N0,Q8NGK3,1,0.551219512,0.401554788,0.47638715,0,,,,,,,0,CC2D1A,OR52K2,0,0,0
Q6P1N0,Q8NH41,1,0.551219512,0.40155482,0.476387166,0,,,,,,,0,CC2D1A,OR4K15,0,0,0
Q6P1N0,P58182,1,0.551219512,0.401554825,0.476387169,0,,,,,,,0,CC2D1A,OR12D2,0,0,0
Q6P1N0,Q02297,1,0.551219512,0.401554763,0.476387138,0,,,,,,,0,CC2D1A,NRG1,0,0,0
Q6P1N0,Q14203,1,0.72195122,0.401322363,0.561636791,0,,,,,,,0,CC2D1A,DCTN1,0,0,0
Q6P1N0,Q9H341,1,0.551219512,0.401554781,0.476387147,0,,,,,,,0,CC2D1A,OR51M1,0,0,0
Q6P1N0,Q6IEG0,1,0.526829268,0.401554905,0.464192087,0,,,,,,,0,CC2D1A,SNRNP48,0,0,0
Q6P1N0,Q8NGA5,1,0.551219512,0.401554779,0.476387146,0,,,,,,,0,CC2D1A,OR10H4,0,0,0
Q6P1N0,Q8IVP9,1,0.551219512,0.401554631,0.476387071,0,,,,,,,0,CC2D1A,ZNF547,0,0,0
Q6P1N0,P09211,1,0.551219512,0.401554737,0.476387124,0,,,,,,,0,CC2D1A,GSTP1,0,0,0
Q6P1N0,Q9Y371,1,0.551219512,0.40155467,0.476387091,0,,,,,,,0,CC2D1A,SH3GLB1,0,0,0
Q6P1N0,Q5TB80,1,0.72195122,0.401307981,0.5616296,0,,,,,,,0,CC2D1A,CEP162,0,0,0
Q6P1N0,P19087,1,0.551219512,0.401554612,0.476387062,0,,,,,,,0,CC2D1A,GNAT2,0,0,0
Q6P1N0,Q96RU8,1,0.551219512,0.401554577,0.476387045,0,,,,,,,0,CC2D1A,TRIB1,0,0,0
Q6P1N0,O75665,1,0.72195122,0.400786503,0.561368861,0,,,,,,,0,CC2D1A,OFD1,0,0,0
Q6P1N0,Q9H346,1,0.551219512,0.401554888,0.4763872,0,,,,,,,0,CC2D1A,OR52D1,0,0,0
Q6P1N0,Q8TES7,1,0.72195122,0.401309059,0.561630139,0,,,,,,,0,CC2D1A,FBF1,0,0,0
A8MUL3,Q6P1L5,1,0.526829268,0.401554889,0.464192079,0,,,,,,,0,ADARB2-AS1,FAM117B,0,0,0
Q6P1N0,A8MXT2,1,0.551219512,0.401554682,0.476387097,0,,,,,,,0,CC2D1A,MAGEB17,0,0,0
Q6P1N0,Q12926,1,0.551219512,0.401554715,0.476387114,0,,,,,,,0,CC2D1A,ELAVL2,0,0,0
Q6P1N0,P55916,1,0.551219512,0.401554732,0.476387122,0,,,,,,,0,CC2D1A,UCP3,0,0,0
Q6P1N0,Q96RA2,1,0.551219512,0.401554885,0.476387198,0,,,,,,,0,CC2D1A,OR7D2,0,0,0
Q6P1N0,P22676,1,0.526829268,0.401554816,0.464192042,0,,,,,,,0,CC2D1A,CALB2,0,0,0
Q6P1N0,Q96R45,1,0.551219512,0.401554955,0.476387234,0,,,,,,,0,CC2D1A,OR2A7,0,0,0
Q96BP3,Q9UQ72,1,0.551219512,0.40155508,0.476387296,0,,,,,,,0,PPWD1,PSG11,0,0,0
Q96BP3,Q14966,1,0.52195122,0.401602849,0.461777034,0,,,,,,,0,PPWD1,ZNF638,0,0,0
Q96BP3,P0DJD7,1,0.536585366,0.401555036,0.469070201,0,,,,,,,0,PPWD1,PGA4,0,0,0
Q96BP3,P18858,1,0.526829268,0.401555132,0.4641922,0,,,,,,,0,PPWD1,LIG1,0,0,0
Q96BP3,Q15643,1,0.551219512,0.401554828,0.47638717,0,,,,,,,0,PPWD1,TRIP11,0,0,0
Q9UK39,Q9NXH9,1,0.780487805,0.401557259,0.591022532,0,,,,,,,0,NOCT,TRMT1,0,0,0
Q9UK39,Q99788,1,0.726829268,0.40089844,0.563863854,0,,,,,,,0,NOCT,CMKLR1,0,0,0
Q9UK39,A6H8Y1,1,0.526829268,0.401603046,0.464216157,0,,,,,,,0,NOCT,BDP1,0,0,0
Q9UK39,Q8NFC6,1,0.526829268,0.40160302,0.464216144,0,,,,,,,0,NOCT,BOD1L1,0,0,0
Q8N1B3,A6H8Y1,1,0.526829268,0.401603083,0.464216176,0,,,,,,,0,CCNQ,BDP1,0,0,0
Q8N1B3,Q8NFC6,1,0.526829268,0.40160316,0.464216214,0,,,,,,,0,CCNQ,BOD1L1,0,0,0
O15209,Q8IYE1,1,0.72195122,0.401308856,0.561630038,0,,,,,,,0,ZBTB22,CCDC13,0,0,0
Q9P2M7,Q6PCB0,1,0.551219512,0.401554791,0.476387152,0,,,,,,,0,CGN,VWA1,0,0,0
Q9P2M7,Q6UUV7,1,0.746341463,0.401529681,0.573935572,0,,,,,,,0,CGN,CRTC3,0,0,0
Q9P2M7,P0C5J1,1,0.551219512,0.401554727,0.476387119,0,,,,,,,0,CGN,FAM86B2,0,0,0
Q9P2M7,Q9UNM6,1,0.551219512,0.401554749,0.476387131,0,,,,,,,0,CGN,PSMD13,0,0,0
Q9P2M7,Q14966,1,0.746341463,0.40130582,0.573823642,0,,,,,,,0,CGN,ZNF638,0,0,0
Q9P2M7,Q7L804,1,0.736585366,0.401585399,0.569085382,0,,,,,,,0,CGN,RAB11FIP2,0,0,0
Q9P2M7,Q9Y6F8,1,0.536585366,0.401554976,0.469070171,0,,,,,,,0,CGN,CDY1B,0,0,0
Q9P2M7,P36957,1,0.72195122,0.401321356,0.561636288,0,,,,,,,0,CGN,DLST,0,0,0
Q9P2M7,O75410,1,0.551219512,0.401554767,0.476387139,0,,,,,,,0,CGN,TACC1,0,0,0
Q9P2M7,Q96KQ4,1,0.726829268,0.401371625,0.564100447,0,,,,,,,0,CGN,PPP1R13B,0,0,0
Q9P2M7,Q13148,1,0.551219512,0.401554823,0.476387168,0,,,,,,,0,CGN,TARDBP,0,0,0
Q9P2M7,P53602,1,0.551219512,0.401554758,0.476387135,0,,,,,,,0,CGN,MVD,0,0,0
Q9BZG8,Q9H3D4,1,0.726829268,0.401306625,0.564067946,0,,,,,,,0,DPH1,TP63,0,0,0
Q9BZG8,Q9Y2G2,1,0.726829268,0.400898889,0.563864079,0,,,,,,,0,DPH1,CARD8,0,0,0
P12755,O75688,1,0.726829268,0.401321417,0.564075343,1,0.167255595,,,,,,0,SKI,PPM1B,0,0,0
P12755,P63279,1,0.72195122,0.401321146,0.561636183,0,,,,,,,0,SKI,UBE2I,0,0,0
P12755,Q86SS6,1,0.52195122,0.401554952,0.461753086,0,,,,,,,0,SKI,SYT9,0,0,0
P12755,Q9UJS0,1,0.72195122,0.401308492,0.561629856,0,,,,,,,0,SKI,SLC25A13,0,0,0
P12755,Q9BQA1,1,0.746341463,0.40154209,0.573941777,0,,,,,,,0,SKI,WDR77,0,0,0
P12755,Q9Y618,1,0.829268293,0.401306308,0.6152873,0,,,,,,,0,SKI,NCOR2,0,0,0
P12755,Q9HB89,1,0.526829268,0.401633407,0.464231338,0,,,,,,,0,SKI,NMUR1,0,0,0
P12755,P58417,1,0.526829268,0.401554824,0.464192046,0,,,,,,,0,SKI,NXPH1,0,0,0
P12755,P52272,1,0.726829268,0.401754089,0.564291679,1,0.167255595,,,,,,0,SKI,HNRNPM,0,0,0
P12755,Q14005,1,0.526829268,0.401633024,0.464231146,0,,,,,,,0,SKI,IL16,0,0,0
P12755,P51608,1,0.726829268,0.40130694,0.564068104,0,,,,,,,0,SKI,MECP2,0,0,0
P12755,P12235,1,0.751219512,0.401316811,0.576268162,0,,,,,,,0,SKI,SLC25A4,0,0,0
Q92802,Q9ULT0,1,0.526829268,0.401555469,0.464192369,0,,,,,,,0,N4BP2L2,TTC7A,0,0,0
Q92802,Q5T200,1,0.551219512,0.401554574,0.476387043,0,,,,,,,0,N4BP2L2,ZC3H13,0,0,0
Q92802,Q9BSU3,1,0.726829268,0.40130691,0.564068089,0,,,,,,,0,N4BP2L2,NAA11,0,0,0
Q92802,A0A1B0GUW6,1,0.526829268,0.401554961,0.464192114,0,,,,,,,0,N4BP2L2,SPEM3,0,0,0
Q92802,P52272,1,0.72195122,0.401496434,0.561723827,0,,,,,,,0,N4BP2L2,HNRNPM,0,0,0
Q92802,P13727,1,0.726829268,0.401306471,0.56406787,0,,,,,,,0,N4BP2L2,PRG2,0,0,0
Q8IZQ8,Q9Y2R4,1,0.536585366,0.401554881,0.469070123,0,,,,,,,0,MYOCD,DDX52,0,0,0
Q8IZQ8,Q969V6,1,0.72195122,0.401095823,0.561523521,0,,,,,,,0,MYOCD,MRTFA,0,0,0
Q8IZQ8,Q6UUV7,1,0.551219512,0.401554826,0.476387169,0,,,,,,,0,MYOCD,CRTC3,0,0,0
Q8IZQ8,Q96DC7,1,0.526829268,0.401555234,0.464192251,0,,,,,,,0,MYOCD,TMCO6,0,0,0
Q8IZQ8,O00512,1,0.551219512,0.401554973,0.476387243,0,,,,,,,0,MYOCD,BCL9,0,0,0
Q8IZQ8,A0A0B4J271,1,0.551219512,0.401554688,0.4763871,0,,,,,,,0,MYOCD,TRAV12-3,0,0,0
Q8IZQ8,Q5HYW3,1,0.52195122,0.401555002,0.461753111,0,,,,,,,0,MYOCD,RTL5,0,0,0
Q8IZQ8,Q6UX07,1,0.551219512,0.401554709,0.47638711,0,,,,,,,0,MYOCD,DHRS13,0,0,0
Q8IZQ8,Q16586,1,0.551219512,0.401555081,0.476387296,0,,,,,,,0,MYOCD,SGCA,0,0,0
Q8IZQ8,A0A096LP01,1,0.551219512,0.401555006,0.476387259,0,,,,,,,0,MYOCD,SMIM26,0,0,0
Q8IZQ8,O95994,1,0.741463415,0.401657984,0.5715607,0,,,,,,,0,MYOCD,AGR2,0,0,0
Q8IZQ8,Q9UNN4,1,0.551219512,0.401554654,0.476387083,0,,,,,,,0,MYOCD,GTF2A1L,0,0,0
Q8IZQ8,Q8IYJ2,1,0.551219512,0.401554676,0.476387094,0,,,,,,,0,MYOCD,C10orf67,0,0,0
Q96JA4,Q9BTL3,1,0.52195122,0.401555134,0.461753177,0,,,,,,,0,MS4A14,RAMAC,0,0,0
Q96JA4,Q99727,1,0.551219512,0.401554542,0.476387027,0,,,,,,,0,MS4A14,TIMP4,0,0,0
Q96JA4,Q8NCX0,1,0.551219512,0.401555057,0.476387284,0,,,,,,,0,MS4A14,CCDC150,0,0,0
Q8N884,Q9P2E9,1,0.741463415,0.40151741,0.571490412,0,,,,,,,0,CGAS,RRBP1,0,0,0
P27352,P60411,1,0.52195122,0.401371951,0.461661585,0,,,,,,,0,CBLIF,KRTAP10-9,0,0,0
Q8N884,Q13084,1,0.526829268,0.401554989,0.464192129,0,,,,,,,0,CGAS,MRPL28,0,0,0
Q8N884,Q9GZX7,1,0.551219512,0.401554928,0.47638722,0,,,,,,,0,CGAS,AICDA,0,0,0
Q8N884,O00203,1,0.731707317,0.401321084,0.5665142,0,,,,,,,0,CGAS,AP3B1,0,0,0
Q8N884,Q8NFC6,1,0.52195122,0.401602923,0.461777071,0,,,,,,,0,CGAS,BOD1L1,0,0,0
Q8N884,Q32MK0,1,0.551219512,0.401633064,0.476426288,0,,,,,,,0,CGAS,MYLK3,0,0,0
Q9NRV9,P15121,1,0.72195122,0.401171095,0.561561157,0,,,,,,,0,HEBP1,AKR1B1,0,0,0
Q0VAQ4,P57054,1,0.726829268,0.40151738,0.564173324,0,,,,,,,0,SMAGP,PIGP,0,0,0
Q0VAQ4,Q6ZT21,1,0.726829268,0.401307169,0.564068218,0,,,,,,,0,SMAGP,TMPPE,0,0,0
Q0VAQ4,Q9H6H4,1,0.726829268,0.401372827,0.564101048,0,,,,,,,0,SMAGP,REEP4,0,0,0
Q5C9Z4,Q8WUB8,1,0.746341463,0.401539421,0.573940442,0,,,,,,,0,NOM1,PHF10,0,0,0
Q5C9Z4,Q99496,1,0.731707317,0.401321857,0.566514587,0,,,,,,,0,NOM1,RNF2,0,0,0
Q5C9Z4,Q86V59,1,0.746341463,0.401531746,0.573936605,0,,,,,,,0,NOM1,PNMA8A,0,0,0
Q5C9Z4,P39023,1,0.785365854,0.401555672,0.593460763,0,,,,,,,0,NOM1,RPL3,0,0,0
Q8IYE1,Q96SN8,1,0.824390244,0.40132133,0.612855787,0,,,,,,,0,CCDC13,CDK5RAP2,0,0,0
Q8IYE1,Q96MY7,1,0.72195122,0.401375064,0.561663142,0,,,,,,,0,CCDC13,FAM161B,0,0,0
Q8TBE0,Q9NSD4,1,0.726829268,0.401306947,0.564068108,0,,,,,,,0,BAHD1,ZNF275,0,0,0
Q8TBE0,Q8TF50,1,0.726829268,0.401382977,0.564106123,0,,,,,,,0,BAHD1,ZNF526,0,0,0
Q8TBE0,O43463,1,0.824390244,0.401306581,0.612848413,0,,,,,,,0,BAHD1,SUV39H1,0,0,0
Q8TBE0,Q13148,1,0.834146341,0.401307301,0.617726821,0,,,,,,,0,BAHD1,TARDBP,0,0,0
Q8TBE0,Q8N257,1,0.726829268,0.401306771,0.56406802,0,,,,,,,0,BAHD1,H2BC26,0,0,0
O60763,Q14203,1,0.819512195,0.401530105,0.61052115,0,,,,,,,0,USO1,DCTN1,0,0,0
O60763,Q9ULK2,1,0.72195122,0.401033562,0.561492391,0,,,,,,,0,USO1,ATXN7L1,0,0,0
O60763,Q5VYY1,1,0.731707317,0.401321568,0.566514443,0,,,,,,,0,USO1,ANKRD22,0,0,0
O60763,Q8NFC6,1,0.52195122,0.401603086,0.461777153,0,,,,,,,0,USO1,BOD1L1,0,0,0
O60763,Q15643,1,0.741463415,0.401539606,0.57150151,0,,,,,,,0,USO1,TRIP11,0,0,0
P48146,Q2YD98,1,0.536585366,0.401555206,0.469070286,0,,,,,,,0,NPBWR2,UVSSA,0,0,0
P48146,P60411,1,0.726829268,0.401414165,0.564121717,0,,,,,,,0,NPBWR2,KRTAP10-9,0,0,0
P48146,P49756,1,0.536585366,0.401555108,0.469070237,0,,,,,,,0,NPBWR2,RBM25,0,0,0
Q8IU57,A6NGG8,1,0.551219512,0.401554676,0.476387094,0,,,,,,,0,IFNLR1,PCARE,0,0,0
P57054,Q14807,1,0.536585366,0.401554779,0.469070073,0,,,,,,,0,PIGP,KIF22,0,0,0
P57054,Q9ULK2,1,0.551219512,0.401554859,0.476387186,0,,,,,,,0,PIGP,ATXN7L1,0,0,0
P57054,Q8N4U5,1,0.551219512,0.401554832,0.476387172,0,,,,,,,0,PIGP,TCP11L2,0,0,0
Q8WZ69,O75167,1,0.551219512,0.401555081,0.476387297,0,,,,,,,0,C11orf40,PHACTR2,0,0,0
P57054,Q92541,1,0.551219512,0.401554991,0.476387251,0,,,,,,,0,PIGP,RTF1,0,0,0
P57054,Q8TF50,1,0.551219512,0.401554951,0.476387232,0,,,,,,,0,PIGP,ZNF526,0,0,0
P57054,P35269,1,0.536585366,0.401555318,0.469070342,0,,,,,,,0,PIGP,GTF2F1,0,0,0
Q9UHQ9,P22460,1,0.717073171,0.401324821,0.559198996,0,,,,,,,0,CYB5R1,KCNA5,0,0,0
Q9UHQ9,Q7Z7B0,1,0.551219512,0.401554939,0.476387226,0,,,,,,,0,CYB5R1,FILIP1,0,0,0
Q9UHQ9,Q00325,1,0.72195122,0.401385289,0.561668254,0,,,,,,,0,CYB5R1,SLC25A3,0,0,0
Q9UHQ9,O95202,1,0.726829268,0.401321912,0.56407559,0,,,,,,,0,CYB5R1,LETM1,0,0,0
Q9UHQ9,Q9H313,1,0.72195122,0.401373303,0.561662261,0,,,,,,,0,CYB5R1,TTYH1,0,0,0
P0DJI8,P53420,1,0.824390244,0.40132121,0.612855727,0,,,,,,,0,SAA1,COL4A4,0,0,0
P84077,Q10567,1,0.72195122,0.401307839,0.561629529,0,,,,,,,0,ARF1,AP1B1,0,0,0
P84077,Q6ZNL6,1,0.72195122,0.401321508,0.561636364,0,,,,,,,0,ARF1,FGD5,0,0,0
P84077,O00203,1,0.72195122,0.401321558,0.561636389,0,,,,,,,0,ARF1,AP3B1,0,0,0
P84077,P84085,1,0.790243902,0.400326698,0.5952853,0,,,,,,,0,ARF1,ARF5,0,0,0
P84077,O95994,1,0.72195122,0.401667208,0.561809214,0,,,,,,,0,ARF1,AGR2,0,0,0
O75333,A6H8Y1,1,0.526829268,0.401602804,0.464216036,0,,,,,,,0,TBX10,BDP1,0,0,0
O75333,Q8NFC6,1,0.526829268,0.40160281,0.464216039,0,,,,,,,0,TBX10,BOD1L1,0,0,0
O75333,A9YTQ3,1,0.551219512,0.401554855,0.476387184,0,,,,,,,0,TBX10,AHRR,0,0,0
O75333,Q32MK0,1,0.551219512,0.401554792,0.476387152,0,,,,,,,0,TBX10,MYLK3,0,0,0
Q14728,P16284,1,0.843902439,0.401568842,0.622735641,0,,,,,,,0,MFSD10,PECAM1,0,0,0
Q14728,Q6NUS6,1,0.72195122,0.40104847,0.561499845,0,,,,,,,0,MFSD10,TCTN3,0,0,0
Q6PCB0,Q15293,1,0.72195122,0.400785343,0.561368282,0,,,,,,,0,VWA1,RCN1,0,0,0
P49591,Q9BQ52,1,0.726829268,0.401322802,0.564076035,0,,,,,,,0,SARS1,ELAC2,0,0,0
P49591,Q8NFC6,1,0.526829268,0.401603017,0.464216143,0,,,,,,,0,SARS1,BOD1L1,0,0,0
P49591,Q8N0U2,1,0.819512195,0.40132264,0.610417418,0,,,,,,,0,SARS1,TMEM61,0,0,0
P16284,P14923,1,0.790243902,0.4002675,0.595255701,0,,,,,,,0,PECAM1,JUP,0,0,0
P16284,P28907,1,0.824390244,0.401531413,0.612960828,0,,,,,,,0,PECAM1,CD38,0,0,0
P52945,P13010,1,0.756097561,0.401317317,0.578707439,0,,,,,,,0,PDX1,XRCC5,0,0,0
Q8NH41,Q7Z7B0,1,0.551219512,0.401554997,0.476387255,0,,,,,,,0,OR4K15,FILIP1,0,0,0
P10074,P52298,1,0.751219512,0.401226544,0.576223028,0,,,,,,,0,ZBTB48,NCBP2,0,0,0
P10074,Q14692,1,0.726829268,0.401306569,0.564067918,1,0.115429918,,,,,,0,ZBTB48,BMS1,0,0,0
P10074,P39023,1,0.726829268,0.40130742,0.564068344,0,,,,,,,0,ZBTB48,RPL3,0,0,0
P10074,Q9H2G4,1,0.726829268,0.401908449,0.564368859,0,,,,,,,0,ZBTB48,TSPYL2,0,0,0
Q5VWQ0,Q9Y2R4,1,0.726829268,0.401307834,0.564068551,0,,,,,,,0,RSBN1,DDX52,0,0,0
Q5VWQ0,Q14865,1,0.829268293,0.401307193,0.615287743,0,,,,,,,0,RSBN1,ARID5B,0,0,0
Q5VWQ0,Q9Y388,1,0.726829268,0.401307037,0.564068153,0,,,,,,,0,RSBN1,RBMX2,0,0,0
Q5VWQ0,P39023,1,0.72195122,0.401322252,0.561636736,0,,,,,,,0,RSBN1,RPL3,0,0,0
Q9H3D4,P63279,1,0.726829268,0.401307011,0.56406814,0,,,,,,,0,TP63,UBE2I,0,0,0
Q9H3D4,Q15233,1,0.726829268,0.401372302,0.564100785,0,,,,,,,0,TP63,NONO,0,0,0
Q9H3D4,P47871,1,0.726829268,0.401307869,0.564068569,0,,,,,,,0,TP63,GCGR,0,0,0
Q9H3D4,O95104,1,0.741463415,0.401540382,0.571501898,0,,,,,,,0,TP63,SCAF4,0,0,0
Q9H3D4,O75381,1,0.726829268,0.401307417,0.564068343,0,,,,,,,0,TP63,PEX14,0,0,0
Q9H3D4,Q96KQ4,1,0.873170732,0.401322343,0.637246538,0,,,,,,,0,TP63,PPP1R13B,0,0,0
Q9H3D4,P39023,1,0.72195122,0.401307852,0.561629536,0,,,,,,,0,TP63,RPL3,0,0,0
Q2TBA0,Q9P2Y4,1,0.72195122,0.401374642,0.561662931,0,,,,,,,0,KLHL40,ZNF219,0,0,0
Q2TBA0,Q9UJA3,1,0.741463415,0.401532621,0.571498018,0,,,,,,,0,KLHL40,MCM8,0,0,0
Q2TBA0,Q15643,1,0.526829268,0.40155486,0.464192064,0,,,,,,,0,KLHL40,TRIP11,0,0,0
Q8IUC2,Q9BTL3,1,0.72195122,0.40137443,0.561662825,0,,,,,,,0,KRTAP8-1,RAMAC,0,0,0
Q8IUC2,O75360,1,0.72195122,0.401324628,0.561637924,0,,,,,,,0,KRTAP8-1,PROP1,0,0,0
Q8IUC2,O43711,1,0.741463415,0.401307997,0.571385706,0,,,,,,,0,KRTAP8-1,TLX3,0,0,0
Q8IUC2,P51608,1,0.824390244,0.401306681,0.612848463,0,,,,,,,0,KRTAP8-1,MECP2,0,0,0
Q9Y2Z4,O14979,1,0.780487805,0.400999803,0.590743804,0,,,,,,,0,YARS2,HNRNPDL,0,0,0
Q9Y2Z4,P35226,1,0.72195122,0.401308498,0.561629859,0,,,,,,,0,YARS2,BMI1,0,0,0
Q9Y2Z4,Q86TM6,1,0.72195122,0.401033739,0.561492479,0,,,,,,,0,YARS2,SYVN1,0,0,0
Q9Y2Z4,O75665,1,0.741463415,0.401522401,0.571492908,0,,,,,,,0,YARS2,OFD1,0,0,0
Q9Y2Z4,Q8TES7,1,0.741463415,0.401518071,0.571490743,0,,,,,,,0,YARS2,FBF1,0,0,0
Q9H6L2,Q8N205,1,0.726829268,0.401011354,0.563920311,0,,,,,,,0,TMEM231,SYNE4,0,0,0
Q9Y2Z4,O43347,1,0.72195122,0.401444418,0.561697819,0,,,,,,,0,YARS2,MSI1,0,0,0
Q9Y2Z4,O00425,1,0.72195122,0.401099424,0.561525322,0,,,,,,,0,YARS2,IGF2BP3,0,0,0
P01742,Q5TGJ6,1,0.526829268,0.401555668,0.464192468,0,,,,,,,0,IGHV1-69,HDGFL1,0,0,0
P01742,Q8N4E4,1,0.52195122,0.40155557,0.461753395,0,,,,,,,0,IGHV1-69,PDCL2,0,0,0
Q9Y5H2,Q9Y2J2,1,0.551219512,0.401555161,0.476387337,0,,,,,,,0,PCDHGA11,EPB41L3,0,0,0
Q9Y5H2,Q5T5P2,1,0.526829268,0.401602926,0.464216097,0,,,,,,,0,PCDHGA11,KIAA1217,0,0,0
Q9H6L2,P43629,1,0.526829268,0.401556092,0.46419268,0,,,,,,,0,TMEM231,KIR3DL1,0,0,0
Q9H6L2,P63252,1,0.551219512,0.401556049,0.476387781,0,,,,,,,0,TMEM231,KCNJ2,0,0,0
Q9H6L2,Q7Z7G1,1,0.526829268,0.401556172,0.46419272,0,,,,,,,0,TMEM231,CLNK,0,0,0
Q9H6L2,P11166,1,0.551219512,0.401555002,0.476387257,0,,,,,,,0,TMEM231,SLC2A1,0,0,0
Q9H6L2,Q2YD98,1,0.551219512,0.401554983,0.476387247,0,,,,,,,0,TMEM231,UVSSA,0,0,0
Q9H6L2,O94805,1,0.52195122,0.401556416,0.461753818,0,,,,,,,0,TMEM231,ACTL6B,0,0,0
Q9Y5H2,Q9NQ86,1,0.526829268,0.401555101,0.464192185,0,,,,,,,0,PCDHGA11,TRIM36,0,0,0
Q9Y5H2,Q3KPI0,1,0.726829268,0.401321056,0.564075162,0,,,,,,,0,PCDHGA11,CEACAM21,0,0,0
Q9H6L2,Q2MV58,1,0.72195122,0.401321481,0.56163635,0,,Q9H6L2,Q2MV58,"psi-mi:""MI:2222""(inference by socio-affinity scoring)",taxid:9606(Homo sapiens),2,1,TMEM231,TCTN1,0,0,0
Q9HA82,Q14542,1,0.726829268,0.401743906,0.564286587,0,,,,,,,0,CERS4,SLC29A2,0,0,0
Q9H6L2,Q9UPM9,1,0.726829268,0.4013087,0.564068984,0,,Q9H6L2,Q9UPM9,"psi-mi:""MI:2222""(inference by socio-affinity scoring)",taxid:9606(Homo sapiens),2,1,TMEM231,B9D1,0,0,0
Q9HA82,Q8WZA2,1,0.52195122,0.401603117,0.461777168,0,,,,,,,0,CERS4,RAPGEF4,0,0,0
Q9HA82,Q9H313,1,0.726829268,0.40174379,0.564286529,0,,,,,,,0,CERS4,TTYH1,0,0,0
O76074,Q96SN8,1,0.526829268,0.40160315,0.464216209,0,,,,,,,0,PDE5A,CDK5RAP2,0,0,0
Q9H6L2,P60411,1,0.52195122,0.401495314,0.461723267,0,,,,,,,0,TMEM231,KRTAP10-9,0,0,0
O60684,P52298,1,0.72195122,0.401308153,0.561629686,0,,,,,,,0,KPNA6,NCBP2,0,0,0
O60684,A6H8Y1,1,0.526829268,0.401603163,0.464216215,0,,,,,,,0,KPNA6,BDP1,0,0,0
O60684,Q8NFC6,1,0.52195122,0.401603213,0.461777216,0,,,,,,,0,KPNA6,BOD1L1,0,0,0
O60684,Q32MK0,1,0.551219512,0.401555146,0.476387329,0,,,,,,,0,KPNA6,MYLK3,0,0,0
Q32M84,Q14005,1,0.551219512,0.401554812,0.476387162,0,,,,,,,0,BTBD16,IL16,0,0,0
Q9H6L2,O00322,1,0.72195122,0.401308321,0.56162977,0,,,,,,,0,TMEM231,UPK1A,0,0,0
Q9H4A9,P19021,1,0.72195122,0.401308857,0.561630038,0,,,,,,,0,DPEP2,PAM,0,0,0
Q9H4A9,Q9P2E5,1,0.72195122,0.401310067,0.561630643,0,,,,,,,0,DPEP2,CHPF2,0,0,0
Q9H4A9,H7BZ55,1,0.52195122,0.401602976,0.461777098,0,,,,,,,0,DPEP2,CROCC2,0,0,0
Q9H6L2,P49756,1,0.536585366,0.401555076,0.469070221,0,,,,,,,0,TMEM231,RBM25,0,0,0
Q9H4A9,Q9P2W7,1,0.52195122,0.401555128,0.461753174,0,,,,,,,0,DPEP2,B3GAT1,0,0,0
Q9H4A9,O94989,1,0.551219512,0.40155477,0.476387141,0,,,,,,,0,DPEP2,ARHGEF15,0,0,0
Q9H4A9,O00322,1,0.551219512,0.401555059,0.476387286,0,,,,,,,0,DPEP2,UPK1A,0,0,0
O14979,Q15233,1,0.72195122,0.401414847,0.561683033,0,,,,,,,0,HNRNPDL,NONO,0,0,0
O14979,Q99496,1,0.726829268,0.401372799,0.564101034,0,,,,,,,0,HNRNPDL,RNF2,0,0,0
O14979,Q9BQA1,1,0.72195122,0.401036063,0.561493641,0,,,,,,,0,HNRNPDL,WDR77,0,0,0
O14979,P52272,1,0.726829268,0.401306111,0.56406769,1,0.938751472,,,,,,0,HNRNPDL,HNRNPM,0,0,0
O14979,Q13148,1,0.72195122,0.401388379,0.561669799,0,,,,,,,0,HNRNPDL,TARDBP,0,0,0
Q7L0X2,P43121,1,0.52195122,0.401556604,0.461753912,0,,,,,,,0,ERICH6,MCAM,0,0,0
Q7L0X2,Q9H2S6,1,0.551219512,0.401554686,0.476387099,0,,,,,,,0,ERICH6,TNMD,0,0,0
Q7L0X2,Q86W34,1,0.551219512,0.401554723,0.476387118,0,,,,,,,0,ERICH6,AMZ2,0,0,0
Q7L0X2,Q17R89,1,0.526829268,0.401554999,0.464192133,0,,,,,,,0,ERICH6,ARHGAP44,0,0,0
Q7L0X2,Q6ZT21,1,0.526829268,0.401555534,0.464192401,0,,,,,,,0,ERICH6,TMPPE,0,0,0
Q7L0X2,Q8NDV3,1,0.52195122,0.401602836,0.461777028,0,,,,,,,0,ERICH6,SMC1B,0,0,0
Q7L0X2,Q68DY9,1,0.551219512,0.401554932,0.476387222,0,,,,,,,0,ERICH6,ZNF772,0,0,0
Q7L0X2,A0A1B0GVH7,1,0.52195122,0.401554662,0.461752941,0,,,,,,,0,ERICH6,IQCM,0,0,0
Q7L0X2,P49888,1,0.551219512,0.401554628,0.47638707,0,,,,,,,0,ERICH6,SULT1E1,0,0,0
Q7L0X2,Q969I3,1,0.551219512,0.401554871,0.476387192,0,,,,,,,0,ERICH6,GLYATL1,0,0,0
Q7L0X2,Q13946,1,0.551219512,0.401555092,0.476387302,0,,,,,,,0,ERICH6,PDE7A,0,0,0
Q7Z6I6,Q8WXE0,1,0.551219512,0.401555541,0.476387526,0,,,,,,,0,ARHGAP30,CASKIN2,0,0,0
Q7Z6I6,Q96SN8,1,0.526829268,0.401602884,0.464216076,0,,,,,,,0,ARHGAP30,CDK5RAP2,0,0,0
Q96RN5,Q96MX3,1,0.52195122,0.401554586,0.461752903,0,,,,,,,0,MED15,ZNF48,0,0,0
Q7Z6I6,Q9H2G4,1,0.551219512,0.401554844,0.476387178,0,,,,,,,0,ARHGAP30,TSPYL2,0,0,0
Q7Z6I6,Q2TAK8,1,0.551219512,0.401554582,0.476387047,0,,,,,,,0,ARHGAP30,PWWP3A,0,0,0
Q6ZRV2,O95047,1,0.72195122,0.401321919,0.561636569,0,,,,,,,0,FAM83H,OR2A4,0,0,0
Q6ZRV2,Q86U38,1,0.726829268,0.401306378,0.564067823,0,,,,,,,0,FAM83H,NOP9,0,0,0
Q6ZRV2,Q9H3U1,1,0.726829268,0.401307339,0.564068304,0,,Q6ZRV2,Q9H3U1,"psi-mi:""MI:0007""(anti tag coimmunoprecipitation)",taxid:9606(Homo sapiens),2,1,FAM83H,UNC45A,0,0,0
Q6ZRV2,Q15437,1,0.726829268,0.401306384,0.564067826,0,,,,,,,0,FAM83H,SEC23B,0,0,0
Q6ZRV2,Q8NFC6,1,0.741463415,0.401343128,0.571403271,0,,,,,,,0,FAM83H,BOD1L1,0,0,0
Q8TAT5,Q9UJS0,1,0.72195122,0.401308401,0.56162981,0,,,,,,,0,NEIL3,SLC25A13,0,0,0
Q8TAT5,P11166,1,0.726829268,0.401308115,0.564068691,0,,,,,,,0,NEIL3,SLC2A1,0,0,0
Q8TAT5,A8MYV0,1,0.551219512,0.401554816,0.476387164,0,,,,,,,0,NEIL3,DCDC2C,0,0,0
Q96RN5,Q8TB24,1,0.72195122,0.40130786,0.56162954,0,,,,,,,0,MED15,RIN3,0,0,0
Q8TAT5,Q7Z418,1,0.551219512,0.401555228,0.47638737,0,,,,,,,0,NEIL3,KCNK18,0,0,0
Q8TAT5,P49756,1,0.726829268,0.401322627,0.564075948,0,,,,,,,0,NEIL3,RBM25,0,0,0
O75340,Q9P2E9,1,0.551219512,0.401554598,0.476387055,0,,,,,,,0,PDCD6,RRBP1,0,0,0
O75340,O75027,1,0.726829268,0.401306588,0.564067928,0,,,,,,,0,PDCD6,ABCB7,0,0,0
O75340,Q96AE4,1,0.726829268,0.401306643,0.564067956,0,,,,,,,0,PDCD6,FUBP1,0,0,0
O75340,Q92541,1,0.83902439,0.401137606,0.620080998,0,,,,,,,0,PDCD6,RTF1,0,0,0
O75340,Q96MY7,1,0.551219512,0.401554742,0.476387127,0,,,,,,,0,PDCD6,FAM161B,0,0,0
O75340,Q96NU1,1,0.551219512,0.401554819,0.476387166,0,,,,,,,0,PDCD6,SAMD11,0,0,0
O75340,Q8NDC0,1,0.72195122,0.401115418,0.561533319,0,,,,,,,0,PDCD6,MAPK1IP1L,0,0,0
O75340,Q13148,1,0.746341463,0.401305972,0.573823718,0,,,,,,,0,PDCD6,TARDBP,0,0,0
O75340,A6NDN3,1,0.551219512,0.401555067,0.47638729,0,,,,,,,0,PDCD6,GOLGA6B,0,0,0
O75340,Q96M83,1,0.52195122,0.401602988,0.461777104,0,,,,,,,0,PDCD6,CCDC7,0,0,0
O75340,O00425,1,0.72195122,0.401323618,0.561637419,0,,,,,,,0,PDCD6,IGF2BP3,0,0,0
Q96RN5,Q5T200,1,0.726829268,0.401321071,0.56407517,0,,,,,,,0,MED15,ZC3H13,0,0,0
Q9Y2R4,Q99496,1,0.731707317,0.401321392,0.566514354,0,,,,,,,0,DDX52,RNF2,0,0,0
Q9Y2R4,P50747,1,0.72195122,0.401309936,0.561630578,0,,,,,,,0,DDX52,HLCS,0,0,0
Q9Y2R4,A0A0B4J271,1,0.551219512,0.401554626,0.476387069,0,,,,,,,0,DDX52,TRAV12-3,0,0,0
Q9Y2R4,Q9Y388,1,0.536585366,0.401554964,0.469070165,0,,,,,,,0,DDX52,RBMX2,0,0,0
Q9Y2R4,Q16586,1,0.551219512,0.401555206,0.476387359,0,,,,,,,0,DDX52,SGCA,0,0,0
Q96RN5,Q96DC7,1,0.551219512,0.401555182,0.476387347,0,,,,,,,0,MED15,TMCO6,0,0,0
Q9Y2R4,A0A096LP01,1,0.526829268,0.401555026,0.464192147,0,,,,,,,0,DDX52,SMIM26,0,0,0
Q9Y2R4,Q5T124,1,0.551219512,0.401554967,0.47638724,0,,,,,,,0,DDX52,UBXN11,0,0,0
P58182,Q02297,1,0.551219512,0.401555291,0.476387402,0,,,,,,,0,OR12D2,NRG1,0,0,0
P58182,Q9P2F9,1,0.526829268,0.40163353,0.464231399,0,,,,,,,0,OR12D2,ZNF319,0,0,0
P58182,Q7Z7B0,1,0.551219512,0.401554868,0.47638719,0,,,,,,,0,OR12D2,FILIP1,0,0,0
P58182,Q8IVP9,1,0.52195122,0.401634676,0.461792948,0,,,,,,,0,OR12D2,ZNF547,0,0,0
P58182,Q9P1V8,1,0.551219512,0.401555267,0.476387389,0,,,,,,,0,OR12D2,SAMD15,0,0,0
P58182,Q9BYV6,1,0.526829268,0.401634082,0.464231675,0,,,,,,,0,OR12D2,TRIM55,0,0,0
Q96RN5,A0A0B4J271,1,0.551219512,0.401554806,0.476387159,0,,,,,,,0,MED15,TRAV12-3,0,0,0
P58182,P54278,1,0.536585366,0.401555247,0.469070306,0,,,,,,,0,OR12D2,PMS2,0,0,0
Q9Y2J2,Q5T5P2,1,0.526829268,0.401603166,0.464216217,0,,,,,,,0,EPB41L3,KIAA1217,0,0,0
Q9Y2J2,O43900,1,0.72195122,0.401321521,0.56163637,0,,,,,,,0,EPB41L3,PRICKLE3,0,0,0
Q9Y2J2,Q9HCM4,1,0.726829268,0.401322816,0.564076042,0,,,,,,,0,EPB41L3,EPB41L5,0,0,0
Q9Y2J2,Q92541,1,0.726829268,0.401306965,0.564068117,0,,,,,,,0,EPB41L3,RTF1,0,0,0
Q9Y2J2,Q9BQA1,1,0.741463415,0.401529561,0.571496488,0,,,,,,,0,EPB41L3,WDR77,0,0,0
Q9Y2J2,O00203,1,0.726829268,0.401192619,0.564010944,0,,,,,,,0,EPB41L3,AP3B1,0,0,0
Q9Y2J2,Q8NFC6,1,0.741463415,0.40151761,0.571490512,0,,,,,,,0,EPB41L3,BOD1L1,0,0,0
Q9Y2J2,Q9UN30,1,0.72195122,0.40132166,0.56163644,0,,,,,,,0,EPB41L3,SCML1,0,0,0
Q9H2K8,Q9NSY1,1,0.536585366,0.401555017,0.469070191,0,,,,,,,0,TAOK3,BMP2K,0,0,0
Q96RN5,Q9Y388,1,0.536585366,0.401554675,0.469070021,0,,,,,,,0,MED15,RBMX2,0,0,0
Q96RN5,Q96HV5,1,0.551219512,0.401555006,0.476387259,0,,,,,,,0,MED15,TMEM41A,0,0,0
Q9UJ78,Q86SS6,1,0.52195122,0.401555178,0.461753199,0,,,,,,,0,ZMYM5,SYT9,0,0,0
Q9UJ78,Q76L83,1,0.551219512,0.401554582,0.476387047,0,,,,,,,0,ZMYM5,ASXL2,0,0,0
Q9UJ78,Q8IUF8,1,0.551219512,0.40155523,0.476387371,0,,,,,,,0,ZMYM5,RIOX2,0,0,0
Q9UJ78,Q9BYQ4,1,0.52195122,0.401306569,0.461628894,0,,,,,,,0,ZMYM5,KRTAP9-2,0,0,0
Q9UJ78,P58417,1,0.526829268,0.401554961,0.464192115,0,,,,,,,0,ZMYM5,NXPH1,0,0,0
Q9UJ78,Q14005,1,0.551219512,0.401633021,0.476426267,0,,,,,,,0,ZMYM5,IL16,0,0,0
Q96RN5,Q15648,1,0.726829268,0.401322353,0.56407581,0,,,,,,,0,MED15,MED1,0,0,0
Q96RN5,Q16586,1,0.536585366,0.401555086,0.469070226,0,,,,,,,0,MED15,SGCA,0,0,0
Q96RN5,A0A096LP01,1,0.551219512,0.401554779,0.476387146,0,,,,,,,0,MED15,SMIM26,0,0,0
Q9H1Z4,A6H8Y1,1,0.526829268,0.401602853,0.464216061,0,,,,,,,0,WDR13,BDP1,0,0,0
Q9H1Z4,Q8NFC6,1,0.52195122,0.401602854,0.461777037,0,,,,,,,0,WDR13,BOD1L1,0,0,0
O14508,P35226,1,0.726829268,0.40130787,0.564068569,0,,,,,,,0,SOCS2,BMI1,0,0,0
O14508,Q02978,1,0.726829268,0.40130749,0.564068379,0,,,,,,,0,SOCS2,SLC25A11,0,0,0
O14508,Q14807,1,0.526829268,0.401554879,0.464192073,0,,,,,,,0,SOCS2,KIF22,0,0,0
O14508,O00232,1,0.726829268,0.401306528,0.564067898,0,,,,,,,0,SOCS2,PSMD12,0,0,0
O14508,Q9ULK2,1,0.551219512,0.401554866,0.476387189,0,,,,,,,0,SOCS2,ATXN7L1,0,0,0
O14508,Q92541,1,0.551219512,0.401555004,0.476387258,0,,,,,,,0,SOCS2,RTF1,0,0,0
O14508,Q7L804,1,0.526829268,0.401555127,0.464192198,0,,,,,,,0,SOCS2,RAB11FIP2,0,0,0
O14508,Q8TF50,1,0.526829268,0.401554963,0.464192116,0,,,,,,,0,SOCS2,ZNF526,0,0,0
O14508,O75716,1,0.726829268,0.401322401,0.564075834,0,,,,,,,0,SOCS2,STK16,0,0,0
O14508,Q8NEP3,1,0.551219512,0.401554843,0.476387178,0,,,,,,,0,SOCS2,DNAAF1,0,0,0
O14508,P49959,1,0.551219512,0.401554909,0.476387211,0,,,,,,,0,SOCS2,MRE11,0,0,0
O14508,Q8IYW5,1,0.526829268,0.401555145,0.464192207,0,,,,,,,0,SOCS2,RNF168,0,0,0
Q9H6T0,Q8TB24,1,0.526829268,0.401554994,0.464192131,0,,,,,,,0,ESRP2,RIN3,0,0,0
Q9H6T0,Q8WU79,1,0.746341463,0.401306433,0.573823948,0,,,,,,,0,ESRP2,SMAP2,0,0,0
Q5VSG8,O75153,1,0.526829268,0.401603307,0.464216288,0,,,,,,,0,MANEAL,CLUH,0,0,0
Q5VSG8,O60602,1,0.526829268,0.401555151,0.46419221,0,,,,,,,0,MANEAL,TLR5,0,0,0
Q5VSG8,Q8N6G5,1,0.72195122,0.401099505,0.561525362,0,,,,,,,0,MANEAL,CSGALNACT2,0,0,0
Q5VSG8,Q9H313,1,0.72195122,0.401881139,0.561916179,0,,,,,,,0,MANEAL,TTYH1,0,0,0
O95047,O60218,1,0.72195122,0.401882222,0.561916721,0,,,,,,,0,OR2A4,AKR1B10,0,0,0
O95047,Q8WVV4,1,0.726829268,0.40144297,0.564136119,0,,,,,,,0,OR2A4,POF1B,0,0,0
O95047,O15231,1,0.726829268,0.401457569,0.564143419,0,,,,,,,0,OR2A4,ZNF185,0,0,0
O95047,P14923,1,0.726829268,0.401442049,0.564135658,0,,,,,,,0,OR2A4,JUP,0,0,0
O95047,P40121,1,0.72195122,0.401247306,0.561599263,0,,,,,,,0,OR2A4,CAPG,0,0,0
O95047,Q9UI42,1,0.726829268,0.401518152,0.56417371,0,,,,,,,0,OR2A4,CPA4,0,0,0
A0A0C4DH41,Q9P2E9,1,0.526829268,0.401554891,0.464192079,0,,,,,,,0,IGHV4-61,RRBP1,0,0,0
A0A0C4DH41,Q96M83,1,0.52195122,0.401603098,0.461777159,0,,,,,,,0,IGHV4-61,CCDC7,0,0,0
P62491,P84077,1,0.72195122,0.400898096,0.561424658,0,,,,,,,0,RAB11A,ARF1,0,0,0
P62491,Q9P2E9,1,0.741463415,0.401539258,0.571501337,0,,,,,,,0,RAB11A,RRBP1,0,0,0
Q9NSD4,P60411,1,0.741463415,0.401531099,0.571497257,0,,,,,,,0,ZNF275,KRTAP10-9,0,0,0
A8K0R7,Q99496,1,0.551219512,0.401554822,0.476387167,0,,,,,,,0,ZNF839,RNF2,0,0,0
A8K0R7,Q5MNZ6,1,0.551219512,0.401554876,0.476387194,0,,,,,,,0,ZNF839,WDR45B,0,0,0
P62491,P52298,1,0.746341463,0.40120278,0.573772122,0,,,,,,,0,RAB11A,NCBP2,0,0,0
A8K0R7,Q96SC8,1,0.52195122,0.401554997,0.461753108,0,,,,,,,0,ZNF839,DMRTA2,0,0,0
P62491,O43852,1,0.726829268,0.401372286,0.564100777,0,,,,,,,0,RAB11A,CALU,0,0,0
P37275,Q8NFC6,1,0.551219512,0.40155464,0.476387076,0,,,,,,,0,ZEB1,BOD1L1,0,0,0
P62491,Q7L804,1,0.72195122,0.401321858,0.561636539,0,,,,,,,0,RAB11A,RAB11FIP2,0,0,0
P37275,Q9HBJ7,1,0.726829268,0.401307971,0.56406862,0,,,,,,,0,ZEB1,USP29,0,0,0
P62491,P11166,1,0.72195122,0.401308803,0.561630011,0,,,,,,,0,RAB11A,SLC2A1,0,0,0
Q8NBP5,A6H8Y1,1,0.526829268,0.401603035,0.464216152,0,,,,,,,0,MFSD9,BDP1,0,0,0
Q8NBP5,Q9H313,1,0.72195122,0.401646487,0.561798853,0,,,,,,,0,MFSD9,TTYH1,0,0,0
O75688,Q8NBR6,1,0.72195122,0.401307884,0.561629552,0,,,,,,,0,PPM1B,MINDY2,0,0,0
O75688,O96013,1,0.72195122,0.401034388,0.561492804,0,,,,,,,0,PPM1B,PAK4,0,0,0
O75688,P67775,1,0.72195122,0.401309585,0.561630402,0,,,,,,,0,PPM1B,PPP2CA,0,0,0
Q02297,O94955,1,0.726829268,0.401985053,0.564407161,0,,,,,,,0,NRG1,RHOBTB3,0,0,0
P62491,P84085,1,0.726829268,0.401307625,0.564068447,0,,,,,,,0,RAB11A,ARF5,0,0,0
Q02297,O43347,1,0.526829268,0.401554911,0.46419209,0,,,,,,,0,NRG1,MSI1,0,0,0
Q02297,Q96R45,1,0.551219512,0.401555516,0.476387514,0,,,,,,,0,NRG1,OR2A7,0,0,0
P62491,P05198,1,0.751219512,0.40122746,0.576223486,0,,,,,,,0,RAB11A,EIF2S1,0,0,0
Q12948,P35453,1,0.843902439,0.401228026,0.622565233,1,0.25795053,,,,,,0,FOXC1,HOXD13,0,0,0
Q12948,P51608,1,0.804878049,0.401666439,0.603272244,0,,,,,,,0,FOXC1,MECP2,0,0,0
Q12948,P62714,1,0.843902439,0.401228355,0.622565397,0,,,,,,,0,FOXC1,PPP2CB,0,0,0
P62491,Q9NW07,1,0.551219512,0.401554895,0.476387204,0,,,,,,,0,RAB11A,ZNF358,0,0,0
P62491,O95994,1,0.795121951,0.401145983,0.598133967,0,,,,,,,0,RAB11A,AGR2,0,0,0
P62491,P12235,1,0.726829268,0.401372142,0.564100705,0,,,,,,,0,RAB11A,SLC25A4,0,0,0
Q969V6,P63279,1,0.824390244,0.401216069,0.612803156,0,,,,,,,0,MRTFA,UBE2I,0,0,0
Q969V6,Q2MV58,1,0.726829268,0.401307652,0.56406846,0,,,,,,,0,MRTFA,TCTN1,0,0,0
Q969V6,Q9ULH7,1,0.741463415,0.401121075,0.571292245,0,,,,,,,0,MRTFA,MRTFB,0,0,0
P62491,Q15276,1,0.731707317,0.401321705,0.566514511,0,,,,,,,0,RAB11A,RABEP1,0,0,0
P12644,P13385,1,0.726829268,0.40130719,0.564068229,1,0.535924617,,,,,,0,BMP4,TDGF1,0,0,0
P12644,A6H8Y1,1,0.526829268,0.401603021,0.464216145,0,,,,,,,0,BMP4,BDP1,0,0,0
P12644,P35680,1,0.717073171,0.40132298,0.559198075,0,,,,,,,0,BMP4,HNF1B,0,0,0
Q8N1D5,O75648,1,0.526829268,0.40155467,0.464191969,0,,,,,,,0,CFAP107,TRMU,0,0,0
P12644,P52272,1,0.72195122,0.401308613,0.561629916,0,,,,,,,0,BMP4,HNRNPM,0,0,0
P12644,P39023,1,0.72195122,0.401472553,0.561711886,0,,,,,,,0,BMP4,RPL3,0,0,0
Q8N1D5,P32238,1,0.526829268,0.401554893,0.464192081,0,,,,,,,0,CFAP107,CCKAR,0,0,0
P12644,O43290,1,0.746341463,0.401530529,0.573935996,0,,,,,,,0,BMP4,SART1,0,0,0
Q8N1D5,Q9BSW7,1,0.551219512,0.401554616,0.476387064,0,,,,,,,0,CFAP107,SYT17,0,0,0
Q8N1E2,Q14568,1,0.52195122,0.401554917,0.461753068,0,,,,,,,0,LYG1,HSP90AA2P,0,0,0
Q8N1E2,Q9ULK2,1,0.551219512,0.401554769,0.47638714,0,,,,,,,0,LYG1,ATXN7L1,0,0,0
Q8N1E2,Q8N4U5,1,0.551219512,0.401554907,0.47638721,0,,,,,,,0,LYG1,TCP11L2,0,0,0
Q8N1E2,Q92541,1,0.551219512,0.401554841,0.476387177,0,,,,,,,0,LYG1,RTF1,0,0,0
Q8N1E2,Q7L804,1,0.551219512,0.401554913,0.476387213,0,,,,,,,0,LYG1,RAB11FIP2,0,0,0
A0A075B6S6,Q9NP50,1,0.526829268,0.401555611,0.46419244,0,,,,,,,0,IGKV2D-30,SINHCAF,0,0,0
Q8N1E2,Q92765,1,0.551219512,0.401554635,0.476387074,0,,,,,,,0,LYG1,FRZB,0,0,0
Q8N1E2,Q8TF50,1,0.551219512,0.40155483,0.476387171,0,,,,,,,0,LYG1,ZNF526,0,0,0
Q8N1E2,P35269,1,0.551219512,0.401555164,0.476387338,0,,,,,,,0,LYG1,GTF2F1,0,0,0
Q8N1E2,A6NKL6,1,0.526829268,0.401555031,0.46419215,0,,,,,,,0,LYG1,TMEM200C,0,0,0
Q8N1E2,Q8NEP3,1,0.551219512,0.401554764,0.476387138,0,,,,,,,0,LYG1,DNAAF1,0,0,0
Q8N1E2,P49959,1,0.526829268,0.401554918,0.464192093,0,,,,,,,0,LYG1,MRE11,0,0,0
Q8N1E2,Q8IYW5,1,0.551219512,0.40155508,0.476387296,0,,,,,,,0,LYG1,RNF168,0,0,0
Q8N1E2,Q8NGH8,1,0.536585366,0.401555861,0.469070614,0,,,,,,,0,LYG1,OR56A4,0,0,0
Q0ZLH3,Q9C0I3,1,0.551219512,0.401554623,0.476387068,0,,,,,,,0,PJVK,CCSER1,0,0,0
Q0ZLH3,P52298,1,0.551219512,0.401554846,0.476387179,0,,,,,,,0,PJVK,NCBP2,0,0,0
Q0ZLH3,Q9BWL3,1,0.526829268,0.401555264,0.464192266,0,,,,,,,0,PJVK,C1orf43,0,0,0
Q8N1D5,Q9P2K3,1,0.526829268,0.401554822,0.464192045,0,,,,,,,0,CFAP107,RCOR3,0,0,0
Q8N1D5,Q6UW02,1,0.551219512,0.401554925,0.476387219,0,,,,,,,0,CFAP107,CYP20A1,0,0,0
Q5T5P2,Q4G0U5,1,0.526829268,0.401602865,0.464216067,0,,,,,,,0,KIAA1217,CFAP221,0,0,0
Q5T5P2,Q10567,1,0.526829268,0.401602928,0.464216098,0,,,,,,,0,KIAA1217,AP1B1,0,0,0
Q8N1D5,Q8N9L9,1,0.526829268,0.401554878,0.464192073,0,,,,,,,0,CFAP107,ACOT4,0,0,0
Q5T5P2,Q8IZP0,1,0.741463415,0.401528466,0.57149594,0,,,,,,,0,KIAA1217,ABI1,0,0,0
Q5T5P2,Q9NQ86,1,0.52195122,0.401602918,0.461777069,0,,,,,,,0,KIAA1217,TRIM36,0,0,0
Q5T5P2,Q92889,1,0.526829268,0.401603015,0.464216141,0,,,,,,,0,KIAA1217,ERCC4,0,0,0
Q5T5P2,Q9UPR6,1,0.526829268,0.401602905,0.464216087,0,,,,,,,0,KIAA1217,ZFR2,0,0,0
A0A075B6S6,Q6P1L5,1,0.526829268,0.401555136,0.464192202,0,,,,,,,0,IGKV2D-30,FAM117B,0,0,0
O60218,A6H8Y1,1,0.526829268,0.401603153,0.464216211,0,,,,,,,0,AKR1B10,BDP1,0,0,0
O60218,Q8NFC6,1,0.526829268,0.4016032,0.464216234,0,,,,,,,0,AKR1B10,BOD1L1,0,0,0
O60218,O95994,1,0.726829268,0.401307982,0.564068625,0,,,,,,,0,AKR1B10,AGR2,0,0,0
Q13948,Q9H313,1,0.834146341,0.401307693,0.617727017,0,,,,,,,0,CUX1,TTYH1,0,0,0
Q14203,Q8IZJ4,1,0.526829268,0.401602949,0.464216109,0,,,,,,,0,DCTN1,RGL4,0,0,0
Q14203,O15381,1,0.819512195,0.401322646,0.61041742,0,,,,,,,0,DCTN1,NVL,0,0,0
Q14203,P47756,1,0.741463415,0.401342907,0.571403161,0,,Q14203,P47756,"psi-mi:""MI:2222""(inference by socio-affinity scoring)",taxid:9606(Homo sapiens),2,1,DCTN1,CAPZB,0,0,0
Q14203,Q9UNM6,1,0.526829268,0.401602981,0.464216124,0,,,,,,,0,DCTN1,PSMD13,0,0,0
Q14203,Q16799,1,0.526829268,0.401554951,0.46419211,0,,,,,,,0,DCTN1,RTN1,0,0,0
Q14203,Q08999,1,0.726829268,0.401369062,0.564099165,0,,,,,,,0,DCTN1,RBL2,0,0,0
Q14203,Q8NDH3,1,0.52195122,0.401602935,0.461777077,0,,,,,,,0,DCTN1,NPEPL1,0,0,0
Q14203,O75381,1,0.746341463,0.401538317,0.57393989,0,,,,,,,0,DCTN1,PEX14,0,0,0
Q14203,Q9Y6F8,1,0.52195122,0.401603044,0.461777132,0,,,,,,,0,DCTN1,CDY1B,0,0,0
Q14203,Q8NHV4,1,0.780487805,0.40140771,0.590947758,0,,,,,,,0,DCTN1,NEDD1,0,0,0
Q14203,P30101,1,0.551219512,0.401554726,0.476387119,0,,,,,,,0,DCTN1,PDIA3,0,0,0
Q14203,Q8N4P6,1,0.52195122,0.401602967,0.461777093,0,,,,,,,0,DCTN1,LRRC71,0,0,0
Q14203,Q9NQ86,1,0.726829268,0.401307744,0.564068506,0,,,,,,,0,DCTN1,TRIM36,0,0,0
Q14203,Q13148,1,0.526829268,0.401603033,0.464216151,0,,,,,,,0,DCTN1,TARDBP,0,0,0
Q14203,P53602,1,0.526829268,0.401603039,0.464216154,0,,,,,,,0,DCTN1,MVD,0,0,0
Q14203,Q8IYW5,1,0.736585366,0.401585207,0.569085286,0,,,,,,,0,DCTN1,RNF168,0,0,0
Q14203,Q96SR6,1,0.551219512,0.401554826,0.476387169,0,,,,,,,0,DCTN1,ZNF382,0,0,0
Q8N1D5,P18887,1,0.526829268,0.401554914,0.464192091,0,,,,,,,0,CFAP107,XRCC1,0,0,0
Q8N1D5,P43629,1,0.526829268,0.401555049,0.464192159,0,,,,,,,0,CFAP107,KIR3DL1,0,0,0
Q3KRB8,Q70IA6,1,0.72195122,0.40131006,0.56163064,0,,,,,,,0,ARHGAP11B,MOB2,0,0,0
Q8N1D5,Q7Z7G1,1,0.551219512,0.401555098,0.476387305,0,,,,,,,0,CFAP107,CLNK,0,0,0
Q3KRB8,O75167,1,0.551219512,0.401555196,0.476387354,0,,,,,,,0,ARHGAP11B,PHACTR2,0,0,0
Q3KRB8,Q6P1L5,1,0.551219512,0.401555452,0.476387482,0,,,,,,,0,ARHGAP11B,FAM117B,0,0,0
Q8N1D5,Q2YD98,1,0.551219512,0.40155476,0.476387136,0,,,,,,,0,CFAP107,UVSSA,0,0,0
Q9HB14,O43900,1,0.551219512,0.401633609,0.476426561,0,,,,,,,0,KCNK13,PRICKLE3,0,0,0
Q9HB14,Q9BRV3,1,0.536585366,0.401633799,0.469109582,0,,,,,,,0,KCNK13,SLC50A1,0,0,0
Q9HB14,P18887,1,0.551219512,0.401633307,0.47642641,0,,,,,,,0,KCNK13,XRCC1,0,0,0
Q9HB14,Q2YD98,1,0.551219512,0.401633006,0.476426259,0,,,,,,,0,KCNK13,UVSSA,0,0,0
Q9HB14,Q99705,1,0.52195122,0.401555706,0.461753463,0,,,,,,,0,KCNK13,MCHR1,0,0,0
Q9HB14,Q6NUS6,1,0.536585366,0.401554741,0.469070053,0,,,,,,,0,KCNK13,TCTN3,0,0,0
Q9HB14,P49682,1,0.52195122,0.401558449,0.461754834,0,,,,,,,0,KCNK13,CXCR3,0,0,0
Q9HB14,A6NKC9,1,0.526829268,0.401634535,0.464231902,0,,,,,,,0,KCNK13,SH2D7,0,0,0
Q9HB14,P49756,1,0.551219512,0.401633242,0.476426377,0,,,,,,,0,KCNK13,RBM25,0,0,0
P63279,P22460,1,0.746341463,0.401440513,0.573890988,0,,,,,,,0,UBE2I,KCNA5,0,0,0
P63279,P35226,1,0.726829268,0.401457001,0.564143134,0,,,,,,,0,UBE2I,BMI1,0,0,0
P63279,Q15233,1,0.726829268,0.401321099,0.564075184,0,,,,,,,0,UBE2I,NONO,0,0,0
Q8N1D5,Q9Y577,1,0.551219512,0.401632882,0.476426197,0,,,,,,,0,CFAP107,TRIM17,0,0,0
P63279,Q8N448,1,0.726829268,0.401441319,0.564135294,0,,,,,,,0,UBE2I,LNX2,0,0,0
P63279,O75360,1,0.785365854,0.401558015,0.593461934,0,,,,,,,0,UBE2I,PROP1,0,0,0
P63279,P13010,1,0.746341463,0.40153047,0.573935967,0,,,,,,,0,UBE2I,XRCC5,0,0,0
P63279,O15381,1,0.858536585,0.401415573,0.629976079,0,,,,,,,0,UBE2I,NVL,0,0,0
P63279,Q9Y371,1,0.765853659,0.401317847,0.583585753,0,,,,,,,0,UBE2I,SH3GLB1,0,0,0
P63279,Q9BYV6,1,0.780487805,0.401407209,0.590947507,0,,,,,,,0,UBE2I,TRIM55,0,0,0
P63279,P18887,1,0.726829268,0.401321611,0.56407544,0,,,,,,,0,UBE2I,XRCC1,0,0,0
P63279,O43852,1,0.72195122,0.401308001,0.56162961,0,,,,,,,0,UBE2I,CALU,0,0,0
P63279,P11166,1,0.726829268,0.401307758,0.564068513,0,,,,,,,0,UBE2I,SLC2A1,0,0,0
P63279,Q9Y618,1,0.726829268,0.401321113,0.56407519,0,,,,,,,0,UBE2I,NCOR2,0,0,0
P63279,Q8N6G5,1,0.726829268,0.401306563,0.564067916,0,,,,,,,0,UBE2I,CSGALNACT2,0,0,0
P63279,P10828,1,0.726829268,0.401307356,0.564068312,0,,,,,,,0,UBE2I,THRB,0,0,0
P63279,Q8NDC0,1,0.726829268,0.401372835,0.564101052,0,,,,,,,0,UBE2I,MAPK1IP1L,0,0,0
P63279,P52272,1,0.741463415,0.401492745,0.57147808,0,,,,,,,0,UBE2I,HNRNPM,0,0,0
P63279,Q9UBT2,1,0.72195122,0.401321548,0.561636384,0,,,,,,,0,UBE2I,UBA2,0,0,0
P63279,O00635,1,0.726829268,0.401307282,0.564068275,0,,,,,,,0,UBE2I,TRIM38,0,0,0
P63279,Q02040,1,0.751219512,0.40120082,0.576210166,0,,,,,,,0,UBE2I,AKAP17A,0,0,0
P63279,P57682,1,0.76097561,0.401317832,0.581146721,0,,,,,,,0,UBE2I,KLF3,0,0,0
P63279,O95994,1,0.72195122,0.40109959,0.561525405,0,,,,,,,0,UBE2I,AGR2,0,0,0
P63279,Q9Y620,1,0.834146341,0.401306371,0.617726356,0,,,,,,,0,UBE2I,RAD54B,0,0,0
P63279,P49756,1,0.731707317,0.4013212,0.566514258,0,,,,,,,0,UBE2I,RBM25,0,0,0
P63279,O43290,1,0.746341463,0.401542366,0.573941915,0,,,,,,,0,UBE2I,SART1,0,0,0
Q08378,Q9BTL3,1,0.551219512,0.401554834,0.476387173,0,,,,,,,0,GOLGA3,RAMAC,0,0,0
Q08378,Q969J2,1,0.526829268,0.401554957,0.464192113,0,,,,,,,0,GOLGA3,ZKSCAN4,0,0,0
Q08378,Q7Z4V0,1,0.551219512,0.401633062,0.476426287,0,,,,,,,0,GOLGA3,ZNF438,0,0,0
Q08378,Q99727,1,0.551219512,0.401632974,0.476426243,0,,,,,,,0,GOLGA3,TIMP4,0,0,0
Q08378,P39023,1,0.551219512,0.401554741,0.476387126,0,,,,,,,0,GOLGA3,RPL3,0,0,0
Q08378,Q15276,1,0.551219512,0.401554809,0.47638716,0,,,,,,,0,GOLGA3,RABEP1,0,0,0
Q08378,P54886,1,0.551219512,0.401554754,0.476387133,0,,,,,,,0,GOLGA3,ALDH18A1,0,0,0
Q8IZN3,Q9UI47,1,0.526829268,0.401554901,0.464192085,0,,,,,,,0,ZDHHC14,CTNNA3,0,0,0
Q8IZN3,Q8NEN0,1,0.526829268,0.401555065,0.464192167,0,,,,,,,0,ZDHHC14,ARMC2,0,0,0
Q8IZN3,A7XYQ1,1,0.526829268,0.401555118,0.464192193,0,,,,,,,0,ZDHHC14,SOBP,0,0,0
Q8IZN3,O43290,1,0.551219512,0.401554715,0.476387114,0,,,,,,,0,ZDHHC14,SART1,0,0,0
Q9Y6N1,H7BZ55,1,0.52195122,0.401681198,0.461816209,0,,,,,,,0,COX11,CROCC2,0,0,0
Q8N1D5,Q6NXT4,1,0.526829268,0.40163333,0.464231299,0,,,,,,,0,CFAP107,SLC30A6,0,0,0
Q9Y6N1,P98077,1,0.526829268,0.401633384,0.464231326,0,,,,,,,0,COX11,SHC2,0,0,0
Q86U38,O00512,1,0.526829268,0.401555091,0.46419218,0,,,,,,,0,NOP9,BCL9,0,0,0
Q86U38,Q9H0X4,1,0.726829268,0.401309311,0.56406929,0,,,,,,,0,NOP9,FAM234A,0,0,0
Q86U38,Q86V59,1,0.726829268,0.401308099,0.564068684,0,,,,,,,0,NOP9,PNMA8A,0,0,0
Q86U38,O43914,1,0.726829268,0.401321351,0.564075309,0,,,,,,,0,NOP9,TYROBP,0,0,0
Q8N945,Q96SN8,1,0.746341463,0.40130551,0.573823487,0,,,,,,,0,PRELID2,CDK5RAP2,0,0,0
P05549,Q9Y6Q5,1,0.726829268,0.401999296,0.564414282,0,,,,,,,0,TFAP2A,AP1M2,0,0,0
P22460,Q9BWL3,1,0.726829268,0.401322371,0.56407582,0,,,,,,,0,KCNA5,C1orf43,0,0,0
P22460,A8MYV0,1,0.526829268,0.40155514,0.464192204,0,,,,,,,0,KCNA5,DCDC2C,0,0,0
P22460,Q9BYQ4,1,0.52195122,0.401306551,0.461628885,0,,,,,,,0,KCNA5,KRTAP9-2,0,0,0
P22460,Q6NXT4,1,0.726829268,0.4013069,0.564068084,0,,,,,,,0,KCNA5,SLC30A6,0,0,0
P32754,Q9P2F5,1,0.551219512,0.401554601,0.476387057,0,,,,,,,0,HPD,STOX2,0,0,0
P32754,Q16222,1,0.551219512,0.401554507,0.47638701,0,,,,,,,0,HPD,UAP1,0,0,0
P32754,Q96MK3,1,0.536585366,0.401555132,0.469070249,0,,,,,,,0,HPD,FAM20A,0,0,0
P32754,O00232,1,0.536585366,0.40155548,0.469070423,0,,,,,,,0,HPD,PSMD12,0,0,0
P32754,Q8NHY0,1,0.551219512,0.40155496,0.476387236,0,,,,,,,0,HPD,B4GALNT2,0,0,0
P32754,Q96BR6,1,0.52195122,0.401555289,0.461753254,0,,,,,,,0,HPD,ZNF669,0,0,0
P32754,Q8WWZ8,1,0.551219512,0.401554544,0.476387028,0,,,,,,,0,HPD,OIT3,0,0,0
P32754,P10515,1,0.717073171,0.401323135,0.559198153,0,,,,,,,0,HPD,DLAT,0,0,0
P32754,P32780,1,0.551219512,0.401554691,0.476387102,0,,,,,,,0,HPD,GTF2H1,0,0,0
P32754,Q13434,1,0.526829268,0.401555946,0.464192607,0,,,,,,,0,HPD,MKRN4P,0,0,0
P05549,Q8NGK3,1,0.52195122,0.401555474,0.461753347,0,,,,,,,0,TFAP2A,OR52K2,0,0,0
P32754,Q76G19,1,0.551219512,0.401554782,0.476387147,0,,,,,,,0,HPD,PDZD4,0,0,0
P05549,Q02297,1,0.551219512,0.401555366,0.476387439,0,,,,,,,0,TFAP2A,NRG1,0,0,0
P05549,P63279,1,0.775609756,0.401407416,0.588508586,0,,P05549,P63279,"psi-mi:""MI:0007""(anti tag coimmunoprecipitation)",taxid:9606(Homo sapiens),2,1,TFAP2A,UBE2I,0,0,0
Q8WXE0,Q9P2W7,1,0.746341463,0.401530952,0.573936208,0,,,,,,,0,CASKIN2,B3GAT1,0,0,0
Q8WXE0,Q9H2G4,1,0.551219512,0.401554824,0.476387168,0,,,,,,,0,CASKIN2,TSPYL2,0,0,0
Q8WXE0,Q2TAK8,1,0.551219512,0.401554653,0.476387083,0,,,,,,,0,CASKIN2,PWWP3A,0,0,0
Q8WXE0,O94972,1,0.526829268,0.401555243,0.464192256,0,,,,,,,0,CASKIN2,TRIM37,0,0,0
Q9H341,Q9P2F9,1,0.551219512,0.401555439,0.476387476,0,,,,,,,0,OR51M1,ZNF319,0,0,0
P05549,Q8NGA5,1,0.536585366,0.401555717,0.469070542,0,,,,,,,0,TFAP2A,OR10H4,0,0,0
Q9H341,P0C7V9,1,0.52195122,0.40155598,0.4617536,0,,,,,,,0,OR51M1,METTL15P1,0,0,0
Q9H341,P09211,1,0.526829268,0.40155544,0.464192354,0,,,,,,,0,OR51M1,GSTP1,0,0,0
Q9H341,Q9P1V8,1,0.551219512,0.401555132,0.476387322,0,,,,,,,0,OR51M1,SAMD15,0,0,0
Q9H341,O15381,1,0.551219512,0.401554851,0.476387182,0,,,,,,,0,OR51M1,NVL,0,0,0
Q9H341,Q9BYV6,1,0.551219512,0.401555919,0.476387716,0,,,,,,,0,OR51M1,TRIM55,0,0,0
Q9H341,P54278,1,0.551219512,0.401554924,0.476387218,0,,,,,,,0,OR51M1,PMS2,0,0,0
P05549,Q969Q5,1,0.551219512,0.40155557,0.476387541,0,,,,,,,0,TFAP2A,RAB24,0,0,0
Q9H341,Q8IXK0,1,0.551219512,0.401554907,0.47638721,0,,,,,,,0,OR51M1,PHC2,0,0,0
P05549,P13010,1,0.72195122,0.401321357,0.561636288,0,,,,,,,0,TFAP2A,XRCC5,0,0,0
Q8TED0,Q99496,1,0.726829268,0.401306575,0.564067922,0,,,,,,,0,UTP15,RNF2,0,0,0
P05549,Q70IA6,1,0.819512195,0.401324753,0.610418474,0,,,,,,,0,TFAP2A,MOB2,0,0,0
Q8TED0,Q8N6G5,1,0.726829268,0.401372125,0.564100697,0,,,,,,,0,UTP15,CSGALNACT2,0,0,0
P05549,Q9P1V8,1,0.526829268,0.401555065,0.464192167,0,,,,,,,0,TFAP2A,SAMD15,0,0,0
Q8TED0,A6H8Y1,1,0.551219512,0.401554581,0.476387047,0,,,,,,,0,UTP15,BDP1,0,0,0
A8MW95,A6H8Y1,1,0.526829268,0.401602914,0.464216091,0,,,,,,,0,BECN2,BDP1,0,0,0
A8MW95,Q8NFC6,1,0.526829268,0.401602932,0.4642161,0,,,,,,,0,BECN2,BOD1L1,0,0,0
A8MW95,Q32MK0,1,0.551219512,0.401555076,0.476387294,0,,,,,,,0,BECN2,MYLK3,0,0,0
Q9UM82,O95872,1,0.751219512,0.401226974,0.576223243,0,,,,,,,0,SPATA2,GPANK1,0,0,0
Q9UM82,Q969X1,1,0.52195122,0.401555357,0.461753288,0,,,,,,,0,SPATA2,TMBIM1,0,0,0
O15240,Q99496,1,0.731707317,0.401321332,0.566514324,0,,,,,,,0,VGF,RNF2,0,0,0
O15240,O00512,1,0.551219512,0.401554695,0.476387103,0,,,,,,,0,VGF,BCL9,0,0,0
O15240,A0A0B4J271,1,0.526829268,0.401554815,0.464192041,0,,,,,,,0,VGF,TRAV12-3,0,0,0
P05549,P54278,1,0.551219512,0.401554827,0.47638717,0,,,,,,,0,TFAP2A,PMS2,0,0,0
O15240,Q6UX07,1,0.551219512,0.401555293,0.476387403,0,,,,,,,0,VGF,DHRS13,0,0,0
O15240,A0A096LP01,1,0.526829268,0.401554898,0.464192083,0,,,,,,,0,VGF,SMIM26,0,0,0
A6NGD5,Q6YFQ2,1,0.551219512,0.401554898,0.476387205,0,,,,,,,0,ZSCAN5C,COX6B2,0,0,0
A0A0A0MS14,Q9P2E9,1,0.551219512,0.401554827,0.47638717,0,,,,,,,0,IGHV1-45,RRBP1,0,0,0
A0A0A0MS14,A6NDN3,1,0.551219512,0.401554825,0.476387168,0,,,,,,,0,IGHV1-45,GOLGA6B,0,0,0
A0A0A0MS14,Q96M83,1,0.52195122,0.40160288,0.46177705,0,,,,,,,0,IGHV1-45,CCDC7,0,0,0
Q5QNW6,Q8WUB8,1,0.726829268,0.40130629,0.564067779,0,,Q5QNW6,Q8WUB8,"psi-mi:""MI:0030""(cross-linking study)",taxid:9606(Homo sapiens),2,1,H2BC18,PHF10,0,0,0
Q5QNW6,Q92622,1,0.726829268,0.401306222,0.564067745,0,,,,,,,0,H2BC18,RUBCN,0,0,0
Q5QNW6,P51608,1,0.741463415,0.401528705,0.57149606,0,,,,,,,0,H2BC18,MECP2,0,0,0
Q5QNW6,O95994,1,0.726829268,0.401373282,0.564101275,0,,,,,,,0,H2BC18,AGR2,0,0,0
Q5QNW6,P0CG23,1,0.551219512,0.401554782,0.476387147,0,,,,,,,0,H2BC18,ZNF853,0,0,0
Q9P2E9,P51580,1,0.526829268,0.40163325,0.464231259,0,,,,,,,0,RRBP1,TPMT,0,0,0
Q9P2E9,P01824,1,0.526829268,0.401554991,0.46419213,0,,,,,,,0,RRBP1,IGHV4-39,0,0,0
Q9P2E9,A8K0S8,1,0.551219512,0.401554796,0.476387154,0,,,,,,,0,RRBP1,MEIS3P2,0,0,0
Q9P2E9,A0A0B4J1V7,1,0.551219512,0.401554867,0.476387189,0,,,,,,,0,RRBP1,IGHV7-81,0,0,0
Q9P2E9,O75716,1,0.551219512,0.401554894,0.476387203,0,,,,,,,0,RRBP1,STK16,0,0,0
Q9P2E9,P31941,1,0.551219512,0.401554798,0.476387155,0,,,,,,,0,RRBP1,APOBEC3A,0,0,0
Q9P2E9,P36957,1,0.746341463,0.401321238,0.573831351,0,,,,,,,0,RRBP1,DLST,0,0,0
Q9P2E9,P52272,1,0.746341463,0.401538244,0.573939854,0,,,,,,,0,RRBP1,HNRNPM,0,0,0
Q9P2E9,Q13148,1,0.76097561,0.401305205,0.581140407,0,,,,,,,0,RRBP1,TARDBP,0,0,0
Q9P2E9,O95994,1,0.731707317,0.40167449,0.566690904,0,,,,,,,0,RRBP1,AGR2,0,0,0
Q9P2E9,Q8N0U2,1,0.551219512,0.401554803,0.476387157,0,,,,,,,0,RRBP1,TMEM61,0,0,0
Q9P2E9,Q8IYV9,1,0.551219512,0.401554865,0.476387188,0,,,,,,,0,RRBP1,IZUMO1,0,0,0
Q9P2E9,A0A0B4J1U4,1,0.551219512,0.401554828,0.47638717,0,,,,,,,0,RRBP1,TRGV5,0,0,0
Q9P2E9,Q9BQS8,1,0.726829268,0.401413212,0.56412124,0,,,,,,,0,RRBP1,FYCO1,0,0,0
Q8IYH5,Q96KQ4,1,0.726829268,0.401307587,0.564068427,0,,,,,,,0,ZZZ3,PPP1R13B,0,0,0
Q8IYH5,Q9Y2G2,1,0.770731707,0.401318293,0.586025,0,,,,,,,0,ZZZ3,CARD8,0,0,0
Q9P2F9,P60411,1,0.717073171,0.401323193,0.559198182,0,,,,,,,0,ZNF319,KRTAP10-9,0,0,0
Q8WVN8,P47756,1,0.72195122,0.401033873,0.561492546,0,,,,,,,0,UBE2Q2,CAPZB,0,0,0
Q8WVN8,Q9BQA1,1,0.72195122,0.400896129,0.561423674,0,,,,,,,0,UBE2Q2,WDR77,0,0,0
Q8IXW5,Q9H6T3,1,0.72195122,0.400897622,0.561424421,0,,,,,,,0,RPAP2,RPAP3,0,0,0
Q8IXW5,P0CAP2,1,0.87804878,0.401443745,0.639746263,0,,,,,,,0,RPAP2,POLR2M,0,0,0
Q8IXW5,O75665,1,0.76097561,0.401226821,0.581101216,0,,,,,,,0,RPAP2,OFD1,0,0,0
Q8IXW5,Q15648,1,0.824390244,0.40153067,0.612960457,0,,,,,,,0,RPAP2,MED1,0,0,0
Q9ULT0,Q8NCB2,1,0.726829268,0.401307458,0.564068363,0,,,,,,,0,TTC7A,CAMKV,0,0,0
Q6IEG0,P54278,1,0.551219512,0.401554816,0.476387164,0,,,,,,,0,SNRNP48,PMS2,0,0,0
Q9Y236,Q8TB24,1,0.551219512,0.401554794,0.476387153,0,,,,,,,0,OSGIN2,RIN3,0,0,0
Q9Y236,P40879,1,0.526829268,0.401554944,0.464192106,0,,,,,,,0,OSGIN2,SLC26A3,0,0,0
Q96SN8,Q9BR76,1,0.736585366,0.401517447,0.569051406,0,,,,,,,0,CDK5RAP2,CORO1B,0,0,0
Q96SN8,Q9BY31,1,0.526829268,0.401554942,0.464192105,0,,,,,,,0,CDK5RAP2,ZNF717,0,0,0
Q96SN8,Q6XPS3,1,0.741463415,0.401517404,0.571490409,0,,,,,,,0,CDK5RAP2,TPTE2,0,0,0
Q96SN8,Q9H2G4,1,0.52195122,0.401603266,0.461777243,0,,,,,,,0,CDK5RAP2,TSPYL2,0,0,0
Q96SN8,O94972,1,0.785365854,0.401603122,0.593484488,0,,,,,,,0,CDK5RAP2,TRIM37,0,0,0
Q96SN8,Q9UI42,1,0.52195122,0.401602957,0.461777088,0,,,,,,,0,CDK5RAP2,CPA4,0,0,0
Q8WUB8,Q9ULW0,1,0.72195122,0.401308997,0.561630108,0,,,,,,,0,PHF10,TPX2,0,0,0
H7BZ55,O15466,1,0.52195122,0.401603097,0.461777158,0,,,,,,,0,CROCC2,ST8SIA5,0,0,0
H7BZ55,Q8N9Z9,1,0.52195122,0.401603116,0.461777168,0,,,,,,,0,CROCC2,LMNTD1,0,0,0
H7BZ55,Q6IMI6,1,0.52195122,0.40160309,0.461777155,0,,,,,,,0,CROCC2,SULT1C3,0,0,0
H7BZ55,Q9BR76,1,0.52195122,0.401603114,0.461777167,0,,,,,,,0,CROCC2,CORO1B,0,0,0
H7BZ55,Q9H2X3,1,0.52195122,0.401603059,0.461777139,0,,,,,,,0,CROCC2,CLEC4M,0,0,0
H7BZ55,Q7M4L6,1,0.52195122,0.401603081,0.46177715,0,,,,,,,0,CROCC2,SHF,0,0,0
H7BZ55,Q06546,1,0.52195122,0.401603119,0.461777169,0,,,,,,,0,CROCC2,GABPA,0,0,0
H7BZ55,Q96AN5,1,0.52195122,0.401603052,0.461777136,0,,,,,,,0,CROCC2,TMEM143,0,0,0
H7BZ55,Q9BYW1,1,0.52195122,0.401603061,0.46177714,0,,,,,,,0,CROCC2,SLC2A11,0,0,0
H7BZ55,Q9P2W7,1,0.52195122,0.401603063,0.461777141,0,,,,,,,0,CROCC2,B3GAT1,0,0,0
H7BZ55,Q9ULV4,1,0.52195122,0.40160314,0.46177718,0,,,,,,,0,CROCC2,CORO1C,0,0,0
H7BZ55,P47804,1,0.52195122,0.401603013,0.461777116,0,,,,,,,0,CROCC2,RGR,0,0,0
H7BZ55,P10515,1,0.526829268,0.401603187,0.464216228,0,,,,,,,0,CROCC2,DLAT,0,0,0
H7BZ55,P98077,1,0.526829268,0.401603121,0.464216195,0,,,,,,,0,CROCC2,SHC2,0,0,0
H7BZ55,Q6PF15,1,0.526829268,0.401603108,0.464216188,0,,,,,,,0,CROCC2,KLHL35,0,0,0
H7BZ55,Q969R8,1,0.52195122,0.401603073,0.461777146,0,,,,,,,0,CROCC2,ITFG2,0,0,0
H7BZ55,Q86YJ6,1,0.52195122,0.401603096,0.461777158,0,,,,,,,0,CROCC2,THNSL2,0,0,0
H7BZ55,Q6DN72,1,0.52195122,0.401603078,0.461777149,0,,,,,,,0,CROCC2,FCRL6,0,0,0
H7BZ55,P12319,1,0.52195122,0.401603061,0.46177714,0,,,,,,,0,CROCC2,FCER1A,0,0,0
H7BZ55,P0CB47,1,0.52195122,0.401603116,0.461777168,0,,,,,,,0,CROCC2,UBTFL1,0,0,0
H7BZ55,O00322,1,0.52195122,0.401603076,0.461777148,0,,,,,,,0,CROCC2,UPK1A,0,0,0
H7BZ55,Q8NF37,1,0.526829268,0.401603102,0.464216185,0,,,,,,,0,CROCC2,LPCAT1,0,0,0
H7BZ55,Q9H313,1,0.52195122,0.401603092,0.461777156,0,,,,,,,0,CROCC2,TTYH1,0,0,0
Q7Z7B0,Q02978,1,0.551219512,0.401554698,0.476387105,0,,,,,,,0,FILIP1,SLC25A11,0,0,0
Q7Z7B0,A8MZ26,1,0.551219512,0.401554896,0.476387204,0,,,,,,,0,FILIP1,EFCAB9,0,0,0
Q7Z7B0,Q8NGA5,1,0.551219512,0.401554934,0.476387223,0,,,,,,,0,FILIP1,OR10H4,0,0,0
Q7Z7B0,Q8WV92,1,0.551219512,0.40155486,0.476387186,0,,,,,,,0,FILIP1,MITD1,0,0,0
Q7Z7B0,Q8IVP9,1,0.551219512,0.401554691,0.476387102,0,,,,,,,0,FILIP1,ZNF547,0,0,0
Q7Z7B0,P0C7V9,1,0.551219512,0.401554829,0.476387171,0,,,,,,,0,FILIP1,METTL15P1,0,0,0
Q7Z7B0,Q969Q5,1,0.551219512,0.401554869,0.476387191,0,,,,,,,0,FILIP1,RAB24,0,0,0
Q7Z7B0,Q9P1V8,1,0.551219512,0.401554758,0.476387135,0,,,,,,,0,FILIP1,SAMD15,0,0,0
Q7Z7B0,Q9Y371,1,0.551219512,0.401554735,0.476387123,0,,,,,,,0,FILIP1,SH3GLB1,0,0,0
Q7Z7B0,Q8NGJ7,1,0.551219512,0.401554774,0.476387143,0,,,,,,,0,FILIP1,OR51A2,0,0,0
Q7Z7B0,P25789,1,0.551219512,0.401554738,0.476387125,0,,,,,,,0,FILIP1,PSMA4,0,0,0
Q7Z7B0,Q96RU8,1,0.551219512,0.401554685,0.476387098,0,,,,,,,0,FILIP1,TRIB1,0,0,0
Q7Z7B0,P54278,1,0.551219512,0.401555013,0.476387263,0,,,,,,,0,FILIP1,PMS2,0,0,0
Q7Z7B0,A8MXT2,1,0.551219512,0.40155485,0.476387181,0,,,,,,,0,FILIP1,MAGEB17,0,0,0
Q7Z7B0,P55916,1,0.551219512,0.401554735,0.476387124,0,,,,,,,0,FILIP1,UCP3,0,0,0
Q7Z7B0,P12429,1,0.551219512,0.40155483,0.476387171,0,,,,,,,0,FILIP1,ANXA3,0,0,0
Q7Z7B0,A0A0J9YX57,1,0.551219512,0.401554716,0.476387114,0,,,,,,,0,FILIP1,MAGEB6B,0,0,0
Q7Z7B0,Q96RA2,1,0.551219512,0.401554828,0.47638717,0,,,,,,,0,FILIP1,OR7D2,0,0,0
Q8N1W2,Q9UN30,1,0.526829268,0.401555085,0.464192177,0,,,,,,,0,ZNF710,SCML1,0,0,0
Q7Z7B0,P22676,1,0.551219512,0.401554729,0.476387121,0,,,,,,,0,FILIP1,CALB2,0,0,0
Q7Z7B0,Q8IXK0,1,0.526829268,0.401554936,0.464192102,0,,,,,,,0,FILIP1,PHC2,0,0,0
Q7Z7B0,O43347,1,0.551219512,0.401554656,0.476387084,0,,,,,,,0,FILIP1,MSI1,0,0,0
Q7Z7B0,Q9HAS0,1,0.551219512,0.401554864,0.476387188,0,,,,,,,0,FILIP1,C17orf75,0,0,0
Q7Z7B0,Q96R45,1,0.551219512,0.401554875,0.476387194,0,,,,,,,0,FILIP1,OR2A7,0,0,0
Q8N1W2,Q5SQ80,1,0.551219512,0.401554723,0.476387117,0,,,,,,,0,ZNF710,ANKRD20A2P,0,0,0
Q9UJJ7,Q96NU1,1,0.551219512,0.401554652,0.476387082,0,,,,,,,0,RPUSD1,SAMD11,0,0,0
Q9UJJ7,P31941,1,0.551219512,0.401554939,0.476387226,0,,,,,,,0,RPUSD1,APOBEC3A,0,0,0
Q9UJJ7,A6NDN3,1,0.551219512,0.40155458,0.476387046,0,,,,,,,0,RPUSD1,GOLGA6B,0,0,0
Q9UJJ7,Q96M83,1,0.526829268,0.401602818,0.464216043,0,,,,,,,0,RPUSD1,CCDC7,0,0,0
Q9UJJ7,A0A0B4J1U4,1,0.551219512,0.401554881,0.476387197,0,,,,,,,0,RPUSD1,TRGV5,0,0,0
Q9P2F5,Q99457,1,0.551219512,0.401554669,0.47638709,0,,,,,,,0,STOX2,NAP1L3,0,0,0
Q9P2F5,Q16222,1,0.551219512,0.401554682,0.476387097,0,,,,,,,0,STOX2,UAP1,0,0,0
Q9P2F5,Q96MK3,1,0.551219512,0.401554951,0.476387232,0,,,,,,,0,STOX2,FAM20A,0,0,0
Q9P2F5,O00232,1,0.551219512,0.40155483,0.476387171,0,,,,,,,0,STOX2,PSMD12,0,0,0
Q9P2F5,Q9NQI0,1,0.551219512,0.40155476,0.476387136,0,,,,,,,0,STOX2,DDX4,0,0,0
Q9P2F5,Q16719,1,0.551219512,0.401554802,0.476387157,0,,,,,,,0,STOX2,KYNU,0,0,0
Q9P2F5,P35453,1,0.526829268,0.401554699,0.464191983,0,,,,,,,0,STOX2,HOXD13,0,0,0
Q9P2F5,Q00325,1,0.551219512,0.401554718,0.476387115,0,,,,,,,0,STOX2,SLC25A3,0,0,0
Q17RF5,Q8TEL6,1,0.726829268,0.401306343,0.564067806,0,,,,,,,0,ODAPH,TRPC4AP,0,0,0
Q9P2F5,Q8NHY0,1,0.551219512,0.401554935,0.476387224,0,,,,,,,0,STOX2,B4GALNT2,0,0,0
Q9P2F5,Q96BR6,1,0.551219512,0.401554587,0.47638705,0,,,,,,,0,STOX2,ZNF669,0,0,0
Q9P2F5,Q96NX5,1,0.551219512,0.401554708,0.47638711,0,,,,,,,0,STOX2,CAMK1G,0,0,0
Q9P2F5,Q7Z602,1,0.551219512,0.40155487,0.476387191,0,,,,,,,0,STOX2,GPR141,0,0,0
Q9P2F5,Q8NFQ6,1,0.551219512,0.401554955,0.476387233,0,,,,,,,0,STOX2,BPIFC,0,0,0
Q9P2F5,Q96A11,1,0.551219512,0.401633042,0.476426277,0,,,,,,,0,STOX2,GAL3ST3,0,0,0
Q9P2F5,Q96PG2,1,0.52195122,0.401603059,0.461777139,0,,,,,,,0,STOX2,MS4A10,0,0,0
Q9P2F5,P67775,1,0.551219512,0.401554697,0.476387105,0,,,,,,,0,STOX2,PPP2CA,0,0,0
Q9P2F5,Q8NGU1,1,0.551219512,0.401554895,0.476387203,0,,,,,,,0,STOX2,OR9A1P,0,0,0
Q9P2F5,Q6QN14,1,0.551219512,0.401554676,0.476387094,0,,,,,,,0,STOX2,USP17L6P,0,0,0
Q9P2F5,P28907,1,0.52195122,0.401602884,0.461777052,0,,,,,,,0,STOX2,CD38,0,0,0
Q9P2F5,Q8WWZ8,1,0.551219512,0.401554714,0.476387113,0,,,,,,,0,STOX2,OIT3,0,0,0
Q9P2F5,Q96BF3,1,0.52195122,0.401602843,0.461777031,0,,,,,,,0,STOX2,TMIGD2,0,0,0
Q9P2F5,Q92966,1,0.551219512,0.401554678,0.476387095,0,,,,,,,0,STOX2,SNAPC3,0,0,0
Q9P2F5,Q8IVV7,1,0.551219512,0.401554604,0.476387058,0,,,,,,,0,STOX2,GID4,0,0,0
Q9P2F5,P0DMS8,1,0.551219512,0.401554921,0.476387216,0,,,,,,,0,STOX2,ADORA3,0,0,0
Q9P2F5,Q9BQQ7,1,0.52195122,0.401602847,0.461777033,0,,,,,,,0,STOX2,RTP3,0,0,0
Q9P2F5,P32780,1,0.551219512,0.401554738,0.476387125,0,,,,,,,0,STOX2,GTF2H1,0,0,0
Q9P2F5,Q6UXN2,1,0.52195122,0.401602948,0.461777084,0,,,,,,,0,STOX2,TREML4,0,0,0
Q9P2F5,P06870,1,0.52195122,0.40160294,0.46177708,0,,,,,,,0,STOX2,KLK1,0,0,0
Q9P2F5,P62714,1,0.551219512,0.401554697,0.476387105,0,,,,,,,0,STOX2,PPP2CB,0,0,0
Q9P2F5,Q8N187,1,0.551219512,0.401554894,0.476387203,0,,,,,,,0,STOX2,CARF,0,0,0
Q9P2F5,Q13434,1,0.551219512,0.40163306,0.476426286,0,,,,,,,0,STOX2,MKRN4P,0,0,0
Q9P2F5,P50548,1,0.551219512,0.401554844,0.476387178,0,,,,,,,0,STOX2,ERF,0,0,0
Q9P2F5,P31271,1,0.526829268,0.401633026,0.464231147,0,,,,,,,0,STOX2,HOXA13,0,0,0
Q9P2F5,P13727,1,0.52195122,0.401681251,0.461816235,0,,,,,,,0,STOX2,PRG2,0,0,0
Q9P2F5,Q15759,1,0.551219512,0.401633143,0.476426327,0,,,,,,,0,STOX2,MAPK11,0,0,0
Q9P2F5,Q8NCB2,1,0.526829268,0.401633047,0.464231158,0,,,,,,,0,STOX2,CAMKV,0,0,0
Q9P2F5,P24001,1,0.52195122,0.401681256,0.461816238,0,,,,,,,0,STOX2,IL32,0,0,0
Q96HF1,Q9NP50,1,0.551219512,0.401634963,0.476427238,0,,,,,,,0,SFRP2,SINHCAF,0,0,0
Q96HF1,P13385,1,0.52195122,0.401634065,0.461792642,0,,,,,,,0,SFRP2,TDGF1,0,0,0
Q96HF1,P84085,1,0.536585366,0.401633632,0.469109499,0,,,,,,,0,SFRP2,ARF5,0,0,0
Q17RF5,O00592,1,0.52195122,0.401633262,0.461792241,0,,,,,,,0,ODAPH,PODXL,0,0,0
Q96HF1,Q8N4E4,1,0.551219512,0.401634961,0.476427237,0,,,,,,,0,SFRP2,PDCL2,0,0,0
Q96HF1,Q9Y620,1,0.882926829,0.401441494,0.642184162,0,,,,,,,0,SFRP2,RAD54B,0,0,0
P35226,Q02978,1,0.726829268,0.401444626,0.564136947,0,,,,,,,0,BMI1,SLC25A11,0,0,0
P35226,Q9C0I3,1,0.551219512,0.401633027,0.47642627,0,,,,,,,0,BMI1,CCSER1,0,0,0
P35226,Q99496,1,0.804878049,0.400963236,0.602920642,0,,,,,,,0,BMI1,RNF2,0,0,0
P35226,Q5T200,1,0.72195122,0.401456089,0.561703654,0,,,,,,,0,BMI1,ZC3H13,0,0,0
P35226,P13010,1,0.72195122,0.401456454,0.561703837,0,,,,,,,0,BMI1,XRCC5,0,0,0
P35226,P52298,1,0.785365854,0.401633804,0.593499829,0,,,,,,,0,BMI1,NCBP2,0,0,0
P35226,Q9BWL3,1,0.526829268,0.401634659,0.464231964,0,,,,,,,0,BMI1,C1orf43,0,0,0
P35226,Q9P2H0,1,0.726829268,0.401321139,0.564075204,0,,,,,,,0,BMI1,CEP126,0,0,0
P35226,P47756,1,0.726829268,0.401308341,0.564068805,1,0.167255595,,,,,,0,BMI1,CAPZB,0,0,0
P35226,Q14966,1,0.746341463,0.401305444,0.573823454,0,,,,,,,0,BMI1,ZNF638,0,0,0
P35226,Q9Y3I0,1,0.72195122,0.401308048,0.561629634,0,,,,,,,0,BMI1,RTCB,0,0,0
P35226,Q15293,1,0.726829268,0.401744149,0.564286709,0,,,,,,,0,BMI1,RCN1,0,0,0
P35226,P12532,1,0.726829268,0.401372166,0.564100717,0,,,,,,,0,BMI1,CKMT1B,0,0,0
P35226,O75665,1,0.746341463,0.401321222,0.573831343,0,,,,,,,0,BMI1,OFD1,0,0,0
P35226,Q12926,1,0.72195122,0.40137571,0.561663465,0,,,,,,,0,BMI1,ELAVL2,0,0,0
P35226,Q13148,1,0.726829268,0.401372586,0.564100927,0,,,,,,,0,BMI1,TARDBP,0,0,0
P35226,Q8IXK0,1,0.824390244,0.401517844,0.612954044,0,,,,,,,0,BMI1,PHC2,0,0,0
P35226,Q9UN30,1,0.72195122,0.40216133,0.562056275,0,,,,,,,0,BMI1,SCML1,0,0,0
P35226,O94972,1,0.726829268,0.401306427,0.564067848,0,,,,,,,0,BMI1,TRIM37,0,0,0
Q99457,Q92889,1,0.726829268,0.401321609,0.564075438,0,,,,,,,0,NAP1L3,ERCC4,0,0,0
Q99457,P51608,1,0.834146341,0.401644904,0.617895623,0,,,,,,,0,NAP1L3,MECP2,0,0,0
Q99457,Q8N187,1,0.551219512,0.401555318,0.476387415,0,,,,,,,0,NAP1L3,CARF,0,0,0
Q17RF5,P0CW27,1,0.526829268,0.401555517,0.464192393,0,,,,,,,0,ODAPH,CCDC166,0,0,0
O75674,Q9ULH7,1,0.551219512,0.401554754,0.476387133,0,,,,,,,0,TOM1L1,MRTFB,0,0,0
O75674,Q9ULW0,1,0.536585366,0.401555193,0.46907028,0,,,,,,,0,TOM1L1,TPX2,0,0,0
Q8NGJ6,Q9C0I3,1,0.551219512,0.401554978,0.476387245,0,,,,,,,0,OR51A4,CCSER1,0,0,0
Q9UHF0,Q8WXA9,1,0.52195122,0.40155515,0.461753185,0,,,,,,,0,TAC3,SREK1,0,0,0
O94955,Q5TB80,1,0.551219512,0.401554649,0.476387081,0,,,,,,,0,RHOBTB3,CEP162,0,0,0
O94955,O00203,1,0.551219512,0.401554752,0.476387132,0,,,,,,,0,RHOBTB3,AP3B1,0,0,0
O94955,P84085,1,0.726829268,0.401306339,0.564067804,0,,,,,,,0,RHOBTB3,ARF5,0,0,0
O94955,Q5T124,1,0.726829268,0.401371647,0.564100458,0,,,,,,,0,RHOBTB3,UBXN11,0,0,0
O94955,Q86VH2,1,0.551219512,0.401554647,0.47638708,0,,,,,,,0,RHOBTB3,KIF27,0,0,0
O15466,Q8TB24,1,0.551219512,0.401554836,0.476387174,0,,,,,,,0,ST8SIA5,RIN3,0,0,0
O15466,Q58F21,1,0.551219512,0.401554858,0.476387185,0,,,,,,,0,ST8SIA5,BRDT,0,0,0
O15466,P50747,1,0.551219512,0.401555059,0.476387286,0,,,,,,,0,ST8SIA5,HLCS,0,0,0
O15466,P40879,1,0.551219512,0.401554948,0.47638723,0,,,,,,,0,ST8SIA5,SLC26A3,0,0,0
O15466,P14923,1,0.526829268,0.401555077,0.464192173,0,,,,,,,0,ST8SIA5,JUP,0,0,0
O15466,Q9BYQ4,1,0.52195122,0.401306775,0.461628997,0,,,,,,,0,ST8SIA5,KRTAP9-2,0,0,0
O15466,Q9BZQ8,1,0.551219512,0.40155481,0.476387161,0,,,,,,,0,ST8SIA5,NIBAN1,0,0,0
O15466,Q8IYB9,1,0.536585366,0.401555437,0.469070402,0,,,,,,,0,ST8SIA5,ZNF595,0,0,0
F8VTS6,O75167,1,0.526829268,0.401555062,0.464192165,0,,,,,,,0,RFPL4AL1,PHACTR2,0,0,0
F8VTS6,P84085,1,0.551219512,0.401555832,0.476387672,0,,,,,,,0,RFPL4AL1,ARF5,0,0,0
F8VTS6,Q58G82,1,0.526829268,0.401555378,0.464192323,0,,,,,,,0,RFPL4AL1,SYT14P1,0,0,0
Q14500,Q13127,1,0.52195122,0.401603136,0.461777178,0,,,,,,,0,KCNJ12,REST,0,0,0
Q14500,Q969J2,1,0.526829268,0.401555248,0.464192258,0,,,,,,,0,KCNJ12,ZKSCAN4,0,0,0
Q14500,Q7Z4V0,1,0.526829268,0.401554959,0.464192114,0,,,,,,,0,KCNJ12,ZNF438,0,0,0
Q14500,O00755,1,0.52195122,0.401307348,0.461629284,0,,,,,,,0,KCNJ12,WNT7A,0,0,0
Q14500,Q8NCX0,1,0.551219512,0.401554759,0.476387136,0,,,,,,,0,KCNJ12,CCDC150,0,0,0
Q14500,Q9H334,1,0.536585366,0.40155483,0.469070098,0,,,,,,,0,KCNJ12,FOXP1,0,0,0
Q14500,Q15276,1,0.551219512,0.401554932,0.476387222,0,,,,,,,0,KCNJ12,RABEP1,0,0,0
Q14500,P54886,1,0.551219512,0.401555007,0.47638726,0,,,,,,,0,KCNJ12,ALDH18A1,0,0,0
B4DZS4,Q9GZX7,1,0.52195122,0.401555057,0.461753138,0,,,,,,,0,TCP11X1,AICDA,0,0,0
B4DZS4,A6H8Y1,1,0.526829268,0.401603034,0.464216151,0,,,,,,,0,TCP11X1,BDP1,0,0,0
B4DZS4,Q8NFC6,1,0.52195122,0.401603009,0.461777114,0,,,,,,,0,TCP11X1,BOD1L1,0,0,0
Q6ZTU2,Q02086,1,0.526829268,0.401555264,0.464192266,0,,,,,,,0,EP400P1,SP2,0,0,0
Q5T6C5,A4FU49,1,0.52195122,0.401555422,0.461753321,0,,,,,,,0,ATXN7L2,SH3D21,0,0,0
Q5T6C5,A0A0B4J271,1,0.551219512,0.401554752,0.476387132,0,,,,,,,0,ATXN7L2,TRAV12-3,0,0,0
Q5T6C5,O96013,1,0.536585366,0.401555209,0.469070288,0,,,,,,,0,ATXN7L2,PAK4,0,0,0
Q5T6C5,Q8TF50,1,0.72195122,0.401323268,0.561637244,0,,,,,,,0,ATXN7L2,ZNF526,0,0,0
Q5T6C5,Q5HYW3,1,0.526829268,0.40155542,0.464192344,0,,,,,,,0,ATXN7L2,RTL5,0,0,0
Q5T6C5,O43313,1,0.52195122,0.401555926,0.461753573,0,,,,,,,0,ATXN7L2,ATMIN,0,0,0
Q5T6C5,Q6UX07,1,0.526829268,0.401555379,0.464192324,0,,,,,,,0,ATXN7L2,DHRS13,0,0,0
Q5T6C5,Q96HV5,1,0.526829268,0.401555623,0.464192446,0,,,,,,,0,ATXN7L2,TMEM41A,0,0,0
Q5T6C5,Q16586,1,0.526829268,0.40155539,0.464192329,0,,,,,,,0,ATXN7L2,SGCA,0,0,0
Q5T6C5,Q9H1R3,1,0.52195122,0.401555584,0.461753402,0,,,,,,,0,ATXN7L2,MYLK2,0,0,0
Q5T6C5,A0A096LP01,1,0.551219512,0.401554712,0.476387112,0,,,,,,,0,ATXN7L2,SMIM26,0,0,0
Q9NVI1,Q9BY31,1,0.551219512,0.401555148,0.47638733,0,,,,,,,0,FANCI,ZNF717,0,0,0
Q9NVI1,Q9H2G4,1,0.52195122,0.401603383,0.461777301,0,,,,,,,0,FANCI,TSPYL2,0,0,0
Q9NVI1,Q2TAK8,1,0.52195122,0.401603297,0.461777258,0,,,,,,,0,FANCI,PWWP3A,0,0,0
Q02978,Q99496,1,0.72195122,0.401311421,0.56163132,0,,,,,,,0,SLC25A11,RNF2,0,0,0
Q02978,Q96K58,1,0.536585366,0.401555343,0.469070355,0,,,,,,,0,SLC25A11,ZNF668,0,0,0
Q02978,Q8IZP0,1,0.72195122,0.401035821,0.56149352,0,,,,,,,0,SLC25A11,ABI1,0,0,0
Q02978,O75503,1,0.726829268,0.401651243,0.564240256,0,,,,,,,0,SLC25A11,CLN5,0,0,0
Q02978,P36957,1,0.829268293,0.401309171,0.615288732,0,,,,,,,0,SLC25A11,DLST,0,0,0
Q02978,O95994,1,0.717073171,0.401051386,0.559062278,0,,,,,,,0,SLC25A11,AGR2,0,0,0
Q02978,Q8IXK0,1,0.536585366,0.401555017,0.469070191,0,,,,,,,0,SLC25A11,PHC2,0,0,0
Q02978,P13727,1,0.72195122,0.401373777,0.561662498,0,,,,,,,0,SLC25A11,PRG2,0,0,0
Q02978,Q8WU79,1,0.726829268,0.401307218,0.564068243,0,,,,,,,0,SLC25A11,SMAP2,0,0,0
Q15233,Q13127,1,0.726829268,0.401321452,0.56407536,0,,,,,,,0,NONO,REST,0,0,0
Q15233,P52298,1,0.819512195,0.401324103,0.610418149,0,,,,,,,0,NONO,NCBP2,0,0,0
Q15233,P63252,1,0.726829268,0.401645547,0.564237408,0,,,,,,,0,NONO,KCNJ2,0,0,0
Q15233,O96013,1,0.619512195,0.401372306,0.510442251,0,,,,,,,0,NONO,PAK4,0,0,0
Q15233,Q96G74,1,0.72195122,0.40164681,0.561799015,0,,,,,,,0,NONO,OTUD5,0,0,0
Q15233,Q8WXA9,1,0.834146341,0.401308899,0.61772762,0,,,,,,,0,NONO,SREK1,0,0,0
Q15233,P52272,1,0.726829268,0.40132176,0.564075514,0,,,,,,,0,NONO,HNRNPM,0,0,0
Q15233,O95994,1,0.726829268,0.401184108,0.564006688,0,,,,,,,0,NONO,AGR2,0,0,0
Q15233,P54886,1,0.726829268,0.40130706,0.564068164,0,,,,,,,0,NONO,ALDH18A1,0,0,0
Q8TB24,Q6IMI6,1,0.52195122,0.401603004,0.461777112,0,,,,,,,0,RIN3,SULT1C3,0,0,0
Q8TB24,Q00325,1,0.741463415,0.401521677,0.571492546,0,,,,,,,0,RIN3,SLC25A3,0,0,0
Q8TB24,Q9Y3I0,1,0.72195122,0.401321243,0.561636231,0,,,,,,,0,RIN3,RTCB,0,0,0
Q8TB24,Q8IZP0,1,0.746341463,0.401538224,0.573939844,0,,,,,,,0,RIN3,ABI1,0,0,0
Q8TB24,Q14165,1,0.72195122,0.401321543,0.561636381,0,,,,,,,0,RIN3,MLEC,0,0,0
Q8TB24,Q9P2W7,1,0.52195122,0.401602945,0.461777082,0,,,,,,,0,RIN3,B3GAT1,0,0,0
Q8TB24,Q8N6G5,1,0.526829268,0.401554997,0.464192133,0,,,,,,,0,RIN3,CSGALNACT2,0,0,0
Q8TB24,P47804,1,0.52195122,0.401603036,0.461777128,0,,,,,,,0,RIN3,RGR,0,0,0
Q8TB24,Q6XPS3,1,0.526829268,0.401554812,0.46419204,0,,,,,,,0,RIN3,TPTE2,0,0,0
Q8TB24,O43463,1,0.736585366,0.401517673,0.569051519,0,,,,,,,0,RIN3,SUV39H1,0,0,0
Q8TB24,O95202,1,0.726829268,0.401307102,0.564068185,0,,,,,,,0,RIN3,LETM1,0,0,0
Q8TB24,P12319,1,0.52195122,0.401602953,0.461777086,0,,,,,,,0,RIN3,FCER1A,0,0,0
Q8TB24,O00322,1,0.52195122,0.401602984,0.461777102,0,,,,,,,0,RIN3,UPK1A,0,0,0
Q8TB24,Q8WV41,1,0.736585366,0.401517588,0.569051477,0,,,,,,,0,RIN3,SNX33,0,0,0
O43900,Q9UJK0,1,0.726829268,0.401307144,0.564068206,0,,,,,,,0,PRICKLE3,TSR3,0,0,0
O43900,Q9HCM4,1,0.72195122,0.401310205,0.561630712,0,,,,,,,0,PRICKLE3,EPB41L5,0,0,0
O43900,Q8IVV7,1,0.751219512,0.401317003,0.576268258,0,,,,,,,0,PRICKLE3,GID4,0,0,0
O43900,Q9H6H4,1,0.551219512,0.401555001,0.476387257,0,,,,,,,0,PRICKLE3,REEP4,0,0,0
O43900,Q8NCB2,1,0.751219512,0.401202227,0.57621087,0,,,,,,,0,PRICKLE3,CAMKV,0,0,0
Q8TC71,A6H8Y1,1,0.526829268,0.401602962,0.464216115,0,,,,,,,0,SPATA18,BDP1,0,0,0
Q8TC71,Q8NFC6,1,0.52195122,0.401602939,0.461777079,0,,,,,,,0,SPATA18,BOD1L1,0,0,0
Q15118,Q96EL2,1,0.726829268,0.401321459,0.564075364,0,,,,,,,0,PDK1,MRPS24,0,0,0
Q8N448,Q11203,1,0.551219512,0.401554691,0.476387101,0,,,,,,,0,LNX2,ST3GAL3,0,0,0
Q12951,Q9BTL3,1,0.731707317,0.401322562,0.56651494,0,,,,,,,0,FOXI1,RAMAC,0,0,0
Q8N448,Q92530,1,0.726829268,0.401306278,0.564067773,0,,,,,,,0,LNX2,PSMF1,0,0,0
Q8N448,Q86W34,1,0.551219512,0.401554695,0.476387103,0,,,,,,,0,LNX2,AMZ2,0,0,0
Q8N448,Q6NSJ5,1,0.72195122,0.401308685,0.561629952,0,,,,,,,0,LNX2,LRRC8E,0,0,0
Q8N448,Q6UWI4,1,0.726829268,0.401306668,0.564067968,0,,,,,,,0,LNX2,SHISA2,0,0,0
Q8N448,P49888,1,0.526829268,0.401554927,0.464192098,0,,,,,,,0,LNX2,SULT1E1,0,0,0
Q8N448,Q969I3,1,0.526829268,0.401554937,0.464192103,0,,,,,,,0,LNX2,GLYATL1,0,0,0
Q8N448,Q14005,1,0.741463415,0.40151857,0.571490992,0,,,,,,,0,LNX2,IL16,0,0,0
Q8N448,Q13148,1,0.829268293,0.401306533,0.615287413,0,,,,,,,0,LNX2,TARDBP,0,0,0
Q8N448,Q5VUY2,1,0.551219512,0.401554909,0.476387211,0,,,,,,,0,LNX2,AADACL4,0,0,0
O14490,Q5T200,1,0.536585366,0.401554836,0.469070101,0,,,,,,,0,DLGAP1,ZC3H13,0,0,0
O14490,Q5VTQ0,1,0.551219512,0.40155518,0.476387346,0,,,,,,,0,DLGAP1,TTC39B,0,0,0
O14490,A0A1B0GUW6,1,0.551219512,0.401554695,0.476387104,0,,,,,,,0,DLGAP1,SPEM3,0,0,0
Q15118,Q5TEU4,1,0.731707317,0.401321888,0.566514602,0,,,,,,,0,PDK1,NDUFAF5,0,0,0
P28566,Q8IVI9,1,0.536585366,0.401555309,0.469070338,0,,,,,,,0,HTR1E,NOSTRIN,0,0,0
Q12951,Q8NHY0,1,0.551219512,0.401555011,0.476387261,0,,,,,,,0,FOXI1,B4GALNT2,0,0,0
P28566,O95104,1,0.551219512,0.401555,0.476387256,0,,,,,,,0,HTR1E,SCAF4,0,0,0
P28566,Q9BQ52,1,0.551219512,0.401554691,0.476387102,0,,,,,,,0,HTR1E,ELAC2,0,0,0
P28566,Q17R89,1,0.551219512,0.401554733,0.476387122,0,,,,,,,0,HTR1E,ARHGAP44,0,0,0
P28566,Q8NDV3,1,0.526829268,0.401603029,0.464216149,0,,,,,,,0,HTR1E,SMC1B,0,0,0
P28566,Q9UK13,1,0.526829268,0.401555645,0.464192457,0,,,,,,,0,HTR1E,ZNF221,0,0,0
P28566,Q9C0B9,1,0.52195122,0.401603,0.46177711,0,,,,,,,0,HTR1E,ZCCHC2,0,0,0
Q12951,Q8NFQ6,1,0.551219512,0.40155549,0.476387501,0,,,,,,,0,FOXI1,BPIFC,0,0,0
P28566,Q5JNZ3,1,0.551219512,0.401555089,0.476387301,0,,,,,,,0,HTR1E,ZNF311,0,0,0
Q16222,O95994,1,0.726829268,0.401441639,0.564135454,0,,,,,,,0,UAP1,AGR2,0,0,0
Q13115,Q14126,1,0.72195122,0.401308082,0.561629651,0,,,,,,,0,DUSP4,DSG2,0,0,0
Q13115,P14923,1,0.726829268,0.40130651,0.564067889,0,,,,,,,0,DUSP4,JUP,0,0,0
Q13115,Q9ULV4,1,0.72195122,0.401375333,0.561663276,0,,,,,,,0,DUSP4,CORO1C,0,0,0
Q13115,Q96BR5,1,0.780487805,0.401556551,0.591022178,0,,,,,,,0,DUSP4,COA7,0,0,0
Q9BTL3,Q13127,1,0.526829268,0.401602945,0.464216107,0,,,,,,,0,RAMAC,REST,0,0,0
Q9BTL3,Q13188,1,0.536585366,0.401554957,0.469070161,0,,,,,,,0,RAMAC,STK3,0,0,0
Q9BTL3,Q969J2,1,0.551219512,0.401555019,0.476387265,0,,,,,,,0,RAMAC,ZKSCAN4,0,0,0
Q9BTL3,Q7Z4V0,1,0.551219512,0.401554766,0.476387139,0,,,,,,,0,RAMAC,ZNF438,0,0,0
Q9BTL3,Q8NHV4,1,0.52195122,0.401555011,0.461753115,0,,,,,,,0,RAMAC,NEDD1,0,0,0
Q9BTL3,O75665,1,0.526829268,0.4016031,0.464216184,0,,,,,,,0,RAMAC,OFD1,0,0,0
Q9BTL3,Q8NDC0,1,0.726829268,0.401306338,0.564067803,0,,,,,,,0,RAMAC,MAPK1IP1L,0,0,0
Q9BTL3,Q494V2,1,0.536585366,0.401555067,0.469070216,0,,,,,,,0,RAMAC,CFAP100,0,0,0
Q9BTL3,Q5FWF5,1,0.551219512,0.401554707,0.47638711,0,,,,,,,0,RAMAC,ESCO1,0,0,0
Q9BTL3,P39023,1,0.536585366,0.401554988,0.469070177,0,,,,,,,0,RAMAC,RPL3,0,0,0
Q9BTL3,Q8NCX0,1,0.551219512,0.401554792,0.476387152,0,,,,,,,0,RAMAC,CCDC150,0,0,0
Q9BTL3,Q8IY85,1,0.526829268,0.401603101,0.464216184,0,,,,,,,0,RAMAC,EFCAB13,0,0,0
P51580,Q96M83,1,0.52195122,0.401602976,0.461777098,0,,,,,,,0,TPMT,CCDC7,0,0,0
Q5TDH0,O43463,1,0.726829268,0.401743671,0.56428647,0,,,,,,,0,DDI2,SUV39H1,0,0,0
Q5TDH0,Q96BR5,1,0.72195122,0.401309134,0.561630177,0,,,,,,,0,DDI2,COA7,0,0,0
Q5TDH0,Q13148,1,0.834146341,0.401991743,0.618069042,0,,,,,,,0,DDI2,TARDBP,0,0,0
Q96MK3,Q9NQI0,1,0.551219512,0.401555406,0.476387459,0,,,,,,,0,FAM20A,DDX4,0,0,0
Q96MK3,Q7Z602,1,0.536585366,0.401554837,0.469070101,0,,,,,,,0,FAM20A,GPR141,0,0,0
Q96MK3,Q8NGU1,1,0.52195122,0.401555013,0.461753116,0,,,,,,,0,FAM20A,OR9A1P,0,0,0
Q96MK3,P0DMS8,1,0.551219512,0.401555304,0.476387408,0,,,,,,,0,FAM20A,ADORA3,0,0,0
P49189,P21580,1,0.726829268,0.401307529,0.564068399,0,,,,,,,0,ALDH9A1,TNFAIP3,0,0,0
Q8N344,Q99496,1,0.72195122,0.401307706,0.561629463,0,,,,,,,0,MIER2,RNF2,0,0,0
Q8N344,O75381,1,0.726829268,0.401307173,0.564068221,0,,,,,,,0,MIER2,PEX14,0,0,0
Q8IV32,Q3YEC7,1,0.726829268,0.401307455,0.564068362,0,,,,,,,0,CCDC71,RABL6,0,0,0
Q8N344,Q14005,1,0.741463415,0.401529248,0.571496331,0,,,,,,,0,MIER2,IL16,0,0,0
Q8N344,A7XYQ1,1,0.551219512,0.401633036,0.476426274,0,,,,,,,0,MIER2,SOBP,0,0,0
Q14807,Q96K58,1,0.72195122,0.400786889,0.561369054,0,,,,,,,0,KIF22,ZNF668,0,0,0
Q14807,Q92765,1,0.551219512,0.401633107,0.47642631,0,,,,,,,0,KIF22,FRZB,0,0,0
Q14807,Q32NC0,1,0.726829268,0.401321931,0.5640756,0,,,,,,,0,KIF22,C18orf21,0,0,0
Q14807,Q6UWI4,1,0.536585366,0.401633426,0.469109396,0,,,,,,,0,KIF22,SHISA2,0,0,0
Q14807,P79483,1,0.526829268,0.401633051,0.464231159,0,,,,,,,0,KIF22,HLA-DRB3,0,0,0
Q14184,O43290,1,0.551219512,0.401554664,0.476387088,0,,,,,,,0,DOC2B,SART1,0,0,0
A8MZ26,Q8IVP9,1,0.551219512,0.401555514,0.476387513,0,,,,,,,0,EFCAB9,ZNF547,0,0,0
A8MZ26,Q9P1V8,1,0.551219512,0.401555135,0.476387324,0,,,,,,,0,EFCAB9,SAMD15,0,0,0
A8MZ26,Q96K58,1,0.526829268,0.401555154,0.464192211,0,,,,,,,0,EFCAB9,ZNF668,0,0,0
A8MZ26,O15381,1,0.526829268,0.401555013,0.464192141,0,,,,,,,0,EFCAB9,NVL,0,0,0
A8MZ26,Q9Y371,1,0.52195122,0.401555244,0.461753232,0,,,,,,,0,EFCAB9,SH3GLB1,0,0,0
A8MZ26,Q9BYV6,1,0.526829268,0.401555319,0.464192294,0,,,,,,,0,EFCAB9,TRIM55,0,0,0
A8MZ26,P54278,1,0.551219512,0.401554915,0.476387214,0,,,,,,,0,EFCAB9,PMS2,0,0,0
A8MZ26,A0A0J9YX57,1,0.526829268,0.401555681,0.464192475,0,,,,,,,0,EFCAB9,MAGEB6B,0,0,0
A8MZ26,Q8IXK0,1,0.526829268,0.401554973,0.464192121,0,,,,,,,0,EFCAB9,PHC2,0,0,0
P14314,O75452,1,0.536585366,0.401555337,0.469070351,0,,,,,,,0,PRKCSH,RDH16,0,0,0
P14314,Q11203,1,0.52195122,0.401555503,0.461753361,0,,,,,,,0,PRKCSH,ST3GAL3,0,0,0
P14314,Q86YW0,1,0.726829268,0.401308433,0.564068851,0,,P14314,Q86YW0,"psi-mi:""MI:0030""(cross-linking study)",taxid:9606(Homo sapiens),2,1,PRKCSH,PLCZ1,0,0,0
P14314,O95104,1,0.536585366,0.401554956,0.469070161,0,,,,,,,0,PRKCSH,SCAF4,0,0,0
P14314,Q2MV58,1,0.72195122,0.401414861,0.56168304,0,,,,,,,0,PRKCSH,TCTN1,0,0,0
P14314,O75381,1,0.726829268,0.401371785,0.564100527,0,,,,,,,0,PRKCSH,PEX14,0,0,0
P14314,Q9H2S6,1,0.526829268,0.40155509,0.464192179,0,,,,,,,0,PRKCSH,TNMD,0,0,0
P14314,Q8NDV3,1,0.52195122,0.401603159,0.461777189,0,,,,,,,0,PRKCSH,SMC1B,0,0,0
P14314,Q6NUS6,1,0.72195122,0.401310249,0.561630734,0,,,,,,,0,PRKCSH,TCTN3,0,0,0
P14314,O95994,1,0.726829268,0.401307716,0.564068492,0,,,,,,,0,PRKCSH,AGR2,0,0,0
P14314,P00167,1,0.726829268,0.401307406,0.564068337,0,,,,,,,0,PRKCSH,CYB5A,0,0,0
P14314,Q86VH2,1,0.756097561,0.40122645,0.578662005,0,,,,,,,0,PRKCSH,KIF27,0,0,0
Q9BRV3,Q0VG06,1,0.526829268,0.401555112,0.46419219,0,,,,,,,0,SLC50A1,FAAP100,0,0,0
Q9BRV3,P49756,1,0.52195122,0.401555297,0.461753258,0,,,,,,,0,SLC50A1,RBM25,0,0,0
Q8IV32,P35269,1,0.72195122,0.40078517,0.561368195,0,,,,,,,0,CCDC71,GTF2F1,0,0,0
Q13127,Q99496,1,0.746341463,0.401528195,0.573934829,0,,,,,,,0,REST,RNF2,0,0,0
Q13127,Q99727,1,0.526829268,0.401681327,0.464255298,0,,,,,,,0,REST,TIMP4,0,0,0
Q13127,P52272,1,0.726829268,0.401321646,0.564075457,0,,,,,,,0,REST,HNRNPM,0,0,0
Q13127,P05198,1,0.746341463,0.401305449,0.573823456,0,,,,,,,0,REST,EIF2S1,0,0,0
Q13127,P39023,1,0.785365854,0.401603027,0.593484441,0,,,,,,,0,REST,RPL3,0,0,0
Q13127,Q8N4E4,1,0.741463415,0.401528731,0.571496073,0,,,,,,,0,REST,PDCL2,0,0,0
Q13127,P49207,1,0.726829268,0.401321121,0.564075194,0,,,,,,,0,REST,RPL34,0,0,0
Q13127,Q8N257,1,0.726829268,0.401321081,0.564075175,0,,,,,,,0,REST,H2BC26,0,0,0
Q02252,A6H8Y1,1,0.526829268,0.401602848,0.464216058,0,,,,,,,0,ALDH6A1,BDP1,0,0,0
Q02252,Q8NFC6,1,0.52195122,0.40160285,0.461777035,0,,,,,,,0,ALDH6A1,BOD1L1,0,0,0
Q8IV32,Q9BQS8,1,0.726829268,0.401306809,0.564068039,0,,,,,,,0,CCDC71,FYCO1,0,0,0
P0DJD8,Q9UEG4,1,0.536585366,0.401554971,0.469070169,0,,,,,,,0,PGA3,ZNF629,0,0,0
P15121,A6H8Y1,1,0.526829268,0.401603188,0.464216228,0,,,,,,,0,AKR1B1,BDP1,0,0,0
P15121,Q8NFC6,1,0.526829268,0.401603019,0.464216144,0,,,,,,,0,AKR1B1,BOD1L1,0,0,0
P15121,Q5VWK0,1,0.536585366,0.401554986,0.469070176,0,,,,,,,0,AKR1B1,NBPF6,0,0,0
P01824,Q96M83,1,0.52195122,0.40160321,0.461777215,0,,,,,,,0,IGHV4-39,CCDC7,0,0,0
O95476,O60602,1,0.726829268,0.401306912,0.56406809,0,,,,,,,0,CTDNEP1,TLR5,0,0,0
O95476,Q7Z418,1,0.72195122,0.401322873,0.561637046,0,,,,,,,0,CTDNEP1,KCNK18,0,0,0
Q15118,Q9Y2Z4,1,0.72195122,0.40089749,0.561424355,0,,,,,,,0,PDK1,YARS2,0,0,0
Q6UUV7,Q8NHV4,1,0.726829268,0.401373269,0.564101269,0,,,,,,,0,CRTC3,NEDD1,0,0,0
O95872,Q10567,1,0.726829268,0.401322277,0.564075773,0,,,,,,,0,GPANK1,AP1B1,0,0,0
O95872,P40199,1,0.72195122,0.399665944,0.560808582,0,,,,,,,0,GPANK1,CEACAM6,0,0,0
Q8WV92,P13010,1,0.746341463,0.401306495,0.573823979,0,,,,,,,0,MITD1,XRCC5,0,0,0
P0DJD8,Q14966,1,0.52195122,0.401603194,0.461777207,0,,,,,,,0,PGA3,ZNF638,0,0,0
O00232,Q99496,1,0.72195122,0.401308118,0.561629669,0,,,,,,,0,PSMD12,RNF2,0,0,0
O00232,Q6N069,1,0.72195122,0.401308639,0.561629929,0,,,,,,,0,PSMD12,NAA16,0,0,0
O00232,Q9UNM6,1,0.72195122,0.40103487,0.561493045,0,,,,,,,0,PSMD12,PSMD13,0,0,0
O00232,O96013,1,0.590243902,0.401309313,0.495776608,0,,,,,,,0,PSMD12,PAK4,0,0,0
O00232,P25789,1,0.72195122,0.401308228,0.561629724,0,,,,,,,0,PSMD12,PSMA4,0,0,0
O00232,Q8IVV7,1,0.526829268,0.401555072,0.46419217,0,,,,,,,0,PSMD12,GID4,0,0,0
O00232,P0DMS8,1,0.551219512,0.401555367,0.476387439,0,,,,,,,0,PSMD12,ADORA3,0,0,0
O00232,P32780,1,0.526829268,0.401555314,0.464192291,0,,,,,,,0,PSMD12,GTF2H1,0,0,0
O00232,P62714,1,0.551219512,0.401554887,0.4763872,0,,,,,,,0,PSMD12,PPP2CB,0,0,0
O00232,Q8N187,1,0.551219512,0.401554772,0.476387142,0,,,,,,,0,PSMD12,CARF,0,0,0
O00232,O95994,1,0.726829268,0.401306872,0.56406807,0,,,,,,,0,PSMD12,AGR2,0,0,0
O00232,P50548,1,0.526829268,0.401556785,0.464193027,0,,,,,,,0,PSMD12,ERF,0,0,0
O00232,Q15759,1,0.526829268,0.401554697,0.464191983,0,,,,,,,0,PSMD12,MAPK11,0,0,0
O00232,Q76G19,1,0.536585366,0.401555033,0.469070199,0,,,,,,,0,PSMD12,PDZD4,0,0,0
Q9NSY1,Q10567,1,0.72195122,0.401051735,0.561501477,0,,,,,,,0,BMP2K,AP1B1,0,0,0
Q9NSY1,Q9HBJ7,1,0.551219512,0.401554961,0.476387236,0,,,,,,,0,BMP2K,USP29,0,0,0
Q9NSY1,Q8WU79,1,0.736585366,0.401517418,0.569051392,0,,,,,,,0,BMP2K,SMAP2,0,0,0
Q6YFQ2,O75360,1,0.717073171,0.401325001,0.559199086,1,0.075382803,,,,,,0,COX6B2,PROP1,0,0,0
O75880,Q9Y6N1,1,0.72195122,0.401140862,0.561546041,0,,,,,,,0,SCO1,COX11,0,0,0
Q8N6M3,P51684,1,0.72195122,0.401309583,0.561630401,0,,,,,,,0,FITM2,CCR6,0,0,0
Q8N6M3,Q5TB80,1,0.52195122,0.401603242,0.461777231,0,,,,,,,0,FITM2,CEP162,0,0,0
Q8N6M3,Q99788,1,0.72195122,0.401308917,0.561630068,0,,,,,,,0,FITM2,CMKLR1,0,0,0
Q8N6M3,O00322,1,0.72195122,0.401374601,0.56166291,0,,,,,,,0,FITM2,UPK1A,0,0,0
P0DJD8,Q15643,1,0.551219512,0.40155475,0.476387131,0,,,,,,,0,PGA3,TRIP11,0,0,0
Q8N6M3,Q9H313,1,0.717073171,0.401323178,0.559198174,0,,,,,,,0,FITM2,TTYH1,0,0,0
Q13188,P52736,1,0.736585366,0.401530705,0.569058035,0,,,,,,,0,STK3,ZNF133,0,0,0
Q8WVV4,Q06546,1,0.72195122,0.401309303,0.561630261,0,,,,,,,0,POF1B,GABPA,0,0,0
Q8WVV4,O75716,1,0.72195122,0.40132269,0.561636955,0,,,,,,,0,POF1B,STK16,0,0,0
Q8WVV4,P23327,1,0.72195122,0.401035137,0.561493178,0,,,,,,,0,POF1B,HRC,0,0,0
Q8WVV4,Q969X2,1,0.785365854,0.401473809,0.593419831,0,,,,,,,0,POF1B,ST6GALNAC6,0,0,0
Q8N9U0,Q14005,1,0.551219512,0.401554605,0.476387059,0,,,,,,,0,TC2N,IL16,0,0,0
Q8N9U0,Q9P2N2,1,0.526829268,0.401554766,0.464192017,0,,,,,,,0,TC2N,ARHGAP28,0,0,0
Q8N9U0,Q15003,1,0.526829268,0.401554769,0.464192019,0,,,,,,,0,TC2N,NCAPH,0,0,0
Q5JQF8,I3L273,1,0.551219512,0.401554868,0.47638719,0,,,,,,,0,PABPC1L2B,GFY,0,0,0
Q5JQF8,Q8IV20,1,0.536585366,0.401554995,0.46907018,0,,,,,,,0,PABPC1L2B,LACC1,0,0,0
Q5JQF8,P85299,1,0.526829268,0.401555214,0.464192241,0,,,,,,,0,PABPC1L2B,PRR5,0,0,0
Q5JQF8,O75157,1,0.551219512,0.401554611,0.476387061,0,,,,,,,0,PABPC1L2B,TSC22D2,0,0,0
Q5JQF8,Q9Y467,1,0.551219512,0.401554623,0.476387067,0,,,,,,,0,PABPC1L2B,SALL2,0,0,0
Q5JQF8,Q9NW07,1,0.551219512,0.401554859,0.476387185,0,,,,,,,0,PABPC1L2B,ZNF358,0,0,0
Q5JQF8,Q96HH9,1,0.536585366,0.401554907,0.469070136,0,,,,,,,0,PABPC1L2B,GRAMD2B,0,0,0
Q9NW75,Q6UXN2,1,0.52195122,0.40155531,0.461753265,0,,,,,,,0,GPATCH2,TREML4,0,0,0
O95772,Q96MY7,1,0.52195122,0.401555159,0.461753189,0,,,,,,,0,STARD3NL,FAM161B,0,0,0
O95772,Q96NU1,1,0.551219512,0.401554945,0.476387229,0,,,,,,,0,STARD3NL,SAMD11,0,0,0
P21854,Q02297,1,0.72195122,0.401309961,0.56163059,0,,,,,,,0,CD72,NRG1,0,0,0
O75452,Q15648,1,0.52195122,0.401603192,0.461777206,0,,,,,,,0,RDH16,MED1,0,0,0
Q5T036,A6H8Y1,1,0.52195122,0.401602881,0.46177705,0,,,,,,,0,FAM120AOS,BDP1,0,0,0
Q5T036,Q8NFC6,1,0.52195122,0.401602971,0.461777095,0,,,,,,,0,FAM120AOS,BOD1L1,0,0,0
O60701,Q8NFC6,1,0.526829268,0.401602988,0.464216128,0,,,,,,,0,UGDH,BOD1L1,0,0,0
Q5T5S1,Q10567,1,0.726829268,0.401307379,0.564068324,0,,,,,,,0,CCDC183,AP1B1,0,0,0
Q5T5S1,Q9UI47,1,0.785365854,0.401556101,0.593460977,0,,,,,,,0,CCDC183,CTNNA3,0,0,0
Q5T5S1,Q96T51,1,0.717073171,0.40132447,0.559198821,0,,,,,,,0,CCDC183,RUFY1,0,0,0
Q5T5S1,Q9H334,1,0.741463415,0.401258705,0.57136106,0,,,,,,,0,CCDC183,FOXP1,0,0,0
Q5T5S1,Q15276,1,0.746341463,0.40113891,0.573740187,0,,,,,,,0,CCDC183,RABEP1,0,0,0
Q8IZ41,Q8NFC6,1,0.526829268,0.401602879,0.464216074,0,,,,,,,0,RASEF,BOD1L1,0,0,0
Q8IZ41,Q8N2N9,1,0.52195122,0.401602803,0.461777011,0,,,,,,,0,RASEF,ANKRD36B,0,0,0
Q14973,Q14542,1,0.726829268,0.401306907,0.564068088,0,,,,,,,0,SLC10A1,SLC29A2,0,0,0
Q14973,P54278,1,0.551219512,0.401555074,0.476387293,0,,,,,,,0,SLC10A1,PMS2,0,0,0
Q14973,Q969X1,1,0.726829268,0.401645822,0.564237545,0,,,,,,,0,SLC10A1,TMBIM1,0,0,0
Q14126,P52298,1,0.829268293,0.401306505,0.615287399,0,,,,,,,0,DSG2,NCBP2,0,0,0
Q14126,P14923,1,0.72195122,0.401322623,0.561636921,1,0.997644287,,,,,,0,DSG2,JUP,0,0,0
Q14126,P36957,1,0.726829268,0.401306811,0.56406804,0,,,,,,,0,DSG2,DLST,0,0,0
Q14126,Q9UI42,1,0.52195122,0.401603139,0.461777179,0,,,,,,,0,DSG2,CPA4,0,0,0
Q86SQ7,Q96M63,1,0.717073171,0.401049611,0.559061391,0,,,,,,,0,SDCCAG8,ODAD1,0,0,0
Q86SS6,Q76L83,1,0.551219512,0.401554804,0.476387158,0,,,,,,,0,SYT9,ASXL2,0,0,0
Q11203,Q99788,1,0.72195122,0.401633208,0.561792214,0,,,,,,,0,ST3GAL3,CMKLR1,0,0,0
Q96M43,Q8NFC6,1,0.52195122,0.401603072,0.461777146,0,,,,,,,0,NBPF4,BOD1L1,0,0,0
Q86SQ7,O75665,1,0.72195122,0.401308529,0.561629874,0,,,,,,,0,SDCCAG8,OFD1,0,0,0
Q9BR76,Q9UJS0,1,0.72195122,0.401307941,0.56162958,0,,,,,,,0,CORO1B,SLC25A13,0,0,0
Q9BR76,Q9ULV4,1,0.804878049,0.402037062,0.603457556,0,,,,,,,0,CORO1B,CORO1C,0,0,0
Q9BR76,P10515,1,0.8,0.401090111,0.600545056,0,,,,,,,0,CORO1B,DLAT,0,0,0
Q9BR76,Q9Y4R8,1,0.785365854,0.401555844,0.593460849,0,,,,,,,0,CORO1B,TELO2,0,0,0
Q9BR76,P00167,1,0.72195122,0.401307967,0.561629593,0,,,,,,,0,CORO1B,CYB5A,0,0,0
Q99496,P13010,1,0.726829268,0.401321763,0.564075516,0,,,,,,,0,RNF2,XRCC5,0,0,0
Q99496,Q14966,1,0.746341463,0.401393239,0.573867351,0,,,,,,,0,RNF2,ZNF638,0,0,0
Q99496,Q96B02,1,0.741463415,0.401533106,0.57149826,0,,,,,,,0,RNF2,UBE2W,0,0,0
Q99496,O75157,1,0.751219512,0.401201953,0.576210733,0,,,,,,,0,RNF2,TSC22D2,0,0,0
Q99496,Q6P996,1,0.726829268,0.401307335,0.564068302,0,,,,,,,0,RNF2,PDXDC1,0,0,0
Q99496,Q9NP50,1,0.726829268,0.401049302,0.563939285,0,,,,,,,0,RNF2,SINHCAF,0,0,0
Q99496,Q15293,1,0.72195122,0.401887632,0.561919426,0,,,,,,,0,RNF2,RCN1,0,0,0
Q99496,Q14692,1,0.726829268,0.401306563,0.564067916,0,,,,,,,0,RNF2,BMS1,0,0,0
Q99496,P05198,1,0.726829268,0.401308351,0.564068809,0,,,,,,,0,RNF2,EIF2S1,0,0,0
Q99496,P39023,1,0.72195122,0.401374788,0.561663004,0,,,,,,,0,RNF2,RPL3,0,0,0
Q99496,Q13148,1,0.72195122,0.401374727,0.561662973,0,,,,,,,0,RNF2,TARDBP,0,0,0
Q99496,Q8IXK0,1,0.848780488,0.401226938,0.625003713,0,,,,,,,0,RNF2,PHC2,0,0,0
Q99496,Q9UN30,1,0.72195122,0.401631008,0.561791114,0,,,,,,,0,RNF2,SCML1,0,0,0
Q99496,P49207,1,0.72195122,0.401308508,0.561629864,0,,,,,,,0,RNF2,RPL34,0,0,0
Q99496,Q8N257,1,0.72195122,0.401308779,0.561629999,0,,,,,,,0,RNF2,H2BC26,0,0,0
Q99496,O43290,1,0.731707317,0.401322009,0.566514663,0,,,,,,,0,RNF2,SART1,0,0,0
Q99496,Q15003,1,0.726829268,0.401307302,0.564068285,0,,,,,,,0,RNF2,NCAPH,0,0,0
P09211,Q9P1V8,1,0.526829268,0.401555162,0.464192215,0,,,,,,,0,GSTP1,SAMD15,0,0,0
P09211,Q9Y371,1,0.780487805,0.401556661,0.591022233,0,,,,,,,0,GSTP1,SH3GLB1,0,0,0
P09211,P54278,1,0.551219512,0.401555079,0.476387296,0,,,,,,,0,GSTP1,PMS2,0,0,0
P09211,P60411,1,0.726829268,0.401309939,0.564069604,0,,,,,,,0,GSTP1,KRTAP10-9,0,0,0
P09211,P36957,1,0.72195122,0.401035321,0.56149327,0,,,,,,,0,GSTP1,DLST,0,0,0
P09211,Q9P2M1,1,0.72195122,0.40130824,0.56162973,0,,,,,,,0,GSTP1,LRP2BP,0,0,0
P09211,O95994,1,0.726829268,0.400898225,0.563863747,0,,,,,,,0,GSTP1,AGR2,0,0,0
P09211,Q8IXK0,1,0.526829268,0.401555113,0.464192191,0,,,,,,,0,GSTP1,PHC2,0,0,0
Q969Q5,Q9P1V8,1,0.526829268,0.401554945,0.464192106,0,,,,,,,0,RAB24,SAMD15,0,0,0
Q969Q5,O15381,1,0.551219512,0.401554988,0.47638725,0,,,,,,,0,RAB24,NVL,0,0,0
Q969Q5,P54278,1,0.551219512,0.401554899,0.476387205,0,,,,,,,0,RAB24,PMS2,0,0,0
Q969Q5,A0A0J9YX57,1,0.526829268,0.401555198,0.464192233,0,,,,,,,0,RAB24,MAGEB6B,0,0,0
Q969Q5,Q8IXK0,1,0.551219512,0.40163295,0.476426231,0,,,,,,,0,RAB24,PHC2,0,0,0
Q9H8X9,A6H8Y1,1,0.526829268,0.401602845,0.464216057,0,,,,,,,0,ZDHHC11,BDP1,0,0,0
Q9H8X9,P60411,1,0.52195122,0.401372187,0.461661703,0,,,,,,,0,ZDHHC11,KRTAP10-9,0,0,0
Q9H8X9,Q8NFC6,1,0.526829268,0.401602845,0.464216057,0,,,,,,,0,ZDHHC11,BOD1L1,0,0,0
Q9H8X9,Q5VWK0,1,0.536585366,0.401554971,0.469070169,0,,,,,,,0,ZDHHC11,NBPF6,0,0,0
Q9H8X9,Q9UBT2,1,0.526829268,0.401555063,0.464192165,0,,,,,,,0,ZDHHC11,UBA2,0,0,0
Q9H8X9,Q32MK0,1,0.551219512,0.401554867,0.47638719,0,,,,,,,0,ZDHHC11,MYLK3,0,0,0
Q9BY31,Q14CM0,1,0.526829268,0.40155486,0.464192064,0,,,,,,,0,ZNF717,FRMPD4,0,0,0
Q9ULK2,Q9UNK4,1,0.551219512,0.401554597,0.476387055,0,,,,,,,0,ATXN7L1,PLA2G2D,0,0,0
Q9ULK2,Q2M2D7,1,0.551219512,0.401554623,0.476387068,0,,,,,,,0,ATXN7L1,TBC1D28,0,0,0
Q9ULK2,Q70IA6,1,0.551219512,0.401554751,0.476387132,0,,,,,,,0,ATXN7L1,MOB2,0,0,0
Q9ULK2,Q9BYV6,1,0.746341463,0.401393226,0.573867345,0,,,,,,,0,ATXN7L1,TRIM55,0,0,0
Q9ULK2,A0A0A0MS02,1,0.551219512,0.401554786,0.476387149,0,,,,,,,0,ATXN7L1,TRGV1,0,0,0
Q9ULK2,Q92530,1,0.551219512,0.401554747,0.47638713,0,,,,,,,0,ATXN7L1,PSMF1,0,0,0
Q9ULK2,P67775,1,0.731707317,0.401321425,0.566514371,0,,,,,,,0,ATXN7L1,PPP2CA,0,0,0
Q9ULK2,A6NJ46,1,0.551219512,0.401554671,0.476387091,0,,,,,,,0,ATXN7L1,NKX6-3,0,0,0
Q9ULK2,Q92765,1,0.551219512,0.401554696,0.476387104,0,,,,,,,0,ATXN7L1,FRZB,0,0,0
Q9ULK2,P60411,1,0.731707317,0.401321707,0.566514512,0,,,,,,,0,ATXN7L1,KRTAP10-9,0,0,0
Q9ULK2,Q9NY72,1,0.551219512,0.401554754,0.476387133,0,,,,,,,0,ATXN7L1,SCN3B,0,0,0
Q9ULK2,Q6UWI4,1,0.551219512,0.401554647,0.476387079,0,,,,,,,0,ATXN7L1,SHISA2,0,0,0
Q9ULK2,H3BNL1,1,0.551219512,0.40155463,0.476387071,0,,,,,,,0,ATXN7L1,C3orf84,0,0,0
Q9ULK2,Q86UN6,1,0.551219512,0.40155484,0.476387176,0,,,,,,,0,ATXN7L1,AKAP14,0,0,0
Q9ULK2,P79483,1,0.551219512,0.4015547,0.476387106,0,,,,,,,0,ATXN7L1,HLA-DRB3,0,0,0
Q9ULK2,Q8NGH8,1,0.551219512,0.401555058,0.476387285,0,,,,,,,0,ATXN7L1,OR56A4,0,0,0
Q9NQI0,Q16719,1,0.551219512,0.40155554,0.476387526,0,,,,,,,0,DDX4,KYNU,0,0,0
Q9NQI0,P35453,1,0.526829268,0.401555138,0.464192203,0,,,,,,,0,DDX4,HOXD13,0,0,0
Q9NQI0,Q7Z602,1,0.551219512,0.401555285,0.476387399,0,,,,,,,0,DDX4,GPR141,0,0,0
Q9NQI0,P67775,1,0.551219512,0.401555027,0.476387269,0,,,,,,,0,DDX4,PPP2CA,0,0,0
Q9NQI0,Q8NGU1,1,0.551219512,0.401555323,0.476387418,0,,,,,,,0,DDX4,OR9A1P,0,0,0
Q9NQI0,P0DMS8,1,0.551219512,0.401555606,0.476387559,0,,,,,,,0,DDX4,ADORA3,0,0,0
Q9NQI0,P62714,1,0.551219512,0.401554978,0.476387245,0,,,,,,,0,DDX4,PPP2CB,0,0,0
Q9NQI0,P31271,1,0.52195122,0.401554856,0.461753038,0,,,,,,,0,DDX4,HOXA13,0,0,0
Q5T200,Q5VTQ0,1,0.551219512,0.401554793,0.476387153,0,,,,,,,0,ZC3H13,TTC39B,0,0,0
Q5T200,A0A1B0GUW6,1,0.536585366,0.401554759,0.469070062,0,,,,,,,0,ZC3H13,SPEM3,0,0,0
Q5T200,P53420,1,0.52195122,0.401554835,0.461753027,0,,,,,,,0,ZC3H13,COL4A4,0,0,0
Q5T200,Q6NSJ5,1,0.551219512,0.401554883,0.476387197,0,,,,,,,0,ZC3H13,LRRC8E,0,0,0
Q5T200,Q15648,1,0.726829268,0.401306622,0.564067945,0,,,,,,,0,ZC3H13,MED1,0,0,0
Q5T200,Q96KQ4,1,0.536585366,0.401554747,0.469070056,0,,,,,,,0,ZC3H13,PPP1R13B,0,0,0
Q5T200,Q8IXT1,1,0.536585366,0.401554747,0.469070056,0,,,,,,,0,ZC3H13,DDIAS,0,0,0
Q5T200,Q9Y620,1,0.551219512,0.401554793,0.476387153,0,,,,,,,0,ZC3H13,RAD54B,0,0,0
Q16719,Q96AE4,1,0.72195122,0.401034141,0.561492681,0,,,,,,,0,KYNU,FUBP1,0,0,0
Q16719,P00390,1,0.72195122,0.40110159,0.561526405,0,,,,,,,0,KYNU,GSR,0,0,0
Q16719,P53602,1,0.72195122,0.401035754,0.561493487,0,,,,,,,0,KYNU,MVD,0,0,0
Q16719,O95994,1,0.72195122,0.401444756,0.561697988,0,,,,,,,0,KYNU,AGR2,0,0,0
Q15118,Q13084,1,0.775609756,0.401417183,0.58851347,0,,,,,,,0,PDK1,MRPL28,0,0,0
Q14542,A6H8Y1,1,0.526829268,0.401603012,0.46421614,0,,,,,,,0,SLC29A2,BDP1,0,0,0
Q14542,Q8NFC6,1,0.52195122,0.401602993,0.461777106,0,,,,,,,0,SLC29A2,BOD1L1,0,0,0
Q9UQ72,Q9P2H0,1,0.551219512,0.401554987,0.476387249,0,,,,,,,0,PSG11,CEP126,0,0,0
Q9UQ72,Q14966,1,0.52195122,0.401603016,0.461777118,0,,,,,,,0,PSG11,ZNF638,0,0,0
Q6P9B9,P67775,1,0.726829268,0.401321551,0.56407541,0,,,,,,,0,INTS5,PPP2CA,0,0,0
Q9UQ72,Q15643,1,0.551219512,0.401554707,0.47638711,0,,,,,,,0,PSG11,TRIP11,0,0,0
Q5VTQ0,P53420,1,0.526829268,0.401555075,0.464192172,0,,,,,,,0,TTC39B,COL4A4,0,0,0
Q15118,Q9BQ52,1,0.731707317,0.401321639,0.566514478,0,,,,,,,0,PDK1,ELAC2,0,0,0
Q9UNK4,P35269,1,0.551219512,0.401554793,0.476387153,0,,,,,,,0,PLA2G2D,GTF2F1,0,0,0
Q9UNK4,Q15777,1,0.52195122,0.401306437,0.461628829,0,,,,,,,0,PLA2G2D,MPPED2,0,0,0
Q9UNK4,Q9NY72,1,0.526829268,0.401555106,0.464192187,0,,,,,,,0,PLA2G2D,SCN3B,0,0,0
Q9UNK4,Q6UWI4,1,0.52195122,0.401555132,0.461753176,0,,,,,,,0,PLA2G2D,SHISA2,0,0,0
Q9UNK4,A6NKL6,1,0.526829268,0.401554672,0.46419197,0,,,,,,,0,PLA2G2D,TMEM200C,0,0,0
Q9UNK4,Q8NEP3,1,0.551219512,0.4015546,0.476387056,0,,,,,,,0,PLA2G2D,DNAAF1,0,0,0
Q9UNK4,P49959,1,0.551219512,0.401632808,0.47642616,0,,,,,,,0,PLA2G2D,MRE11,0,0,0
Q9UNK4,Q8IYW5,1,0.551219512,0.401554694,0.476387103,0,,,,,,,0,PLA2G2D,RNF168,0,0,0
Q9UNK4,P79483,1,0.52195122,0.40155511,0.461753165,0,,,,,,,0,PLA2G2D,HLA-DRB3,0,0,0
Q9UNK4,Q9UN19,1,0.52195122,0.401441526,0.461696373,0,,,,,,,0,PLA2G2D,DAPP1,0,0,0
Q9UNK4,Q8NGH8,1,0.526829268,0.401555798,0.464192533,0,,,,,,,0,PLA2G2D,OR56A4,0,0,0
Q9UJS0,Q86TM6,1,0.726829268,0.401371554,0.564100411,0,,,,,,,0,SLC25A13,SYVN1,0,0,0
Q9UJS0,O75503,1,0.726829268,0.401306139,0.564067703,0,,,,,,,0,SLC25A13,CLN5,0,0,0
Q9UJS0,Q9ULV4,1,0.726829268,0.401306437,0.564067852,0,,,,,,,0,SLC25A13,CORO1C,0,0,0
Q9UJS0,P30101,1,0.551219512,0.401554879,0.476387196,0,,,,,,,0,SLC25A13,PDIA3,0,0,0
Q9UJS0,P36957,1,0.726829268,0.401306346,0.564067807,0,,,,,,,0,SLC25A13,DLST,0,0,0
A0A0K0K1G6,Q8IV20,1,0.551219512,0.401554643,0.476387078,0,,,,,,,0,TRBV10-3,LACC1,0,0,0
A0A0K0K1G6,P85299,1,0.551219512,0.401554855,0.476387183,0,,,,,,,0,TRBV10-3,PRR5,0,0,0
A0A0K0K1G6,Q9BT43,1,0.536585366,0.40155527,0.469070318,0,,,,,,,0,TRBV10-3,POLR3GL,0,0,0
A0A0K0K1G6,O75157,1,0.551219512,0.401554693,0.476387103,0,,,,,,,0,TRBV10-3,TSC22D2,0,0,0
A0A0K0K1G6,Q9Y467,1,0.551219512,0.401554633,0.476387073,0,,,,,,,0,TRBV10-3,SALL2,0,0,0
A0A0K0K1G6,Q9NW07,1,0.551219512,0.40155478,0.476387146,0,,,,,,,0,TRBV10-3,ZNF358,0,0,0
A0A0K0K1G6,Q8N9W8,1,0.551219512,0.401554732,0.476387122,0,,,,,,,0,TRBV10-3,GARIN2,0,0,0
A0A0K0K1G6,Q96HH9,1,0.551219512,0.40155477,0.476387141,0,,,,,,,0,TRBV10-3,GRAMD2B,0,0,0
A0A0K0K1G6,Q12972,1,0.526829268,0.401554911,0.46419209,0,,,,,,,0,TRBV10-3,PPP1R8,0,0,0
Q969J2,Q7Z4V0,1,0.551219512,0.401554686,0.476387099,0,,,,,,,0,ZKSCAN4,ZNF438,0,0,0
Q969J2,Q99727,1,0.551219512,0.401554852,0.476387182,0,,,,,,,0,ZKSCAN4,TIMP4,0,0,0
Q969J2,O14771,1,0.726829268,0.401306578,0.564067923,0,,,,,,,0,ZKSCAN4,ZNF213,0,0,0
Q6P9B9,P62714,1,0.726829268,0.401321165,0.564075216,0,,,,,,,0,INTS5,PPP2CB,0,0,0
Q969J2,Q9BYQ4,1,0.52195122,0.401306559,0.461628889,0,,,,,,,0,ZKSCAN4,KRTAP9-2,0,0,0
Q969J2,Q5FWF5,1,0.551219512,0.401554834,0.476387173,0,,,,,,,0,ZKSCAN4,ESCO1,0,0,0
Q969J2,P39023,1,0.551219512,0.401555294,0.476387403,0,,,,,,,0,ZKSCAN4,RPL3,0,0,0
Q969J2,Q8NCX0,1,0.551219512,0.40155467,0.476387091,0,,,,,,,0,ZKSCAN4,CCDC150,0,0,0
A4FU49,O00512,1,0.551219512,0.401554798,0.476387155,0,,,,,,,0,SH3D21,BCL9,0,0,0
A4FU49,A0A0B4J271,1,0.551219512,0.401555014,0.476387263,0,,,,,,,0,SH3D21,TRAV12-3,0,0,0
A4FU49,A0A096LP01,1,0.526829268,0.40155495,0.464192109,0,,,,,,,0,SH3D21,SMIM26,0,0,0
A0A1B0GVD1,O75167,1,0.526829268,0.40155514,0.464192204,0,,,,,,,0,FAM237B,PHACTR2,0,0,0
Q96TA2,P12532,1,0.853658537,0.401416723,0.62753763,0,,,,,,,0,YME1L1,CKMT1B,0,0,0
Q96TA2,Q8NFC6,1,0.526829268,0.401603042,0.464216155,0,,,,,,,0,YME1L1,BOD1L1,0,0,0
Q96TA2,Q96BR5,1,0.804878049,0.401321944,0.603099996,0,,,,,,,0,YME1L1,COA7,0,0,0
Q9H6T3,P47756,1,0.731707317,0.401322273,0.566514795,0,,,,,,,0,RPAP3,CAPZB,0,0,0
Q9H6T3,O75665,1,0.741463415,0.401522968,0.571493191,0,,,,,,,0,RPAP3,OFD1,0,0,0
Q9H6T3,A6H8Y1,1,0.551219512,0.401554776,0.476387144,0,,,,,,,0,RPAP3,BDP1,0,0,0
Q9H6T3,Q9Y4R8,1,0.72195122,0.401033993,0.561492606,0,,,,,,,0,RPAP3,TELO2,0,0,0
P13010,P52298,1,0.824390244,0.401321833,0.612856038,0,,,,,,,0,XRCC5,NCBP2,0,0,0
P13010,P14923,1,0.72195122,0.401773286,0.561862253,0,,,,,,,0,XRCC5,JUP,0,0,0
P13010,O96013,1,0.570731707,0.401324154,0.486027931,0,,,,,,,0,XRCC5,PAK4,0,0,0
P13010,Q9NXH9,1,0.72195122,0.401035024,0.561493122,0,,,,,,,0,XRCC5,TRMT1,0,0,0
P13010,P10828,1,0.726829268,0.401322806,0.564076037,0,,,,,,,0,XRCC5,THRB,0,0,0
P13010,Q13148,1,0.741463415,0.40149321,0.571478312,0,,,,,,,0,XRCC5,TARDBP,0,0,0
P13010,O95994,1,0.731707317,0.401321539,0.566514428,0,,,,,,,0,XRCC5,AGR2,0,0,0
P13010,P50548,1,0.72195122,0.401322494,0.561636857,0,,,,,,,0,XRCC5,ERF,0,0,0
P52298,Q659A1,1,0.726829268,0.401306494,0.564067881,0,,,,,,,0,NCBP2,ICE2,0,0,0
P52298,P39023,1,0.834146341,0.401442132,0.617794237,0,,,,,,,0,NCBP2,RPL3,0,0,0
P52298,P49756,1,0.8,0.40132196,0.60066098,0,,,,,,,0,NCBP2,RBM25,0,0,0
Q8TEL6,Q5T036,1,0.72195122,0.401321775,0.561636497,0,,,,,,,0,TRPC4AP,FAM120AOS,0,0,0
P52298,O43290,1,0.824390244,0.401306187,0.612848215,0,,,,,,,0,NCBP2,SART1,0,0,0
Q8N205,Q86WT6,1,0.72195122,0.401310045,0.561630632,0,,,,,,,0,SYNE4,TRIM69,0,0,0
Q8N205,Q15437,1,0.726829268,0.401307135,0.564068202,0,,,,,,,0,SYNE4,SEC23B,0,0,0
Q8N205,Q8N6G5,1,0.72195122,0.401323802,0.561637511,0,,,,,,,0,SYNE4,CSGALNACT2,0,0,0
P35453,Q9Y2G2,1,0.717073171,0.401325239,0.559199205,0,,,,,,,0,HOXD13,CARD8,0,0,0
P35453,Q9H334,1,0.746341463,0.401531895,0.573936679,0,,,,,,,0,HOXD13,FOXP1,0,0,0
Q8TEL6,Q9HCM4,1,0.726829268,0.401308205,0.564068737,0,,,,,,,0,TRPC4AP,EPB41L5,0,0,0
Q14865,Q8N257,1,0.726829268,0.401306361,0.564067815,0,,,,,,,0,ARID5B,H2BC26,0,0,0
Q14865,P54886,1,0.829268293,0.401307575,0.615287934,0,,,,,,,0,ARID5B,ALDH18A1,0,0,0
O76080,P21580,1,0.834146341,0.401307109,0.617726725,0,,,,,,,0,ZFAND5,TNFAIP3,0,0,0
O76080,Q96BR5,1,0.72195122,0.401222413,0.561586816,0,,,,,,,0,ZFAND5,COA7,0,0,0
Q86VQ6,Q9UI47,1,0.72195122,0.401308395,0.561629807,0,,,,,,,0,TXNRD3,CTNNA3,0,0,0
Q86VQ6,Q8N2N9,1,0.746341463,0.401393723,0.573867593,0,,,,,,,0,TXNRD3,ANKRD36B,0,0,0
Q86VQ6,Q86VH2,1,0.551219512,0.401554774,0.476387143,0,,,,,,,0,TXNRD3,KIF27,0,0,0
Q5VV17,O95104,1,0.526829268,0.401554897,0.464192083,0,,,,,,,0,OTUD1,SCAF4,0,0,0
Q5VV17,Q8NDV3,1,0.526829268,0.401602957,0.464216113,0,,,,,,,0,OTUD1,SMC1B,0,0,0
Q9UEW8,O75157,1,0.72195122,0.401308612,0.561629916,0,,,,,,,0,STK39,TSC22D2,0,0,0
Q9UEW8,A6H8Y1,1,0.526829268,0.401602815,0.464216042,0,,,,,,,0,STK39,BDP1,0,0,0
Q9UEW8,Q8NFC6,1,0.52195122,0.40160282,0.46177702,0,,,,,,,0,STK39,BOD1L1,0,0,0
Q9UEW8,Q92187,1,0.780487805,0.401558081,0.591022943,0,,,,,,,0,STK39,ST8SIA4,0,0,0
Q86TM6,Q13087,1,0.72195122,0.401034811,0.561493015,0,,,,,,,0,SYVN1,PDIA2,0,0,0
Q86TM6,Q16799,1,0.72195122,0.401309933,0.561630576,0,,,,,,,0,SYVN1,RTN1,0,0,0
Q86TM6,P30101,1,0.72195122,0.401310032,0.561630626,1,0.260306243,,,,,,0,SYVN1,PDIA3,0,0,0
Q86TM6,P05198,1,0.726829268,0.401306652,0.56406796,1,0.318021201,,,,,,0,SYVN1,EIF2S1,0,0,0
Q86TM6,O75410,1,0.72195122,0.401309382,0.561630301,0,,,,,,,0,SYVN1,TACC1,0,0,0
Q86TM6,Q8WU79,1,0.717073171,0.401324272,0.559198721,0,,,,,,,0,SYVN1,SMAP2,0,0,0
Q8TEL6,P13727,1,0.72195122,0.40132146,0.56163634,0,,,,,,,0,TRPC4AP,PRG2,0,0,0
Q00325,Q8IZP0,1,0.736585366,0.401114433,0.5688499,0,,,,,,,0,SLC25A3,ABI1,0,0,0
Q00325,Q15293,1,0.72195122,0.399185684,0.560568452,0,,,,,,,0,SLC25A3,RCN1,0,0,0
Q00325,Q76G19,1,0.536585366,0.40155494,0.469070153,0,,,,,,,0,SLC25A3,PDZD4,0,0,0
Q15118,A6H8Y1,1,0.551219512,0.401554752,0.476387132,0,,,,,,,0,PDK1,BDP1,0,0,0
Q5MNZ6,Q15293,1,0.72195122,0.402160974,0.562056097,0,,,,,,,0,WDR45B,RCN1,0,0,0
Q9BWL3,Q8NGA1,1,0.780487805,0.401558622,0.591023213,0,,,,,,,0,C1orf43,OR1M1,0,0,0
Q9BWL3,Q9H313,1,0.726829268,0.401306675,0.564067972,0,,,,,,,0,C1orf43,TTYH1,0,0,0
Q15118,P36957,1,0.726829268,0.401886208,0.564357738,0,,,,,,,0,PDK1,DLST,0,0,0
Q70IA6,A6NKL6,1,0.526829268,0.401554919,0.464192094,0,,,,,,,0,MOB2,TMEM200C,0,0,0
Q70IA6,Q8IYW5,1,0.551219512,0.401554883,0.476387198,0,,,,,,,0,MOB2,RNF168,0,0,0
Q70IA6,Q8NGH8,1,0.526829268,0.401557407,0.464193338,0,,,,,,,0,MOB2,OR56A4,0,0,0
Q15696,Q6IEG0,1,0.726829268,0.401307596,0.564068432,0,,,,,,,0,ZRSR2,SNRNP48,0,0,0
Q15118,P10515,1,0.726829268,0.401307009,0.564068139,0,,,,,,,0,PDK1,DLAT,0,0,0
P50747,Q96L92,1,0.72195122,0.401321918,0.561636569,0,,,,,,,0,HLCS,SNX27,0,0,0
Q13087,A6H8Y1,1,0.526829268,0.401602976,0.464216122,0,,,,,,,0,PDIA2,BDP1,0,0,0
Q13087,Q8NFC6,1,0.52195122,0.401602961,0.46177709,0,,,,,,,0,PDIA2,BOD1L1,0,0,0
Q8NHS2,Q8NDV3,1,0.526829268,0.40160311,0.464216189,0,,,,,,,0,GOT1L1,SMC1B,0,0,0
Q7Z4V0,Q8TF50,1,0.726829268,0.401322177,0.564075723,0,,,,,,,0,ZNF438,ZNF526,0,0,0
Q7Z4V0,O43463,1,0.726829268,0.401306575,0.564067922,0,,,,,,,0,ZNF438,SUV39H1,0,0,0
Q7Z4V0,Q15276,1,0.780487805,0.40128161,0.590884707,0,,,,,,,0,ZNF438,RABEP1,0,0,0
Q86TB3,Q6N069,1,0.731707317,0.401321477,0.566514397,0,,,,,,,0,ALPK2,NAA16,0,0,0
Q15696,O43290,1,0.72195122,0.401323477,0.561637348,0,,,,,,,0,ZRSR2,SART1,0,0,0
Q9UQ35,Q8TEJ3,1,0.536585366,0.401554918,0.469070142,0,,,,,,,0,SRRM2,SH3RF3,0,0,0
Q96K58,Q9Y388,1,0.741463415,0.401544367,0.571503891,0,,,,,,,0,ZNF668,RBMX2,0,0,0
Q96K58,Q86V59,1,0.72195122,0.401307928,0.561629574,0,,,,,,,0,ZNF668,PNMA8A,0,0,0
Q96K58,P39023,1,0.72195122,0.40130825,0.561629735,0,,,,,,,0,ZNF668,RPL3,0,0,0
Q9UQ35,Q9NRM2,1,0.551219512,0.401554753,0.476387133,0,,,,,,,0,SRRM2,ZNF277,0,0,0
Q9UQ35,Q04917,1,0.751219512,0.4012156,0.576217556,0,,,,,,,0,SRRM2,YWHAH,0,0,0
Q9Y2Q1,A6H8Y1,1,0.551219512,0.401554699,0.476387106,0,,,,,,,0,ZNF257,BDP1,0,0,0
Q9UQ35,Q6P4F7,1,0.551219512,0.401554815,0.476387164,0,,,,,,,0,SRRM2,ARHGAP11A,0,0,0
Q9UQ35,Q9UMS4,1,0.785365854,0.401603014,0.593484434,0,,,,,,,0,SRRM2,PRPF19,0,0,0
O15381,Q86V59,1,0.726829268,0.401307195,0.564068232,0,,,,,,,0,NVL,PNMA8A,0,0,0
O15381,P51608,1,0.717073171,0.401323256,0.559198213,0,,,,,,,0,NVL,MECP2,0,0,0
Q9UQ35,Q16891,1,0.551219512,0.401554771,0.476387142,0,,,,,,,0,SRRM2,IMMT,0,0,0
O15381,P39023,1,0.731707317,0.401321998,0.566514658,0,,,,,,,0,NVL,RPL3,0,0,0
O15381,Q13148,1,0.824390244,0.401322025,0.612856135,0,,,,,,,0,NVL,TARDBP,0,0,0
Q9UQ35,Q15022,1,0.551219512,0.401554752,0.476387132,0,,,,,,,0,SRRM2,SUZ12,0,0,0
Q9UQ35,Q9UHV5,1,0.551219512,0.401554801,0.476387157,0,,,,,,,0,SRRM2,RAPGEFL1,0,0,0
Q9UQ35,Q9BQI7,1,0.551219512,0.401554798,0.476387155,0,,,,,,,0,SRRM2,PSD2,0,0,0
Q9UQ35,O60763,1,0.551219512,0.401554843,0.476387178,0,,,,,,,0,SRRM2,USO1,0,0,0
Q86XN8,Q8IU60,1,0.829268293,0.401033648,0.61515097,0,,,,,,,0,MEX3D,DCP2,0,0,0
Q9UQ35,P49591,1,0.551219512,0.401554753,0.476387132,0,,,,,,,0,SRRM2,SARS1,0,0,0
Q9UQ35,Q9Y2J2,1,0.741463415,0.401539461,0.571501438,0,,,,,,,0,SRRM2,EPB41L3,0,0,0
P0CAP2,O95104,1,0.882926829,0.401306335,0.642116582,0,,,,,,,0,POLR2M,SCAF4,0,0,0
Q9UQ35,P12644,1,0.785365854,0.401603002,0.593484428,0,,,,,,,0,SRRM2,BMP4,0,0,0
P0CAP2,Q15648,1,0.87804878,0.401321144,0.639684962,0,,,,,,,0,POLR2M,MED1,0,0,0
Q9UQ35,Q15233,1,0.741463415,0.401528525,0.57149597,0,,,,,,,0,SRRM2,NONO,0,0,0
P47871,A6NGG8,1,0.526829268,0.40155514,0.464192204,0,,,,,,,0,GCGR,PCARE,0,0,0
Q86WT6,Q9Y371,1,0.834146341,0.401306852,0.617726597,0,,,,,,,0,TRIM69,SH3GLB1,0,0,0
Q86WT6,Q9BYV6,1,0.726829268,0.401765397,0.564297333,0,,,,,,,0,TRIM69,TRIM55,0,0,0
Q86WT6,O00206,1,0.726829268,0.401306724,0.564067996,0,,,,,,,0,TRIM69,TLR4,0,0,0
Q15118,O95202,1,0.736585366,0.401540525,0.569062945,0,,,,,,,0,PDK1,LETM1,0,0,0
Q86WT6,P51608,1,0.834146341,0.401765958,0.61795615,0,,,,,,,0,TRIM69,MECP2,0,0,0
Q86WT6,Q13148,1,0.829268293,0.401310114,0.615289203,0,,,,,,,0,TRIM69,TARDBP,0,0,0
Q9UQ35,Q5T036,1,0.52195122,0.401602881,0.46177705,0,,,,,,,0,SRRM2,FAM120AOS,0,0,0
Q9UQ35,O60701,1,0.551219512,0.401554635,0.476387074,0,,,,,,,0,SRRM2,UGDH,0,0,0
Q9UQ35,Q8IZ41,1,0.551219512,0.401554655,0.476387084,0,,,,,,,0,SRRM2,RASEF,0,0,0
Q96AE4,Q9BQA1,1,0.746341463,0.40153932,0.573940392,0,,,,,,,0,FUBP1,WDR77,0,0,0
Q96AE4,P40121,1,0.72195122,0.401309986,0.561630603,0,,,,,,,0,FUBP1,CAPG,0,0,0
Q9UQ35,Q9NY27,1,0.741463415,0.401528536,0.571495975,0,,,,,,,0,SRRM2,PPP4R2,0,0,0
Q96AE4,Q8NDC0,1,0.72195122,0.401320918,0.561636069,0,,,,,,,0,FUBP1,MAPK1IP1L,0,0,0
Q96AE4,P32780,1,0.72195122,0.401099424,0.561525322,0,,,,,,,0,FUBP1,GTF2H1,0,0,0
Q9UQ35,Q96TA2,1,0.551219512,0.401554727,0.47638712,0,,,,,,,0,SRRM2,YME1L1,0,0,0
Q96AE4,Q86VH2,1,0.526829268,0.401555034,0.464192151,0,,,,,,,0,FUBP1,KIF27,0,0,0
O00512,A0A0B4J271,1,0.551219512,0.40155477,0.476387141,0,,,,,,,0,BCL9,TRAV12-3,0,0,0
O00512,O96013,1,0.551219512,0.401554749,0.476387131,0,,,,,,,0,BCL9,PAK4,0,0,0
O00512,Q5HYW3,1,0.551219512,0.401554781,0.476387146,0,,,,,,,0,BCL9,RTL5,0,0,0
O00512,Q9Y388,1,0.536585366,0.401554839,0.469070102,0,,,,,,,0,BCL9,RBMX2,0,0,0
O00512,Q6UX07,1,0.526829268,0.40155503,0.464192149,0,,,,,,,0,BCL9,DHRS13,0,0,0
O00512,B3KS81,1,0.536585366,0.401554691,0.469070029,0,,,,,,,0,BCL9,SRRM5,0,0,0
O00512,Q96T51,1,0.551219512,0.401554861,0.476387186,0,,,,,,,0,BCL9,RUFY1,0,0,0
O00512,Q96HV5,1,0.551219512,0.401554906,0.476387209,0,,,,,,,0,BCL9,TMEM41A,0,0,0
O00512,Q16586,1,0.551219512,0.40155497,0.476387241,0,,,,,,,0,BCL9,SGCA,0,0,0
O00512,A0A096LP01,1,0.551219512,0.401554679,0.476387096,0,,,,,,,0,BCL9,SMIM26,0,0,0
O00512,Q5T124,1,0.551219512,0.401554727,0.476387119,0,,,,,,,0,BCL9,UBXN11,0,0,0
O00512,Q9UNN4,1,0.551219512,0.401554729,0.476387121,0,,,,,,,0,BCL9,GTF2A1L,0,0,0
O00512,Q8IYJ2,1,0.551219512,0.40155481,0.476387161,0,,,,,,,0,BCL9,C10orf67,0,0,0
Q9UQ35,E5RJM6,1,0.52195122,0.401603076,0.461777148,0,,,,,,,0,SRRM2,ANKRD65,0,0,0
Q9UQ35,Q92541,1,0.751219512,0.401226149,0.57622283,0,,,,,,,0,SRRM2,RTF1,0,0,0
Q9UQ35,Q9H3U1,1,0.551219512,0.401554902,0.476387207,0,,,,,,,0,SRRM2,UNC45A,0,0,0
Q9UQ35,Q56P03,1,0.736585366,0.401517456,0.569051411,0,,,,,,,0,SRRM2,EAPP,0,0,0
Q8IV20,Q8TAC1,1,0.526829268,0.401555149,0.464192209,0,,,,,,,0,LACC1,RFESD,0,0,0
Q8IV20,P67775,1,0.726829268,0.4013715,0.564100384,0,,,,,,,0,LACC1,PPP2CA,0,0,0
Q8IV20,O75157,1,0.526829268,0.401555015,0.464192142,0,,,,,,,0,LACC1,TSC22D2,0,0,0
Q8IV20,Q9Y467,1,0.551219512,0.401554643,0.476387077,0,,,,,,,0,LACC1,SALL2,0,0,0
Q9UQ35,Q9NQV8,1,0.551219512,0.401554686,0.476387099,0,,,,,,,0,SRRM2,PRDM8,0,0,0
O75153,Q5VSY0,1,0.726829268,0.40130687,0.564068069,1,0.18138987,O75153,Q5VSY0,"psi-mi:""MI:2222""(inference by socio-affinity scoring)",taxid:9606(Homo sapiens),2,1,CLUH,GKAP1,0,0,0
Q9UQ35,P52272,1,0.736585366,0.401517429,0.569051398,0,,,,,,,0,SRRM2,HNRNPM,0,0,0
Q9UQ35,Q12926,1,0.751219512,0.401215582,0.576217547,0,,,,,,,0,SRRM2,ELAVL2,0,0,0
Q9UQ35,Q02040,1,0.751219512,0.401200727,0.57621012,0,,,,,,,0,SRRM2,AKAP17A,0,0,0
Q9UQ35,Q8N3R9,1,0.551219512,0.401554748,0.47638713,0,,,,,,,0,SRRM2,PALS1,0,0,0
Q9Y371,O43852,1,0.72195122,0.401640786,0.561796003,0,,,,,,,0,SH3GLB1,CALU,0,0,0
Q9Y371,Q3KNS6,1,0.829268293,0.401034559,0.615151426,0,,,,,,,0,SH3GLB1,ZNF829,0,0,0
Q9Y371,P32780,1,0.829268293,0.401308763,0.615288528,0,,,,,,,0,SH3GLB1,GTF2H1,0,0,0
Q9UQ35,P82932,1,0.741463415,0.401528685,0.57149605,0,,,,,,,0,SRRM2,MRPS6,0,0,0
Q9Y371,O95994,1,0.819512195,0.401458952,0.610485574,0,,,,,,,0,SH3GLB1,AGR2,0,0,0
Q9Y371,Q9H313,1,0.829268293,0.401384147,0.61532622,0,,,,,,,0,SH3GLB1,TTYH1,0,0,0
Q9UQ35,P49756,1,0.780487805,0.401406865,0.590947335,0,,,,,,,0,SRRM2,RBM25,0,0,0
Q9UQ35,Q8NCB2,1,0.785365854,0.401415521,0.593390687,0,,,,,,,0,SRRM2,CAMKV,0,0,0
E5RJM6,A6H8Y1,1,0.526829268,0.401603057,0.464216163,0,,,,,,,0,ANKRD65,BDP1,0,0,0
E5RJM6,Q8NFC6,1,0.52195122,0.401603138,0.461777179,0,,,,,,,0,ANKRD65,BOD1L1,0,0,0
Q9UQ35,O43290,1,0.751219512,0.401226192,0.576222852,0,,,,,,,0,SRRM2,SART1,0,0,0
Q10567,P84085,1,0.829268293,0.401307159,0.615287726,0,,,,,,,0,AP1B1,ARF5,0,0,0
Q10567,P98077,1,0.731707317,0.401322366,0.566514842,0,,,,,,,0,AP1B1,SHC2,0,0,0
Q10567,O95994,1,0.726829268,0.40130696,0.564068114,0,,,,,,,0,AP1B1,AGR2,0,0,0
Q10567,Q8WU79,1,0.72195122,0.401321621,0.56163642,0,,,,,,,0,AP1B1,SMAP2,0,0,0
Q6N069,Q8IUF8,1,0.72195122,0.40130862,0.56162992,0,,,,,,,0,NAA16,RIOX2,0,0,0
Q6N069,Q9BSU3,1,0.726829268,0.40130782,0.564068544,0,,,,,,,0,NAA16,NAA11,0,0,0
O60602,O00206,1,0.824390244,0.400909409,0.612649826,0,,,,,,,0,TLR5,TLR4,0,0,0
Q15118,P82932,1,0.72195122,0.401308154,0.561629687,0,,,,,,,0,PDK1,MRPS6,0,0,0
P28676,Q9BYV6,1,0.551219512,0.401554963,0.476387237,0,,,,,,,0,GCA,TRIM55,0,0,0
P28676,P54278,1,0.551219512,0.401554815,0.476387164,0,,,,,,,0,GCA,PMS2,0,0,0
Q9BYV6,Q9P2H5,1,0.834146341,0.401306246,0.617726294,0,,,,,,,0,TRIM55,USP35,0,0,0
Q9BYV6,Q15437,1,0.726829268,0.401371803,0.564100535,0,,,,,,,0,TRIM55,SEC23B,0,0,0
Q9BYV6,P25789,1,0.551219512,0.401555132,0.476387322,0,,,,,,,0,TRIM55,PSMA4,0,0,0
Q9BYV6,P54278,1,0.526829268,0.401554965,0.464192117,0,,,,,,,0,TRIM55,PMS2,0,0,0
Q9BYV6,P47804,1,0.726829268,0.401307218,0.564068243,0,,,,,,,0,TRIM55,RGR,0,0,0
Q9BYV6,Q9H1R3,1,0.829268293,0.401308606,0.615288449,0,,,,,,,0,TRIM55,MYLK2,0,0,0
Q9BYV6,Q96BR5,1,0.746341463,0.4015291,0.573935282,0,,,,,,,0,TRIM55,COA7,0,0,0
Q9BYV6,P22676,1,0.526829268,0.401555271,0.464192269,0,,,,,,,0,TRIM55,CALB2,0,0,0
Q9BYV6,Q8IXK0,1,0.785365854,0.401555145,0.593460499,0,,,,,,,0,TRIM55,PHC2,0,0,0
Q9BYV6,Q969X1,1,0.726829268,0.401306651,0.56406796,0,,,,,,,0,TRIM55,TMBIM1,0,0,0
P52736,O15530,1,0.804878049,0.401372012,0.60312503,0,,,,,,,0,ZNF133,PDPK1,0,0,0
P52736,A8MYV0,1,0.526829268,0.401554827,0.464192048,0,,,,,,,0,ZNF133,DCDC2C,0,0,0
Q9NZP2,Q9P1V8,1,0.551219512,0.401555111,0.476387312,0,,,,,,,0,OR6C2,SAMD15,0,0,0
Q9NZP2,O15381,1,0.551219512,0.401554816,0.476387164,0,,,,,,,0,OR6C2,NVL,0,0,0
Q9HCM4,O95104,1,0.551219512,0.401554994,0.476387253,0,,,,,,,0,EPB41L5,SCAF4,0,0,0
Q9HCM4,Q96G91,1,0.526829268,0.401554794,0.464192031,0,,,,,,,0,EPB41L5,P2RY11,0,0,0
Q9HCM4,Q9H2S6,1,0.551219512,0.401554904,0.476387208,0,,,,,,,0,EPB41L5,TNMD,0,0,0
Q9HCM4,Q6ZT21,1,0.526829268,0.401555065,0.464192167,0,,,,,,,0,EPB41L5,TMPPE,0,0,0
Q9HCM4,O00203,1,0.746341463,0.401529285,0.573935374,0,,,,,,,0,EPB41L5,AP3B1,0,0,0
Q9HCM4,Q8NFC6,1,0.751219512,0.401226192,0.576222852,0,,,,,,,0,EPB41L5,BOD1L1,0,0,0
Q9HCM4,P49888,1,0.551219512,0.401554844,0.476387178,0,,,,,,,0,EPB41L5,SULT1E1,0,0,0
Q9HCM4,Q8N3R9,1,0.834146341,0.401372255,0.617759298,0,,Q9HCM4,Q8N3R9,"psi-mi:""MI:0006""(anti bait coimmunoprecipitation)",taxid:9606(Homo sapiens),2,1,EPB41L5,PALS1,0,0,0
Q9HCM4,Q5VUY2,1,0.526829268,0.401554958,0.464192113,0,,,,,,,0,EPB41L5,AADACL4,0,0,0
Q9HCM4,Q8NCB2,1,0.72195122,0.401323693,0.561637456,0,,,,,,,0,EPB41L5,CAMKV,0,0,0
Q99727,Q9GZX5,1,0.526829268,0.401555131,0.464192199,0,,,,,,,0,TIMP4,ZNF350,0,0,0
Q99727,Q8NHV4,1,0.551219512,0.401554909,0.476387211,0,,,,,,,0,TIMP4,NEDD1,0,0,0
Q99727,O75665,1,0.526829268,0.401602913,0.464216091,0,,,,,,,0,TIMP4,OFD1,0,0,0
Q99727,Q494V2,1,0.536585366,0.401554882,0.469070124,0,,,,,,,0,TIMP4,CFAP100,0,0,0
Q99727,Q5FWF5,1,0.551219512,0.401554847,0.476387179,0,,,,,,,0,TIMP4,ESCO1,0,0,0
Q99727,Q8NCX0,1,0.551219512,0.401554634,0.476387073,0,,,,,,,0,TIMP4,CCDC150,0,0,0
Q99727,Q9H334,1,0.551219512,0.401554769,0.476387141,0,,,,,,,0,TIMP4,FOXP1,0,0,0
Q96R48,A6H8Y1,1,0.526829268,0.401603113,0.464216191,0,,,,,,,0,OR2A5,BDP1,0,0,0
Q96R48,Q8NFC6,1,0.526829268,0.401603083,0.464216176,0,,,,,,,0,OR2A5,BOD1L1,0,0,0
Q15118,P54886,1,0.741463415,0.401529632,0.571496523,0,,,,,,,0,PDK1,ALDH18A1,0,0,0
P40199,O43711,1,0.72195122,0.401388647,0.561669933,0,,,,,,,0,CEACAM6,TLX3,0,0,0
P05165,Q14966,1,0.52195122,0.401602964,0.461777092,0,,,,,,,0,PCCA,ZNF638,0,0,0
P05165,Q15643,1,0.551219512,0.401554723,0.476387118,0,,,,,,,0,PCCA,TRIP11,0,0,0
P05165,O95994,1,0.726829268,0.401441671,0.564135469,0,,,,,,,0,PCCA,AGR2,0,0,0
Q8IYX8,Q92966,1,0.726829268,0.40138231,0.564105789,0,,,,,,,0,CEP57L1,SNAPC3,0,0,0
Q8IYX8,A0A0A0MRZ8,1,0.526829268,0.401555142,0.464192205,0,,,,,,,0,CEP57L1,IGKV3D-11,0,0,0
Q9NXG0,Q9UEG4,1,0.551219512,0.401554882,0.476387197,0,,,,,,,0,CNTLN,ZNF629,0,0,0
P18887,Q99705,1,0.551219512,0.401555284,0.476387398,0,,,,,,,0,XRCC1,MCHR1,0,0,0
P18887,Q9UNA4,1,0.804878049,0.401307884,0.603092966,0,,,,,,,0,XRCC1,POLI,0,0,0
P18887,Q9HBW0,1,0.551219512,0.401555548,0.47638753,0,,,,,,,0,XRCC1,LPAR2,0,0,0
P18887,Q9BPX3,1,0.741463415,0.401532545,0.57149798,0,,,,,,,0,XRCC1,NCAPG,0,0,0
P18887,Q969X2,1,0.526829268,0.401554852,0.46419206,0,,,,,,,0,XRCC1,ST6GALNAC6,0,0,0
P18887,Q330K2,1,0.551219512,0.401555191,0.476387352,0,,,,,,,0,XRCC1,NDUFAF6,0,0,0
P18887,Q969S0,1,0.536585366,0.401555474,0.46907042,0,,,,,,,0,XRCC1,SLC35B4,0,0,0
Q9NXG0,Q96BP3,1,0.551219512,0.401554824,0.476387168,0,,,,,,,0,CNTLN,PPWD1,0,0,0
P18887,Q9H334,1,0.804878049,0.401306765,0.603092407,0,,,,,,,0,XRCC1,FOXP1,0,0,0
P18887,P06746,1,0.726829268,0.401306322,0.564067795,0,,,,,,,0,XRCC1,POLB,0,0,0
P18887,Q9H6H4,1,0.551219512,0.401554931,0.476387221,0,,,,,,,0,XRCC1,REEP4,0,0,0
P18887,P25024,1,0.551219512,0.401555625,0.476387568,0,,,,,,,0,XRCC1,CXCR1,0,0,0
Q9P2H0,Q14966,1,0.526829268,0.401603144,0.464216206,0,,,,,,,0,CEP126,ZNF638,0,0,0
Q9P2H0,O75665,1,0.72195122,0.401373389,0.561662304,0,,,,,,,0,CEP126,OFD1,0,0,0
Q9P2H0,Q15643,1,0.551219512,0.401554993,0.476387252,0,,,,,,,0,CEP126,TRIP11,0,0,0
Q9P2H0,P82932,1,0.726829268,0.401306257,0.564067763,0,,,,,,,0,CEP126,MRPS6,0,0,0
O43852,Q9BS86,1,0.726829268,0.401414754,0.564122011,0,,,,,,,0,CALU,ZPBP,0,0,0
O43852,Q2MV58,1,0.72195122,0.401322228,0.561636724,0,,,,,,,0,CALU,TCTN1,0,0,0
O43852,O75503,1,0.72195122,0.401901821,0.56192652,0,,,,,,,0,CALU,CLN5,0,0,0
O43852,Q9UBT2,1,0.741463415,0.401343353,0.571403384,0,,,,,,,0,CALU,UBA2,0,0,0
O43852,O94989,1,0.736585366,0.401531863,0.569058614,0,,,,,,,0,CALU,ARHGEF15,0,0,0
O43852,Q6NUS6,1,0.785365854,0.401633822,0.593499838,0,,,,,,,0,CALU,TCTN3,0,0,0
Q9GZX5,Q8NHV4,1,0.551219512,0.401554903,0.476387208,0,,,,,,,0,ZNF350,NEDD1,0,0,0
Q9GZX5,Q494V2,1,0.52195122,0.401555226,0.461753223,0,,,,,,,0,ZNF350,CFAP100,0,0,0
Q9GZX5,Q5FWF5,1,0.551219512,0.401554659,0.476387086,0,,,,,,,0,ZNF350,ESCO1,0,0,0
Q9GZX5,P39023,1,0.52195122,0.40155486,0.46175304,0,,,,,,,0,ZNF350,RPL3,0,0,0
Q9GZX5,Q8NCX0,1,0.551219512,0.401554789,0.476387151,0,,,,,,,0,ZNF350,CCDC150,0,0,0
Q9GZX5,Q9H334,1,0.551219512,0.401554979,0.476387246,0,,,,,,,0,ZNF350,FOXP1,0,0,0
Q9GZX5,Q15276,1,0.551219512,0.401554927,0.47638722,0,,,,,,,0,ZNF350,RABEP1,0,0,0
Q9GZX5,P54886,1,0.551219512,0.401554972,0.476387242,0,,,,,,,0,ZNF350,ALDH18A1,0,0,0
P85299,Q9BT43,1,0.551219512,0.401555183,0.476387348,0,,,,,,,0,PRR5,POLR3GL,0,0,0
P85299,Q9BQA1,1,0.834146341,0.401503054,0.617824698,0,,,,,,,0,PRR5,WDR77,0,0,0
P85299,O75157,1,0.526829268,0.401554874,0.464192071,0,,,,,,,0,PRR5,TSC22D2,0,0,0
P85299,Q9UI47,1,0.726829268,0.401321237,0.564075253,0,,,,,,,0,PRR5,CTNNA3,0,0,0
P85299,Q9Y467,1,0.551219512,0.40155495,0.476387231,0,,,,,,,0,PRR5,SALL2,0,0,0
P85299,Q5VYY1,1,0.551219512,0.401554923,0.476387218,0,,,,,,,0,PRR5,ANKRD22,0,0,0
P85299,Q6UWW0,1,0.536585366,0.401554715,0.46907004,0,,,,,,,0,PRR5,LCN15,0,0,0
P85299,P60763,1,0.551219512,0.401554871,0.476387192,0,,,,,,,0,PRR5,RAC3,0,0,0
P85299,O95994,1,0.536585366,0.401555012,0.469070189,0,,,,,,,0,PRR5,AGR2,0,0,0
P47756,P14923,1,0.726829268,0.401306674,0.564067971,1,0.106007067,,,,,,0,CAPZB,JUP,0,0,0
P47756,A0A0A0MS02,1,0.551219512,0.401554999,0.476387256,0,,,,,,,0,CAPZB,TRGV1,0,0,0
P47756,Q7L804,1,0.551219512,0.401554829,0.476387171,0,,,,,,,0,CAPZB,RAB11FIP2,0,0,0
P47756,Q8TF50,1,0.551219512,0.401554752,0.476387132,0,,,,,,,0,CAPZB,ZNF526,0,0,0
P47756,O95994,1,0.72195122,0.401033466,0.561492343,1,0.505300353,,,,,,0,CAPZB,AGR2,0,0,0
Q9NXG0,Q9UQ72,1,0.551219512,0.401554793,0.476387153,0,,,,,,,0,CNTLN,PSG11,0,0,0
Q9NP78,Q9H313,1,0.726829268,0.401306846,0.564068057,0,,,,,,,0,ABCB9,TTYH1,0,0,0
P14923,O15530,1,0.717073171,0.401323029,0.5591981,0,,,,,,,0,JUP,PDPK1,0,0,0
P14923,Q9NXH9,1,0.72195122,0.40130824,0.56162973,0,,,,,,,0,JUP,TRMT1,0,0,0
P14923,Q06546,1,0.785365854,0.401472999,0.593419427,0,,,,,,,0,JUP,GABPA,0,0,0
P14923,Q9UI47,1,0.72195122,0.40130833,0.561629775,0,,,,,,,0,JUP,CTNNA3,0,0,0
P14923,P23327,1,0.829268293,0.401745585,0.615506939,1,0.170789164,,,,,,0,JUP,HRC,0,0,0
P14923,Q969X2,1,0.746341463,0.401531412,0.573936438,0,,,,,,,0,JUP,ST6GALNAC6,0,0,0
P14923,Q13148,1,0.72195122,0.401322544,0.561636882,0,,,,,,,0,JUP,TARDBP,0,0,0
Q9H3U1,Q9UNM6,1,0.741463415,0.401326315,0.571394865,0,,,,,,,0,UNC45A,PSMD13,0,0,0
Q9H3U1,Q5TB80,1,0.731707317,0.401322159,0.566514738,0,,,,,,,0,UNC45A,CEP162,0,0,0
Q9H3U1,O75665,1,0.72195122,0.401049505,0.561500362,0,,,,,,,0,UNC45A,OFD1,0,0,0
Q9H3U1,Q8NFC6,1,0.52195122,0.401603128,0.461777174,0,,,,,,,0,UNC45A,BOD1L1,0,0,0
Q9H3U1,Q8TES7,1,0.741463415,0.401308618,0.571386016,0,,,,,,,0,UNC45A,FBF1,0,0,0
Q9H3U1,Q6XPS3,1,0.746341463,0.401307091,0.573824277,0,,,,,,,0,UNC45A,TPTE2,0,0,0
O95104,Q96BR5,1,0.72195122,0.401321624,0.561636422,0,,,,,,,0,SCAF4,COA7,0,0,0
O95104,Q5VUY2,1,0.536585366,0.40155516,0.469070263,0,,,,,,,0,SCAF4,AADACL4,0,0,0
Q0VAM2,Q5TB80,1,0.551219512,0.401554837,0.476387175,0,,,,,,,0,RASGEF1B,CEP162,0,0,0
Q0VAM2,Q86VH2,1,0.551219512,0.401554829,0.47638717,0,,,,,,,0,RASGEF1B,KIF27,0,0,0
Q9UNM6,P25789,1,0.72195122,0.401308628,0.561629924,0,,,,,,,0,PSMD13,PSMA4,0,0,0
Q9UNM6,O95994,1,0.726829268,0.401307559,0.564068414,0,,,,,,,0,PSMD13,AGR2,0,0,0
Q9NXG0,Q15643,1,0.551219512,0.401554711,0.476387112,0,,,,,,,0,CNTLN,TRIP11,0,0,0
Q8NBR6,Q8NDV3,1,0.52195122,0.401602824,0.461777022,0,,,,,,,0,MINDY2,SMC1B,0,0,0
Q8NBR6,Q68DY9,1,0.526829268,0.401555226,0.464192247,0,,,,,,,0,MINDY2,ZNF772,0,0,0
A0A0A0MS02,Q8TF50,1,0.551219512,0.40155487,0.476387191,0,,,,,,,0,TRGV1,ZNF526,0,0,0
A0A0A0MS02,Q9UPM9,1,0.526829268,0.40155636,0.464192814,0,,,,,,,0,TRGV1,B9D1,0,0,0
Q9NXG0,Q07343,1,0.551219512,0.401554536,0.476387024,0,,,,,,,0,CNTLN,PDE4B,0,0,0
A0A0A0MS02,P20827,1,0.551219512,0.401554946,0.476387229,0,,,,,,,0,TRGV1,EFNA1,0,0,0
A0A0A0MS02,Q9NY72,1,0.551219512,0.401555192,0.476387352,0,,,,,,,0,TRGV1,SCN3B,0,0,0
A0A0A0MS02,H3BNL1,1,0.551219512,0.4015554,0.476387456,0,,,,,,,0,TRGV1,C3orf84,0,0,0
A0A0A0MS02,A6NKL6,1,0.526829268,0.401554958,0.464192113,0,,,,,,,0,TRGV1,TMEM200C,0,0,0
A0A0A0MS02,Q86UN6,1,0.52195122,0.401556462,0.461753841,0,,,,,,,0,TRGV1,AKAP14,0,0,0
A0A0A0MS02,Q8NEP3,1,0.551219512,0.401554808,0.47638716,0,,,,,,,0,TRGV1,DNAAF1,0,0,0
A0A0A0MS02,P49959,1,0.551219512,0.401554866,0.476387189,0,,,,,,,0,TRGV1,MRE11,0,0,0
A0A0A0MS02,Q8IYW5,1,0.551219512,0.401554875,0.476387194,0,,,,,,,0,TRGV1,RNF168,0,0,0
O00300,A6H8Y1,1,0.526829268,0.401681161,0.464255215,0,,,,,,,0,TNFRSF11B,BDP1,0,0,0
O00300,Q8NFC6,1,0.526829268,0.401681123,0.464255196,0,,,,,,,0,TNFRSF11B,BOD1L1,0,0,0
Q9NXG0,Q8WV41,1,0.551219512,0.401633115,0.476426314,0,,,,,,,0,CNTLN,SNX33,0,0,0
Q14966,P0DJD7,1,0.52195122,0.401681183,0.461816201,0,,,,,,,0,ZNF638,PGA4,0,0,0
Q14966,Q6P996,1,0.52195122,0.401603265,0.461777243,0,,,,,,,0,ZNF638,PDXDC1,0,0,0
Q14966,Q07343,1,0.52195122,0.401603214,0.461777217,0,,,,,,,0,ZNF638,PDE4B,0,0,0
Q14966,Q8WV41,1,0.52195122,0.401603126,0.461777173,0,,,,,,,0,ZNF638,SNX33,0,0,0
P07225,Q92993,1,0.834146341,0.401557499,0.61785192,0,,,,,,,0,PROS1,KAT5,0,0,0
Q13084,A6H8Y1,1,0.526829268,0.401681223,0.464255246,0,,,,,,,0,MRPL28,BDP1,0,0,0
Q13084,Q8NFC6,1,0.526829268,0.401681206,0.464255237,0,,,,,,,0,MRPL28,BOD1L1,0,0,0
Q13084,P39023,1,0.72195122,0.401324602,0.561637911,0,,,,,,,0,MRPL28,RPL3,0,0,0
Q7L804,P36957,1,0.72195122,0.401374073,0.561662646,0,,,,,,,0,RAB11FIP2,DLST,0,0,0
Q9H0X4,O95202,1,0.741463415,0.40126019,0.571361803,0,,,,,,,0,FAM234A,LETM1,0,0,0
Q9H0X4,Q6NXT4,1,0.72195122,0.40105152,0.56150137,0,,,,,,,0,FAM234A,SLC30A6,0,0,0
P07225,P12644,1,0.72195122,0.401307912,0.561629566,0,,,,,,,0,PROS1,BMP4,0,0,0
O43711,Q9UI47,1,0.746341463,0.401531019,0.573936241,0,,,,,,,0,TLX3,CTNNA3,0,0,0
O43711,Q9UNN4,1,0.746341463,0.401393156,0.57386731,0,,,,,,,0,TLX3,GTF2A1L,0,0,0
O43711,A0A286YF18,1,0.536585366,0.401555147,0.469070257,0,,,,,,,0,TLX3,SMIM44,0,0,0
A0A0B4J1U3,O75167,1,0.551219512,0.401554687,0.4763871,0,,,,,,,0,IGLV1-36,PHACTR2,0,0,0
A0A0B4J1U3,Q6P1L5,1,0.551219512,0.401554794,0.476387153,0,,,,,,,0,IGLV1-36,FAM117B,0,0,0
A0A0B4J1U3,Q7Z6K5,1,0.52195122,0.401554769,0.461752994,0,,,,,,,0,IGLV1-36,ARPIN,0,0,0
A0A0B4J1U3,Q5TGJ6,1,0.526829268,0.40155565,0.464192459,0,,,,,,,0,IGLV1-36,HDGFL1,0,0,0
A0A0B4J1U3,Q8N4E4,1,0.526829268,0.401554824,0.464192046,0,,,,,,,0,IGLV1-36,PDCL2,0,0,0
O15530,Q5TB80,1,0.551219512,0.401554537,0.476387024,0,,,,,,,0,PDPK1,CEP162,0,0,0
O15530,O00203,1,0.551219512,0.401554537,0.476387024,0,,,,,,,0,PDPK1,AP3B1,0,0,0
O15530,P54868,1,0.52195122,0.401555079,0.461753149,0,,,,,,,0,PDPK1,HMGCS2,0,0,0
O15530,O43463,1,0.52195122,0.401554767,0.461752993,0,,,,,,,0,PDPK1,SUV39H1,0,0,0
O15530,Q9UKF6,1,0.551219512,0.401554714,0.476387113,0,,,,,,,0,PDPK1,CPSF3,0,0,0
O15530,Q969Q6,1,0.526829268,0.40155549,0.464192379,0,,,,,,,0,PDPK1,PPP2R3C,0,0,0
O15530,Q86VH2,1,0.551219512,0.401554541,0.476387026,0,,,,,,,0,PDPK1,KIF27,0,0,0
O15530,Q9UI42,1,0.72195122,0.401170169,0.561560694,0,,,,,,,0,PDPK1,CPA4,0,0,0
Q9H2X3,Q9BYQ4,1,0.52195122,0.401306694,0.461628957,0,,,,,,,0,CLEC4M,KRTAP9-2,0,0,0
O75167,Q96B02,1,0.551219512,0.401554686,0.476387099,0,,,,,,,0,PHACTR2,UBE2W,0,0,0
O75167,Q9NP50,1,0.551219512,0.401554843,0.476387178,0,,,,,,,0,PHACTR2,SINHCAF,0,0,0
O75167,A0A075B6T7,1,0.551219512,0.401554959,0.476387236,0,,,,,,,0,PHACTR2,TRAV6,0,0,0
O75167,P01782,1,0.551219512,0.401554903,0.476387208,0,,,,,,,0,PHACTR2,IGHV3-9,0,0,0
O75167,P13385,1,0.551219512,0.401554844,0.476387178,0,,,,,,,0,PHACTR2,TDGF1,0,0,0
O75167,A0A0B4J245,1,0.551219512,0.401555011,0.476387262,0,,,,,,,0,PHACTR2,TRAV12-1,0,0,0
O75167,Q7Z6K5,1,0.551219512,0.401554929,0.476387221,0,,,,,,,0,PHACTR2,ARPIN,0,0,0
O75167,P84085,1,0.551219512,0.40155505,0.476387281,0,,,,,,,0,PHACTR2,ARF5,0,0,0
O75167,O15522,1,0.526829268,0.401554965,0.464192117,0,,,,,,,0,PHACTR2,NKX2-8,0,0,0
O75167,Q5TGJ6,1,0.526829268,0.401554903,0.464192086,0,,,,,,,0,PHACTR2,HDGFL1,0,0,0
O75167,Q8N4E4,1,0.551219512,0.401554903,0.476387208,0,,,,,,,0,PHACTR2,PDCL2,0,0,0
O75167,P00167,1,0.551219512,0.401554682,0.476387097,0,,,,,,,0,PHACTR2,CYB5A,0,0,0
O75167,A0A286YF18,1,0.551219512,0.401554832,0.476387172,0,,,,,,,0,PHACTR2,SMIM44,0,0,0
P63252,Q14005,1,0.843902439,0.401407135,0.622654787,0,,,,,,,0,KCNJ2,IL16,0,0,0
P63252,P49756,1,0.536585366,0.401554889,0.469070128,0,,,,,,,0,KCNJ2,RBM25,0,0,0
Q92530,Q8TF50,1,0.526829268,0.401554861,0.464192065,0,,,,,,,0,PSMF1,ZNF526,0,0,0
Q92530,Q8NEP3,1,0.551219512,0.401554777,0.476387145,0,,,,,,,0,PSMF1,DNAAF1,0,0,0
Q92530,P49959,1,0.551219512,0.401554814,0.476387163,0,,,,,,,0,PSMF1,MRE11,0,0,0
Q92530,Q8IYW5,1,0.526829268,0.401555057,0.464192163,0,,,,,,,0,PSMF1,RNF168,0,0,0
P07225,Q5TB80,1,0.551219512,0.401554656,0.476387084,0,,,,,,,0,PROS1,CEP162,0,0,0
Q9BQ52,Q9H2S6,1,0.526829268,0.40163314,0.464231204,0,,,,,,,0,ELAC2,TNMD,0,0,0
Q9BQ52,Q86W34,1,0.551219512,0.401554813,0.476387162,0,,,,,,,0,ELAC2,AMZ2,0,0,0
Q9BQ52,Q6ZT21,1,0.526829268,0.401555034,0.464192151,0,,,,,,,0,ELAC2,TMPPE,0,0,0
Q9BQ52,Q15648,1,0.52195122,0.401603029,0.461777124,0,,,,,,,0,ELAC2,MED1,0,0,0
Q9BQ52,P49888,1,0.526829268,0.40163309,0.464231179,0,,,,,,,0,ELAC2,SULT1E1,0,0,0
Q9BQ52,P62714,1,0.746341463,0.401542099,0.573941781,0,,,,,,,0,ELAC2,PPP2CB,0,0,0
Q8IUF8,P51608,1,0.726829268,0.40193356,0.564381414,0,,,,,,,0,RIOX2,MECP2,0,0,0
Q8IUF8,P39023,1,0.72195122,0.400785619,0.561368419,0,,,,,,,0,RIOX2,RPL3,0,0,0
Q9UBB4,Q5TB80,1,0.72195122,0.401322429,0.561636824,0,,,,,,,0,ATXN10,CEP162,0,0,0
Q674X7,Q9BQA1,1,0.775609756,0.401418182,0.588513969,0,,,,,,,0,KAZN,WDR77,0,0,0
Q674X7,P47804,1,0.536585366,0.401555125,0.469070246,0,,,,,,,0,KAZN,RGR,0,0,0
Q674X7,P98077,1,0.551219512,0.401554878,0.476387195,0,,,,,,,0,KAZN,SHC2,0,0,0
P07225,O43463,1,0.52195122,0.401554751,0.461752985,0,,,,,,,0,PROS1,SUV39H1,0,0,0
Q674X7,Q86YJ6,1,0.551219512,0.401554841,0.476387177,0,,,,,,,0,KAZN,THNSL2,0,0,0
Q674X7,Q9Y4R8,1,0.526829268,0.401557706,0.464193487,0,,,,,,,0,KAZN,TELO2,0,0,0
Q674X7,O00322,1,0.551219512,0.401555014,0.476387263,0,,,,,,,0,KAZN,UPK1A,0,0,0
Q674X7,Q15813,1,0.526829268,0.401555017,0.464192143,0,,,,,,,0,KAZN,TBCE,0,0,0
Q674X7,Q8NF37,1,0.551219512,0.401554825,0.476387169,0,,,,,,,0,KAZN,LPCAT1,0,0,0
Q674X7,Q9H313,1,0.536585366,0.401555426,0.469070396,0,,,,,,,0,KAZN,TTYH1,0,0,0
Q674X7,Q5SWL8,1,0.526829268,0.401555118,0.464192193,0,,,,,,,0,KAZN,PRAMEF19,0,0,0
O96013,O43313,1,0.52195122,0.401554777,0.461752998,0,,,,,,,0,PAK4,ATMIN,0,0,0
O96013,P12532,1,0.658536585,0.401306786,0.529921686,0,,,,,,,0,PAK4,CKMT1B,0,0,0
O96013,Q9Y388,1,0.526829268,0.401555035,0.464192152,0,,,,,,,0,PAK4,RBMX2,0,0,0
O96013,Q6UX07,1,0.526829268,0.401555253,0.464192261,0,,,,,,,0,PAK4,DHRS13,0,0,0
O96013,P36957,1,0.726829268,0.401306481,0.564067874,0,,,,,,,0,PAK4,DLST,0,0,0
O96013,Q16586,1,0.551219512,0.401555514,0.476387513,0,,,,,,,0,PAK4,SGCA,0,0,0
O96013,P05198,1,0.634146341,0.40132143,0.517733885,0,,,,,,,0,PAK4,EIF2S1,0,0,0
O96013,P49207,1,0.643902439,0.401306445,0.522604442,0,,,,,,,0,PAK4,RPL34,0,0,0
P07225,Q969Q6,1,0.551219512,0.401555118,0.476387315,0,,,,,,,0,PROS1,PPP2R3C,0,0,0
Q15437,Q96S38,1,0.551219512,0.401554751,0.476387132,0,,,,,,,0,SEC23B,RPS6KC1,0,0,0
Q15437,Q6ZNL6,1,0.52195122,0.401603254,0.461777237,0,,,,,,,0,SEC23B,FGD5,0,0,0
Q15437,Q9BQS8,1,0.746341463,0.401305713,0.573823588,0,,,,,,,0,SEC23B,FYCO1,0,0,0
Q15437,Q8WU79,1,0.726829268,0.401306714,0.564067991,0,,,,,,,0,SEC23B,SMAP2,0,0,0
Q9BS86,Q9Y473,1,0.526829268,0.401633376,0.464231322,0,,,,,,,0,ZPBP,ZNF175,0,0,0
Q9BS86,Q9UNA4,1,0.551219512,0.401554907,0.476387209,0,,,,,,,0,ZPBP,POLI,0,0,0
P67775,Q08999,1,0.804878049,0.40132134,0.603099694,0,,,,,,,0,PPP2CA,RBL2,0,0,0
P67775,P54278,1,0.72195122,0.401321586,0.561636403,0,,,,,,,0,PPP2CA,PMS2,0,0,0
P67775,O00755,1,0.731707317,0.400857237,0.566282277,0,,,,,,,0,PPP2CA,WNT7A,0,0,0
P67775,P62714,1,0.87804878,0.414151426,0.646100103,0,,,,,,,0,PPP2CA,PPP2CB,0,0,0
P67775,Q5JRM2,1,0.726829268,0.401504293,0.56416678,0,,,,,,,0,PPP2CA,CXorf66,0,0,0
Q96MY7,Q9UI47,1,0.736585366,0.401204394,0.56889488,0,,,,,,,0,FAM161B,CTNNA3,0,0,0
Q96MY7,Q9NYA3,1,0.726829268,0.400840597,0.563834933,0,,,,,,,0,FAM161B,GOLGA6A,0,0,0
Q96MY7,Q969Q6,1,0.72195122,0.401308919,0.561630069,0,,,,,,,0,FAM161B,PPP2R3C,0,0,0
Q3KNS6,O43463,1,0.804878049,0.401756233,0.603317141,0,,,,,,,0,ZNF829,SUV39H1,0,0,0
A8K0S8,Q96M83,1,0.526829268,0.401603097,0.464216183,0,,,,,,,0,MEIS3P2,CCDC7,0,0,0
P11166,P30101,1,0.72195122,0.401101347,0.561526283,0,,,,,,,0,SLC2A1,PDIA3,0,0,0
P11166,Q96L92,1,0.72195122,0.40137472,0.56166297,0,,,,,,,0,SLC2A1,SNX27,0,0,0
Q2YD98,P32780,1,0.756097561,0.401228334,0.578662948,0,,,,,,,0,UVSSA,GTF2H1,0,0,0
Q9Y3I0,Q9GZX7,1,0.746341463,0.401322683,0.573832073,0,,,,,,,0,RTCB,AICDA,0,0,0
Q9Y3I0,P52272,1,0.72195122,0.401308233,0.561629726,0,,,,,,,0,RTCB,HNRNPM,0,0,0
Q9Y3I0,P55916,1,0.72195122,0.401308302,0.561629761,0,,,,,,,0,RTCB,UCP3,0,0,0
Q9Y3I0,P49959,1,0.741463415,0.401307015,0.571385215,0,,,,,,,0,RTCB,MRE11,0,0,0
Q9Y3I0,O95994,1,0.726829268,0.401307744,0.564068506,0,,,,,,,0,RTCB,AGR2,0,0,0
Q9Y3I0,Q12972,1,0.72195122,0.401308524,0.561629872,0,,,,,,,0,RTCB,PPP1R8,0,0,0
Q9Y3I0,O00425,1,0.72195122,0.401036385,0.561493802,0,,,,,,,0,RTCB,IGF2BP3,0,0,0
O14793,P49756,1,0.52195122,0.40155496,0.46175309,0,,,,,,,0,MSTN,RBM25,0,0,0
P56749,A6H8Y1,1,0.526829268,0.40160296,0.464216114,0,,,,,,,0,CLDN12,BDP1,0,0,0
P56749,Q8NFC6,1,0.526829268,0.401603083,0.464216176,0,,,,,,,0,CLDN12,BOD1L1,0,0,0
P56749,Q9UBT2,1,0.551219512,0.401555196,0.476387354,0,,,,,,,0,CLDN12,UBA2,0,0,0
P56749,Q32MK0,1,0.551219512,0.401555257,0.476387385,0,,,,,,,0,CLDN12,MYLK3,0,0,0
Q8IZ40,A6H8Y1,1,0.526829268,0.401602981,0.464216124,0,,,,,,,0,RCOR2,BDP1,0,0,0
Q8IZ40,Q8NFC6,1,0.52195122,0.401602962,0.461777091,0,,,,,,,0,RCOR2,BOD1L1,0,0,0
O60268,Q9NXH9,1,0.526829268,0.401554698,0.464191983,0,,,,,,,0,KIAA0513,TRMT1,0,0,0
Q5TB80,Q8NHV4,1,0.746341463,0.401321283,0.573831373,0,,,,,,,0,CEP162,NEDD1,0,0,0
Q5TB80,O75665,1,0.726829268,0.401307602,0.564068435,0,,,,,,,0,CEP162,OFD1,0,0,0
Q5TB80,Q9UBT2,1,0.746341463,0.401530505,0.573935984,0,,,,,,,0,CEP162,UBA2,0,0,0
Q5TB80,O43463,1,0.551219512,0.401554691,0.476387102,0,,,,,,,0,CEP162,SUV39H1,0,0,0
Q5TB80,Q96L92,1,0.551219512,0.401554714,0.476387113,0,,,,,,,0,CEP162,SNX27,0,0,0
Q5TB80,Q969Q6,1,0.551219512,0.401554807,0.476387159,0,,,,,,,0,CEP162,PPP2R3C,0,0,0
O60268,A6H8Y1,1,0.526829268,0.401602849,0.464216059,0,,,,,,,0,KIAA0513,BDP1,0,0,0
O60268,Q8NFC6,1,0.526829268,0.401602828,0.464216048,0,,,,,,,0,KIAA0513,BOD1L1,0,0,0
P0DJD7,Q15643,1,0.551219512,0.401554603,0.476387057,0,,,,,,,0,PGA4,TRIP11,0,0,0
P0DJD7,Q9ULE3,1,0.536585366,0.401554925,0.469070145,0,,,,,,,0,PGA4,DENND2A,0,0,0
P0DJD7,Q07343,1,0.536585366,0.40155498,0.469070173,0,,,,,,,0,PGA4,PDE4B,0,0,0
Q8IZP0,A6H8Y1,1,0.551219512,0.401554746,0.476387129,0,,,,,,,0,ABI1,BDP1,0,0,0
Q8IZP0,Q9ULV4,1,0.72195122,0.401231455,0.561591337,0,,,,,,,0,ABI1,CORO1C,0,0,0
Q8IZP0,Q5T124,1,0.72195122,0.401371608,0.561661414,0,,,,,,,0,ABI1,UBXN11,0,0,0
Q08999,O43463,1,0.726829268,0.401321623,0.564075445,0,,,,,,,0,RBL2,SUV39H1,0,0,0
O94805,Q8N257,1,0.726829268,0.401307429,0.564068348,0,,,,,,,0,ACTL6B,H2BC26,0,0,0
Q14165,Q2MV58,1,0.72195122,0.401321734,0.561636477,0,,,,,,,0,MLEC,TCTN1,0,0,0
Q16651,Q5SVS4,1,0.72195122,0.401373663,0.561662441,0,,,,,,,0,PRSS8,SLC25A30,0,0,0
Q14165,P36957,1,0.72195122,0.401036752,0.561493986,0,,,,,,,0,MLEC,DLST,0,0,0
Q14165,Q6NUS6,1,0.726829268,0.401306721,0.564067995,0,,,,,,,0,MLEC,TCTN3,0,0,0
Q14165,O95994,1,0.72195122,0.401308818,0.561630019,1,0.024734982,,,,,,0,MLEC,AGR2,0,0,0
Q14165,Q8IXK0,1,0.526829268,0.401554986,0.464192127,0,,,,,,,0,MLEC,PHC2,0,0,0
Q14165,P12235,1,0.72195122,0.401886722,0.561918971,0,,,,,,,0,MLEC,SLC25A4,0,0,0
Q14165,P00167,1,0.751219512,0.401047377,0.576133445,0,,,,,,,0,MLEC,CYB5A,0,0,0
Q9BQA1,O75157,1,0.726829268,0.401307471,0.56406837,0,,,,,,,0,WDR77,TSC22D2,0,0,0
Q9BQA1,Q9ULV4,1,0.746341463,0.401320073,0.573830768,0,,,,,,,0,WDR77,CORO1C,0,0,0
Q9BQA1,P52272,1,0.804878049,0.401307654,0.603092851,0,,,,,,,0,WDR77,HNRNPM,0,0,0
Q9BQA1,P62312,1,0.726829268,0.401307026,0.564068147,0,,,,,,,0,WDR77,LSM6,0,0,0
Q9BQA1,Q12972,1,0.804878049,0.402030461,0.603454255,0,,,,,,,0,WDR77,PPP1R8,0,0,0
Q16651,Q8TB24,1,0.52195122,0.401602801,0.46177701,0,,,,,,,0,PRSS8,RIN3,0,0,0
P25789,Q96RU8,1,0.52195122,0.401554683,0.461752951,0,,,,,,,0,PSMA4,TRIB1,0,0,0
P25789,P54278,1,0.551219512,0.401554594,0.476387053,0,,,,,,,0,PSMA4,PMS2,0,0,0
P25789,A8MXT2,1,0.52195122,0.40155531,0.461753265,0,,,,,,,0,PSMA4,MAGEB17,0,0,0
P25789,Q9UBT2,1,0.726829268,0.401306119,0.564067694,0,,,,,,,0,PSMA4,UBA2,0,0,0
P25789,Q12926,1,0.526829268,0.401555122,0.464192195,0,,,,,,,0,PSMA4,ELAVL2,0,0,0
P25789,O00635,1,0.726829268,0.401306072,0.56406767,0,,,,,,,0,PSMA4,TRIM38,0,0,0
P25789,P57682,1,0.52195122,0.401555715,0.461753467,0,,,,,,,0,PSMA4,KLF3,0,0,0
P25789,P55916,1,0.536585366,0.401633975,0.469109671,0,,,,,,,0,PSMA4,UCP3,0,0,0
P25789,A0A0J9YX57,1,0.551219512,0.401555068,0.47638729,0,,,,,,,0,PSMA4,MAGEB6B,0,0,0
P25789,O95994,1,0.726829268,0.401442235,0.564135752,0,,,,,,,0,PSMA4,AGR2,0,0,0
Q16651,Q13495,1,0.551219512,0.401554663,0.476387087,0,,,,,,,0,PRSS8,MAMLD1,0,0,0
P25789,Q8IXK0,1,0.551219512,0.401554585,0.476387049,0,,,,,,,0,PSMA4,PHC2,0,0,0
P25789,O43347,1,0.551219512,0.401555566,0.476387539,0,,,,,,,0,PSMA4,MSI1,0,0,0
P25789,Q9HAS0,1,0.526829268,0.401554704,0.464191986,0,,,,,,,0,PSMA4,C17orf75,0,0,0
P25789,Q96R45,1,0.52195122,0.401558255,0.461754737,0,,,,,,,0,PSMA4,OR2A7,0,0,0
Q9NXH9,Q15293,1,0.551219512,0.401554545,0.476387029,0,,,,,,,0,TRMT1,RCN1,0,0,0
Q9NXH9,Q9Y2A9,1,0.551219512,0.401554982,0.476387247,0,,,,,,,0,TRMT1,B3GNT3,0,0,0
Q9NXH9,P50391,1,0.526829268,0.401555115,0.464192192,0,,,,,,,0,TRMT1,NPY4R,0,0,0
Q9NXH9,Q9GZX7,1,0.551219512,0.401554731,0.476387121,0,,,,,,,0,TRMT1,AICDA,0,0,0
Q9NXH9,P12532,1,0.551219512,0.401554749,0.476387131,0,,,,,,,0,TRMT1,CKMT1B,0,0,0
Q9NXH9,Q6ZMJ4,1,0.551219512,0.401554833,0.476387173,0,,,,,,,0,TRMT1,IL34,0,0,0
Q9NXH9,A6H8Y1,1,0.52195122,0.401602786,0.461777003,0,,,,,,,0,TRMT1,BDP1,0,0,0
Q9NXH9,Q8NFC6,1,0.52195122,0.401602794,0.461777007,0,,,,,,,0,TRMT1,BOD1L1,0,0,0
Q9NXH9,P10828,1,0.526829268,0.401554649,0.464191959,0,,,,,,,0,TRMT1,THRB,0,0,0
Q9NXH9,Q9NU63,1,0.526829268,0.401554579,0.464191923,0,,,,,,,0,TRMT1,ZFP57,0,0,0
Q9NXH9,Q6P9G9,1,0.52195122,0.401554736,0.461752978,0,,,,,,,0,TRMT1,ZNF449,0,0,0
Q9NXH9,Q8NDC0,1,0.551219512,0.401554819,0.476387166,0,,,,,,,0,TRMT1,MAPK1IP1L,0,0,0
Q9NXH9,Q9Y606,1,0.551219512,0.401554532,0.476387022,0,,,,,,,0,TRMT1,PUS1,0,0,0
Q9NXH9,P07204,1,0.52195122,0.401554664,0.461752942,0,,,,,,,0,TRMT1,THBD,0,0,0
Q9NXH9,Q9HA72,1,0.551219512,0.401554821,0.476387167,0,,,,,,,0,TRMT1,CALHM2,0,0,0
Q16651,Q58F21,1,0.52195122,0.401602915,0.461777067,0,,,,,,,0,PRSS8,BRDT,0,0,0
Q9NXH9,Q9BXW7,1,0.551219512,0.401554857,0.476387185,0,,,,,,,0,TRMT1,HDHD5,0,0,0
Q9NXH9,Q9NR63,1,0.526829268,0.401555512,0.46419239,0,,,,,,,0,TRMT1,CYP26B1,0,0,0
Q9NXH9,A9YTQ3,1,0.52195122,0.401555542,0.461753381,0,,,,,,,0,TRMT1,AHRR,0,0,0
Q9NXH9,Q32MK0,1,0.551219512,0.40155464,0.476387076,0,,,,,,,0,TRMT1,MYLK3,0,0,0
Q9NXH9,Q8NFZ8,1,0.551219512,0.401554619,0.476387066,0,,,,,,,0,TRMT1,CADM4,0,0,0
Q9NXH9,Q16563,1,0.551219512,0.401554674,0.476387093,0,,,,,,,0,TRMT1,SYPL1,0,0,0
Q9NXH9,Q9UN19,1,0.551219512,0.401554704,0.476387108,0,,,,,,,0,TRMT1,DAPP1,0,0,0
Q9NXH9,Q3KPI0,1,0.551219512,0.401554659,0.476387086,0,,,,,,,0,TRMT1,CEACAM21,0,0,0
Q9NXH9,Q92187,1,0.526829268,0.401554733,0.464192001,0,,,,,,,0,TRMT1,ST8SIA4,0,0,0
Q9NXH9,Q8IU60,1,0.526829268,0.401554553,0.464191911,0,,,,,,,0,TRMT1,DCP2,0,0,0
Q9NXH9,Q8N465,1,0.746341463,0.401530905,0.573936184,0,,,,,,,0,TRMT1,D2HGDH,0,0,0
Q8WWZ8,Q92966,1,0.526829268,0.401554669,0.464191969,0,,,,,,,0,OIT3,SNAPC3,0,0,0
Q06546,O75716,1,0.726829268,0.401307834,0.564068551,0,,,,,,,0,GABPA,STK16,0,0,0
Q06546,Q15648,1,0.785365854,0.40160301,0.593484432,0,,,,,,,0,GABPA,MED1,0,0,0
Q06546,P12429,1,0.726829268,0.401372698,0.564100983,0,,,,,,,0,GABPA,ANXA3,0,0,0
Q06546,Q9UI42,1,0.72195122,0.401522293,0.561736756,0,,,,,,,0,GABPA,CPA4,0,0,0
Q9BSU3,O75665,1,0.746341463,0.401305972,0.573823718,0,,,,,,,0,NAA11,OFD1,0,0,0
Q659A1,O75665,1,0.72195122,0.401415401,0.56168331,0,,,,,,,0,ICE2,OFD1,0,0,0
Q2MV58,Q15293,1,0.726829268,0.401322403,0.564075836,0,,,,,,,0,TCTN1,RCN1,0,0,0
Q2MV58,Q9UPM9,1,0.741463415,0.40152885,0.571496132,0,,,,,,,0,TCTN1,B9D1,0,0,0
Q16651,Q674X7,1,0.551219512,0.401554752,0.476387132,0,,,,,,,0,PRSS8,KAZN,0,0,0
Q2MV58,P60411,1,0.52195122,0.401306935,0.461629077,0,,,,,,,0,TCTN1,KRTAP10-9,0,0,0
Q2MV58,P30101,1,0.72195122,0.401308072,0.561629646,0,,,,,,,0,TCTN1,PDIA3,0,0,0
Q2MV58,Q6NUS6,1,0.726829268,0.401415933,0.564122601,0,,,,,,,0,TCTN1,TCTN3,0,0,0
Q2MV58,Q96AY3,1,0.72195122,0.401471024,0.561711122,0,,,,,,,0,TCTN1,FKBP10,0,0,0
Q96B02,Q9Y577,1,0.726829268,0.401306585,0.564067927,0,,,,,,,0,UBE2W,TRIM17,0,0,0
Q96B02,Q8IWR1,1,0.726829268,0.401306857,0.564068062,0,,,,,,,0,UBE2W,TRIM59,0,0,0
Q99705,Q9Y2E8,1,0.526829268,0.401555024,0.464192146,0,,,,,,,0,MCHR1,SLC9A8,0,0,0
Q99705,Q6NUS6,1,0.526829268,0.401555032,0.46419215,0,,,,,,,0,MCHR1,TCTN3,0,0,0
A8MYV0,Q9UI47,1,0.551219512,0.401554854,0.476387183,0,,,,,,,0,DCDC2C,CTNNA3,0,0,0
A8MYV0,Q8NEN0,1,0.551219512,0.401555123,0.476387318,0,,,,,,,0,DCDC2C,ARMC2,0,0,0
A8MYV0,P23327,1,0.526829268,0.401555143,0.464192206,0,,,,,,,0,DCDC2C,HRC,0,0,0
A8MYV0,Q8WXA3,1,0.551219512,0.401555293,0.476387403,0,,,,,,,0,DCDC2C,RUFY2,0,0,0
Q9Y618,P10828,1,0.726829268,0.401321179,0.564075224,0,,,,,,,0,NCOR2,THRB,0,0,0
Q9Y618,Q9H334,1,0.726829268,0.401306797,0.564068032,0,,,,,,,0,NCOR2,FOXP1,0,0,0
Q9Y618,P49207,1,0.726829268,0.401306244,0.564067756,0,,,,,,,0,NCOR2,RPL34,0,0,0
Q16651,P50548,1,0.717073171,0.401323913,0.559198542,0,,,,,,,0,PRSS8,ERF,0,0,0
Q16651,Q8IU60,1,0.72195122,0.40103475,0.561492985,0,,,,,,,0,PRSS8,DCP2,0,0,0
Q92966,Q8N2N9,1,0.780487805,0.401407021,0.590947413,0,,,,,,,0,SNAPC3,ANKRD36B,0,0,0
O75157,Q6P1L5,1,0.717073171,0.401323913,0.559198542,0,,,,,,,0,TSC22D2,FAM117B,0,0,0
Q9UI47,P12532,1,0.741463415,0.401529719,0.571496567,0,,,,,,,0,CTNNA3,CKMT1B,0,0,0
Q9UI47,Q7Z418,1,0.551219512,0.401554829,0.476387171,0,,,,,,,0,CTNNA3,KCNK18,0,0,0
Q8NEN0,Q7Z418,1,0.551219512,0.401554962,0.476387237,0,,,,,,,0,ARMC2,KCNK18,0,0,0
A6NP11,Q9P2M7,1,0.52195122,0.40160305,0.461777135,0,,,,,,,0,ZNF716,CGN,0,0,0
Q32NC0,P51608,1,0.780487805,0.401557773,0.591022789,0,,,,,,,0,C18orf21,MECP2,0,0,0
Q6ZNL6,P12532,1,0.726829268,0.401321501,0.564075385,0,,,,,,,0,FGD5,CKMT1B,0,0,0
Q6ZNL6,Q9Y6Q2,1,0.52195122,0.401602916,0.461777068,0,,,,,,,0,FGD5,STON1,0,0,0
Q6ZNL6,O43463,1,0.824390244,0.40153037,0.612960307,0,,Q6ZNL6,O43463,"psi-mi:""MI:0007""(anti tag coimmunoprecipitation)",taxid:9606(Homo sapiens),2,1,FGD5,SUV39H1,0,0,0
P43121,Q9H2S6,1,0.526829268,0.401555214,0.464192241,0,,,,,,,0,MCAM,TNMD,0,0,0
P43121,P60411,1,0.52195122,0.401306818,0.461629019,0,,,,,,,0,MCAM,KRTAP10-9,0,0,0
P43121,Q8NDV3,1,0.52195122,0.40160292,0.46177707,0,,,,,,,0,MCAM,SMC1B,0,0,0
P43121,P49888,1,0.526829268,0.401555151,0.46419221,0,,,,,,,0,MCAM,SULT1E1,0,0,0
Q6P996,Q99788,1,0.731707317,0.401322309,0.566514813,0,,,,,,,0,PDXDC1,CMKLR1,0,0,0
Q6P996,Q9P2W7,1,0.741463415,0.401518492,0.571490953,0,,,,,,,0,PDXDC1,B3GAT1,0,0,0
Q6P996,Q15643,1,0.526829268,0.401554902,0.464192085,0,,,,,,,0,PDXDC1,TRIP11,0,0,0
Q6P996,O95994,1,0.726829268,0.401306968,0.564068118,0,,,,,,,0,PDXDC1,AGR2,0,0,0
P40121,Q969X2,1,0.72195122,0.401359556,0.561655388,0,,,,,,,0,CAPG,ST6GALNAC6,0,0,0
P40121,Q15003,1,0.819512195,0.401540683,0.610526439,0,,,,,,,0,CAPG,NCAPH,0,0,0
Q9H2S6,P36957,1,0.829268293,0.40138569,0.615326991,0,,,,,,,0,TNMD,DLST,0,0,0
Q8N9B8,A6H8Y1,1,0.526829268,0.401603065,0.464216167,0,,,,,,,0,RASGEF1A,BDP1,0,0,0
Q8N9B8,Q8NFC6,1,0.52195122,0.401603036,0.461777128,0,,,,,,,0,RASGEF1A,BOD1L1,0,0,0
Q8TF50,Q14005,1,0.731707317,0.401321754,0.566514535,0,,,,,,,0,ZNF526,IL16,0,0,0
Q96AN5,Q8N6G5,1,0.780487805,0.401144995,0.5908164,0,,,,,,,0,TMEM143,CSGALNACT2,0,0,0
Q96AN5,Q9H313,1,0.8,0.401098944,0.600549472,0,,,,,,,0,TMEM143,TTYH1,0,0,0
P18858,Q15643,1,0.551219512,0.401633126,0.476426319,0,,,,,,,0,LIG1,TRIP11,0,0,0
P18858,P49959,1,0.72195122,0.401442966,0.561697093,0,,,,,,,0,LIG1,MRE11,0,0,0
P18858,Q8WV41,1,0.526829268,0.401633135,0.464231202,0,,,,,,,0,LIG1,SNX33,0,0,0
Q15293,O75665,1,0.751219512,0.401200851,0.576210182,0,,,,,,,0,RCN1,OFD1,0,0,0
Q15293,A6H8Y1,1,0.526829268,0.401681277,0.464255273,0,,,,,,,0,RCN1,BDP1,0,0,0
Q15293,Q8NFC6,1,0.526829268,0.401681255,0.464255262,0,,,,,,,0,RCN1,BOD1L1,0,0,0
Q15293,O94989,1,0.746341463,0.401673152,0.574007308,0,,,,,,,0,RCN1,ARHGEF15,0,0,0
Q15293,Q6NUS6,1,0.741463415,0.401652868,0.571558141,0,,,,,,,0,RCN1,TCTN3,0,0,0
Q15293,Q9NR63,1,0.526829268,0.401555541,0.464192404,0,,,,,,,0,RCN1,CYP26B1,0,0,0
Q15293,A9YTQ3,1,0.526829268,0.401633053,0.464231161,0,,,,,,,0,RCN1,AHRR,0,0,0
Q15293,Q32MK0,1,0.526829268,0.401633064,0.464231166,0,,,,,,,0,RCN1,MYLK3,0,0,0
Q9UPM9,P30613,1,0.526829268,0.401633138,0.464231203,0,,,,,,,0,B9D1,PKLR,0,0,0
Q96NU1,A0A0B4J1V7,1,0.551219512,0.401554851,0.476387182,0,,,,,,,0,SAMD11,IGHV7-81,0,0,0
Q96NU1,P31941,1,0.551219512,0.401554695,0.476387104,0,,,,,,,0,SAMD11,APOBEC3A,0,0,0
Q96NU1,Q9H0C1,1,0.731707317,0.401322168,0.566514742,0,,,,,,,0,SAMD11,ZMYND12,0,0,0
Q96NU1,Q8N0U2,1,0.551219512,0.40155466,0.476387086,0,,,,,,,0,SAMD11,TMEM61,0,0,0
Q96NU1,Q96M83,1,0.52195122,0.401603041,0.46177713,0,,,,,,,0,SAMD11,CCDC7,0,0,0
Q96NU1,A0A0B4J1U4,1,0.551219512,0.401554687,0.4763871,0,,,,,,,0,SAMD11,TRGV5,0,0,0
A0A075B6T7,Q6P1L5,1,0.551219512,0.40155533,0.476387421,0,,,,,,,0,TRAV6,FAM117B,0,0,0
Q9BYW1,P47804,1,0.52195122,0.401554914,0.461753067,0,,,,,,,0,SLC2A11,RGR,0,0,0
Q9BYW1,Q9Y4R8,1,0.551219512,0.401632981,0.476426246,0,,,,,,,0,SLC2A11,TELO2,0,0,0
Q9Y2A9,Q8N6G5,1,0.72195122,0.401034417,0.561492818,0,,,,,,,0,B3GNT3,CSGALNACT2,0,0,0
Q9Y2A9,Q8NFC6,1,0.526829268,0.401681364,0.464255316,0,,,,,,,0,B3GNT3,BOD1L1,0,0,0
Q9Y2A9,Q6NXT4,1,0.726829268,0.401456896,0.564143082,0,,,,,,,0,B3GNT3,SLC30A6,0,0,0
P50391,A6H8Y1,1,0.526829268,0.401681218,0.464255243,0,,,,,,,0,NPY4R,BDP1,0,0,0
P50391,Q8NFC6,1,0.526829268,0.401681184,0.464255226,0,,,,,,,0,NPY4R,BOD1L1,0,0,0
P50391,Q32MK0,1,0.551219512,0.401633302,0.476426407,0,,,,,,,0,NPY4R,MYLK3,0,0,0
Q9GZX7,A6H8Y1,1,0.526829268,0.401681408,0.464255338,0,,,,,,,0,AICDA,BDP1,0,0,0
Q9GZX7,Q8NFC6,1,0.526829268,0.40168116,0.464255214,0,,,,,,,0,AICDA,BOD1L1,0,0,0
Q9GZX7,Q5H9J9,1,0.52195122,0.401633056,0.461792138,0,,,,,,,0,AICDA,TCP11X2,0,0,0
Q9GZX7,Q5VWK0,1,0.536585366,0.40163306,0.469109213,0,,,,,,,0,AICDA,NBPF6,0,0,0
Q9GZX7,P52272,1,0.72195122,0.401458064,0.561704642,0,,,,,,,0,AICDA,HNRNPM,0,0,0
Q9GZX7,Q9UBT2,1,0.52195122,0.401633112,0.461792166,0,,,,,,,0,AICDA,UBA2,0,0,0
Q9GZX7,A9YTQ3,1,0.551219512,0.40155472,0.476387116,0,,,,,,,0,AICDA,AHRR,0,0,0
Q9GZX7,Q9UKF6,1,0.726829268,0.401322155,0.564075712,0,,,,,,,0,AICDA,CPSF3,0,0,0
Q9GZX7,Q92187,1,0.52195122,0.401554844,0.461753032,0,,,,,,,0,AICDA,ST8SIA4,0,0,0
A0A0B4J1V7,O75716,1,0.536585366,0.40155546,0.469070413,0,,,,,,,0,IGHV7-81,STK16,0,0,0
A6NP11,Q96SR6,1,0.551219512,0.401554869,0.476387191,0,,,,,,,0,ZNF716,ZNF382,0,0,0
A0A0B4J1V7,Q8N0U2,1,0.536585366,0.401555968,0.469070667,0,,,,,,,0,IGHV7-81,TMEM61,0,0,0
A0A0B4J1V7,A6NDN3,1,0.551219512,0.401554765,0.476387139,0,,,,,,,0,IGHV7-81,GOLGA6B,0,0,0
A0A0B4J1V7,Q8IYV9,1,0.551219512,0.401555096,0.476387304,0,,,,,,,0,IGHV7-81,IZUMO1,0,0,0
Q17R89,Q6ZT21,1,0.551219512,0.401554997,0.476387254,0,,,,,,,0,ARHGAP44,TMPPE,0,0,0
Q17R89,Q96G74,1,0.551219512,0.40155502,0.476387266,0,,,,,,,0,ARHGAP44,OTUD5,0,0,0
Q17R89,Q68DY9,1,0.551219512,0.401554854,0.476387183,0,,,,,,,0,ARHGAP44,ZNF772,0,0,0
Q17R89,Q9UK13,1,0.526829268,0.401555158,0.464192213,0,,,,,,,0,ARHGAP44,ZNF221,0,0,0
Q17R89,Q15648,1,0.52195122,0.401602867,0.461777043,0,,,,,,,0,ARHGAP44,MED1,0,0,0
Q17R89,A0A1B0GVH7,1,0.526829268,0.401554795,0.464192032,0,,,,,,,0,ARHGAP44,IQCM,0,0,0
Q17R89,P49888,1,0.551219512,0.401554701,0.476387106,0,,,,,,,0,ARHGAP44,SULT1E1,0,0,0
Q17R89,Q969I3,1,0.551219512,0.401554634,0.476387073,0,,,,,,,0,ARHGAP44,GLYATL1,0,0,0
Q17R89,Q9Y2G2,1,0.551219512,0.401554655,0.476387084,0,,,,,,,0,ARHGAP44,CARD8,0,0,0
Q17R89,Q5VUY2,1,0.551219512,0.401554778,0.476387145,0,,,,,,,0,ARHGAP44,AADACL4,0,0,0
Q17R89,Q5JNZ3,1,0.526829268,0.401555297,0.464192283,0,,,,,,,0,ARHGAP44,ZNF311,0,0,0
Q17R89,Q13946,1,0.551219512,0.401554767,0.47638714,0,,,,,,,0,ARHGAP44,PDE7A,0,0,0
Q6ZT21,Q96G74,1,0.551219512,0.401557079,0.476388296,0,,,,,,,0,TMPPE,OTUD5,0,0,0
Q6ZT21,Q8NDV3,1,0.526829268,0.401602897,0.464216083,0,,,,,,,0,TMPPE,SMC1B,0,0,0
Q6ZT21,Q9UK13,1,0.52195122,0.401555624,0.461753422,0,,,,,,,0,TMPPE,ZNF221,0,0,0
Q6ZT21,Q15648,1,0.526829268,0.40160297,0.464216119,0,,,,,,,0,TMPPE,MED1,0,0,0
Q6ZT21,Q9NY72,1,0.726829268,0.401306551,0.56406791,0,,,,,,,0,TMPPE,SCN3B,0,0,0
Q6ZT21,P49888,1,0.52195122,0.401555791,0.461753505,0,,,,,,,0,TMPPE,SULT1E1,0,0,0
Q6ZT21,Q969I3,1,0.52195122,0.401555677,0.461753448,0,,,,,,,0,TMPPE,GLYATL1,0,0,0
Q6ZT21,P07204,1,0.52195122,0.401307675,0.461629447,0,,,,,,,0,TMPPE,THBD,0,0,0
Q6ZT21,O00322,1,0.770731707,0.401318146,0.586024926,0,,,,,,,0,TMPPE,UPK1A,0,0,0
Q6P1L5,Q8NHV4,1,0.72195122,0.401034171,0.561492695,0,,,,,,,0,FAM117B,NEDD1,0,0,0
Q6P1L5,A0A0B4J245,1,0.526829268,0.401555498,0.464192383,0,,,,,,,0,FAM117B,TRAV12-1,0,0,0
Q6P1L5,Q13148,1,0.834146341,0.401307246,0.617726794,0,,,,,,,0,FAM117B,TARDBP,0,0,0
Q6P1L5,O95994,1,0.746341463,0.401531159,0.573936311,0,,,,,,,0,FAM117B,AGR2,0,0,0
Q6P1L5,A0A286YF18,1,0.526829268,0.401555391,0.46419233,0,,,,,,,0,FAM117B,SMIM44,0,0,0
O43313,Q16586,1,0.536585366,0.401555325,0.469070346,0,,,,,,,0,ATMIN,SGCA,0,0,0
O43313,A0A096LP01,1,0.526829268,0.40155512,0.464192194,0,,,,,,,0,ATMIN,SMIM26,0,0,0
O43313,Q9UNN4,1,0.526829268,0.401555351,0.46419231,0,,,,,,,0,ATMIN,GTF2A1L,0,0,0
O75716,P60411,1,0.726829268,0.401415441,0.564122355,0,,,,,,,0,STK16,KRTAP10-9,0,0,0
O75716,O95994,1,0.72195122,0.401307965,0.561629592,0,,,,,,,0,STK16,AGR2,0,0,0
O75716,Q96M83,1,0.526829268,0.401602981,0.464216124,0,,,,,,,0,STK16,CCDC7,0,0,0
Q8N6G5,Q8IWR1,1,0.726829268,0.401307668,0.564068468,0,,,,,,,0,CSGALNACT2,TRIM59,0,0,0
Q8N6G5,Q6NXT4,1,0.726829268,0.401307715,0.564068492,0,,,,,,,0,CSGALNACT2,SLC30A6,0,0,0
Q9BYQ4,P60411,1,0.72195122,0.401036383,0.561493801,0,,Q9BYQ4,P60411,"psi-mi:""MI:0231""(mammalian protein protein interaction trap)",taxid:9606(Homo sapiens),2,1,KRTAP9-2,KRTAP10-9,0,0,0
Q9BYQ4,A8MV65,1,0.72195122,0.401374442,0.561662831,0,,,,,,,0,KRTAP9-2,VGLL3,0,0,0
Q9BYQ4,Q92570,1,0.726829268,0.401307876,0.564068572,0,,,,,,,0,KRTAP9-2,NR4A3,0,0,0
Q9BYQ4,Q13148,1,0.829268293,0.401309429,0.615288861,0,,,,,,,0,KRTAP9-2,TARDBP,0,0,0
Q86TY3,Q9UJJ7,1,0.551219512,0.401554625,0.476387068,0,,,,,,,0,ARMH4,RPUSD1,0,0,0
P23327,Q7Z418,1,0.551219512,0.401555459,0.476387485,0,,,,,,,0,HRC,KCNK18,0,0,0
P30613,Q96G74,1,0.726829268,0.401949941,0.564389605,0,,,,,,,0,PKLR,OTUD5,0,0,0
P30613,P60411,1,0.52195122,0.401306543,0.461628881,0,,,,,,,0,PKLR,KRTAP10-9,0,0,0
P30613,Q9NY72,1,0.551219512,0.401554598,0.476387055,0,,,,,,,0,PKLR,SCN3B,0,0,0
P30613,Q6UWI4,1,0.551219512,0.401554675,0.476387094,0,,,,,,,0,PKLR,SHISA2,0,0,0
P30613,H3BNL1,1,0.551219512,0.40155457,0.476387041,0,,,,,,,0,PKLR,C3orf84,0,0,0
Q86TY3,P51580,1,0.551219512,0.401554597,0.476387055,0,,,,,,,0,ARMH4,TPMT,0,0,0
P30613,Q86UN6,1,0.551219512,0.40155466,0.476387086,0,,,,,,,0,PKLR,AKAP14,0,0,0
P30613,Q8NEP3,1,0.526829268,0.401554866,0.464192067,0,,,,,,,0,PKLR,DNAAF1,0,0,0
P30613,P79483,1,0.526829268,0.401554686,0.464191977,0,,,,,,,0,PKLR,HLA-DRB3,0,0,0
P30613,Q8NGH8,1,0.551219512,0.40155535,0.476387431,0,,,,,,,0,PKLR,OR56A4,0,0,0
Q8NGA1,O43567,1,0.526829268,0.401633935,0.464231602,0,,,,,,,0,OR1M1,RNF13,0,0,0
Q86TY3,P01824,1,0.551219512,0.401554646,0.476387079,0,,,,,,,0,ARMH4,IGHV4-39,0,0,0
Q86TY3,O95772,1,0.551219512,0.401554739,0.476387126,0,,,,,,,0,ARMH4,STARD3NL,0,0,0
Q8NGA1,Q96BR5,1,0.526829268,0.401556394,0.464192831,0,,,,,,,0,OR1M1,COA7,0,0,0
Q9Y467,Q5VYY1,1,0.551219512,0.401554686,0.476387099,0,,,,,,,0,SALL2,ANKRD22,0,0,0
Q9Y467,Q6UWW0,1,0.551219512,0.401554635,0.476387074,0,,,,,,,0,SALL2,LCN15,0,0,0
Q9Y467,Q9NW07,1,0.551219512,0.401554875,0.476387194,0,,,,,,,0,SALL2,ZNF358,0,0,0
Q9Y467,Q9Y2G2,1,0.726829268,0.401306584,0.564067926,0,,,,,,,0,SALL2,CARD8,0,0,0
Q9Y467,P60763,1,0.551219512,0.401554812,0.476387162,0,,,,,,,0,SALL2,RAC3,0,0,0
Q9Y467,O95994,1,0.551219512,0.401554929,0.476387221,0,,,,,,,0,SALL2,AGR2,0,0,0
Q9Y467,Q12972,1,0.551219512,0.401554802,0.476387157,0,,,,,,,0,SALL2,PPP1R8,0,0,0
P31941,Q96M83,1,0.52195122,0.401602896,0.461777058,0,,,,,,,0,APOBEC3A,CCDC7,0,0,0
O75503,Q8WZA2,1,0.52195122,0.401603201,0.46177721,0,,,,,,,0,CLN5,RAPGEF4,0,0,0
O75503,Q13148,1,0.726829268,0.401744125,0.564286696,0,,,,,,,0,CLN5,TARDBP,0,0,0
O75503,P12235,1,0.72195122,0.401496563,0.561723891,0,,,,,,,0,CLN5,SLC25A4,0,0,0
Q8NHV4,O75665,1,0.785365854,0.401603825,0.59348484,0,,,,,,,0,NEDD1,OFD1,0,0,0
Q8NHV4,Q8TES7,1,0.775609756,0.401407145,0.58850845,0,,,,,,,0,NEDD1,FBF1,0,0,0
Q8NHV4,Q96KQ4,1,0.726829268,0.401306458,0.564067863,0,,,,,,,0,NEDD1,PPP1R13B,0,0,0
Q8NHV4,P39023,1,0.785365854,0.401555727,0.59346079,0,,,,,,,0,NEDD1,RPL3,0,0,0
P54278,P62714,1,0.804878049,0.401321485,0.603099767,0,,,,,,,0,PMS2,PPP2CB,0,0,0
Q9Y6F1,Q14005,1,0.551219512,0.401554864,0.476387188,0,,,,,,,0,PARP3,IL16,0,0,0
P20827,Q8NGH8,1,0.536585366,0.401556279,0.469070822,0,,,,,,,0,EFNA1,OR56A4,0,0,0
P12532,A6H8Y1,1,0.526829268,0.401603092,0.46421618,0,,,,,,,0,CKMT1B,BDP1,0,0,0
P12532,Q8NFC6,1,0.526829268,0.401603124,0.464216196,0,,,,,,,0,CKMT1B,BOD1L1,0,0,0
Q86TY3,A0A0B4J1V7,1,0.526829268,0.401554973,0.46419212,0,,,,,,,0,ARMH4,IGHV7-81,0,0,0
P12532,O94989,1,0.741463415,0.401307179,0.571385297,0,,,,,,,0,CKMT1B,ARHGEF15,0,0,0
Q8N468,Q14005,1,0.551219512,0.401555037,0.476387275,0,,,,,,,0,MFSD4A,IL16,0,0,0
Q8N468,Q8WU79,1,0.741463415,0.401257199,0.571360307,0,,,,,,,0,MFSD4A,SMAP2,0,0,0
O00203,P84085,1,0.72195122,0.401321809,0.561636514,0,,,,,,,0,AP3B1,ARF5,0,0,0
O00203,Q86V59,1,0.746341463,0.401538438,0.573939951,0,,,,,,,0,AP3B1,PNMA8A,0,0,0
O00203,Q6XPS3,1,0.736585366,0.401517603,0.569051484,0,,,,,,,0,AP3B1,TPTE2,0,0,0
O00203,Q96L92,1,0.536585366,0.401555002,0.469070184,0,,,,,,,0,AP3B1,SNX27,0,0,0
O00203,O95994,1,0.726829268,0.401321635,0.564075452,0,,,,,,,0,AP3B1,AGR2,0,0,0
O00203,Q5VSY0,1,0.726829268,0.401306962,0.564068115,0,,,,,,,0,AP3B1,GKAP1,0,0,0
O00203,Q8NCB2,1,0.746341463,0.401306871,0.573824167,0,,,,,,,0,AP3B1,CAMKV,0,0,0
P13385,Q8IVV7,1,0.726829268,0.401306685,0.564067977,1,0.287396938,,,,,,0,TDGF1,GID4,0,0,0
P58417,Q14005,1,0.551219512,0.401554664,0.476387088,0,,,,,,,0,NXPH1,IL16,0,0,0
P58417,Q9P2N2,1,0.526829268,0.40155482,0.464192044,0,,,,,,,0,NXPH1,ARHGAP28,0,0,0
Q86TY3,Q8N0U2,1,0.551219512,0.401554805,0.476387159,0,,,,,,,0,ARMH4,TMEM61,0,0,0
O75665,P30101,1,0.775609756,0.401406897,0.588508327,0,,,,,,,0,OFD1,PDIA3,0,0,0
O75665,Q8TES7,1,0.736585366,0.401267768,0.568926567,0,,,,,,,0,OFD1,FBF1,0,0,0
O75665,Q9UBT2,1,0.731707317,0.401531123,0.56661922,0,,,,,,,0,OFD1,UBA2,0,0,0
O75665,Q6XPS3,1,0.731707317,0.401321833,0.566514575,0,,,,,,,0,OFD1,TPTE2,0,0,0
O75665,P39023,1,0.52195122,0.401603257,0.461777238,0,,,,,,,0,OFD1,RPL3,0,0,0
Q86TY3,Q96M83,1,0.52195122,0.401603071,0.461777145,0,,,,,,,0,ARMH4,CCDC7,0,0,0
O75665,P49959,1,0.741463415,0.401444137,0.571453776,0,,,,,,,0,OFD1,MRE11,0,0,0
O75665,Q969Q6,1,0.717073171,0.4013231,0.559198135,0,,,,,,,0,OFD1,PPP2R3C,0,0,0
Q86TY3,A0A0B4J1U4,1,0.551219512,0.401555005,0.476387259,0,,,,,,,0,ARMH4,TRGV5,0,0,0
O75665,Q15276,1,0.785365854,0.4014156,0.593390727,0,,,,,,,0,OFD1,RABEP1,0,0,0
Q6ZMJ4,Q9NU63,1,0.536585366,0.401555544,0.469070455,0,,,,,,,0,IL34,ZFP57,0,0,0
Q6ZMJ4,Q6P9G9,1,0.551219512,0.401555186,0.476387349,0,,,,,,,0,IL34,ZNF449,0,0,0
Q6ZMJ4,P07204,1,0.526829268,0.401555414,0.464192341,0,,,,,,,0,IL34,THBD,0,0,0
Q6ZMJ4,A9YTQ3,1,0.551219512,0.401555282,0.476387397,0,,,,,,,0,IL34,AHRR,0,0,0
Q6ZMJ4,Q32MK0,1,0.551219512,0.401555087,0.4763873,0,,,,,,,0,IL34,MYLK3,0,0,0
A0A1B0GUW6,P53420,1,0.526829268,0.40155527,0.464192269,0,,,,,,,0,SPEM3,COL4A4,0,0,0
Q9Y577,P49756,1,0.52195122,0.401555134,0.461753177,0,,,,,,,0,TRIM17,RBM25,0,0,0
O15056,O43895,1,0.551219512,0.40155474,0.476387126,0,,,,,,,0,SYNJ2,XPNPEP2,0,0,0
Q9HBW0,Q9H6H4,1,0.536585366,0.401635783,0.469110574,0,,,,,,,0,LPAR2,REEP4,0,0,0
Q9HBW0,P49756,1,0.551219512,0.401633359,0.476426436,0,,,,,,,0,LPAR2,RBM25,0,0,0
Q9HBW0,Q8N465,1,0.526829268,0.401634311,0.464231789,0,,,,,,,0,LPAR2,D2HGDH,0,0,0
Q9H346,Q8IXK0,1,0.551219512,0.40163334,0.476426426,0,,,,,,,0,OR52D1,PHC2,0,0,0
Q96G74,P21580,1,0.726829268,0.401307382,0.564068325,0,,,,,,,0,OTUD5,TNFAIP3,0,0,0
Q96G74,Q8NDV3,1,0.52195122,0.401603152,0.461777186,0,,,,,,,0,OTUD5,SMC1B,0,0,0
P00390,P53602,1,0.726829268,0.401324762,0.564077015,0,,,,,,,0,GSR,MVD,0,0,0
A6H8Y1,Q8IWR1,1,0.526829268,0.401602895,0.464216082,0,,,,,,,0,BDP1,TRIM59,0,0,0
A6H8Y1,P10828,1,0.526829268,0.401602917,0.464216093,0,,,,,,,0,BDP1,THRB,0,0,0
A6H8Y1,Q5H9J9,1,0.526829268,0.401602977,0.464216123,0,,,,,,,0,BDP1,TCP11X2,0,0,0
A6H8Y1,Q9NU63,1,0.526829268,0.401602897,0.464216082,0,,,,,,,0,BDP1,ZFP57,0,0,0
A6H8Y1,Q5VWK0,1,0.52195122,0.401602956,0.461777088,0,,,,,,,0,BDP1,NBPF6,0,0,0
A6H8Y1,Q6P9G9,1,0.526829268,0.401602916,0.464216092,0,,,,,,,0,BDP1,ZNF449,0,0,0
A6H8Y1,Q8NDC0,1,0.526829268,0.401602954,0.464216111,0,,,,,,,0,BDP1,MAPK1IP1L,0,0,0
A6H8Y1,Q9Y606,1,0.526829268,0.401602849,0.464216058,0,,,,,,,0,BDP1,PUS1,0,0,0
A6H8Y1,P07204,1,0.526829268,0.401602866,0.464216067,0,,,,,,,0,BDP1,THBD,0,0,0
A6H8Y1,Q9HA72,1,0.526829268,0.401602898,0.464216083,0,,,,,,,0,BDP1,CALHM2,0,0,0
A6H8Y1,Q9H0C1,1,0.551219512,0.401554697,0.476387104,0,,,,,,,0,BDP1,ZMYND12,0,0,0
A6H8Y1,Q9BXW7,1,0.526829268,0.401603075,0.464216172,0,,,,,,,0,BDP1,HDHD5,0,0,0
A6H8Y1,Q9NR63,1,0.526829268,0.401603129,0.464216199,0,,,,,,,0,BDP1,CYP26B1,0,0,0
A6H8Y1,A9YTQ3,1,0.52195122,0.401603007,0.461777113,0,,,,,,,0,BDP1,AHRR,0,0,0
O43353,P63279,1,0.726829268,0.40130634,0.564067804,0,,,,,,,0,RIPK2,UBE2I,0,0,0
A6H8Y1,Q8NFZ8,1,0.526829268,0.401603103,0.464216186,0,,,,,,,0,BDP1,CADM4,0,0,0
A6H8Y1,Q16563,1,0.526829268,0.401603064,0.464216166,0,,,,,,,0,BDP1,SYPL1,0,0,0
A6H8Y1,Q3KPI0,1,0.526829268,0.401603005,0.464216137,0,,,,,,,0,BDP1,CEACAM21,0,0,0
A6H8Y1,Q92187,1,0.526829268,0.401602935,0.464216102,0,,,,,,,0,BDP1,ST8SIA4,0,0,0
A6H8Y1,Q8IU60,1,0.526829268,0.401602842,0.464216055,0,,,,,,,0,BDP1,DCP2,0,0,0
Q8IVV7,P13727,1,0.775609756,0.401134293,0.588372024,0,,,,,,,0,GID4,PRG2,0,0,0
P53420,P52272,1,0.726829268,0.401307372,0.56406832,0,,P53420,P52272,"psi-mi:""MI:0030""(cross-linking study)",taxid:9606(Homo sapiens),2,1,COL4A4,HNRNPM,0,0,0
P53420,Q9Y620,1,0.526829268,0.401555109,0.464192189,0,,,,,,,0,COL4A4,RAD54B,0,0,0
P60411,A8MV65,1,0.726829268,0.401495014,0.564162141,0,,,,,,,0,KRTAP10-9,VGLL3,0,0,0
P60411,Q494V2,1,0.52195122,0.401306666,0.461628943,0,,,,,,,0,KRTAP10-9,CFAP100,0,0,0
P60411,Q6NUS6,1,0.52195122,0.401306934,0.461629077,0,,,,,,,0,KRTAP10-9,TCTN3,0,0,0
Q9ULV4,P30101,1,0.72195122,0.401418123,0.561684671,0,,,,,,,0,CORO1C,PDIA3,0,0,0
Q9ULV4,P36957,1,0.72195122,0.401767308,0.561859264,0,,,,,,,0,CORO1C,DLST,0,0,0
Q9ULV4,P10515,1,0.780487805,0.401556983,0.591022394,0,,,,,,,0,CORO1C,DLAT,0,0,0
Q9ULV4,O95994,1,0.72195122,0.401309382,0.561630301,0,,,,,,,0,CORO1C,AGR2,0,0,0
Q8NFC6,Q8IWR1,1,0.526829268,0.401602903,0.464216086,0,,,,,,,0,BOD1L1,TRIM59,0,0,0
Q8NFC6,P10828,1,0.52195122,0.401602859,0.461777039,0,,,,,,,0,BOD1L1,THRB,0,0,0
Q8NFC6,Q5H9J9,1,0.52195122,0.401602903,0.461777061,0,,,,,,,0,BOD1L1,TCP11X2,0,0,0
Q8NFC6,Q9NU63,1,0.52195122,0.401602847,0.461777033,0,,,,,,,0,BOD1L1,ZFP57,0,0,0
Q8NFC6,Q5VWK0,1,0.52195122,0.401602881,0.46177705,0,,,,,,,0,BOD1L1,NBPF6,0,0,0
Q8NFC6,Q6P9G9,1,0.52195122,0.401602854,0.461777037,0,,,,,,,0,BOD1L1,ZNF449,0,0,0
Q8NFC6,Q8NDC0,1,0.526829268,0.401603068,0.464216168,0,,,,,,,0,BOD1L1,MAPK1IP1L,0,0,0
Q8NFC6,Q9NQV8,1,0.526829268,0.401602907,0.464216088,0,,,,,,,0,BOD1L1,PRDM8,0,0,0
Q8NFC6,Q9Y606,1,0.526829268,0.401602866,0.464216067,0,,,,,,,0,BOD1L1,PUS1,0,0,0
Q8NFC6,Q9UBT2,1,0.52195122,0.40160288,0.46177705,0,,,,,,,0,BOD1L1,UBA2,0,0,0
Q8NFC6,P07204,1,0.52195122,0.401602845,0.461777032,0,,,,,,,0,BOD1L1,THBD,0,0,0
Q8NFC6,Q9HA72,1,0.526829268,0.401603097,0.464216183,0,,,,,,,0,BOD1L1,CALHM2,0,0,0
Q8NFC6,Q8N3R9,1,0.526829268,0.401602857,0.464216063,0,,,,,,,0,BOD1L1,PALS1,0,0,0
Q8NFC6,Q9H0C1,1,0.52195122,0.401602952,0.461777086,0,,,,,,,0,BOD1L1,ZMYND12,0,0,0
Q8NFC6,Q9NR63,1,0.52195122,0.401603099,0.461777159,0,,,,,,,0,BOD1L1,CYP26B1,0,0,0
Q8NFC6,Q32MK0,1,0.52195122,0.401602965,0.461777092,0,,,,,,,0,BOD1L1,MYLK3,0,0,0
Q8NFC6,Q16563,1,0.526829268,0.401602943,0.464216106,0,,,,,,,0,BOD1L1,SYPL1,0,0,0
Q8NFC6,Q3KPI0,1,0.526829268,0.401603073,0.464216171,0,,,,,,,0,BOD1L1,CEACAM21,0,0,0
Q8NFC6,Q92187,1,0.526829268,0.401602925,0.464216097,0,,,,,,,0,BOD1L1,ST8SIA4,0,0,0
Q8NFC6,Q8IU60,1,0.526829268,0.401602896,0.464216082,0,,,,,,,0,BOD1L1,DCP2,0,0,0
B3KS81,A0A096LP01,1,0.52195122,0.401555098,0.461753159,0,,,,,,,0,SRRM5,SMIM26,0,0,0
A0A0A0MRZ8,P52272,1,0.526829268,0.401555186,0.464192227,0,,,,,,,0,IGKV3D-11,HNRNPM,0,0,0
Q96T51,Q8WXA3,1,0.72195122,0.401308806,0.561630013,0,,,,,,,0,RUFY1,RUFY2,0,0,0
Q96T51,A0A096LP01,1,0.526829268,0.401555133,0.464192201,0,,,,,,,0,RUFY1,SMIM26,0,0,0
Q96T51,Q9Y4R8,1,0.726829268,0.401372456,0.564100862,0,,,,,,,0,RUFY1,TELO2,0,0,0
Q96T51,Q92187,1,0.72195122,0.40132175,0.561636485,0,,,,,,,0,RUFY1,ST8SIA4,0,0,0
Q96T51,Q15276,1,0.726829268,0.401307395,0.564068332,0,,,,,,,0,RUFY1,RABEP1,0,0,0
A8MUP6,Q15648,1,0.52195122,0.401603009,0.461777114,0,,,,,,,0,GSG1L2,MED1,0,0,0
O43353,O95104,1,0.526829268,0.401555101,0.464192184,0,,,,,,,0,RIPK2,SCAF4,0,0,0
P30101,P36957,1,0.72195122,0.401384186,0.561667703,0,,,,,,,0,PDIA3,DLST,0,0,0
P30101,Q8TES7,1,0.785365854,0.401604117,0.593484985,0,,,,,,,0,PDIA3,FBF1,0,0,0
P30101,Q5FWF5,1,0.76097561,0.401318781,0.581147195,0,,,,,,,0,PDIA3,ESCO1,0,0,0
P30101,Q6NUS6,1,0.72195122,0.401035234,0.561493227,0,,,,,,,0,PDIA3,TCTN3,0,0,0
P30101,Q13148,1,0.780487805,0.401144392,0.590816098,0,,,,,,,0,PDIA3,TARDBP,0,0,0
P30101,O95994,1,0.72195122,0.40144381,0.561697515,1,0.645465253,,,,,,0,PDIA3,AGR2,0,0,0
Q9BPX3,Q86V59,1,0.736585366,0.401518814,0.56905209,0,,,,,,,0,NCAPG,PNMA8A,0,0,0
Q9BPX3,P06746,1,0.731707317,0.401322216,0.566514766,0,,,,,,,0,NCAPG,POLB,0,0,0
Q9BPX3,Q15003,1,0.809756098,0.401324102,0.6055401,0,,,,,,,0,NCAPG,NCAPH,0,0,0
O43353,O00206,1,0.829268293,0.401443205,0.615355749,0,,,,,,,0,RIPK2,TLR4,0,0,0
O43353,Q17R89,1,0.526829268,0.401555138,0.464192203,0,,,,,,,0,RIPK2,ARHGAP44,0,0,0
P21580,Q8IYW5,1,0.726829268,0.40130649,0.564067879,0,,,,,,,0,TNFAIP3,RNF168,0,0,0
O43353,Q9BYQ4,1,0.52195122,0.40130678,0.461629,0,,,,,,,0,RIPK2,KRTAP9-2,0,0,0
P35269,Q9Y606,1,0.726829268,0.401307676,0.564068472,0,,,,,,,0,GTF2F1,PUS1,0,0,0
P35269,Q9NY72,1,0.536585366,0.401633608,0.469109487,0,,,,,,,0,GTF2F1,SCN3B,0,0,0
P35269,H3BNL1,1,0.551219512,0.401555215,0.476387364,0,,,,,,,0,GTF2F1,C3orf84,0,0,0
P35269,P32780,1,0.726829268,0.401385939,0.564107604,0,,,,,,,0,GTF2F1,GTF2H1,0,0,0
P35269,P79483,1,0.526829268,0.401555625,0.464192447,0,,,,,,,0,GTF2F1,HLA-DRB3,0,0,0
O43353,P60411,1,0.52195122,0.401306859,0.461629039,0,,,,,,,0,RIPK2,KRTAP10-9,0,0,0
O43353,Q8NDV3,1,0.52195122,0.401602959,0.461777089,0,,,,,,,0,RIPK2,SMC1B,0,0,0
Q8IWR1,Q32MK0,1,0.526829268,0.401555122,0.464192195,0,,,,,,,0,TRIM59,MYLK3,0,0,0
P47804,P10515,1,0.551219512,0.401555368,0.47638744,0,,,,,,,0,RGR,DLAT,0,0,0
P47804,O94989,1,0.536585366,0.401554984,0.469070175,0,,,,,,,0,RGR,ARHGEF15,0,0,0
P47804,Q9BZQ8,1,0.52195122,0.40160306,0.46177714,0,,,,,,,0,RGR,NIBAN1,0,0,0
O43353,Q15648,1,0.526829268,0.401602965,0.464216117,0,,,,,,,0,RIPK2,MED1,0,0,0
P47804,Q9Y4R8,1,0.551219512,0.401554885,0.476387199,0,,,,,,,0,RGR,TELO2,0,0,0
P35680,Q5FWF5,1,0.526829268,0.401555074,0.464192171,0,,,,,,,0,HNF1B,ESCO1,0,0,0
P35680,Q8NCX0,1,0.551219512,0.401554698,0.476387105,0,,,,,,,0,HNF1B,CCDC150,0,0,0
P36957,P10515,1,0.726829268,0.401372407,0.564100837,0,,,,,,,0,DLST,DLAT,0,0,0
P36957,Q02040,1,0.72195122,0.401308488,0.561629854,0,,,,,,,0,DLST,AKAP17A,0,0,0
P36957,Q9ULW0,1,0.8,0.401321497,0.600660749,0,,,,,,,0,DLST,TPX2,0,0,0
P36957,P79483,1,0.834146341,0.401307347,0.617726844,0,,,,,,,0,DLST,HLA-DRB3,0,0,0
P10828,Q15648,1,0.824390244,0.401517451,0.612953847,0,,,,,,,0,THRB,MED1,0,0,0
Q8NDV3,Q68DY9,1,0.52195122,0.401603107,0.461777163,0,,,,,,,0,SMC1B,ZNF772,0,0,0
Q8NDV3,Q9UK13,1,0.52195122,0.401603181,0.4617772,0,,,,,,,0,SMC1B,ZNF221,0,0,0
Q8NDV3,Q9P2M1,1,0.551219512,0.401554695,0.476387104,0,,,,,,,0,SMC1B,LRP2BP,0,0,0
Q8NDV3,Q9UJA3,1,0.526829268,0.401554901,0.464192085,0,,,,,,,0,SMC1B,MCM8,0,0,0
Q8NDV3,A0A1B0GVH7,1,0.52195122,0.401603051,0.461777135,0,,,,,,,0,SMC1B,IQCM,0,0,0
Q8NDV3,P49888,1,0.526829268,0.401603005,0.464216137,0,,,,,,,0,SMC1B,SULT1E1,0,0,0
Q8NDV3,Q969I3,1,0.526829268,0.401602971,0.46421612,0,,,,,,,0,SMC1B,GLYATL1,0,0,0
Q8NDV3,Q9Y2G2,1,0.52195122,0.401603006,0.461777113,0,,,,,,,0,SMC1B,CARD8,0,0,0
Q8NDV3,Q5VUY2,1,0.526829268,0.401603025,0.464216147,0,,,,,,,0,SMC1B,AADACL4,0,0,0
Q8NDV3,Q13946,1,0.52195122,0.401603043,0.461777131,0,,,,,,,0,SMC1B,PDE7A,0,0,0
Q96HV5,Q02040,1,0.52195122,0.401555454,0.461753337,0,,,,,,,0,TMEM41A,AKAP17A,0,0,0
Q96HV5,Q6NUS6,1,0.726829268,0.401307143,0.564068206,0,,,,,,,0,TMEM41A,TCTN3,0,0,0
O43353,Q12972,1,0.726829268,0.401306643,0.564067955,0,,,,,,,0,RIPK2,PPP1R8,0,0,0
P84085,O95994,1,0.72195122,0.401756759,0.561853989,0,,,,,,,0,ARF5,AGR2,0,0,0
Q6NXT6,Q9BYQ4,1,0.52195122,0.401306893,0.461629056,0,,,,,,,0,TAPT1,KRTAP9-2,0,0,0
Q5VWK0,Q9HA72,1,0.526829268,0.401555183,0.464192226,0,,,,,,,0,NBPF6,CALHM2,0,0,0
Q15038,Q8IUC2,1,0.780487805,0.401556868,0.591022336,0,,,,,,,0,DAZAP2,KRTAP8-1,0,0,0
P54868,Q86VH2,1,0.526829268,0.401555036,0.464192152,0,,,,,,,0,HMGCS2,KIF27,0,0,0
Q96Q11,Q15813,1,0.72195122,0.401034148,0.561492684,0,,,,,,,0,TRNT1,TBCE,0,0,0
Q15038,Q9BTL3,1,0.726829268,0.401645677,0.564237473,0,,,,,,,0,DAZAP2,RAMAC,0,0,0
Q6NSJ5,Q9H313,1,0.726829268,0.401306489,0.564067879,0,,,,,,,0,LRRC8E,TTYH1,0,0,0
Q6NXT6,A6H8Y1,1,0.551219512,0.401554706,0.476387109,0,,,,,,,0,TAPT1,BDP1,0,0,0
O15547,A6NGG8,1,0.551219512,0.401554746,0.476387129,0,,,,,,,0,P2RX6,PCARE,0,0,0
Q15038,O75360,1,0.72195122,0.401034532,0.561492876,0,,,,,,,0,DAZAP2,PROP1,0,0,0
Q68DY9,Q15648,1,0.526829268,0.401602933,0.464216101,0,,,,,,,0,ZNF772,MED1,0,0,0
Q68DY9,Q9C0B9,1,0.52195122,0.401603105,0.461777162,0,,,,,,,0,ZNF772,ZCCHC2,0,0,0
Q9UK13,Q15648,1,0.526829268,0.401602867,0.464216068,0,,,,,,,0,ZNF221,MED1,0,0,0
A7MCY6,Q14005,1,0.551219512,0.401554848,0.47638718,0,,,,,,,0,TBKBP1,IL16,0,0,0
Q969X2,P12429,1,0.726829268,0.40174439,0.564286829,0,,,,,,,0,ST6GALNAC6,ANXA3,0,0,0
Q969X2,P49756,1,0.536585366,0.40155494,0.469070153,0,,,,,,,0,ST6GALNAC6,RBM25,0,0,0
Q969X2,Q9UI42,1,0.72195122,0.401375105,0.561663162,0,,,,,,,0,ST6GALNAC6,CPA4,0,0,0
A8MXT2,A0A0J9YX57,1,0.52195122,0.401555107,0.461753163,0,,,,,,,0,MAGEB17,MAGEB6B,0,0,0
Q9P2M1,Q15648,1,0.526829268,0.401554935,0.464192101,0,,,,,,,0,LRP2BP,MED1,0,0,0
Q15038,Q9GZX7,1,0.72195122,0.401110509,0.561530864,0,,,,,,,0,DAZAP2,AICDA,0,0,0
Q9P2M1,Q9C0B9,1,0.551219512,0.401554697,0.476387105,0,,,,,,,0,LRP2BP,ZCCHC2,0,0,0
Q15038,Q9UNA4,1,0.746341463,0.401393464,0.573867464,0,,,,,,,0,DAZAP2,POLI,0,0,0
Q8WXA9,P49756,1,0.726829268,0.401306859,0.564068064,0,,,,,,,0,SREK1,RBM25,0,0,0
Q15038,Q8NDC0,1,0.72195122,0.401384152,0.561667686,0,,,,,,,0,DAZAP2,MAPK1IP1L,0,0,0
Q15648,A0A1B0GVH7,1,0.526829268,0.401602943,0.464216105,0,,,,,,,0,MED1,IQCM,0,0,0
Q15648,Q9Y2G2,1,0.526829268,0.40160323,0.464216249,0,,,,,,,0,MED1,CARD8,0,0,0
Q15648,Q5VUY2,1,0.526829268,0.401603153,0.464216211,0,,,,,,,0,MED1,AADACL4,0,0,0
Q15648,Q13946,1,0.526829268,0.401603073,0.464216171,0,,,,,,,0,MED1,PDE7A,0,0,0
Q15777,P49756,1,0.536585366,0.401554853,0.469070109,0,,,,,,,0,MPPED2,RBM25,0,0,0
Q6ZVL8,P52272,1,0.551219512,0.401554945,0.476387228,0,,,,,,,0,,HNRNPM,0,0,0
Q6ZVL8,Q9H6Z4,1,0.551219512,0.401554782,0.476387147,0,,,,,,,0,,RANBP3,0,0,0
Q6ZVL8,Q8TDR0,1,0.551219512,0.401554912,0.476387212,0,,,,,,,0,,TRAF3IP1,0,0,0
Q6ZVL8,Q9BXG8,1,0.52195122,0.401554797,0.461753008,0,,,,,,,0,,SPZ1,0,0,0
Q9NY72,Q8NEP3,1,0.551219512,0.401554889,0.4763872,0,,,,,,,0,SCN3B,DNAAF1,0,0,0
Q9NY72,P49959,1,0.551219512,0.40163311,0.476426311,0,,,,,,,0,SCN3B,MRE11,0,0,0
Q9NY72,Q8IYW5,1,0.551219512,0.401555033,0.476387272,0,,,,,,,0,SCN3B,RNF168,0,0,0
Q6UWI4,Q8NEP3,1,0.551219512,0.401554719,0.476387116,0,,,,,,,0,SHISA2,DNAAF1,0,0,0
Q6UWI4,P49959,1,0.551219512,0.401554634,0.476387073,0,,,,,,,0,SHISA2,MRE11,0,0,0
Q6UWI4,Q8IYW5,1,0.526829268,0.401554792,0.46419203,0,,,,,,,0,SHISA2,RNF168,0,0,0
Q14692,Q86V59,1,0.726829268,0.401321586,0.564075427,0,,,,,,,0,BMS1,PNMA8A,0,0,0
Q14692,P39023,1,0.726829268,0.401306439,0.564067854,0,,,,,,,0,BMS1,RPL3,0,0,0
Q14692,Q8N257,1,0.726829268,0.40130627,0.564067769,0,,,,,,,0,BMS1,H2BC26,0,0,0
Q494V2,O43463,1,0.804878049,0.401308732,0.60309339,0,,,,,,,0,CFAP100,SUV39H1,0,0,0
Q494V2,Q8NCX0,1,0.551219512,0.40155532,0.476387416,0,,,,,,,0,CFAP100,CCDC150,0,0,0
Q494V2,Q13148,1,0.829268293,0.401226735,0.615247514,0,,,,,,,0,CFAP100,TARDBP,0,0,0
Q14CM0,Q9UI42,1,0.526829268,0.401602972,0.46421612,0,,,,,,,0,FRMPD4,CPA4,0,0,0
O75200,Q6UXN2,1,0.52195122,0.401555165,0.461753192,0,,,,,,,0,NPIPB7,TREML4,0,0,0
Q15038,Q8WU79,1,0.72195122,0.401308405,0.561629812,0,,,,,,,0,DAZAP2,SMAP2,0,0,0
Q86V59,P39023,1,0.72195122,0.401387037,0.561669128,0,,,,,,,0,PNMA8A,RPL3,0,0,0
Q9BQQ7,Q12926,1,0.72195122,0.401308163,0.561629691,0,,,,,,,0,RTP3,ELAVL2,0,0,0
P49888,Q9C0B9,1,0.526829268,0.401602985,0.464216126,0,,,,,,,0,SULT1E1,ZCCHC2,0,0,0
P52272,Q13148,1,0.726829268,0.401306831,0.56406805,0,,,,,,,0,HNRNPM,TARDBP,0,0,0
P52272,P49959,1,0.72195122,0.401110452,0.561530836,0,,,,,,,0,HNRNPM,MRE11,0,0,0
P52272,Q8IYW5,1,0.72195122,0.401307293,0.561629256,1,0.173144876,,,,,,0,HNRNPM,RNF168,0,0,0
P52272,O95994,1,0.770731707,0.401408361,0.586070034,1,0.176678445,,,,,,0,HNRNPM,AGR2,0,0,0
P52272,Q5VSY0,1,0.551219512,0.401555102,0.476387307,0,,,,,,,0,HNRNPM,GKAP1,0,0,0
P52272,P49756,1,0.726829268,0.401306587,0.564067928,0,,,,,,,0,HNRNPM,RBM25,0,0,0
P52272,O00425,1,0.736585366,0.401530063,0.569057715,0,,,,,,,0,HNRNPM,IGF2BP3,0,0,0
H3BNL1,Q8NEP3,1,0.551219512,0.401554755,0.476387134,0,,,,,,,0,C3orf84,DNAAF1,0,0,0
H3BNL1,P49959,1,0.551219512,0.401554806,0.476387159,0,,,,,,,0,C3orf84,MRE11,0,0,0
H3BNL1,Q8IYW5,1,0.526829268,0.401555001,0.464192135,0,,,,,,,0,C3orf84,RNF168,0,0,0
Q969I3,Q9C0B9,1,0.526829268,0.401603018,0.464216143,0,,,,,,,0,GLYATL1,ZCCHC2,0,0,0
Q969I3,Q5JNZ3,1,0.551219512,0.401554982,0.476387247,0,,,,,,,0,GLYATL1,ZNF311,0,0,0
P32780,Q92889,1,0.726829268,0.401306471,0.56406787,0,,,,,,,0,GTF2H1,ERCC4,0,0,0
Q15643,Q9ULE3,1,0.551219512,0.401554639,0.476387076,0,,,,,,,0,TRIP11,DENND2A,0,0,0
Q15643,Q07343,1,0.551219512,0.401554625,0.476387068,0,,,,,,,0,TRIP11,PDE4B,0,0,0
Q15643,Q8WV41,1,0.551219512,0.401554634,0.476387073,0,,,,,,,0,TRIP11,SNX33,0,0,0
Q8N2N9,Q02040,1,0.746341463,0.401393692,0.573867578,0,,,,,,,0,ANKRD36B,AKAP17A,0,0,0
Q9H1R3,A0A096LP01,1,0.526829268,0.401555133,0.464192201,0,,,,,,,0,MYLK2,SMIM26,0,0,0
Q12926,Q13148,1,0.726829268,0.401373276,0.564101272,0,,,,,,,0,ELAVL2,TARDBP,0,0,0
Q12926,O00425,1,0.736585366,0.401585426,0.569085396,0,,,,,,,0,ELAVL2,IGF2BP3,0,0,0
Q6XPS3,O94972,1,0.726829268,0.401321296,0.564075282,0,,,,,,,0,TPTE2,TRIM37,0,0,0
Q5FWF5,O43463,1,0.726829268,0.401306421,0.564067845,0,,,,,,,0,ESCO1,SUV39H1,0,0,0
Q5FWF5,P39023,1,0.536585366,0.401554773,0.469070069,0,,,,,,,0,ESCO1,RPL3,0,0,0
Q92622,Q6QHC5,1,0.52195122,0.401603086,0.461777153,0,,,,,,,0,RUBCN,DEGS2,0,0,0
Q14005,O14730,1,0.551219512,0.40155465,0.476387081,0,,,,,,,0,IL16,RIOK3,0,0,0
Q14005,O43463,1,0.819512195,0.401663477,0.610587836,0,,,,,,,0,IL16,SUV39H1,0,0,0
Q14005,Q5T124,1,0.746341463,0.401305728,0.573823596,0,,,,,,,0,IL16,UBXN11,0,0,0
Q14005,Q8IY51,1,0.551219512,0.401554716,0.476387114,0,,,,,,,0,IL16,TIGD4,0,0,0
Q14005,Q9P2N2,1,0.551219512,0.401554693,0.476387103,0,,,,,,,0,IL16,ARHGAP28,0,0,0
O75880,Q9UJS0,1,0.741463415,0.401517468,0.571490442,0,,,,,,,0,SCO1,SLC25A13,0,0,0
Q6NXT6,Q6NUS6,1,0.72195122,0.401373829,0.561662524,0,,,,,,,0,TAPT1,TCTN3,0,0,0
Q02040,Q9UNN4,1,0.52195122,0.401554875,0.461753047,0,,,,,,,0,AKAP17A,GTF2A1L,0,0,0
P07204,Q9HA72,1,0.52195122,0.40155545,0.461753335,0,,,,,,,0,THBD,CALHM2,0,0,0
P07204,Q32MK0,1,0.551219512,0.401554578,0.476387045,0,,,,,,,0,THBD,MYLK3,0,0,0
P07204,Q16563,1,0.551219512,0.401554776,0.476387144,0,,,,,,,0,THBD,SYPL1,0,0,0
P07204,Q9UN19,1,0.526829268,0.401633067,0.464231168,0,,,,,,,0,THBD,DAPP1,0,0,0
P07204,Q3KPI0,1,0.526829268,0.40155476,0.464192014,0,,,,,,,0,THBD,CEACAM21,0,0,0
O75410,Q92889,1,0.726829268,0.401307716,0.564068492,0,,,,,,,0,TACC1,ERCC4,0,0,0
Q96KQ4,Q8TDR0,1,0.834146341,0.401306968,0.617726655,0,,,,,,,0,PPP1R13B,TRAF3IP1,0,0,0
O94989,O00322,1,0.536585366,0.401554897,0.469070132,0,,,,,,,0,ARHGEF15,UPK1A,0,0,0
Q6NUS6,Q969S0,1,0.780487805,0.401556945,0.591022375,0,,,,,,,0,TCTN3,SLC35B4,0,0,0
Q6NUS6,P78348,1,0.780487805,0.400998416,0.59074311,0,,,,,,,0,TCTN3,ASIC1,0,0,0
Q6NUS6,Q9H6H4,1,0.780487805,0.401556261,0.591022033,0,,,,,,,0,TCTN3,REEP4,0,0,0
Q6NUS6,Q6NXT4,1,0.790243902,0.401282518,0.59576321,0,,,,,,,0,TCTN3,SLC30A6,0,0,0
Q6NUS6,Q9UI42,1,0.72195122,0.401444799,0.561698009,0,,,,,,,0,TCTN3,CPA4,0,0,0
P12429,O95994,1,0.717073171,0.400801406,0.558937288,0,,,,,,,0,ANXA3,AGR2,0,0,0
Q92889,O94972,1,0.72195122,0.400897734,0.561424477,0,,,,,,,0,ERCC4,TRIM37,0,0,0
P51608,O43463,1,0.726829268,0.401754268,0.564291768,0,,,,,,,0,MECP2,SUV39H1,0,0,0
P51608,P39023,1,0.726829268,0.401413165,0.564121217,0,,,,,,,0,MECP2,RPL3,0,0,0
O43463,Q86VH2,1,0.551219512,0.401554601,0.476387056,0,,,,,,,0,SUV39H1,KIF27,0,0,0
Q330K2,P49756,1,0.551219512,0.401554759,0.476387135,0,,,,,,,0,NDUFAF6,RBM25,0,0,0
Q969S0,O43914,1,0.726829268,0.401306834,0.564068051,0,,,,,,,0,SLC35B4,TYROBP,0,0,0
Q969S0,P49756,1,0.536585366,0.401554934,0.46907015,0,,,,,,,0,SLC35B4,RBM25,0,0,0
A0A0J9YX57,Q8IXK0,1,0.551219512,0.40155457,0.476387041,0,,,,,,,0,MAGEB6B,PHC2,0,0,0
Q5T124,Q13946,1,0.72195122,0.401746281,0.56184875,0,,,,,,,0,UBXN11,PDE7A,0,0,0
P62312,Q13148,1,0.72195122,0.40130853,0.561629875,0,,,,,,,0,LSM6,TARDBP,0,0,0
Q96RA2,Q8IXK0,1,0.526829268,0.401633332,0.4642313,0,,,,,,,0,OR7D2,PHC2,0,0,0
P39023,Q8NCX0,1,0.551219512,0.401554813,0.476387163,0,,,,,,,0,RPL3,CCDC150,0,0,0
P39023,Q13148,1,0.726829268,0.400902292,0.56386578,0,,,,,,,0,RPL3,TARDBP,0,0,0
P39023,O95994,1,0.726829268,0.401443585,0.564136427,0,,,,,,,0,RPL3,AGR2,0,0,0
P39023,P49207,1,0.726829268,0.401306983,0.564068125,0,,,,,,,0,RPL3,RPL34,0,0,0
P39023,Q15276,1,0.551219512,0.401554995,0.476387254,0,,,,,,,0,RPL3,RABEP1,0,0,0
P06870,Q2TAK8,1,0.726829268,0.401306931,0.5640681,0,,,,,,,0,KLK1,PWWP3A,0,0,0
Q6IPT4,Q9H992,1,0.536585366,0.40155515,0.469070258,0,,,,,,,0,CYB5RL,MARCHF7,0,0,0
P62714,Q8N187,1,0.551219512,0.401554916,0.476387214,0,,,,,,,0,PPP2CB,CARF,0,0,0
P62714,Q969Q6,1,0.72195122,0.40130855,0.561629885,0,,,,,,,0,PPP2CB,PPP2R3C,0,0,0
P62714,Q76G19,1,0.551219512,0.401554947,0.47638723,0,,,,,,,0,PPP2CB,PDZD4,0,0,0
Q9NW07,P60763,1,0.551219512,0.40163326,0.476426386,0,,,,,,,0,ZNF358,RAC3,0,0,0
Q9NW07,O95994,1,0.526829268,0.401633612,0.46423144,0,,,,,,,0,ZNF358,AGR2,0,0,0
Q96BR5,Q96AY3,1,0.726829268,0.401307505,0.564068387,0,,,,,,,0,COA7,FKBP10,0,0,0
Q6IPT4,Q3YEC7,1,0.551219512,0.401555079,0.476387296,0,,,,,,,0,CYB5RL,RABL6,0,0,0
A9YTQ3,Q8NFZ8,1,0.551219512,0.401555325,0.476387419,0,,,,,,,0,AHRR,CADM4,0,0,0
A9YTQ3,Q3KPI0,1,0.551219512,0.40155486,0.476387186,0,,,,,,,0,AHRR,CEACAM21,0,0,0
A9YTQ3,Q92187,1,0.526829268,0.401554955,0.464192112,0,,,,,,,0,AHRR,ST8SIA4,0,0,0
Q96L92,Q86VH2,1,0.551219512,0.401554692,0.476387102,0,,,,,,,0,SNX27,KIF27,0,0,0
Q9H2G4,O94972,1,0.551219512,0.401555103,0.476387308,0,,,,,,,0,TSPYL2,TRIM37,0,0,0
Q8NCX0,Q15276,1,0.551219512,0.401554758,0.476387135,0,,,,,,,0,CCDC150,RABEP1,0,0,0
Q8TDR0,Q9BXG8,1,0.52195122,0.401554967,0.461753093,0,,,,,,,0,TRAF3IP1,SPZ1,0,0,0
Q13148,O95994,1,0.726829268,0.401442119,0.564135693,0,,,,,,,0,TARDBP,AGR2,0,0,0
Q13148,O43347,1,0.726829268,0.401371993,0.564100631,0,,,,,,,0,TARDBP,MSI1,0,0,0
Q13148,O00425,1,0.834146341,0.401035522,0.617590932,0,,,,,,,0,TARDBP,IGF2BP3,0,0,0
Q13148,Q15759,1,0.829268293,0.401309728,0.61528901,0,,,,,,,0,TARDBP,MAPK11,0,0,0
Q13148,O43290,1,0.746341463,0.401216056,0.57377876,0,,,,,,,0,TARDBP,SART1,0,0,0
A7XYQ1,Q7Z418,1,0.526829268,0.401555232,0.46419225,0,,,,,,,0,SOBP,KCNK18,0,0,0
P22676,Q8IXK0,1,0.526829268,0.401554872,0.46419207,0,,,,,,,0,CALB2,PHC2,0,0,0
P12319,Q9BZQ8,1,0.52195122,0.40160296,0.46177709,0,,,,,,,0,FCER1A,NIBAN1,0,0,0
P12319,Q9Y4R8,1,0.526829268,0.40155497,0.464192119,0,,,,,,,0,FCER1A,TELO2,0,0,0
P0CB47,Q9Y4R8,1,0.526829268,0.401555375,0.464192322,0,,,,,,,0,UBTFL1,TELO2,0,0,0
P0CB47,Q15276,1,0.731707317,0.401321252,0.566514285,0,,,,,,,0,UBTFL1,RABEP1,0,0,0
P53602,O95994,1,0.72195122,0.401034976,0.561493098,1,0.167255595,,,,,,0,MVD,AGR2,0,0,0
P60763,Q19AV6,1,0.726829268,0.401373376,0.564101322,0,,,,,,,0,RAC3,ZSWIM7,0,0,0
P59282,P0CG23,1,0.536585366,0.401555149,0.469070258,0,,,,,,,0,TPPP2,ZNF853,0,0,0
P49959,Q9H334,1,0.804878049,0.400899995,0.602889022,0,,,,,,,0,MRE11,FOXP1,0,0,0
P49959,P79483,1,0.526829268,0.401555131,0.4641922,0,,,,,,,0,MRE11,HLA-DRB3,0,0,0
P49959,O00425,1,0.726829268,0.401307386,0.564068327,0,,,,,,,0,MRE11,IGF2BP3,0,0,0
Q9BZQ8,O00322,1,0.52195122,0.401603133,0.461777176,0,,,,,,,0,NIBAN1,UPK1A,0,0,0
Q969Q6,Q86VH2,1,0.551219512,0.401554794,0.476387153,0,,,,,,,0,PPP2R3C,KIF27,0,0,0
O75880,Q96TA2,1,0.780487805,0.401415636,0.590951721,0,,,,,,,0,SCO1,YME1L1,0,0,0
O95994,P49207,1,0.72195122,0.401374793,0.561663006,1,0.167255595,,,,,,0,AGR2,RPL34,0,0,0
O95994,Q9BQS8,1,0.726829268,0.401307216,0.564068242,0,,,,,,,0,AGR2,FYCO1,0,0,0
O95994,P54886,1,0.731707317,0.401456288,0.566581803,0,,,,,,,0,AGR2,ALDH18A1,0,0,0
Q32MK0,Q8NFZ8,1,0.551219512,0.401554944,0.476387228,0,,,,,,,0,MYLK3,CADM4,0,0,0
Q32MK0,Q16563,1,0.551219512,0.401554936,0.476387224,0,,,,,,,0,MYLK3,SYPL1,0,0,0
Q32MK0,Q3KPI0,1,0.551219512,0.401554702,0.476387107,0,,,,,,,0,MYLK3,CEACAM21,0,0,0
Q32MK0,Q92187,1,0.526829268,0.40155501,0.464192139,0,,,,,,,0,MYLK3,ST8SIA4,0,0,0
Q9GZK6,P49756,1,0.52195122,0.401555264,0.461753242,0,,,,,,,0,OR2J1,RBM25,0,0,0
Q6IPT4,Q9NXH9,1,0.526829268,0.401555175,0.464192222,0,,,,,,,0,CYB5RL,TRMT1,0,0,0
Q8N0U2,A6NDN3,1,0.551219512,0.401554818,0.476387165,0,,,,,,,0,TMEM61,GOLGA6B,0,0,0
Q8N0U2,Q96M83,1,0.52195122,0.401602913,0.461777066,0,,,,,,,0,TMEM61,CCDC7,0,0,0
O43914,P0CG23,1,0.551219512,0.401554849,0.476387181,0,,,,,,,0,TYROBP,ZNF853,0,0,0
Q9P104,P49756,1,0.551219512,0.401554909,0.476387211,0,,,,,,,0,DOK5,RBM25,0,0,0
Q8IXK0,Q9UN30,1,0.746341463,0.401542193,0.573941828,0,,,,,,,0,PHC2,SCML1,0,0,0
Q8IXK0,O43347,1,0.551219512,0.401554954,0.476387233,0,,,,,,,0,PHC2,MSI1,0,0,0
Q8IXK0,Q9HAS0,1,0.526829268,0.401554993,0.464192131,0,,,,,,,0,PHC2,C17orf75,0,0,0
Q8IXK0,Q96R45,1,0.526829268,0.401555399,0.464192334,0,,,,,,,0,PHC2,OR2A7,0,0,0
A6NDN3,Q8IYV9,1,0.536585366,0.401554966,0.469070166,0,,,,,,,0,GOLGA6B,IZUMO1,0,0,0
A6NDN3,A0A0B4J1U4,1,0.551219512,0.401554851,0.476387182,0,,,,,,,0,GOLGA6B,TRGV5,0,0,0
Q9H6H4,P49756,1,0.551219512,0.401554865,0.476387189,0,,,,,,,0,REEP4,RBM25,0,0,0
P12235,P49756,1,0.551219512,0.401554861,0.476387187,0,,,,,,,0,SLC25A4,RBM25,0,0,0
Q6IPT4,Q8NFC6,1,0.526829268,0.401603141,0.464216205,0,,,,,,,0,CYB5RL,BOD1L1,0,0,0
Q6IPT4,Q9UBT2,1,0.526829268,0.401555038,0.464192153,0,,,,,,,0,CYB5RL,UBA2,0,0,0
Q7Z418,O43290,1,0.536585366,0.401555069,0.469070218,0,,,,,,,0,KCNK18,SART1,0,0,0
P49207,P0CG23,1,0.536585366,0.401554804,0.469070085,0,,,,,,,0,RPL34,ZNF853,0,0,0
Q6NXT4,P49756,1,0.52195122,0.40155522,0.46175322,0,,,,,,,0,SLC30A6,RBM25,0,0,0
P82932,P0CG23,1,0.551219512,0.401554705,0.476387109,0,,,,,,,0,MRPS6,ZNF853,0,0,0
Q8N257,P0CG23,1,0.551219512,0.401554873,0.476387193,0,,,,,,,0,H2BC26,ZNF853,0,0,0
Q6IPT4,A9YTQ3,1,0.526829268,0.401555435,0.464192351,0,,,,,,,0,CYB5RL,AHRR,0,0,0
Q96M83,A0A0B4J1U4,1,0.52195122,0.401603001,0.46177711,0,,,,,,,0,CCDC7,TRGV5,0,0,0
P49756,O43290,1,0.804878049,0.401037006,0.602957527,0,,,,,,,0,RBM25,SART1,0,0,0
Q96AY3,P54886,1,0.717073171,0.401323313,0.559198242,0,,,,,,,0,FKBP10,ALDH18A1,0,0,0
P46100,Q9Y2J2,1,0.726829268,0.401306938,0.564068103,0,,,,,,,0,ATRX,EPB41L3,0,0,0
P46100,Q9P2E9,1,0.726829268,0.401307123,0.564068196,0,,,,,,,0,ATRX,RRBP1,0,0,0
P46100,P35226,1,0.726829268,0.401306614,0.564067941,0,,,,,,,0,ATRX,BMI1,0,0,0
P46100,P13010,1,0.726829268,0.401306772,0.56406802,0,,,,,,,0,ATRX,XRCC5,0,0,0
P46100,Q9P2H0,1,0.726829268,0.401306947,0.564068108,0,,,,,,,0,ATRX,CEP126,0,0,0
P46100,O00203,1,0.726829268,0.401306983,0.564068126,0,,,,,,,0,ATRX,AP3B1,0,0,0
P46100,P49959,1,0.726829268,0.401306765,0.564068017,0,,,,,,,0,ATRX,MRE11,0,0,0
Q71UM5,Q13127,1,0.72195122,0.401321579,0.561636399,0,,,,,,,0,RPS27L,REST,0,0,0
Q71UM5,P05198,1,0.726829268,0.401306239,0.564067754,1,0.90459364,,,,,,0,RPS27L,EIF2S1,0,0,0
Q71UM5,O95994,1,0.72195122,0.401309035,0.561630127,1,0.024734982,,,,,,0,RPS27L,AGR2,0,0,0
Q8N9F8,A6H8Y1,1,0.526829268,0.401602923,0.464216096,0,,,,,,,0,ZNF454,BDP1,0,0,0
Q8N9F8,Q8NFC6,1,0.52195122,0.401602898,0.461777059,0,,,,,,,0,ZNF454,BOD1L1,0,0,0
Q5VXJ0,Q6T4R5,1,0.551219512,0.401554859,0.476387186,0,,,,,,,0,LIPK,NHS,0,0,0
Q5VXJ0,Q9P2H5,1,0.536585366,0.401554972,0.469070169,0,,,,,,,0,LIPK,USP35,0,0,0
Q5VXJ0,Q96S38,1,0.551219512,0.401554907,0.47638721,0,,,,,,,0,LIPK,RPS6KC1,0,0,0
Q5VXJ0,Q6ZNL6,1,0.526829268,0.401603131,0.464216199,0,,,,,,,0,LIPK,FGD5,0,0,0
Q8TDN6,Q9NRW3,1,0.72195122,0.401309037,0.561630128,0,,,,,,,0,BRIX1,APOBEC3C,0,0,0
Q8TDN6,Q13310,1,0.741463415,0.401522454,0.571492935,0,,,,,,,0,BRIX1,PABPC4,0,0,0
Q8TDN6,Q15397,1,0.726829268,0.401307078,0.564068173,0,,,,,,,0,BRIX1,PUM3,0,0,0
Q8TDN6,Q96MX3,1,0.785365854,0.401556014,0.593460934,0,,,,,,,0,BRIX1,ZNF48,0,0,0
Q8TDN6,Q8TED0,1,0.72195122,0.401308075,0.561629647,0,,,,,,,0,BRIX1,UTP15,0,0,0
Q8TDN6,Q86V59,1,0.72195122,0.40137335,0.561662285,0,,,,,,,0,BRIX1,PNMA8A,0,0,0
Q8TDN6,Q9UBT2,1,0.726829268,0.401306756,0.564068012,0,,,,,,,0,BRIX1,UBA2,0,0,0
Q8TDN6,Q9H1R3,1,0.785365854,0.401556385,0.593461119,0,,,,,,,0,BRIX1,MYLK2,0,0,0
Q8TDN6,P51608,1,0.72195122,0.401036202,0.561493711,0,,,,,,,0,BRIX1,MECP2,0,0,0
Q8TDN6,P39023,1,0.726829268,0.401372186,0.564100727,0,,,,,,,0,BRIX1,RPL3,0,0,0
Q9NRW3,O15211,1,0.551219512,0.401554927,0.47638722,0,,,,,,,0,APOBEC3C,RGL2,0,0,0
Q9NRW3,Q9UEG4,1,0.751219512,0.401194903,0.576207207,0,,,,,,,0,APOBEC3C,ZNF629,0,0,0
Q9NRW3,Q96MX3,1,0.726829268,0.401306951,0.56406811,0,,,,,,,0,APOBEC3C,ZNF48,0,0,0
Q9NRW3,Q8N884,1,0.731707317,0.401321882,0.566514599,0,,,,,,,0,APOBEC3C,CGAS,0,0,0
Q9NRW3,P10074,1,0.726829268,0.401306914,0.564068091,0,,,,,,,0,APOBEC3C,ZBTB48,0,0,0
Q9NRW3,H7BZ55,1,0.52195122,0.401602869,0.461777044,0,,,,,,,0,APOBEC3C,CROCC2,0,0,0
Q9NRW3,Q8TB24,1,0.52195122,0.401603122,0.461777171,0,,,,,,,0,APOBEC3C,RIN3,0,0,0
Q9NRW3,Q58F21,1,0.52195122,0.401603034,0.461777127,0,,,,,,,0,APOBEC3C,BRDT,0,0,0
Q9NRW3,Q5MNZ6,1,0.726829268,0.40150748,0.564168374,0,,,,,,,0,APOBEC3C,WDR45B,0,0,0
Q9NRW3,Q96K58,1,0.726829268,0.401442053,0.56413566,0,,,,,,,0,APOBEC3C,ZNF668,0,0,0
Q9NRW3,O15381,1,0.726829268,0.40132158,0.564075424,0,,,,,,,0,APOBEC3C,NVL,0,0,0
Q9NRW3,Q14692,1,0.731707317,0.401321657,0.566514487,0,,,,,,,0,APOBEC3C,BMS1,0,0,0
P49640,Q969Q5,1,0.526829268,0.401633598,0.464231433,0,,,,,,,0,EVX1,RAB24,0,0,0
P49640,O15381,1,0.526829268,0.401554947,0.464192108,0,,,,,,,0,EVX1,NVL,0,0,0
P49640,P54278,1,0.526829268,0.401632969,0.464231118,0,,,,,,,0,EVX1,PMS2,0,0,0
P49640,Q8IXK0,1,0.551219512,0.401554587,0.47638705,0,,,,,,,0,EVX1,PHC2,0,0,0
Q6PJG2,Q9UEG4,1,0.526829268,0.401633276,0.464231272,0,,,,,,,0,MIDEAS,ZNF629,0,0,0
Q6PJG2,Q96BP3,1,0.551219512,0.401633015,0.476426264,0,,,,,,,0,MIDEAS,PPWD1,0,0,0
Q6PJG2,Q2TBA0,1,0.551219512,0.401633016,0.476426264,0,,,,,,,0,MIDEAS,KLHL40,0,0,0
Q6PJG2,Q9Y2J2,1,0.726829268,0.400983568,0.563906418,0,,,,,,,0,MIDEAS,EPB41L3,0,0,0
Q6PJG2,Q9NY27,1,0.726829268,0.401306473,0.564067871,0,,,,,,,0,MIDEAS,PPP4R2,0,0,0
Q6PJG2,Q9UQ72,1,0.551219512,0.401554673,0.476387093,0,,,,,,,0,MIDEAS,PSG11,0,0,0
Q6PJG2,Q9HCM4,1,0.736585366,0.401523068,0.569054217,0,,,,,,,0,MIDEAS,EPB41L5,0,0,0
Q6PJG2,Q14966,1,0.526829268,0.40160284,0.464216054,0,,,,,,,0,MIDEAS,ZNF638,0,0,0
Q6PJG2,P0DJD7,1,0.551219512,0.401554637,0.476387075,0,,,,,,,0,MIDEAS,PGA4,0,0,0
Q6PJG2,Q15643,1,0.551219512,0.401554653,0.476387083,0,,,,,,,0,MIDEAS,TRIP11,0,0,0
Q6PJG2,Q8WV41,1,0.551219512,0.401554819,0.476387166,0,,,,,,,0,MIDEAS,SNX33,0,0,0
P0CB48,Q71RH2,1,0.52195122,0.40155581,0.461753515,0,,,,,,,0,UBTFL6,TLCD3B,0,0,0
P0CB48,Q16891,1,0.824390244,0.401321972,0.612856108,0,,P0CB48,Q16891,"psi-mi:""MI:0030""(cross-linking study)",taxid:9606(Homo sapiens),2,1,UBTFL6,IMMT,0,0,0
P0CB48,H7BZ55,1,0.52195122,0.401603081,0.46177715,0,,,,,,,0,UBTFL6,CROCC2,0,0,0
Q96DZ1,Q8IWF2,1,0.72195122,0.401308436,0.561629828,0,,,,,,,0,ERLEC1,FOXRED2,0,0,0
Q96DZ1,P14314,1,0.726829268,0.400899984,0.563864626,0,,,,,,,0,ERLEC1,PRKCSH,0,0,0
Q96DZ1,Q86VQ6,1,0.526829268,0.401555112,0.46419219,0,,,,,,,0,ERLEC1,TXNRD3,0,0,0
Q96DZ1,Q86TM6,1,0.72195122,0.401308971,0.561630095,0,,,,,,,0,ERLEC1,SYVN1,0,0,0
Q96DZ1,Q2MV58,1,0.726829268,0.401372032,0.56410065,0,,,,,,,0,ERLEC1,TCTN1,0,0,0
Q96DZ1,O75503,1,0.726829268,0.401371929,0.564100599,0,,,,,,,0,ERLEC1,CLN5,0,0,0
Q96DZ1,O00203,1,0.551219512,0.401554651,0.476387082,0,,,,,,,0,ERLEC1,AP3B1,0,0,0
Q96CH1,Q8NF99,1,0.526829268,0.401633836,0.464231552,0,,,,,,,0,GPR146,ZNF397,0,0,0
O75880,Q8N9F8,1,0.536585366,0.401633349,0.469109358,0,,,,,,,0,SCO1,ZNF454,0,0,0
Q96CH1,O43900,1,0.536585366,0.401633783,0.469109574,0,,,,,,,0,GPR146,PRICKLE3,0,0,0
Q96CH1,P18887,1,0.536585366,0.401633805,0.469109585,0,,,,,,,0,GPR146,XRCC1,0,0,0
Q96CH1,Q9Y2E8,1,0.526829268,0.401633256,0.464231262,0,,,,,,,0,GPR146,SLC9A8,0,0,0
Q96CH1,O00635,1,0.52195122,0.401633965,0.461792592,0,,,,,,,0,GPR146,TRIM38,0,0,0
Q96CH1,Q6NUS6,1,0.526829268,0.401555239,0.464192254,0,,,,,,,0,GPR146,TCTN3,0,0,0
P52655,Q92750,1,0.726829268,0.401321959,0.564075614,0,,,,,,,0,GTF2A1,TAF4B,0,0,0
P52655,P49591,1,0.726829268,0.401306935,0.564068102,0,,,,,,,0,GTF2A1,SARS1,0,0,0
P52655,P37275,1,0.731707317,0.401321173,0.566514245,0,,,,,,,0,GTF2A1,ZEB1,0,0,0
P52655,O60701,1,0.726829268,0.401306788,0.564068028,0,,,,,,,0,GTF2A1,UGDH,0,0,0
P52655,P35269,1,0.726829268,0.401307477,0.564068373,0,,,,,,,0,GTF2A1,GTF2F1,0,0,0
P52655,Q9H1R3,1,0.72195122,0.401321865,0.561636542,0,,,,,,,0,GTF2A1,MYLK2,0,0,0
Q8TEJ3,Q9NRR6,1,0.751219512,0.401194817,0.576207165,0,,Q8TEJ3,Q9NRR6,"psi-mi:""MI:2222""(inference by socio-affinity scoring)",taxid:9606(Homo sapiens),2,1,SH3RF3,INPP5E,0,0,0
Q8TEJ3,Q9P2M7,1,0.741463415,0.401517859,0.571490637,0,,Q8TEJ3,Q9P2M7,"psi-mi:""MI:2222""(inference by socio-affinity scoring)",taxid:9606(Homo sapiens),2,1,SH3RF3,CGN,0,0,0
Q6ZVX7,Q9P2F5,1,0.52195122,0.401603267,0.461777243,0,,,,,,,0,NCCRP1,STOX2,0,0,0
Q8TEJ3,Q8NFC6,1,0.526829268,0.401602894,0.464216081,0,,,,,,,0,SH3RF3,BOD1L1,0,0,0
Q96DH6,Q13310,1,0.72195122,0.401321778,0.561636499,0,,,,,,,0,MSI2,PABPC4,0,0,0
Q96DH6,Q15022,1,0.726829268,0.401441781,0.564135525,0,,,,,,,0,MSI2,SUZ12,0,0,0
Q96DH6,P35226,1,0.8,0.401172273,0.600586136,0,,,,,,,0,MSI2,BMI1,0,0,0
Q96DH6,Q99496,1,0.726829268,0.401169374,0.563999321,0,,,,,,,0,MSI2,RNF2,0,0,0
Q96DH6,Q96PX1,1,0.726829268,0.401441886,0.564135577,0,,,,,,,0,MSI2,RNF157,0,0,0
Q96DH6,Q13148,1,0.726829268,0.401508075,0.564168672,0,,,,,,,0,MSI2,TARDBP,0,0,0
Q96DH6,O43347,1,0.726829268,0.400840344,0.563834806,0,,,,,,,0,MSI2,MSI1,0,0,0
Q92913,A6NM76,1,0.52195122,0.401556714,0.461753967,0,,,,,,,0,FGF13,OR6C76,0,0,0
Q92913,Q15397,1,0.726829268,0.401306766,0.564068017,0,,,,,,,0,FGF13,PUM3,0,0,0
Q92913,Q9UEG4,1,0.726829268,0.401306675,0.564067972,0,,,,,,,0,FGF13,ZNF629,0,0,0
Q92913,Q5VWQ0,1,0.726829268,0.401306789,0.564068029,0,,,,,,,0,FGF13,RSBN1,0,0,0
Q92913,Q8NGJ6,1,0.52195122,0.401556747,0.461753983,0,,,,,,,0,FGF13,OR51A4,0,0,0
Q92913,Q9HCM4,1,0.726829268,0.40130733,0.564068299,0,,,,,,,0,FGF13,EPB41L5,0,0,0
Q92913,O95104,1,0.72195122,0.401321144,0.561636182,0,,,,,,,0,FGF13,SCAF4,0,0,0
Q92913,Q8WXA9,1,0.726829268,0.401307504,0.564068386,0,,,,,,,0,FGF13,SREK1,0,0,0
Q92913,Q14692,1,0.726829268,0.401306845,0.564068056,0,,,,,,,0,FGF13,BMS1,0,0,0
Q92913,P39023,1,0.726829268,0.401307902,0.564068585,0,,,,,,,0,FGF13,RPL3,0,0,0
Q92913,Q9NW07,1,0.780487805,0.401408302,0.590948054,0,,,,,,,0,FGF13,ZNF358,0,0,0
O75791,Q14203,1,0.526829268,0.401603001,0.464216135,0,,,,,,,0,GRAP2,DCTN1,0,0,0
O75791,Q9P2F9,1,0.726829268,0.401307403,0.564068336,0,,,,,,,0,GRAP2,ZNF319,0,0,0
O75791,Q8TB24,1,0.746341463,0.401393245,0.573867354,0,,,,,,,0,GRAP2,RIN3,0,0,0
O75791,Q8N448,1,0.72195122,0.401321814,0.561636517,0,,,,,,,0,GRAP2,LNX2,0,0,0
O75791,Q9NQ87,1,0.72195122,0.401647717,0.561799468,0,,,,,,,0,GRAP2,HEYL,0,0,0
Q6ZVX7,Q06546,1,0.726829268,0.401322232,0.56407575,0,,,,,,,0,NCCRP1,GABPA,0,0,0
O75791,Q8TF50,1,0.731707317,0.401321481,0.566514399,0,,,,,,,0,GRAP2,ZNF526,0,0,0
O75791,Q9BPX3,1,0.52195122,0.401603162,0.461777191,0,,,,,,,0,GRAP2,NCAPG,0,0,0
O75791,Q8TES7,1,0.551219512,0.40155479,0.476387151,0,,,,,,,0,GRAP2,FBF1,0,0,0
Q6ZVX7,O75716,1,0.72195122,0.401099219,0.561525219,0,,,,,,,0,NCCRP1,STK16,0,0,0
Q6ZVX7,Q969X2,1,0.731707317,0.401268872,0.566488095,0,,,,,,,0,NCCRP1,ST6GALNAC6,0,0,0
Q71RH2,H7BZ55,1,0.52195122,0.401602995,0.461777107,0,,,,,,,0,TLCD3B,CROCC2,0,0,0
P62253,Q86TM6,1,0.726829268,0.401306861,0.564068065,0,,,,,,,0,UBE2G1,SYVN1,0,0,0
P62253,Q9Y371,1,0.834146341,0.40131842,0.617732381,0,,,,,,,0,UBE2G1,SH3GLB1,0,0,0
O14904,Q9P2M7,1,0.551219512,0.401554818,0.476387165,0,,,,,,,0,WNT9A,CGN,0,0,0
O14904,Q14203,1,0.526829268,0.401603052,0.46421616,0,,,,,,,0,WNT9A,DCTN1,0,0,0
Q8NF99,P10073,1,0.72195122,0.40080003,0.561375625,1,0.35335689,,,,,,0,ZNF397,ZSCAN22,0,0,0
Q8NF99,Q969J2,1,0.72195122,0.40149905,0.561725135,0,,,,,,,0,ZNF397,ZKSCAN4,0,0,0
Q8NF99,O14771,1,0.72195122,0.401034297,0.561492758,0,,,,,,,0,ZNF397,ZNF213,0,0,0
Q8NF99,Q9Y2E8,1,0.8,0.401092327,0.600546164,0,,,,,,,0,ZNF397,SLC9A8,0,0,0
O60884,Q99952,1,0.726829268,0.401663121,0.564246195,0,,,,,,,0,DNAJA2,PTPN18,0,0,0
O60884,Q5THK1,1,0.746341463,0.401321078,0.573831271,0,,,,,,,0,DNAJA2,PRR14L,0,0,0
O60884,Q13163,1,0.72195122,0.401232182,0.561591701,0,,,,,,,0,DNAJA2,MAP2K5,0,0,0
O60884,Q5SVS4,1,0.72195122,0.401309257,0.561630238,0,,,,,,,0,DNAJA2,SLC25A30,0,0,0
O60884,Q9UK39,1,0.72195122,0.401727647,0.561839433,0,,,,,,,0,DNAJA2,NOCT,0,0,0
O60884,Q92802,1,0.726829268,0.401373107,0.564101187,0,,,,,,,0,DNAJA2,N4BP2L2,0,0,0
O60884,Q14203,1,0.746341463,0.401306338,0.573823901,0,,,,,,,0,DNAJA2,DCTN1,0,0,0
O60884,Q8TB24,1,0.726829268,0.401307511,0.56406839,0,,,,,,,0,DNAJA2,RIN3,0,0,0
O60884,Q99496,1,0.726829268,0.400798649,0.563813958,0,,,,,,,0,DNAJA2,RNF2,0,0,0
O60884,Q9GZX7,1,0.87804878,0.401309155,0.639678968,0,,,,,,,0,DNAJA2,AICDA,0,0,0
O60884,Q9H1R3,1,0.72195122,0.401309296,0.561630258,0,,,,,,,0,DNAJA2,MYLK2,0,0,0
A6NM43,Q14203,1,0.52195122,0.401602962,0.461777091,0,,,,,,,0,CCT8L1P,DCTN1,0,0,0
O60884,O95994,1,0.770731707,0.40121167,0.585971689,0,,,,,,,0,DNAJA2,AGR2,0,0,0
O75880,A6H8Y1,1,0.526829268,0.401602875,0.464216072,0,,,,,,,0,SCO1,BDP1,0,0,0
O75880,Q8NFC6,1,0.526829268,0.401602928,0.464216098,0,,,,,,,0,SCO1,BOD1L1,0,0,0
Q7Z3D6,Q6ZMJ4,1,0.526829268,0.401555093,0.464192181,0,,,,,,,0,DGLUCY,IL34,0,0,0
Q7Z3D6,A6H8Y1,1,0.52195122,0.401603077,0.461777148,0,,,,,,,0,DGLUCY,BDP1,0,0,0
Q9P0Z9,Q9Y2G2,1,0.72195122,0.401443418,0.561697319,0,,,,,,,0,PIPOX,CARD8,0,0,0
P49247,O75716,1,0.72195122,0.401373876,0.561662548,0,,,,,,,0,RPIA,STK16,0,0,0
O75648,Q5XKK7,1,0.72195122,0.401310031,0.561630625,0,,,,,,,0,TRMU,FAM219B,0,0,0
O75648,O15231,1,0.717073171,0.401324099,0.559198635,0,,,,,,,0,TRMU,ZNF185,0,0,0
Q56NI9,Q08378,1,0.526829268,0.401633259,0.464231263,0,,,,,,,0,ESCO2,GOLGA3,0,0,0
Q56NI9,O43463,1,0.72195122,0.401308259,0.561629739,0,,,,,,,0,ESCO2,SUV39H1,0,0,0
Q56NI9,Q15276,1,0.785365854,0.401556429,0.593461141,0,,,,,,,0,ESCO2,RABEP1,0,0,0
P12270,Q9ULE4,1,0.52195122,0.401603113,0.461777166,0,,,,,,,0,TPR,FAM184B,0,0,0
Q8N0S6,Q9NY72,1,0.726829268,0.401306161,0.564067715,0,,,,,,,0,CENPL,SCN3B,0,0,0
Q8N0S6,A3QJZ7,1,0.536585366,0.40155534,0.469070353,0,,,,,,,0,CENPL,PRAMEF27,0,0,0
Q8N0S6,Q86YJ6,1,0.551219512,0.401554663,0.476387088,0,,,,,,,0,CENPL,THNSL2,0,0,0
Q8N0S6,Q6DN72,1,0.52195122,0.401554975,0.461753097,0,,,,,,,0,CENPL,FCRL6,0,0,0
Q8N0S6,Q9Y4R8,1,0.551219512,0.401554775,0.476387144,0,,,,,,,0,CENPL,TELO2,0,0,0
Q8N0S6,O00322,1,0.551219512,0.401554913,0.476387212,0,,,,,,,0,CENPL,UPK1A,0,0,0
Q8N0S6,Q9H313,1,0.526829268,0.401556052,0.46419266,0,,,,,,,0,CENPL,TTYH1,0,0,0
O75880,Q7Z3D6,1,0.551219512,0.401554575,0.476387044,0,,,,,,,0,SCO1,DGLUCY,0,0,0
P12270,Q12800,1,0.52195122,0.401602791,0.461777005,0,,,,,,,0,TPR,TFCP2,0,0,0
Q12800,A0MZ66,1,0.726829268,0.401371398,0.564100333,0,,,,,,,0,TFCP2,SHTN1,0,0,0
Q12800,Q9BZG8,1,0.746341463,0.401542199,0.573941831,0,,,,,,,0,TFCP2,DPH1,0,0,0
Q12800,Q5C9Z4,1,0.746341463,0.401321241,0.573831352,0,,,,,,,0,TFCP2,NOM1,0,0,0
Q12800,O75185,1,0.551219512,0.401554684,0.476387098,0,,,,,,,0,TFCP2,ATP2C2,0,0,0
Q12800,Q96ME1,1,0.726829268,0.401323326,0.564076297,0,,,,,,,0,TFCP2,FBXL18,0,0,0
Q12800,Q12948,1,0.804878049,0.400963176,0.602920612,0,,,,,,,0,TFCP2,FOXC1,0,0,0
Q12800,P63279,1,0.726829268,0.401306092,0.56406768,0,,,,,,,0,TFCP2,UBE2I,0,0,0
P12270,P13686,1,0.52195122,0.401602786,0.461777003,0,,,,,,,0,TPR,ACP5,0,0,0
Q12800,O95872,1,0.741463415,0.40152306,0.571493238,0,,,,,,,0,TFCP2,GPANK1,0,0,0
Q12800,Q14126,1,0.726829268,0.401320938,0.564075103,0,,,,,,,0,TFCP2,DSG2,0,0,0
Q12800,Q99496,1,0.726829268,0.401306451,0.564067859,0,,,,,,,0,TFCP2,RNF2,0,0,0
P12270,P0DMN0,1,0.526829268,0.401602881,0.464216075,0,,,,,,,0,TPR,SULT1A4,0,0,0
Q12800,Q5HYK7,1,0.551219512,0.401554918,0.476387215,0,,,,,,,0,TFCP2,SH3D19,0,0,0
Q12800,P13010,1,0.829268293,0.401306718,0.615287505,0,,,,,,,0,TFCP2,XRCC5,0,0,0
Q12800,Q76L83,1,0.551219512,0.401554558,0.476387035,0,,,,,,,0,TFCP2,ASXL2,0,0,0
P12270,P50225,1,0.526829268,0.401602787,0.464216028,0,,,,,,,0,TPR,SULT1A1,0,0,0
Q12800,P14923,1,0.746341463,0.401322317,0.57383189,0,,,,,,,0,TFCP2,JUP,0,0,0
Q12800,Q9BT43,1,0.726829268,0.401306164,0.564067716,0,,,,,,,0,TFCP2,POLR3GL,0,0,0
Q12800,P25789,1,0.726829268,0.401306293,0.564067781,0,,,,,,,0,TFCP2,PSMA4,0,0,0
Q12800,Q8NDH3,1,0.72195122,0.401230502,0.561590861,0,,,,,,,0,TFCP2,NPEPL1,0,0,0
Q12800,P30613,1,0.72195122,0.401386802,0.561669011,0,,,,,,,0,TFCP2,PKLR,0,0,0
Q12800,Q9ULV4,1,0.72195122,0.40078495,0.561368085,0,,,,,,,0,TFCP2,CORO1C,0,0,0
Q12800,P52272,1,0.72195122,0.401307857,0.561629538,0,,,,,,,0,TFCP2,HNRNPM,0,0,0
Q12800,Q9H334,1,0.804878049,0.401308772,0.60309341,0,,,,,,,0,TFCP2,FOXP1,0,0,0
Q12800,P12235,1,0.756097561,0.401227905,0.578662733,0,,,,,,,0,TFCP2,SLC25A4,0,0,0
Q5JR12,P63279,1,0.726829268,0.401307382,0.564068325,0,,,,,,,0,PPM1J,UBE2I,0,0,0
P12270,P12755,1,0.52195122,0.401602894,0.461777057,0,,,,,,,0,TPR,SKI,0,0,0
P12270,O75185,1,0.52195122,0.401602949,0.461777084,0,,,,,,,0,TPR,ATP2C2,0,0,0
Q92750,Q0VAQ4,1,0.551219512,0.401554886,0.476387199,0,,,,,,,0,TAF4B,SMAGP,0,0,0
Q92750,Q5QNW6,1,0.551219512,0.40155498,0.476387246,0,,,,,,,0,TAF4B,H2BC18,0,0,0
P12270,Q32M84,1,0.52195122,0.401602927,0.461777073,0,,,,,,,0,TPR,BTBD16,0,0,0
P12270,Q9UJ78,1,0.52195122,0.401602905,0.461777062,0,,,,,,,0,TPR,ZMYM5,0,0,0
Q92750,O76080,1,0.526829268,0.401555121,0.464192195,0,,,,,,,0,TAF4B,ZFAND5,0,0,0
P12270,Q8N9U0,1,0.52195122,0.401602948,0.461777084,0,,,,,,,0,TPR,TC2N,0,0,0
P12270,Q86SS6,1,0.52195122,0.401602943,0.461777081,0,,,,,,,0,TPR,SYT9,0,0,0
P12270,Q5HYK7,1,0.52195122,0.401602975,0.461777097,0,,,,,,,0,TPR,SH3D19,0,0,0
P04628,Q96HF1,1,0.834146341,0.40138557,0.617765956,0,,,,,,,0,WNT1,SFRP2,0,0,0
P12270,Q76L83,1,0.526829268,0.401603117,0.464216193,0,,,,,,,0,TPR,ASXL2,0,0,0
Q96EL2,P10074,1,0.746341463,0.401542747,0.573942105,0,,,,,,,0,MRPS24,ZBTB48,0,0,0
Q96EL2,P52736,1,0.741463415,0.401518276,0.571490845,0,,,,,,,0,MRPS24,ZNF133,0,0,0
Q96EL2,Q8IVV7,1,0.72195122,0.401309047,0.561630133,0,,,,,,,0,MRPS24,GID4,0,0,0
P12270,Q8IUF8,1,0.52195122,0.401602957,0.461777088,0,,,,,,,0,TPR,RIOX2,0,0,0
Q96EL2,P82932,1,0.726829268,0.401495699,0.564162484,0,,,,,,,0,MRPS24,MRPS6,0,0,0
Q96EL2,Q8N465,1,0.726829268,0.401321941,0.564075605,0,,,,,,,0,MRPS24,D2HGDH,0,0,0
Q99952,P84077,1,0.726829268,0.401307438,0.564068353,0,,,,,,,0,PTPN18,ARF1,0,0,0
P12270,Q9BQN1,1,0.52195122,0.401602978,0.461777099,0,,,,,,,0,TPR,FAM83C,0,0,0
P12270,Q9HB89,1,0.52195122,0.401602986,0.461777103,0,,,,,,,0,TPR,NMUR1,0,0,0
P12270,Q9Y6F1,1,0.52195122,0.40160302,0.46177712,0,,,,,,,0,TPR,PARP3,0,0,0
P12270,Q8N468,1,0.52195122,0.40160307,0.461777145,0,,,,,,,0,TPR,MFSD4A,0,0,0
P12270,P58417,1,0.526829268,0.401602998,0.464216133,0,,,,,,,0,TPR,NXPH1,0,0,0
Q9H3H1,Q08378,1,0.526829268,0.401555009,0.464192139,0,,,,,,,0,TRIT1,GOLGA3,0,0,0
O75880,O95202,1,0.741463415,0.401369694,0.571416554,0,,,,,,,0,SCO1,LETM1,0,0,0
O75880,Q96BR5,1,0.726829268,0.401372648,0.564100958,0,,,,,,,0,SCO1,COA7,0,0,0
P12270,A7MCY6,1,0.52195122,0.401602927,0.461777073,0,,,,,,,0,TPR,TBKBP1,0,0,0
P12270,Q14005,1,0.526829268,0.401603015,0.464216142,0,,,,,,,0,TPR,IL16,0,0,0
P12270,O14730,1,0.52195122,0.401602926,0.461777073,0,,,,,,,0,TPR,RIOK3,0,0,0
P12270,P49959,1,0.736585366,0.401517442,0.569051404,0,,,,,,,0,TPR,MRE11,0,0,0
Q9H992,Q2TBA0,1,0.72195122,0.401309031,0.561630125,0,,,,,,,0,MARCHF7,KLHL40,0,0,0
P12270,Q8IY51,1,0.52195122,0.401602935,0.461777077,0,,,,,,,0,TPR,TIGD4,0,0,0
Q9H992,Q9UI47,1,0.72195122,0.401321626,0.561636423,0,,,,,,,0,MARCHF7,CTNNA3,0,0,0
Q9H992,Q8N9B8,1,0.52195122,0.401555049,0.461753134,0,,,,,,,0,MARCHF7,RASGEF1A,0,0,0
Q9H992,Q9GZX7,1,0.536585366,0.401555208,0.469070287,0,,,,,,,0,MARCHF7,AICDA,0,0,0
Q9H992,A6H8Y1,1,0.52195122,0.401602812,0.461777016,0,,,,,,,0,MARCHF7,BDP1,0,0,0
Q9H992,Q8NFC6,1,0.52195122,0.401602812,0.461777016,0,,,,,,,0,MARCHF7,BOD1L1,0,0,0
Q9H992,P10828,1,0.52195122,0.40155502,0.46175312,0,,,,,,,0,MARCHF7,THRB,0,0,0
Q9H992,Q5H9J9,1,0.52195122,0.401555643,0.461753431,0,,,,,,,0,MARCHF7,TCP11X2,0,0,0
Q9H992,Q9NU63,1,0.536585366,0.401554783,0.469070075,0,,,,,,,0,MARCHF7,ZFP57,0,0,0
Q9H992,Q9NR63,1,0.52195122,0.401555619,0.461753419,0,,,,,,,0,MARCHF7,CYP26B1,0,0,0
P12270,O43290,1,0.751219512,0.401096909,0.57615821,0,,,,,,,0,TPR,SART1,0,0,0
P12270,Q9P2N2,1,0.52195122,0.401602841,0.46177703,0,,,,,,,0,TPR,ARHGAP28,0,0,0
P12270,Q15003,1,0.52195122,0.401602843,0.461777031,0,,,,,,,0,TPR,NCAPH,0,0,0
Q5XKK7,P0CAP2,1,0.526829268,0.401554803,0.464192036,0,,,,,,,0,FAM219B,POLR2M,0,0,0
Q9H0J4,Q659A1,1,0.551219512,0.401554572,0.476387042,0,,,,,,,0,QRICH2,ICE2,0,0,0
Q9H0J4,P21580,1,0.526829268,0.401602842,0.464216055,0,,,,,,,0,QRICH2,TNFAIP3,0,0,0
Q9H0J4,Q14CM0,1,0.551219512,0.401554637,0.476387075,0,,,,,,,0,QRICH2,FRMPD4,0,0,0
Q9H0J4,Q9H2G4,1,0.526829268,0.401602894,0.464216081,0,,,,,,,0,QRICH2,TSPYL2,0,0,0
Q9H0J4,Q2TAK8,1,0.526829268,0.401602815,0.464216042,0,,,,,,,0,QRICH2,PWWP3A,0,0,0
Q9H0J4,O94972,1,0.52195122,0.40160288,0.46177705,0,,,,,,,0,QRICH2,TRIM37,0,0,0
Q9H0J4,Q7L775,1,0.526829268,0.401602854,0.464216061,0,,,,,,,0,QRICH2,EPM2AIP1,0,0,0
Q7Z5L3,Q8IUC2,1,0.526829268,0.401555089,0.464192179,0,,,,,,,0,C1QL2,KRTAP8-1,0,0,0
Q7Z5L3,Q9C0I3,1,0.551219512,0.401554618,0.476387065,0,,,,,,,0,C1QL2,CCSER1,0,0,0
O15520,Q9ULK2,1,0.551219512,0.401633169,0.476426341,0,,,,,,,0,FGF10,ATXN7L1,0,0,0
O15520,Q8N4U5,1,0.551219512,0.401633215,0.476426364,0,,,,,,,0,FGF10,TCP11L2,0,0,0
O15520,Q92541,1,0.551219512,0.401632999,0.476426256,0,,,,,,,0,FGF10,RTF1,0,0,0
O15520,Q7L804,1,0.551219512,0.401632996,0.476426254,0,,,,,,,0,FGF10,RAB11FIP2,0,0,0
O15520,Q8TF50,1,0.526829268,0.401554943,0.464192106,0,,,,,,,0,FGF10,ZNF526,0,0,0
O15520,P35269,1,0.551219512,0.401633205,0.476426359,0,,,,,,,0,FGF10,GTF2F1,0,0,0
O15520,A6NKL6,1,0.526829268,0.401554708,0.464191988,0,,,,,,,0,FGF10,TMEM200C,0,0,0
O15520,Q8NEP3,1,0.551219512,0.401554934,0.476387223,0,,,,,,,0,FGF10,DNAAF1,0,0,0
O15520,Q8IYW5,1,0.551219512,0.401554813,0.476387163,0,,,,,,,0,FGF10,RNF168,0,0,0
Q96NL8,O75167,1,0.526829268,0.401555029,0.464192149,0,,,,,,,0,CFAP418,PHACTR2,0,0,0
O14662,Q5TDH0,1,0.526829268,0.401555133,0.464192201,0,,,,,,,0,STX16,DDI2,0,0,0
Q96NL8,Q9UPM9,1,0.52195122,0.401766978,0.461859099,0,,,,,,,0,CFAP418,B9D1,0,0,0
O14662,O95994,1,0.72195122,0.401444524,0.561697872,0,,,,,,,0,STX16,AGR2,0,0,0
Q15365,Q9NRV9,1,0.72195122,0.40130848,0.56162985,0,,,,,,,0,PCBP1,HEBP1,0,0,0
Q15365,O75340,1,0.72195122,0.401308138,0.561629679,0,,,,,,,0,PCBP1,PDCD6,0,0,0
Q15365,Q9Y2R4,1,0.72195122,0.401307943,0.561629581,0,,,,,,,0,PCBP1,DDX52,0,0,0
Q15365,P12644,1,0.726829268,0.401385886,0.564107577,0,,,,,,,0,PCBP1,BMP4,0,0,0
Q15365,Q14203,1,0.731707317,0.40132151,0.566514414,0,,,,,,,0,PCBP1,DCTN1,0,0,0
Q15365,Q15233,1,0.780487805,0.401557738,0.591022771,0,,,,,,,0,PCBP1,NONO,0,0,0
Q15365,Q8TB24,1,0.726829268,0.4013069,0.564068084,0,,,,,,,0,PCBP1,RIN3,0,0,0
Q15365,P13010,1,0.726829268,0.401307301,0.564068285,0,,,,,,,0,PCBP1,XRCC5,0,0,0
Q15365,P52298,1,0.824390244,0.401308825,0.612849534,0,,,,,,,0,PCBP1,NCBP2,0,0,0
Q15365,Q96AE4,1,0.726829268,0.401307145,0.564068207,0,,,,,,,0,PCBP1,FUBP1,0,0,0
Q15365,P35680,1,0.726829268,0.401306905,0.564068086,0,,,,,,,0,PCBP1,HNF1B,0,0,0
Q15365,P52272,1,0.731707317,0.401321632,0.566514475,0,,,,,,,0,PCBP1,HNRNPM,0,0,0
Q15365,P39023,1,0.72195122,0.401373612,0.561662416,0,,,,,,,0,PCBP1,RPL3,0,0,0
Q15365,Q13148,1,0.72195122,0.401417007,0.561684113,0,,,,,,,0,PCBP1,TARDBP,0,0,0
Q15365,O00425,1,0.72195122,0.401033555,0.561492387,0,,,,,,,0,PCBP1,IGF2BP3,0,0,0
Q15365,O43290,1,0.726829268,0.401306507,0.564067888,0,,,,,,,0,PCBP1,SART1,0,0,0
Q9BTN0,Q9H4A9,1,0.72195122,0.401310124,0.561630672,0,,,,,,,0,LRFN3,DPEP2,0,0,0
Q9BTN0,Q8IZJ4,1,0.526829268,0.40163295,0.464231109,0,,,,,,,0,LRFN3,RGL4,0,0,0
Q9BTN0,Q9Y2A9,1,0.741463415,0.401533794,0.571498604,0,,,,,,,0,LRFN3,B3GNT3,0,0,0
Q9BTN0,P13385,1,0.726829268,0.401456383,0.564142826,0,,,,,,,0,LRFN3,TDGF1,0,0,0
Q9BTN0,Q8TES7,1,0.526829268,0.401633246,0.464231257,0,,,,,,,0,LRFN3,FBF1,0,0,0
Q9BTN0,Q13148,1,0.526829268,0.401633686,0.464231477,0,,,,,,,0,LRFN3,TARDBP,0,0,0
P57789,Q8N136,1,0.551219512,0.401632953,0.476426233,0,,,,,,,0,KCNK10,DAW1,0,0,0
P57789,O15211,1,0.551219512,0.401633206,0.476426359,0,,,,,,,0,KCNK10,RGL2,0,0,0
P57789,H7BZ55,1,0.526829268,0.401681379,0.464255324,0,,,,,,,0,KCNK10,CROCC2,0,0,0
P57789,Q6IMI6,1,0.526829268,0.401632925,0.464231097,0,,,,,,,0,KCNK10,SULT1C3,0,0,0
P57789,Q7M4L6,1,0.551219512,0.401633346,0.476426429,0,,,,,,,0,KCNK10,SHF,0,0,0
P57789,Q9Y4R8,1,0.551219512,0.401555205,0.476387359,0,,,,,,,0,KCNK10,TELO2,0,0,0
P57789,O00322,1,0.551219512,0.401554875,0.476387194,0,,,,,,,0,KCNK10,UPK1A,0,0,0
Q13310,Q15022,1,0.726829268,0.401306621,0.564067944,0,,,,,,,0,PABPC4,SUZ12,0,0,0
Q13310,P12755,1,0.726829268,0.401306809,0.564068039,0,,,,,,,0,PABPC4,SKI,0,0,0
Q13310,O14979,1,0.726829268,0.401306466,0.564067867,0,,,,,,,0,PABPC4,HNRNPDL,0,0,0
Q13310,O75340,1,0.756097561,0.401316679,0.57870712,0,,,,,,,0,PABPC4,PDCD6,0,0,0
Q13310,O75688,1,0.746341463,0.401530889,0.573936176,0,,,,,,,0,PABPC4,PPM1B,0,0,0
Q13310,Q96SN8,1,0.731707317,0.401321118,0.566514218,0,,,,,,,0,PABPC4,CDK5RAP2,0,0,0
Q13310,P35226,1,0.72195122,0.401321411,0.561636315,0,,,,,,,0,PABPC4,BMI1,0,0,0
Q15459,Q12951,1,0.551219512,0.401554895,0.476387204,0,,,,,,,0,SF3A1,FOXI1,0,0,0
Q13310,Q99496,1,0.72195122,0.401321247,0.561636233,0,,,,,,,0,PABPC4,RNF2,0,0,0
Q13310,P52298,1,0.824390244,0.40145606,0.612923152,0,,,,,,,0,PABPC4,NCBP2,0,0,0
Q15459,Q15696,1,0.756097561,0.401316803,0.578707182,0,,,,,,,0,SF3A1,ZRSR2,0,0,0
Q15459,Q9UQ35,1,0.785365854,0.401415343,0.593390598,0,,,,,,,0,SF3A1,SRRM2,0,0,0
Q13310,Q5CZ79,1,0.526829268,0.401554957,0.464192113,0,,,,,,,0,PABPC4,ANKRD20A8P,0,0,0
Q13310,Q9BS86,1,0.526829268,0.401555102,0.464192185,0,,,,,,,0,PABPC4,ZPBP,0,0,0
Q13310,Q6N043,1,0.526829268,0.401554746,0.464192007,0,,,,,,,0,PABPC4,ZNF280D,0,0,0
Q13310,Q9BQA1,1,0.726829268,0.401306434,0.564067851,0,,,,,,,0,PABPC4,WDR77,0,0,0
Q13310,Q8WXA9,1,0.726829268,0.401371912,0.56410059,0,,,,,,,0,PABPC4,SREK1,0,0,0
Q13310,Q12926,1,0.731707317,0.401321467,0.566514392,0,,,,,,,0,PABPC4,ELAVL2,0,0,0
Q13310,Q13148,1,0.731707317,0.401321633,0.566514475,0,,,,,,,0,PABPC4,TARDBP,0,0,0
Q15459,Q9P0Z9,1,0.551219512,0.401555178,0.476387345,0,,,,,,,0,SF3A1,PIPOX,0,0,0
Q13310,Q8IYW5,1,0.717073171,0.40132374,0.559198455,0,,,,,,,0,PABPC4,RNF168,0,0,0
Q13310,O43290,1,0.746341463,0.401531113,0.573936288,0,,,,,,,0,PABPC4,SART1,0,0,0
Q9NRM2,Q6P4F7,1,0.551219512,0.401554794,0.476387153,0,,,,,,,0,ZNF277,ARHGAP11A,0,0,0
Q9NRM2,Q16891,1,0.52195122,0.401555064,0.461753142,0,,,,,,,0,ZNF277,IMMT,0,0,0
Q9NRM2,O60763,1,0.551219512,0.401554806,0.476387159,0,,,,,,,0,ZNF277,USO1,0,0,0
